<?xml version="1.0" encoding="utf-8"?>
<COLLADA xmlns="http://www.collada.org/2005/11/COLLADASchema" version="1.4.1" xmlns:xsi="http://www.w3.org/2001/XMLSchema-instance">
  <asset>
    <contributor>
      <author>Blender User</author>
      <authoring_tool>Blender 4.1.1 commit date:2024-04-15, commit time:15:11, hash:e1743a0317bc</authoring_tool>
    </contributor>
    <created>2026-06-09T10:34:14</created>
    <modified>2026-06-09T10:34:14</modified>
    <unit name="meter" meter="1"/>
    <up_axis>Z_UP</up_axis>
  </asset>
  <library_effects>
    <effect id="Material_001-effect">
      <profile_COMMON>
        <technique sid="common">
          <lambert>
            <emission>
              <color sid="emission">0 0 0 1</color>
            </emission>
            <diffuse>
              <color sid="diffuse">0.8 0 0 1</color>
            </diffuse>
            <reflectivity>
              <float sid="specular">1</float>
            </reflectivity>
            <index_of_refraction>
              <float sid="ior">1.5</float>
            </index_of_refraction>
          </lambert>
        </technique>
      </profile_COMMON>
    </effect>
  </library_effects>
  <library_images/>
  <library_materials>
    <material id="Material_001-material" name="Material.001">
      <instance_effect url="#Material_001-effect"/>
    </material>
  </library_materials>
  <library_geometries>
    <geometry id="ID3-mesh" name="ID3">
      <mesh>
        <source id="ID3-mesh-positions">
          <float_array id="ID3-mesh-positions-array" count="12924">25.96338 -15.00003 57.9165 23.96338 -15.00003 57.9165 25.96338 -15.00003 31.9165 23.96338 -15.00003 33.9165 6.338379 -15.00003 31.9165 -6.411621 -15.00003 33.9165 -26.03662 -15.00003 31.9165 -24.03662 -15.00003 33.9165 -26.03662 -15.00003 57.9165 -24.03662 -15.00003 57.9165 23.96338 14.99997 33.9165 23.96338 14.99997 57.9165 25.96338 14.99997 57.9165 -26.03662 14.99997 31.9165 -26.03662 14.99997 57.9165 -24.03662 14.99997 57.9165 -24.03662 14.99997 33.9165 -6.411621 14.99997 33.9165 6.338379 14.99997 31.9165 25.96338 14.99997 31.9165 9.803956 7.375092 33.9165 9.588257 7.159394 33.9165 23.96338 -6.37503 33.9165 9.978943 7.62497 33.9165 6.947815 9.374971 33.9165 7.122803 9.624849 33.9165 9.978943 9.374971 33.9165 10.10785 9.098543 33.9165 10.18677 8.803865 33.9165 10.21338 8.499971 33.9165 10.18677 8.196138 33.9165 10.10785 7.901459 33.9165 6.73999 8.196138 33.9165 -2.088745 5.638154 33.9165 -1.078491 5.908844 33.9165 5.963379 -2.98619e-5 33.9165 5.872253 -1.0419 33.9165 1.005249 5.908844 33.9165 2.015503 5.638154 33.9165 6.818909 7.901459 33.9165 2.963379 5.196137 33.9165 -4.632874 3.856721 33.9165 -5.232788 2.99997 33.9165 -5.674744 2.052094 33.9165 9.338379 6.984467 33.9165 9.06189 6.855561 33.9165 -0.03662133 5.99997 33.9165 -5.674744 -2.052154 33.9165 -5.945435 -1.0419 33.9165 -6.411621 -6.37503 33.9165 -6.036621 -2.98619e-5 33.9165 -5.945435 1.041901 33.9165 7.338501 9.840547 33.9165 7.588379 10.01553 33.9165 7.864868 10.14444 33.9165 9.06189 10.14444 33.9165 9.338379 10.01553 33.9165 -3.893372 4.596283 33.9165 -3.036621 5.196137 33.9165 9.588257 9.840547 33.9165 9.803956 9.624849 33.9165 5.601562 -2.052154 33.9165 5.159546 -3.00003 33.9165 4.559631 -3.856719 33.9165 -2.088745 -5.638153 33.9165 -3.036621 -5.196136 33.9165 -3.893372 -4.596282 33.9165 6.713379 8.499971 33.9165 6.73999 8.803865 33.9165 6.818909 9.098543 33.9165 8.159485 10.22342 33.9165 8.463379 10.24997 33.9165 8.767273 10.22342 33.9165 8.767273 6.776581 33.9165 8.463379 6.74997 33.9165 5.872253 1.041901 33.9165 8.159485 6.776581 33.9165 5.601562 2.052094 33.9165 7.864868 6.855561 33.9165 5.159546 2.99997 33.9165 7.588379 6.984467 33.9165 4.559631 3.856721 33.9165 7.338501 7.159394 33.9165 3.820129 4.596283 33.9165 7.122803 7.375092 33.9165 6.947815 7.62497 33.9165 3.820129 -4.596282 33.9165 2.963379 -5.196136 33.9165 2.015503 -5.638153 33.9165 -4.632874 -3.856719 33.9165 -5.232788 -3.00003 33.9165 1.005249 -5.908843 33.9165 -0.03662133 -6.00003 33.9165 -1.078491 -5.908843 33.9165 -7.411743 7.159394 33.9165 -7.661621 6.984467 33.9165 -6.892151 7.901459 33.9165 -7.021057 7.62497 33.9165 -7.196045 7.375092 33.9165 -7.93811 6.855561 33.9165 -8.232728 6.776581 33.9165 -8.536622 6.74997 33.9165 -8.840516 6.776581 33.9165 -9.135132 6.855561 33.9165 -24.03662 -6.37503 33.9165 -9.411622 6.984467 33.9165 -9.661499 7.159394 33.9165 -9.877198 7.375092 33.9165 -10.28662 8.499971 33.9165 -10.26001 8.803865 33.9165 -10.18109 9.098543 33.9165 -10.05218 9.374971 33.9165 -9.877198 9.624849 33.9165 -8.840516 10.22342 33.9165 -8.536622 10.24997 33.9165 -8.232728 10.22342 33.9165 -7.93811 10.14444 33.9165 -7.661621 10.01553 33.9165 -7.411743 9.840547 33.9165 -10.05218 7.62497 33.9165 -10.18109 7.901459 33.9165 -10.26001 8.196138 33.9165 -7.196045 9.624849 33.9165 -7.021057 9.374971 33.9165 -6.892151 9.098543 33.9165 -6.813232 8.803865 33.9165 -6.786621 8.499971 33.9165 -6.813232 8.196138 33.9165 -9.661499 9.840547 33.9165 -9.411622 10.01553 33.9165 -9.135132 10.14444 33.9165 10.18677 -8.803863 33.9165 10.21338 -8.50003 33.9165 10.18677 -8.196136 33.9165 10.10785 -9.098541 33.9165 9.978943 -9.37503 33.9165 9.803956 -9.624908 33.9165 7.122803 -9.624908 33.9165 6.947815 -9.37503 33.9165 6.818909 -9.098541 33.9165 6.73999 -8.803863 33.9165 6.713379 -8.50003 33.9165 6.73999 -8.196136 33.9165 6.818909 -7.901458 33.9165 6.947815 -7.62503 33.9165 7.122803 -7.375152 33.9165 9.06189 -6.85556 33.9165 9.338379 -6.984466 33.9165 9.588257 -7.159454 33.9165 9.803956 -7.375152 33.9165 9.978943 -7.62503 33.9165 10.10785 -7.901458 33.9165 9.588257 -9.840606 33.9165 9.338379 -10.01553 33.9165 9.06189 -10.14444 33.9165 7.864868 -10.14444 33.9165 7.588379 -10.01553 33.9165 7.338501 -9.840606 33.9165 7.338501 -7.159454 33.9165 7.588379 -6.984466 33.9165 7.864868 -6.85556 33.9165 8.159485 -6.77658 33.9165 8.463379 -6.75003 33.9165 8.767273 -6.77658 33.9165 8.767273 -10.22342 33.9165 8.463379 -10.25003 33.9165 8.159485 -10.22342 33.9165 -6.892151 -9.098541 33.9165 -7.021057 -9.37503 33.9165 -7.196045 -9.624908 33.9165 -7.411743 -9.840606 33.9165 -7.661621 -10.01553 33.9165 -10.05218 -9.37503 33.9165 -9.877198 -9.624908 33.9165 -9.661499 -9.840606 33.9165 -7.93811 -10.14444 33.9165 -8.232728 -10.22342 33.9165 -8.536622 -10.25003 33.9165 -10.26001 -8.196136 33.9165 -10.18109 -7.901458 33.9165 -8.536622 -6.75003 33.9165 -8.232728 -6.77658 33.9165 -8.840516 -10.22342 33.9165 -9.135132 -10.14444 33.9165 -9.411622 -10.01553 33.9165 -10.18109 -9.098541 33.9165 -10.26001 -8.803863 33.9165 -10.28662 -8.50003 33.9165 -6.892151 -7.901458 33.9165 -6.813232 -8.196136 33.9165 -6.786621 -8.50003 33.9165 -6.813232 -8.803863 33.9165 -10.05218 -7.62503 33.9165 -9.877198 -7.375152 33.9165 -9.661499 -7.159454 33.9165 -9.411622 -6.984466 33.9165 -9.135132 -6.85556 33.9165 -8.840516 -6.77658 33.9165 -7.93811 -6.85556 33.9165 -7.661621 -6.984466 33.9165 -7.411743 -7.159454 33.9165 -7.196045 -7.375152 33.9165 -7.021057 -7.62503 33.9165 23.96338 -7.00003 57.9165 25.96338 -7.00003 57.9165 -10.26001 -8.803863 31.9165 -10.18109 -9.098541 31.9165 -10.05218 -9.37503 31.9165 -9.877198 -9.624908 31.9165 -5.232788 2.99997 31.9165 -5.674744 2.052094 31.9165 -26.03662 6.37497 31.9165 -5.945435 1.041901 31.9165 -6.036621 -2.98619e-5 31.9165 -7.93811 -10.14444 31.9165 -7.661621 -10.01553 31.9165 -7.021057 -7.62503 31.9165 -7.196045 -7.375152 31.9165 -7.411743 -7.159454 31.9165 -10.05218 -7.62503 31.9165 -10.18109 -7.901458 31.9165 -10.26001 -8.196136 31.9165 -10.28662 -8.50003 31.9165 -9.661499 -9.840606 31.9165 -9.411622 -10.01553 31.9165 -9.135132 -10.14444 31.9165 -7.411743 -9.840606 31.9165 -7.196045 -9.624908 31.9165 -7.021057 -9.37503 31.9165 3.820129 -4.596282 31.9165 4.559631 -3.856719 31.9165 -6.892151 -7.901458 31.9165 -5.945435 -1.0419 31.9165 -5.674744 -2.052154 31.9165 -7.661621 -6.984466 31.9165 -7.93811 -6.85556 31.9165 -8.232728 -6.77658 31.9165 -9.411622 -6.984466 31.9165 -9.661499 -7.159454 31.9165 -9.877198 -7.375152 31.9165 -8.840516 -10.22342 31.9165 -8.536622 -10.25003 31.9165 -8.232728 -10.22342 31.9165 -8.536622 -6.75003 31.9165 -8.840516 -6.77658 31.9165 -9.135132 -6.85556 31.9165 -6.892151 -9.098541 31.9165 -6.813232 -8.803863 31.9165 -6.786621 -8.50003 31.9165 5.159546 -3.00003 31.9165 5.601562 -2.052154 31.9165 5.872253 -1.0419 31.9165 5.963379 -2.98619e-5 31.9165 5.872253 1.041901 31.9165 6.338379 6.37497 31.9165 5.601562 2.052094 31.9165 1.005249 5.908844 31.9165 -0.03662133 5.99997 31.9165 -2.088745 5.638154 31.9165 -3.036621 5.196137 31.9165 -3.036621 -5.196136 31.9165 -3.893372 -4.596282 31.9165 -6.813232 -8.196136 31.9165 -4.632874 -3.856719 31.9165 -5.232788 -3.00003 31.9165 -2.088745 -5.638153 31.9165 -1.078491 -5.908843 31.9165 -0.03662133 -6.00003 31.9165 1.005249 -5.908843 31.9165 2.015503 -5.638153 31.9165 2.963379 -5.196136 31.9165 5.159546 2.99997 31.9165 4.559631 3.856721 31.9165 3.820129 4.596283 31.9165 -1.078491 5.908844 31.9165 -3.893372 4.596283 31.9165 -4.632874 3.856721 31.9165 2.963379 5.196137 31.9165 2.015503 5.638154 31.9165 -10.28662 8.499971 31.9165 -10.26001 8.196138 31.9165 -7.93811 6.855561 31.9165 -7.661621 6.984467 31.9165 -7.411743 7.159394 31.9165 -7.196045 7.375092 31.9165 -9.135132 10.14444 31.9165 -9.411622 10.01553 31.9165 -9.661499 9.840547 31.9165 -10.26001 8.803865 31.9165 -10.18109 9.098543 31.9165 -10.18109 7.901459 31.9165 -10.05218 7.62497 31.9165 -9.877198 7.375092 31.9165 -9.661499 7.159394 31.9165 -9.411622 6.984467 31.9165 -9.135132 6.855561 31.9165 -8.840516 6.776581 31.9165 -8.536622 6.74997 31.9165 -8.232728 6.776581 31.9165 -7.021057 7.62497 31.9165 -6.892151 7.901459 31.9165 -6.813232 8.196138 31.9165 -7.021057 9.374971 31.9165 -7.196045 9.624849 31.9165 -7.411743 9.840547 31.9165 -7.661621 10.01553 31.9165 -7.93811 10.14444 31.9165 -8.232728 10.22342 31.9165 -8.536622 10.24997 31.9165 -8.840516 10.22342 31.9165 -9.877198 9.624849 31.9165 -10.05218 9.374971 31.9165 -6.786621 8.499971 31.9165 -6.813232 8.803865 31.9165 -6.892151 9.098543 31.9165 6.713379 -8.50003 31.9165 6.73999 -8.803863 31.9165 6.818909 -9.098541 31.9165 6.947815 -9.37503 31.9165 9.588257 -9.840606 31.9165 9.803956 -9.624908 31.9165 9.978943 -9.37503 31.9165 10.10785 -9.098541 31.9165 10.18677 -8.803863 31.9165 10.21338 -8.50003 31.9165 25.96338 6.37497 31.9165 7.122803 -9.624908 31.9165 7.338501 -9.840606 31.9165 7.588379 -10.01553 31.9165 6.73999 -8.196136 31.9165 7.122803 -7.375152 31.9165 6.947815 -7.62503 31.9165 6.818909 -7.901458 31.9165 10.18677 -8.196136 31.9165 10.10785 -7.901458 31.9165 9.978943 -7.62503 31.9165 9.803956 -7.375152 31.9165 9.588257 -7.159454 31.9165 9.338379 -6.984466 31.9165 7.864868 -10.14444 31.9165 8.159485 -10.22342 31.9165 8.463379 -10.25003 31.9165 9.06189 -6.85556 31.9165 8.767273 -6.77658 31.9165 8.463379 -6.75003 31.9165 8.159485 -6.77658 31.9165 7.864868 -6.85556 31.9165 7.588379 -6.984466 31.9165 7.338501 -7.159454 31.9165 8.767273 -10.22342 31.9165 9.06189 -10.14444 31.9165 9.338379 -10.01553 31.9165 9.588257 7.159394 31.9165 9.803956 7.375092 31.9165 9.978943 7.62497 31.9165 10.10785 7.901459 31.9165 6.713379 8.499971 31.9165 6.73999 8.196138 31.9165 6.818909 7.901459 31.9165 6.947815 7.62497 31.9165 10.18677 8.196138 31.9165 10.21338 8.499971 31.9165 10.18677 8.803865 31.9165 10.10785 9.098543 31.9165 9.978943 9.374971 31.9165 9.803956 9.624849 31.9165 6.73999 8.803865 31.9165 7.122803 7.375092 31.9165 7.338501 7.159394 31.9165 7.588379 6.984467 31.9165 8.463379 6.74997 31.9165 8.767273 6.776581 31.9165 9.06189 6.855561 31.9165 9.338379 6.984467 31.9165 7.122803 9.624849 31.9165 6.947815 9.374971 31.9165 6.818909 9.098543 31.9165 7.864868 6.855561 31.9165 8.159485 6.776581 31.9165 8.767273 10.22342 31.9165 8.463379 10.24997 31.9165 8.159485 10.22342 31.9165 7.864868 10.14444 31.9165 7.588379 10.01553 31.9165 7.338501 9.840547 31.9165 9.588257 9.840547 31.9165 9.338379 10.01553 31.9165 9.06189 10.14444 31.9165 -26.03662 6.99997 52.9165 -26.03662 6.99997 57.9165 -26.03662 3.49997 46.85437 -26.03662 4.499482 47.5542 -26.03662 5.362336 48.41699 -26.03662 -6.062164 49.4165 -26.03662 -5.362335 48.41699 -26.03662 -4.499542 47.5542 -26.03662 -3.50003 46.85437 -26.03662 6.062165 49.4165 -26.03662 6.577851 50.52234 -26.03662 6.893647 51.70093 -26.03662 2.394135 46.33862 -26.03662 1.215546 46.02283 -26.03662 -7.00003 57.9165 -26.03662 -7.00003 52.9165 -26.03662 -6.893646 51.70093 -26.03662 -6.57785 50.52234 -26.03662 -2.394134 46.33862 -26.03662 -1.215545 46.02283 -26.03662 -2.98619e-5 45.9165 -24.03662 6.99997 57.9165 25.96338 -7.00003 52.9165 25.96338 6.99997 57.9165 25.96338 6.99997 52.9165 25.96338 6.893647 51.70093 25.96338 6.577851 50.52234 25.96338 6.062165 49.4165 25.96338 5.362336 48.41699 25.96338 -2.394134 46.33862 25.96338 -3.50003 46.85437 25.96338 -4.499542 47.5542 25.96338 -5.362335 48.41699 25.96338 4.499482 47.5542 25.96338 3.49997 46.85437 25.96338 2.394135 46.33862 25.96338 1.215546 46.02283 25.96338 -2.98619e-5 45.9165 25.96338 -1.215545 46.02283 25.96338 -6.062164 49.4165 25.96338 -6.57785 50.52234 25.96338 -6.893646 51.70093 23.96338 6.99997 57.9165 23.96338 6.99997 52.9165 23.96338 5.362336 48.41699 23.96338 6.062165 49.4165 23.96338 6.577851 50.52234 23.96338 6.893647 51.70093 23.96338 -7.00003 52.9165 23.96338 -6.893646 51.70093 23.96338 2.394135 46.33862 23.96338 3.49997 46.85437 23.96338 4.499482 47.5542 23.96338 -6.57785 50.52234 23.96338 -6.062164 49.4165 23.96338 -5.362335 48.41699 23.96338 -4.499542 47.5542 23.96338 -3.50003 46.85437 23.96338 -2.394134 46.33862 23.96338 -1.215545 46.02283 23.96338 -2.98619e-5 45.9165 23.96338 1.215546 46.02283 -24.03662 -7.00003 57.9165 -24.03662 -7.00003 52.9165 -24.03662 6.99997 52.9165 -24.03662 6.893647 51.70093 -24.03662 6.577851 50.52234 -24.03662 6.062165 49.4165 -24.03662 5.362336 48.41699 -24.03662 4.499482 47.5542 -24.03662 3.49997 46.85437 -24.03662 2.394135 46.33862 -24.03662 1.215546 46.02283 -24.03662 -2.98619e-5 45.9165 -24.03662 -4.499542 47.5542 -24.03662 -5.362335 48.41699 -24.03662 -6.062164 49.4165 -24.03662 -6.57785 50.52234 -24.03662 -6.893646 51.70093 -24.03662 -1.215545 46.02283 -24.03662 -2.394134 46.33862 -24.03662 -3.50003 46.85437 14.96338 30.07108 -5.154541 14.96338 32.07107 -5.154541 14.96338 30.07108 24.34546 14.96338 32.07107 24.84546 14.96338 24.07108 29.84546 14.96338 24.99997 31.9165 14.96338 -23.92893 29.84546 14.96338 -25.00003 31.9165 14.96338 -30.07108 23.84546 14.96338 -32.07107 24.84546 14.96338 -30.07108 -5.154541 14.96338 -32.07107 -5.154541 -15.03662 -30.07108 -5.154541 -15.03662 -32.07107 -5.154541 -15.03662 -30.07108 23.84546 -15.03662 -32.07107 24.84546 -15.03662 -23.92893 29.84546 -15.03662 -25.00003 31.9165 -15.03662 24.07108 29.84546 -15.03662 24.99997 31.9165 -15.03662 30.07108 24.34546 -15.03662 32.07107 24.84546 -15.03662 30.07108 -5.154541 -15.03662 32.07107 -5.154541 1.005249 -5.908843 29.84546 -0.03662133 -6.00003 29.84546 -1.078491 -5.908843 29.84546 2.015503 -5.638153 29.84546 2.963379 -5.196136 29.84546 3.820129 -4.596282 29.84546 -3.893372 4.596283 29.84546 -3.036621 5.196137 29.84546 -2.088745 5.638154 29.84546 4.559631 3.856721 29.84546 5.159546 2.99997 29.84546 5.601562 2.052094 29.84546 3.820129 4.596283 29.84546 2.963379 5.196137 29.84546 2.015503 5.638154 29.84546 -4.632874 3.856721 29.84546 -5.232788 2.99997 29.84546 -5.674744 2.052094 29.84546 4.559631 -3.856719 29.84546 5.159546 -3.00003 29.84546 5.601562 -2.052154 29.84546 1.005249 5.908844 29.84546 -0.03662133 5.99997 29.84546 -1.078491 5.908844 29.84546 -3.893372 -4.596282 29.84546 -3.036621 -5.196136 29.84546 -2.088745 -5.638153 29.84546 5.872253 -1.0419 29.84546 5.963379 -2.98619e-5 29.84546 5.872253 1.041901 29.84546 -5.945435 1.041901 29.84546 -6.036621 -2.98619e-5 29.84546 -5.945435 -1.0419 29.84546 -5.674744 -2.052154 29.84546 -5.232788 -3.00003 29.84546 -4.632874 -3.856719 29.84546 -7.535034 -30.07108 0 -7.535034 -30.07108 -5.154541 7.461792 -30.07108 0 7.535034 -30.07108 0 7.535034 -30.07108 -5.154541 -4.804687 -30.07108 5.634644 -5.726379 -30.07108 4.731812 7.324341 -30.07108 1.282837 6.969055 -30.07108 2.523193 6.406433 -30.07108 3.684326 5.653137 -30.07108 4.731812 4.731445 -30.07108 5.634644 3.668701 -30.07108 6.366211 -6.479675 -30.07108 3.684326 -7.042297 -30.07108 2.523193 -7.397583 -30.07108 1.282837 -1.322083 -30.07108 7.234497 -2.569458 -30.07108 6.904785 -3.741883 -30.07108 6.366211 2.496216 -30.07108 6.904785 1.24884 -30.07108 7.234497 -0.03662133 -30.07108 7.345459 -7.535034 32.07107 0 -7.535034 32.07107 -5.154541 -1.322083 32.07107 7.234497 -2.569458 32.07107 6.904785 7.461792 32.07107 0 7.535034 32.07107 0 7.535034 32.07107 -5.154541 7.324341 32.07107 1.282837 6.969055 32.07107 2.523193 6.406433 32.07107 3.684326 -3.741883 32.07107 6.366211 -4.804687 32.07107 5.634644 -5.726379 32.07107 4.731812 -6.479675 32.07107 3.684326 -7.042297 32.07107 2.523193 -7.397583 32.07107 1.282837 5.653137 32.07107 4.731812 4.731445 32.07107 5.634644 3.668701 32.07107 6.366211 2.496216 32.07107 6.904785 1.24884 32.07107 7.234497 -0.03662133 32.07107 7.345459 7.535034 30.07108 -5.154541 7.535034 30.07108 0 -6.479675 30.07108 3.684326 -5.726379 30.07108 4.731812 2.496216 30.07108 6.904785 3.668701 30.07108 6.366211 -7.535034 30.07108 -5.154541 -7.535034 30.07108 0 -7.397583 30.07108 1.282837 -7.042297 30.07108 2.523193 -4.804687 30.07108 5.634644 -3.741883 30.07108 6.366211 -2.569458 30.07108 6.904785 7.461792 30.07108 0 7.324341 30.07108 1.282837 6.969055 30.07108 2.523193 6.406433 30.07108 3.684326 -1.322083 30.07108 7.234497 -0.03662133 30.07108 7.345459 1.24884 30.07108 7.234497 4.731445 30.07108 5.634644 5.653137 30.07108 4.731812 7.535034 -32.07107 -5.154541 7.535034 -32.07107 0 -6.479675 -32.07107 3.684326 -5.726379 -32.07107 4.731812 2.496216 -32.07107 6.904785 3.668701 -32.07107 6.366211 -7.535034 -32.07107 -5.154541 -7.535034 -32.07107 0 -7.397583 -32.07107 1.282837 -7.042297 -32.07107 2.523193 -4.804687 -32.07107 5.634644 -3.741883 -32.07107 6.366211 -2.569458 -32.07107 6.904785 7.461792 -32.07107 0 7.324341 -32.07107 1.282837 6.969055 -32.07107 2.523193 6.406433 -32.07107 3.684326 -1.322083 -32.07107 7.234497 -0.03662133 -32.07107 7.345459 1.24884 -32.07107 7.234497 4.731445 -32.07107 5.634644 5.653137 -32.07107 4.731812 4.763367 -12.67502 105.7665 4.763367 11.42502 105.7665 -13.53662 -12.67502 105.7665 -13.53662 11.42502 105.7665 -13.53662 -15.62503 102.8165 4.763367 -15.62503 102.8165 4.763367 -15.58017 103.3287 -13.53662 -15.58017 103.3287 4.763367 -15.44711 103.8254 -13.53662 -15.44711 103.8254 4.763367 -15.22977 104.2915 -13.53662 -15.22977 104.2915 4.763367 -14.93484 104.7128 -13.53662 -14.93484 104.7128 4.763367 -14.57126 105.0763 -13.53662 -14.57126 105.0763 4.763367 -14.14999 105.3713 -13.53662 -14.14999 105.3713 4.763367 -13.68399 105.5886 -13.53662 -13.68399 105.5886 4.763367 -13.18729 105.7217 -13.53662 -13.18729 105.7217 -13.53662 -12.67502 40.4165 4.763367 -12.67502 40.4165 4.763367 -13.18729 40.4613 -13.53662 -13.18729 40.4613 4.763367 -13.68399 40.59436 -13.53662 -13.68399 40.59436 4.763367 -14.14999 40.81177 -13.53662 -14.14999 40.81177 4.763367 -14.57126 41.10669 -13.53662 -14.57126 41.10669 4.763367 -14.93484 41.47034 -13.53662 -14.93484 41.47034 4.763367 -15.22977 41.89148 -13.53662 -15.22977 41.89148 4.763367 -15.44711 42.35754 -13.53662 -15.44711 42.35754 4.763367 -15.58017 42.85425 -13.53662 -15.58017 42.85425 4.763367 -15.62503 43.36645 -13.53662 -15.62503 43.36645 -13.53662 14.37497 43.36645 4.763367 14.37497 43.36645 4.763367 14.33017 42.85425 -13.53662 14.33017 42.85425 4.763367 14.19711 42.35754 -13.53662 14.19711 42.35754 4.763367 13.97977 41.89148 -13.53662 13.97977 41.89148 4.763367 13.68485 41.47034 -13.53662 13.68485 41.47034 4.763367 13.3212 41.10669 -13.53662 13.3212 41.10669 4.763367 12.89999 40.81177 -13.53662 12.89999 40.81177 4.763367 12.43393 40.59436 -13.53662 12.43393 40.59436 4.763367 11.93723 40.4613 -13.53662 11.93723 40.4613 4.763367 11.42502 40.4165 -13.53662 11.42502 40.4165 4.763367 11.93723 105.7217 -13.53662 11.93723 105.7217 4.763367 12.43393 105.5886 -13.53662 12.43393 105.5886 4.763367 12.89999 105.3713 -13.53662 12.89999 105.3713 4.763367 13.3212 105.0763 -13.53662 13.3212 105.0763 4.763367 13.68485 104.7128 -13.53662 13.68485 104.7128 4.763367 13.97977 104.2915 -13.53662 13.97977 104.2915 4.763367 14.19711 103.8254 -13.53662 14.19711 103.8254 4.763367 14.33017 103.3287 -13.53662 14.33017 103.3287 4.763367 14.37497 102.8165 -13.53662 14.37497 102.8165 -13.53662 14.37497 97.76648 -8.536622 14.37497 97.76648 -8.536622 14.37497 87.76648 -13.53662 14.37497 87.76648 -13.53662 10.22501 87.76648 -8.536622 10.22501 87.76648 -8.536622 10.22501 97.76648 -13.53662 10.22501 97.76648 -13.53662 -15.62503 87.76648 -13.53662 -11.475 87.76648 -13.53662 -11.475 97.76648 -13.53662 -15.62503 97.76648 -8.536622 -15.62503 87.76648 -8.536622 -15.62503 97.76648 -8.536622 -11.475 97.76648 -8.536622 -11.475 87.76648 24.1134 0.852204 93.47693 24.1134 3.261689 93.53858 24.1134 0.8749701 93.21656 24.1134 3.27353 93.10901 24.1134 0.852204 92.95606 24.1134 0.6740424 93.96656 24.1134 2.946503 94.78308 24.1134 0.784516 93.72949 24.1134 3.097199 94.38074 24.1134 3.202668 93.96424 24.1134 -0.3645318 94.69373 24.1134 0.4361884 96.96936 24.1134 -0.1119683 94.6261 24.1134 0.8426215 96.82984 24.1134 0.1249701 94.51551 24.1134 -0.6250299 94.71656 24.1134 -0.4101861 97.1106 24.1134 0.01693791 97.06336 24.1134 0.1249701 91.91748 24.1134 1.039399 89.68958 24.1134 -0.1119683 91.80701 24.1134 0.6413276 89.52783 24.1134 -0.3645318 91.73926 24.1134 0.524079 94.18067 24.1134 2.517487 95.52625 24.1134 2.752473 95.16651 24.1134 -0.8854669 94.69373 24.1134 -0.8398736 97.1106 24.1134 -0.6250299 97.11646 24.1134 -1.13803 91.80701 24.1134 -2.289458 89.68958 24.1134 -1.37503 91.91748 24.1134 -2.667327 89.89405 24.1134 -1.589202 92.06751 24.1134 -0.6250299 91.71656 24.1134 -1.054046 89.34021 24.1134 -0.8854669 91.73926 24.1134 -1.477874 89.41089 24.1134 -1.891326 89.52783 24.1134 0.2278754 89.41089 24.1134 -0.1959527 89.34021 24.1134 -0.6250299 89.31653 24.1134 3.238007 92.68079 24.1134 3.155671 92.25916 24.1134 0.784516 92.70349 24.1134 1.231171 96.64649 24.1134 1.59726 96.42139 24.1134 0.3392035 94.3656 24.1134 1.936311 96.15747 24.1134 2.244294 95.85791 24.1134 -1.13803 94.6261 24.1134 -1.686187 96.96936 24.1134 -1.266937 97.06336 24.1134 -1.924041 93.96656 24.1134 -3.767486 95.52625 24.1134 -1.774078 94.18067 24.1134 -3.494354 95.85791 24.1134 -1.589202 94.3656 24.1134 -2.034515 92.70349 24.1134 -4.40567 92.25916 24.1134 -2.102203 92.95606 24.1134 -4.488067 92.68079 24.1134 -2.12503 93.21656 24.1134 -3.020416 90.13892 24.1134 -3.344451 90.42102 24.1134 -1.774078 92.25232 24.1134 -3.635467 90.73719 24.1134 -1.924041 92.46656 24.1134 0.524079 92.25232 24.1134 2.094453 90.42102 24.1134 0.3392035 92.06751 24.1134 1.770417 90.13892 24.1134 1.417329 89.89405 24.1134 3.027375 91.849 24.1134 2.854768 91.45557 24.1134 0.6740424 92.46656 24.1134 2.639924 91.08338 24.1134 2.385468 90.73719 24.1134 -3.186309 96.15747 24.1134 -2.847259 96.42139 24.1134 -1.37503 94.51551 24.1134 -2.48117 96.64649 24.1134 -2.09262 96.82984 24.1134 -4.523529 93.10901 24.1134 -4.511688 93.53858 24.1134 -2.102203 93.47693 24.1134 -4.452667 93.96424 24.1134 -2.034515 93.72949 24.1134 -3.889983 91.08338 24.1134 -4.104827 91.45557 24.1134 -4.277374 91.849 24.1134 -4.347198 94.38074 24.1134 -4.196502 94.78308 24.1134 -4.002532 95.16651 29.76337 -0.6250299 89.31653 29.76337 -0.1959527 89.34021 29.76337 0.2278754 89.41089 29.76337 0.6413276 89.52783 29.76337 1.039399 89.68958 29.76337 1.417329 89.89405 29.76337 1.770417 90.13892 29.76337 2.094453 90.42102 29.76337 2.385468 90.73719 29.76337 2.639924 91.08338 29.76337 2.854768 91.45557 29.76337 3.027375 91.849 29.76337 3.155671 92.25916 29.76337 3.238007 92.68079 29.76337 3.27353 93.10901 29.76337 3.261689 93.53858 29.76337 3.202668 93.96424 29.76337 3.097199 94.38074 29.76337 2.946503 94.78308 29.76337 2.752473 95.16651 29.76337 2.517487 95.52625 29.76337 2.244294 95.85791 29.76337 1.936311 96.15747 29.76337 1.59726 96.42139 29.76337 1.231171 96.64649 29.76337 0.8426215 96.82984 29.76337 0.4361884 96.96936 29.76337 0.01693791 97.06336 29.76337 -0.4101861 97.1106 29.76337 -0.6250299 97.11646 29.76337 -0.8398736 97.1106 29.76337 -1.266937 97.06336 29.76337 -1.686187 96.96936 29.76337 -2.09262 96.82984 29.76337 -2.48117 96.64649 29.76337 -2.847259 96.42139 29.76337 -3.186309 96.15747 29.76337 -3.494354 95.85791 29.76337 -3.767486 95.52625 29.76337 -4.002532 95.16651 29.76337 -4.196502 94.78308 29.76337 -4.347198 94.38074 29.76337 -4.452667 93.96424 29.76337 -4.511688 93.53858 29.76337 -4.523529 93.10901 29.76337 -4.488067 92.68079 29.76337 -4.40567 92.25916 29.76337 -4.277374 91.849 29.76337 -4.104827 91.45557 29.76337 -3.889983 91.08338 29.76337 -3.635467 90.73719 29.76337 -3.344451 90.42102 29.76337 -3.020416 90.13892 29.76337 -2.667327 89.89405 29.76337 -2.289458 89.68958 29.76337 -1.891326 89.52783 29.76337 -1.477874 89.41089 29.76337 -1.054046 89.34021 29.76337 -0.1908867 90.75452 29.76337 -0.4071344 90.72608 29.76337 -0.6250299 90.71656 29.76337 -0.8429254 90.72608 29.76337 -1.059112 90.75452 29.76337 -1.272063 90.80164 29.76337 -1.480071 90.86731 29.76337 -1.681548 90.95069 29.76337 -1.87503 91.05139 29.76337 -2.058929 91.16858 29.76337 -2.231963 91.30139 29.76337 -2.392791 91.44873 29.76337 -2.54013 91.6095 29.76337 -3.115508 92.99866 29.76337 -3.12503 93.21656 29.76337 -3.115508 93.43445 29.76337 -3.087005 93.65064 29.76337 -1.480071 95.5658 29.76337 -1.272063 95.63135 29.76337 -1.059112 95.67859 29.76337 -0.8429254 95.70703 29.76337 -0.6250299 95.71656 29.76337 -0.4071344 95.70703 29.76337 -0.1908867 95.67859 29.76337 0.02206486 95.63135 29.76337 -2.672881 91.7826 29.76337 -2.790069 91.96656 29.76337 -2.890777 92.15991 29.76337 -2.974212 92.36145 29.76337 -3.039825 92.56946 29.76337 -3.087005 92.78235 29.76337 -3.039825 93.86353 29.76337 -2.974212 94.07154 29.76337 -2.890777 94.27307 29.76337 -2.790069 94.46656 29.76337 -2.672881 94.65039 29.76337 0.2300726 95.5658 29.76337 0.4315497 95.4823 29.76337 0.6249701 95.38159 29.76337 0.8089301 95.26441 29.76337 0.9819648 95.13159 29.76337 -2.54013 94.82349 29.76337 -2.392791 94.98426 29.76337 -2.231963 95.13159 29.76337 -2.058929 95.26441 29.76337 -1.87503 95.38159 29.76337 -1.681548 95.4823 29.76337 0.8089301 91.16858 29.76337 0.6249701 91.05139 29.76337 0.4315497 90.95069 29.76337 0.2300726 90.86731 29.76337 0.02206486 90.80164 29.76337 1.422883 91.7826 29.76337 1.290131 91.6095 29.76337 1.142731 91.44873 29.76337 0.9819648 91.30139 29.76337 1.789826 93.86353 29.76337 1.837006 93.65064 29.76337 1.86551 93.43445 29.76337 1.87497 93.21656 29.76337 1.86551 92.99866 29.76337 1.837006 92.78235 29.76337 1.789826 92.56946 29.76337 1.724213 92.36145 29.76337 1.640778 92.15991 29.76337 1.54007 91.96656 29.76337 1.142731 94.98426 29.76337 1.290131 94.82349 29.76337 1.422883 94.65039 29.76337 1.54007 94.46656 29.76337 1.640778 94.27307 29.76337 1.724213 94.07154 28.76337 -0.4942926 91.72217 28.76337 -0.3645318 91.73926 28.76337 -0.2367852 91.76758 28.76337 -0.1119683 91.80701 28.76337 0.008942306 91.85706 28.76337 0.1249701 91.91748 28.76337 0.2353827 91.9878 28.76337 0.3392035 92.06751 28.76337 0.4356391 92.15589 28.76337 0.524079 92.25232 28.76337 0.6037299 92.3562 28.76337 0.6740424 92.46656 28.76337 0.7344672 92.58264 28.76337 0.784516 92.70349 28.76337 0.8238837 92.82825 28.76337 0.852204 92.95606 28.76337 0.8692939 93.08582 28.76337 0.8749701 93.21656 28.76337 0.8692939 93.34729 28.76337 0.852204 93.47693 28.76337 0.8238837 93.60474 28.76337 0.784516 93.72949 28.76337 0.7344672 93.85047 28.76337 0.6740424 93.96656 28.76337 0.6037299 94.07691 28.76337 0.524079 94.18067 28.76337 0.4356391 94.27722 28.76337 0.3392035 94.3656 28.76337 0.2353827 94.44519 28.76337 0.1249701 94.51551 28.76337 0.008942306 94.57593 28.76337 -0.1119683 94.6261 28.76337 -0.2367852 94.66541 28.76337 -0.3645318 94.69373 28.76337 -0.4942926 94.71082 28.76337 -0.6250299 94.71656 28.76337 -0.7557672 94.71082 28.76337 -0.8854669 94.69373 28.76337 -1.013213 94.66541 28.76337 -1.13803 94.6261 28.76337 -1.258941 94.57593 28.76337 -1.37503 94.51551 28.76337 -1.485381 94.44519 28.76337 -1.589202 94.3656 28.76337 -1.685638 94.27722 28.76337 -1.774078 94.18067 28.76337 -1.853729 94.07691 28.76337 -1.924041 93.96656 28.76337 -1.984466 93.85047 28.76337 -2.034515 93.72949 28.76337 -2.073882 93.60474 28.76337 -2.102203 93.47693 28.76337 -2.119292 93.34729 28.76337 -2.12503 93.21656 28.76337 -2.119292 93.08582 28.76337 -2.102203 92.95606 28.76337 -2.073882 92.82825 28.76337 -2.034515 92.70349 28.76337 -1.984466 92.58264 28.76337 -1.924041 92.46656 28.76337 -1.853729 92.3562 28.76337 -1.774078 92.25232 28.76337 -1.685638 92.15589 28.76337 -1.589202 92.06751 28.76337 -1.485381 91.9878 28.76337 -1.37503 91.91748 28.76337 -1.258941 91.85706 28.76337 -1.13803 91.80701 28.76337 -1.013213 91.76758 28.76337 -0.8854669 91.73926 28.76337 -0.7557672 91.72217 28.76337 -0.6250299 91.71656 20.56336 -12.1376 41.17493 20.56336 -12.40469 41.1311 20.56336 -12.67502 42.46179 20.56336 -10.26614 44.28528 20.56336 -11.67502 44.19385 20.56336 -10.35257 44.54187 20.56336 -10.46622 44.78747 20.56336 -13.21243 46.0581 20.56336 -12.94528 46.10181 20.56336 -12.67502 44.77124 20.56336 -10.46622 42.44543 20.56336 -10.6058 42.2135 20.56336 -11.67502 43.03918 20.56336 -10.76962 41.99805 20.56336 -11.16208 45.60669 20.56336 -10.95578 45.43152 20.56336 -13.67502 43.03918 20.56336 -14.99747 42.69116 20.56336 -15.08389 42.94763 20.56336 -15.14206 44.02099 20.56336 -15.08389 44.28528 20.56336 -13.67502 44.19385 20.56336 -14.39426 41.80151 20.56336 -14.58041 41.99805 20.56336 -11.38614 41.47436 20.56336 -11.62527 41.34753 20.56336 -11.87674 41.24744 20.56336 -12.67502 46.11645 20.56336 -12.40469 46.10181 20.56336 -12.1376 46.0581 20.56336 -10.76962 45.23498 20.56336 -10.6058 45.01953 20.56336 -14.74423 45.01953 20.56336 -14.58041 45.23498 20.56336 -14.39426 45.43152 20.56336 -14.18796 45.60669 20.56336 -13.9639 45.75867 20.56336 -13.7247 45.8855 20.56336 -13.47323 45.98559 20.56336 -15.14206 43.21203 20.56336 -15.17136 43.4812 20.56336 -15.17136 43.75183 20.56336 -14.99747 44.54187 20.56336 -14.88376 44.78747 20.56336 -12.67502 41.11645 20.56336 -12.94528 41.1311 20.56336 -13.21243 41.17493 20.56336 -14.18796 41.62622 20.56336 -14.74423 42.2135 20.56336 -14.88376 42.44543 20.56336 -10.95578 41.80151 20.56336 -11.16208 41.62622 20.56336 -10.20792 43.21203 20.56336 -10.26614 42.94763 20.56336 -10.35257 42.69116 20.56336 -11.87674 45.98559 20.56336 -11.62527 45.8855 20.56336 -11.38614 45.75867 20.56336 -13.47323 41.24744 20.56336 -13.7247 41.34753 20.56336 -13.9639 41.47436 20.56336 -10.20792 44.02099 20.56336 -10.17868 43.75183 20.56336 -10.17868 43.4812 23.66339 -14.99747 44.54187 23.66339 -15.08389 44.28528 23.66339 -13.67502 44.19385 23.66339 -10.20792 44.02099 23.66339 -10.26614 44.28528 23.66339 -11.67502 44.19385 23.66339 -14.88376 42.44543 23.66339 -14.74423 42.2135 23.66339 -13.67502 43.03918 23.66339 -14.58041 41.99805 23.66339 -14.39426 41.80151 23.66339 -13.7247 41.34753 23.66339 -12.67502 42.46179 23.66339 -13.47323 41.24744 23.66339 -13.21243 41.17493 23.66339 -12.94528 41.1311 23.66339 -15.14206 43.21203 23.66339 -15.08389 42.94763 23.66339 -14.99747 42.69116 23.66339 -14.39426 45.43152 23.66339 -14.58041 45.23498 23.66339 -12.1376 46.0581 23.66339 -12.40469 46.10181 23.66339 -12.67502 44.77124 23.66339 -10.35257 44.54187 23.66339 -10.46622 44.78747 23.66339 -10.6058 45.01953 23.66339 -14.18796 41.62622 23.66339 -13.9639 41.47436 23.66339 -15.14206 44.02099 23.66339 -15.17136 43.75183 23.66339 -15.17136 43.4812 23.66339 -14.18796 45.60669 23.66339 -14.74423 45.01953 23.66339 -14.88376 44.78747 23.66339 -12.67502 46.11645 23.66339 -12.94528 46.10181 23.66339 -13.21243 46.0581 23.66339 -10.76962 45.23498 23.66339 -10.95578 45.43152 23.66339 -11.16208 45.60669 23.66339 -11.38614 45.75867 23.66339 -11.62527 45.8855 23.66339 -11.87674 45.98559 23.66339 -10.6058 42.2135 23.66339 -10.46622 42.44543 23.66339 -11.67502 43.03918 23.66339 -10.35257 42.69116 23.66339 -10.26614 42.94763 23.66339 -12.67502 41.11645 23.66339 -12.40469 41.1311 23.66339 -12.1376 41.17493 23.66339 -13.47323 45.98559 23.66339 -13.7247 45.8855 23.66339 -13.9639 45.75867 23.66339 -10.20792 43.21203 23.66339 -10.17868 43.4812 23.66339 -10.17868 43.75183 23.66339 -11.87674 41.24744 23.66339 -11.62527 41.34753 23.66339 -11.38614 41.47436 23.66339 -11.16208 41.62622 23.66339 -10.95578 41.80151 23.66339 -10.76962 41.99805 20.56336 11.17502 44.77124 20.56336 11.44528 46.10181 20.56336 11.71243 46.0581 20.56336 12.68796 45.60669 20.56336 12.89426 45.43152 20.56336 12.17502 44.19385 20.56336 13.08041 45.23498 20.56336 13.24423 45.01953 20.56336 10.63754 46.0581 20.56336 10.90469 46.10181 20.56336 11.17502 46.11645 20.56336 11.71243 41.17493 20.56336 11.44528 41.1311 20.56336 11.17502 42.46179 20.56336 13.38376 44.78747 20.56336 13.49741 44.54187 20.56336 13.58389 44.28528 20.56336 11.97324 45.98559 20.56336 12.2247 45.8855 20.56336 12.4639 45.75867 20.56336 13.38376 42.44543 20.56336 13.24423 42.2135 20.56336 12.17502 43.03918 20.56336 13.08041 41.99805 20.56336 9.105745 45.01953 20.56336 9.269563 45.23498 20.56336 10.17502 44.19385 20.56336 9.45572 45.43152 20.56336 9.66208 45.60669 20.56336 9.88614 45.75867 20.56336 10.12528 45.8855 20.56336 10.37674 45.98559 20.56336 10.17502 43.03918 20.56336 8.852571 42.69116 20.56336 8.766145 42.94763 20.56336 8.707918 44.02099 20.56336 8.766145 44.28528 20.56336 9.45572 41.80151 20.56336 9.269563 41.99805 20.56336 12.4639 41.47436 20.56336 12.2247 41.34753 20.56336 11.97324 41.24744 20.56336 8.707918 43.21203 20.56336 8.678682 43.4812 20.56336 8.678682 43.75183 20.56336 8.852571 44.54187 20.56336 8.966218 44.78747 20.56336 11.17502 41.11645 20.56336 10.90469 41.1311 20.56336 10.63754 41.17493 20.56336 9.66208 41.62622 20.56336 9.105745 42.2135 20.56336 8.966218 42.44543 20.56336 12.89426 41.80151 20.56336 12.68796 41.62622 20.56336 13.64206 43.21203 20.56336 13.58389 42.94763 20.56336 13.49741 42.69116 20.56336 10.37674 41.24744 20.56336 10.12528 41.34753 20.56336 9.88614 41.47436 20.56336 13.64206 44.02099 20.56336 13.67136 43.75183 20.56336 13.67136 43.4812 23.66339 8.852571 44.54187 23.66339 8.766145 44.28528 23.66339 10.17502 44.19385 23.66339 9.45572 45.43152 23.66339 9.269563 45.23498 23.66339 11.71243 46.0581 23.66339 11.44528 46.10181 23.66339 11.17502 44.77124 23.66339 13.64206 44.02099 23.66339 13.58389 44.28528 23.66339 12.17502 44.19385 23.66339 8.966218 42.44543 23.66339 9.105745 42.2135 23.66339 10.17502 43.03918 23.66339 9.269563 41.99805 23.66339 9.45572 41.80151 23.66339 10.12528 41.34753 23.66339 11.17502 42.46179 23.66339 10.37674 41.24744 23.66339 10.63754 41.17493 23.66339 10.90469 41.1311 23.66339 9.66208 45.60669 23.66339 9.105745 45.01953 23.66339 8.966218 44.78747 23.66339 13.49741 44.54187 23.66339 13.38376 44.78747 23.66339 13.24423 45.01953 23.66339 9.66208 41.62622 23.66339 9.88614 41.47436 23.66339 8.707918 43.21203 23.66339 8.766145 42.94763 23.66339 8.852571 42.69116 23.66339 11.17502 46.11645 23.66339 10.90469 46.10181 23.66339 10.63754 46.0581 23.66339 13.08041 45.23498 23.66339 12.89426 45.43152 23.66339 12.68796 45.60669 23.66339 12.4639 45.75867 23.66339 12.2247 45.8855 23.66339 11.97324 45.98559 23.66339 8.707918 44.02099 23.66339 8.678682 43.75183 23.66339 8.678682 43.4812 23.66339 10.37674 45.98559 23.66339 10.12528 45.8855 23.66339 9.88614 45.75867 23.66339 13.24423 42.2135 23.66339 13.38376 42.44543 23.66339 12.17502 43.03918 23.66339 13.49741 42.69116 23.66339 13.58389 42.94763 23.66339 11.17502 41.11645 23.66339 11.44528 41.1311 23.66339 11.71243 41.17493 23.66339 13.64206 43.21203 23.66339 13.67136 43.4812 23.66339 13.67136 43.75183 23.66339 11.97324 41.24744 23.66339 12.2247 41.34753 23.66339 12.4639 41.47436 23.66339 12.68796 41.62622 23.66339 12.89426 41.80151 23.66339 13.08041 41.99805 20.56336 10.63754 105.2581 20.56336 10.90469 105.3019 20.56336 11.17502 103.9712 20.56336 12.17502 102.2391 20.56336 13.38376 101.6455 20.56336 13.24423 101.4136 20.56336 11.71243 100.375 20.56336 11.44528 100.3312 20.56336 11.17502 101.6619 20.56336 13.58389 103.4854 20.56336 12.17502 103.3938 20.56336 13.49741 103.7418 20.56336 13.38376 103.9876 20.56336 9.45572 101.0015 20.56336 9.269563 101.198 20.56336 10.17502 102.2391 20.56336 11.17502 105.3165 20.56336 11.44528 105.3019 20.56336 11.71243 105.2581 20.56336 8.852571 101.8911 20.56336 8.766145 102.1477 20.56336 9.66208 100.8263 20.56336 9.105745 101.4136 20.56336 8.966218 101.6455 20.56336 12.68796 104.8068 20.56336 12.89426 104.6315 20.56336 10.17502 103.3938 20.56336 9.45572 104.6315 20.56336 9.66208 104.8068 20.56336 9.88614 104.9586 20.56336 10.12528 105.0855 20.56336 10.37674 105.1857 20.56336 8.707918 102.4121 20.56336 8.678682 102.6812 20.56336 8.678682 102.9519 20.56336 8.707918 103.221 20.56336 8.766145 103.4854 20.56336 8.852571 103.7418 20.56336 8.966218 103.9876 20.56336 11.17502 100.3165 20.56336 10.90469 100.3312 20.56336 10.63754 100.375 20.56336 13.08041 101.198 20.56336 12.89426 101.0015 20.56336 12.68796 100.8263 20.56336 12.4639 100.6743 20.56336 12.2247 100.5476 20.56336 11.97324 100.4474 20.56336 13.64206 102.4121 20.56336 13.58389 102.1477 20.56336 13.49741 101.8911 20.56336 13.08041 104.4349 20.56336 13.24423 104.2195 20.56336 9.105745 104.2195 20.56336 9.269563 104.4349 20.56336 10.37674 100.4474 20.56336 10.12528 100.5476 20.56336 9.88614 100.6743 20.56336 13.64206 103.221 20.56336 13.67136 102.9519 20.56336 13.67136 102.6812 20.56336 11.97324 105.1857 20.56336 12.2247 105.0855 20.56336 12.4639 104.9586 23.66339 10.63754 100.375 23.66339 10.90469 100.3312 23.66339 11.17502 101.6619 23.66339 8.852571 103.7418 23.66339 8.766145 103.4854 23.66339 10.17502 103.3938 23.66339 10.17502 102.2391 23.66339 8.966218 101.6455 23.66339 9.105745 101.4136 23.66339 11.71243 105.2581 23.66339 11.44528 105.3019 23.66339 11.17502 103.9712 23.66339 9.269563 101.198 23.66339 9.45572 101.0015 23.66339 9.66208 100.8263 23.66339 9.88614 100.6743 23.66339 10.12528 100.5476 23.66339 10.37674 100.4474 23.66339 8.707918 102.4121 23.66339 8.766145 102.1477 23.66339 8.852571 101.8911 23.66339 13.64206 103.221 23.66339 13.58389 103.4854 23.66339 12.17502 103.3938 23.66339 13.49741 103.7418 23.66339 13.38376 103.9876 23.66339 8.707918 103.221 23.66339 8.678682 102.9519 23.66339 8.678682 102.6812 23.66339 11.97324 105.1857 23.66339 11.17502 100.3165 23.66339 11.44528 100.3312 23.66339 11.71243 100.375 23.66339 11.17502 105.3165 23.66339 10.90469 105.3019 23.66339 10.63754 105.2581 23.66339 9.66208 104.8068 23.66339 9.45572 104.6315 23.66339 9.269563 104.4349 23.66339 13.24423 101.4136 23.66339 13.38376 101.6455 23.66339 12.17502 102.2391 23.66339 13.49741 101.8911 23.66339 13.58389 102.1477 23.66339 12.68796 100.8263 23.66339 12.89426 101.0015 23.66339 13.08041 101.198 23.66339 10.37674 105.1857 23.66339 10.12528 105.0855 23.66339 9.88614 104.9586 23.66339 9.105745 104.2195 23.66339 8.966218 103.9876 23.66339 13.24423 104.2195 23.66339 13.08041 104.4349 23.66339 12.89426 104.6315 23.66339 13.64206 102.4121 23.66339 13.67136 102.6812 23.66339 13.67136 102.9519 23.66339 12.68796 104.8068 23.66339 12.4639 104.9586 23.66339 12.2247 105.0855 23.66339 11.97324 100.4474 23.66339 12.2247 100.5476 23.66339 12.4639 100.6743 20.56336 -10.42758 101.8911 20.56336 -10.54123 101.6455 20.56336 -11.75003 102.2391 20.56336 -13.28744 105.2581 20.56336 -13.02029 105.3019 20.56336 -12.75003 103.9712 20.56336 -14.81924 101.4136 20.56336 -14.95877 101.6455 20.56336 -13.75003 102.2391 20.56336 -15.07242 101.8911 20.56336 -15.1589 102.1477 20.56336 -10.54123 103.9876 20.56336 -10.42758 103.7418 20.56336 -11.75003 103.3938 20.56336 -10.34115 103.4854 20.56336 -10.28293 103.221 20.56336 -10.34115 102.1477 20.56336 -15.21707 103.221 20.56336 -15.1589 103.4854 20.56336 -13.75003 103.3938 20.56336 -15.07242 103.7418 20.56336 -10.68075 101.4136 20.56336 -10.84457 101.198 20.56336 -11.03073 101.0015 20.56336 -11.70029 100.5476 20.56336 -12.75003 101.6619 20.56336 -11.95175 100.4474 20.56336 -12.21255 100.375 20.56336 -12.4797 100.3312 20.56336 -10.25369 102.9519 20.56336 -10.25369 102.6812 20.56336 -10.28293 102.4121 20.56336 -12.75003 105.3165 20.56336 -12.4797 105.3019 20.56336 -12.21255 105.2581 20.56336 -14.95877 103.9876 20.56336 -14.81924 104.2195 20.56336 -14.65542 104.4349 20.56336 -14.03891 104.9586 20.56336 -13.79971 105.0855 20.56336 -13.54825 105.1857 20.56336 -12.75003 100.3165 20.56336 -13.02029 100.3312 20.56336 -13.28744 100.375 20.56336 -14.26297 100.8263 20.56336 -14.46927 101.0015 20.56336 -14.65542 101.198 20.56336 -11.23709 100.8263 20.56336 -11.46115 100.6743 20.56336 -11.23709 104.8068 20.56336 -11.03073 104.6315 20.56336 -14.46927 104.6315 20.56336 -14.26297 104.8068 20.56336 -13.54825 100.4474 20.56336 -13.79971 100.5476 20.56336 -14.03891 100.6743 20.56336 -11.95175 105.1857 20.56336 -11.70029 105.0855 20.56336 -11.46115 104.9586 20.56336 -10.84457 104.4349 20.56336 -10.68075 104.2195 20.56336 -15.21707 102.4121 20.56336 -15.24637 102.6812 20.56336 -15.24637 102.9519 23.66339 -10.68075 101.4136 23.66339 -10.54123 101.6455 23.66339 -11.75003 102.2391 23.66339 -15.1589 102.1477 23.66339 -15.07242 101.8911 23.66339 -13.75003 102.2391 23.66339 -14.95877 101.6455 23.66339 -14.81924 101.4136 23.66339 -14.81924 104.2195 23.66339 -14.95877 103.9876 23.66339 -13.75003 103.3938 23.66339 -10.42758 103.7418 23.66339 -10.54123 103.9876 23.66339 -11.75003 103.3938 23.66339 -13.28744 100.375 23.66339 -13.02029 100.3312 23.66339 -12.75003 101.6619 23.66339 -14.65542 101.198 23.66339 -14.46927 101.0015 23.66339 -14.26297 100.8263 23.66339 -10.34115 103.4854 23.66339 -14.03891 100.6743 23.66339 -13.79971 100.5476 23.66339 -13.54825 100.4474 23.66339 -15.07242 103.7418 23.66339 -15.1589 103.4854 23.66339 -15.21707 103.221 23.66339 -15.24637 102.9519 23.66339 -15.24637 102.6812 23.66339 -15.21707 102.4121 23.66339 -12.75003 105.3165 23.66339 -13.02029 105.3019 23.66339 -12.75003 103.9712 23.66339 -13.28744 105.2581 23.66339 -11.95175 105.1857 23.66339 -12.21255 105.2581 23.66339 -12.4797 105.3019 23.66339 -10.42758 101.8911 23.66339 -10.34115 102.1477 23.66339 -10.28293 102.4121 23.66339 -10.25369 102.6812 23.66339 -10.25369 102.9519 23.66339 -10.28293 103.221 23.66339 -12.75003 100.3165 23.66339 -12.4797 100.3312 23.66339 -12.21255 100.375 23.66339 -11.23709 100.8263 23.66339 -11.03073 101.0015 23.66339 -10.84457 101.198 23.66339 -13.54825 105.1857 23.66339 -13.79971 105.0855 23.66339 -14.03891 104.9586 23.66339 -14.26297 104.8068 23.66339 -14.46927 104.6315 23.66339 -14.65542 104.4349 23.66339 -11.95175 100.4474 23.66339 -11.70029 100.5476 23.66339 -11.46115 100.6743 23.66339 -10.68075 104.2195 23.66339 -10.84457 104.4349 23.66339 -11.03073 104.6315 23.66339 -11.23709 104.8068 23.66339 -11.46115 104.9586 23.66339 -11.70029 105.0855 20.56336 11.42502 105.7665 20.56336 11.93723 105.7217 20.56336 12.43393 105.5886 20.56336 12.89999 105.3713 20.56336 13.3212 105.0763 20.56336 13.68485 104.7128 20.56336 13.97977 104.2915 20.56336 14.19711 103.8254 20.56336 14.33017 103.3287 20.56336 14.37497 102.8165 24.1134 2.401887 101.5328 24.1134 0.9117743 101.932 24.1134 -0.6250299 93.21656 24.1134 -0.6250299 102.0665 24.1134 -2.161773 101.932 24.1134 6.154511 98.90515 24.1134 5.063691 99.99597 24.1134 3.800019 100.8809 24.1134 8.090547 94.7533 24.1134 7.691254 96.24341 24.1134 7.039338 97.64148 24.1134 7.691254 90.18958 24.1134 8.090547 91.67969 24.1134 8.225008 93.21656 24.1134 5.063691 86.43701 24.1134 6.154511 87.52783 24.1134 7.039338 88.79151 24.1134 0.9117743 84.50098 24.1134 2.401887 84.90027 24.1134 3.800019 85.55225 24.1134 -3.651885 84.90027 24.1134 -2.161773 84.50098 24.1134 -0.6250299 84.36646 24.1134 -7.40451 87.52783 24.1134 -6.31369 86.43701 24.1134 -5.050018 85.55225 24.1134 -9.340545 91.67969 24.1134 -8.941314 90.18958 24.1134 -8.289337 88.79151 24.1134 -8.941314 96.24341 24.1134 -9.340545 94.7533 24.1134 -9.475006 93.21656 24.1134 -6.31369 99.99597 24.1134 -7.40451 98.90515 24.1134 -8.289337 97.64148 24.1134 -3.651885 101.5328 24.1134 -5.050018 100.8809 24.01337 -0.6250299 84.26648 23.66339 0.9291694 84.40247 24.01337 0.9291694 84.40247 23.66339 2.436066 84.80628 24.01337 2.436066 84.80628 23.66339 3.850007 85.46558 24.01337 3.850007 85.46558 23.66339 5.127961 86.36035 24.01337 5.127961 86.36035 23.66339 6.23111 87.4635 24.01337 6.23111 87.4635 23.66339 7.125946 88.74146 24.01337 7.125946 88.74146 23.66339 7.785248 90.1554 24.01337 7.785248 90.1554 23.66339 8.188997 91.66236 24.01337 8.188997 91.66236 23.66339 8.324983 93.21656 24.01337 8.324983 93.21656 23.66339 8.188997 94.77063 24.01337 8.188997 94.77063 23.66339 7.785248 96.27759 24.01337 7.785248 96.27759 23.66339 7.125946 97.69153 24.01337 7.125946 97.69153 23.66339 6.23111 98.96949 24.01337 6.23111 98.96949 23.66339 5.127961 100.0726 24.01337 5.127961 100.0726 23.66339 3.850007 100.9674 24.01337 3.850007 100.9674 23.66339 2.436066 101.6267 24.01337 2.436066 101.6267 23.66339 0.9291694 102.0305 24.01337 0.9291694 102.0305 23.66339 -0.6250299 102.1665 24.01337 -0.6250299 102.1665 23.66339 -2.179168 102.0305 24.01337 -2.179168 102.0305 23.66339 -3.686065 101.6267 24.01337 -3.686065 101.6267 23.66339 -5.100006 100.9674 24.01337 -5.100006 100.9674 23.66339 -6.37796 100.0726 24.01337 -6.37796 100.0726 23.66339 -7.481109 98.96949 24.01337 -7.481109 98.96949 23.66339 -8.375946 97.69153 24.01337 -8.375946 97.69153 23.66339 -9.035247 96.27759 24.01337 -9.035247 96.27759 23.66339 -9.439056 94.77063 24.01337 -9.439056 94.77063 23.66339 -9.574981 93.21656 24.01337 -9.574981 93.21656 23.66339 -9.439056 91.66236 24.01337 -9.439056 91.66236 23.66339 -9.035247 90.1554 24.01337 -9.035247 90.1554 23.66339 -8.375946 88.74146 24.01337 -8.375946 88.74146 23.66339 -7.481109 87.4635 24.01337 -7.481109 87.4635 23.66339 -6.37796 86.36035 24.01337 -6.37796 86.36035 23.66339 -5.100006 85.46558 24.01337 -5.100006 85.46558 23.66339 -3.686065 84.80628 24.01337 -3.686065 84.80628 23.66339 -2.179168 84.40247 24.01337 -2.179168 84.40247 23.66339 -0.6250299 84.26648 20.56336 8.30002 105.7665 23.66339 4.824982 105.7665 23.66339 8.30002 105.7665 20.56336 -9.550018 105.7665 23.66339 -9.550018 105.7665 23.66339 -6.074981 105.7665 20.56336 -12.67502 105.7665 20.56336 -15.62503 102.8165 20.56336 -15.58017 103.3287 20.56336 -15.44711 103.8254 20.56336 -15.22977 104.2915 20.56336 -14.93484 104.7128 20.56336 -14.57126 105.0763 20.56336 -14.14999 105.3713 20.56336 -13.68399 105.5886 20.56336 -13.18729 105.7217 20.56336 14.37497 46.49145 20.56336 14.37497 43.36645 20.56336 14.37497 99.69153 20.70984 14.37497 47.56653 23.66339 14.37497 46.49145 20.70984 14.37497 71.87976 21.96631 14.37497 71.14795 22.24463 14.37497 70.96179 20.70984 14.37497 52.70325 23.66339 14.37497 99.69153 20.70984 14.37497 98.61646 21.96631 14.37497 57.448 22.24463 14.37497 57.26172 20.70984 14.37497 58.17981 22.95545 14.37497 56.70117 22.95545 14.37497 70.40113 23.27631 14.37497 70.06409 23.46399 14.37497 69.79993 23.27631 14.37497 56.36401 23.46399 14.37497 56.09997 23.57282 14.37497 55.88379 23.57282 14.37497 69.58386 23.6333 14.37497 69.39588 23.66034 14.37497 69.22254 23.6333 14.37497 55.6958 23.66034 14.37497 55.52258 23.66339 14.37497 55.44153 23.66339 14.37497 69.14148 23.64856 14.37497 68.96302 23.60419 14.37497 68.7843 23.64856 14.37497 55.26294 23.60419 14.37497 55.08435 23.52454 14.37497 54.89307 23.52454 14.37497 68.59314 23.36505 14.37497 68.33374 23.06226 14.37497 67.9845 23.36505 14.37497 54.63379 23.06226 14.37497 54.28454 22.79187 14.37497 54.03723 22.79187 14.37497 67.73719 22.57935 14.37497 67.56555 21.95258 14.37497 67.12622 22.57935 14.37497 53.8656 21.95258 14.37497 53.42615 21.37091 14.37497 53.07104 21.37091 14.37497 66.771 20.70984 14.37497 66.4032 20.56336 -15.62503 99.69153 20.56336 -12.55002 99.69153 20.56336 -12.02908 99.73706 20.56336 -9.550018 102.6915 20.56336 -11.52396 99.87244 20.56336 -11.05002 100.0934 20.56336 -10.62167 100.3934 20.56336 -10.25186 100.7632 20.56336 -9.951934 101.1915 20.56336 -9.730926 101.6654 20.56336 -9.595611 102.1705 23.66339 -9.550018 102.6915 23.66339 -9.595611 102.1705 23.66339 -9.730926 101.6654 23.66339 -9.951934 101.1915 23.66339 -10.25186 100.7632 23.66339 -10.62167 100.3934 23.66339 -11.05002 100.0934 23.66339 -11.52396 99.87244 23.66339 -12.02908 99.73706 23.66339 -12.55002 99.69153 23.66339 -14.55002 99.69153 23.66339 -15.62503 99.69153 20.56336 11.30002 99.69153 20.56336 8.30002 102.6915 20.56336 9.80002 100.0934 20.56336 10.27396 99.87244 20.56336 10.77902 99.73706 20.56336 8.480928 101.6654 20.56336 8.701936 101.1915 20.56336 9.001863 100.7632 20.56336 9.371614 100.3934 20.56336 8.345552 102.1705 23.66339 8.30002 102.6915 23.66339 13.30002 99.69153 23.66339 11.30002 99.69153 23.66339 10.77902 99.73706 23.66339 10.27396 99.87244 23.66339 9.80002 100.0934 23.66339 9.371614 100.3934 23.66339 9.001863 100.7632 23.66339 8.701936 101.1915 23.66339 8.480928 101.6654 23.66339 8.345552 102.1705 20.56336 -12.67502 40.4165 20.56336 -9.550018 40.4165 20.56336 -9.550018 43.49145 20.56336 -12.55002 46.49145 20.56336 -15.62503 46.49145 20.56336 -15.62503 43.36645 20.56336 -14.40896 40.97986 20.56336 -14.01425 40.73804 20.56336 -11.05002 46.0896 20.56336 -11.52396 46.31055 20.56336 -12.02908 46.44592 20.56336 -13.58658 40.56091 20.56336 -13.1365 40.45288 20.56336 -9.730926 44.51758 20.56336 -9.951934 44.99145 20.56336 -10.25186 45.41992 20.56336 -10.62167 45.78967 20.56336 -15.58871 42.90503 20.56336 -15.48062 42.45495 20.56336 -15.3035 42.02722 20.56336 -9.595611 44.01245 20.56336 -15.06161 41.63257 20.56336 -14.76095 41.28052 23.66339 -9.550018 43.49145 23.66339 -9.550018 41.49145 23.66339 -9.550018 40.4165 23.66339 -15.62503 46.49145 23.66339 -14.55002 46.49145 23.66339 -12.55002 46.49145 23.66339 -12.02908 46.44592 23.66339 -11.52396 46.31055 23.66339 -11.05002 46.0896 23.66339 -10.62167 45.78967 23.66339 -10.25186 45.41992 23.66339 -9.951934 44.99145 23.66339 -9.730926 44.51758 23.66339 -9.595611 44.01245 20.56336 11.30002 46.49145 20.56336 8.30002 43.49145 20.56336 8.30002 40.4165 20.56336 11.42502 40.4165 20.56336 8.701936 44.99145 20.56336 8.480928 44.51758 20.56336 8.345552 44.01245 20.56336 11.93723 40.4613 20.56336 12.43393 40.59436 20.56336 12.89999 40.81177 20.56336 10.77902 46.44592 20.56336 10.27396 46.31055 20.56336 9.80002 46.0896 20.56336 13.3212 41.10669 20.56336 13.68485 41.47034 20.56336 13.97977 41.89148 20.56336 14.19711 42.35754 20.56336 14.33017 42.85425 20.56336 9.371614 45.78967 20.56336 9.001863 45.41992 23.66339 8.30002 43.49145 23.66339 8.345552 44.01245 23.66339 8.480928 44.51758 23.66339 8.701936 44.99145 23.66339 9.001863 45.41992 23.66339 9.371614 45.78967 23.66339 9.80002 46.0896 23.66339 10.27396 46.31055 23.66339 10.77902 46.44592 23.66339 11.30002 46.49145 23.66339 13.30002 46.49145 23.66339 8.30002 40.4165 23.66339 8.30002 41.49145 23.66339 -12.33298 83.28125 23.66339 -12.50137 83.3263 23.66339 -12.67502 82.34156 23.66339 -12.67502 83.34156 23.66339 -12.84866 83.3263 23.66339 -11.90896 82.98426 23.66339 -12.03219 83.10755 23.66339 -12.17502 83.20752 23.66339 -11.69021 82.51514 23.66339 -11.73532 82.68347 23.66339 -11.80899 82.84156 23.66339 -11.73532 81.99951 23.66339 -11.69021 82.16785 23.66339 -11.67502 82.34156 23.66339 -12.03219 81.57544 23.66339 -11.90896 81.69873 23.66339 -11.80899 81.84156 23.66339 -12.50137 81.35669 23.66339 -12.33298 81.40186 23.66339 -12.17502 81.47547 23.66339 -13.017 81.40186 23.66339 -12.84866 81.35669 23.66339 -12.67502 81.34156 23.66339 -13.44107 81.69873 23.66339 -13.31778 81.57544 23.66339 -13.17502 81.47547 23.66339 -13.65982 82.16785 23.66339 -13.61471 81.99951 23.66339 -13.54104 81.84156 23.66339 -13.61471 82.68347 23.66339 -13.65982 82.51514 23.66339 -13.67502 82.34156 23.66339 -13.31778 83.10755 23.66339 -13.44107 82.98426 23.66339 -13.54104 82.84156 23.66339 -13.017 83.28125 23.66339 -13.17502 83.20752 20.70984 -15.62503 47.56653 23.66339 -14.55002 49.40405 23.66339 -14.55002 53.16406 22.25446 -15.06283 52.93359 20.70984 -15.62503 52.70325 23.66339 -14.55002 80.06409 22.25446 -15.06283 79.83362 23.66339 -14.55002 75.74146 23.66339 -14.55002 62.2915 20.70984 -15.62503 79.60327 20.70984 -15.62503 58.17981 22.25446 -15.06283 57.94934 23.66339 -14.55002 57.71899 23.66339 14.3447 68.71973 23.66339 13.33975 66.89734 23.66339 13.30002 66.86402 22.25446 13.81278 66.63367 23.66339 13.60635 67.15552 23.66339 14.24991 68.29163 23.66339 14.09274 67.88233 23.66339 13.87662 67.50074 23.66339 13.30002 57.71899 22.25446 13.81278 57.94934 23.66339 13.30002 62.2915 23.66339 14.3447 55.01965 23.66339 13.60635 53.45557 23.66339 13.30002 53.16406 22.25446 13.81278 52.93359 23.66339 14.24991 54.59167 23.66339 14.09274 54.18225 23.66339 13.87662 53.80078 20.70984 7.225007 40.4165 23.66339 4.824982 41.49145 23.66339 1.652436 41.49145 22.25446 1.882844 40.97876 20.70984 2.113251 40.4165 20.70984 -8.475006 40.4165 23.66339 1.015717 40.91492 23.66339 1.360993 41.18518 22.95545 0.6346137 40.4165 22.24463 1.195222 40.4165 21.96631 1.38144 40.4165 23.66339 0.6341865 40.69873 23.66339 0.2248846 40.54162 23.27631 0.2975776 40.4165 23.66339 -0.2032158 40.44678 23.57282 -0.182708 40.4165 23.46399 0.0334174 40.4165 23.66339 -0.6250299 40.4165 23.66034 -0.5439752 40.4165 23.6333 -0.3706353 40.4165 23.64856 -0.8035577 40.4165 23.66339 -1.059661 40.44873 23.66339 -2.612884 41.18689 23.66339 -2.902496 41.49145 22.25446 -3.132903 40.97876 23.66339 -1.484893 40.54455 23.52454 -1.17337 40.4165 23.60419 -0.9822076 40.4165 23.66339 -1.891265 40.70215 23.06226 -1.782012 40.4165 23.36505 -1.432769 40.4165 23.66339 -2.270049 40.91772 22.57935 -2.200958 40.4165 22.78076 -2.038665 40.4165 20.70984 -3.36325 40.4165 21.37091 -2.995452 40.4165 21.94104 -2.647796 40.4165 23.66339 -6.074981 41.49145 20.70984 -15.62503 98.61646 23.66339 -15.12662 80.70081 23.66339 -14.85635 80.35559 23.66339 -14.58975 80.09741 22.95545 -15.62503 81.08191 22.24463 -15.62503 80.52124 21.96631 -15.62503 80.33509 23.66339 -15.34274 81.08228 23.66339 -15.49991 81.49158 23.27631 -15.62503 81.41895 23.66339 -15.59469 81.91968 23.57282 -15.62503 81.89917 23.46399 -15.62503 81.68311 23.66339 -15.62503 82.34156 23.66034 -15.62503 82.2605 23.6333 -15.62503 82.08716 23.64856 -15.62503 82.52002 23.66339 -15.59469 82.76331 23.66339 -14.58975 84.5857 23.66339 -14.55002 84.61902 22.25446 -15.06283 84.84937 23.66339 -14.85635 84.32752 23.66339 -15.49991 83.19141 23.52454 -15.62503 82.8899 23.60419 -15.62503 82.69873 23.66339 -15.34274 83.60071 23.06226 -15.62503 83.49854 23.36505 -15.62503 83.14929 23.66339 -15.12662 83.98218 22.57935 -15.62503 83.91748 22.79187 -15.62503 83.74585 20.70984 -15.62503 85.07984 21.37091 -15.62503 84.71204 21.95258 -15.62503 84.35681 23.66339 -14.55002 93.22901 23.66339 -15.12662 53.80078 23.66339 -14.85635 53.45557 22.95545 -15.62503 54.18188 22.24463 -15.62503 53.62134 21.96631 -15.62503 53.43506 23.66339 -15.34274 54.18225 23.66339 -15.49991 54.59167 23.27631 -15.62503 54.51892 23.66339 -15.59469 55.01965 23.57282 -15.62503 54.99914 23.46399 -15.62503 54.78308 23.66339 -15.62503 55.44153 23.66034 -15.62503 55.36047 23.6333 -15.62503 55.18713 23.64856 -15.62503 55.62012 23.66339 -15.59469 55.86328 23.66339 -14.85635 57.42749 23.66339 -15.49991 56.29138 23.52454 -15.62503 55.98987 23.60419 -15.62503 55.7987 23.66339 -15.34274 56.70068 23.06226 -15.62503 56.59851 23.36505 -15.62503 56.24927 23.66339 -15.12662 57.08227 22.57935 -15.62503 57.01745 22.79187 -15.62503 56.84582 21.37091 -15.62503 57.81201 21.95258 -15.62503 57.45679 23.66339 13.87662 70.78223 23.66339 13.60635 71.12744 22.25446 13.81278 71.64942 23.66339 13.33975 71.38562 23.66339 13.30002 71.41895 23.66339 14.09274 70.40076 23.66339 14.24991 69.99146 23.66339 14.3447 69.56336 23.66339 13.30002 75.74146 23.66339 13.30002 93.22901 23.66339 13.87662 57.08227 23.66339 13.60635 57.42749 23.66339 14.09274 56.70068 23.66339 14.24991 56.29138 23.66339 14.3447 55.86328 23.66339 13.30002 49.40405 14.66339 -0.2829889 44.30615 14.66339 -0.4513849 44.35132 14.66339 -0.6250299 43.36645 14.66339 -0.6250299 44.36645 14.66339 -0.7986749 44.35132 14.66339 0.1410223 44.00928 14.66339 0.0177924 44.13257 14.66339 -0.1250298 44.23254 14.66339 0.3597724 43.54016 14.66339 0.3146674 43.70849 14.66339 0.2409979 43.86645 14.66339 0.3146674 43.02453 14.66339 0.3597724 43.19287 14.66339 0.3749701 43.36645 14.66339 0.0177924 42.60046 14.66339 0.1410223 42.72375 14.66339 0.2409979 42.86645 14.66339 -0.4513849 42.38171 14.66339 -0.2829889 42.42676 14.66339 -0.1250298 42.50049 14.66339 -0.9670099 42.42676 14.66339 -0.7986749 42.38171 14.66339 -0.6250299 42.36645 14.66339 -1.391021 42.72375 14.66339 -1.267791 42.60046 14.66339 -1.12503 42.50049 14.66339 -1.609832 43.19287 14.66339 -1.564727 43.02453 14.66339 -1.491058 42.86645 14.66339 -1.564727 43.70849 14.66339 -1.609832 43.54016 14.66339 -1.62503 43.36645 14.66339 -1.267791 44.13257 14.66339 -1.391021 44.00928 14.66339 -1.491058 43.86645 14.66339 -0.9670099 44.30615 14.66339 -1.12503 44.23254 23.76337 -0.6250299 42.36645 23.76337 -0.7986749 42.38171 23.76337 -0.9670099 42.42676 23.76337 -1.12503 42.50049 23.76337 -1.267791 42.60046 23.76337 -1.391021 42.72375 23.76337 -1.491058 42.86645 23.76337 -1.564727 43.02453 23.76337 -1.609832 43.19287 23.76337 -1.62503 43.36645 23.76337 -1.609832 43.54016 23.76337 -1.564727 43.70849 23.76337 -1.491058 43.86645 23.76337 -1.391021 44.00928 23.76337 -1.267791 44.13257 23.76337 -1.12503 44.23254 23.76337 -0.9670099 44.30615 23.76337 -0.7986749 44.35132 23.76337 -0.6250299 44.36645 23.76337 -0.4513849 44.35132 23.76337 -0.2829889 44.30615 23.76337 -0.1250298 44.23254 23.76337 0.0177924 44.13257 23.76337 0.1410223 44.00928 23.76337 0.2409979 43.86645 23.76337 0.3146674 43.70849 23.76337 0.3597724 43.54016 23.76337 0.3749701 43.36645 23.76337 0.3597724 43.19287 23.76337 0.3146674 43.02453 23.76337 0.2409979 42.86645 23.76337 0.1410223 42.72375 23.76337 0.0177924 42.60046 23.76337 -0.1250298 42.50049 23.76337 -0.2829889 42.42676 23.76337 -0.4513849 42.38171 14.66339 -12.33298 56.38122 14.66339 -12.50137 56.42627 14.66339 -12.67502 55.44153 14.66339 -12.67502 56.44153 14.66339 -12.84866 56.42627 14.66339 -11.90896 56.08435 14.66339 -12.03219 56.20752 14.66339 -12.17502 56.30749 14.66339 -11.69021 55.61511 14.66339 -11.73532 55.78357 14.66339 -11.80899 55.94153 14.66339 -11.73532 55.09949 14.66339 -11.69021 55.26782 14.66339 -11.67502 55.44153 14.66339 -12.03219 54.67541 14.66339 -11.90896 54.7987 14.66339 -11.80899 54.94153 14.66339 -12.50137 54.45666 14.66339 -12.33298 54.50183 14.66339 -12.17502 54.57544 14.66339 -13.017 54.50183 14.66339 -12.84866 54.45666 14.66339 -12.67502 54.44153 14.66339 -13.44107 54.7987 14.66339 -13.31778 54.67541 14.66339 -13.17502 54.57544 14.66339 -13.65982 55.26782 14.66339 -13.61471 55.09949 14.66339 -13.54104 54.94153 14.66339 -13.61471 55.78357 14.66339 -13.65982 55.61511 14.66339 -13.67502 55.44153 14.66339 -13.31778 56.20752 14.66339 -13.44107 56.08435 14.66339 -13.54104 55.94153 14.66339 -13.017 56.38122 14.66339 -13.17502 56.30749 23.76337 -12.67502 54.44153 23.76337 -12.84866 54.45666 23.76337 -13.017 54.50183 23.76337 -13.17502 54.57544 23.76337 -13.31778 54.67541 23.76337 -13.44107 54.7987 23.76337 -13.54104 54.94153 23.76337 -13.61471 55.09949 23.76337 -13.65982 55.26782 23.76337 -13.67502 55.44153 23.76337 -13.65982 55.61511 23.76337 -13.61471 55.78357 23.76337 -13.54104 55.94153 23.76337 -13.44107 56.08435 23.76337 -13.31778 56.20752 23.76337 -13.17502 56.30749 23.76337 -13.017 56.38122 23.76337 -12.84866 56.42627 23.76337 -12.67502 56.44153 23.76337 -12.50137 56.42627 23.76337 -12.33298 56.38122 23.76337 -12.17502 56.30749 23.76337 -12.03219 56.20752 23.76337 -11.90896 56.08435 23.76337 -11.80899 55.94153 23.76337 -11.73532 55.78357 23.76337 -11.69021 55.61511 23.76337 -11.67502 55.44153 23.76337 -11.69021 55.26782 23.76337 -11.73532 55.09949 23.76337 -11.80899 54.94153 23.76337 -11.90896 54.7987 23.76337 -12.03219 54.67541 23.76337 -12.17502 54.57544 23.76337 -12.33298 54.50183 23.76337 -12.50137 54.45666 14.66339 11.767 56.38122 14.66339 11.59866 56.42627 14.66339 11.42502 55.44153 14.66339 11.42502 56.44153 14.66339 11.25137 56.42627 14.66339 12.19101 56.08435 14.66339 12.06778 56.20752 14.66339 11.92502 56.30749 14.66339 12.40982 55.61511 14.66339 12.36472 55.78357 14.66339 12.29105 55.94153 14.66339 12.36472 55.09949 14.66339 12.40982 55.26782 14.66339 12.42502 55.44153 14.66339 12.06778 54.67541 14.66339 12.19101 54.7987 14.66339 12.29105 54.94153 14.66339 11.59866 54.45666 14.66339 11.767 54.50183 14.66339 11.92502 54.57544 14.66339 11.08298 54.50183 14.66339 11.25137 54.45666 14.66339 11.42502 54.44153 14.66339 10.65897 54.7987 14.66339 10.7822 54.67541 14.66339 10.92502 54.57544 14.66339 10.44022 55.26782 14.66339 10.48532 55.09949 14.66339 10.55899 54.94153 14.66339 10.48532 55.78357 14.66339 10.44022 55.61511 14.66339 10.42502 55.44153 14.66339 10.7822 56.20752 14.66339 10.65897 56.08435 14.66339 10.55899 55.94153 14.66339 11.08298 56.38122 14.66339 10.92502 56.30749 23.76337 11.42502 54.44153 23.76337 11.25137 54.45666 23.76337 11.08298 54.50183 23.76337 10.92502 54.57544 23.76337 10.7822 54.67541 23.76337 10.65897 54.7987 23.76337 10.55899 54.94153 23.76337 10.48532 55.09949 23.76337 10.44022 55.26782 23.76337 10.42502 55.44153 23.76337 10.44022 55.61511 23.76337 10.48532 55.78357 23.76337 10.55899 55.94153 23.76337 10.65897 56.08435 23.76337 10.7822 56.20752 23.76337 10.92502 56.30749 23.76337 11.08298 56.38122 23.76337 11.25137 56.42627 23.76337 11.42502 56.44153 23.76337 11.59866 56.42627 23.76337 11.767 56.38122 23.76337 11.92502 56.30749 23.76337 12.06778 56.20752 23.76337 12.19101 56.08435 23.76337 12.29105 55.94153 23.76337 12.36472 55.78357 23.76337 12.40982 55.61511 23.76337 12.42502 55.44153 23.76337 12.40982 55.26782 23.76337 12.36472 55.09949 23.76337 12.29105 54.94153 23.76337 12.19101 54.7987 23.76337 12.06778 54.67541 23.76337 11.92502 54.57544 23.76337 11.767 54.50183 23.76337 11.59866 54.45666 4.763367 -13.1365 40.45288 4.763367 -13.58658 40.56091 4.763367 -14.01425 40.73804 4.763367 -14.40896 40.97986 4.763367 -14.76095 41.28052 4.763367 -15.06161 41.63257 4.763367 -15.3035 42.02722 4.763367 -15.48062 42.45495 4.763367 -15.58871 42.90503 23.66339 11.767 70.08118 23.66339 11.59866 70.12635 23.66339 11.42502 69.14148 23.66339 11.42502 70.14148 23.66339 11.25137 70.12635 23.66339 12.19101 69.7843 23.66339 12.06778 69.9076 23.66339 11.92502 70.00757 23.66339 12.40982 69.31519 23.66339 12.36472 69.48352 23.66339 12.29105 69.64148 23.66339 12.36472 68.79944 23.66339 12.40982 68.9679 23.66339 12.42502 69.14148 23.66339 12.06778 68.37549 23.66339 12.19101 68.49878 23.66339 12.29105 68.64148 23.66339 11.59866 68.15674 23.66339 11.767 68.20178 23.66339 11.92502 68.27552 23.66339 11.08298 68.20178 23.66339 11.25137 68.15674 23.66339 11.42502 68.14148 23.66339 10.65897 68.49878 23.66339 10.7822 68.37549 23.66339 10.92502 68.27552 23.66339 10.44022 68.9679 23.66339 10.48532 68.79944 23.66339 10.55899 68.64148 23.66339 10.48532 69.48352 23.66339 10.44022 69.31519 23.66339 10.42502 69.14148 23.66339 10.7822 69.9076 23.66339 10.65897 69.7843 23.66339 10.55899 69.64148 23.66339 11.08298 70.08118 23.66339 10.92502 70.00757 23.66339 8.899995 93.22901 23.66339 8.899995 49.40405 23.66339 4.824982 49.40405 23.66339 -0.6250299 41.4165 23.66339 -0.9635919 41.44617 23.66339 -1.291961 41.53406 23.66339 -1.600005 41.67773 23.66339 -2.457427 42.69958 23.66339 -2.545379 43.02795 23.66339 -0.2864068 45.28686 23.66339 0.04196232 45.19885 23.66339 -1.878448 41.87268 23.66339 -2.118804 42.11304 23.66339 -2.31375 42.39148 23.66339 1.29538 43.02795 23.66339 1.207368 42.69958 23.66339 -0.2864068 41.44617 23.66339 0.04196232 41.53406 23.66339 -2.574981 43.36645 23.66339 -2.545379 43.70508 23.66339 -6.074981 49.40405 23.66339 -2.457427 44.03345 23.66339 -2.31375 44.34155 23.66339 -2.118804 44.61999 23.66339 -1.878448 44.86035 23.66339 -1.600005 45.0553 23.66339 0.3500068 41.67773 23.66339 0.6284492 41.87268 23.66339 0.8688056 42.11304 23.66339 1.063752 42.39148 23.66339 -1.291961 45.19885 23.66339 -0.9635919 45.28686 23.66339 -0.6250299 45.31653 23.66339 0.3500068 45.0553 23.66339 0.6284492 44.86035 23.66339 0.8688056 44.61999 23.66339 1.063752 44.34155 23.66339 1.207368 44.03345 23.66339 1.29538 43.70508 23.66339 1.324982 43.36645 23.66339 -10.14999 49.40405 23.66339 -14.50741 56.1084 23.66339 -14.36374 56.4165 23.66339 -14.16879 56.69495 23.66339 -13.92844 56.9353 23.66339 -14.16879 54.18811 23.66339 -14.36374 54.46655 23.66339 -14.50741 54.77453 23.66339 -14.59537 55.1029 23.66339 -13.64999 57.13025 23.66339 -13.34195 57.27392 23.66339 -13.01364 57.36194 23.66339 -11.69998 57.13025 23.66339 -11.4216 56.9353 23.66339 -10.14999 62.2915 23.66339 -11.18124 56.69495 23.66339 -10.98624 56.4165 23.66339 -10.84262 56.1084 23.66339 -10.75461 55.78015 23.66339 -10.725 55.44153 23.66339 -10.75461 55.1029 23.66339 -10.84262 54.77453 23.66339 -10.98624 54.46655 23.66339 -11.18124 54.18811 23.66339 -11.4216 53.94775 23.66339 -11.69998 53.75281 23.66339 -12.67502 57.39148 23.66339 -12.33639 57.36194 23.66339 -12.00809 57.27392 23.66339 -12.00809 53.60913 23.66339 -12.33639 53.52112 23.66339 -12.67502 53.49145 23.66339 -13.01364 53.52112 23.66339 -13.34195 53.60913 23.66339 -13.64999 53.75281 23.66339 -13.92844 53.94775 23.66339 -14.59537 55.78015 23.66339 -14.62503 55.44153 23.66339 -14.42935 81.49024 23.66339 -14.55002 81.80591 23.66339 -14.25601 81.20008 23.66339 -13.47879 84.11817 23.66339 -13.77347 80.73035 23.66339 -14.03519 80.94422 23.66339 -10.79068 81.8396 23.66339 -10.90567 81.52185 23.66339 -10.14999 75.74146 23.66339 -11.07376 81.22864 23.66339 -14.55002 82.87708 23.66339 -14.42935 83.19287 23.66339 -13.15994 84.23023 23.66339 -12.82657 84.28565 23.66339 -10.14999 93.22901 23.66339 -11.07376 83.45435 23.66339 -10.90567 83.16126 23.66339 -11.28995 80.96887 23.66339 -11.54782 80.75037 23.66339 -11.83945 80.57959 23.66339 -13.15994 80.45276 23.66339 -13.47879 80.56482 23.66339 -14.25601 83.48291 23.66339 -14.03519 83.73877 23.66339 -13.77347 83.95264 23.66339 -10.79068 82.84339 23.66339 -10.73233 82.5105 23.66339 -10.73233 82.17249 23.66339 -12.15622 80.46179 23.66339 -12.48862 80.40039 23.66339 -12.82657 80.39746 23.66339 -12.48862 84.2826 23.66339 -12.15622 84.22119 23.66339 -11.83945 84.1034 23.66339 -11.54782 83.93274 23.66339 -11.28995 83.71411 23.66339 9.482332 69.31055 23.66339 9.540681 69.64344 23.66339 8.899995 75.74146 23.66339 9.655672 69.96118 23.66339 12.22879 67.36487 23.66339 9.482332 68.97254 23.66339 8.899995 62.2915 23.66339 9.540681 68.63965 23.66339 9.655672 68.32178 23.66339 13.00601 70.28296 23.66339 13.17935 69.9928 23.66339 13.30002 69.67713 23.66339 13.30002 68.60596 23.66339 9.823762 70.2544 23.66339 10.03995 70.51416 23.66339 10.29776 70.73267 23.66339 10.58945 70.90345 23.66339 10.90622 71.02124 23.66339 11.23862 71.08252 23.66339 11.57657 71.08557 23.66339 11.90994 71.03028 23.66339 11.90994 67.25281 23.66339 11.57657 67.19739 23.66339 11.23862 67.20044 23.66339 13.17935 68.29016 23.66339 13.00601 68.00012 23.66339 12.78519 67.74427 23.66339 12.52347 67.5304 23.66339 10.90622 67.26184 23.66339 10.58945 67.37964 23.66339 10.29776 67.5503 23.66339 10.03995 67.7688 23.66339 9.823762 68.02857 23.66339 12.22879 70.91809 23.66339 12.52347 70.75269 23.66339 12.78519 70.53882 23.66339 12.91879 56.69495 23.66339 13.11374 56.4165 23.66339 13.25742 54.77453 23.66339 13.11374 54.46655 23.66339 9.931184 56.69495 23.66339 10.17154 56.9353 23.66339 10.44998 57.13025 23.66339 12.91879 54.18811 23.66339 12.67844 53.94775 23.66339 12.39999 53.75281 23.66339 12.09195 53.60913 23.66339 10.75803 53.60913 23.66339 10.44998 53.75281 23.66339 10.17154 53.94775 23.66339 9.931184 54.18811 23.66339 9.736238 54.46655 23.66339 11.76358 57.36194 23.66339 12.09195 57.27392 23.66339 12.39999 57.13025 23.66339 12.67844 56.9353 23.66339 11.76358 53.52112 23.66339 11.42502 53.49145 23.66339 11.0864 53.52112 23.66339 9.50461 55.78015 23.66339 9.592622 56.1084 23.66339 9.736238 56.4165 23.66339 10.75803 57.27392 23.66339 11.0864 57.36194 23.66339 11.42502 57.39148 23.66339 9.592622 54.77453 23.66339 9.50461 55.1029 23.66339 9.475008 55.44153 23.66339 13.25742 56.1084 23.66339 13.34537 55.78015 23.66339 13.34537 55.1029 23.66339 13.37497 55.44153 23.66339 4.824982 75.74146 23.66339 -6.074981 75.74146 23.66339 -6.074981 62.2915 23.66339 4.824982 62.2915 23.46338 12.36472 69.48352 23.46338 12.40982 69.31519 23.46338 13.30002 69.67713 23.46338 12.42502 69.14148 23.46338 13.30002 68.60596 23.46338 10.44022 69.31519 23.46338 9.482332 69.31055 23.46338 10.42502 69.14148 23.46338 9.482332 68.97254 23.46338 10.44022 68.9679 23.46338 9.540681 68.63965 23.46338 10.48532 68.79944 23.46338 9.655672 68.32178 23.46338 10.55899 68.64148 23.46338 9.823762 68.02857 23.46338 10.65897 68.49878 23.46338 10.03995 67.7688 23.46338 10.7822 68.37549 23.46338 10.29776 67.5503 23.46338 10.92502 68.27552 23.46338 10.58945 67.37964 23.46338 11.08298 68.20178 23.46338 10.90622 67.26184 23.46338 11.25137 68.15674 23.46338 11.23862 67.20044 23.46338 11.42502 68.14148 23.46338 11.57657 67.19739 23.46338 11.59866 68.15674 23.46338 11.90994 67.25281 23.46338 11.767 68.20178 23.46338 12.22879 67.36487 23.46338 11.92502 68.27552 23.46338 12.52347 67.5304 23.46338 12.06778 68.37549 23.46338 12.78519 67.74427 23.46338 12.19101 68.49878 23.46338 13.00601 68.00012 23.46338 12.29105 68.64148 23.46338 13.17935 68.29016 23.46338 12.36472 68.79944 23.46338 12.40982 68.9679 23.46338 12.29105 69.64148 23.46338 13.17935 69.9928 23.46338 12.19101 69.7843 23.46338 13.00601 70.28296 23.46338 12.06778 69.9076 23.46338 12.78519 70.53882 23.46338 11.92502 70.00757 23.46338 12.52347 70.75269 23.46338 11.767 70.08118 23.46338 12.22879 70.91809 23.46338 11.59866 70.12635 23.46338 11.90994 71.03028 23.46338 11.42502 70.14148 23.46338 11.57657 71.08557 23.46338 11.25137 70.12635 23.46338 11.23862 71.08252 23.46338 11.08298 70.08118 23.46338 10.90622 71.02124 23.46338 10.92502 70.00757 23.46338 10.58945 70.90345 23.46338 10.7822 69.9076 23.46338 10.29776 70.73267 23.46338 10.65897 69.7843 23.46338 10.03995 70.51416 23.46338 10.55899 69.64148 23.46338 9.823762 70.2544 23.46338 10.48532 69.48352 23.46338 9.655672 69.96118 23.46338 9.540681 69.64344 23.46338 -13.61471 81.99951 23.46338 -13.65982 82.16785 23.46338 -14.55002 81.80591 23.46338 -13.67502 82.34156 23.46338 -14.55002 82.87708 23.46338 -13.54104 81.84156 23.46338 -14.42935 81.49024 23.46338 -13.44107 81.69873 23.46338 -14.25601 81.20008 23.46338 -13.31778 81.57544 23.46338 -14.03519 80.94422 23.46338 -13.17502 81.47547 23.46338 -13.77347 80.73035 23.46338 -13.017 81.40186 23.46338 -13.47879 80.56482 23.46338 -12.84866 81.35669 23.46338 -13.15994 80.45276 23.46338 -12.67502 81.34156 23.46338 -12.82657 80.39746 23.46338 -12.50137 81.35669 23.46338 -12.48862 80.40039 23.46338 -12.33298 81.40186 23.46338 -12.15622 80.46179 23.46338 -12.17502 81.47547 23.46338 -11.83945 80.57959 23.46338 -12.03219 81.57544 23.46338 -11.54782 80.75037 23.46338 -11.90896 81.69873 23.46338 -11.28995 80.96887 23.46338 -11.80899 81.84156 23.46338 -11.07376 81.22864 23.46338 -11.73532 81.99951 23.46338 -10.90567 81.52185 23.46338 -11.69021 82.16785 23.46338 -13.65982 82.51514 23.46338 -13.61471 82.68347 23.46338 -14.42935 83.19287 23.46338 -13.54104 82.84156 23.46338 -14.25601 83.48291 23.46338 -13.44107 82.98426 23.46338 -14.03519 83.73877 23.46338 -13.31778 83.10755 23.46338 -13.77347 83.95264 23.46338 -13.17502 83.20752 23.46338 -13.47879 84.11817 23.46338 -13.017 83.28125 23.46338 -13.15994 84.23023 23.46338 -12.84866 83.3263 23.46338 -12.82657 84.28565 23.46338 -12.67502 83.34156 23.46338 -12.48862 84.2826 23.46338 -12.50137 83.3263 23.46338 -12.15622 84.22119 23.46338 -12.33298 83.28125 23.46338 -11.83945 84.1034 23.46338 -12.17502 83.20752 23.46338 -11.54782 83.93274 23.46338 -12.03219 83.10755 23.46338 -11.28995 83.71411 23.46338 -11.90896 82.98426 23.46338 -11.07376 83.45435 23.46338 -11.80899 82.84156 23.46338 -10.90567 83.16126 23.46338 -11.73532 82.68347 23.46338 -10.79068 82.84339 23.46338 -11.69021 82.51514 23.46338 -10.73233 82.5105 23.46338 -11.67502 82.34156 23.46338 -10.73233 82.17249 23.46338 -10.79068 81.8396 23.76337 -2.118804 42.11304 23.76337 -1.878448 41.87268 23.76337 -1.600005 41.67773 23.76337 -1.291961 41.53406 23.76337 -0.9635919 41.44617 23.76337 -0.6250299 41.4165 23.76337 -0.2864068 41.44617 23.76337 0.04196232 41.53406 23.76337 0.3500068 41.67773 23.76337 0.6284492 41.87268 23.76337 0.8688056 42.11304 23.76337 1.063752 42.39148 23.76337 1.207368 42.69958 23.76337 1.29538 43.02795 23.76337 1.324982 43.36645 23.76337 1.29538 43.70508 23.76337 1.207368 44.03345 23.76337 1.063752 44.34155 23.76337 0.8688056 44.61999 23.76337 0.6284492 44.86035 23.76337 0.3500068 45.0553 23.76337 0.04196232 45.19885 23.76337 -0.2864068 45.28686 23.76337 -0.6250299 45.31653 23.76337 -0.9635919 45.28686 23.76337 -1.291961 45.19885 23.76337 -1.600005 45.0553 23.76337 -1.878448 44.86035 23.76337 -2.118804 44.61999 23.76337 -2.31375 44.34155 23.76337 -2.457427 44.03345 23.76337 -2.545379 43.70508 23.76337 -2.574981 43.36645 23.76337 -2.545379 43.02795 23.76337 -2.457427 42.69958 23.76337 -2.31375 42.39148 23.76337 -14.59537 55.1029 23.76337 -14.50741 54.77453 23.76337 -14.36374 54.46655 23.76337 -14.16879 54.18811 23.76337 -13.92844 53.94775 23.76337 -13.64999 53.75281 23.76337 -13.34195 53.60913 23.76337 -13.01364 53.52112 23.76337 -12.67502 53.49145 23.76337 -12.33639 53.52112 23.76337 -12.00809 53.60913 23.76337 -11.69998 53.75281 23.76337 -11.4216 53.94775 23.76337 -11.18124 54.18811 23.76337 -10.98624 54.46655 23.76337 -10.84262 54.77453 23.76337 -10.75461 55.1029 23.76337 -10.725 55.44153 23.76337 -10.75461 55.78015 23.76337 -10.84262 56.1084 23.76337 -10.98624 56.4165 23.76337 -11.18124 56.69495 23.76337 -11.4216 56.9353 23.76337 -11.69998 57.13025 23.76337 -12.00809 57.27392 23.76337 -12.33639 57.36194 23.76337 -12.67502 57.39148 23.76337 -13.01364 57.36194 23.76337 -13.34195 57.27392 23.76337 -13.64999 57.13025 23.76337 -13.92844 56.9353 23.76337 -14.16879 56.69495 23.76337 -14.36374 56.4165 23.76337 -14.50741 56.1084 23.76337 -14.59537 55.78015 23.76337 -14.62503 55.44153 23.76337 9.50461 55.1029 23.76337 9.592622 54.77453 23.76337 9.736238 54.46655 23.76337 9.931184 54.18811 23.76337 10.17154 53.94775 23.76337 10.44998 53.75281 23.76337 10.75803 53.60913 23.76337 11.0864 53.52112 23.76337 11.42502 53.49145 23.76337 11.76358 53.52112 23.76337 12.09195 53.60913 23.76337 12.39999 53.75281 23.76337 12.67844 53.94775 23.76337 12.91879 54.18811 23.76337 13.11374 54.46655 23.76337 13.25742 54.77453 23.76337 13.34537 55.1029 23.76337 13.37497 55.44153 23.76337 13.34537 55.78015 23.76337 13.25742 56.1084 23.76337 13.11374 56.4165 23.76337 12.91879 56.69495 23.76337 12.67844 56.9353 23.76337 12.39999 57.13025 23.76337 12.09195 57.27392 23.76337 11.76358 57.36194 23.76337 11.42502 57.39148 23.76337 11.0864 57.36194 23.76337 10.75803 57.27392 23.76337 10.44998 57.13025 23.76337 10.17154 56.9353 23.76337 9.931184 56.69495 23.76337 9.736238 56.4165 23.76337 9.592622 56.1084 23.76337 9.50461 55.78015 23.76337 9.475008 55.44153 -24.03662 -15.5925 103.2533 -24.03662 -15.62503 102.8165 -13.53662 -15.5925 103.2533 -13.53662 -15.4874 103.7069 -24.03662 -15.4874 103.7069 -13.53662 -15.31222 104.1384 -24.03662 -15.31222 104.1384 -13.53662 -15.07138 104.537 -24.03662 -15.07138 104.537 -13.53662 -14.77078 104.8926 -24.03662 -14.77078 104.8926 -13.53662 -14.41794 105.1965 -24.03662 -14.41794 105.1965 -13.53662 -14.0217 105.4412 -24.03662 -14.0217 105.4412 -13.53662 -13.59189 105.6204 -24.03662 -13.59189 105.6204 -13.53662 -13.13925 105.7297 -24.03662 -13.13925 105.7297 -24.03662 -12.67502 105.7665 -21.08307 -15.62503 65.2782 -21.08307 -15.62503 46.10474 -21.75073 -15.62503 100.4498 -21.08307 -15.62503 100.0783 -21.08307 -15.62503 70.75476 -21.75073 -15.62503 65.6499 -22.32648 -15.62503 66.00159 -23.1651 -15.62503 101.4122 -22.95245 -15.62503 101.2405 -22.32648 -15.62503 100.8016 -22.34076 -15.62503 45.37219 -22.61255 -15.62503 45.19043 -23.32868 -15.62503 44.6261 -24.02179 -15.62503 102.6379 -23.97742 -15.62503 102.4594 -23.89777 -15.62503 102.2682 -23.1651 -15.62503 66.61219 -22.34076 -15.62503 70.02222 -22.61255 -15.62503 69.84046 -22.95245 -15.62503 66.44043 -23.73828 -15.62503 102.0088 -23.43555 -15.62503 101.6595 -23.64941 -15.62503 44.28918 -23.83716 -15.62503 44.02502 -23.94598 -15.62503 43.80896 -24.00653 -15.62503 43.62097 -24.03357 -15.62503 43.44763 -24.03662 -15.62503 43.36645 -24.03662 -15.62503 68.01648 -24.03357 -15.62503 68.09766 -23.32868 -15.62503 69.27613 -23.64941 -15.62503 68.93921 -24.02179 -15.62503 67.83802 -23.97742 -15.62503 67.6593 -23.89777 -15.62503 67.46814 -23.83716 -15.62503 68.67505 -23.94598 -15.62503 68.45886 -24.00653 -15.62503 68.271 -23.73828 -15.62503 67.20874 -23.43555 -15.62503 66.8595 -24.1366 -12.67502 69.01648 -19.03662 -12.67502 69.01648 -24.1366 -12.84866 69.00135 -19.03662 -12.84866 69.00135 -24.1366 -13.017 68.95618 -19.03662 -13.017 68.95618 -24.1366 -13.17502 68.88257 -19.03662 -13.17502 68.88257 -24.1366 -13.31778 68.7826 -19.03662 -13.31778 68.7826 -24.1366 -13.44107 68.6593 -19.03662 -13.44107 68.6593 -24.1366 -13.54104 68.51648 -19.03662 -13.54104 68.51648 -24.1366 -13.61471 68.35852 -19.03662 -13.61471 68.35852 -24.1366 -13.65982 68.19019 -19.03662 -13.65982 68.19019 -24.1366 -13.67502 68.01648 -19.03662 -13.67502 68.01648 -24.1366 -13.65982 67.8429 -19.03662 -13.65982 67.8429 -24.1366 -13.61471 67.67444 -19.03662 -13.61471 67.67444 -24.1366 -13.54104 67.51648 -19.03662 -13.54104 67.51648 -24.1366 -13.44107 67.37378 -19.03662 -13.44107 67.37378 -24.1366 -13.31778 67.25049 -19.03662 -13.31778 67.25049 -24.1366 -13.17502 67.15052 -19.03662 -13.17502 67.15052 -24.1366 -13.017 67.07678 -19.03662 -13.017 67.07678 -24.1366 -12.84866 67.03174 -19.03662 -12.84866 67.03174 -24.1366 -12.67502 67.01648 -19.03662 -12.67502 67.01648 -24.1366 -12.50137 67.03174 -19.03662 -12.50137 67.03174 -24.1366 -12.33298 67.07678 -19.03662 -12.33298 67.07678 -24.1366 -12.17502 67.15052 -19.03662 -12.17502 67.15052 -24.1366 -12.03219 67.25049 -19.03662 -12.03219 67.25049 -24.1366 -11.90896 67.37378 -19.03662 -11.90896 67.37378 -24.1366 -11.80899 67.51648 -19.03662 -11.80899 67.51648 -24.1366 -11.73532 67.67444 -19.03662 -11.73532 67.67444 -24.1366 -11.69021 67.8429 -19.03662 -11.69021 67.8429 -24.1366 -11.67502 68.01648 -19.03662 -11.67502 68.01648 -24.1366 -11.69021 68.19019 -19.03662 -11.69021 68.19019 -24.1366 -11.73532 68.35852 -19.03662 -11.73532 68.35852 -24.1366 -11.80899 68.51648 -19.03662 -11.80899 68.51648 -24.1366 -11.90896 68.6593 -19.03662 -11.90896 68.6593 -24.1366 -12.03219 68.7826 -19.03662 -12.03219 68.7826 -24.1366 -12.17502 68.88257 -19.03662 -12.17502 68.88257 -24.1366 -12.33298 68.95618 -19.03662 -12.33298 68.95618 -24.1366 -12.50137 69.00135 -19.03662 -12.50137 69.00135 -19.03662 -12.67502 68.01648 -24.1366 -12.67502 44.36645 -19.03662 -12.67502 44.36645 -24.1366 -12.84866 44.35132 -19.03662 -12.84866 44.35132 -24.1366 -13.017 44.30615 -19.03662 -13.017 44.30615 -24.1366 -13.17502 44.23254 -19.03662 -13.17502 44.23254 -24.1366 -13.31778 44.13257 -19.03662 -13.31778 44.13257 -24.1366 -13.44107 44.00928 -19.03662 -13.44107 44.00928 -24.1366 -13.54104 43.86645 -19.03662 -13.54104 43.86645 -24.1366 -13.61471 43.70849 -19.03662 -13.61471 43.70849 -24.1366 -13.65982 43.54016 -19.03662 -13.65982 43.54016 -24.1366 -13.67502 43.36645 -19.03662 -13.67502 43.36645 -24.1366 -13.65982 43.19287 -19.03662 -13.65982 43.19287 -24.1366 -13.61471 43.02453 -19.03662 -13.61471 43.02453 -24.1366 -13.54104 42.86645 -19.03662 -13.54104 42.86645 -24.1366 -13.44107 42.72375 -19.03662 -13.44107 42.72375 -24.1366 -13.31778 42.60046 -19.03662 -13.31778 42.60046 -24.1366 -13.17502 42.50049 -19.03662 -13.17502 42.50049 -24.1366 -13.017 42.42676 -19.03662 -13.017 42.42676 -24.1366 -12.84866 42.38171 -19.03662 -12.84866 42.38171 -24.1366 -12.67502 42.36645 -19.03662 -12.67502 42.36645 -24.1366 -12.50137 42.38171 -19.03662 -12.50137 42.38171 -24.1366 -12.33298 42.42676 -19.03662 -12.33298 42.42676 -24.1366 -12.17502 42.50049 -19.03662 -12.17502 42.50049 -24.1366 -12.03219 42.60046 -19.03662 -12.03219 42.60046 -24.1366 -11.90896 42.72375 -19.03662 -11.90896 42.72375 -24.1366 -11.80899 42.86645 -19.03662 -11.80899 42.86645 -24.1366 -11.73532 43.02453 -19.03662 -11.73532 43.02453 -24.1366 -11.69021 43.19287 -19.03662 -11.69021 43.19287 -24.1366 -11.67502 43.36645 -19.03662 -11.67502 43.36645 -24.1366 -11.69021 43.54016 -19.03662 -11.69021 43.54016 -24.1366 -11.73532 43.70849 -19.03662 -11.73532 43.70849 -24.1366 -11.80899 43.86645 -19.03662 -11.80899 43.86645 -24.1366 -11.90896 44.00928 -19.03662 -11.90896 44.00928 -24.1366 -12.03219 44.13257 -19.03662 -12.03219 44.13257 -24.1366 -12.17502 44.23254 -19.03662 -12.17502 44.23254 -24.1366 -12.33298 44.30615 -19.03662 -12.33298 44.30615 -24.1366 -12.50137 44.35132 -19.03662 -12.50137 44.35132 -19.03662 -12.67502 43.36645 -24.1366 -12.67502 103.8165 -19.03662 -12.67502 103.8165 -24.1366 -12.84866 103.8013 -19.03662 -12.84866 103.8013 -24.1366 -13.017 103.7562 -19.03662 -13.017 103.7562 -24.1366 -13.17502 103.6825 -19.03662 -13.17502 103.6825 -24.1366 -13.31778 103.5825 -19.03662 -13.31778 103.5825 -24.1366 -13.44107 103.4594 -19.03662 -13.44107 103.4594 -24.1366 -13.54104 103.3165 -19.03662 -13.54104 103.3165 -24.1366 -13.61471 103.1586 -19.03662 -13.61471 103.1586 -24.1366 -13.65982 102.9901 -19.03662 -13.65982 102.9901 -24.1366 -13.67502 102.8165 -19.03662 -13.67502 102.8165 -24.1366 -13.65982 102.6428 -19.03662 -13.65982 102.6428 -24.1366 -13.61471 102.4745 -19.03662 -13.61471 102.4745 -24.1366 -13.54104 102.3165 -19.03662 -13.54104 102.3165 -24.1366 -13.44107 102.1737 -19.03662 -13.44107 102.1737 -24.1366 -13.31778 102.0504 -19.03662 -13.31778 102.0504 -24.1366 -13.17502 101.9504 -19.03662 -13.17502 101.9504 -24.1366 -13.017 101.8768 -19.03662 -13.017 101.8768 -24.1366 -12.84866 101.8317 -19.03662 -12.84866 101.8317 -24.1366 -12.67502 101.8165 -19.03662 -12.67502 101.8165 -24.1366 -12.50137 101.8317 -19.03662 -12.50137 101.8317 -24.1366 -12.33298 101.8768 -19.03662 -12.33298 101.8768 -24.1366 -12.17502 101.9504 -19.03662 -12.17502 101.9504 -24.1366 -12.03219 102.0504 -19.03662 -12.03219 102.0504 -24.1366 -11.90896 102.1737 -19.03662 -11.90896 102.1737 -24.1366 -11.80899 102.3165 -19.03662 -11.80899 102.3165 -24.1366 -11.73532 102.4745 -19.03662 -11.73532 102.4745 -24.1366 -11.69021 102.6428 -19.03662 -11.69021 102.6428 -24.1366 -11.67502 102.8165 -19.03662 -11.67502 102.8165 -24.1366 -11.69021 102.9901 -19.03662 -11.69021 102.9901 -24.1366 -11.73532 103.1586 -19.03662 -11.73532 103.1586 -24.1366 -11.80899 103.3165 -19.03662 -11.80899 103.3165 -24.1366 -11.90896 103.4594 -19.03662 -11.90896 103.4594 -24.1366 -12.03219 103.5825 -19.03662 -12.03219 103.5825 -24.1366 -12.17502 103.6825 -19.03662 -12.17502 103.6825 -24.1366 -12.33298 103.7562 -19.03662 -12.33298 103.7562 -24.1366 -12.50137 103.8013 -19.03662 -12.50137 103.8013 -19.03662 -12.67502 102.8165 -24.1366 11.42502 69.01648 -19.03662 11.42502 69.01648 -24.1366 11.25137 69.00135 -19.03662 11.25137 69.00135 -24.1366 11.08298 68.95618 -19.03662 11.08298 68.95618 -24.1366 10.92502 68.88257 -19.03662 10.92502 68.88257 -24.1366 10.7822 68.7826 -19.03662 10.7822 68.7826 -24.1366 10.65897 68.6593 -19.03662 10.65897 68.6593 -24.1366 10.55899 68.51648 -19.03662 10.55899 68.51648 -24.1366 10.48532 68.35852 -19.03662 10.48532 68.35852 -24.1366 10.44022 68.19019 -19.03662 10.44022 68.19019 -24.1366 10.42502 68.01648 -19.03662 10.42502 68.01648 -24.1366 10.44022 67.8429 -19.03662 10.44022 67.8429 -24.1366 10.48532 67.67444 -19.03662 10.48532 67.67444 -24.1366 10.55899 67.51648 -19.03662 10.55899 67.51648 -24.1366 10.65897 67.37378 -19.03662 10.65897 67.37378 -24.1366 10.7822 67.25049 -19.03662 10.7822 67.25049 -24.1366 10.92502 67.15052 -19.03662 10.92502 67.15052 -24.1366 11.08298 67.07678 -19.03662 11.08298 67.07678 -24.1366 11.25137 67.03174 -19.03662 11.25137 67.03174 -24.1366 11.42502 67.01648 -19.03662 11.42502 67.01648 -24.1366 11.59866 67.03174 -19.03662 11.59866 67.03174 -24.1366 11.767 67.07678 -19.03662 11.767 67.07678 -24.1366 11.92502 67.15052 -19.03662 11.92502 67.15052 -24.1366 12.06778 67.25049 -19.03662 12.06778 67.25049 -24.1366 12.19101 67.37378 -19.03662 12.19101 67.37378 -24.1366 12.29105 67.51648 -19.03662 12.29105 67.51648 -24.1366 12.36472 67.67444 -19.03662 12.36472 67.67444 -24.1366 12.40982 67.8429 -19.03662 12.40982 67.8429 -24.1366 12.42502 68.01648 -19.03662 12.42502 68.01648 -24.1366 12.40982 68.19019 -19.03662 12.40982 68.19019 -24.1366 12.36472 68.35852 -19.03662 12.36472 68.35852 -24.1366 12.29105 68.51648 -19.03662 12.29105 68.51648 -24.1366 12.19101 68.6593 -19.03662 12.19101 68.6593 -24.1366 12.06778 68.7826 -19.03662 12.06778 68.7826 -24.1366 11.92502 68.88257 -19.03662 11.92502 68.88257 -24.1366 11.767 68.95618 -19.03662 11.767 68.95618 -24.1366 11.59866 69.00135 -19.03662 11.59866 69.00135 -19.03662 11.42502 68.01648 -24.1366 11.42502 44.36645 -19.03662 11.42502 44.36645 -24.1366 11.25137 44.35132 -19.03662 11.25137 44.35132 -24.1366 11.08298 44.30615 -19.03662 11.08298 44.30615 -24.1366 10.92502 44.23254 -19.03662 10.92502 44.23254 -24.1366 10.7822 44.13257 -19.03662 10.7822 44.13257 -24.1366 10.65897 44.00928 -19.03662 10.65897 44.00928 -24.1366 10.55899 43.86645 -19.03662 10.55899 43.86645 -24.1366 10.48532 43.70849 -19.03662 10.48532 43.70849 -24.1366 10.44022 43.54016 -19.03662 10.44022 43.54016 -24.1366 10.42502 43.36645 -19.03662 10.42502 43.36645 -24.1366 10.44022 43.19287 -19.03662 10.44022 43.19287 -24.1366 10.48532 43.02453 -19.03662 10.48532 43.02453 -24.1366 10.55899 42.86645 -19.03662 10.55899 42.86645 -24.1366 10.65897 42.72375 -19.03662 10.65897 42.72375 -24.1366 10.7822 42.60046 -19.03662 10.7822 42.60046 -24.1366 10.92502 42.50049 -19.03662 10.92502 42.50049 -24.1366 11.08298 42.42676 -19.03662 11.08298 42.42676 -24.1366 11.25137 42.38171 -19.03662 11.25137 42.38171 -24.1366 11.42502 42.36645 -19.03662 11.42502 42.36645 -24.1366 11.59866 42.38171 -19.03662 11.59866 42.38171 -24.1366 11.767 42.42676 -19.03662 11.767 42.42676 -24.1366 11.92502 42.50049 -19.03662 11.92502 42.50049 -24.1366 12.06778 42.60046 -19.03662 12.06778 42.60046 -24.1366 12.19101 42.72375 -19.03662 12.19101 42.72375 -24.1366 12.29105 42.86645 -19.03662 12.29105 42.86645 -24.1366 12.36472 43.02453 -19.03662 12.36472 43.02453 -24.1366 12.40982 43.19287 -19.03662 12.40982 43.19287 -24.1366 12.42502 43.36645 -19.03662 12.42502 43.36645 -24.1366 12.40982 43.54016 -19.03662 12.40982 43.54016 -24.1366 12.36472 43.70849 -19.03662 12.36472 43.70849 -24.1366 12.29105 43.86645 -19.03662 12.29105 43.86645 -24.1366 12.19101 44.00928 -19.03662 12.19101 44.00928 -24.1366 12.06778 44.13257 -19.03662 12.06778 44.13257 -24.1366 11.92502 44.23254 -19.03662 11.92502 44.23254 -24.1366 11.767 44.30615 -19.03662 11.767 44.30615 -24.1366 11.59866 44.35132 -19.03662 11.59866 44.35132 -19.03662 11.42502 43.36645 -24.1366 11.42502 103.8165 -19.03662 11.42502 103.8165 -24.1366 11.25137 103.8013 -19.03662 11.25137 103.8013 -24.1366 11.08298 103.7562 -19.03662 11.08298 103.7562 -24.1366 10.92502 103.6825 -19.03662 10.92502 103.6825 -24.1366 10.7822 103.5825 -19.03662 10.7822 103.5825 -24.1366 10.65897 103.4594 -19.03662 10.65897 103.4594 -24.1366 10.55899 103.3165 -19.03662 10.55899 103.3165 -24.1366 10.48532 103.1586 -19.03662 10.48532 103.1586 -24.1366 10.44022 102.9901 -19.03662 10.44022 102.9901 -24.1366 10.42502 102.8165 -19.03662 10.42502 102.8165 -24.1366 10.44022 102.6428 -19.03662 10.44022 102.6428 -24.1366 10.48532 102.4745 -19.03662 10.48532 102.4745 -24.1366 10.55899 102.3165 -19.03662 10.55899 102.3165 -24.1366 10.65897 102.1737 -19.03662 10.65897 102.1737 -24.1366 10.7822 102.0504 -19.03662 10.7822 102.0504 -24.1366 10.92502 101.9504 -19.03662 10.92502 101.9504 -24.1366 11.08298 101.8768 -19.03662 11.08298 101.8768 -24.1366 11.25137 101.8317 -19.03662 11.25137 101.8317 -24.1366 11.42502 101.8165 -19.03662 11.42502 101.8165 -24.1366 11.59866 101.8317 -19.03662 11.59866 101.8317 -24.1366 11.767 101.8768 -19.03662 11.767 101.8768 -24.1366 11.92502 101.9504 -19.03662 11.92502 101.9504 -24.1366 12.06778 102.0504 -19.03662 12.06778 102.0504 -24.1366 12.19101 102.1737 -19.03662 12.19101 102.1737 -24.1366 12.29105 102.3165 -19.03662 12.29105 102.3165 -24.1366 12.36472 102.4745 -19.03662 12.36472 102.4745 -24.1366 12.40982 102.6428 -19.03662 12.40982 102.6428 -24.1366 12.42502 102.8165 -19.03662 12.42502 102.8165 -24.1366 12.40982 102.9901 -19.03662 12.40982 102.9901 -24.1366 12.36472 103.1586 -19.03662 12.36472 103.1586 -24.1366 12.29105 103.3165 -19.03662 12.29105 103.3165 -24.1366 12.19101 103.4594 -19.03662 12.19101 103.4594 -24.1366 12.06778 103.5825 -19.03662 12.06778 103.5825 -24.1366 11.92502 103.6825 -19.03662 11.92502 103.6825 -24.1366 11.767 103.7562 -19.03662 11.767 103.7562 -24.1366 11.59866 103.8013 -19.03662 11.59866 103.8013 -19.03662 11.42502 102.8165 -24.02179 -12.49649 40.4165 -24.03662 -12.67502 40.4165 -24.03662 -12.2532 40.44678 -24.03662 -10.68906 41.18518 -24.03662 -10.39755 41.49145 -22.62769 -10.16714 40.97876 -24.03662 -11.8251 40.54162 -23.89777 -12.12662 40.4165 -23.97742 -12.31784 40.4165 -24.03662 -11.4158 40.69873 -23.43555 -11.51803 40.4165 -23.73828 -11.86728 40.4165 -24.03662 -11.03427 40.91492 -22.95245 -11.09897 40.4165 -23.1651 -11.27066 40.4165 -21.08307 -9.936737 40.4165 -21.75073 -10.30838 40.4165 -22.32648 -10.66012 40.4165 -24.03662 8.824983 41.49145 -24.03662 9.147554 41.49145 -22.62769 8.917146 40.97876 -24.03662 -10.07498 41.49145 -21.08307 8.686738 40.4165 -24.03662 -15.12662 45.0072 -24.03662 -14.85635 45.35254 -22.62769 -15.06283 45.87439 -24.03662 -14.55002 45.64392 -24.03662 -15.34274 44.62573 -24.03662 -15.49991 44.21643 -24.03662 -15.59469 43.78833 -24.03662 -15.59469 102.3947 -24.03662 -14.85635 100.8306 -24.03662 -14.55002 100.5391 -22.62769 -15.06283 100.3086 -24.03662 -15.49991 101.9666 -24.03662 -15.34274 101.5573 -24.03662 -15.12662 101.1758 -24.03662 -14.55002 92.64148 -24.03662 -14.55002 70.29395 -22.62769 -15.06283 70.52442 -24.03662 -14.55002 77.19153 -24.03662 -15.12662 69.65723 -24.03662 -14.85635 70.00244 -24.03662 -15.34274 69.27576 -24.03662 -15.49991 68.86646 -24.03662 -15.59469 68.43836 -24.02179 11.24643 105.7665 -24.03662 11.42502 105.7665 -24.03662 10.99033 105.7343 -24.03662 9.437105 104.9961 -24.03662 9.147554 104.6915 -22.62769 8.917146 105.2043 -24.03662 10.56516 105.6384 -23.89777 10.87662 105.7665 -23.97742 11.06784 105.7665 -24.03662 10.15872 105.481 -23.43555 10.26804 105.7665 -23.73828 10.61728 105.7665 -24.03662 9.779939 105.2653 -22.95245 9.84897 105.7665 -23.15399 10.01132 105.7665 -21.08307 8.686738 105.7665 -21.75073 9.058382 105.7665 -22.31494 9.402681 105.7665 -24.03662 -10.07498 104.6915 -24.03662 -10.39755 104.6915 -22.62769 -10.16714 105.2043 -24.03662 8.824983 104.6915 -21.08307 -9.936737 105.7665 -22.62769 13.81278 45.87439 -24.03662 13.30002 45.64392 -24.03662 13.30002 55.69153 -24.03662 13.30002 65.73902 -22.62769 13.81278 65.50867 -21.08307 14.37497 65.2782 -21.08307 14.37497 46.10474 -24.03662 14.37497 68.01648 -24.03662 14.3447 68.43836 -24.02179 14.37497 68.19507 -23.97742 14.37497 68.37366 -23.89777 14.37497 68.56482 -24.03662 14.24991 68.86646 -23.73828 14.37497 68.82422 -23.43555 14.37497 69.17346 -24.03662 14.09274 69.27576 -23.1651 14.37497 69.4209 -22.95245 14.37497 69.59253 -24.03662 13.87662 69.65723 -22.32648 14.37497 70.03137 -24.03662 13.30002 70.29395 -22.62769 13.81278 70.52442 -24.03662 13.60635 70.00244 -21.08307 14.37497 70.75476 -21.75073 14.37497 70.38318 -24.03662 13.87515 69.65943 -22.34076 14.37497 66.01087 -24.03662 13.60635 66.03052 -24.03662 13.87515 66.37354 -24.03662 13.87662 66.37574 -22.61255 14.37497 66.19251 -23.32868 14.37497 66.75684 -24.03662 14.09274 66.75733 -24.03662 14.24991 67.16663 -23.64941 14.37497 67.09387 -24.03662 14.3447 67.59473 -23.94598 14.37497 67.5741 -23.83716 14.37497 67.35803 -24.03357 14.37497 67.93543 -24.00653 14.37497 67.76209 -24.03662 13.30002 77.19153 -24.03662 13.30002 100.5391 -22.62769 13.81278 100.3086 -24.03662 13.30002 92.64148 -21.08307 14.37497 100.0783 -24.02179 14.37497 43.54504 -24.03662 14.37497 43.36645 -24.03662 14.3447 43.78833 -24.03662 13.60635 45.35254 -24.03662 14.24991 44.21643 -23.89777 14.37497 43.91492 -23.97742 14.37497 43.72363 -24.03662 14.09274 44.62573 -23.43555 14.37497 44.52344 -23.73828 14.37497 44.17419 -24.03662 13.87662 45.0072 -22.95245 14.37497 44.9425 -23.1651 14.37497 44.77087 -21.75073 14.37497 45.73315 -22.32648 14.37497 45.38147 -24.03662 9.784273 40.91492 -24.03662 9.438997 41.18518 -23.32868 10.16538 40.4165 -22.61255 9.601045 40.4165 -22.34076 9.419343 40.4165 -24.03662 10.1658 40.69873 -24.03662 10.5751 40.54162 -23.64941 10.50229 40.4165 -24.03662 11.00321 40.44678 -23.94598 10.98258 40.4165 -23.83716 10.76645 40.4165 -24.03662 11.42502 40.4165 -24.03357 11.3439 40.4165 -24.00653 11.17056 40.4165 -22.62769 -15.06283 65.50867 -24.03662 -14.55002 65.73902 -24.03662 -14.55002 55.69153 -24.03662 -15.59469 67.59473 -24.03662 -14.85635 66.03052 -24.03662 -15.49991 67.16663 -24.03662 -15.34274 66.75733 -24.03662 -15.12662 66.37574 -24.03662 -11.03427 105.2682 -24.03662 -10.68906 104.9979 -23.32868 -11.41537 105.7665 -22.61255 -10.85104 105.7665 -22.34076 -10.66934 105.7665 -24.03662 -11.4158 105.4843 -24.03662 -11.8251 105.6415 -23.64941 -11.75229 105.7665 -24.03662 -12.2532 105.7362 -23.94598 -12.23257 105.7665 -23.83716 -12.01645 105.7665 -24.03357 -12.5939 105.7665 -24.00653 -12.42056 105.7665 -24.03662 13.87662 101.1758 -24.03662 13.60635 100.8306 -23.32868 14.37497 101.5569 -22.61255 14.37497 100.9926 -22.34076 14.37497 100.8108 -24.03662 14.09274 101.5573 -24.03662 14.24991 101.9666 -23.64941 14.37497 101.8938 -24.03662 14.3447 102.3947 -23.94598 14.37497 102.3741 -23.83716 14.37497 102.158 -24.03662 14.37497 102.8165 -24.03357 14.37497 102.7354 -24.00653 14.37497 102.5621 -13.53662 -13.1365 40.45288 -24.03662 -13.1365 40.45288 -13.53662 -13.58658 40.56091 -24.03662 -13.58658 40.56091 -13.53662 -14.01425 40.73804 -24.03662 -14.01425 40.73804 -13.53662 -14.40896 40.97986 -24.03662 -14.40896 40.97986 -13.53662 -14.76095 41.28052 -24.03662 -14.76095 41.28052 -13.53662 -15.06161 41.63257 -24.03662 -15.06161 41.63257 -13.53662 -15.3035 42.02722 -24.03662 -15.3035 42.02722 -13.53662 -15.48062 42.45495 -24.03662 -15.48062 42.45495 -13.53662 -15.58871 42.90503 -24.03662 -15.58871 42.90503 -24.6366 -0.6250299 97.21656 -24.58661 0.06961125 97.15576 -24.6366 0.06961125 97.15576 -24.58661 0.7430732 96.97534 -24.6366 0.7430732 96.97534 -24.58661 1.37497 96.68067 -24.6366 1.37497 96.68067 -24.58661 1.946137 96.28064 -24.6366 1.946137 96.28064 -24.58661 2.439179 95.78772 -24.6366 2.439179 95.78772 -24.58661 2.839082 95.21656 -24.6366 2.839082 95.21656 -24.58661 3.133759 94.5846 -24.6366 3.133759 94.5846 -24.58661 3.31424 93.91114 -24.6366 3.31424 93.91114 -24.58661 3.37497 93.21656 -24.6366 3.37497 93.21656 -24.58661 3.31424 92.52198 -24.6366 3.31424 92.52198 -24.58661 3.133759 91.84839 -24.6366 3.133759 91.84839 -24.58661 2.839082 91.21656 -24.6366 2.839082 91.21656 -24.58661 2.439179 90.64539 -24.6366 2.439179 90.64539 -24.58661 1.946137 90.15235 -24.6366 1.946137 90.15235 -24.58661 1.37497 89.75244 -24.6366 1.37497 89.75244 -24.58661 0.7430732 89.45777 -24.6366 0.7430732 89.45777 -24.58661 0.06961125 89.27722 -24.6366 0.06961125 89.27722 -24.58661 -0.6250299 89.21656 -24.6366 -0.6250299 89.21656 -24.58661 -1.31961 89.27722 -24.6366 -1.31961 89.27722 -24.58661 -1.993072 89.45777 -24.6366 -1.993072 89.45777 -24.58661 -2.62503 89.75244 -24.6366 -2.62503 89.75244 -24.58661 -3.196136 90.15235 -24.6366 -3.196136 90.15235 -24.58661 -3.689178 90.64539 -24.6366 -3.689178 90.64539 -24.58661 -4.08908 91.21656 -24.6366 -4.08908 91.21656 -24.58661 -4.383758 91.84839 -24.6366 -4.383758 91.84839 -24.58661 -4.564239 92.52198 -24.6366 -4.564239 92.52198 -24.58661 -4.62503 93.21656 -24.6366 -4.62503 93.21656 -24.58661 -4.564239 93.91114 -24.6366 -4.564239 93.91114 -24.58661 -4.383758 94.5846 -24.6366 -4.383758 94.5846 -24.58661 -4.08908 95.21656 -24.6366 -4.08908 95.21656 -24.58661 -3.689178 95.78772 -24.6366 -3.689178 95.78772 -24.58661 -3.196136 96.28064 -24.6366 -3.196136 96.28064 -24.58661 -2.62503 96.68067 -24.6366 -2.62503 96.68067 -24.58661 -1.993072 96.97534 -24.6366 -1.993072 96.97534 -24.58661 -1.31961 97.15576 -24.6366 -1.31961 97.15576 -24.58661 -0.6250299 97.21656 -24.6366 -0.1040337 90.26209 -24.6366 -0.6250299 90.21656 -24.6366 -1.145965 90.26209 -24.6366 -1.651092 90.39746 -24.6366 -2.12503 90.61841 -24.6366 -2.553375 90.91834 -24.6366 -2.923125 91.28821 -24.6366 -3.223052 91.71656 -24.6366 -3.444061 92.19043 -24.6366 -3.579437 92.69556 -24.6366 -3.62503 93.21656 -24.6366 -3.579437 93.73743 -24.6366 -3.444061 94.24256 -24.6366 -3.223052 94.71656 -24.6366 -2.923125 95.1449 -24.6366 -2.553375 95.51465 -24.6366 -2.12503 95.81458 -24.6366 -1.651092 96.03565 -24.6366 -1.145965 96.1709 -24.6366 -0.6250299 96.21656 -24.6366 -0.1040337 96.1709 -24.6366 0.4010322 96.03565 -24.6366 0.8749701 95.81458 -24.6366 1.303376 95.51465 -24.6366 1.673127 95.1449 -24.6366 1.973054 94.71656 -24.6366 2.194062 94.24256 -24.6366 2.329438 93.73743 -24.6366 2.37497 93.21656 -24.6366 2.329438 92.69556 -24.6366 2.194062 92.19043 -24.6366 1.973054 91.71656 -24.6366 1.673127 91.28821 -24.6366 1.303376 90.91834 -24.6366 0.8749701 90.61841 -24.6366 0.4010322 90.39746 -24.58661 -0.6250299 94.21656 -30.03662 -0.6250299 94.21656 -24.58661 -0.4513849 94.2013 -30.03662 -0.4513849 94.2013 -24.58661 -0.2829889 94.15625 -30.03662 -0.2829889 94.15625 -24.58661 -0.1250298 94.08252 -30.03662 -0.1250298 94.08252 -24.58661 0.0177924 93.98255 -30.03662 0.0177924 93.98255 -24.58661 0.1410223 93.85926 -30.03662 0.1410223 93.85926 -24.58661 0.2409979 93.71656 -30.03662 0.2409979 93.71656 -24.58661 0.3146674 93.55847 -30.03662 0.3146674 93.55847 -24.58661 0.3597724 93.39014 -30.03662 0.3597724 93.39014 -24.58661 0.3749701 93.21656 -30.03662 0.3749701 93.21656 -24.58661 0.3597724 93.04285 -30.03662 0.3597724 93.04285 -24.58661 0.3146674 92.87451 -30.03662 0.3146674 92.87451 -24.58661 0.2409979 92.71656 -30.03662 0.2409979 92.71656 -24.58661 0.1410223 92.57373 -30.03662 0.1410223 92.57373 -24.58661 0.0177924 92.45044 -30.03662 0.0177924 92.45044 -24.58661 -0.1250298 92.35047 -30.03662 -0.1250298 92.35047 -24.58661 -0.2829889 92.27686 -30.03662 -0.2829889 92.27686 -24.58661 -0.4513849 92.23169 -30.03662 -0.4513849 92.23169 -24.58661 -0.6250299 92.21656 -30.03662 -0.6250299 92.21656 -24.58661 -0.7986749 92.23169 -30.03662 -0.7986749 92.23169 -24.58661 -0.9670099 92.27686 -30.03662 -0.9670099 92.27686 -24.58661 -1.12503 92.35047 -30.03662 -1.12503 92.35047 -24.58661 -1.267791 92.45044 -30.03662 -1.267791 92.45044 -24.58661 -1.391021 92.57373 -30.03662 -1.391021 92.57373 -24.58661 -1.491058 92.71656 -30.03662 -1.491058 92.71656 -24.58661 -1.564727 92.87451 -30.03662 -1.564727 92.87451 -24.58661 -1.609832 93.04285 -30.03662 -1.609832 93.04285 -24.58661 -1.62503 93.21656 -30.03662 -1.62503 93.21656 -24.58661 -1.609832 93.39014 -30.03662 -1.609832 93.39014 -24.58661 -1.564727 93.55847 -30.03662 -1.564727 93.55847 -24.58661 -1.491058 93.71656 -30.03662 -1.491058 93.71656 -24.58661 -1.391021 93.85926 -30.03662 -1.391021 93.85926 -24.58661 -1.267791 93.98255 -30.03662 -1.267791 93.98255 -24.58661 -1.12503 94.08252 -30.03662 -1.12503 94.08252 -24.58661 -0.9670099 94.15625 -30.03662 -0.9670099 94.15625 -24.58661 -0.7986749 94.2013 -30.03662 -0.7986749 94.2013 -30.03662 -0.6250299 96.21656 -30.03662 -0.1040337 96.1709 -30.03662 0.4010322 96.03565 -30.03662 0.8749701 95.81458 -30.03662 1.303376 95.51465 -30.03662 1.673127 95.1449 -30.03662 1.973054 94.71656 -30.03662 2.194062 94.24256 -30.03662 2.329438 93.73743 -30.03662 2.37497 93.21656 -30.03662 2.329438 92.69556 -30.03662 2.194062 92.19043 -30.03662 1.973054 91.71656 -30.03662 1.673127 91.28821 -30.03662 1.303376 90.91834 -30.03662 0.8749701 90.61841 -30.03662 0.4010322 90.39746 -30.03662 -0.1040337 90.26209 -30.03662 -0.6250299 90.21656 -30.03662 -1.145965 90.26209 -30.03662 -1.651092 90.39746 -30.03662 -2.12503 90.61841 -30.03662 -2.553375 90.91834 -30.03662 -2.923125 91.28821 -30.03662 -3.223052 91.71656 -30.03662 -3.444061 92.19043 -30.03662 -3.579437 92.69556 -30.03662 -3.62503 93.21656 -30.03662 -3.579437 93.73743 -30.03662 -3.444061 94.24256 -30.03662 -3.223052 94.71656 -30.03662 -2.923125 95.1449 -30.03662 -2.553375 95.51465 -30.03662 -2.12503 95.81458 -30.03662 -1.651092 96.03565 -30.03662 -1.145965 96.1709 -24.58661 -8.894317 90.20679 -24.58661 -9.29129 91.68836 -24.58661 -9.425018 93.21656 -24.58661 -9.29129 94.74463 -24.58661 -8.894317 96.22632 -24.58661 -8.246002 97.61646 -24.58661 -7.36618 98.87305 -24.58661 -6.281524 99.95764 -24.58661 -5.024993 100.8375 -24.58661 -3.634795 101.4858 -24.58661 -2.153106 101.8828 -24.58661 -0.6250299 102.0165 -24.58661 0.9031074 101.8828 -24.58661 2.384797 101.4858 -24.58661 3.774995 100.8375 -24.58661 5.031525 99.95764 -24.58661 6.116181 98.87305 -24.58661 6.996003 97.61646 -24.58661 7.644318 96.22632 -24.58661 8.041292 94.74463 -24.58661 8.17502 93.21656 -24.58661 8.041292 91.68836 -24.58661 7.644318 90.20679 -24.58661 6.996003 88.81653 -24.58661 6.116181 87.55994 -24.58661 5.031525 86.47534 -24.58661 3.774995 85.59546 -24.58661 2.384797 84.94727 -24.58661 0.9031074 84.55017 -24.58661 -0.6250299 84.41651 -24.58661 -2.153106 84.55017 -24.58661 -3.634795 84.94727 -24.58661 -5.024993 85.59546 -24.58661 -6.281524 86.47534 -24.58661 -7.36618 87.55994 -24.58661 -8.246002 88.81653 -24.03662 0.9031074 101.8828 -24.03662 2.384797 101.4858 -24.03662 3.774995 100.8375 -24.03662 5.031525 99.95764 -24.03662 6.116181 98.87305 -24.03662 6.996003 97.61646 -24.03662 7.644318 96.22632 -24.03662 8.041292 94.74463 -24.03662 8.17502 93.21656 -24.03662 8.041292 91.68836 -24.03662 7.644318 90.20679 -24.03662 6.996003 88.81653 -24.03662 6.116181 87.55994 -24.03662 5.031525 86.47534 -24.03662 3.774995 85.59546 -24.03662 2.384797 84.94727 -24.03662 0.9031074 84.55017 -24.03662 -0.6250299 84.41651 -24.03662 -2.153106 84.55017 -24.03662 -3.634795 84.94727 -24.03662 -5.024993 85.59546 -24.03662 -6.281524 86.47534 -24.03662 -7.36618 87.55994 -24.03662 -8.246002 88.81653 -24.03662 -8.894317 90.20679 -24.03662 -9.29129 91.68836 -24.03662 -9.425018 93.21656 -24.03662 -9.29129 94.74463 -24.03662 -8.894317 96.22632 -24.03662 -8.246002 97.61646 -24.03662 -7.36618 98.87305 -24.03662 -6.281524 99.95764 -24.03662 -5.024993 100.8375 -24.03662 -3.634795 101.4858 -24.03662 -2.153106 101.8828 -24.03662 -0.6250299 102.0165 -24.58661 -0.6250299 93.21656 -24.03662 -10.98624 42.39148 -24.03662 -10.84262 42.69958 -24.03662 -10.75461 43.02795 -24.03662 -10.725 43.36645 -24.03662 -11.69998 41.67773 -24.03662 -11.4216 41.87268 -24.03662 -11.69998 45.0553 -24.03662 -12.00809 45.19885 -24.03662 -10.07498 55.69153 -24.03662 -12.33639 45.28686 -24.03662 -13.01364 45.28686 -24.03662 -13.34195 45.19885 -24.03662 -10.98624 44.34155 -24.03662 -10.84262 44.03345 -24.03662 -10.75461 43.70508 -24.03662 -11.18124 44.61999 -24.03662 -11.4216 44.86035 -24.03662 -11.18124 42.11304 -24.03662 -13.64999 45.0553 -24.03662 -13.92844 44.86035 -24.03662 -14.16879 44.61999 -24.03662 -14.36374 44.34155 -24.03662 -14.50741 44.03345 -24.03662 -13.92844 41.87268 -24.03662 -14.16879 42.11304 -24.03662 -14.36374 42.39148 -24.03662 -14.50741 42.69958 -24.03662 -14.59537 43.02795 -24.03662 -14.62503 43.36645 -24.03662 -14.59537 43.70508 -24.03662 -12.00809 41.53406 -24.03662 -12.33639 41.44617 -24.03662 -12.67502 41.4165 -24.03662 -13.01364 41.44617 -24.03662 -13.34195 41.53406 -24.03662 -13.64999 41.67773 -24.03662 9.50461 43.70508 -24.03662 12.91879 42.11304 -24.03662 13.11374 42.39148 -24.03662 14.06223 42.04455 -24.03662 13.25742 44.03345 -24.03662 13.11374 44.34155 -24.03662 8.824983 55.69153 -24.03662 9.736238 44.34155 -24.03662 9.592622 44.03345 -24.03662 9.475008 43.36645 -24.03662 9.50461 43.02795 -24.03662 9.592622 42.69958 -24.03662 13.25742 42.69958 -24.03662 13.34537 43.02795 -24.03662 13.37497 43.36645 -24.03662 9.736238 42.39148 -24.03662 9.931184 42.11304 -24.03662 10.17154 41.87268 -24.03662 10.44998 41.67773 -24.03662 10.75803 41.53406 -24.03662 13.82138 41.64612 -24.03662 13.52078 41.2904 -24.03662 12.67844 41.87268 -24.03662 13.16794 40.98645 -24.03662 12.39999 41.67773 -24.03662 12.7717 40.74182 -24.03662 12.09195 41.53406 -24.03662 12.34189 40.56262 -24.03662 11.76358 41.44617 -24.03662 11.88925 40.45325 -24.03662 11.42502 41.4165 -24.03662 11.0864 41.44617 -24.03662 12.91879 44.61999 -24.03662 12.67844 44.86035 -24.03662 12.39999 45.0553 -24.03662 12.09195 45.19885 -24.03662 11.76358 45.28686 -24.03662 11.42502 45.31653 -24.03662 10.44998 45.0553 -24.03662 10.17154 44.86035 -24.03662 9.931184 44.61999 -24.03662 11.0864 45.28686 -24.03662 10.75803 45.19885 -24.03662 14.3425 42.92981 -24.03662 14.2374 42.47607 -24.03662 13.34537 43.70508 -24.03662 11.76358 66.09619 -24.03662 12.09195 66.18408 -24.03662 13.11374 67.04151 -24.03662 12.91879 66.76306 -24.03662 12.67844 66.52271 -24.03662 12.39999 66.32776 -24.03662 13.25742 67.34961 -24.03662 13.34537 67.67786 -24.03662 13.37497 68.01648 -24.03662 9.475008 68.01648 -24.03662 9.50461 67.67786 -24.03662 9.592622 67.34961 -24.03662 9.736238 67.04151 -24.03662 9.931184 66.76306 -24.03662 10.17154 66.52271 -24.03662 10.44998 66.32776 -24.03662 10.75803 66.18408 -24.03662 11.0864 66.09619 -24.03662 13.25742 68.68347 -24.03662 13.11374 68.99146 -24.03662 9.736238 68.99146 -24.03662 9.592622 68.68347 -24.03662 8.824983 77.19153 -24.03662 9.50461 68.35511 -24.03662 11.42502 66.06653 -24.03662 11.42502 69.96656 -24.03662 11.76358 69.93689 -24.03662 12.09195 69.84888 -24.03662 11.0864 69.93689 -24.03662 10.75803 69.84888 -24.03662 10.44998 69.7052 -24.03662 12.91879 69.2699 -24.03662 12.67844 69.51026 -24.03662 12.39999 69.7052 -24.03662 10.17154 69.51026 -24.03662 9.931184 69.2699 -24.03662 13.34537 68.35511 -24.03662 9.931184 101.5631 -24.03662 10.17154 101.3228 -24.03662 8.824983 92.64148 -24.03662 11.76358 100.8961 -24.03662 12.09195 100.9841 -24.03662 13.34537 102.4779 -24.03662 13.37497 102.8165 -24.03662 13.87497 103.3915 -24.03662 10.44998 101.1278 -24.03662 10.75803 100.9841 -24.03662 11.0864 100.8961 -24.03662 9.475008 102.8165 -24.03662 8.824983 103.3915 -24.03662 9.50461 103.1552 -24.03662 9.592622 103.4834 -24.03662 9.50461 102.4779 -24.03662 9.592622 102.1495 -24.03662 9.736238 101.8416 -24.03662 11.42502 100.8665 -24.03662 12.39999 101.1278 -24.03662 12.67844 101.3228 -24.03662 12.91879 101.5631 -24.03662 13.11374 101.8416 -24.03662 13.25742 102.1495 -24.03662 13.97977 104.2915 -24.03662 14.19711 103.8254 -24.03662 14.33017 103.3287 -24.03662 9.931184 104.0699 -24.03662 10.17154 104.3103 -24.03662 10.44998 104.5053 -24.03662 13.34537 103.1552 -24.03662 13.25742 103.4834 -24.03662 13.11374 103.7915 -24.03662 13.68485 104.7128 -24.03662 12.91879 104.0699 -24.03662 13.3212 105.0763 -24.03662 12.67844 104.3103 -24.03662 12.89999 105.3713 -24.03662 12.39999 104.5053 -24.03662 12.43393 105.5886 -24.03662 12.09195 104.6489 -24.03662 11.93723 105.7217 -24.03662 11.76358 104.7369 -24.03662 11.42502 104.7665 -24.03662 11.0864 104.7369 -24.03662 10.75803 104.6489 -24.03662 9.736238 103.7915 -24.03662 -10.07498 103.3915 -24.03662 -11.18124 104.0699 -24.03662 -11.4216 104.3103 -24.03662 -11.69998 104.5053 -24.03662 -12.00809 104.6489 -24.03662 -14.16879 104.0699 -24.03662 -13.92844 104.3103 -24.03662 -13.64999 104.5053 -24.03662 -13.34195 104.6489 -24.03662 -13.01364 104.7369 -24.03662 -12.67502 104.7665 -24.03662 -12.33639 104.7369 -24.03662 -10.725 102.8165 -24.03662 -10.75461 103.1552 -24.03662 -10.84262 103.4834 -24.03662 -10.98624 103.7915 -24.03662 -11.69998 101.1278 -24.03662 -11.4216 101.3228 -24.03662 -10.07498 92.64148 -24.03662 -11.18124 101.5631 -24.03662 -13.92844 101.3228 -24.03662 -14.16879 101.5631 -24.03662 -14.36374 101.8416 -24.03662 -13.64999 101.1278 -24.03662 -13.34195 100.9841 -24.03662 -13.01364 100.8961 -24.03662 -12.67502 100.8665 -24.03662 -12.33639 100.8961 -24.03662 -12.00809 100.9841 -24.03662 -10.98624 101.8416 -24.03662 -10.84262 102.1495 -24.03662 -10.75461 102.4779 -24.03662 -14.50741 102.1495 -24.03662 -14.59537 102.4779 -24.03662 -14.62503 102.8165 -24.03662 -14.59537 103.1552 -24.03662 -14.50741 103.4834 -24.03662 -14.36374 103.7915 -24.03662 -13.92844 66.52271 -24.03662 -13.64999 66.32776 -24.03662 -12.67502 45.31653 -24.03662 -10.07498 77.19153 -24.03662 -10.725 68.01648 -24.03662 -10.75461 68.35511 -24.03662 -12.00809 69.84888 -24.03662 -12.33639 69.93689 -24.03662 -10.84262 68.68347 -24.03662 -10.98624 68.99146 -24.03662 -11.18124 69.2699 -24.03662 -13.01364 66.09619 -24.03662 -12.67502 66.06653 -24.03662 -11.69998 66.32776 -24.03662 -11.4216 66.52271 -24.03662 -11.18124 66.76306 -24.03662 -11.4216 69.51026 -24.03662 -11.69998 69.7052 -24.03662 -12.33639 66.09619 -24.03662 -12.00809 66.18408 -24.03662 -10.98624 67.04151 -24.03662 -10.84262 67.34961 -24.03662 -10.75461 67.67786 -24.03662 -12.67502 69.96656 -24.03662 -13.01364 69.93689 -24.03662 -13.34195 69.84888 -24.03662 -13.34195 66.18408 -24.03662 -14.16879 66.76306 -24.03662 -14.36374 67.04151 -24.03662 -14.50741 67.34961 -24.03662 -14.59537 67.67786 -24.03662 -14.62503 68.01648 -24.03662 -14.59537 68.35511 -24.03662 -14.50741 68.68347 -24.03662 -14.36374 68.99146 -24.03662 -14.16879 69.2699 -24.03662 -13.92844 69.51026 -24.03662 -13.64999 69.7052 -13.53662 14.3425 42.92981 -13.53662 14.2374 42.47607 -13.53662 14.06223 42.04455 -13.53662 13.82138 41.64612 -13.53662 13.52078 41.2904 -13.53662 13.16794 40.98645 -13.53662 12.7717 40.74182 -13.53662 12.34189 40.56262 -13.53662 11.88925 40.45325 -13.53662 0.5749824 105.7665 -13.53662 0.5749824 105.2665 -13.53662 -1.824981 105.2665 -13.53662 -1.824981 105.7665 -24.1366 -14.62503 68.01648 -24.1366 -14.59537 68.35511 -24.1366 -14.50741 68.68347 -24.1366 -14.36374 68.99146 -24.1366 -14.16879 69.2699 -24.1366 -13.92844 69.51026 -24.1366 -13.64999 69.7052 -24.1366 -13.34195 69.84888 -24.1366 -13.01364 69.93689 -24.1366 -12.67502 69.96656 -24.1366 -12.33639 69.93689 -24.1366 -12.00809 69.84888 -24.1366 -11.69998 69.7052 -24.1366 -11.4216 69.51026 -24.1366 -11.18124 69.2699 -24.1366 -10.98624 68.99146 -24.1366 -10.84262 68.68347 -24.1366 -10.75461 68.35511 -24.1366 -10.725 68.01648 -24.1366 -10.75461 67.67786 -24.1366 -10.84262 67.34961 -24.1366 -10.98624 67.04151 -24.1366 -11.18124 66.76306 -24.1366 -11.4216 66.52271 -24.1366 -11.69998 66.32776 -24.1366 -12.00809 66.18408 -24.1366 -12.33639 66.09619 -24.1366 -12.67502 66.06653 -24.1366 -13.01364 66.09619 -24.1366 -13.34195 66.18408 -24.1366 -13.64999 66.32776 -24.1366 -13.92844 66.52271 -24.1366 -14.16879 66.76306 -24.1366 -14.36374 67.04151 -24.1366 -14.50741 67.34961 -24.1366 -14.59537 67.67786 -24.1366 -14.62503 102.8165 -24.1366 -14.59537 103.1552 -24.1366 -14.50741 103.4834 -24.1366 -14.36374 103.7915 -24.1366 -14.16879 104.0699 -24.1366 -13.92844 104.3103 -24.1366 -13.64999 104.5053 -24.1366 -13.34195 104.6489 -24.1366 -13.01364 104.7369 -24.1366 -12.67502 104.7665 -24.1366 -12.33639 104.7369 -24.1366 -12.00809 104.6489 -24.1366 -11.69998 104.5053 -24.1366 -11.4216 104.3103 -24.1366 -11.18124 104.0699 -24.1366 -10.98624 103.7915 -24.1366 -10.84262 103.4834 -24.1366 -10.75461 103.1552 -24.1366 -10.725 102.8165 -24.1366 -10.75461 102.4779 -24.1366 -10.84262 102.1495 -24.1366 -10.98624 101.8416 -24.1366 -11.18124 101.5631 -24.1366 -11.4216 101.3228 -24.1366 -11.69998 101.1278 -24.1366 -12.00809 100.9841 -24.1366 -12.33639 100.8961 -24.1366 -12.67502 100.8665 -24.1366 -13.01364 100.8961 -24.1366 -13.34195 100.9841 -24.1366 -13.64999 101.1278 -24.1366 -13.92844 101.3228 -24.1366 -14.16879 101.5631 -24.1366 -14.36374 101.8416 -24.1366 -14.50741 102.1495 -24.1366 -14.59537 102.4779 -24.1366 9.475008 43.36645 -24.1366 9.50461 43.70508 -24.1366 9.592622 44.03345 -24.1366 9.736238 44.34155 -24.1366 9.931184 44.61999 -24.1366 10.17154 44.86035 -24.1366 10.44998 45.0553 -24.1366 10.75803 45.19885 -24.1366 11.0864 45.28686 -24.1366 11.42502 45.31653 -24.1366 11.76358 45.28686 -24.1366 12.09195 45.19885 -24.1366 12.39999 45.0553 -24.1366 12.67844 44.86035 -24.1366 12.91879 44.61999 -24.1366 13.11374 44.34155 -24.1366 13.25742 44.03345 -24.1366 13.34537 43.70508 -24.1366 13.37497 43.36645 -24.1366 13.34537 43.02795 -24.1366 13.25742 42.69958 -24.1366 13.11374 42.39148 -24.1366 12.91879 42.11304 -24.1366 12.67844 41.87268 -24.1366 12.39999 41.67773 -24.1366 12.09195 41.53406 -24.1366 11.76358 41.44617 -24.1366 11.42502 41.4165 -24.1366 11.0864 41.44617 -24.1366 10.75803 41.53406 -24.1366 10.44998 41.67773 -24.1366 10.17154 41.87268 -24.1366 9.931184 42.11304 -24.1366 9.736238 42.39148 -24.1366 9.592622 42.69958 -24.1366 9.50461 43.02795 -24.1366 9.475008 68.01648 -24.1366 9.50461 68.35511 -24.1366 9.592622 68.68347 -24.1366 9.736238 68.99146 -24.1366 9.931184 69.2699 -24.1366 10.17154 69.51026 -24.1366 10.44998 69.7052 -24.1366 10.75803 69.84888 -24.1366 11.0864 69.93689 -24.1366 11.42502 69.96656 -24.1366 11.76358 69.93689 -24.1366 12.09195 69.84888 -24.1366 12.39999 69.7052 -24.1366 12.67844 69.51026 -24.1366 12.91879 69.2699 -24.1366 13.11374 68.99146 -24.1366 13.25742 68.68347 -24.1366 13.34537 68.35511 -24.1366 13.37497 68.01648 -24.1366 13.34537 67.67786 -24.1366 13.25742 67.34961 -24.1366 13.11374 67.04151 -24.1366 12.91879 66.76306 -24.1366 12.67844 66.52271 -24.1366 12.39999 66.32776 -24.1366 12.09195 66.18408 -24.1366 11.76358 66.09619 -24.1366 11.42502 66.06653 -24.1366 11.0864 66.09619 -24.1366 10.75803 66.18408 -24.1366 10.44998 66.32776 -24.1366 10.17154 66.52271 -24.1366 9.931184 66.76306 -24.1366 9.736238 67.04151 -24.1366 9.592622 67.34961 -24.1366 9.50461 67.67786 -24.1366 9.475008 102.8165 -24.1366 9.50461 103.1552 -24.1366 9.592622 103.4834 -24.1366 9.736238 103.7915 -24.1366 9.931184 104.0699 -24.1366 10.17154 104.3103 -24.1366 10.44998 104.5053 -24.1366 10.75803 104.6489 -24.1366 11.0864 104.7369 -24.1366 11.42502 104.7665 -24.1366 11.76358 104.7369 -24.1366 12.09195 104.6489 -24.1366 12.39999 104.5053 -24.1366 12.67844 104.3103 -24.1366 12.91879 104.0699 -24.1366 13.11374 103.7915 -24.1366 13.25742 103.4834 -24.1366 13.34537 103.1552 -24.1366 13.37497 102.8165 -24.1366 13.34537 102.4779 -24.1366 13.25742 102.1495 -24.1366 13.11374 101.8416 -24.1366 12.91879 101.5631 -24.1366 12.67844 101.3228 -24.1366 12.39999 101.1278 -24.1366 12.09195 100.9841 -24.1366 11.76358 100.8961 -24.1366 11.42502 100.8665 -24.1366 11.0864 100.8961 -24.1366 10.75803 100.9841 -24.1366 10.44998 101.1278 -24.1366 10.17154 101.3228 -24.1366 9.931184 101.5631 -24.1366 9.736238 101.8416 -24.1366 9.592622 102.1495 -24.1366 9.50461 102.4779 -24.1366 -14.62503 43.36645 -24.1366 -14.59537 43.70508 -24.1366 -14.50741 44.03345 -24.1366 -14.36374 44.34155 -24.1366 -14.16879 44.61999 -24.1366 -13.92844 44.86035 -24.1366 -13.64999 45.0553 -24.1366 -13.34195 45.19885 -24.1366 -13.01364 45.28686 -24.1366 -12.67502 45.31653 -24.1366 -12.33639 45.28686 -24.1366 -12.00809 45.19885 -24.1366 -11.69998 45.0553 -24.1366 -11.4216 44.86035 -24.1366 -11.18124 44.61999 -24.1366 -10.98624 44.34155 -24.1366 -10.84262 44.03345 -24.1366 -10.75461 43.70508 -24.1366 -10.725 43.36645 -24.1366 -10.75461 43.02795 -24.1366 -10.84262 42.69958 -24.1366 -10.98624 42.39148 -24.1366 -11.18124 42.11304 -24.1366 -11.4216 41.87268 -24.1366 -11.69998 41.67773 -24.1366 -12.00809 41.53406 -24.1366 -12.33639 41.44617 -24.1366 -12.67502 41.4165 -24.1366 -13.01364 41.44617 -24.1366 -13.34195 41.53406 -24.1366 -13.64999 41.67773 -24.1366 -13.92844 41.87268 -24.1366 -14.16879 42.11304 -24.1366 -14.36374 42.39148 -24.1366 -14.50741 42.69958 -24.1366 -14.59537 43.02795 -15.27112 -1.824981 105.7665 -15.27112 0.5749824 105.7665 -15.27112 0.5749824 105.2665 -15.27112 -1.824981 105.2665 -10.43665 10.22501 87.76648 -10.43665 10.22501 88.56653 -12.15668 10.22501 88.56653 -13.03302 10.22501 91.35706 -12.7569 10.22501 91.63318 -13.03302 10.22501 91.9093 -13.03302 10.22501 89.36646 -13.53662 10.22501 96.80139 -13.03302 10.22501 93.62378 -10.43665 10.22501 96.96656 -10.43665 10.22501 97.76648 -12.30267 10.22501 96.96656 -12.65558 10.22501 97.76648 -13.03302 10.22501 96.16651 -13.03302 10.22501 94.17603 -12.7569 10.22501 93.8999 -13.03302 14.37497 94.17603 -13.53662 14.37497 96.80139 -10.43665 14.37497 88.56653 -10.43665 14.37497 87.76648 -12.15668 14.37497 88.56653 -13.03302 14.37497 89.36646 -13.03302 14.37497 91.35706 -10.43665 14.37497 97.76648 -10.43665 14.37497 96.96656 -12.65558 14.37497 97.76648 -12.30267 14.37497 96.96656 -13.03302 14.37497 96.16651 -12.7569 14.37497 91.63318 -13.03302 14.37497 91.9093 -13.03302 14.37497 93.62378 -12.7569 14.37497 93.8999 -10.05652 10.22501 88.56653 -10.05652 10.22501 87.76648 -9.336609 10.22501 88.56653 -9.336609 10.22501 96.96656 -10.05652 10.22501 96.96656 -10.05652 10.22501 97.76648 -10.05652 14.37497 96.96656 -10.05652 14.37497 97.76648 -9.336609 14.37497 96.96656 -9.336609 14.37497 88.56653 -10.05652 14.37497 88.56653 -10.05652 14.37497 87.76648 -12.56793 10.22501 90.09986 -11.76788 10.22501 90.09986 -12.56793 10.22501 90.8999 -11.76788 10.22501 90.8999 -11.76788 14.37497 90.09986 -12.56793 14.37497 90.09986 -11.76788 14.37497 90.8999 -12.56793 14.37497 90.8999 -12.56793 10.22501 92.36646 -11.76788 10.22501 92.36646 -12.56793 10.22501 93.16651 -11.76788 10.22501 93.16651 -11.76788 14.37497 92.36646 -12.56793 14.37497 92.36646 -11.76788 14.37497 93.16651 -12.56793 14.37497 93.16651 -12.56793 10.22501 94.63318 -11.76788 10.22501 94.63318 -12.56793 10.22501 95.43323 -11.76788 10.22501 95.43323 -11.76788 14.37497 94.63318 -12.56793 14.37497 94.63318 -11.76788 14.37497 95.43323 -12.56793 14.37497 95.43323 -13.03302 -11.475 94.17603 -13.53662 -11.475 96.80139 -10.43665 -11.475 88.56653 -10.43665 -11.475 87.76648 -12.15668 -11.475 88.56653 -13.03302 -11.475 89.36646 -13.03302 -11.475 91.35706 -10.43665 -11.475 97.76648 -10.43665 -11.475 96.96656 -12.65558 -11.475 97.76648 -12.30267 -11.475 96.96656 -13.03302 -11.475 96.16651 -12.7569 -11.475 91.63318 -13.03302 -11.475 91.9093 -13.03302 -11.475 93.62378 -12.7569 -11.475 93.8999 -10.43665 -15.62503 87.76648 -10.43665 -15.62503 88.56653 -12.15668 -15.62503 88.56653 -13.03302 -15.62503 91.35706 -12.7569 -15.62503 91.63318 -13.03302 -15.62503 91.9093 -13.03302 -15.62503 89.36646 -13.53662 -15.62503 96.80139 -13.03302 -15.62503 93.62378 -10.43665 -15.62503 96.96656 -10.43665 -15.62503 97.76648 -12.30267 -15.62503 96.96656 -12.65558 -15.62503 97.76648 -13.03302 -15.62503 96.16651 -13.03302 -15.62503 94.17603 -12.7569 -15.62503 93.8999 -10.05652 -11.475 96.96656 -10.05652 -11.475 97.76648 -9.336609 -11.475 96.96656 -9.336609 -11.475 88.56653 -10.05652 -11.475 88.56653 -10.05652 -11.475 87.76648 -10.05652 -15.62503 88.56653 -10.05652 -15.62503 87.76648 -9.336609 -15.62503 88.56653 -9.336609 -15.62503 96.96656 -10.05652 -15.62503 96.96656 -10.05652 -15.62503 97.76648 -11.76788 -11.475 90.09986 -12.56793 -11.475 90.09986 -11.76788 -11.475 90.8999 -12.56793 -11.475 90.8999 -12.56793 -15.62503 90.09986 -11.76788 -15.62503 90.09986 -12.56793 -15.62503 90.8999 -11.76788 -15.62503 90.8999 -11.76788 -11.475 92.36646 -12.56793 -11.475 92.36646 -11.76788 -11.475 93.16651 -12.56793 -11.475 93.16651 -12.56793 -15.62503 92.36646 -11.76788 -15.62503 92.36646 -12.56793 -15.62503 93.16651 -11.76788 -15.62503 93.16651 -11.76788 -11.475 94.63318 -12.56793 -11.475 94.63318 -11.76788 -11.475 95.43323 -12.56793 -11.475 95.43323 -12.56793 -15.62503 94.63318 -11.76788 -15.62503 94.63318 -12.56793 -15.62503 95.43323 -11.76788 -15.62503 95.43323 -13.53662 11.22501 97.76648 -8.536622 11.22501 97.76648 -13.53662 11.22501 87.76648 -8.536622 11.22501 87.76648 -8.536622 -12.475 97.76648 -13.53662 -12.475 97.76648 -8.536622 -12.475 87.76648 -13.53662 -12.475 87.76648</float_array>
          <technique_common>
            <accessor source="#ID3-mesh-positions-array" count="4308" stride="3">
              <param name="X" type="float"/>
              <param name="Y" type="float"/>
              <param name="Z" type="float"/>
            </accessor>
          </technique_common>
        </source>
        <source id="ID3-mesh-normals">
          <float_array id="ID3-mesh-normals-array" count="26262">0 -1 0 0 -1 0 0 -1 0 0 -1 0 0 -1 0 0 -1 0 0 -1 0 0 -1 0 0 1 0 0 1 0 0 1 0 0 1 0 0 1 0 0 1 0 0 1 0 0 1 0 0 0 1 0 0 1 0 0 1 0 0 1 0 0 1 0 0 1 0 0 1 0 0 1 0 0 1 0 0 1 0 0 1 0 0 1 0 0 1 0 0 1 0 0 1 0 0 1 0 0 1 0 0 1 0 0 1 0 0 1 0 0 1 0 0 1 0 0 1 0 0 1 0 0 1 0 0 1 0 0 1 0 0 1 0 0 1 0 0 1 0 0 1 0 0 1 0 0 1 0 0 1 0 0 1 0 0 1 0 0 1 0 0 1 0 0 1 0 0 1 0 0 1 0 0 1 0 0 1 0 0 1 0 0 1 0 0 1 0 0 1 0 0 1 0 0 1 0 0 1 0 0 1 0 0 1 0 0 1 0 0 1 0 0 1 0 0 1 0 0 1 0 0 1 0 0 1 0 0 1 0 0 1 0 0 1 0 0 1 0 0 1 0 0 1 0 0 1 0 0 1 0 0 1 0 0 1 0 0 1 0 0 1 0 0 1 0 0 1 0 0 1 0 0 1 0 0 1 0 0 1 0 0 1 0 0 1 0 0 1 0 0 1 0 0 1 0 0 1 0 0 1 0 0 1 0 0 1 0 0 1 0 0 1 0 0 1 0 0 1 0 0 1 0 0 1 0 0 1 0 0 1 0 0 1 0 0 1 0 0 1 0 0 1 0 0 1 0 0 1 0 0 1 0 0 1 0 0 1 0 0 1 0 0 1 0 0 1 0 0 1 0 0 1 0 0 1 0 0 1 0 0 1 0 0 1 0 0 1 0 0 1 0 0 1 0 0 1 0 0 1 0 0 1 0 0 1 0 0 1 0 0 1 0 0 1 0 0 1 0 0 1 0 0 1 0 0 1 0 0 1 0 0 1 0 0 1 0 0 1 0 0 1 0 0 1 0 0 1 0 0 1 0 0 1 0 0 1 0 0 1 0 0 1 0 0 1 0 0 1 0 0 1 0 0 1 0 0 1 0 0 1 0 0 1 0 0 1 0 0 1 0 0 1 0 0 1 0 0 1 0 0 1 0 0 1 0 0 1 0 0 1 0 0 1 0 0 1 0 0 1 0 0 1 0 0 1 0 0 1 0 0 1 0 0 1 0 0 1 0 0 1 0 0 1 0 0 1 0 0 1 0 0 1 0 0 1 0 0 1 0 0 1 0 0 1 0 0 1 0 0 1 0 0 1 0 0 1 0 0 1 0 0 1 0 0 1 0 0 1 0 0 1 0 0 1 0 0 1 0 0 1 0 0 1 0 0 1 0 0 1 0 0 1 0 0 1 0 0 1 0 0 1 0 0 1 0 0 1 0 0 1 0 0 1 0 0 1 0 0 1 0 0 1 0 0 1 0 0 1 0 0 -1 0 0 -1 0 0 -1 0 0 -1 0 0 -1 0 0 -1 0 0 -1 0 0 -1 0 0 -1 0 0 -1 0 0 -1 0 0 -1 0 0 -1 0 0 -1 0 0 -1 0 0 -1 0 0 -1 0 0 -1 0 0 -1 0 0 -1 0 0 -1 0 0 -1 0 0 -1 0 0 -1 0 0 -1 0 0 -1 0 0 -1 0 0 -1 0 0 -1 0 0 -1 0 0 -1 0 0 -1 0 0 -1 0 0 -1 0 0 -1 0 0 -1 0 0 -1 0 0 -1 0 0 -1 0 0 -1 0 0 -1 0 0 -1 0 0 -1 0 0 -1 0 0 -1 0 0 -1 0 0 -1 0 0 -1 0 0 -1 0 0 -1 0 0 -1 0 0 -1 0 0 -1 0 0 -1 0 0 -1 0 0 -1 0 0 -1 0 0 -1 0 0 -1 0 0 -1 0 0 -1 0 0 -1 0 0 -1 0 0 -1 0 0 -1 0 0 -1 0 0 -1 0 0 -1 0 0 -1 0 0 -1 0 0 -1 0 0 -1 0 0 -1 0 0 -1 0 0 -1 0 0 -1 0 0 -1 0 0 -1 0 0 -1 0 0 -1 0 0 -1 0 0 -1 0 0 -1 0 0 -1 0 0 -1 0 0 -1 0 0 -1 0 0 -1 0 0 -1 0 0 -1 0 0 -1 0 0 -1 0 0 -1 0 0 -1 0 0 -1 0 0 -1 0 0 -1 0 0 -1 0 0 -1 0 0 -1 0 0 -1 0 0 -1 0 0 -1 0 0 -1 0 0 -1 0 0 -1 0 0 -1 0 0 -1 0 0 -1 0 0 -1 0 0 -1 0 0 -1 0 0 -1 0 0 -1 0 0 -1 0 0 -1 0 0 -1 0 0 -1 0 0 -1 0 0 -1 0 0 -1 0 0 -1 0 0 -1 0 0 -1 0 0 -1 0 0 -1 0 0 -1 0 0 -1 0 0 -1 0 0 -1 0 0 -1 0 0 -1 0 0 -1 0 0 -1 0 0 -1 0 0 -1 0 0 -1 0 0 -1 0 0 -1 0 0 -1 0 0 -1 0 0 -1 0 0 -1 0 0 -1 0 0 -1 0 0 -1 0 0 -1 0 0 -1 0 0 -1 0 0 -1 0 0 -1 0 0 -1 0 0 -1 0 0 -1 0 0 -1 0 0 -1 0 0 -1 0 0 -1 0 0 -1 0 0 -1 0 0 -1 0 0 -1 0 0 -1 0 0 -1 0 0 -1 0 0 -1 0 0 -1 0 0 -1 0 0 -1 0 0 -1 0 0 -1 0 0 -1 0 0 -1 0 0 -1 0 0 -1 0 0 -1 0 0 -1 0 0 -1 0 0 -1 0 0 -1 0 0 -1 0 0 -1 0 0 -1 0 0 -1 0 0 -1 0 0 -1 0 0 -1 0 0 -1 0 0 -1 0 0 -1 0 0 -1 0 0 -1 0 0 -1 0 0 -1 0 0 -1 0 0 -1 0 0 -1 0 0 -1 -1 0 0 -1 0 0 -1 0 0 -1 0 0 -1 0 0 -1 0 0 -1 0 0 -1 0 0 -1 0 0 -1 0 0 -1 0 0 -1 0 0 -1 0 0 -1 0 0 -1 0 0 -1 0 0 -1 0 0 -1 0 0 -1 0 0 -1 0 0 -1 0 0 -1 0 0 -1 0 0 -1 0 0 0 0 1 0 0 1 1 0 0 1 0 0 1 0 0 1 0 0 1 0 0 1 0 0 1 0 0 1 0 0 1 0 0 1 0 0 1 0 0 1 0 0 1 0 0 1 0 0 1 0 0 1 0 0 1 0 0 1 0 0 1 0 0 1 0 0 1 0 0 1 0 0 1 0 0 1 0 0 0 0 1 0 0 1 -1 0 0 -1 0 0 -1 0 0 -1 0 0 -1 0 0 -1 0 0 -1 0 0 -1 0 0 -1 0 0 -1 0 0 -1 0 0 -1 0 0 -1 0 0 -1 0 0 -1 0 0 -1 0 0 -1 0 0 -1 0 0 -1 0 0 -1 0 0 -1 0 0 -1 0 0 -1 0 0 -1 0 0 0 0 1 0 0 1 1 0 0 1 0 0 1 0 0 1 0 0 1 0 0 1 0 0 1 0 0 1 0 0 1 0 0 1 0 0 1 0 0 1 0 0 1 0 0 1 0 0 1 0 0 1 0 0 1 0 0 1 0 0 1 0 0 1 0 0 1 0 0 1 0 0 1 0 0 1 0 0 0 -1 0 0 -1 0 0 0.9961923 0.0871843 0 0.9961923 0.0871843 0 0.965927 0.2588144 0 0.965927 0.2588144 0 0.9062994 0.4226363 0 0.9062994 0.4226363 0 0.8191661 0.5735564 0 0.8191661 0.5735564 0 0.7071068 0.7071068 0 0.7071068 0.7071068 0 0.5735563 0.8191662 0 0.5735563 0.8191662 0 0.4226582 0.9062892 0 0.4226582 0.9062892 0 0.2588144 0.965927 0 0.2588144 0.965927 0 0.08713901 0.9961962 0 0.08713901 0.9961962 0 -0.08713465 0.9961965 0 -0.08713465 0.9961965 0 -0.2588144 0.965927 0 -0.2588144 0.965927 0 -0.4226773 0.9062802 0 -0.4226773 0.9062802 0 -0.5735564 0.819166 0 -0.5735564 0.819166 0 -0.7070817 0.7071318 0 -0.7070817 0.7071318 0 -0.8191661 0.5735564 0 -0.8191661 0.5735564 0 -0.9062994 0.4226363 0 -0.9062994 0.4226363 0 -0.965927 0.2588144 0 -0.965927 0.2588144 0 -0.9961965 0.08713465 0 -0.9961965 0.08713465 0 1 0 0 1 0 0 1 0 0 1 0 0 0.9961923 0.0871843 0 0.9961923 0.0871843 0 0.965927 0.2588144 0 0.965927 0.2588144 0 0.9062994 0.4226363 0 0.9062994 0.4226363 0 0.8191661 0.5735564 0 0.8191661 0.5735564 0 0.7071068 0.7071068 0 0.7071068 0.7071068 0 0.5735563 0.8191662 0 0.5735563 0.8191662 0 0.4226582 0.9062892 0 0.4226582 0.9062892 0 0.2588144 0.965927 0 0.2588144 0.965927 0 0.08713901 0.9961962 0 0.08713901 0.9961962 0 -0.08713465 0.9961965 0 -0.08713465 0.9961965 0 -0.2588144 0.965927 0 -0.2588144 0.965927 0 -0.4226773 0.9062802 0 -0.4226773 0.9062802 0 -0.5735564 0.819166 0 -0.5735564 0.819166 0 -0.7070817 0.7071318 0 -0.7070817 0.7071318 0 -0.8191661 0.5735564 0 -0.8191661 0.5735564 0 -0.9062994 0.4226363 0 -0.9062994 0.4226363 0 -0.965927 0.2588144 0 -0.965927 0.2588144 0 -0.9961965 0.08713465 0 -0.9961965 0.08713465 0 -1 0 0 -1 0 0.9961919 0.08718866 0 0.9961919 0.08718866 0 0.9659272 0.2588139 0 0.9659272 0.2588139 0 0.9063248 0.4225819 0 0.9063248 0.4225819 0 0.8191277 0.5736112 0 0.8191277 0.5736112 0 0.7071362 0.7070774 0 0.7071362 0.7070774 0 0.5735446 0.8191744 0 0.5735446 0.8191744 0 0.4226299 0.9063024 0 0.4226299 0.9063024 0 0.2588139 0.9659272 0 0.2588139 0.9659272 0 0.08718866 0.9961919 0 0.08718866 0.9961919 0 -0.08718866 0.9961919 0 -0.08718866 0.9961919 0 -0.2588139 0.9659272 0 -0.2588139 0.9659272 0 -0.4226299 0.9063024 0 -0.4226299 0.9063024 0 -0.5735446 0.8191744 0 -0.5735446 0.8191744 0 -0.707136 0.7070776 0 -0.707136 0.7070776 0 -0.8191277 0.5736112 0 -0.8191277 0.5736112 0 -0.9063024 0.4226299 0 -0.9063024 0.4226299 0 -0.9659272 0.2588139 0 -0.9659272 0.2588139 0 -0.9961968 0.08713072 0 -0.9961968 0.08713072 0 -0.9961973 -0.08712565 0 -0.9961973 -0.08712565 0 -0.9659233 -0.2588285 0 -0.9659233 -0.2588285 0 -0.9063024 -0.4226299 0 -0.9063024 -0.4226299 0 -0.8191469 -0.5735837 0 -0.8191469 -0.5735837 0 -0.7071357 -0.7070779 0 -0.7071357 -0.7070779 0 -0.5735446 -0.8191744 0 -0.5735446 -0.8191744 0 -0.4226299 -0.9063024 0 -0.4226299 -0.9063024 0 -0.2588139 -0.9659272 0 -0.2588139 -0.9659272 0 -0.08713072 -0.9961968 0 -0.08713072 -0.9961968 0 0.08713072 -0.9961968 0 0.08713072 -0.9961968 0 0.2588139 -0.9659272 0 0.2588139 -0.9659272 0 0.4226299 -0.9063024 0 0.4226299 -0.9063024 0 0.5735446 -0.8191744 0 0.5735446 -0.8191744 0 0.707136 -0.7070776 0 0.707136 -0.7070776 0 0.8191469 -0.5735837 0 0.8191469 -0.5735837 0 0.9063248 -0.4225819 0 0.9063248 -0.4225819 0 0.9659233 -0.2588285 0 0.9659233 -0.2588285 0 0.9961923 -0.08718359 0 0.9961923 -0.08718359 0 0.9961879 -0.08723396 0 0.9961879 -0.08723396 0 0.9659587 -0.2586961 0 0.9659587 -0.2586961 0 0.9063007 -0.4226335 0 0.9063007 -0.4226335 0 0.8191191 -0.5736235 0 0.8191191 -0.5736235 0 0.7071068 -0.7071068 0 0.7071068 -0.7071068 0 0.5736235 -0.8191191 0 0.5736235 -0.8191191 0 0.4225568 -0.9063364 0 0.4225568 -0.9063364 0 0.2589328 -0.9658954 0 0.2589328 -0.9658954 0 0.08703541 -0.9962053 0 0.08703541 -0.9962053 0 -0.08703541 -0.9962053 0 -0.08703541 -0.9962053 0 -0.2589328 -0.9658954 0 -0.2589328 -0.9658954 0 -0.4225568 -0.9063364 0 -0.4225568 -0.9063364 0 -0.5736235 -0.8191191 0 -0.5736235 -0.8191191 0 -0.7071068 -0.7071068 0 -0.7071068 -0.7071068 0 -0.8191191 -0.5736235 0 -0.8191191 -0.5736235 0 -0.9063007 -0.4226335 0 -0.9063007 -0.4226335 0 -0.9659587 -0.2586961 0 -0.9659587 -0.2586961 0 -0.9961879 -0.08723396 0 -0.9961879 -0.08723396 0 -0.9961863 0.0872513 0 -0.9961863 0.0872513 0 -0.9659589 0.2586957 0 -0.9659589 0.2586957 0 -0.9063364 0.4225568 0 -0.9063364 0.4225568 0 -0.8191191 0.5736235 0 -0.8191191 0.5736235 0 -0.7071068 0.7071068 0 -0.7071068 0.7071068 0 -0.5734892 0.8192132 0 -0.5734892 0.8192132 0 -0.4225568 0.9063364 0 -0.4225568 0.9063364 0 -0.2589328 0.9658954 0 -0.2589328 0.9658954 0 -0.08723396 0.9961879 0 -0.08723396 0.9961879 0 0.08723396 0.9961879 0 0.08723396 0.9961879 0 0.2589328 0.9658954 0 0.2589328 0.9658954 0 0.4225568 0.9063364 0 0.4225568 0.9063364 0 0.5734892 0.8192132 0 0.5734892 0.8192132 0 0.7071068 0.7071068 0 0.7071068 0.7071068 0 0.8191191 0.5736235 0 0.8191191 0.5736235 0 0.9063364 0.4225568 0 0.9063364 0.4225568 0 0.9659589 0.2586957 0 0.9659589 0.2586957 0 0.9961863 0.0872513 0 0.9961863 0.0872513 0 0.9961879 -0.08723396 0 0.9961879 -0.08723396 0 0.9659587 -0.2586964 0 0.9659587 -0.2586964 0 0.9063007 -0.4226335 0 0.9063007 -0.4226335 0 0.8191191 -0.5736235 0 0.8191191 -0.5736235 0 0.7071068 -0.7071068 0 0.7071068 -0.7071068 0 0.5736235 -0.8191191 0 0.5736235 -0.8191191 0 0.4225568 -0.9063364 0 0.4225568 -0.9063364 0 0.2589328 -0.9658954 0 0.2589328 -0.9658954 0 0.08703541 -0.9962053 0 0.08703541 -0.9962053 0 -0.08703541 -0.9962053 0 -0.08703541 -0.9962053 0 -0.2589328 -0.9658954 0 -0.2589328 -0.9658954 0 -0.4225568 -0.9063364 0 -0.4225568 -0.9063364 0 -0.5736235 -0.8191191 0 -0.5736235 -0.8191191 0 -0.7071068 -0.7071068 0 -0.7071068 -0.7071068 0 -0.8191191 -0.5736235 0 -0.8191191 -0.5736235 0 -0.9063007 -0.4226335 0 -0.9063007 -0.4226335 0 -0.9659587 -0.2586964 0 -0.9659587 -0.2586964 0 -0.9961879 -0.08723396 0 -0.9961879 -0.08723396 0 -0.9961863 0.0872513 0 -0.9961863 0.0872513 0 -0.9659587 0.2586961 0 -0.9659587 0.2586961 0 -0.9063364 0.4225568 0 -0.9063364 0.4225568 0 -0.8191191 0.5736235 0 -0.8191191 0.5736235 0 -0.7071068 0.7071068 0 -0.7071068 0.7071068 0 -0.5734892 0.8192132 0 -0.5734892 0.8192132 0 -0.4225568 0.9063364 0 -0.4225568 0.9063364 0 -0.2589328 0.9658954 0 -0.2589328 0.9658954 0 -0.08723396 0.9961879 0 -0.08723396 0.9961879 0 0.08723396 0.9961879 0 0.08723396 0.9961879 0 0.2589328 0.9658954 0 0.2589328 0.9658954 0 0.4225568 0.9063364 0 0.4225568 0.9063364 0 0.5734892 0.8192132 0 0.5734892 0.8192132 0 0.7071068 0.7071068 0 0.7071068 0.7071068 0 0.8191191 0.5736235 0 0.8191191 0.5736235 0 0.9063364 0.4225568 0 0.9063364 0.4225568 0 0.9659587 0.2586961 0 0.9659587 0.2586961 0 0.9961863 0.0872513 0 0.9961863 0.0872513 0 0.9961879 -0.08723396 0 0.9961879 -0.08723396 0 0.9659587 -0.2586964 0 0.9659587 -0.2586964 0 0.9063007 -0.4226335 0 0.9063007 -0.4226335 0 0.8191191 -0.5736235 0 0.8191191 -0.5736235 0 0.7071068 -0.7071068 0 0.7071068 -0.7071068 0 0.5736235 -0.8191191 0 0.5736235 -0.8191191 0 0.4225568 -0.9063364 0 0.4225568 -0.9063364 0 0.2589328 -0.9658954 0 0.2589328 -0.9658954 0 0.08703541 -0.9962053 0 0.08703541 -0.9962053 0 -0.08703541 -0.9962053 0 -0.08703541 -0.9962053 0 -0.2589328 -0.9658954 0 -0.2589328 -0.9658954 0 -0.4225568 -0.9063364 0 -0.4225568 -0.9063364 0 -0.5736235 -0.8191191 0 -0.5736235 -0.8191191 0 -0.7071068 -0.7071068 0 -0.7071068 -0.7071068 0 -0.8191191 -0.5736235 0 -0.8191191 -0.5736235 0 -0.9063007 -0.4226335 0 -0.9063007 -0.4226335 0 -0.9659587 -0.2586964 0 -0.9659587 -0.2586964 0 -0.9961879 -0.08723396 0 -0.9961879 -0.08723396 0 -0.9961863 0.0872513 0 -0.9961863 0.0872513 0 -0.9659587 0.2586961 0 -0.9659587 0.2586961 0 -0.9063364 0.4225568 0 -0.9063364 0.4225568 0 -0.8191191 0.5736235 0 -0.8191191 0.5736235 0 -0.7071068 0.7071068 0 -0.7071068 0.7071068 0 -0.5734892 0.8192132 0 -0.5734892 0.8192132 0 -0.4225568 0.9063364 0 -0.4225568 0.9063364 0 -0.2589328 0.9658954 0 -0.2589328 0.9658954 0 -0.08723396 0.9961879 0 -0.08723396 0.9961879 0 0.08723396 0.9961879 0 0.08723396 0.9961879 0 0.2589328 0.9658954 0 0.2589328 0.9658954 0 0.4225568 0.9063364 0 0.4225568 0.9063364 0 0.5734892 0.8192132 0 0.5734892 0.8192132 0 0.7071068 0.7071068 0 0.7071068 0.7071068 0 0.8191191 0.5736235 0 0.8191191 0.5736235 0 0.9063364 0.4225568 0 0.9063364 0.4225568 0 0.9659587 0.2586961 0 0.9659587 0.2586961 0 0.9961863 0.0872513 0 0.9961863 0.0872513 0 0.9961879 -0.08723396 0 0.9961879 -0.08723396 0 0.9659587 -0.2586961 0 0.9659587 -0.2586961 0 0.9063007 -0.4226335 0 0.9063007 -0.4226335 0 0.8191191 -0.5736235 0 0.8191191 -0.5736235 0 0.7071068 -0.7071068 0 0.7071068 -0.7071068 0 0.5736235 -0.8191191 0 0.5736235 -0.8191191 0 0.4225568 -0.9063364 0 0.4225568 -0.9063364 0 0.2589328 -0.9658954 0 0.2589328 -0.9658954 0 0.08703541 -0.9962053 0 0.08703541 -0.9962053 0 -0.08703541 -0.9962053 0 -0.08703541 -0.9962053 0 -0.2589328 -0.9658954 0 -0.2589328 -0.9658954 0 -0.4225568 -0.9063364 0 -0.4225568 -0.9063364 0 -0.5736235 -0.8191191 0 -0.5736235 -0.8191191 0 -0.7071068 -0.7071068 0 -0.7071068 -0.7071068 0 -0.8191191 -0.5736235 0 -0.8191191 -0.5736235 0 -0.9063007 -0.4226335 0 -0.9063007 -0.4226335 0 -0.9659587 -0.2586961 0 -0.9659587 -0.2586961 0 -0.9961879 -0.08723396 0 -0.9961879 -0.08723396 0 -0.9961863 0.0872513 0 -0.9961863 0.0872513 0 -0.9659589 0.2586957 0 -0.9659589 0.2586957 0 -0.9063364 0.4225568 0 -0.9063364 0.4225568 0 -0.8191191 0.5736235 0 -0.8191191 0.5736235 0 -0.7071068 0.7071068 0 -0.7071068 0.7071068 0 -0.5734892 0.8192132 0 -0.5734892 0.8192132 0 -0.4225568 0.9063364 0 -0.4225568 0.9063364 0 -0.2589328 0.9658954 0 -0.2589328 0.9658954 0 -0.08723396 0.9961879 0 -0.08723396 0.9961879 0 0.08723396 0.9961879 0 0.08723396 0.9961879 0 0.2589328 0.9658954 0 0.2589328 0.9658954 0 0.4225568 0.9063364 0 0.4225568 0.9063364 0 0.5734892 0.8192132 0 0.5734892 0.8192132 0 0.7071068 0.7071068 0 0.7071068 0.7071068 0 0.8191191 0.5736235 0 0.8191191 0.5736235 0 0.9063364 0.4225568 0 0.9063364 0.4225568 0 0.9659589 0.2586957 0 0.9659589 0.2586957 0 0.9961863 0.0872513 0 0.9961863 0.0872513 0 1 0 0 1 0 0 1 0 0 1 0 0 1 0 0 1 0 0 1 0 0 1 0 0 1 0 0 1 0 0 -1 0 0 -1 0 0 -1 0 0 -1 0 0 -1 0 0 -1 0 0 -1 0 0 -1 0 0 -1 0 0 -1 0 0 0 -0.6757246 -0.7371541 0 -0.6757246 -0.7371541 0 0 -1 0 0 -1 0 0 -1 0 0 -1 0 0 -1 0 0 -1 0 0 -1 0 0 -1 0 0 -1 0 0 -1 0 0 -1 0 0 -1 0 0 -1 0 0 -1 0 0 -1 0 0 -1 0 0 -1 0 0 -1 0 0 -1 0 0 -1 0 0 -1 0 0 -1 0 0 -1 0 0 -1 0 0 -1 0 0 -1 0 0 -1 0 0 -1 0 0 -1 0 0 -1 0 0 -1 0 0 -1 0 0 -1 0 0 -1 0 0 -1 0 0 -1 0 0 -1 0 0 -1 0 0 -1 0 0 -1 0 0.6987807 -0.7153361 0 0.6987807 -0.7153361 0 1 0 0 1 0 0 1 0 0 1 0 0 1 0 0 1 0 0 1 0 0 1 0 0 1 0 0 1 0 0 1 0 0 1 0 0 1 0 0 1 0 0 1 0 0 1 0 0 1 0 0 1 0 0 1 0 0 1 0 0 1 0 0 1 0 0 1 0 0 1 0 0 -0.7071068 0.7071068 0 -0.7071068 0.7071068 0 0 1 0 0 1 0 0 1 0 0 1 0 0 1 0 0 1 0 0 1 0 0 1 0 0 1 0 0 1 0 0 1 0 0 1 0 0 1 0 0 1 0 0 1 0 0 1 0 0 1 0 0 1 0 0 1 0 0 1 0 0 1 0 0 1 0 0 1 0 0 1 0 0 1 0 0 1 0 0 1 0 0 1 0 0 1 0 0 1 0 0 1 0 0 1 0 0 1 0 0 1 0 0 1 0 0 1 0 0 1 0 0 1 0 0 1 0 0 1 0 0.7071038 0.7071099 0 0.7071038 0.7071099 0 1 0 0 1 0 0 1 0 0 1 0 0 1 0 0 1 0 0 1 0 0 1 0 0 1 0 0 1 0 0 1 0 0 1 0 0 1 0 0 1 0 0 1 0 0 1 0 0 1 0 0 1 0 0 1 0 0 1 0 0 1 0 0 1 0 0 1 0 0 1 0 0 -1 0 0 -1 0 0 -1 0 0 -1 0 0 -1 0 0 -1 0 0 -1 0 0 -1 0 0 -1 0 0 -1 0 0 -1 0 0 -1 0 0 -1 0 0 -1 0 0 -1 0 0 -1 0 0 -1 0 0 -1 0 0 -1 0 0 -1 0 0 -1 0 0 -1 0 0 -1 0 0 -1 0 0 0 -1 0 0 -1 0 0 -1 0 0 -1 0 -1 0 0 -1 0 0 -1 0 0 -1 0 0 -1 0 0 -1 0 0 -1 0 0 -1 0 0 -1 0 0 -1 0 0 -1 0 0 -1 0 0 -1 0 0 -1 0 0 -1 0 0 -1 0 0 -1 0 0 -1 0 0 -1 0 0 -1 0 0 -1 0 0 -1 0 0 -1 0 0 -1 0 0 0 -1 0 0 -1 0 0 -1 0 0 -1 0 0 -1 0 0 -1 -1 0 0 -1 0 0 -1 0 0 -1 0 0 0 0 -1 0 0 -1 -0.9943088 0 -0.1065365 -0.9943088 0 -0.1065365 -0.9613399 0 -0.2753646 -0.9613399 0 -0.2753646 -0.899921 0 -0.436053 -0.899921 0 -0.436053 -0.8118626 0 -0.5838485 -0.8118626 0 -0.5838485 -0.6997601 0 -0.7143779 -0.6997601 0 -0.7143779 -0.5670185 0 -0.8237051 -0.5670185 0 -0.8237051 -0.4174136 0 -0.9087166 -0.4174136 0 -0.9087166 -0.255548 0 -0.9667963 -0.255548 0 -0.9667963 -0.08600085 0 -0.996295 -0.08600085 0 -0.996295 0.08600085 0 -0.996295 0.08600085 0 -0.996295 0.255548 0 -0.9667963 0.255548 0 -0.9667963 0.4174315 0 -0.9087084 0.4174315 0 -0.9087084 0.5669966 0 -0.8237201 0.5669966 0 -0.8237201 0.6997601 0 -0.7143779 0.6997601 0 -0.7143779 0.8118626 0 -0.5838485 0.8118626 0 -0.5838485 0.899921 0 -0.436053 0.899921 0 -0.436053 0.9613399 0 -0.2753646 0.9613399 0 -0.2753646 0.9943088 0 -0.1065365 0.9943088 0 -0.1065365 -0.9943088 0 -0.1065365 -0.9943088 0 -0.1065365 -0.9613399 0 -0.2753646 -0.9613399 0 -0.2753646 -0.899921 0 -0.436053 -0.899921 0 -0.436053 -0.8118626 0 -0.5838485 -0.8118626 0 -0.5838485 -0.6997601 0 -0.7143779 -0.6997601 0 -0.7143779 -0.5670185 0 -0.8237051 -0.5670185 0 -0.8237051 -0.4174136 0 -0.9087166 -0.4174136 0 -0.9087166 -0.255548 0 -0.9667963 -0.255548 0 -0.9667963 -0.08600085 0 -0.996295 -0.08600085 0 -0.996295 0.08600085 0 -0.996295 0.08600085 0 -0.996295 0.255548 0 -0.9667963 0.255548 0 -0.9667963 0.4174315 0 -0.9087084 0.4174315 0 -0.9087084 0.5669966 0 -0.8237201 0.5669966 0 -0.8237201 0.6997601 0 -0.7143779 0.6997601 0 -0.7143779 0.8118626 0 -0.5838485 0.8118626 0 -0.5838485 0.899921 0 -0.436053 0.899921 0 -0.436053 0.9613399 0 -0.2753646 0.9613399 0 -0.2753646 0.9943088 0 -0.1065365 0.9943088 0 -0.1065365 1 0 0 1 0 0 1 0 0 1 0 0 -0.08713072 -0.9961969 0 -0.08713072 -0.9961969 0 -0.2588139 -0.9659272 0 -0.2588139 -0.9659272 0 -0.4226298 -0.9063023 0 -0.4226298 -0.9063023 0 -0.5735446 -0.8191743 0 -0.5735446 -0.8191743 0 -0.7071357 -0.7070778 0 -0.7071357 -0.7070778 0 -0.8191469 -0.5735837 0 -0.8191469 -0.5735837 0 -0.9063023 -0.4226298 0 -0.9063023 -0.4226298 0 -0.9659233 -0.2588285 0 -0.9659233 -0.2588285 0 -0.9961973 -0.08712565 0 -0.9961973 -0.08712565 0 -0.9961969 0.08713072 0 -0.9961969 0.08713072 0 -0.9659272 0.2588139 0 -0.9659272 0.2588139 0 -0.9063023 0.4226298 0 -0.9063023 0.4226298 0 -0.8191278 0.5736112 0 -0.8191278 0.5736112 0 -0.707136 0.7070777 0 -0.707136 0.7070777 0 -0.5735446 0.8191743 0 -0.5735446 0.8191743 0 -0.4226298 0.9063023 0 -0.4226298 0.9063023 0 -0.2588139 0.9659272 0 -0.2588139 0.9659272 0 -0.08718866 0.9961918 0 -0.08718866 0.9961918 0 0.08718866 0.9961918 0 0.08718866 0.9961918 0 0.2588139 0.9659272 0 0.2588139 0.9659272 0 0.4226298 0.9063023 0 0.4226298 0.9063023 0 0.5735446 0.8191743 0 0.5735446 0.8191743 0 0.7071362 0.7070773 0 0.7071362 0.7070773 0 0.8191278 0.5736112 0 0.8191278 0.5736112 0 0.9063247 0.4225819 0 0.9063247 0.4225819 0 0.9659272 0.2588139 0 0.9659272 0.2588139 0 0.9961918 0.08718866 0 0.9961918 0.08718866 0 0.9961923 -0.08718359 0 0.9961923 -0.08718359 0 0.9659233 -0.2588285 0 0.9659233 -0.2588285 0 0.9063247 -0.4225819 0 0.9063247 -0.4225819 0 0.8191469 -0.5735837 0 0.8191469 -0.5735837 0 0.707136 -0.7070776 0 0.707136 -0.7070776 0 0.5735446 -0.8191743 0 0.5735446 -0.8191743 0 0.4226298 -0.9063023 0 0.4226298 -0.9063023 0 0.2588139 -0.9659272 0 0.2588139 -0.9659272 0 0.08713072 -0.9961969 0 0.08713072 -0.9961969 0 0 0 1 0 0 1 0 -0.9961866 0.08724939 0 -0.9961866 0.08724939 0 -0.9659428 0.2587559 0 -0.9659428 0.2587559 0 -0.9062954 0.4226451 0 -0.9062954 0.4226451 0 -0.8191985 0.5735101 0 -0.8191985 0.5735101 0 -0.7070474 0.7071661 0 -0.7070474 0.7071661 0 -0.5736694 0.819087 0 -0.5736694 0.819087 0 -0.422593 0.9063196 0 -0.422593 0.9063196 0 -0.2587559 0.9659428 0 -0.2587559 0.9659428 0 -0.0871213 0.9961977 0 -0.0871213 0.9961977 0 -0.0871213 -0.9961977 0 -0.0871213 -0.9961977 0 -0.2587559 -0.9659428 0 -0.2587559 -0.9659428 0 -0.422788 -0.9062287 0 -0.422788 -0.9062287 0 -0.5735101 -0.8191985 0 -0.5735101 -0.8191985 0 -0.7071661 -0.7070474 0 -0.7071661 -0.7070474 0 -0.8191204 -0.5736217 0 -0.8191204 -0.5736217 0 -0.9062954 -0.4226451 0 -0.9062954 -0.4226451 0 -0.9659428 -0.2587559 0 -0.9659428 -0.2587559 0 -0.9961866 -0.08724939 0 -0.9961866 -0.08724939 0 0.9961968 -0.08713161 0 0.9961968 -0.08713161 0 0.9659428 -0.2587559 0 0.9659428 -0.2587559 0 0.9062954 -0.4226451 0 0.9062954 -0.4226451 0 0.8191204 -0.5736217 0 0.8191204 -0.5736217 0 0.7071068 -0.7071068 0 0.7071068 -0.7071068 0 0.5735659 -0.8191594 0 0.5735659 -0.8191594 0 0.4227425 -0.9062498 0 0.4227425 -0.9062498 0 0.2587559 -0.9659428 0 0.2587559 -0.9659428 0 0.08713161 -0.9961968 0 0.08713161 -0.9961968 0 0 -1 0 0 -1 0 0.08713161 0.9961968 0 0.08713161 0.9961968 0 0.2587559 0.9659428 0 0.2587559 0.9659428 0 0.4225475 0.9063407 0 0.4225475 0.9063407 0 0.5737252 0.8190479 0 0.5737252 0.8190479 0 0.7069881 0.7072255 0 0.7069881 0.7072255 0 0.8191985 0.5735101 0 0.8191985 0.5735101 0 0.9062954 0.4226451 0 0.9062954 0.4226451 0 0.9659428 0.2587559 0 0.9659428 0.2587559 0 0.9961968 0.08713161 0 0.9961968 0.08713161 1 0 0 1 0 0 1 0 0 1 0 0 1 0 0 1 0 0 1 0 0 1 0 0 1 0 0 1 0 0 1 0 0 1 0 0 1 0 0 1 0 0 1 0 0 1 0 0 1 0 0 1 0 0 1 0 0 1 0 0 1 0 0 1 0 0 1 0 0 1 0 0 1 0 0 1 0 0 1 0 0 0 1 0 0 1 0 0 1 0 0 1 0 0 1 0 0 1 0 0 0 1 0 0 1 -1 0 0 -1 0 0 0 0 -1 0 0 -1 -1 0 0 -1 0 0 -1 0 0 -1 0 0 -1 0 0 -1 0 0 -1 0 0 -1 0 0 -1 0 0 -1 0 0 -1 0 0 -1 0 0 -1 0 0 -1 0 0 -1 0 0 -1 0 0 -1 0 0 -1 0 0 -1 0 0 -1 0 0 -1 0 0 -1 0 0 -1 0 0 -1 0 0 -1 0 0 -1 0 0 -1 0 0 -1 0 0 -1 0 0 -1 0 0 -1 0 0 -1 0 0 -1 0 0 -1 0 0 -1 0 0 -1 0 0 -1 0 0 -1 0 0 -1 0 0 -1 0 0 -1 0 0 -1 0 0 -1 0 0 0 1 0 0 1 0 0 -1 0 0 -1 0 0 -1 0 0 -1 0 0 -1 0 0 -1 0 0 -1 0 0 -1 0 0 0 1 0 0 1 -1 0 0 -1 0 0 0 0 -1 0 0 -1 -1 0 0 -1 0 0 -1 0 0 -1 0 0 -1 0 0 -1 0 0 -1 0 0 -1 0 0 -1 0 0 -1 0 0 -1 0 0 -1 0 0 -1 0 0 -1 0 0 -1 0 0 -1 0 0 -1 0 0 -1 0 0 -1 0 0 -1 0 0 -1 0 0 -1 0 0 -1 0 0 -1 0 0 -1 0 0 -1 0 0 -1 0 0 -1 0 0 -1 0 0 -1 0 0 -1 0 0 -1 0 0 -1 0 0 -1 0 0 -1 0 0 -1 0 0 -1 0 0 -1 0 0 -1 0 0 -1 0 0 -1 0 0 -1 0 0 -1 0 0 -1 0 0 -1 0 0 -1 0 0 -1 0 0 -1 0 0 -1 0 0 -1 0 0 -1 0 0 -1 0 0 -1 0 0 -1 0 0 -1 0 0 -1 0 0 -1 0 0 -1 0 0 -1 0 0 -1 0 0 -1 0 0 -1 0 0 -1 0 0 -1 0 0 -1 0 0 -1 0 0 -1 0 0 -1 0 0 -1 0 0 -1 0 0 -1 0 0 -1 0 0 -1 0 0 -1 0 0 -1 0 0 -1 0 0 -1 0 0 -1 0 0 -1 0 0 -1 0 0 -1 0 0 -1 0 0 -1 0 0 -1 0 0 -1 0 0 -1 0 0 -1 0 0 -1 0 0 -1 0 0 -1 0 0 -1 0 0 -1 0 0 -1 0 0 -1 0 0 0 0.05510812 -0.9984804 0 0.1644911 -0.9863785 0 0.1644911 -0.9863785 0 0.2721686 -0.9622496 0 0.2721686 -0.9622496 0 0.3764303 -0.926445 0 0.3764303 -0.926445 0 0.4758438 -0.8795298 0 0.4758438 -0.8795298 0 0.5698819 -0.8217266 0 0.5698819 -0.8217266 0 0.6566218 -0.75422 0 0.6566218 -0.75422 0 0.7357612 -0.6772412 0 0.7357612 -0.6772412 0 0.8057587 -0.592244 0 0.8057587 -0.592244 0 0.8660673 -0.4999274 0 0.8660673 -0.4999274 0 0.915746 -0.4017577 0 0.915746 -0.4017577 0 0.9543991 -0.2985337 0 0.9543991 -0.2985337 0 0.9814612 -0.1916605 0 0.9814612 -0.1916605 0 0.996577 -0.08266925 0 0.996577 -0.08266925 0 0.9996204 0.02755415 0 0.9996204 0.02755415 0 0.9905234 0.1373438 0 0.9905234 0.1373438 0 0.9694027 0.2454759 0 0.9694027 0.2454759 0 0.9364692 0.3507498 0 0.9364692 0.3507498 0 0.8922578 0.4515262 0 0.8922578 0.4515262 0 0.8372147 0.5468743 0 0.8372147 0.5468743 0 0.7718646 0.6357869 0 0.7718646 0.6357869 0 0.6972366 0.7168411 0 0.6972366 0.7168411 0 0.6142454 0.7891151 0 0.6142454 0.7891151 0 0.5237804 0.8518533 0 0.5237804 0.8518533 0 0.4267545 0.9043675 0 0.4267545 0.9043675 0 0.3246947 0.9458189 0 0.3246947 0.9458189 0 0.2187651 0.9757776 0 0.2187651 0.9757776 0 0.1099327 0.9939391 0 0.1099327 0.9939391 0 0.02726256 0.9996283 0 0.02726256 0.9996283 0 -0.02726256 0.9996283 0 -0.02726256 0.9996283 0 -0.1099482 0.9939373 0 -0.1099482 0.9939373 0 -0.2187651 0.9757776 0 -0.2187651 0.9757776 0 -0.3246947 0.9458189 0 -0.3246947 0.9458189 0 -0.4267546 0.9043675 0 -0.4267546 0.9043675 0 -0.5237804 0.8518533 0 -0.5237804 0.8518533 0 -0.6142454 0.7891151 0 -0.6142454 0.7891151 0 -0.6971656 0.7169101 0 -0.6971656 0.7169101 0 -0.7719343 0.6357023 0 -0.7719343 0.6357023 0 -0.8371495 0.5469742 0 -0.8371495 0.5469742 0 -0.892315 0.4514131 0 -0.892315 0.4514131 0 -0.9364692 0.3507498 0 -0.9364692 0.3507498 0 -0.9694027 0.2454759 0 -0.9694027 0.2454759 0 -0.9905234 0.1373438 0 -0.9905234 0.1373438 0 -0.9996204 0.02755415 0 -0.9996204 0.02755415 0 -0.9965887 -0.08252817 0 -0.9965887 -0.08252817 0 -0.9814345 -0.1917974 0 -0.9814345 -0.1917974 0 -0.9543991 -0.2985337 0 -0.9543991 -0.2985337 0 -0.9157983 -0.4016385 0 -0.9157983 -0.4016385 0 -0.8660671 -0.4999278 0 -0.8660671 -0.4999278 0 -0.8056908 -0.5923362 0 -0.8056908 -0.5923362 0 -0.7357612 -0.6772412 0 -0.7357612 -0.6772412 0 -0.6566218 -0.75422 0 -0.6566218 -0.75422 0 -0.5698819 -0.8217266 0 -0.5698819 -0.8217266 0 -0.4759032 -0.8794976 0 -0.4759032 -0.8794976 0 -0.3763809 -0.926465 0 -0.3763809 -0.926465 0 -0.2721686 -0.9622496 0 -0.2721686 -0.9622496 0 -0.1644911 -0.9863785 0 -0.1644911 -0.9863785 0 -0.05511593 -0.99848 0 -0.05511593 -0.99848 0 0.05510812 -0.9984804 1 0 0 1 0 0 1 0 0 1 0 0 1 0 0 1 0 0 1 0 0 1 0 0 1 0 0 1 0 0 1 0 0 1 0 0 1 0 0 1 0 0 1 0 0 1 0 0 1 0 0 1 0 0 1 0 0 1 0 0 1 0 0 1 0 0 1 0 0 1 0 0 1 0 0 1 0 0 1 0 0 1 0 0 1 0 0 1 0 0 1 0 0 1 0 0 1 0 0 1 0 0 1 0 0 1 0 0 1 0 0 1 0 0 1 0 0 1 0 0 1 0 0 1 0 0 1 0 0 1 0 0 1 0 0 1 0 0 1 0 0 1 0 0 1 0 0 1 0 0 1 0 0 1 0 0 1 0 0 1 0 0 1 0 0 1 0 0 1 0 0 1 0 0 1 0 0 1 0 0 1 0 0 1 0 0 1 0 0 1 0 0 1 0 0 1 0 0 1 0 0 1 0 0 1 0 0 1 0 0 1 0 0 1 0 0 1 0 0 1 0 0 1 0 0 1 0 0 1 0 0 1 0 0 1 0 0 1 0 0 1 0 0 1 0 0 1 0 0 1 0 0 1 0 0 1 0 0 1 0 0 1 0 0 1 0 0 1 0 0 1 0 0 1 0 0 1 0 0 1 0 0 1 0 0 1 0 0 1 0 0 1 0 0 1 0 0 1 0 0 1 0 0 1 0 0 1 0 0 1 0 0 1 0 0 1 0 0 1 0 0 1 0 0 1 0 0 1 0 0 1 0 0 1 0 0 1 0 0 1 0 0 1 0 0 1 0 0 1 0 0 1 0 0 1 0 0 1 0 0 1 0 0 1 0 0 1 0 0 1 0 0 1 0 0 1 0 0 1 0 0 1 0 0 1 0 0 1 0 0 0.001238286 -0.08683097 0.9962223 0 -0.1305751 0.9914385 0 -0.2164365 0.9762966 0.001235246 -0.2590859 0.9658535 0 -0.3012207 0.9535545 0 -0.3824617 0.9239714 0.001233041 -0.4225784 0.9063255 0 -0.4618962 0.886934 0 -0.5371469 0.8434886 0.001234412 -0.5736185 0.8191217 0 -0.6089894 0.7931784 0 -0.6756401 0.7372316 0.001220464 -0.7069895 0.707223 0 -0.7369992 0.6758936 0 -0.7935764 0.6084707 0.001221537 -0.8192313 0.573462 0 -0.8433541 0.5373584 0 -0.8870335 0.4617051 0.001227498 -0.9063255 0.4225783 0 -0.9239032 0.3826265 0 -0.9536461 0.3009304 0.001232326 -0.9659119 0.2588681 0 -0.9763185 0.216338 0 -0.9914385 0.1305751 0.001231729 -0.9962021 0.08706265 0 -0.9990588 0.0433765 0 -0.9990588 -0.0433765 0.001232862 -0.9961986 -0.08710312 0 -0.9914225 -0.1306959 0 -0.9763185 -0.216338 0.001232326 -0.9659119 -0.2588681 0 -0.9536461 -0.3009304 0 -0.9240396 -0.3822969 0.001233041 -0.9064089 -0.4223996 0 -0.8870335 -0.4617051 0 -0.8433541 -0.5373584 0.001229047 -0.8190778 -0.5736814 0 -0.7932307 -0.6089212 0 -0.7374249 -0.675429 0.001229763 -0.7072229 -0.7069895 0 -0.6756401 -0.7372316 0 -0.6084022 -0.7936289 0.001223683 -0.5733053 -0.819341 0 -0.5371469 -0.8434886 0 -0.4618962 -0.886934 0.00122112 -0.4229619 -0.9061467 0 -0.3832576 -0.9236416 0 -0.3003723 -0.953822 0.00122261 -0.2586503 -0.9659703 0 -0.2164365 -0.9762966 0 -0.1305751 -0.9914385 0.001225173 -0.08729428 -0.9961818 0 -0.04384201 -0.9990385 0 0.04384201 -0.9990385 0.001225769 0.08731454 -0.9961801 0 0.1306355 -0.9914305 0 0.2164366 -0.9762966 0.00122261 0.2586504 -0.9659703 0 0.3003723 -0.953822 0 0.3832576 -0.9236416 0.001218378 0.4228724 -0.9061884 0 0.4617051 -0.8870335 0 0.5373584 -0.8433541 0.001219928 0.5734149 -0.8192642 0 0.6084022 -0.7936289 0 0.6756401 -0.7372316 0.001229763 0.7072229 -0.7069895 0 0.7374249 -0.675429 0 0.7932307 -0.6089212 0.001229047 0.8190778 -0.5736814 0 0.8433541 -0.5373584 0 0.8870335 -0.4617051 0.001233041 0.9064089 -0.4223996 0 0.9240396 -0.3822969 0 0.9536461 -0.3009304 0.001232326 0.9659119 -0.2588681 0 0.9763185 -0.216338 0 0.9914225 -0.1306959 0.001226305 0.9961783 -0.08733487 0 0.9990385 -0.04384201 0 0.9990385 0.04384201 0.001225173 0.9961818 0.08729428 0 0.9914385 0.1305751 0 0.9763185 0.216338 0.001232326 0.9659119 0.2588681 0 0.9536461 0.3009304 0 0.9239032 0.3826265 0.001227498 0.9063255 0.4225783 0 0.8870335 0.4617051 0 0.8433541 0.5373584 0.001221537 0.8192313 0.573462 0 0.7935764 0.6084707 0 0.7369992 0.6758936 0.001220464 0.7069895 0.707223 0 0.6756401 0.7372316 0 0.6089894 0.7931784 0.001230657 0.5737282 0.8190448 0 0.5373584 0.8433541 0 0.4617051 0.8870335 0.001230239 0.4224889 0.9063673 0 0.3824617 0.9239714 0 0.3012207 0.9535545 0.001235246 0.259086 0.9658535 0 0.2164366 0.9762966 0 0.1306355 0.9914305 0.001238822 0.08685117 0.9962206 0 0.04291093 0.9990789 0 -0.04291093 0.9990789 0.706734 -0.09237921 0.7014223 0.7067446 -0.0922566 0.7014276 0.7067469 -0.1531216 0.6906973 0.7067718 -0.1528367 0.6907348 0.7067706 -0.2130964 0.6745854 0.7067798 -0.2129925 0.6746084 0.7067781 -0.2705669 0.6536501 0.7067843 -0.2704985 0.6536716 0.7067858 -0.3267581 0.6274415 0.7067912 -0.3267015 0.627465 0.7067918 -0.3799894 0.5967021 0.7067825 -0.3800841 0.5966529 0.7067766 -0.4308215 0.5611236 0.7067859 -0.4307329 0.56118 0.7067806 -0.47797 0.5215418 0.70678 -0.4779763 0.5215369 0.7067838 -0.5213751 0.4781471 0.7067759 -0.5214411 0.4780867 0.706774 -0.5614072 0.4304561 0.706781 -0.5613527 0.4305156 0.7067775 -0.5966189 0.3801466 0.7067713 -0.5966623 0.3800901 0.7067701 -0.6275259 0.3266302 0.706786 -0.6274273 0.326785 0.7067852 -0.6535952 0.2706808 0.7067773 -0.6536371 0.2706002 0.7067775 -0.6746435 0.212889 0.7067706 -0.674674 0.2128153 0.7067719 -0.6906883 0.1530465 0.7067737 -0.6906819 0.1530668 0.7067716 -0.7013851 0.09237432 0.7067758 -0.7013745 0.09242153 0.7067738 -0.7067738 0.03068625 0.7067738 -0.7067738 0.03068625 0.7067738 -0.7067738 -0.03068625 0.7067738 -0.7067738 -0.03068625 0.7067749 -0.7013704 -0.09245902 0.7067738 -0.7013699 -0.09247308 0.7067742 -0.6906861 -0.1530457 0.7067723 -0.6906833 -0.1530671 0.7067688 -0.6746519 -0.2128913 0.7067757 -0.6746691 -0.2128137 0.7067809 -0.6536957 -0.2704493 0.7067668 -0.6536468 -0.2706043 0.7067701 -0.6275259 -0.3266302 0.7067701 -0.6275259 -0.3266302 0.7067697 -0.5966256 -0.3801508 0.7067573 -0.5965597 -0.380277 0.7067478 -0.5611835 -0.4307909 0.7067759 -0.5613569 -0.4305188 0.7067838 -0.5216763 -0.4778185 0.7067527 -0.5214584 -0.4781025 0.706748 -0.477992 -0.5215659 0.7067486 -0.4779975 -0.52156 0.7067424 -0.4304269 -0.5614694 0.706779 -0.430737 -0.5611854 0.7067801 -0.3799957 -0.5967119 0.7067895 -0.3800804 -0.596647 0.7067925 -0.3267551 -0.6274357 0.7067872 -0.3267034 -0.6274685 0.7067992 -0.2711219 -0.6533973 0.7067716 -0.2708413 -0.6535432 0.7067684 -0.2124969 -0.6747767 0.7067811 -0.212632 -0.6747207 0.7067782 -0.1531148 -0.6906667 0.7067869 -0.1532108 -0.6906365 0.7067901 -0.09237188 -0.7013666 0.7067795 -0.09225207 -0.7013931 0.706781 -0.03101521 -0.7067523 0.7067695 -0.03088402 -0.7067695 0.7067666 0.03101587 -0.7067666 0.7067781 0.03088366 -0.7067609 0.7067758 0.09241646 -0.7013751 0.706788 0.09227657 -0.7013813 0.706789 0.1531125 -0.6906561 0.7067803 0.1532123 -0.6906429 0.7067843 0.2124921 -0.6747615 0.7067716 0.2126349 -0.6747298 0.7067647 0.271135 -0.6534289 0.7067923 0.2708334 -0.6535242 0.7067892 0.3266214 -0.627509 0.7067892 0.3266214 -0.6275089 0.7067879 0.380141 -0.5966102 0.7067848 0.3801726 -0.5965937 0.7067882 0.4303991 -0.5614332 0.7067515 0.4307537 -0.5612072 0.7067489 0.4779914 -0.5215652 0.7067597 0.4778915 -0.5216421 0.7067608 0.5216932 -0.4778341 0.7067792 0.5215374 -0.4779769 0.7067829 0.5611556 -0.4307695 0.7067547 0.5613735 -0.4305316 0.7067542 0.5966386 -0.3801591 0.7067666 0.5965519 -0.3802721 0.70677 0.6275261 -0.3266302 0.7067701 0.6275259 -0.3266302 0.706763 0.653712 -0.270456 0.7067773 0.6536371 -0.2706002 0.7067774 0.6746436 -0.212889 0.7067705 0.674674 -0.2128153 0.7067719 0.6906883 -0.1530464 0.7067737 0.6906819 -0.1530668 0.7067735 0.7013719 -0.09245955 0.7067746 0.7013689 -0.09247297 0.706781 0.7067523 -0.03101521 0.7067695 0.7067695 -0.03088402 0.7067666 0.7067666 0.03101587 0.7067781 0.7067609 0.03088366 0.7067769 0.7013798 0.0923736 0.7067726 0.7013778 0.09242194 0.7067742 0.6906861 0.153046 0.7067723 0.6906833 0.1530671 0.7067688 0.6746518 0.2128916 0.7067757 0.6746691 0.2128137 0.7067753 0.6536042 0.2706845 0.7067832 0.6536316 0.2705979 0.7067899 0.6275082 0.326621 0.706774 0.627438 0.3267906 0.7067697 0.5966256 0.3801508 0.7067759 0.5966584 0.3800876 0.7067828 0.5614002 0.4304508 0.7067758 0.5613569 0.4305188 0.7067739 0.5213823 0.4781538 0.7067946 0.521526 0.4779666 0.7067944 0.4779606 0.5215316 0.7067834 0.4778755 0.5216247 0.7067881 0.4308145 0.5611145 0.706779 0.430737 0.5611854 0.706784 0.3801431 0.5966135 0.7067871 0.3801713 0.5965917 0.7067892 0.3266214 0.627509 0.7067892 0.3266214 0.6275089 0.7067859 0.2705639 0.6536428 0.7067797 0.2705003 0.6536759 0.7067821 0.2130929 0.6745743 0.7067729 0.2129946 0.674615 0.7067781 0.1531149 0.6906667 0.7067531 0.1528407 0.6907531 0.7067483 0.0924201 0.7014025 0.706736 0.09228336 0.7014328 0.7067233 0.03035902 0.7068384 0.7067695 0.03088402 0.7067695 0.7067809 -0.03035658 0.7067809 0.7067349 -0.03088551 0.7068039 -1 0 0 -1 0 0 -1 0 0 -1 0 0 -1 0 0 -1 0 0 -1 0 0 -1 0 0 -1 0 0 -1 0 0 -1 0 0 -1 0 0 -1 0 0 -1 0 0 -1 0 0 -1 0 0 -1 0 0 -1 0 0 -1 0 0 -1 0 0 -1 0 0 -1 0 0 -1 0 0 -1 0 0 -1 0 0 -1 0 0 -1 0 0 -1 0 0 -1 0 0 -1 0 0 -1 0 0 -1 0 0 -1 0 0 -1 0 0 -1 0 0 -1 0 0 -1 0 0 -1 0 0 -1 0 0 -1 0 0 -1 0 0 -1 0 0 -1 0 0 -1 0 0 -1 0 0 -1 0 0 -1 0 0 -1 0 0 -1 0 0 -1 0 0 -1 0 0 -1 0 0 -1 0 0 -1 0 0 -1 0 0 -1 0 0 -1 0 0 -1 0 0 -1 0 0 -1 0 0 -1 0 0 -1 0 0 -1 0 0 -1 0 0 1 0 0 1 0 0 1 0 0 1 0 0 1 0 0 1 0 0 1 0 0 1 0 0 1 0 0 1 0 0 1 0 0 1 0 0 1 0 0 1 0 0 1 0 0 1 0 0 1 0 0 1 0 0 1 0 0 1 0 0 1 0 0 1 0 0 1 0 0 1 0 0 1 0 0 1 0 0 1 0 0 1 0 0 1 0 0 1 0 0 1 0 0 1 0 0 1 0 0 1 0 0 1 0 0 1 0 0 1 0 0 1 0 0 1 0 0 1 0 0 1 0 0 1 0 0 1 0 0 1 0 0 1 0 0 1 0 0 1 0 0 1 0 0 1 0 0 1 0 0 1 0 0 1 0 0 1 0 0 1 0 0 1 0 0 1 0 0 1 0 0 1 0 0 1 0 0 1 0 0 1 0 0 1 0 0 1 0 0 1 0 0 0 -0.05412107 -0.9985343 0 -0.1618758 -0.9868112 0 -0.1618758 -0.9868112 0 -0.2678648 -0.9634565 0 -0.2678648 -0.9634565 0 -0.3698349 -0.9290975 0 -0.3698349 -0.9290975 0 -0.4684573 -0.8834862 0 -0.4684573 -0.8834862 0 -0.5610326 -0.8277937 0 -0.5610326 -0.8277937 0 -0.6475175 -0.7620506 0 -0.6475175 -0.7620506 0 -0.726012 -0.6876821 0 -0.726012 -0.6876821 0 -0.7960318 -0.6052548 0 -0.7960318 -0.6052548 0 -0.8568954 -0.5154902 0 -0.8568954 -0.5154902 0 -0.9075433 -0.4199585 0 -0.9075433 -0.4199585 0 -0.9476408 -0.3193383 0 -0.9476408 -0.3193383 0 -0.9766464 -0.2148532 0 -0.9766464 -0.2148532 0 -0.9941287 -0.1082044 0 -0.9941287 -0.1082044 0 -1 0 0 -1 0 0 -0.9941287 0.1082044 0 -0.9941287 0.1082044 0 -0.9766256 0.2149478 0 -0.9766256 0.2149478 0 -0.9476868 0.3192018 0 -0.9476868 0.3192018 0 -0.9074637 0.4201304 0 -0.9074637 0.4201304 0 -0.8570153 0.5152911 0 -0.8570153 0.5152911 0 -0.7960318 0.6052548 0 -0.7960318 0.6052548 0 -0.726012 0.6876821 0 -0.726012 0.6876821 0 -0.6472555 0.7622731 0 -0.6472555 0.7622731 0 -0.5613415 0.8275842 0 -0.5613415 0.8275842 0 -0.4684573 0.8834862 0 -0.4684573 0.8834862 0 -0.3698349 0.9290975 0 -0.3698349 0.9290975 0 -0.2678648 0.9634565 0 -0.2678648 0.9634565 0 -0.1614366 0.9868831 0 -0.1614366 0.9868831 0 -0.05412107 0.9985343 0 -0.05412107 0.9985343 0 0.05410891 0.998535 0 0.05410891 0.998535 0 0.1614726 0.9868772 0 0.1614726 0.9868772 0 0.2678066 0.9634727 0 0.2678066 0.9634727 0 0.3698349 0.9290975 0 0.3698349 0.9290975 0 0.4685506 0.8834366 0 0.4685506 0.8834366 0 0.5613415 0.8275842 0 0.5613415 0.8275842 0 0.6472555 0.7622731 0 0.6472555 0.7622731 0 0.726012 0.6876821 0 0.726012 0.6876821 0 0.7960318 0.6052548 0 0.7960318 0.6052548 0 0.8569157 0.5154567 0 0.8569157 0.5154567 0 0.9075497 0.4199447 0 0.9075497 0.4199447 0 0.9476868 0.3192018 0 0.9476868 0.3192018 0 0.9765782 0.2151629 0 0.9765782 0.2151629 0 0.994153 0.1079817 0 0.994153 0.1079817 0 1 0 0 1 0 0 0.994153 -0.1079817 0 0.994153 -0.1079817 0 0.976599 -0.2150682 0 0.976599 -0.2150682 0 0.9476408 -0.3193383 0 0.9476408 -0.3193383 0 0.9076292 -0.4197729 0 0.9076292 -0.4197729 0 0.8567959 -0.5156558 0 0.8567959 -0.5156558 0 0.7960318 -0.6052548 0 0.7960318 -0.6052548 0 0.726012 -0.6876821 0 0.726012 -0.6876821 0 0.6475175 -0.7620506 0 0.6475175 -0.7620506 0 0.5610326 -0.8277937 0 0.5610326 -0.8277937 0 0.4685506 -0.8834366 0 0.4685506 -0.8834366 0 0.3698349 -0.9290975 0 0.3698349 -0.9290975 0 0.2678066 -0.9634727 0 0.2678066 -0.9634727 0 0.1619118 -0.9868052 0 0.1619118 -0.9868052 0 0.05410891 -0.998535 0 0.05410891 -0.998535 0 -0.05412107 -0.9985343 0 -1 0 0 -1 0 0 -0.5000275 -0.8660095 0 -0.5000275 -0.8660095 0 0.5000275 -0.8660095 0 0.5000275 -0.8660095 0 1 0 0 1 0 0 0.5000275 0.8660095 0 0.5000275 0.8660095 0 -0.5000275 0.8660095 0 -0.5000275 0.8660095 -1 0 0 -1 0 0 -1 0 0 -1 0 0 -1 0 0 -1 0 0 -1 0 0 -1 0 0 -1 0 0 -1 0 0 -1 0 0 -1 0 0 -1 0 0 -1 0 0 -1 0 0 -1 0 0 -1 0 0 -1 0 0 -1 0 0 -1 0 0 -1 0 0 -1 0 0 -1 0 0 -1 0 0 -1 0 0 -1 0 0 -1 0 0 -1 0 0 -1 0 0 -1 0 0 -1 0 0 -1 0 0 -1 0 0 -1 0 0 -1 0 0 -1 0 0 -1 0 0 -1 0 0 -1 0 0 -1 0 0 -1 0 0 -1 0 0 -1 0 0 -1 0 0 -1 0 0 -1 0 0 -1 0 0 -1 0 0 -1 0 0 -1 0 0 -1 0 0 -1 0 0 -1 0 0 -1 0 0 -1 0 0 -1 0 0 -1 0 0 -1 0 0 -1 0 0 -1 0 0 -1 0 0 -1 0 0 -1 0 0 -1 0 0 1 0 0 1 0 0 1 0 0 1 0 0 1 0 0 1 0 0 1 0 0 1 0 0 1 0 0 1 0 0 1 0 0 1 0 0 1 0 0 1 0 0 1 0 0 1 0 0 1 0 0 1 0 0 1 0 0 1 0 0 1 0 0 1 0 0 1 0 0 1 0 0 1 0 0 1 0 0 1 0 0 1 0 0 1 0 0 1 0 0 1 0 0 1 0 0 1 0 0 1 0 0 1 0 0 1 0 0 1 0 0 1 0 0 1 0 0 1 0 0 1 0 0 1 0 0 1 0 0 1 0 0 1 0 0 1 0 0 1 0 0 1 0 0 1 0 0 1 0 0 1 0 0 1 0 0 1 0 0 1 0 0 1 0 0 1 0 0 1 0 0 1 0 0 1 0 0 1 0 0 1 0 0 1 0 0 1 0 0 1 0 0 0 -0.05410891 -0.998535 0 -0.1618758 -0.9868112 0 -0.1618758 -0.9868112 0 -0.2678648 -0.9634565 0 -0.2678648 -0.9634565 0 -0.3698349 -0.9290975 0 -0.3698349 -0.9290975 0 -0.4685506 -0.8834366 0 -0.4685506 -0.8834366 0 -0.5610326 -0.8277937 0 -0.5610326 -0.8277937 0 -0.6474063 -0.7621451 0 -0.6474063 -0.7621451 0 -0.726012 -0.6876821 0 -0.726012 -0.6876821 0 -0.7960318 -0.6052548 0 -0.7960318 -0.6052548 0 -0.8568954 -0.5154902 0 -0.8568954 -0.5154902 0 -0.9076292 -0.4197729 0 -0.9076292 -0.4197729 0 -0.9476408 -0.3193383 0 -0.9476408 -0.3193383 0 -0.976599 -0.2150682 0 -0.976599 -0.2150682 0 -0.994153 -0.1079817 0 -0.994153 -0.1079817 0 -1 0 0 -1 0 0 -0.994153 0.1079817 0 -0.994153 0.1079817 0 -0.9765782 0.2151629 0 -0.9765782 0.2151629 0 -0.9476868 0.3192018 0 -0.9476868 0.3192018 0 -0.9075497 0.4199447 0 -0.9075497 0.4199447 0 -0.8570153 0.5152911 0 -0.8570153 0.5152911 0 -0.7960318 0.6052548 0 -0.7960318 0.6052548 0 -0.726012 0.6876821 0 -0.726012 0.6876821 0 -0.6471443 0.7623675 0 -0.6471443 0.7623675 0 -0.5613415 0.8275842 0 -0.5613415 0.8275842 0 -0.4685506 0.8834366 0 -0.4685506 0.8834366 0 -0.3698349 0.9290975 0 -0.3698349 0.9290975 0 -0.2678648 0.9634565 0 -0.2678648 0.9634565 0 -0.1614366 0.9868831 0 -0.1614366 0.9868831 0 -0.05410891 0.998535 0 -0.05410891 0.998535 0 0.05412107 0.9985343 0 0.05412107 0.9985343 0 0.1614366 0.9868831 0 0.1614366 0.9868831 0 0.2678648 0.9634565 0 0.2678648 0.9634565 0 0.3698349 0.9290975 0 0.3698349 0.9290975 0 0.4684573 0.8834862 0 0.4684573 0.8834862 0 0.5613415 0.8275842 0 0.5613415 0.8275842 0 0.6472555 0.7622731 0 0.6472555 0.7622731 0 0.726012 0.6876821 0 0.726012 0.6876821 0 0.7960318 0.6052548 0 0.7960318 0.6052548 0 0.8570153 0.5152911 0 0.8570153 0.5152911 0 0.9075497 0.4199447 0 0.9075497 0.4199447 0 0.9476186 0.3194043 0 0.9476186 0.3194043 0 0.9766256 0.2149478 0 0.9766256 0.2149478 0 0.9941287 0.1082044 0 0.9941287 0.1082044 0 1 0 0 1 0 0 0.9941287 -0.1082044 0 0.9941287 -0.1082044 0 0.9766464 -0.2148532 0 0.9766464 -0.2148532 0 0.9475725 -0.3195407 0 0.9475725 -0.3195407 0 0.9076292 -0.4197729 0 0.9076292 -0.4197729 0 0.8568954 -0.5154902 0 0.8568954 -0.5154902 0 0.7960318 -0.6052548 0 0.7960318 -0.6052548 0 0.726012 -0.6876821 0 0.726012 -0.6876821 0 0.6475175 -0.7620506 0 0.6475175 -0.7620506 0 0.5610326 -0.8277937 0 0.5610326 -0.8277937 0 0.4684573 -0.8834862 0 0.4684573 -0.8834862 0 0.3698349 -0.9290975 0 0.3698349 -0.9290975 0 0.2678648 -0.9634565 0 0.2678648 -0.9634565 0 0.1618758 -0.9868112 0 0.1618758 -0.9868112 0 0.05412107 -0.9985343 0 0.05412107 -0.9985343 0 -0.05410891 -0.998535 0 -1 0 0 -1 0 0 -0.5000275 -0.8660095 0 -0.5000275 -0.8660095 0 0.5000275 -0.8660095 0 0.5000275 -0.8660095 0 1 0 0 1 0 0 0.5000275 0.8660095 0 0.5000275 0.8660095 0 -0.5000275 0.8660095 0 -0.5000275 0.8660095 -1 0 0 -1 0 0 -1 0 0 -1 0 0 -1 0 0 -1 0 0 -1 0 0 -1 0 0 -1 0 0 -1 0 0 -1 0 0 -1 0 0 -1 0 0 -1 0 0 -1 0 0 -1 0 0 -1 0 0 -1 0 0 -1 0 0 -1 0 0 -1 0 0 -1 0 0 -1 0 0 -1 0 0 -1 0 0 -1 0 0 -1 0 0 -1 0 0 -1 0 0 -1 0 0 -1 0 0 -1 0 0 -1 0 0 -1 0 0 -1 0 0 -1 0 0 -1 0 0 -1 0 0 -1 0 0 -1 0 0 -1 0 0 -1 0 0 -1 0 0 -1 0 0 -1 0 0 -1 0 0 -1 0 0 -1 0 0 -1 0 0 -1 0 0 -1 0 0 -1 0 0 -1 0 0 -1 0 0 -1 0 0 -1 0 0 -1 0 0 -1 0 0 -1 0 0 -1 0 0 -1 0 0 -1 0 0 -1 0 0 -1 0 0 1 0 0 1 0 0 1 0 0 1 0 0 1 0 0 1 0 0 1 0 0 1 0 0 1 0 0 1 0 0 1 0 0 1 0 0 1 0 0 1 0 0 1 0 0 1 0 0 1 0 0 1 0 0 1 0 0 1 0 0 1 0 0 1 0 0 1 0 0 1 0 0 1 0 0 1 0 0 1 0 0 1 0 0 1 0 0 1 0 0 1 0 0 1 0 0 1 0 0 1 0 0 1 0 0 1 0 0 1 0 0 1 0 0 1 0 0 1 0 0 1 0 0 1 0 0 1 0 0 1 0 0 1 0 0 1 0 0 1 0 0 1 0 0 1 0 0 1 0 0 1 0 0 1 0 0 1 0 0 1 0 0 1 0 0 1 0 0 1 0 0 1 0 0 1 0 0 1 0 0 1 0 0 1 0 0 1 0 0 1 0 0 0 -0.05410891 -0.998535 0 -0.1618758 -0.9868112 0 -0.1618758 -0.9868112 0 -0.2674462 -0.9635729 0 -0.2674462 -0.9635729 0 -0.3702242 -0.9289425 0 -0.3702242 -0.9289425 0 -0.4681985 -0.8836233 0 -0.4681985 -0.8836233 0 -0.5613415 -0.8275842 0 -0.5613415 -0.8275842 0 -0.6471443 -0.7623675 0 -0.6471443 -0.7623675 0 -0.726012 -0.6876821 0 -0.726012 -0.6876821 0 -0.7961969 -0.6050375 0 -0.7961969 -0.6050375 0 -0.8568954 -0.5154902 0 -0.8568954 -0.5154902 0 -0.9075497 -0.4199447 0 -0.9075497 -0.4199447 0 -0.9476868 -0.3192018 0 -0.9476868 -0.3192018 0 -0.976599 -0.2150682 0 -0.976599 -0.2150682 0 -0.9941476 -0.1080301 0 -0.9941476 -0.1080301 0 -1 0 0 -1 0 0 -0.9941476 0.1080301 0 -0.9941476 0.1080301 0 -0.976599 0.2150682 0 -0.976599 0.2150682 0 -0.9476408 0.3193383 0 -0.9476408 0.3193383 0 -0.9076292 0.4197729 0 -0.9076292 0.4197729 0 -0.8568954 0.5154902 0 -0.8568954 0.5154902 0 -0.7960318 0.6052548 0 -0.7960318 0.6052548 0 -0.726012 0.6876821 0 -0.726012 0.6876821 0 -0.6474063 0.7621451 0 -0.6474063 0.7621451 0 -0.5610326 0.8277937 0 -0.5610326 0.8277937 0 -0.4685506 0.8834366 0 -0.4685506 0.8834366 0 -0.3702242 0.9289425 0 -0.3702242 0.9289425 0 -0.2674462 0.9635729 0 -0.2674462 0.9635729 0 -0.1618758 0.9868112 0 -0.1618758 0.9868112 0 -0.05410891 0.998535 0 -0.05410891 0.998535 0 0.05412107 0.9985343 0 0.05412107 0.9985343 0 0.1618758 0.9868112 0 0.1618758 0.9868112 0 0.2674462 0.9635729 0 0.2674462 0.9635729 0 0.3702242 0.9289425 0 0.3702242 0.9289425 0 0.4684573 0.8834862 0 0.4684573 0.8834862 0 0.5610326 0.8277937 0 0.5610326 0.8277937 0 0.6475175 0.7620506 0 0.6475175 0.7620506 0 0.726012 0.6876821 0 0.726012 0.6876821 0 0.7960318 0.6052548 0 0.7960318 0.6052548 0 0.8568954 0.5154902 0 0.8568954 0.5154902 0 0.9076292 0.4197729 0 0.9076292 0.4197729 0 0.9475725 0.3195407 0 0.9475725 0.3195407 0 0.9766464 0.2148532 0 0.9766464 0.2148532 0 0.9941234 0.108253 0 0.9941234 0.108253 0 1 0 0 1 0 0 0.9941234 -0.108253 0 0.9941234 -0.108253 0 0.9766464 -0.2148532 0 0.9766464 -0.2148532 0 0.9476186 -0.3194043 0 0.9476186 -0.3194043 0 0.9075497 -0.4199447 0 0.9075497 -0.4199447 0 0.8568954 -0.5154902 0 0.8568954 -0.5154902 0 0.7961969 -0.6050375 0 0.7961969 -0.6050375 0 0.726012 -0.6876821 0 0.726012 -0.6876821 0 0.6472555 -0.7622731 0 0.6472555 -0.7622731 0 0.5613415 -0.8275842 0 0.5613415 -0.8275842 0 0.4681053 -0.8836728 0 0.4681053 -0.8836728 0 0.3702242 -0.9289425 0 0.3702242 -0.9289425 0 0.2674462 -0.9635729 0 0.2674462 -0.9635729 0 0.1618758 -0.9868112 0 0.1618758 -0.9868112 0 0.05412107 -0.9985343 0 0.05412107 -0.9985343 0 -0.05410891 -0.998535 0 -1 0 0 -1 0 0 -0.5000275 -0.8660095 0 -0.5000275 -0.8660095 0 0.5000275 -0.8660095 0 0.5000275 -0.8660095 0 1 0 0 1 0 0 0.4999482 0.8660554 0 0.4999482 0.8660554 0 -0.4999482 0.8660554 0 -0.4999482 0.8660554 -1 0 0 -1 0 0 -1 0 0 -1 0 0 -1 0 0 -1 0 0 -1 0 0 -1 0 0 -1 0 0 -1 0 0 -1 0 0 -1 0 0 -1 0 0 -1 0 0 -1 0 0 -1 0 0 -1 0 0 -1 0 0 -1 0 0 -1 0 0 -1 0 0 -1 0 0 -1 0 0 -1 0 0 -1 0 0 -1 0 0 -1 0 0 -1 0 0 -1 0 0 -1 0 0 -1 0 0 -1 0 0 -1 0 0 -1 0 0 -1 0 0 -1 0 0 -1 0 0 -1 0 0 -1 0 0 -1 0 0 -1 0 0 -1 0 0 -1 0 0 -1 0 0 -1 0 0 -1 0 0 -1 0 0 -1 0 0 -1 0 0 -1 0 0 -1 0 0 -1 0 0 -1 0 0 -1 0 0 -1 0 0 -1 0 0 -1 0 0 -1 0 0 -1 0 0 -1 0 0 -1 0 0 -1 0 0 -1 0 0 -1 0 0 1 0 0 1 0 0 1 0 0 1 0 0 1 0 0 1 0 0 1 0 0 1 0 0 1 0 0 1 0 0 1 0 0 1 0 0 1 0 0 1 0 0 1 0 0 1 0 0 1 0 0 1 0 0 1 0 0 1 0 0 1 0 0 1 0 0 1 0 0 1 0 0 1 0 0 1 0 0 1 0 0 1 0 0 1 0 0 1 0 0 1 0 0 1 0 0 1 0 0 1 0 0 1 0 0 1 0 0 1 0 0 1 0 0 1 0 0 1 0 0 1 0 0 1 0 0 1 0 0 1 0 0 1 0 0 1 0 0 1 0 0 1 0 0 1 0 0 1 0 0 1 0 0 1 0 0 1 0 0 1 0 0 1 0 0 1 0 0 1 0 0 1 0 0 1 0 0 1 0 0 1 0 0 1 0 0 1 0 0 1 0 0 0 -0.05412107 -0.9985343 0 -0.1618758 -0.9868112 0 -0.1618758 -0.9868112 0 -0.2674462 -0.9635729 0 -0.2674462 -0.9635729 0 -0.3702242 -0.9289425 0 -0.3702242 -0.9289425 0 -0.4681053 -0.8836728 0 -0.4681053 -0.8836728 0 -0.5613415 -0.8275842 0 -0.5613415 -0.8275842 0 -0.6472555 -0.7622731 0 -0.6472555 -0.7622731 0 -0.726012 -0.6876821 0 -0.726012 -0.6876821 0 -0.7961969 -0.6050375 0 -0.7961969 -0.6050375 0 -0.8568954 -0.5154902 0 -0.8568954 -0.5154902 0 -0.9075497 -0.4199447 0 -0.9075497 -0.4199447 0 -0.9476186 -0.3194043 0 -0.9476186 -0.3194043 0 -0.9766464 -0.2148532 0 -0.9766464 -0.2148532 0 -0.9941234 -0.108253 0 -0.9941234 -0.108253 0 -1 0 0 -1 0 0 -0.9941234 0.108253 0 -0.9941234 0.108253 0 -0.9766464 0.2148532 0 -0.9766464 0.2148532 0 -0.9475725 0.3195407 0 -0.9475725 0.3195407 0 -0.9076292 0.4197729 0 -0.9076292 0.4197729 0 -0.8568954 0.5154902 0 -0.8568954 0.5154902 0 -0.7960318 0.6052548 0 -0.7960318 0.6052548 0 -0.726012 0.6876821 0 -0.726012 0.6876821 0 -0.6475175 0.7620506 0 -0.6475175 0.7620506 0 -0.5610326 0.8277937 0 -0.5610326 0.8277937 0 -0.4684573 0.8834862 0 -0.4684573 0.8834862 0 -0.3702242 0.9289425 0 -0.3702242 0.9289425 0 -0.2674462 0.9635729 0 -0.2674462 0.9635729 0 -0.1618758 0.9868112 0 -0.1618758 0.9868112 0 -0.05412107 0.9985343 0 -0.05412107 0.9985343 0 0.05410891 0.998535 0 0.05410891 0.998535 0 0.1618758 0.9868112 0 0.1618758 0.9868112 0 0.2674462 0.9635729 0 0.2674462 0.9635729 0 0.3702242 0.9289425 0 0.3702242 0.9289425 0 0.4685506 0.8834366 0 0.4685506 0.8834366 0 0.5610326 0.8277937 0 0.5610326 0.8277937 0 0.6474063 0.7621451 0 0.6474063 0.7621451 0 0.726012 0.6876821 0 0.726012 0.6876821 0 0.7960318 0.6052548 0 0.7960318 0.6052548 0 0.8568954 0.5154902 0 0.8568954 0.5154902 0 0.9076292 0.4197729 0 0.9076292 0.4197729 0 0.9476408 0.3193383 0 0.9476408 0.3193383 0 0.976599 0.2150682 0 0.976599 0.2150682 0 0.9941476 0.1080301 0 0.9941476 0.1080301 0 1 0 0 1 0 0 0.9941476 -0.1080301 0 0.9941476 -0.1080301 0 0.976599 -0.2150682 0 0.976599 -0.2150682 0 0.9476868 -0.3192018 0 0.9476868 -0.3192018 0 0.9075497 -0.4199447 0 0.9075497 -0.4199447 0 0.8568954 -0.5154902 0 0.8568954 -0.5154902 0 0.7961969 -0.6050375 0 0.7961969 -0.6050375 0 0.726012 -0.6876821 0 0.726012 -0.6876821 0 0.6471443 -0.7623675 0 0.6471443 -0.7623675 0 0.5613415 -0.8275842 0 0.5613415 -0.8275842 0 0.4681985 -0.8836233 0 0.4681985 -0.8836233 0 0.3702242 -0.9289425 0 0.3702242 -0.9289425 0 0.2674462 -0.9635729 0 0.2674462 -0.9635729 0 0.1618758 -0.9868112 0 0.1618758 -0.9868112 0 0.05410891 -0.998535 0 0.05410891 -0.998535 0 -0.05412107 -0.9985343 0 -1 0 0 -1 0 0 -0.5000275 -0.8660095 0 -0.5000275 -0.8660095 0 0.5000275 -0.8660095 0 0.5000275 -0.8660095 0 1 0 0 1 0 0 0.4999482 0.8660554 0 0.4999482 0.8660554 0 -0.4999482 0.8660554 0 -0.4999482 0.8660554 0 0.08713161 0.9961968 0 0.08713161 0.9961968 0 0.2587559 0.9659428 0 0.2587559 0.9659428 0 0.4225475 0.9063407 0 0.4225475 0.9063407 0 0.5737252 0.8190479 0 0.5737252 0.8190479 0 0.7069882 0.7072256 0 0.7069882 0.7072256 0 0.8191984 0.5735101 0 0.8191984 0.5735101 0 0.9062953 0.422645 0 0.9062953 0.422645 0 0.9659428 0.2587559 0 0.9659428 0.2587559 0 0.9961968 0.08713161 0 0.9961968 0.08713161 1 0 0 1 0 0 1 0 0 1 0 0 1 0 0 1 0 0 1 0 0 1 0 0 1 0 0 1 0 0 1 0 0 1 0 0 1 0 0 1 0 0 1 0 0 1 0 0 1 0 0 1 0 0 1 0 0 1 0 0 1 0 0 1 0 0 1 0 0 1 0 0 1 0 0 1 0 0 1 0 0 1 0 0 1 0 0 1 0 0 1 0 0 1 0 0 1 0 0 1 0 0 1 0 0 1 0 0 0 0.08716303 -0.9961941 0 0.258841 -0.9659199 0 0.258841 -0.9659199 0 0.4226027 -0.906315 0 0.4226027 -0.906315 0 0.5735517 -0.8191694 0 0.5735517 -0.8191694 0 0.7071068 -0.7071068 0 0.7071068 -0.7071068 0 0.8191511 -0.573578 0 0.8191511 -0.573578 0 0.906315 -0.4226027 0 0.906315 -0.4226027 0 0.9659322 -0.258795 0 0.9659322 -0.258795 0 0.9961941 -0.08716303 0 0.9961941 -0.08716303 0 0.9961935 0.08716982 0 0.9961935 0.08716982 0 0.9659322 0.258795 0 0.9659322 0.258795 0 0.906315 0.4226027 0 0.906315 0.4226027 0 0.8191511 0.573578 0 0.8191511 0.573578 0 0.7071068 0.7071068 0 0.7071068 0.7071068 0 0.5735517 0.8191694 0 0.5735517 0.8191694 0 0.4226027 0.906315 0 0.4226027 0.906315 0 0.258841 0.9659199 0 0.258841 0.9659199 0 0.08716303 0.9961941 0 0.08716303 0.9961941 0 -0.08716642 0.9961938 0 -0.08716642 0.9961938 0 -0.258841 0.9659199 0 -0.258841 0.9659199 0 -0.4226027 0.906315 0 -0.4226027 0.906315 0 -0.5735516 0.8191695 0 -0.5735516 0.8191695 0 -0.7071068 0.7071068 0 -0.7071068 0.7071068 0 -0.8191512 0.5735777 0 -0.8191512 0.5735777 0 -0.906315 0.4226027 0 -0.906315 0.4226027 0 -0.9659225 0.2588312 0 -0.9659225 0.2588312 0 -0.9961969 0.08713102 0 -0.9961969 0.08713102 0 -0.9961975 -0.08712422 0 -0.9961975 -0.08712422 0 -0.9659225 -0.2588312 0 -0.9659225 -0.2588312 0 -0.906315 -0.4226027 0 -0.906315 -0.4226027 0 -0.8191512 -0.5735777 0 -0.8191512 -0.5735777 0 -0.7071068 -0.7071068 0 -0.7071068 -0.7071068 0 -0.5735516 -0.8191695 0 -0.5735516 -0.8191695 0 -0.4226027 -0.906315 0 -0.4226027 -0.906315 0 -0.258841 -0.9659199 0 -0.258841 -0.9659199 0 -0.08716642 -0.9961938 0 -0.08716642 -0.9961938 0 0.08716303 -0.9961941 0.7057437 -0.06175458 -0.7057707 0.7057582 -0.1833686 -0.6843108 0.7056935 -0.1833933 -0.684371 0.7056742 -0.2994471 -0.642149 0.7058261 -0.2993655 -0.6420202 0.7058003 -0.4063072 -0.5803107 0.7057713 -0.4063267 -0.5803322 0.7057459 -0.5009604 -0.5009604 0.7057459 -0.5009605 -0.5009604 0.7057189 -0.580364 -0.4063723 0.7057459 -0.58034 -0.4063597 0.7057225 -0.6421004 -0.2994375 0.7054783 -0.6423341 -0.2995119 0.7054822 -0.6845833 -0.1834136 0.705702 -0.6843646 -0.1833842 0.7057245 -0.7057903 -0.06174963 0.7055423 -0.705973 -0.06174212 0.7055411 -0.7059718 0.06177037 0.7057237 -0.7057927 0.06173121 0.7057033 -0.6843707 0.1833566 0.7054834 -0.6845748 0.1834405 0.7054769 -0.6423221 0.2995409 0.7057211 -0.6421149 0.2994097 0.7057461 -0.5803419 0.4063568 0.705719 -0.5803619 0.4063751 0.7057459 -0.5009604 0.5009604 0.7057459 -0.5009605 0.5009604 0.7057732 -0.4063603 0.5803065 0.7054445 -0.4065134 0.5805988 0.7054334 -0.2995484 0.6423662 0.7052813 -0.2995947 0.6425117 0.7052711 -0.1834418 0.6847932 0.7057579 -0.1833767 0.684309 0.7057448 -0.06178051 0.7057672 0.705541 -0.06177216 0.7059718 0.70554 0.06179589 0.7059707 0.7057436 0.06175214 0.705771 0.7057606 0.1833156 0.6843225 0.7052739 0.1835014 0.6847745 0.7052805 0.2996128 0.6425042 0.7054327 0.2995311 0.6423752 0.7054427 0.4065491 0.580576 0.7057713 0.4063268 0.5803321 0.7057459 0.5009604 0.5009604 0.7057459 0.5009605 0.5009604 0.7057189 0.5803639 0.4063724 0.7057458 0.5803399 0.4063599 0.7057214 0.6421121 0.299415 0.705675 0.6421565 0.2994291 0.7056931 0.6843734 0.1833856 0.7054935 0.684572 0.1834123 0.7055084 0.7060042 0.06177324 0.7055409 0.7059716 0.06177455 0.7055413 0.705972 -0.06176549 0.7055084 0.7060043 -0.06177258 0.7054924 0.6845664 -0.1834373 0.7056919 0.6843811 -0.1833611 0.7056747 0.6421542 -0.2994346 0.7057211 0.6421149 -0.2994097 0.705746 0.5803418 -0.406357 0.7057191 0.5803619 -0.4063752 0.7057459 0.5009604 -0.5009604 0.7057459 0.5009605 -0.5009604 0.7057712 0.4063238 -0.5803344 0.7058001 0.4063103 -0.5803086 0.7058269 0.2993829 -0.6420111 0.705675 0.2994291 -0.6421565 0.7056932 0.1833854 -0.6843735 0.7057579 0.1833767 -0.684309 0.7057447 0.06177812 -0.7057676 0.7055411 0.06176972 -0.7059718 0.7055398 -0.06179833 -0.7059706 0 0 1 0 0 1 0 0 1 0 0 1 0 0 1 0 0 1 0 0 1 0 0 1 0 -0.9961865 0.08724939 0 -0.9961865 0.08724939 0 -0.9659428 0.2587559 0 -0.9659428 0.2587559 0 -0.9062953 0.422645 0 -0.9062953 0.422645 0 -0.8191984 0.5735101 0 -0.8191984 0.5735101 0 -0.7070474 0.7071661 0 -0.7070474 0.7071661 0 -0.5736694 0.8190869 0 -0.5736694 0.8190869 0 -0.422593 0.9063196 0 -0.422593 0.9063196 0 -0.2587559 0.9659428 0 -0.2587559 0.9659428 0 -0.0871213 0.9961978 0 -0.0871213 0.9961978 0 1 0 0 1 0 0 1 0 0 1 0 0 1 0 0 1 0 0 1 0 0 1 0 0 1 0 0 1 0 0 1 0 0 1 0 0 1 0 0 1 0 0 1 0 0 1 0 0 1 0 0 1 0 0 1 0 0 1 0 0 1 0 0 1 0 0 1 0 0 1 0 0 1 0 0 1 0 0 1 0 0 1 0 0 1 0 0 1 0 0 1 0 0 1 0 0 1 0 0 1 0 0 1 0 0 1 0 0 1 0 0 1 0 0 1 0 0 1 0 0 1 0 0 1 0 0 1 0 0 1 0 0 1 0 0 1 0 0 1 0 0 1 0 1 0 0 1 0 0 1 0 0 1 0 0 1 0 0 1 0 0 1 0 0 1 0 0 1 0 0 1 0 0 1 0 0 1 0 0 1 0 0 1 0 0 1 0 0 1 0 0 1 0 0 1 0 0 1 0 0 1 0 0 0 -0.9961928 0.08717852 0 -0.9961928 0.08717852 0 -0.9659418 0.2587594 0 -0.9659418 0.2587594 0 -0.9062815 0.4226746 0 -0.9062815 0.4226746 0 -0.8191552 0.573572 0 -0.8191552 0.573572 0 -0.7070484 0.7071651 0 -0.7070484 0.7071651 0 -0.5737286 0.8190455 0 -0.5737286 0.8190455 0 -0.422534 0.9063471 0 -0.422534 0.9063471 0 -0.2588683 0.9659126 0 -0.2588683 0.9659126 0 -0.08707284 0.9962019 0 -0.08707284 0.9962019 0 0 1 0 0 1 0 0 1 0 -1 0 0 -1 0 1 0 0 1 0 0 1 0 0 1 0 0 1 0 0 1 0 0 1 0 0 1 0 0 1 0 0 1 0 0 1 0 0 1 0 0 1 0 0 1 0 0 1 0 0 1 0 0 1 0 0 1 0 0 1 0 0 1 0 0 0 1 0 0 1 0 0 0 1 0 0 1 0 0 1 0 0.08706271 0.9962028 0 0.08706271 0.9962028 0 0.2588975 0.9659048 0 0.2588975 0.9659048 0 0.422534 0.9063471 0 0.422534 0.9063471 0 0.5736738 0.8190839 0 0.5736738 0.8190839 0 0.7071068 0.7071068 0 0.7071068 0.7071068 0 0.8191552 0.573572 0 0.8191552 0.573572 0 0.9062815 0.4226746 0 0.9062815 0.4226746 0 0.9659126 0.2588683 0 0.9659126 0.2588683 0 0.9962028 0.08706271 0 0.9962028 0.08706271 1 0 0 1 0 0 1 0 0 1 0 0 1 0 0 1 0 0 1 0 0 1 0 0 1 0 0 1 0 0 1 0 0 1 0 0 1 0 0 1 0 0 1 0 0 1 0 0 1 0 0 1 0 0 1 0 0 1 0 0 1 0 0 0 -1 0 0 -1 0 0 -1 0 0 0 -1 0 0 -1 0 0 -1 0 -0.08707284 -0.9962019 0 -0.08707284 -0.9962019 0 -0.2588683 -0.9659126 0 -0.2588683 -0.9659126 0 -0.422534 -0.9063471 0 -0.422534 -0.9063471 0 -0.573572 -0.8191552 0 -0.573572 -0.8191552 0 -0.7070484 -0.7071651 0 -0.7070484 -0.7071651 0 -0.8192319 -0.5734623 0 -0.8192319 -0.5734623 0 -0.9062815 -0.4226746 0 -0.9062815 -0.4226746 0 -0.9659418 -0.2587594 0 -0.9659418 -0.2587594 0 -0.9961928 -0.08717852 0 -0.9961928 -0.08717852 1 0 0 1 0 0 1 0 0 1 0 0 1 0 0 1 0 0 1 0 0 1 0 0 1 0 0 1 0 0 1 0 0 1 0 0 1 0 0 1 0 0 1 0 0 1 0 0 1 0 0 1 0 0 1 0 0 1 0 0 0 0.9962028 -0.08706271 0 0.9962028 -0.08706271 0 0.9659126 -0.2588683 0 0.9659126 -0.2588683 0 0.9062815 -0.4226746 0 0.9062815 -0.4226746 0 0.8192319 -0.5734623 0 0.8192319 -0.5734623 0 0.7071068 -0.7071068 0 0.7071068 -0.7071068 0 0.5735172 -0.8191935 0 0.5735172 -0.8191935 0 0.422534 -0.9063471 0 0.422534 -0.9063471 0 0.2588975 -0.9659048 0 0.2588975 -0.9659048 0 0.08706271 -0.9962028 0 0.08706271 -0.9962028 0 0 -1 0 0 -1 0 0 -1 0 1 0 0 1 0 0 1 0 1 0 0 1 0 0 1 0 0 1 0 0 1 0 0 1 0 0 1 0 0 1 0 0 1 0 0 1 0 0 1 0 0 1 0 0 1 0 0 1 0 0 1 0 0 1 0 0 1 0 0 1 0 0 1 0 0 1 0 0 1 0 0 1 0 0 1 0 0 1 0 0 1 0 0 1 0 0 1 0 0 1 0 0 1 0 0 1 0 0 1 0 0 1 0 0 1 0 0 1 0 0 1 0 0 1 0 0 0.3420393 0 0.9396856 0.3420242 -0.9396911 0 0.3420203 -0.9396926 0 0.342022 -0.9396919 -5.37313e-7 0.3420241 -0.9396912 0 0.3420241 -0.9396911 0 0.3420242 -0.9396911 0 0.3420203 -0.9396926 0 0.3420203 -0.9396926 0 0.3420241 -0.9396911 0 0.3420241 -0.9396911 0 0.6526953 0.7556763 -0.05424243 0.3379958 0.604793 -0.7210993 0.3453519 0.6528658 -0.674165 0.3793101 0.9033905 -0.2000235 0.3285433 0.9345157 -0.136893 0.371693 0.9237571 -0.09228849 0.3530594 0.8734235 -0.3353811 0.3348098 0.8964592 -0.2902817 0.3513737 0.91097 -0.2160328 0.3474575 0.8159169 -0.462118 0.342158 0.8387022 -0.4236822 0.341498 0.8625456 -0.3733554 0.3421655 0.6700313 -0.6587722 0.3415694 0.7116327 -0.6139293 0.3448562 0.7390967 -0.578628 0.342357 0.7540059 -0.560595 0.340823 0.8046218 -0.4862338 0.3419882 0.9397043 0 0.3419882 0.9397043 0 0.3420203 0.9396926 0 0.3420203 0.9396926 0 0.3419882 0.9397042 0 0.6528436 0.7555499 -0.05421769 0.3464942 0.6466485 -0.6795495 0.3793503 0.9033623 -0.2000744 0.3284351 0.9345731 -0.1367606 0.3715169 0.923826 -0.0923078 0.3530265 0.8734685 -0.3352984 0.3348098 0.8964592 -0.2902817 0.3513551 0.9109558 -0.2161231 0.3474259 0.8158636 -0.4622356 0.3421055 0.8387565 -0.4236171 0.3414504 0.8625869 -0.3733034 0.3421657 0.6702778 -0.6585214 0.3415694 0.7116327 -0.6139293 0.3448562 0.7390967 -0.578628 0.3423929 0.7538025 -0.5608464 0.3408502 0.8046685 -0.4861375 0.3420222 -0.9396918 0 0.3419522 0 -0.9397173 0.3420531 0 -0.9396806 0.3420096 -1.4254e-5 -0.9396965 0.3419522 0 -0.9397173 0.3420221 0.9396919 0 0.340323 0.5795835 -0.7404481 0.3421657 0.6587733 -0.6700302 0.3464431 0.6795665 -0.646658 0.3467016 0.4395957 -0.8285854 0.3417539 0.5107826 -0.7888633 0.3420039 0.587197 -0.7336436 0.3279439 0.4657243 -0.8219207 0.3489834 0.3358151 -0.8748936 0.3458409 0.329244 -0.8786309 0.3513655 0.202519 -0.9140725 0.3822785 0.1924887 -0.9037761 0.3391893 0.2409905 -0.9093263 0.8850506 0.03332269 -0.4643006 0.472917 0.07376837 -0.8780136 0.3371357 0.1085097 -0.9351818 0.6648547 -0.05523407 -0.7449278 0.346399 -0.6798065 -0.6464293 0.3765231 -0.203657 -0.9037445 0.3291375 -0.1371406 -0.9342703 0.3783321 -0.09396904 -0.920888 0.3530214 -0.3382882 -0.872317 0.3342841 -0.2898259 -0.8968027 0.3527837 -0.2168997 -0.9102187 0.3472684 -0.4638471 -0.8150157 0.3421835 -0.4246731 -0.8381904 0.3415247 -0.3745808 -0.8620036 0.3421353 -0.6588211 -0.6699987 0.3415885 -0.6139637 -0.711594 0.3448378 -0.5796529 -0.7383018 0.342373 -0.5614653 -0.7533507 0.340821 -0.4868606 -0.8042436 0.342005 0 -0.9396981 0.3420499 2.42826e-5 -0.9396818 0.3419522 0 -0.9397173 0.3419523 0 -0.9397174 0.3420393 0 -0.9396856 0.3403365 -0.7403945 -0.579644 0.342178 -0.6703401 -0.6584514 0.3454282 -0.6528463 -0.6741448 0.3380742 -0.6047747 -0.721078 0.3467194 -0.8285913 -0.4395704 0.3417578 -0.7887494 -0.5109559 0.3420039 -0.7336436 -0.587197 0.32798 -0.8219342 -0.4656751 0.349009 -0.8748411 -0.3359254 0.3457921 -0.8786676 -0.3291977 0.3518886 -0.9139081 -0.2023523 0.3822133 -0.9037991 -0.1925103 0.339153 -0.9093466 -0.2409648 0.8854068 -0.46362 -0.0333361 0.4735897 -0.877642 -0.07387328 0.3377237 -0.9349517 -0.1086637 0.6534458 -0.755023 0.05430477 0.338019 -0.6047877 0.7210929 0.3453767 -0.6528593 0.6741584 0.37965 -0.9032544 0.1999934 0.3291215 -0.9342768 0.1371339 0.3723322 -0.9234837 0.09244722 0.3531371 -0.8733962 0.3353706 0.3349412 -0.8963732 0.2903955 0.351516 -0.9108943 0.2161203 0.3475121 -0.8158358 0.4622199 0.3422101 -0.8386483 0.4237466 0.3415529 -0.8624978 0.3734155 0.3421778 -0.6700937 0.6587024 0.3415831 -0.7116048 0.613954 0.3448842 -0.7391877 0.5784949 0.3424164 -0.7539067 0.5606921 0.3408827 -0.8045451 0.486319 0.3420241 -0.9396912 0 0.3420203 -0.9396926 0 0.3420226 -0.9396917 2.90959e-7 0.3420221 -0.9396919 0 0.3403365 -0.7403945 -0.579644 0.342178 -0.6703401 -0.6584514 0.3465188 -0.6466422 -0.679543 0.3466838 -0.8285794 -0.439621 0.34175 -0.7889772 -0.5106095 0.3420039 -0.7336436 -0.587197 0.32798 -0.8219342 -0.4656751 0.3490207 -0.8748705 -0.3358365 0.3458898 -0.8785944 -0.3292905 0.3518959 -0.9138932 -0.2024067 0.3822782 -0.9037646 -0.1925429 0.3392255 -0.9093059 -0.2410163 0.8854068 -0.46362 -0.0333361 0.4735897 -0.877642 -0.07387328 0.3377237 -0.9349517 -0.1086637 0.6537018 -0.7548024 0.05428892 0.346467 -0.6466554 0.6795568 0.37965 -0.9032544 0.1999934 0.3291215 -0.9342768 0.1371339 0.3722838 -0.9234982 0.09249836 0.3531371 -0.8733962 0.3353706 0.3349412 -0.8963732 0.2903955 0.351516 -0.9108943 0.2161203 0.3474978 -0.8159039 0.4621106 0.3422101 -0.8386483 0.4237466 0.3415529 -0.8624978 0.3734155 0.3421778 -0.6700937 0.6587024 0.3415831 -0.7116048 0.613954 0.3448736 -0.7390916 0.5786242 0.3423809 -0.753966 0.5606341 0.34085 -0.8045871 0.4862725 0.3403229 0.7403984 0.579647 0.3421657 0.6702778 0.6585214 0.3454033 0.6528527 0.6741513 0.3380509 0.60478 0.7210845 0.3466902 0.8286231 0.4395335 0.3417318 0.7887859 0.510917 0.3419814 0.7336851 0.5871583 0.3279168 0.8219534 0.4656859 0.3489428 0.8748641 0.3359342 0.3456619 0.8787653 0.3290736 0.3513488 0.914106 0.2023961 0.382061 0.9038798 0.1924335 0.3390162 0.9094233 0.2408676 0.8850229 0.4643533 0.03332161 0.4728552 0.8780475 0.07375872 0.3371295 0.9351884 0.1084725 0.3419882 0.9397042 0 0.342005 0.9396981 0 0.3419882 0.9397042 0 0.34202 0.9396927 -2.35145e-6 0.342005 0.9396981 0 0.3420393 0 -0.9396857 0.3403229 0.7403984 0.579647 0.3421655 0.6700313 0.6587722 0.3464424 0.6466616 0.6795634 0.3466546 0.8286111 0.439584 0.3417239 0.7890137 0.5105705 0.3419814 0.7336851 0.5871583 0.3280111 0.8219887 0.465557 0.3489936 0.8748464 0.3359274 0.3456544 0.8788155 0.3289474 0.3513488 0.914106 0.2023961 0.3821913 0.9038339 0.1923905 0.3390271 0.9093877 0.2409866 0.8850783 0.4642479 0.0333237 0.472734 0.8781101 0.0737918 0.3371295 0.9351884 0.1084725 0.3420393 0 0.9396857 0.342005 0.9396982 0 0.3420193 0.9396929 7.70772e-6 0.3419882 0.9397042 0 0.3419882 0.9397042 0 1 0 0 1 0 0 1 0 0 1 0 0 1 0 0 1 0 0 1 0 0 1 0 0 1 0 0 1 0 0 1 0 0 1 0 0 1 0 0 1 0 0 1 0 0 1 0 0 1 0 0 1 0 0 1 0 0 1 0 0 1 0 0 1 0 0 1 0 0 1 0 0 1 0 0 1 0 0 1 0 0 1 0 0 1 0 0 1 0 0 1 0 0 1 0 0 1 0 0 1 0 0 1 0 0 1 0 0 0 0.08753615 0.9961614 0 0.08753615 0.9961614 0 0.258491 0.9660136 0 0.258491 0.9660136 0 0.4228281 0.90621 0 0.4228281 0.90621 0 0.5736269 0.8191168 0 0.5736269 0.8191168 0 0.7072818 0.7069317 0 0.7072818 0.7069317 0 0.8188368 0.5740264 0 0.8188368 0.5740264 0 0.9064066 0.4224064 0 0.9064066 0.4224064 0 0.9659261 0.2588177 0 0.9659261 0.2588177 0 0.9961891 0.08721905 0 0.9961891 0.08721905 0 0.9961945 -0.08715826 0 0.9961945 -0.08715826 0 0.9659261 -0.2588177 0 0.9659261 -0.2588177 0 0.9062815 -0.4226746 0 0.9062815 -0.4226746 0 0.8190675 -0.5736973 0 0.8190675 -0.5736973 0 0.7072818 -0.7069317 0 0.7072818 -0.7069317 0 0.5736269 -0.8191168 0 0.5736269 -0.8191168 0 0.422253 -0.9064781 0 0.422253 -0.9064781 0 0.2591445 -0.9658386 0 0.2591445 -0.9658386 0 0.08684116 -0.9962221 0 0.08684116 -0.9962221 0 -0.08684116 -0.9962221 0 -0.08684116 -0.9962221 0 -0.2590569 -0.9658621 0 -0.2590569 -0.9658621 0 -0.4223868 -0.9064156 0 -0.4223868 -0.9064156 0 -0.5734623 -0.8192319 0 -0.5734623 -0.8192319 0 -0.7072818 -0.7069317 0 -0.7072818 -0.7069317 0 -0.8192319 -0.5734623 0 -0.8192319 -0.5734623 0 -0.9062815 -0.4226746 0 -0.9062815 -0.4226746 0 -0.9659261 -0.2588177 0 -0.9659261 -0.2588177 0 -0.9961945 -0.08715826 0 -0.9961945 -0.08715826 0 -0.9961891 0.08721905 0 -0.9961891 0.08721905 0 -0.9659261 0.2588177 0 -0.9659261 0.2588177 0 -0.9064066 0.4224064 0 -0.9064066 0.4224064 0 -0.8190014 0.5737915 0 -0.8190014 0.5737915 0 -0.7072818 0.7069317 0 -0.7072818 0.7069317 0 -0.5734623 0.8192319 0 -0.5734623 0.8192319 0 -0.4229621 0.9061474 0 -0.4229621 0.9061474 0 -0.2584035 0.966037 0 -0.2584035 0.966037 0 -0.08753615 0.9961614 0 -0.08753615 0.9961614 1 0 0 1 0 0 1 0 0 1 0 0 1 0 0 1 0 0 1 0 0 1 0 0 1 0 0 1 0 0 1 0 0 1 0 0 1 0 0 1 0 0 1 0 0 1 0 0 1 0 0 1 0 0 1 0 0 1 0 0 1 0 0 1 0 0 1 0 0 1 0 0 1 0 0 1 0 0 1 0 0 1 0 0 1 0 0 1 0 0 1 0 0 1 0 0 1 0 0 1 0 0 1 0 0 1 0 0 0 0.08684116 0.9962221 0 0.08684116 0.9962221 0 0.2591445 0.9658386 0 0.2591445 0.9658386 0 0.4222528 0.9064781 0 0.4222528 0.9064781 0 0.5736269 0.8191168 0 0.5736269 0.8191168 0 0.7071068 0.7071068 0 0.7071068 0.7071068 0 0.8192319 0.5734623 0 0.8192319 0.5734623 0 0.9062815 0.4226746 0 0.9062815 0.4226746 0 0.9659261 0.2588177 0 0.9659261 0.2588177 0 0.9961945 0.08715826 0 0.9961945 0.08715826 0 0.9961891 -0.08721905 0 0.9961891 -0.08721905 0 0.9659731 -0.2586427 0 0.9659731 -0.2586427 0 0.9062815 -0.4226746 0 0.9062815 -0.4226746 0 0.8192319 -0.5734623 0 0.8192319 -0.5734623 0 0.7067564 -0.707457 0 0.7067564 -0.707457 0 0.5736269 -0.8191168 0 0.5736269 -0.8191168 0 0.422828 -0.90621 0 0.422828 -0.90621 0 0.258491 -0.9660136 0 0.258491 -0.9660136 0 0.08753615 -0.9961614 0 0.08753615 -0.9961614 0 -0.08753615 -0.9961614 0 -0.08753615 -0.9961614 0 -0.2584035 -0.966037 0 -0.2584035 -0.966037 0 -0.4229621 -0.9061474 0 -0.4229621 -0.9061474 0 -0.5734623 -0.8192319 0 -0.5734623 -0.8192319 0 -0.7069316 -0.707282 0 -0.7069316 -0.707282 0 -0.8192319 -0.5734623 0 -0.8192319 -0.5734623 0 -0.9062815 -0.4226746 0 -0.9062815 -0.4226746 0 -0.9659731 -0.2586427 0 -0.9659731 -0.2586427 0 -0.9961891 -0.08721905 0 -0.9961891 -0.08721905 0 -0.9961945 0.08715826 0 -0.9961945 0.08715826 0 -0.9659261 0.2588177 0 -0.9659261 0.2588177 0 -0.9062815 0.4226746 0 -0.9062815 0.4226746 0 -0.8192319 0.5734623 0 -0.8192319 0.5734623 0 -0.7072818 0.7069317 0 -0.7072818 0.7069317 0 -0.5734623 0.8192319 0 -0.5734623 0.8192319 0 -0.4223868 0.9064156 0 -0.4223868 0.9064156 0 -0.2590569 0.9658621 0 -0.2590569 0.9658621 0 -0.08684116 0.9962221 0 -0.08684116 0.9962221 1 0 0 1 0 0 1 0 0 1 0 0 1 0 0 1 0 0 1 0 0 1 0 0 1 0 0 1 0 0 1 0 0 1 0 0 1 0 0 1 0 0 1 0 0 1 0 0 1 0 0 1 0 0 1 0 0 1 0 0 1 0 0 1 0 0 1 0 0 1 0 0 1 0 0 1 0 0 1 0 0 1 0 0 1 0 0 1 0 0 1 0 0 1 0 0 1 0 0 1 0 0 1 0 0 1 0 0 0 0.08684116 0.9962221 0 0.08684116 0.9962221 0 0.2590569 0.9658621 0 0.2590569 0.9658621 0 0.4223868 0.9064156 0 0.4223868 0.9064156 0 0.5734623 0.8192319 0 0.5734623 0.8192319 0 0.7072818 0.7069317 0 0.7072818 0.7069317 0 0.8192319 0.5734623 0 0.8192319 0.5734623 0 0.9062815 0.4226746 0 0.9062815 0.4226746 0 0.9659261 0.2588177 0 0.9659261 0.2588177 0 0.9961945 0.08715826 0 0.9961945 0.08715826 0 0.9961891 -0.08721905 0 0.9961891 -0.08721905 0 0.9659731 -0.2586427 0 0.9659731 -0.2586427 0 0.9062815 -0.4226746 0 0.9062815 -0.4226746 0 0.8192319 -0.5734623 0 0.8192319 -0.5734623 0 0.7069316 -0.707282 0 0.7069316 -0.707282 0 0.5734623 -0.8192319 0 0.5734623 -0.8192319 0 0.4229621 -0.9061474 0 0.4229621 -0.9061474 0 0.2584035 -0.966037 0 0.2584035 -0.966037 0 0.08753615 -0.9961614 0 0.08753615 -0.9961614 0 -0.08753615 -0.9961614 0 -0.08753615 -0.9961614 0 -0.258491 -0.9660136 0 -0.258491 -0.9660136 0 -0.422828 -0.90621 0 -0.422828 -0.90621 0 -0.5736269 -0.8191168 0 -0.5736269 -0.8191168 0 -0.7069316 -0.707282 0 -0.7069316 -0.707282 0 -0.8190675 -0.5736973 0 -0.8190675 -0.5736973 0 -0.9062815 -0.4226746 0 -0.9062815 -0.4226746 0 -0.9659731 -0.2586427 0 -0.9659731 -0.2586427 0 -0.9961891 -0.08721905 0 -0.9961891 -0.08721905 0 -0.9961945 0.08715826 0 -0.9961945 0.08715826 0 -0.9659261 0.2588177 0 -0.9659261 0.2588177 0 -0.9062815 0.4226746 0 -0.9062815 0.4226746 0 -0.8190675 0.5736973 0 -0.8190675 0.5736973 0 -0.7072818 0.7069317 0 -0.7072818 0.7069317 0 -0.5736269 0.8191168 0 -0.5736269 0.8191168 0 -0.4222528 0.9064781 0 -0.4222528 0.9064781 0 -0.2591445 0.9658386 0 -0.2591445 0.9658386 0 -0.08684116 0.9962221 0 -0.08684116 0.9962221 0 0.9961968 -0.08713161 0 0.9961968 -0.08713161 0 0.9659428 -0.2587559 0 0.9659428 -0.2587559 0 0.9062953 -0.422645 0 0.9062953 -0.422645 0 0.8191204 -0.5736217 0 0.8191204 -0.5736217 0 0.7071068 -0.7071068 0 0.7071068 -0.7071068 0 0.5735659 -0.8191595 0 0.5735659 -0.8191595 0 0.4227426 -0.9062499 0 0.4227426 -0.9062499 0 0.2587559 -0.9659428 0 0.2587559 -0.9659428 0 0.08713161 -0.9961968 0 0.08713161 -0.9961968 0 0 -1 0 0 -1 0 0 -1 0 0 -1 0 0 -1 0 0 -1 0 0 -1 0 0 -1 0 0 -1 0 0 -1 0 0 -1 0 0 -1 0 0 -1 0 0 -1 0 0 -1 0 0 -1 0 0 -1 0 0 -1 0 0 -1 0 0 -1 0 0 -1 0 0 -1 0 0 -1 0 0 -1 0 0 -1 0 0 -1 0 0 -1 0 0 -1 0 -0.07858175 -0.9969077 0 -0.07858175 -0.9969077 0 -0.2334029 -0.9723801 0 -0.2334029 -0.9723801 0 -0.3826391 -0.9238979 0 -0.3826391 -0.9238979 0 -0.5224044 -0.8526979 0 -0.5224044 -0.8526979 0 -0.6494874 -0.7603723 0 -0.6494874 -0.7603723 0 -0.7604279 -0.6494223 0 -0.7604279 -0.6494223 0 -0.8526031 -0.522559 0 -0.8526031 -0.522559 0 -0.9239172 -0.3825924 0 -0.9239172 -0.3825924 0 -0.9723502 -0.2335276 0 -0.9723502 -0.2335276 0 -0.9969172 -0.07846105 0 -0.9969172 -0.07846105 0 -1 0 0 -1 0 0 -1 0 0 -1 0 0 -1 0 0 -1 0 0 -1 0 0 -1 0 0 -1 0 0 -1 0 0 -1 0 0 -1 0 0 -1 0 0 -1 0 0 -1 0 0 -1 0 0 -1 0 0 -1 0 0 -1 0 0 -1 0 0 -1 0 0 -1 0 0 -1 0 0 -1 0 0 -1 0 0 -1 0 0 -1 0 0 -1 0 0 -1 0 0 -1 0 0 -1 0 0 -1 0 0 -1 0 0 -1 0 0 -1 0 0 -1 0 0 -1 0 0 -1 0 0 -1 0 0 -1 0 0 -1 0 0 -1 0 0 -1 0 0 -1 0 0 -1 0 0 -1 0 0 -1 0 0 -1 0 -1 0 0 -1 0 0 -1 0 0 -1 0 0 -1 0 0 -1 0 0 -1 0 0 -1 0 0 -1 0 0 -1 0 0 -1 0 0 -1 0 0 -1 0 0 -1 0 0 -1 0 0 -1 0 0 -1 0 0 -1 0 0 -1 0 0 -1 0 0 -1 0 0 -1 0 0 -1 0 0 -1 0 0 -1 0 0 -1 0 0 -1 0 0 -1 0 0 -1 0 0 1 0 0 1 0 0 1 0 0 1 0 0 1 0 0 1 0 0 1 0 0 1 0 0 1 0 0 1 0 0 1 0 0 1 0 0 1 0 0 1 0 0 1 0 0 1 0 0 1 0 0 1 0 0 1 0 0 1 0 0 1 0 0 1 0 0 1 0 0 1 0 0 1 0 0 1 0 0 1 0 0 1 0 0 1 0 0 1 0 0 1 0 0 1 0 0 1 0 0 1 0 0 1 0 0 1 0 0 1 0 0 1 0 0 1 0 0 1 0 0 1 0 0 1 0 0 1 0 0 1 0 0 1 0 0 1 0 0 1 0 0 1 0 0 1 0 0 1 0 0 1 0 0 1 0 0 1 0 0 1 0 0 1 0 0 1 0 0 1 0 0 1 0 0 1 0 0 1 0 0 1 0 0 1 0 0 1 0 0 1 0 0 1 0 0 1 0 0 1 0 0 1 0 0 1 0 0 1 0 0 1 0 0 1 0 0 1 0 0 1 0 0 1 0 0 1 0 0 1 0 0 1 0 0 1 0 0 1 0 0 1 0 0 1 0 0 1 0 0 1 0 0 1 0 0 1 0 0 1 0 0 1 0 0 1 0 0 1 0 0 1 0 0 1 0 0 1 0 0 1 0 0 1 0 0 1 0 0 1 0 0 1 0 0 1 0 0 1 0 0 1 0 0 1 0 0 1 0 0 1 0 0 1 0 0 1 0 0 1 0 0 1 0 0 1 0 0 1 0 0 1 0 0 1 0 0 1 0 0 1 0 0 1 0 0 1 0 0 1 0 0 1 0 0 1 0 0 1 0 0 1 0 0 1 0 0 1 0 0 1 0 0 1 0 0 1 0 0 1 0 0 1 0 0 1 0 0 1 0 0 1 0 0 1 0 0 1 0 0 1 0 0 1 0 0 1 0 0 1 0 0 1 0 0 1 0 0 1 0 0 1 0 0 1 0 0 1 0 0 1 0 0 1 0 0 1 0 0 1 0 0 1 0 0 1 0 0 1 0 0 1 0 0 1 0 0 1 0 0 1 0 0 1 0 0 1 0 0 1 0 0 1 0 0 1 0 0 1 0 0 1 0 0 1 0 0 1 0 0 1 0 0 1 0 0 1 0 0 1 0 0 1 0 0 1 0 0 1 0 0 1 0 0 1 0 0 1 0 0 1 0 0 1 0 0 1 0 0 1 0 0 1 0 0 1 0 0 1 0 0 1 0 0 1 0 0 1 0 0 1 0 0 1 0 0 1 0 0 1 0 0 1 0 0 1 0 0 1 0 0 1 0 0 1 0 0 1 0 0 1 0 0 1 0 0 1 0 0 1 0 0 1 0 0 1 0 0 1 0 0 1 0 0 1 0 0 1 0 0 1 0 0 1 0 0 1 0 0 1 0 0 1 0 0 1 0 0 1 0 0 1 0 0 1 0 0 1 0 0 1 0 0 1 0 0 1 0 0 1 0 0 1 0 0 1 0 0 1 0 0 1 0 0 1 0 0 1 0 0 1 0 0 1 0 0 1 0 0 1 0 0 1 0 0 1 0 0 1 0 0 1 0 0 1 0 0 1 0 0 1 0 0 1 0 0 1 0 0 1 0 0 1 0 0 1 0 0 1 0 0 1 0 0 1 0 0 1 0 0 1 0 0 1 0 0 1 0 0 1 0 0 1 0 0 1 0 0 1 0 0 1 0 0 1 0 0 1 0 0 1 0 0 1 0 0 1 0 0 1 0 0 1 0 0 1 0 0 1 0 0 1 0 0 1 0 0 1 0 0 1 0 0 1 0 0 1 0 0 1 0 0 1 0 0 1 0 0 1 0 0 1 0 0 1 0 0 1 0 0 1 0 0 1 0 0 1 0 0 1 0 0 1 0 0 1 0 0 1 0 0 1 0 0 1 0 0 1 0 0 1 0 0 1 0 0 1 0 0 1 0 0 1 0 0 1 0 0 1 0 0 1 0 0 1 0 0 1 0 0 1 0 0 1 0 0 1 0 0 1 0 0 1 0 0 1 0 0 1 0 0 1 0 0 1 0 0 1 0 0 1 0 0 1 0 0 1 0 0 1 0 0 1 0 0 1 0 0 1 0 0 1 0 0 1 0 0 1 0 0 1 0 0 1 0 0 1 0 0 1 0 0 1 0 0 1 0 0 1 0 0 1 0 0 1 0 0 1 0 0 1 0 0 1 0 0 1 0 0 1 0 0 1 0 0 1 0 0 1 0 0 1 0 0 1 0 0 1 0 0 1 0 0 1 0 0 1 0 0 1 0 0 1 0 0 1 0 0 1 0 0 1 0 0 1 0 0 1 0 0 1 0 0 1 0 0 1 0 0 1 0 0 1 0 0 1 0 0 1 0 0 1 0 0 1 0 0 1 0 0 1 0 0 1 0 0 1 0 0 1 0 0 1 0 0 1 0 0 1 0 0 1 0 0 1 0 0 1 0 0 1 0 0 1 0 0 1 0 0 1 0 0 1 0 0 1 0 0 1 0 0 1 0 0 1 0 0 1 0 0 1 0 0 1 0 0 1 0 0 1 0 0 1 0 0 1 0 0 1 0 0 1 0 0 1 0 0 1 0 0 1 0 0 1 0 0 1 0 0 1 0 0 1 0 0 1 0 0 1 0 0 1 0 0 1 0 0 1 0 0 1 0 0 1 0 0 1 0 0 1 0 0 1 0 0 1 0 0 1 0 0 1 0 0 1 0 0 1 0 0 1 0 0 1 0 0 1 0 0 1 0 0 1 0 0 1 0 0 1 0 0 1 0 0 1 0 0 1 0 0 1 0 0 1 0 0 1 0 0 1 0 0 1 0 0 1 0 0 1 0 0 1 0 0 1 0 0 1 0 0 1 0 0 1 0 0 1 0 0 1 0 0 1 0 0 1 0 0 1 0 0 1 0 0 1 0 0 1 0 0 1 0 0 1 0 0 1 0 0 1 0 0 1 0 0 1 0 0 1 0 0 1 0 0 1 0 0 1 0 0 1 0 0 1 0 0 1 0 0 1 0 0 1 0 0 1 0 0 1 0 0 1 0 0 1 0 0 1 0 0 1 0 0 1 0 0 1 0 0 1 0 0 1 0 0 1 0 0 1 0 0 1 0 0 1 0 0 1 0 0 1 0 0 1 0 0 1 0 0 1 0 0 1 0 0 1 0 0 1 0 0 1 0 0 1 0 0 1 0 0 1 0 0 1 0 0 1 0 0 1 0 0 1 0 0 1 0 0 1 0 0 1 0 0 1 0 0 1 0 0 1 0 0 1 0 0 0 -0.9341297 0.3569336 0 -0.9341297 0.3569336 0 -0.8583843 0.5130074 0 -0.8583843 0.5130074 0 -0.7570341 0.6533754 0 -0.7570341 0.6533754 0 -0.6327657 0.7743433 0 -0.6327657 0.7743433 0 -0.4897467 0.8718647 0 -0.4897467 0.8718647 0 -0.3315729 0.9434297 0 -0.3315729 0.9434297 0 -0.163989 0.9864622 0 -0.163989 0.9864622 0 0.009029746 0.9999592 0 0.009029746 0.9999592 0 0.1816495 0.9833633 0 0.1816495 0.9833633 0 0.3485493 0.9372904 0 0.3485493 0.9372904 0 0.5049823 0.8631296 0 0.5049823 0.8631296 0 0.6465573 0.7628654 0 0.6465573 0.7628654 0 0.7686356 0.6396869 0 0.7686356 0.6396869 0 0.8675532 0.4973442 0 0.8675532 0.4973442 0 0.9403614 0.3401768 0 0.9403614 0.3401768 0 0.984983 0.1726519 0 0.984983 0.1726519 0 1 0 0 1 0 0 0.984983 -0.1726519 0 0.984983 -0.1726519 0 0.9403197 -0.3402924 0 0.9403197 -0.3402924 0 0.8675532 -0.4973442 0 0.8675532 -0.4973442 0 0.7686356 -0.6396869 0 0.7686356 -0.6396869 0 0.6465573 -0.7628654 0 0.6465573 -0.7628654 0 0.5052514 -0.8629722 0 0.5052514 -0.8629722 0 0.3485493 -0.9372904 0 0.3485493 -0.9372904 0 0.1813003 -0.9834278 0 0.1813003 -0.9834278 0 0.009029746 -0.9999592 0 0.009029746 -0.9999592 0 -0.1636374 -0.9865206 0 -0.1636374 -0.9865206 0 -0.3318943 -0.9433166 0 -0.3318943 -0.9433166 0 -0.4894721 -0.872019 0 -0.4894721 -0.872019 0 -0.6327657 -0.7743433 0 -0.6327657 -0.7743433 0 -0.7570341 -0.6533754 0 -0.7570341 -0.6533754 0 -0.8584792 -0.5128483 0 -0.8584792 -0.5128483 0 -0.9340837 -0.357054 0 -0.9340837 -0.357054 0 -1 0 0 -1 0 0 -0.08753615 -0.9961614 0 -0.2584035 -0.9660372 0 -0.2584035 -0.9660372 0 -0.4229621 -0.9061474 0 -0.4229621 -0.9061474 0 -0.5734624 -0.819232 0 -0.5734624 -0.819232 0 -0.7072818 -0.7069317 0 -0.7072818 -0.7069317 0 -0.8190014 -0.5737915 0 -0.8190014 -0.5737915 0 -0.9062816 -0.4226746 0 -0.9062816 -0.4226746 0 -0.9659731 -0.2586428 0 -0.9659731 -0.2586428 0 -0.9961892 -0.08721905 0 -0.9961892 -0.08721905 0 -0.9961945 0.08715826 0 -0.9961945 0.08715826 0 -0.9659262 0.2588178 0 -0.9659262 0.2588178 0 -0.9062816 0.4226746 0 -0.9062816 0.4226746 0 -0.819232 0.5734624 0 -0.819232 0.5734624 0 -0.7072818 0.7069317 0 -0.7072818 0.7069317 0 -0.5734624 0.819232 0 -0.5734624 0.819232 0 -0.4223869 0.9064157 0 -0.4223869 0.9064157 0 -0.2590569 0.965862 0 -0.2590569 0.965862 0 -0.0868411 0.9962221 0 -0.0868411 0.9962221 0 0.0868411 0.9962221 0 0.0868411 0.9962221 0 0.2591445 0.9658386 0 0.2591445 0.9658386 0 0.4222528 0.9064781 0 0.4222528 0.9064781 0 0.5736269 0.8191168 0 0.5736269 0.8191168 0 0.7072818 0.7069317 0 0.7072818 0.7069317 0 0.8190675 0.5736973 0 0.8190675 0.5736973 0 0.9062816 0.4226746 0 0.9062816 0.4226746 0 0.9659262 0.2588178 0 0.9659262 0.2588178 0 0.9961945 0.08715826 0 0.9961945 0.08715826 0 0.9961892 -0.08721905 0 0.9961892 -0.08721905 0 0.9659731 -0.2586428 0 0.9659731 -0.2586428 0 0.9062816 -0.4226746 0 0.9062816 -0.4226746 0 0.8188368 -0.5740264 0 0.8188368 -0.5740264 0 0.7072818 -0.7069317 0 0.7072818 -0.7069317 0 0.5736269 -0.8191168 0 0.5736269 -0.8191168 0 0.422828 -0.90621 0 0.422828 -0.90621 0 0.258491 -0.9660137 0 0.258491 -0.9660137 0 0.08753615 -0.9961614 0 0.08753615 -0.9961614 0 -0.08753615 -0.9961614 1 0 0 1 0 0 1 0 0 1 0 0 1 0 0 1 0 0 1 0 0 1 0 0 1 0 0 1 0 0 1 0 0 1 0 0 1 0 0 1 0 0 1 0 0 1 0 0 1 0 0 1 0 0 1 0 0 1 0 0 1 0 0 1 0 0 1 0 0 1 0 0 1 0 0 1 0 0 1 0 0 1 0 0 1 0 0 1 0 0 1 0 0 1 0 0 1 0 0 1 0 0 1 0 0 1 0 0 1 0 0 1 0 0 1 0 0 1 0 0 1 0 0 1 0 0 1 0 0 1 0 0 1 0 0 1 0 0 1 0 0 1 0 0 1 0 0 1 0 0 1 0 0 1 0 0 1 0 0 1 0 0 1 0 0 1 0 0 1 0 0 1 0 0 1 0 0 1 0 0 1 0 0 1 0 0 1 0 0 1 0 0 1 0 0 1 0 0 1 0 0 1 0 0 1 0 0 1 0 0 0 0.9341297 -0.3569336 0 0.9341297 -0.3569336 0 0.8583843 -0.5130074 0 0.8583843 -0.5130074 0 0.7570341 -0.6533754 0 0.7570341 -0.6533754 0 0.6327657 -0.7743433 0 0.6327657 -0.7743433 0 0.4897467 -0.8718647 0 0.4897467 -0.8718647 0 0.3315729 -0.9434297 0 0.3315729 -0.9434297 0 0.163989 -0.9864622 0 0.163989 -0.9864622 0 -0.009029746 -0.9999592 0 -0.009029746 -0.9999592 0 -0.1816495 -0.9833633 0 -0.1816495 -0.9833633 0 -0.3485493 -0.9372904 0 -0.3485493 -0.9372904 0 -0.5050611 -0.8630837 0 -0.5050611 -0.8630837 0 -0.6466784 -0.7627628 0 -0.6466784 -0.7627628 0 -0.7686356 -0.6396869 0 -0.7686356 -0.6396869 0 -0.8674639 -0.4975001 0 -0.8674639 -0.4975001 0 -0.9403614 -0.3401768 0 -0.9403614 -0.3401768 0 -0.984983 -0.1726519 0 -0.984983 -0.1726519 0 -1 0 0 -1 0 0 -0.984983 0.1726519 0 -0.984983 0.1726519 0 -0.9403197 0.3402924 0 -0.9403197 0.3402924 0 -0.8675532 0.4973442 0 -0.8675532 0.4973442 0 -0.7686356 0.6396869 0 -0.7686356 0.6396869 0 -0.6464683 0.7629409 0 -0.6464683 0.7629409 0 -0.5053301 0.8629261 0 -0.5053301 0.8629261 0 -0.3485493 0.9372904 0 -0.3485493 0.9372904 0 -0.1816495 0.9833633 0 -0.1816495 0.9833633 0 -0.008668601 0.9999624 0 -0.008668601 0.9999624 0 0.1636374 0.9865206 0 0.1636374 0.9865206 0 0.3315729 0.9434297 0 0.3315729 0.9434297 0 0.4897467 0.8718647 0 0.4897467 0.8718647 0 0.6327657 0.7743433 0 0.6327657 0.7743433 0 0.7570341 0.6533754 0 0.7570341 0.6533754 0 0.8584792 0.5128483 0 0.8584792 0.5128483 0 0.9340837 0.357054 0 0.9340837 0.357054 0 1 0 0 1 0 0 -0.0868411 -0.9962221 0 -0.2591445 -0.9658386 0 -0.2591445 -0.9658386 0 -0.4222528 -0.9064781 0 -0.4222528 -0.9064781 0 -0.5736269 -0.8191168 0 -0.5736269 -0.8191168 0 -0.7071068 -0.7071068 0 -0.7071068 -0.7071068 0 -0.819232 -0.5734624 0 -0.819232 -0.5734624 0 -0.9062816 -0.4226746 0 -0.9062816 -0.4226746 0 -0.9659262 -0.2588178 0 -0.9659262 -0.2588178 0 -0.9961945 -0.08715826 0 -0.9961945 -0.08715826 0 -0.9961892 0.08721905 0 -0.9961892 0.08721905 0 -0.9659262 0.2588178 0 -0.9659262 0.2588178 0 -0.9064066 0.4224064 0 -0.9064066 0.4224064 0 -0.8190014 0.5737915 0 -0.8190014 0.5737915 0 -0.7071068 0.7071068 0 -0.7071068 0.7071068 0 -0.5736269 0.8191168 0 -0.5736269 0.8191168 0 -0.422828 0.90621 0 -0.422828 0.90621 0 -0.258491 0.9660137 0 -0.258491 0.9660137 0 -0.08753615 0.9961614 0 -0.08753615 0.9961614 0 0.08753615 0.9961614 0 0.08753615 0.9961614 0 0.2584035 0.9660372 0 0.2584035 0.9660372 0 0.4229621 0.9061474 0 0.4229621 0.9061474 0 0.5734624 0.819232 0 0.5734624 0.819232 0 0.7072818 0.7069317 0 0.7072818 0.7069317 0 0.8190014 0.5737915 0 0.8190014 0.5737915 0 0.9064066 0.4224064 0 0.9064066 0.4224064 0 0.9659262 0.2588178 0 0.9659262 0.2588178 0 0.9961892 0.08721905 0 0.9961892 0.08721905 0 0.9961945 -0.08715826 0 0.9961945 -0.08715826 0 0.9659262 -0.2588178 0 0.9659262 -0.2588178 0 0.9062816 -0.4226746 0 0.9062816 -0.4226746 0 0.819232 -0.5734624 0 0.819232 -0.5734624 0 0.7072818 -0.7069317 0 0.7072818 -0.7069317 0 0.5734624 -0.819232 0 0.5734624 -0.819232 0 0.4223869 -0.9064157 0 0.4223869 -0.9064157 0 0.2590569 -0.965862 0 0.2590569 -0.965862 0 0.0868411 -0.9962221 0 0.0868411 -0.9962221 0 -0.0868411 -0.9962221 1 0 0 1 0 0 1 0 0 1 0 0 1 0 0 1 0 0 1 0 0 1 0 0 1 0 0 1 0 0 1 0 0 1 0 0 1 0 0 1 0 0 1 0 0 1 0 0 1 0 0 1 0 0 1 0 0 1 0 0 1 0 0 1 0 0 1 0 0 1 0 0 1 0 0 1 0 0 1 0 0 1 0 0 1 0 0 1 0 0 1 0 0 1 0 0 1 0 0 1 0 0 1 0 0 1 0 0 1 0 0 1 0 0 1 0 0 1 0 0 1 0 0 1 0 0 1 0 0 1 0 0 1 0 0 1 0 0 1 0 0 1 0 0 1 0 0 1 0 0 1 0 0 1 0 0 1 0 0 1 0 0 1 0 0 1 0 0 1 0 0 1 0 0 1 0 0 1 0 0 1 0 0 1 0 0 1 0 0 1 0 0 1 0 0 1 0 0 1 0 0 1 0 0 1 0 0 1 0 0 1 0 0 1 0 0 0 0.08726495 -0.9961851 0 0.2585566 -0.9659962 0 0.2585566 -0.9659962 0 0.4226987 -0.9062703 0 0.4226987 -0.9062703 0 0.5735346 -0.8191813 0 0.5735346 -0.8191813 0 0.7071067 -0.7071067 0 0.7071067 -0.7071067 0 0.8191813 -0.5735348 0 0.8191813 -0.5735348 0 0.9063711 -0.4224824 0 0.9063711 -0.4224824 0 0.9659064 -0.2588917 0 0.9659064 -0.2588917 0 0.9961981 -0.08711791 0 0.9961981 -0.08711791 0 0.9962007 0.08708673 0 0.9962007 0.08708673 0 0.9659064 0.2588917 0 0.9659064 0.2588917 0 0.9063711 0.4224824 0 0.9063711 0.4224824 0 0.8191813 0.5735348 0 0.8191813 0.5735348 0 0.7071067 0.7071067 0 0.7071067 0.7071067 0 0.5735346 0.8191813 0 0.5735346 0.8191813 0 0.4224036 0.9064078 0 0.4224036 0.9064078 0 0.2588917 0.9659064 0 0.2588917 0.9659064 0 0.08726495 0.9961851 0 0.08726495 0.9961851 0 -0.08728057 0.9961838 0 -0.08728057 0.9961838 0 -0.2588917 0.9659064 0 -0.2588917 0.9659064 0 -0.4224036 0.9064078 0 -0.4224036 0.9064078 0 -0.5735346 0.8191813 0 -0.5735346 0.8191813 0 -0.7071067 0.7071067 0 -0.7071067 0.7071067 0 -0.8191813 0.5735346 0 -0.8191813 0.5735346 0 -0.9063023 0.4226299 0 -0.9063023 0.4226299 0 -0.9659513 0.2587241 0 -0.9659513 0.2587241 0 -0.9962007 0.08708673 0 -0.9962007 0.08708673 0 -0.9961981 -0.08711791 0 -0.9961981 -0.08711791 0 -0.9659513 -0.2587241 0 -0.9659513 -0.2587241 0 -0.9063023 -0.4226299 0 -0.9063023 -0.4226299 0 -0.8191813 -0.5735346 0 -0.8191813 -0.5735346 0 -0.7071067 -0.7071067 0 -0.7071067 -0.7071067 0 -0.5735346 -0.8191813 0 -0.5735346 -0.8191813 0 -0.4226987 -0.9062703 0 -0.4226987 -0.9062703 0 -0.2585566 -0.965996 0 -0.2585566 -0.965996 0 -0.08728057 -0.9961838 0 -0.08728057 -0.9961838 0 0.08726495 -0.9961851 1 0 0 1 0 0 1 0 0 1 0 0 1 0 0 1 0 0 1 0 0 1 0 0 1 0 0 1 0 0 1 0 0 1 0 0 1 0 0 1 0 0 1 0 0 1 0 0 1 0 0 1 0 0 1 0 0 1 0 0 1 0 0 1 0 0 1 0 0 1 0 0 1 0 0 1 0 0 1 0 0 1 0 0 1 0 0 1 0 0 1 0 0 1 0 0 1 0 0 1 0 0 1 0 0 1 0 0 1 0 0 1 0 0 1 0 0 1 0 0 1 0 0 1 0 0 1 0 0 1 0 0 1 0 0 1 0 0 1 0 0 1 0 0 1 0 0 1 0 0 1 0 0 1 0 0 1 0 0 1 0 0 1 0 0 1 0 0 1 0 0 1 0 0 1 0 0 1 0 0 1 0 0 1 0 0 1 0 0 1 0 0 1 0 0 1 0 0 1 0 0 1 0 0 1 0 0 1 0 0 1 0 0 1 0 0 0 0.08726495 -0.9961851 0 0.2589365 -0.9658944 0 0.2589365 -0.9658944 0 0.4226299 -0.9063023 0 0.4226299 -0.9063023 0 0.573619 -0.8191222 0 0.573619 -0.8191222 0 0.7071067 -0.7071067 0 0.7071067 -0.7071067 0 0.819097 -0.5736551 0 0.819097 -0.5736551 0 0.9063071 -0.42262 0 0.9063071 -0.42262 0 0.9659064 -0.2588917 0 0.9659064 -0.2588917 0 0.9962007 -0.08708673 0 0.9962007 -0.08708673 0 0.9962007 0.08708673 0 0.9962007 0.08708673 0 0.9658823 0.2589814 0 0.9658823 0.2589814 0 0.9063711 0.4224824 0 0.9063711 0.4224824 0 0.819097 0.5736551 0 0.819097 0.5736551 0 0.7071067 0.7071067 0 0.7071067 0.7071067 0 0.573619 0.8191222 0 0.573619 0.8191222 0 0.4226299 0.9063023 0 0.4226299 0.9063023 0 0.2589365 0.9658944 0 0.2589365 0.9658944 0 0.08690851 0.9962164 0 0.08690851 0.9962164 0 -0.08690851 0.9962164 0 -0.08690851 0.9962164 0 -0.2589365 0.9658944 0 -0.2589365 0.9658944 0 -0.4226987 0.9062703 0 -0.4226987 0.9062703 0 -0.5735346 0.8191813 0 -0.5735346 0.8191813 0 -0.7071067 0.7071067 0 -0.7071067 0.7071067 0 -0.8191813 0.5735346 0 -0.8191813 0.5735346 0 -0.9063023 0.4226299 0 -0.9063023 0.4226299 0 -0.9659272 0.2588139 0 -0.9659272 0.2588139 0 -0.9961851 0.08726495 0 -0.9961851 0.08726495 0 -0.9961851 -0.08726495 0 -0.9961851 -0.08726495 0 -0.9659513 -0.2587241 0 -0.9659513 -0.2587241 0 -0.9062382 -0.4227675 0 -0.9062382 -0.4227675 0 -0.8191813 -0.5735346 0 -0.8191813 -0.5735346 0 -0.7071067 -0.7071067 0 -0.7071067 -0.7071067 0 -0.5735346 -0.8191813 0 -0.5735346 -0.8191813 0 -0.4226987 -0.9062703 0 -0.4226987 -0.9062703 0 -0.2589365 -0.9658944 0 -0.2589365 -0.9658944 0 -0.08726495 -0.9961851 0 -0.08726495 -0.9961851 0 0.08726495 -0.9961851 1 0 0 1 0 0 1 0 0 1 0 0 1 0 0 1 0 0 1 0 0 1 0 0 1 0 0 1 0 0 1 0 0 1 0 0 1 0 0 1 0 0 1 0 0 1 0 0 1 0 0 1 0 0 1 0 0 1 0 0 1 0 0 1 0 0 1 0 0 1 0 0 1 0 0 1 0 0 1 0 0 1 0 0 1 0 0 1 0 0 1 0 0 1 0 0 1 0 0 1 0 0 1 0 0 1 0 0 1 0 0 1 0 0 1 0 0 1 0 0 1 0 0 1 0 0 1 0 0 1 0 0 1 0 0 1 0 0 1 0 0 1 0 0 1 0 0 1 0 0 1 0 0 1 0 0 1 0 0 1 0 0 1 0 0 1 0 0 1 0 0 1 0 0 1 0 0 1 0 0 1 0 0 1 0 0 1 0 0 1 0 0 1 0 0 1 0 0 1 0 0 1 0 0 1 0 0 1 0 0 1 0 0 1 0 0 0 0.08728057 -0.9961838 0 0.2588917 -0.9659064 0 0.2588917 -0.9659064 0 0.4226987 -0.9062703 0 0.4226987 -0.9062703 0 0.5735346 -0.8191813 0 0.5735346 -0.8191813 0 0.7071067 -0.7071067 0 0.7071067 -0.7071067 0 0.8191813 -0.5735346 0 0.8191813 -0.5735346 0 0.9062382 -0.4227675 0 0.9062382 -0.4227675 0 0.9659513 -0.2587241 0 0.9659513 -0.2587241 0 0.9962007 -0.08708673 0 0.9962007 -0.08708673 0 0.9962007 0.08708673 0 0.9962007 0.08708673 0 0.9659272 0.2588139 0 0.9659272 0.2588139 0 0.9063023 0.4226299 0 0.9063023 0.4226299 0 0.8191813 0.5735346 0 0.8191813 0.5735346 0 0.7071067 0.7071067 0 0.7071067 0.7071067 0 0.5735346 0.8191813 0 0.5735346 0.8191813 0 0.4226987 0.9062703 0 0.4226987 0.9062703 0 0.2588917 0.9659064 0 0.2588917 0.9659064 0 0.08692407 0.9962149 0 0.08692407 0.9962149 0 -0.08690851 0.9962164 0 -0.08690851 0.9962164 0 -0.2588917 0.9659064 0 -0.2588917 0.9659064 0 -0.4226987 0.9062703 0 -0.4226987 0.9062703 0 -0.5735346 0.8191813 0 -0.5735346 0.8191813 0 -0.7071067 0.7071067 0 -0.7071067 0.7071067 0 -0.8191813 0.5735346 0 -0.8191813 0.5735346 0 -0.9063711 0.4224824 0 -0.9063711 0.4224824 0 -0.9658823 0.2589814 0 -0.9658823 0.2589814 0 -0.9962007 0.08708673 0 -0.9962007 0.08708673 0 -0.9962007 -0.08708673 0 -0.9962007 -0.08708673 0 -0.9659064 -0.2588917 0 -0.9659064 -0.2588917 0 -0.9063071 -0.42262 0 -0.9063071 -0.42262 0 -0.8191813 -0.5735346 0 -0.8191813 -0.5735346 0 -0.7071067 -0.7071067 0 -0.7071067 -0.7071067 0 -0.5735346 -0.8191813 0 -0.5735346 -0.8191813 0 -0.4226987 -0.9062703 0 -0.4226987 -0.9062703 0 -0.2588917 -0.9659064 0 -0.2588917 -0.9659064 0 -0.08726495 -0.9961851 0 -0.08726495 -0.9961851 0 0.08728057 -0.9961838 0 -0.9972376 0.07427716 0 -0.9972376 0.07427716 0 -0.9741919 0.225721 0 -0.9741919 0.225721 0 -0.9265666 0.3761309 0 -0.9265666 0.3761309 0 -0.8558697 0.5171917 0 -0.8558697 0.5171917 0 -0.7636895 0.6455838 0 -0.7636895 0.6455838 0 -0.6526674 0.7576446 0 -0.6526674 0.7576446 0 -0.5253254 0.8509014 0 -0.5253254 0.8509014 0 -0.3848201 0.9229916 0 -0.3848201 0.9229916 0 -0.2348797 0.9720245 0 -0.2348797 0.9720245 0 -0.07890129 0.9968824 0 -0.07890129 0.9968824 0 -1 0 0 -1 0 0 -1 0 0 -1 0 0 -1 0 0 -1 0 0 -1 0 0 -1 0 0 -1 0 0 -1 0 0 -1 0 0 -1 0 0 -1 0 0 -1 0 0 -1 0 0 -1 0 0 -1 0 0 -1 0 0 -1 0 0 -1 0 0 -1 0 0 -1 0 0 -1 0 0 -1 0 0 -1 0 0 -1 0 0 -1 0 0 -1 0 0 -1 0 0 -1 0 0 -1 0 0 -1 0 0 -1 0 0 -1 0 0 -1 0 0 -1 0 0 -1 0 0 -1 0 0 -1 0 0 -1 0 0 -1 0 0 0.08684116 -0.9962222 0 0.08684116 -0.9962222 0 0.2591445 -0.9658386 0 0.2591445 -0.9658386 0 0.4222528 -0.9064781 0 0.4222528 -0.9064781 0 0.5736269 -0.8191168 0 0.5736269 -0.8191168 0 0.7071068 -0.7071068 0 0.7071068 -0.7071068 0 0.8192319 -0.5734623 0 0.8192319 -0.5734623 0 0.9062815 -0.4226746 0 0.9062815 -0.4226746 0 0.9659262 -0.2588178 0 0.9659262 -0.2588178 0 0.9961945 -0.08715826 0 0.9961945 -0.08715826 0 0.9961892 0.08721905 0 0.9961892 0.08721905 0 0.9659731 0.2586428 0 0.9659731 0.2586428 0 0.9062815 0.4226746 0 0.9062815 0.4226746 0 0.8190014 0.5737915 0 0.8190014 0.5737915 0 0.7071068 0.7071068 0 0.7071068 0.7071068 0 0.5736269 0.8191168 0 0.5736269 0.8191168 0 0.422828 0.90621 0 0.422828 0.90621 0 0.258491 0.9660137 0 0.258491 0.9660137 0 0.08753609 0.9961613 0 0.08753609 0.9961613 0 -0.08753609 0.9961613 0 -0.08753609 0.9961613 0 -0.2584035 0.9660371 0 -0.2584035 0.9660371 0 -0.4229621 0.9061474 0 -0.4229621 0.9061474 0 -0.5734623 0.8192319 0 -0.5734623 0.8192319 0 -0.7072818 0.7069317 0 -0.7072818 0.7069317 0 -0.8190014 0.5737915 0 -0.8190014 0.5737915 0 -0.9062815 0.4226746 0 -0.9062815 0.4226746 0 -0.9659731 0.2586428 0 -0.9659731 0.2586428 0 -0.9961892 0.08721905 0 -0.9961892 0.08721905 0 -0.9961945 -0.08715826 0 -0.9961945 -0.08715826 0 -0.9659262 -0.2588178 0 -0.9659262 -0.2588178 0 -0.9062815 -0.4226746 0 -0.9062815 -0.4226746 0 -0.8192319 -0.5734623 0 -0.8192319 -0.5734623 0 -0.7072818 -0.7069317 0 -0.7072818 -0.7069317 0 -0.5734623 -0.8192319 0 -0.5734623 -0.8192319 0 -0.4223868 -0.9064156 0 -0.4223868 -0.9064156 0 -0.2590569 -0.965862 0 -0.2590569 -0.965862 0 -0.08684116 -0.9962222 0 -0.08684116 -0.9962222 -1 0 0 -1 0 0 -1 0 0 -1 0 0 -1 0 0 -1 0 0 -1 0 0 -1 0 0 -1 0 0 -1 0 0 -1 0 0 -1 0 0 -1 0 0 -1 0 0 -1 0 0 -1 0 0 -1 0 0 -1 0 0 -1 0 0 -1 0 0 -1 0 0 -1 0 0 -1 0 0 -1 0 0 -1 0 0 -1 0 0 -1 0 0 -1 0 0 -1 0 0 -1 0 0 -1 0 0 -1 0 0 -1 0 0 -1 0 0 -1 0 0 -1 0 0 0 0.08684116 -0.9962222 0 0.08684116 -0.9962222 0 0.2591445 -0.9658386 0 0.2591445 -0.9658386 0 0.4222528 -0.9064781 0 0.4222528 -0.9064781 0 0.5736269 -0.8191168 0 0.5736269 -0.8191168 0 0.7071068 -0.7071068 0 0.7071068 -0.7071068 0 0.8192319 -0.5734623 0 0.8192319 -0.5734623 0 0.9062815 -0.4226746 0 0.9062815 -0.4226746 0 0.9659262 -0.2588178 0 0.9659262 -0.2588178 0 0.9961945 -0.08715826 0 0.9961945 -0.08715826 0 0.9961892 0.08721905 0 0.9961892 0.08721905 0 0.9659262 0.2588178 0 0.9659262 0.2588178 0 0.9064065 0.4224064 0 0.9064065 0.4224064 0 0.8190014 0.5737915 0 0.8190014 0.5737915 0 0.7071068 0.7071068 0 0.7071068 0.7071068 0 0.5736269 0.8191168 0 0.5736269 0.8191168 0 0.422828 0.90621 0 0.422828 0.90621 0 0.258491 0.9660137 0 0.258491 0.9660137 0 0.08753609 0.9961613 0 0.08753609 0.9961613 0 -0.08753609 0.9961613 0 -0.08753609 0.9961613 0 -0.2584035 0.9660371 0 -0.2584035 0.9660371 0 -0.4229621 0.9061474 0 -0.4229621 0.9061474 0 -0.5734623 0.8192319 0 -0.5734623 0.8192319 0 -0.7072818 0.7069317 0 -0.7072818 0.7069317 0 -0.8190014 0.5737915 0 -0.8190014 0.5737915 0 -0.9064065 0.4224064 0 -0.9064065 0.4224064 0 -0.9659262 0.2588178 0 -0.9659262 0.2588178 0 -0.9961892 0.08721905 0 -0.9961892 0.08721905 0 -0.9961945 -0.08715826 0 -0.9961945 -0.08715826 0 -0.9659262 -0.2588178 0 -0.9659262 -0.2588178 0 -0.9062815 -0.4226746 0 -0.9062815 -0.4226746 0 -0.8192319 -0.5734623 0 -0.8192319 -0.5734623 0 -0.7072818 -0.7069317 0 -0.7072818 -0.7069317 0 -0.5734623 -0.8192319 0 -0.5734623 -0.8192319 0 -0.4223868 -0.9064156 0 -0.4223868 -0.9064156 0 -0.2590569 -0.965862 0 -0.2590569 -0.965862 0 -0.08684116 -0.9962222 0 -0.08684116 -0.9962222 -1 0 0 -1 0 0 -1 0 0 -1 0 0 -1 0 0 -1 0 0 -1 0 0 -1 0 0 -1 0 0 -1 0 0 -1 0 0 -1 0 0 -1 0 0 -1 0 0 -1 0 0 -1 0 0 -1 0 0 -1 0 0 -1 0 0 -1 0 0 -1 0 0 -1 0 0 -1 0 0 -1 0 0 -1 0 0 -1 0 0 -1 0 0 -1 0 0 -1 0 0 -1 0 0 -1 0 0 -1 0 0 -1 0 0 -1 0 0 -1 0 0 -1 0 0 0 0.08753609 -0.9961613 0 0.08753609 -0.9961613 0 0.258491 -0.9660137 0 0.258491 -0.9660137 0 0.422828 -0.90621 0 0.422828 -0.90621 0 0.5736269 -0.8191168 0 0.5736269 -0.8191168 0 0.7067565 -0.707457 0 0.7067565 -0.707457 0 0.8192319 -0.5734623 0 0.8192319 -0.5734623 0 0.9062815 -0.4226746 0 0.9062815 -0.4226746 0 0.9659731 -0.2586428 0 0.9659731 -0.2586428 0 0.9961892 -0.08721905 0 0.9961892 -0.08721905 0 0.9961945 0.08715826 0 0.9961945 0.08715826 0 0.9659262 0.2588178 0 0.9659262 0.2588178 0 0.9062815 0.4226746 0 0.9062815 0.4226746 0 0.8192319 0.5734623 0 0.8192319 0.5734623 0 0.7071068 0.7071068 0 0.7071068 0.7071068 0 0.5736269 0.8191168 0 0.5736269 0.8191168 0 0.4222528 0.9064781 0 0.4222528 0.9064781 0 0.2591445 0.9658386 0 0.2591445 0.9658386 0 0.08684116 0.9962222 0 0.08684116 0.9962222 0 -0.08684116 0.9962222 0 -0.08684116 0.9962222 0 -0.2590569 0.965862 0 -0.2590569 0.965862 0 -0.4223868 0.9064156 0 -0.4223868 0.9064156 0 -0.5734623 0.8192319 0 -0.5734623 0.8192319 0 -0.7072818 0.7069317 0 -0.7072818 0.7069317 0 -0.8192319 0.5734623 0 -0.8192319 0.5734623 0 -0.9062815 0.4226746 0 -0.9062815 0.4226746 0 -0.9659262 0.2588178 0 -0.9659262 0.2588178 0 -0.9961945 0.08715826 0 -0.9961945 0.08715826 0 -0.9961892 -0.08721905 0 -0.9961892 -0.08721905 0 -0.9659731 -0.2586428 0 -0.9659731 -0.2586428 0 -0.9062815 -0.4226746 0 -0.9062815 -0.4226746 0 -0.8192319 -0.5734623 0 -0.8192319 -0.5734623 0 -0.7069317 -0.707282 0 -0.7069317 -0.707282 0 -0.5734623 -0.8192319 0 -0.5734623 -0.8192319 0 -0.4229621 -0.9061474 0 -0.4229621 -0.9061474 0 -0.2584035 -0.9660371 0 -0.2584035 -0.9660371 0 -0.08753609 -0.9961613 0 -0.08753609 -0.9961613 -1 0 0 -1 0 0 -1 0 0 -1 0 0 -1 0 0 -1 0 0 -1 0 0 -1 0 0 -1 0 0 -1 0 0 -1 0 0 -1 0 0 -1 0 0 -1 0 0 -1 0 0 -1 0 0 -1 0 0 -1 0 0 -1 0 0 -1 0 0 -1 0 0 -1 0 0 -1 0 0 -1 0 0 -1 0 0 -1 0 0 -1 0 0 -1 0 0 -1 0 0 -1 0 0 -1 0 0 -1 0 0 -1 0 0 -1 0 0 -1 0 0 -1 0 0 0 0.08684116 -0.9962222 0 0.08684116 -0.9962222 0 0.2590569 -0.965862 0 0.2590569 -0.965862 0 0.4223868 -0.9064156 0 0.4223868 -0.9064156 0 0.5734623 -0.8192319 0 0.5734623 -0.8192319 0 0.7072818 -0.7069317 0 0.7072818 -0.7069317 0 0.8192319 -0.5734623 0 0.8192319 -0.5734623 0 0.9062815 -0.4226746 0 0.9062815 -0.4226746 0 0.9659262 -0.2588178 0 0.9659262 -0.2588178 0 0.9961945 -0.08715826 0 0.9961945 -0.08715826 0 0.9961892 0.08721905 0 0.9961892 0.08721905 0 0.9659731 0.2586428 0 0.9659731 0.2586428 0 0.9062815 0.4226746 0 0.9062815 0.4226746 0 0.8190014 0.5737915 0 0.8190014 0.5737915 0 0.7072818 0.7069317 0 0.7072818 0.7069317 0 0.5734623 0.8192319 0 0.5734623 0.8192319 0 0.4229621 0.9061474 0 0.4229621 0.9061474 0 0.2584035 0.9660371 0 0.2584035 0.9660371 0 0.08753609 0.9961613 0 0.08753609 0.9961613 0 -0.08753609 0.9961613 0 -0.08753609 0.9961613 0 -0.258491 0.9660137 0 -0.258491 0.9660137 0 -0.422828 0.90621 0 -0.422828 0.90621 0 -0.5736269 0.8191168 0 -0.5736269 0.8191168 0 -0.7072818 0.7069317 0 -0.7072818 0.7069317 0 -0.8188369 0.5740264 0 -0.8188369 0.5740264 0 -0.9062815 0.4226746 0 -0.9062815 0.4226746 0 -0.9659731 0.2586428 0 -0.9659731 0.2586428 0 -0.9961892 0.08721905 0 -0.9961892 0.08721905 0 -0.9961945 -0.08715826 0 -0.9961945 -0.08715826 0 -0.9659262 -0.2588178 0 -0.9659262 -0.2588178 0 -0.9062815 -0.4226746 0 -0.9062815 -0.4226746 0 -0.8190675 -0.5736973 0 -0.8190675 -0.5736973 0 -0.7072818 -0.7069317 0 -0.7072818 -0.7069317 0 -0.5736269 -0.8191168 0 -0.5736269 -0.8191168 0 -0.4222528 -0.9064781 0 -0.4222528 -0.9064781 0 -0.2591445 -0.9658386 0 -0.2591445 -0.9658386 0 -0.08684116 -0.9962222 0 -0.08684116 -0.9962222 -1 0 0 -1 0 0 -1 0 0 -1 0 0 -1 0 0 -1 0 0 -1 0 0 -1 0 0 -1 0 0 -1 0 0 -1 0 0 -1 0 0 -1 0 0 -1 0 0 -1 0 0 -1 0 0 -1 0 0 -1 0 0 -1 0 0 -1 0 0 -1 0 0 -1 0 0 -1 0 0 -1 0 0 -1 0 0 -1 0 0 -1 0 0 -1 0 0 -1 0 0 -1 0 0 -1 0 0 -1 0 0 -1 0 0 -1 0 0 -1 0 0 -1 0 0 0 0.08684116 -0.9962222 0 0.08684116 -0.9962222 0 0.2590569 -0.965862 0 0.2590569 -0.965862 0 0.4223868 -0.9064156 0 0.4223868 -0.9064156 0 0.5734623 -0.8192319 0 0.5734623 -0.8192319 0 0.7072818 -0.7069317 0 0.7072818 -0.7069317 0 0.8192319 -0.5734623 0 0.8192319 -0.5734623 0 0.9062815 -0.4226746 0 0.9062815 -0.4226746 0 0.9659262 -0.2588178 0 0.9659262 -0.2588178 0 0.9961945 -0.08715826 0 0.9961945 -0.08715826 0 0.9961892 0.08721905 0 0.9961892 0.08721905 0 0.9659262 0.2588178 0 0.9659262 0.2588178 0 0.9064065 0.4224064 0 0.9064065 0.4224064 0 0.8190014 0.5737915 0 0.8190014 0.5737915 0 0.7072818 0.7069317 0 0.7072818 0.7069317 0 0.5734623 0.8192319 0 0.5734623 0.8192319 0 0.4229621 0.9061474 0 0.4229621 0.9061474 0 0.2584035 0.9660371 0 0.2584035 0.9660371 0 0.08753609 0.9961613 0 0.08753609 0.9961613 0 -0.08753609 0.9961613 0 -0.08753609 0.9961613 0 -0.258491 0.9660137 0 -0.258491 0.9660137 0 -0.422828 0.90621 0 -0.422828 0.90621 0 -0.5736269 0.8191168 0 -0.5736269 0.8191168 0 -0.7072818 0.7069317 0 -0.7072818 0.7069317 0 -0.8188369 0.5740264 0 -0.8188369 0.5740264 0 -0.9064065 0.4224064 0 -0.9064065 0.4224064 0 -0.9659262 0.2588178 0 -0.9659262 0.2588178 0 -0.9961892 0.08721905 0 -0.9961892 0.08721905 0 -0.9961945 -0.08715826 0 -0.9961945 -0.08715826 0 -0.9659262 -0.2588178 0 -0.9659262 -0.2588178 0 -0.9062815 -0.4226746 0 -0.9062815 -0.4226746 0 -0.8190675 -0.5736973 0 -0.8190675 -0.5736973 0 -0.7072818 -0.7069317 0 -0.7072818 -0.7069317 0 -0.5736269 -0.8191168 0 -0.5736269 -0.8191168 0 -0.4222528 -0.9064781 0 -0.4222528 -0.9064781 0 -0.2591445 -0.9658386 0 -0.2591445 -0.9658386 0 -0.08684116 -0.9962222 0 -0.08684116 -0.9962222 -1 0 0 -1 0 0 -1 0 0 -1 0 0 -1 0 0 -1 0 0 -1 0 0 -1 0 0 -1 0 0 -1 0 0 -1 0 0 -1 0 0 -1 0 0 -1 0 0 -1 0 0 -1 0 0 -1 0 0 -1 0 0 -1 0 0 -1 0 0 -1 0 0 -1 0 0 -1 0 0 -1 0 0 -1 0 0 -1 0 0 -1 0 0 -1 0 0 -1 0 0 -1 0 0 -1 0 0 -1 0 0 -1 0 0 -1 0 0 -1 0 0 -1 0 0 0 0.08753609 -0.9961613 0 0.08753609 -0.9961613 0 0.2584035 -0.9660371 0 0.2584035 -0.9660371 0 0.4229621 -0.9061474 0 0.4229621 -0.9061474 0 0.5734623 -0.8192319 0 0.5734623 -0.8192319 0 0.7069317 -0.707282 0 0.7069317 -0.707282 0 0.8192319 -0.5734623 0 0.8192319 -0.5734623 0 0.9062815 -0.4226746 0 0.9062815 -0.4226746 0 0.9659731 -0.2586428 0 0.9659731 -0.2586428 0 0.9961892 -0.08721905 0 0.9961892 -0.08721905 0 0.9961945 0.08715826 0 0.9961945 0.08715826 0 0.9659262 0.2588178 0 0.9659262 0.2588178 0 0.9062815 0.4226746 0 0.9062815 0.4226746 0 0.8192319 0.5734623 0 0.8192319 0.5734623 0 0.7072818 0.7069317 0 0.7072818 0.7069317 0 0.5734623 0.8192319 0 0.5734623 0.8192319 0 0.4223868 0.9064156 0 0.4223868 0.9064156 0 0.2590569 0.965862 0 0.2590569 0.965862 0 0.08684116 0.9962222 0 0.08684116 0.9962222 0 -0.08684116 0.9962222 0 -0.08684116 0.9962222 0 -0.2591445 0.9658386 0 -0.2591445 0.9658386 0 -0.4222528 0.9064781 0 -0.4222528 0.9064781 0 -0.5736269 0.8191168 0 -0.5736269 0.8191168 0 -0.7072818 0.7069317 0 -0.7072818 0.7069317 0 -0.8190675 0.5736973 0 -0.8190675 0.5736973 0 -0.9062815 0.4226746 0 -0.9062815 0.4226746 0 -0.9659262 0.2588178 0 -0.9659262 0.2588178 0 -0.9961945 0.08715826 0 -0.9961945 0.08715826 0 -0.9961892 -0.08721905 0 -0.9961892 -0.08721905 0 -0.9659731 -0.2586428 0 -0.9659731 -0.2586428 0 -0.9062815 -0.4226746 0 -0.9062815 -0.4226746 0 -0.8190675 -0.5736973 0 -0.8190675 -0.5736973 0 -0.7069317 -0.707282 0 -0.7069317 -0.707282 0 -0.5736269 -0.8191168 0 -0.5736269 -0.8191168 0 -0.422828 -0.90621 0 -0.422828 -0.90621 0 -0.258491 -0.9660137 0 -0.258491 -0.9660137 0 -0.08753609 -0.9961613 0 -0.08753609 -0.9961613 -1 0 0 -1 0 0 -1 0 0 -1 0 0 -1 0 0 -1 0 0 -1 0 0 -1 0 0 -1 0 0 -1 0 0 -1 0 0 -1 0 0 -1 0 0 -1 0 0 -1 0 0 -1 0 0 -1 0 0 -1 0 0 -1 0 0 -1 0 0 -1 0 0 -1 0 0 -1 0 0 -1 0 0 -1 0 0 -1 0 0 -1 0 0 -1 0 0 -1 0 0 -1 0 0 -1 0 0 -1 0 0 -1 0 0 -1 0 0 -1 0 0 -1 0 0 -0.6527695 0.05423003 -0.7556131 -0.3464561 0.6794954 -0.6467258 -0.3794009 0.2001383 -0.903327 -0.3284891 0.1368268 -0.9345445 -0.3716049 0.09229815 -0.9237915 -0.3530958 0.3352626 -0.8734543 -0.3349102 0.2903102 -0.8964124 -0.3514729 0.2161446 -0.9109052 -0.3474656 0.4622712 -0.8158265 -0.3421583 0.4237751 -0.8386551 -0.3414978 0.3733473 -0.8625491 -0.3421778 0.6587046 -0.6700916 -0.3415748 0.6136454 -0.711875 -0.3448922 0.5786199 -0.7390862 -0.3423932 0.5604365 -0.7541073 -0.3408749 0.4862327 -0.8046005 -0.3419522 0 -0.9397173 -0.3419522 0 -0.9397173 -0.3420531 0 -0.9396806 -0.3420531 0 -0.9396806 -0.3419522 0 -0.9397174 -0.3419522 0 -0.9397173 -0.3403095 -0.7405016 0.5795229 -0.3421539 -0.6702175 0.6585888 -0.3464928 -0.6465066 0.6796852 -0.3465669 -0.8285402 0.4397869 -0.3417827 -0.7886665 0.5110673 -0.3419979 -0.7336686 0.5871694 -0.32798 -0.8219342 0.4656751 -0.349009 -0.8748411 0.3359254 -0.3457868 -0.8786738 0.3291866 -0.3519197 -0.9138966 0.2023497 -0.3822138 -0.9037988 0.1925105 -0.3391311 -0.9093381 0.2410275 -0.8856944 -0.4630731 0.03329676 -0.4737132 -0.8775737 0.07389259 -0.3376668 -0.9349617 0.108755 -0.653594 -0.7548964 -0.05427998 -0.3465189 -0.6466422 -0.679543 -0.3794996 -0.9033147 -0.2000068 -0.3289519 -0.9343469 -0.1370633 -0.3721559 -0.9235529 -0.09246659 -0.3531088 -0.8734061 -0.3353744 -0.3348677 -0.8964403 -0.2902733 -0.3514485 -0.9109303 -0.2160788 -0.3474777 -0.8158469 -0.4622262 -0.3421574 -0.8387321 -0.4236235 -0.3415073 -0.8625009 -0.3734499 -0.342178 -0.6703401 -0.6584514 -0.3415777 -0.7117823 -0.6137513 -0.3449059 -0.7390822 -0.5786167 -0.342393 -0.7541798 -0.5603389 -0.3408749 -0.8046005 -0.4862327 -0.3420241 -0.9396912 0 -0.3420241 -0.9396912 0 -0.3420204 -0.9396926 8.85811e-7 -0.3420221 -0.9396919 0 -0.3420221 -0.9396919 0 -0.3420204 -0.9396925 -7.73359e-7 -0.3403365 -0.7403945 0.579644 -0.342178 -0.6703401 0.6584514 -0.3465188 -0.6466422 0.679543 -0.3465669 -0.8285402 0.4397869 -0.3417827 -0.7886665 0.5110673 -0.3419979 -0.7336686 0.5871694 -0.32798 -0.8219342 0.4656751 -0.349009 -0.8748411 0.3359254 -0.3457868 -0.8786738 0.3291866 -0.3516809 -0.9139842 0.2023692 -0.3822792 -0.9037873 0.1924347 -0.3391311 -0.9093381 0.2410275 -0.8856944 -0.4630731 0.03329676 -0.4737132 -0.8775737 0.07389259 -0.3375411 -0.9350036 0.1087852 -0.6649298 -0.05522143 0.7448619 -0.3464352 -0.6798649 0.6463485 -0.3765414 -0.2036832 0.9037309 -0.3290919 -0.1370778 0.9342956 -0.378242 -0.09397876 0.920924 -0.3529548 -0.3380253 0.872446 -0.3342969 -0.2897785 0.8968132 -0.3527731 -0.2169442 0.9102123 -0.3471999 -0.4640581 0.8149247 -0.3420811 -0.4246435 0.8382472 -0.3414161 -0.3744537 0.8621018 -0.3421356 -0.6586906 0.6701268 -0.3415805 -0.6136556 0.7118634 -0.3448549 -0.579649 0.7382968 -0.3423494 -0.5610136 0.7536979 -0.3408159 -0.4868465 0.8042543 -0.3420241 0 0.9396912 -0.3420241 0 0.9396912 -0.3419876 0 0.9397045 -0.3419876 0 0.9397045 -0.3420241 0 0.9396912 -0.3420241 0 0.9396912 -0.3419882 0.9397043 0 -0.3419882 0.9397042 0 -0.3420196 0.9396927 5.11338e-6 -0.342005 0.9396982 0 -0.3420196 0.9396928 -5.11344e-6 -0.6528436 0.7555499 0.05421769 -0.3715169 0.923826 0.0923078 -0.3283739 0.9345856 0.1368224 -0.3791596 0.9034507 0.2000369 -0.3513063 0.9110059 0.2159913 -0.3347364 0.896526 0.2901595 -0.3530312 0.8734335 0.3353849 -0.3414956 0.8625909 0.3732528 -0.3421587 0.8385785 0.4239264 -0.3474373 0.8158599 0.4622336 -0.3408479 0.8046353 0.4861941 -0.3464942 0.6466485 0.6795496 -0.3421657 0.6702778 0.6585213 -0.3415639 0.7118102 0.6137266 -0.3423692 0.7542197 0.5602999 -0.3366838 0.7834733 0.5223156 -0.3448594 0.7388287 0.5789683 -0.3405408 0.7364166 -0.5845705 -0.3421655 0.6700313 -0.6587722 -0.3464424 0.6466616 -0.6795634 -0.3419555 0.7396644 -0.5796231 -0.3419238 0.7819007 -0.5212671 -0.3417307 0.7885168 -0.5113331 -0.3465378 0.828572 -0.4397499 -0.3280111 0.8219887 -0.465557 -0.3489936 0.8748464 -0.3359274 -0.3456491 0.8788217 -0.3289363 -0.3513804 0.9140945 -0.2023935 -0.3820615 0.9038796 -0.1924338 -0.3389943 0.9094149 -0.2409303 -0.8850783 0.4642479 -0.0333237 -0.4729787 0.8779795 -0.07377797 -0.3370726 0.9351983 -0.1085636 -0.3419882 0.9397042 0 -0.3419882 0.9397043 0 -0.3420194 0.9396929 6.5045e-6 -0.342005 0.9396982 0 -0.342005 0.9396982 0 -0.3420193 0.9396929 -7.45558e-6 -0.6528436 0.7555499 0.05421769 -0.3464682 0.6465129 0.6796917 -0.3793101 0.9033905 0.2000235 -0.3284351 0.9345731 0.1367606 -0.3715169 0.923826 0.0923078 -0.3530312 0.8734335 0.3353849 -0.3347364 0.896526 0.2901595 -0.3512876 0.9109917 0.2160815 -0.3474373 0.8158599 0.4622336 -0.3421587 0.8385785 0.4239263 -0.3414956 0.8625909 0.3732529 -0.3421416 0.6701552 0.6586588 -0.3415402 0.7118583 0.6136841 -0.344872 0.7391914 0.5784975 -0.342405 0.7540154 0.5605531 -0.3408752 0.804682 0.4860978 -0.340323 -0.5795835 -0.7404481 -0.3421657 -0.6587733 -0.6700302 -0.3464431 -0.6795665 -0.646658 -0.3465669 -0.4397869 -0.8285402 -0.3417697 -0.5112196 -0.7885733 -0.3419806 -0.587091 -0.7337394 -0.3279439 -0.4657243 -0.8219207 -0.3489834 -0.3358151 -0.8748936 -0.3458356 -0.329233 -0.8786372 -0.3513971 -0.2025164 -0.9140608 -0.3822789 -0.1924889 -0.9037758 -0.3391674 -0.2410534 -0.9093177 -0.8851949 -0.03330302 -0.4640269 -0.4729787 -0.07377797 -0.8779795 -0.3370726 -0.1085636 -0.9351983 -0.3420241 -0.9396911 0 -0.3420203 -0.9396926 0 -0.3420228 -0.9396917 -2.21391e-7 -0.3420204 -0.9396926 6.07537e-7 -0.3420242 -0.9396912 0 -0.6534458 -0.755023 -0.05430477 -0.346467 -0.6466554 -0.6795568 -0.37965 -0.9032544 -0.1999934 -0.3291215 -0.9342768 -0.1371339 -0.3723322 -0.9234837 -0.09244722 -0.3531684 -0.873385 -0.3353663 -0.3349527 -0.8963846 -0.290347 -0.351516 -0.9108943 -0.2161203 -0.3475092 -0.8159002 -0.4621086 -0.3422099 -0.8386777 -0.4236885 -0.3415549 -0.8624595 -0.373502 -0.3421778 -0.6700937 -0.6587024 -0.3415719 -0.7119677 -0.6135395 -0.3448786 -0.7390902 -0.5786229 -0.3423934 -0.7540348 -0.5605341 -0.3408749 -0.8046005 -0.4862327 -0.3403093 0.57965 0.7404022 -0.3421534 0.6585891 0.6702175 -0.3464806 0.6796176 0.6465843 -0.3465086 0.4397129 0.8286038 -0.3417177 0.5111417 0.7886465 -0.3419356 0.5870136 0.7338224 -0.3279839 0.4655184 0.8220214 -0.348953 0.3360466 0.8748169 -0.3455751 0.328985 0.8788326 -0.3513637 0.2022707 0.9141281 -0.3819743 0.1923355 0.9039373 -0.3388937 0.2408588 0.9094713 -0.8851949 0.03330302 0.4640269 -0.4729787 0.07377797 0.8779795 -0.3370726 0.1085636 0.9351983 -0.3403229 0.7403984 -0.579647 -0.3421657 0.6702778 -0.6585214 -0.3464942 0.6466485 -0.6795496 -0.3465378 0.828572 -0.4397499 -0.3417567 0.788703 -0.5110284 -0.3419753 0.7337101 -0.5871307 -0.3279168 0.8219534 -0.4656859 -0.3489428 0.8748641 -0.3359342 -0.3456566 0.8787715 -0.3290626 -0.3511414 0.914182 -0.202413 -0.3821269 0.903868 -0.192358 -0.3389943 0.9094149 -0.2409303 -0.8853113 0.4638061 -0.03328233 -0.472734 0.8781101 -0.0737918 -0.3369348 0.9352533 -0.1085192 0 -0.07858175 -0.9969077 0 -0.07858175 -0.9969077 0 -0.2334029 -0.9723802 0 -0.2334029 -0.9723802 0 -0.3826391 -0.9238979 0 -0.3826391 -0.9238979 0 -0.5224043 -0.8526979 0 -0.5224043 -0.8526979 0 -0.6494875 -0.7603724 0 -0.6494875 -0.7603724 0 -0.760428 -0.6494224 0 -0.760428 -0.6494224 0 -0.8526031 -0.5225589 0 -0.8526031 -0.5225589 0 -0.9239172 -0.3825924 0 -0.9239172 -0.3825924 0 -0.9723502 -0.2335276 0 -0.9723502 -0.2335276 0 -0.9969172 -0.07846105 0 -0.9969172 -0.07846105 0 0.08718103 0.9961925 0 0.258774 0.9659379 0 0.258774 0.9659379 0 0.422641 0.9062972 0 0.422641 0.9062972 0 0.5736621 0.8190921 0 0.5736621 0.8190921 0 0.7070192 0.7071943 0 0.7070192 0.7071943 0 0.8191744 0.5735446 0 0.8191744 0.5735446 0 0.9063128 0.4226076 0 0.9063128 0.4226076 0 0.965916 0.2588557 0 0.965916 0.2588557 0 0.9961995 0.08710175 0 0.9961995 0.08710175 0 0.9961995 -0.08710175 0 0.9961995 -0.08710175 0 0.9659277 -0.2588119 0 0.9659277 -0.2588119 0 0.9062815 -0.4226745 0 0.9062815 -0.4226745 0 0.8191744 -0.5735446 0 0.8191744 -0.5735446 0 0.7071068 -0.7071068 0 0.7071068 -0.7071068 0 0.5735446 -0.8191744 0 0.5735446 -0.8191744 0 0.422641 -0.9062972 0 0.422641 -0.9062972 0 0.2589374 -0.9658942 0 0.2589374 -0.9658942 0 0.08700728 -0.9962077 0 0.08700728 -0.9962077 0 -0.08701491 -0.996207 0 -0.08701491 -0.996207 0 -0.2589374 -0.9658942 0 -0.2589374 -0.9658942 0 -0.4226076 -0.9063128 0 -0.4226076 -0.9063128 0 -0.5735857 -0.8191455 0 -0.5735857 -0.8191455 0 -0.7071068 -0.7071068 0 -0.7071068 -0.7071068 0 -0.8191742 -0.5735448 0 -0.8191742 -0.5735448 0 -0.9062815 -0.4226745 0 -0.9062815 -0.4226745 0 -0.9659277 -0.2588119 0 -0.9659277 -0.2588119 0 -0.9961918 -0.08718866 0 -0.9961918 -0.08718866 0 -0.9961918 0.08718866 0 -0.9961918 0.08718866 0 -0.965916 0.2588557 0 -0.965916 0.2588557 0 -0.9063128 0.4226076 0 -0.9063128 0.4226076 0 -0.8191742 0.5735448 0 -0.8191742 0.5735448 0 -0.7070192 0.7071943 0 -0.7070192 0.7071943 0 -0.5737032 0.8190633 0 -0.5737032 0.8190633 0 -0.4226076 0.9063128 0 -0.4226076 0.9063128 0 -0.258774 0.9659379 0 -0.258774 0.9659379 0 -0.08718866 0.9961918 0 -0.08718866 0.9961918 0 0.08718103 0.9961925 -1 0 0 -1 0 0 -1 0 0 -1 0 0 -1 0 0 -1 0 0 -1 0 0 -1 0 0 -1 0 0 -1 0 0 -1 0 0 -1 0 0 -1 0 0 -1 0 0 -1 0 0 -1 0 0 -1 0 0 -1 0 0 -1 0 0 -1 0 0 -1 0 0 -1 0 0 -1 0 0 -1 0 0 -1 0 0 -1 0 0 -1 0 0 -1 0 0 -1 0 0 -1 0 0 -1 0 0 -1 0 0 -1 0 0 -1 0 0 -1 0 0 -1 0 0 -1 0 0 -1 0 0 -1 0 0 -1 0 0 -1 0 0 -1 0 0 -1 0 0 -1 0 0 -1 0 0 -1 0 0 -1 0 0 -1 0 0 -1 0 0 -1 0 0 -1 0 0 -1 0 0 -1 0 0 -1 0 0 -1 0 0 -1 0 0 -1 0 0 -1 0 0 -1 0 0 -1 0 0 -1 0 0 -1 0 0 -1 0 0 -1 0 0 -1 0 0 -1 0 0 -1 0 0 -1 0 0 -1 0 0 -1 0 0 -1 0 0 -1 0 0 0 -0.08753609 -0.9961614 0 -0.08753609 -0.9961614 0 -0.2584035 -0.9660371 0 -0.2584035 -0.9660371 0 -0.4229621 -0.9061473 0 -0.4229621 -0.9061473 0 -0.5734624 -0.8192319 0 -0.5734624 -0.8192319 0 -0.7072818 -0.7069317 0 -0.7072818 -0.7069317 0 -0.8190015 -0.5737915 0 -0.8190015 -0.5737915 0 -0.9064065 -0.4224064 0 -0.9064065 -0.4224064 0 -0.9659262 -0.2588178 0 -0.9659262 -0.2588178 0 -0.9961891 -0.08721905 0 -0.9961891 -0.08721905 0 -0.9961945 0.08715826 0 -0.9961945 0.08715826 0 -0.9659262 0.2588178 0 -0.9659262 0.2588178 0 -0.9062815 0.4226745 0 -0.9062815 0.4226745 0 -0.8192319 0.5734624 0 -0.8192319 0.5734624 0 -0.7072818 0.7069317 0 -0.7072818 0.7069317 0 -0.5734624 0.8192319 0 -0.5734624 0.8192319 0 -0.4223869 0.9064157 0 -0.4223869 0.9064157 0 -0.2590569 0.965862 0 -0.2590569 0.965862 0 -0.08684116 0.9962221 0 -0.08684116 0.9962221 0 0.08684116 0.9962221 0 0.08684116 0.9962221 0 0.2591445 0.9658386 0 0.2591445 0.9658386 0 0.422253 0.9064781 0 0.422253 0.9064781 0 0.5736269 0.8191167 0 0.5736269 0.8191167 0 0.7072818 0.7069317 0 0.7072818 0.7069317 0 0.8190674 0.5736973 0 0.8190674 0.5736973 0 0.9062815 0.4226745 0 0.9062815 0.4226745 0 0.9659262 0.2588178 0 0.9659262 0.2588178 0 0.9961945 0.08715826 0 0.9961945 0.08715826 0 0.9961891 -0.08721905 0 0.9961891 -0.08721905 0 0.9659262 -0.2588178 0 0.9659262 -0.2588178 0 0.9064065 -0.4224064 0 0.9064065 -0.4224064 0 0.8188368 -0.5740263 0 0.8188368 -0.5740263 0 0.7072818 -0.7069317 0 0.7072818 -0.7069317 0 0.5736269 -0.8191167 0 0.5736269 -0.8191167 0 0.4228281 -0.9062099 0 0.4228281 -0.9062099 0 0.258491 -0.9660137 0 0.258491 -0.9660137 0 0.08753609 -0.9961614 0 0.08753609 -0.9961614 0 0.08729434 0.9961826 0 0.2586797 0.9659632 0 0.2586797 0.9659632 0 0.4227257 0.9062577 0 0.4227257 0.9062577 0 0.5735172 0.8191936 0 0.5735172 0.8191936 0 0.7071068 0.7071068 0 0.7071068 0.7071068 0 0.8191552 0.573572 0 0.8191552 0.573572 0 0.9063233 0.4225852 0 0.9063233 0.4225852 0 0.9659126 0.2588683 0 0.9659126 0.2588683 0 0.9962011 0.08708292 0 0.9962011 0.08708292 0 0.9962028 -0.08706271 0 0.9962028 -0.08706271 0 0.9659126 -0.2588683 0 0.9659126 -0.2588683 0 0.9062815 -0.4226745 0 0.9062815 -0.4226745 0 0.8191552 -0.573572 0 0.8191552 -0.573572 0 0.7072235 -0.7069901 0 0.7072235 -0.7069901 0 0.5735172 -0.8191936 0 0.5735172 -0.8191936 0 0.4225339 -0.9063471 0 0.4225339 -0.9063471 0 0.2588975 -0.9659048 0 0.2588975 -0.9659048 0 0.08706271 -0.9962028 0 0.08706271 -0.9962028 0 -0.08707284 -0.996202 0 -0.08707284 -0.996202 0 -0.2588683 -0.9659126 0 -0.2588683 -0.9659126 0 -0.4225339 -0.9063471 0 -0.4225339 -0.9063471 0 -0.573572 -0.8191552 0 -0.573572 -0.8191552 0 -0.7072235 -0.7069901 0 -0.7072235 -0.7069901 0 -0.8191552 -0.573572 0 -0.8191552 -0.573572 0 -0.9062815 -0.4226745 0 -0.9062815 -0.4226745 0 -0.9659126 -0.2588683 0 -0.9659126 -0.2588683 0 -0.9961927 -0.08717852 0 -0.9961927 -0.08717852 0 -0.996191 0.08719879 0 -0.996191 0.08719879 0 -0.9659126 0.2588683 0 -0.9659126 0.2588683 0 -0.9063233 0.4225852 0 -0.9063233 0.4225852 0 -0.8191552 0.573572 0 -0.8191552 0.573572 0 -0.7071068 0.7071068 0 -0.7071068 0.7071068 0 -0.573572 0.8191552 0 -0.573572 0.8191552 0 -0.4227257 0.9062577 0 -0.4227257 0.9062577 0 -0.2586505 0.965971 0 -0.2586505 0.965971 0 -0.08730447 0.9961817 0 -0.08730447 0.9961817 0 0.08729434 0.9961826 -1 0 0 -1 0 0 -1 0 0 -1 0 0 -1 0 0 -1 0 0 -1 0 0 -1 0 0 -1 0 0 -1 0 0 -1 0 0 -1 0 0 -1 0 0 -1 0 0 -1 0 0 -1 0 0 -1 0 0 -1 0 0 -1 0 0 -1 0 0 -1 0 0 -1 0 0 -1 0 0 -1 0 0 -1 0 0 -1 0 0 -1 0 0 -1 0 0 -1 0 0 -1 0 0 -1 0 0 -1 0 0 -1 0 0 -1 0 0 -1 0 0 -1 0 0 -1 0 0 -1 0 0 -1 0 0 -1 0 0 -1 0 0 -1 0 0 -1 0 0 -1 0 0 -1 0 0 -1 0 0 -1 0 0 -1 0 0 -1 0 0 -1 0 0 -1 0 0 -1 0 0 -1 0 0 -1 0 0 -1 0 0 -1 0 0 -1 0 0 -1 0 0 -1 0 0 -1 0 0 -1 0 0 -1 0 0 -1 0 0 -1 0 0 -1 0 0 -1 0 0 -1 0 0 -1 0 0 -1 0 0 -1 0 0 -1 0 0 -1 0 0 -1 0 0 -1 0 0 -1 0 0 -1 0 0 -1 0 0 -1 0 0 -1 0 0 -1 0 0 -1 0 0 -1 0 0 -1 0 0 -1 0 0 -1 0 0 -1 0 0 -1 0 0 -1 0 0 -1 0 0 -1 0 0 -1 0 0 -1 0 0 -1 0 0 -1 0 0 -1 0 0 -1 0 0 -1 0 0 -1 0 0 -1 0 0 -1 0 0 -1 0 0 -1 0 0 -1 0 0 -1 0 0 -1 0 0 -1 0 0 -1 0 0 -1 0 0 -1 0 0 -1 0 0 -1 0 0 -1 0 0 -1 0 0 -1 0 0 -1 0 0 -1 0 0 -1 0 0 -1 0 0 -1 0 0 -1 0 0 -1 0 0 -1 0 0 -1 0 0 -1 0 0 -1 0 0 -1 0 0 -1 0 0 -1 0 0 -1 0 0 -1 0 0 -1 0 0 -1 0 0 -1 0 0 -1 0 0 -1 0 0 -1 0 0 -1 0 0 -1 0 0 -1 0 0 -1 0 0 -1 0 0 -1 0 0 -1 0 0 -1 0 0 0 0.08713781 0.9961963 0 0.2587918 0.9659332 0 0.2587918 0.9659332 0 0.422648 0.9062939 0 0.422648 0.9062939 0 0.5735986 0.8191366 0 0.5735986 0.8191366 0 0.7070869 0.7071267 0 0.7070869 0.7071267 0 0.8191684 0.5735532 0 0.8191684 0.5735532 0 0.9062868 0.4226632 0 0.9062868 0.4226632 0 0.965933 0.2587921 0 0.965933 0.2587921 0 0.9961925 0.08718073 0 0.9961925 0.08718073 0 0.9961931 -0.08717381 0 0.9961931 -0.08717381 0 0.9659277 -0.258812 0 0.9659277 -0.258812 0 0.906301 -0.4226328 0 0.906301 -0.4226328 0 0.8191684 -0.5735532 0 0.8191684 -0.5735532 0 0.7070869 -0.7071267 0 0.7070869 -0.7071267 0 0.5735986 -0.8191366 0 0.5735986 -0.8191366 0 0.4225826 -0.9063245 0 0.4225826 -0.9063245 0 0.258866 -0.9659132 0 0.258866 -0.9659132 0 0.08713781 -0.9961963 0 0.08713781 -0.9961963 0 -0.08714127 -0.9961959 0 -0.08714127 -0.9961959 0 -0.258866 -0.9659132 0 -0.258866 -0.9659132 0 -0.4225826 -0.9063245 0 -0.4225826 -0.9063245 0 -0.5735986 -0.8191366 0 -0.5735986 -0.8191366 0 -0.7070869 -0.7071267 0 -0.7070869 -0.7071267 0 -0.8191685 -0.5735529 0 -0.8191685 -0.5735529 0 -0.906301 -0.4226328 0 -0.906301 -0.4226328 0 -0.9659278 -0.2588117 0 -0.9659278 -0.2588117 0 -0.9961931 -0.08717381 0 -0.9961931 -0.08717381 0 -0.9961925 0.08718073 0 -0.9961925 0.08718073 0 -0.9659332 0.2587918 0 -0.9659332 0.2587918 0 -0.9062868 0.4226632 0 -0.9062868 0.4226632 0 -0.8191685 0.5735529 0 -0.8191685 0.5735529 0 -0.7070869 0.7071267 0 -0.7070869 0.7071267 0 -0.5735986 0.8191366 0 -0.5735986 0.8191366 0 -0.422648 0.906294 0 -0.422648 0.906294 0 -0.2587918 0.9659332 0 -0.2587918 0.9659332 0 -0.08714127 0.9961959 0 -0.08714127 0.9961959 0 0.08713781 0.9961963 -1 0 0 -1 0 0 -1 0 0 -1 0 0 -1 0 0 -1 0 0 -1 0 0 -1 0 0 -1 0 0 -1 0 0 -1 0 0 -1 0 0 -1 0 0 -1 0 0 -1 0 0 -1 0 0 -1 0 0 -1 0 0 -1 0 0 -1 0 0 -1 0 0 -1 0 0 -1 0 0 -1 0 0 -1 0 0 -1 0 0 -1 0 0 -1 0 0 -1 0 0 -1 0 0 -1 0 0 -1 0 0 -1 0 0 -1 0 0 -1 0 0 -1 0 0 -1 0 0 -1 0 0 -1 0 0 -1 0 0 -1 0 0 -1 0 0 -1 0 0 -1 0 0 -1 0 0 -1 0 0 -1 0 0 -1 0 0 -1 0 0 -1 0 0 -1 0 0 -1 0 0 -1 0 0 -1 0 0 -1 0 0 -1 0 0 -1 0 0 -1 0 0 -1 0 0 -1 0 0 -1 0 0 -1 0 0 -1 0 0 -1 0 0 -1 0 0 -1 0 0 -1 0 0 -1 0 0 -1 0 0 -1 0 0 -1 0 0 -1 0 0 -1 0 0 -1 0 0 -1 0 0 -1 0 0 -1 0 0 -1 0 0 -1 0 0 -1 0 0 -1 0 0 -1 0 0 -1 0 0 -1 0 0 -1 0 0 -1 0 0 -1 0 0 -1 0 0 -1 0 0 -1 0 0 -1 0 0 -1 0 0 -1 0 0 -1 0 0 -1 0 0 -1 0 0 -1 0 0 -1 0 0 -1 0 0 -1 0 0 -1 0 0 -1 0 0 -1 0 0 -1 0 0 -1 0 0 -1 0 0 -1 0 0 -1 0 0 -1 0 0 -1 0 0 -1 0 0 -1 0 0 -1 0 0 -1 0 0 -1 0 0 -1 0 0 -1 0 0 -1 0 0 -1 0 0 -1 0 0 -1 0 0 -1 0 0 -1 0 0 -1 0 0 -1 0 0 -1 0 0 -1 0 0 -1 0 0 -1 0 0 -1 0 0 -1 0 0 -1 0 0 -1 0 0 -1 0 0 -1 0 0 -1 0 0 -1 0 0 -1 0 0 -1 0 0 -1 0 0 -1 0 0 -1 0 0 -1 0 0 -1 0 0 -1 0 0 -1 0 0 -1 0 0 -1 0 0 -1 0 0 -1 0 0 -1 0 0 -1 0 0 -1 0 0 -1 0 0 -1 0 0 -1 0 0 -1 0 0 -1 0 0 -1 0 0 -1 0 0 -1 0 0 -1 0 0 -1 0 0 -1 0 0 -1 0 0 -1 0 0 -1 0 0 -1 0 0 -1 0 0 -1 0 0 -1 0 0 -1 0 0 -1 0 0 -1 0 0 -1 0 0 -1 0 0 -1 0 0 -1 0 0 -1 0 0 -1 0 0 -1 0 0 -1 0 0 -1 0 0 -1 0 0 -1 0 0 -1 0 0 -1 0 0 -1 0 0 -1 0 0 -1 0 0 -1 0 0 -1 0 0 -1 0 0 -1 0 0 -1 0 0 -1 0 0 -1 0 0 -1 0 0 -1 0 0 -1 0 0 -1 0 0 -1 0 0 -1 0 0 -1 0 0 -1 0 0 -1 0 0 -1 0 0 -1 0 0 -1 0 0 -1 0 0 -1 0 0 -1 0 0 -1 0 0 -1 0 0 -1 0 0 -1 0 0 -1 0 0 -1 0 0 -1 0 0 -1 0 0 -1 0 0 -1 0 0 -1 0 0 -1 0 0 -1 0 0 -1 0 0 -1 0 0 -1 0 0 -1 0 0 -1 0 0 -1 0 0 -1 0 0 -1 0 0 -1 0 0 -1 0 0 -1 0 0 -1 0 0 -1 0 0 -1 0 0 -1 0 0 -1 0 0 -1 0 0 -1 0 0 -1 0 0 -1 0 0 -1 0 0 -1 0 0 -1 0 0 -1 0 0 -1 0 0 -1 0 0 -1 0 0 -1 0 0 -1 0 0 -1 0 0 -1 0 0 -1 0 0 -1 0 0 -1 0 0 -1 0 0 -1 0 0 -1 0 0 -1 0 0 -1 0 0 -1 0 0 -1 0 0 -1 0 0 -1 0 0 -1 0 0 -1 0 0 -1 0 0 -1 0 0 -1 0 0 -1 0 0 -1 0 0 -1 0 0 -1 0 0 -1 0 0 -1 0 0 -1 0 0 -1 0 0 -1 0 0 -1 0 0 -1 0 0 -1 0 0 -1 0 0 -1 0 0 -1 0 0 -1 0 0 -1 0 0 -1 0 0 -1 0 0 -1 0 0 -1 0 0 -1 0 0 -1 0 0 -1 0 0 -1 0 0 -1 0 0 -1 0 0 -1 0 0 -1 0 0 -1 0 0 -1 0 0 -1 0 0 -1 0 0 -1 0 0 -1 0 0 -1 0 0 -1 0 0 -1 0 0 -1 0 0 -1 0 0 -1 0 0 -1 0 0 -1 0 0 -1 0 0 -1 0 0 -1 0 0 -1 0 0 -1 0 0 -1 0 0 -1 0 0 -1 0 0 -1 0 0 -1 0 0 -1 0 0 -1 0 0 -1 0 0 -1 0 0 -1 0 0 -1 0 0 -1 0 0 -1 0 0 -1 0 0 -1 0 0 -1 0 0 -1 0 0 -1 0 0 -1 0 0 -1 0 0 -1 0 0 -1 0 0 -1 0 0 -1 0 0 -1 0 0 -1 0 0 -1 0 0 -1 0 0 -1 0 0 -1 0 0 -1 0 0 -1 0 0 -1 0 0 -1 0 0 -1 0 0 -1 0 0 -1 0 0 -1 0 0 -1 0 0 -1 0 0 -1 0 0 -1 0 0 -1 0 0 -1 0 0 -1 0 0 -1 0 0 -1 0 0 -1 0 0 -1 0 0 -1 0 0 -1 0 0 -1 0 0 -1 0 0 -1 0 0 -1 0 0 -1 0 0 -1 0 0 -1 0 0 -1 0 0 -1 0 0 -1 0 0 -1 0 0 -1 0 0 -1 0 0 -1 0 0 -1 0 0 -1 0 0 -1 0 0 -1 0 0 -1 0 0 -1 0 0 -1 0 0 -1 0 0 -1 0 0 -1 0 0 -1 0 0 -1 0 0 -1 0 0 -1 0 0 -1 0 0 -1 0 0 -1 0 0 -1 0 0 -1 0 0 -1 0 0 -1 0 0 -1 0 0 -1 0 0 -1 0 0 -1 0 0 -1 0 0 -1 0 0 -1 0 0 -1 0 0 -1 0 0 -1 0 0 -1 0 0 -1 0 0 -1 0 0 -1 0 0 -1 0 0 -1 0 0 -1 0 0 -1 0 0 -1 0 0 -1 0 0 -1 0 0 -1 0 0 -1 0 0 -1 0 0 -1 0 0 -1 0 0 -1 0 0 -1 0 0 -1 0 0 -1 0 0 -1 0 0 -1 0 0 -1 0 0 -1 0 0 -1 0 0 -1 0 0 -1 0 0 -1 0 0 -1 0 0 -1 0 0 0 0 -1 0 0 -1 0 0 -1 0 0 -1 0 0 -1 0 0 -1 0 0 -1 0 0 -1 0 0 -1 0 0 -1 0 0 -1 0 0 -1 0 0 -1 0 0 -1 0 0 -1 0 0 -1 0 0 -1 0 0 -1 0 0 -1 0 0 -1 0 0 -1 0 0.9972464 -0.0741592 0 0.9972464 -0.0741592 0 0.9742053 -0.2256634 0 0.9742053 -0.2256634 0 0.9265666 -0.3761309 0 0.9265666 -0.3761309 0 0.8557994 -0.5173077 0 0.8557994 -0.5173077 0 0.7637988 -0.6454545 0 0.7637988 -0.6454545 0 0.6526674 -0.7576446 0 0.6526674 -0.7576446 0 0.5253254 -0.8509014 0 0.5253254 -0.8509014 0 0.3848201 -0.9229916 0 0.3848201 -0.9229916 0 0.2348797 -0.9720245 0 0.2348797 -0.9720245 0 0.07890129 -0.9968824 0 0.07890129 -0.9968824 0 1 0 0 1 0 0 1 0 0 1 0 0 1 0 0 1 0 0 1 0 0 1 0 0 1 0 0 1 0 0 1 0 0 1 0 0 1 0 0 1 0 0 1 0 0 1 0 0 1 0 0 1 0 0 1 0 0 1 0 0 1 0 0 1 0 0 1 0 0 1 0 0 1 0 0 1 0 0 1 0 0 1 0 0 1 0 0 1 0 0 1 0 0 1 0 0 1 0 0 1 0 0 1 0 0 1 0 0 1 0 0 1 0 0 1 0 0 1 0 0 1 0 0 0.08713161 0.9961969 0 0.08713161 0.9961969 0 0.2587559 0.9659428 0 0.2587559 0.9659428 0 0.4225475 0.9063408 0 0.4225475 0.9063408 0 0.5737252 0.8190479 0 0.5737252 0.8190479 0 0.7069881 0.7072255 0 0.7069881 0.7072255 0 0.8191985 0.5735101 0 0.8191985 0.5735101 0 0.9062953 0.422645 0 0.9062953 0.422645 0 0.9659428 0.2587559 0 0.9659428 0.2587559 0 0.9961969 0.08713161 0 0.9961969 0.08713161 1 0 0 1 0 0 1 0 0 1 0 0 1 0 0 1 0 0 1 0 0 1 0 0 1 0 0 1 0 0 1 0 0 1 0 0 1 0 0 1 0 0 1 0 0 1 0 0 1 0 0 1 0 0 1 0 0 1 0 0 1 0 0 1 0 0 1 0 0 1 0 0 1 0 0 1 0 0 1 0 0 1 0 0 1 0 0 1 0 0 1 0 0 1 0 0 1 0 0 1 0 0 1 0 0 1 0 0 1 0 0 1 0 0 1 0 0 1 0 0 1 0 0 1 0 0 1 0 0 -1 0 0 -1 0 0 -1 0 0 -1 0 0 -1 0 0 -1 0 0 -1 0 0 -1 0 0 -1 0 0 -1 0 0 -1 0 0 -1 0 0 -1 0 0 -1 0 0 -1 0 0 -1 0 0 -1 0 0 -1 0 0 -1 0 0 -1 0 0 -1 0 0 -1 0 0 -1 0 0 -1 0 0 -1 0 0 -1 0 0 -1 0 0 -1 0 0 -1 0 0 -1 0 0 -1 0 0 -1 0 0 -1 0 0 -1 0 0 -1 0 0 -1 0 0 -1 0 0 -1 0 0 -1 0 0 -1 0 0 -1 0 0 -1 0 0 -1 0 0 -1 0 0 -1 0 0 -1 0 0 -1 0 0 -1 0 0 -1 0 0 -1 0 0 -1 0 0 -1 0 0 -1 0 0 -1 0 0 -1 0 0 -1 0 0 -1 0 0 -1 0 0 -1 0 0 -1 0 0 -1 0 0 -1 0 0 -1 0 0 -1 0 0 -1 0 0 -1 0 0 -1 0 0 -1 0 0 -1 0 0 -1 0 0 -1 0 0 -1 0 0 0 0.08726495 0.9961851 0 0.2589365 0.9658944 0 0.2589365 0.9658944 0 0.4226299 0.9063023 0 0.4226299 0.9063023 0 0.573619 0.8191222 0 0.573619 0.8191222 0 0.7071067 0.7071067 0 0.7071067 0.7071067 0 0.819097 0.5736551 0 0.819097 0.5736551 0 0.9063071 0.42262 0 0.9063071 0.42262 0 0.9659064 0.2588917 0 0.9659064 0.2588917 0 0.9962007 0.08708673 0 0.9962007 0.08708673 0 0.9962007 -0.08708673 0 0.9962007 -0.08708673 0 0.9658823 -0.2589814 0 0.9658823 -0.2589814 0 0.9063711 -0.4224824 0 0.9063711 -0.4224824 0 0.819097 -0.5736551 0 0.819097 -0.5736551 0 0.7071067 -0.7071067 0 0.7071067 -0.7071067 0 0.573619 -0.8191222 0 0.573619 -0.8191222 0 0.4226299 -0.9063023 0 0.4226299 -0.9063023 0 0.2586014 -0.9659841 0 0.2586014 -0.9659841 0 0.08726495 -0.9961851 0 0.08726495 -0.9961851 0 -0.08726495 -0.9961851 0 -0.08726495 -0.9961851 0 -0.2586014 -0.9659841 0 -0.2586014 -0.9659841 0 -0.4226987 -0.9062703 0 -0.4226987 -0.9062703 0 -0.5735346 -0.8191813 0 -0.5735346 -0.8191813 0 -0.7071067 -0.7071067 0 -0.7071067 -0.7071067 0 -0.8191813 -0.5735346 0 -0.8191813 -0.5735346 0 -0.9063023 -0.4226299 0 -0.9063023 -0.4226299 0 -0.9659272 -0.2588139 0 -0.9659272 -0.2588139 0 -0.9961851 -0.08726495 0 -0.9961851 -0.08726495 0 -0.9961851 0.08726495 0 -0.9961851 0.08726495 0 -0.9659513 0.2587241 0 -0.9659513 0.2587241 0 -0.9062382 0.4227675 0 -0.9062382 0.4227675 0 -0.8191813 0.5735346 0 -0.8191813 0.5735346 0 -0.7071067 0.7071067 0 -0.7071067 0.7071067 0 -0.5735346 0.8191813 0 -0.5735346 0.8191813 0 -0.4226987 0.9062703 0 -0.4226987 0.9062703 0 -0.2589365 0.9658944 0 -0.2589365 0.9658944 0 -0.08726495 0.9961851 0 -0.08726495 0.9961851 0 0.08726495 0.9961851 -1 0 0 -1 0 0 -1 0 0 -1 0 0 -1 0 0 -1 0 0 -1 0 0 -1 0 0 -1 0 0 -1 0 0 -1 0 0 -1 0 0 -1 0 0 -1 0 0 -1 0 0 -1 0 0 -1 0 0 -1 0 0 -1 0 0 -1 0 0 -1 0 0 -1 0 0 -1 0 0 -1 0 0 -1 0 0 -1 0 0 -1 0 0 -1 0 0 -1 0 0 -1 0 0 -1 0 0 -1 0 0 -1 0 0 -1 0 0 -1 0 0 -1 0 0 -1 0 0 -1 0 0 -1 0 0 -1 0 0 -1 0 0 -1 0 0 -1 0 0 -1 0 0 -1 0 0 -1 0 0 -1 0 0 -1 0 0 -1 0 0 -1 0 0 -1 0 0 -1 0 0 -1 0 0 -1 0 0 -1 0 0 -1 0 0 -1 0 0 -1 0 0 -1 0 0 -1 0 0 -1 0 0 -1 0 0 -1 0 0 -1 0 0 -1 0 0 -1 0 0 -1 0 0 -1 0 0 -1 0 0 -1 0 0 -1 0 0 -1 0 0 0 0.08690851 0.9962164 0 0.2589365 0.9658944 0 0.2589365 0.9658944 0 0.4226299 0.9063023 0 0.4226299 0.9063023 0 0.573619 0.8191222 0 0.573619 0.8191222 0 0.7071067 0.7071067 0 0.7071067 0.7071067 0 0.819097 0.5736551 0 0.819097 0.5736551 0 0.9063711 0.4224824 0 0.9063711 0.4224824 0 0.9658823 0.2589814 0 0.9658823 0.2589814 0 0.9962007 0.08708673 0 0.9962007 0.08708673 0 0.9962007 -0.08708673 0 0.9962007 -0.08708673 0 0.9659064 -0.2588917 0 0.9659064 -0.2588917 0 0.9063071 -0.42262 0 0.9063071 -0.42262 0 0.819097 -0.5736551 0 0.819097 -0.5736551 0 0.7071067 -0.7071067 0 0.7071067 -0.7071067 0 0.573619 -0.8191222 0 0.573619 -0.8191222 0 0.4226299 -0.9063023 0 0.4226299 -0.9063023 0 0.2589365 -0.9658944 0 0.2589365 -0.9658944 0 0.08726495 -0.9961851 0 0.08726495 -0.9961851 0 -0.08726495 -0.9961851 0 -0.08726495 -0.9961851 0 -0.2589365 -0.9658944 0 -0.2589365 -0.9658944 0 -0.4226987 -0.9062703 0 -0.4226987 -0.9062703 0 -0.5735346 -0.8191813 0 -0.5735346 -0.8191813 0 -0.7071067 -0.7071067 0 -0.7071067 -0.7071067 0 -0.8191813 -0.5735346 0 -0.8191813 -0.5735346 0 -0.9062382 -0.4227675 0 -0.9062382 -0.4227675 0 -0.9659513 -0.2587241 0 -0.9659513 -0.2587241 0 -0.9961851 -0.08726495 0 -0.9961851 -0.08726495 0 -0.9961851 0.08726495 0 -0.9961851 0.08726495 0 -0.9659272 0.2588139 0 -0.9659272 0.2588139 0 -0.9063023 0.4226299 0 -0.9063023 0.4226299 0 -0.8191813 0.5735346 0 -0.8191813 0.5735346 0 -0.7071067 0.7071067 0 -0.7071067 0.7071067 0 -0.5735346 0.8191813 0 -0.5735346 0.8191813 0 -0.4226987 0.9062703 0 -0.4226987 0.9062703 0 -0.2589365 0.9658944 0 -0.2589365 0.9658944 0 -0.08690851 0.9962164 0 -0.08690851 0.9962164 0 0.08690851 0.9962164 -1 0 0 -1 0 0 -1 0 0 -1 0 0 -1 0 0 -1 0 0 -1 0 0 -1 0 0 -1 0 0 -1 0 0 -1 0 0 -1 0 0 -1 0 0 -1 0 0 -1 0 0 -1 0 0 -1 0 0 -1 0 0 -1 0 0 -1 0 0 -1 0 0 -1 0 0 -1 0 0 -1 0 0 -1 0 0 -1 0 0 -1 0 0 -1 0 0 -1 0 0 -1 0 0 -1 0 0 -1 0 0 -1 0 0 -1 0 0 -1 0 0 -1 0 0 -1 0 0 -1 0 0 -1 0 0 -1 0 0 -1 0 0 -1 0 0 -1 0 0 -1 0 0 -1 0 0 -1 0 0 -1 0 0 -1 0 0 -1 0 0 -1 0 0 -1 0 0 -1 0 0 -1 0 0 -1 0 0 -1 0 0 -1 0 0 -1 0 0 -1 0 0 -1 0 0 -1 0 0 -1 0 0 -1 0 0 -1 0 0 -1 0 0 -1 0 0 -1 0 0 -1 0 0 -1 0 0 -1 0 0 -1 0 0 -1 0 0 -1 0 0 0 0.08728057 0.9961838 0 0.2588917 0.9659064 0 0.2588917 0.9659064 0 0.4224036 0.9064078 0 0.4224036 0.9064078 0 0.5735346 0.8191813 0 0.5735346 0.8191813 0 0.7071067 0.7071067 0 0.7071067 0.7071067 0 0.8191813 0.5735346 0 0.8191813 0.5735346 0 0.9063023 0.4226299 0 0.9063023 0.4226299 0 0.9659513 0.2587241 0 0.9659513 0.2587241 0 0.9962007 0.08708673 0 0.9962007 0.08708673 0 0.9961981 -0.08711791 0 0.9961981 -0.08711791 0 0.9659513 -0.2587241 0 0.9659513 -0.2587241 0 0.9063023 -0.4226299 0 0.9063023 -0.4226299 0 0.8191813 -0.5735346 0 0.8191813 -0.5735346 0 0.7071067 -0.7071067 0 0.7071067 -0.7071067 0 0.5735346 -0.8191813 0 0.5735346 -0.8191813 0 0.4226987 -0.9062703 0 0.4226987 -0.9062703 0 0.2585566 -0.9659962 0 0.2585566 -0.9659962 0 0.08728057 -0.9961838 0 0.08728057 -0.9961838 0 -0.08726495 -0.9961851 0 -0.08726495 -0.9961851 0 -0.2585566 -0.9659962 0 -0.2585566 -0.9659962 0 -0.4226987 -0.9062703 0 -0.4226987 -0.9062703 0 -0.5735346 -0.8191813 0 -0.5735346 -0.8191813 0 -0.7071067 -0.7071067 0 -0.7071067 -0.7071067 0 -0.8191813 -0.5735346 0 -0.8191813 -0.5735346 0 -0.9063711 -0.4224824 0 -0.9063711 -0.4224824 0 -0.9659064 -0.2588917 0 -0.9659064 -0.2588917 0 -0.9961981 -0.08711791 0 -0.9961981 -0.08711791 0 -0.9962007 0.08708673 0 -0.9962007 0.08708673 0 -0.9659064 0.2588917 0 -0.9659064 0.2588917 0 -0.9063711 0.4224824 0 -0.9063711 0.4224824 0 -0.8191813 0.5735346 0 -0.8191813 0.5735346 0 -0.7071067 0.7071067 0 -0.7071067 0.7071067 0 -0.5735346 0.8191813 0 -0.5735346 0.8191813 0 -0.4224036 0.9064078 0 -0.4224036 0.9064078 0 -0.2588917 0.9659064 0 -0.2588917 0.9659064 0 -0.08726495 0.9961851 0 -0.08726495 0.9961851 0 0.08728057 0.9961838 -1 0 0 -1 0 0 -1 0 0 -1 0 0 -1 0 0 -1 0 0 -1 0 0 -1 0 0 -1 0 0 -1 0 0 -1 0 0 -1 0 0 -1 0 0 -1 0 0 -1 0 0 -1 0 0 -1 0 0 -1 0 0 -1 0 0 -1 0 0 -1 0 0 -1 0 0 -1 0 0 -1 0 0 -1 0 0 -1 0 0 -1 0 0 -1 0 0 -1 0 0 -1 0 0 -1 0 0 -1 0 0 -1 0 0 -1 0 0 -1 0 0 -1 0 0 -1 0 0 -1 0 0 -1 0 0 -1 0 0 -1 0 0 -1 0 0 -1 0 0 -1 0 0 -1 0 0 -1 0 0 -1 0 0 -1 0 0 -1 0 0 -1 0 0 -1 0 0 -1 0 0 -1 0 0 -1 0 0 -1 0 0 -1 0 0 -1 0 0 -1 0 0 -1 0 0 -1 0 0 -1 0 0 -1 0 0 -1 0 0 -1 0 0 -1 0 0 -1 0 0 -1 0 0 -1 0 0 -1 0 0 -1 0 0 -1 0 0 -1 0 0 0 0.08728057 0.9961838 0 0.2588917 0.9659064 0 0.2588917 0.9659064 0 0.4226987 0.9062703 0 0.4226987 0.9062703 0 0.5735346 0.8191813 0 0.5735346 0.8191813 0 0.7071067 0.7071067 0 0.7071067 0.7071067 0 0.8191813 0.5735346 0 0.8191813 0.5735346 0 0.9062382 0.4227675 0 0.9062382 0.4227675 0 0.9659513 0.2587241 0 0.9659513 0.2587241 0 0.9962007 0.08708673 0 0.9962007 0.08708673 0 0.9962007 -0.08708673 0 0.9962007 -0.08708673 0 0.9659272 -0.2588139 0 0.9659272 -0.2588139 0 0.9063023 -0.4226299 0 0.9063023 -0.4226299 0 0.8191813 -0.5735346 0 0.8191813 -0.5735346 0 0.7071067 -0.7071067 0 0.7071067 -0.7071067 0 0.5735346 -0.8191813 0 0.5735346 -0.8191813 0 0.4226987 -0.9062703 0 0.4226987 -0.9062703 0 0.2585566 -0.9659962 0 0.2585566 -0.9659962 0 0.08728057 -0.9961838 0 0.08728057 -0.9961838 0 -0.08726495 -0.9961851 0 -0.08726495 -0.9961851 0 -0.2585566 -0.9659962 0 -0.2585566 -0.9659962 0 -0.4226987 -0.9062703 0 -0.4226987 -0.9062703 0 -0.5735346 -0.8191813 0 -0.5735346 -0.8191813 0 -0.7071067 -0.7071067 0 -0.7071067 -0.7071067 0 -0.8191813 -0.5735346 0 -0.8191813 -0.5735346 0 -0.9063711 -0.4224824 0 -0.9063711 -0.4224824 0 -0.9658823 -0.2589814 0 -0.9658823 -0.2589814 0 -0.9962007 -0.08708673 0 -0.9962007 -0.08708673 0 -0.9962007 0.08708673 0 -0.9962007 0.08708673 0 -0.9659064 0.2588917 0 -0.9659064 0.2588917 0 -0.9063071 0.42262 0 -0.9063071 0.42262 0 -0.8191813 0.5735346 0 -0.8191813 0.5735346 0 -0.7071067 0.7071067 0 -0.7071067 0.7071067 0 -0.5735346 0.8191813 0 -0.5735346 0.8191813 0 -0.4226987 0.9062703 0 -0.4226987 0.9062703 0 -0.2588917 0.9659064 0 -0.2588917 0.9659064 0 -0.08726495 0.9961851 0 -0.08726495 0.9961851 0 0.08728057 0.9961838 -1 0 0 -1 0 0 -1 0 0 -1 0 0 -1 0 0 -1 0 0 -1 0 0 -1 0 0 -1 0 0 -1 0 0 -1 0 0 -1 0 0 -1 0 0 -1 0 0 -1 0 0 -1 0 0 -1 0 0 -1 0 0 -1 0 0 -1 0 0 -1 0 0 -1 0 0 -1 0 0 -1 0 0 -1 0 0 -1 0 0 -1 0 0 -1 0 0 -1 0 0 -1 0 0 -1 0 0 -1 0 0 -1 0 0 -1 0 0 -1 0 0 -1 0 0 -1 0 0 -1 0 0 -1 0 0 -1 0 0 -1 0 0 -1 0 0 -1 0 0 -1 0 0 -1 0 0 -1 0 0 -1 0 0 -1 0 0 -1 0 0 -1 0 0 -1 0 0 -1 0 0 -1 0 0 -1 0 0 -1 0 0 -1 0 0 -1 0 0 -1 0 0 -1 0 0 -1 0 0 -1 0 0 -1 0 0 -1 0 0 -1 0 0 -1 0 0 -1 0 0 -1 0 0 -1 0 0 -1 0 0 -1 0 0 -1 0 0 -1 0 0 0 0.08692407 0.9962149 0 0.2588917 0.9659064 0 0.2588917 0.9659064 0 0.4226987 0.9062703 0 0.4226987 0.9062703 0 0.5735346 0.8191813 0 0.5735346 0.8191813 0 0.7071067 0.7071067 0 0.7071067 0.7071067 0 0.8191813 0.5735346 0 0.8191813 0.5735346 0 0.9063023 0.4226299 0 0.9063023 0.4226299 0 0.9659272 0.2588139 0 0.9659272 0.2588139 0 0.9962007 0.08708673 0 0.9962007 0.08708673 0 0.9962007 -0.08708673 0 0.9962007 -0.08708673 0 0.9659513 -0.2587241 0 0.9659513 -0.2587241 0 0.9062382 -0.4227675 0 0.9062382 -0.4227675 0 0.8191813 -0.5735346 0 0.8191813 -0.5735346 0 0.7071067 -0.7071067 0 0.7071067 -0.7071067 0 0.5735346 -0.8191813 0 0.5735346 -0.8191813 0 0.4226987 -0.9062703 0 0.4226987 -0.9062703 0 0.2588917 -0.9659064 0 0.2588917 -0.9659064 0 0.08728057 -0.9961838 0 0.08728057 -0.9961838 0 -0.08726495 -0.9961851 0 -0.08726495 -0.9961851 0 -0.2588917 -0.9659064 0 -0.2588917 -0.9659064 0 -0.4226987 -0.9062703 0 -0.4226987 -0.9062703 0 -0.5735346 -0.8191813 0 -0.5735346 -0.8191813 0 -0.7071067 -0.7071067 0 -0.7071067 -0.7071067 0 -0.8191813 -0.5735346 0 -0.8191813 -0.5735346 0 -0.9063071 -0.42262 0 -0.9063071 -0.42262 0 -0.9659064 -0.2588917 0 -0.9659064 -0.2588917 0 -0.9962007 -0.08708673 0 -0.9962007 -0.08708673 0 -0.9962007 0.08708673 0 -0.9962007 0.08708673 0 -0.9658823 0.2589814 0 -0.9658823 0.2589814 0 -0.9063711 0.4224824 0 -0.9063711 0.4224824 0 -0.8191813 0.5735346 0 -0.8191813 0.5735346 0 -0.7071067 0.7071067 0 -0.7071067 0.7071067 0 -0.5735346 0.8191813 0 -0.5735346 0.8191813 0 -0.4226987 0.9062703 0 -0.4226987 0.9062703 0 -0.2588917 0.9659064 0 -0.2588917 0.9659064 0 -0.08690851 0.9962164 0 -0.08690851 0.9962164 0 0.08692407 0.9962149 -1 0 0 -1 0 0 -1 0 0 -1 0 0 -1 0 0 -1 0 0 -1 0 0 -1 0 0 -1 0 0 -1 0 0 -1 0 0 -1 0 0 -1 0 0 -1 0 0 -1 0 0 -1 0 0 -1 0 0 -1 0 0 -1 0 0 -1 0 0 -1 0 0 -1 0 0 -1 0 0 -1 0 0 -1 0 0 -1 0 0 -1 0 0 -1 0 0 -1 0 0 -1 0 0 -1 0 0 -1 0 0 -1 0 0 -1 0 0 -1 0 0 -1 0 0 -1 0 0 -1 0 0 -1 0 0 -1 0 0 -1 0 0 -1 0 0 -1 0 0 -1 0 0 -1 0 0 -1 0 0 -1 0 0 -1 0 0 -1 0 0 -1 0 0 -1 0 0 -1 0 0 -1 0 0 -1 0 0 -1 0 0 -1 0 0 -1 0 0 -1 0 0 -1 0 0 -1 0 0 -1 0 0 -1 0 0 -1 0 0 -1 0 0 -1 0 0 -1 0 0 -1 0 0 -1 0 0 -1 0 0 -1 0 0 -1 0 0 -1 0 0 0 0.08726495 0.9961851 0 0.2589365 0.9658944 0 0.2589365 0.9658944 0 0.4223349 0.9064399 0 0.4223349 0.9064399 0 0.573619 0.8191222 0 0.573619 0.8191222 0 0.7071067 0.7071067 0 0.7071067 0.7071067 0 0.819097 0.5736551 0 0.819097 0.5736551 0 0.9063711 0.4224824 0 0.9063711 0.4224824 0 0.9659064 0.2588917 0 0.9659064 0.2588917 0 0.9962007 0.08708673 0 0.9962007 0.08708673 0 0.9961981 -0.08711791 0 0.9961981 -0.08711791 0 0.9659064 -0.2588917 0 0.9659064 -0.2588917 0 0.9063711 -0.4224824 0 0.9063711 -0.4224824 0 0.819097 -0.5736551 0 0.819097 -0.5736551 0 0.7071067 -0.7071067 0 0.7071067 -0.7071067 0 0.573619 -0.8191222 0 0.573619 -0.8191222 0 0.4226299 -0.9063023 0 0.4226299 -0.9063023 0 0.2586014 -0.9659841 0 0.2586014 -0.9659841 0 0.08726495 -0.9961851 0 0.08726495 -0.9961851 0 -0.08726495 -0.9961851 0 -0.08726495 -0.9961851 0 -0.2586014 -0.9659841 0 -0.2586014 -0.9659841 0 -0.4226987 -0.9062703 0 -0.4226987 -0.9062703 0 -0.5735346 -0.8191813 0 -0.5735346 -0.8191813 0 -0.7071067 -0.7071067 0 -0.7071067 -0.7071067 0 -0.8191813 -0.5735346 0 -0.8191813 -0.5735346 0 -0.9063023 -0.4226299 0 -0.9063023 -0.4226299 0 -0.9659513 -0.2587241 0 -0.9659513 -0.2587241 0 -0.9961825 -0.08729618 0 -0.9961825 -0.08729618 0 -0.9961851 0.08726495 0 -0.9961851 0.08726495 0 -0.9659513 0.2587241 0 -0.9659513 0.2587241 0 -0.9063023 0.4226299 0 -0.9063023 0.4226299 0 -0.8191813 0.5735346 0 -0.8191813 0.5735346 0 -0.7071067 0.7071067 0 -0.7071067 0.7071067 0 -0.5735346 0.8191813 0 -0.5735346 0.8191813 0 -0.4224036 0.9064078 0 -0.4224036 0.9064078 0 -0.2589365 0.9658944 0 -0.2589365 0.9658944 0 -0.08726495 0.9961851 0 -0.08726495 0.9961851 0 0.08726495 0.9961851 0 0 1 0 0 1 0 0 1 0 0 1 0 0 1 0 0 1 0 0 1 0 0 1 0 0 1 0 0 1 0 0 1 0 0 1 0 0 1 0 0 1 0 0 1 0 0 1 0 0 1 0 0 1 0 0 1 0 0 1 0 0 1 0 0 1 0 0 1 0 0 1 0 0 1 0 0 1 0 0 1 0 1 0 0 1 0 1 0 0 1 0 0 0 -1 0 0 -1 0 0 -1 0 0 -1 0 0 -1 0 0 -1 0 0 -1 0 0 -1 0 0 -1 0 0 -1 0 0 -1 0 0 -1 0 0 -1 0 0 -1 0 0 -1 0 0 -1 0 0 -1 0 0 1 0 0 1 0 0 1 0 0 1 0 0 1 0 0 1 0 0 1 0 0 1 0 0 1 0 0 1 0 0 1 0 0 1 0 0 1 0 0 1 0 0 1 0 0.7071068 0 -0.7071068 0.7071068 0 -0.7071068 0.7071068 0 0.7071068 0.7071068 0 0.7071068 1 0 0 1 0 0 0.7071068 0 -0.7071068 0.7071068 0 -0.7071068 0.7071068 0 0.7071068 0.7071068 0 0.7071068 1 0 0 1 0 0 0.7385465 0 -0.6742026 0.7385465 0 -0.6742026 0 0 -1 0 0 -1 1 0 0 1 0 0 0 0 1 0 0 1 -0.738533 0 0.6742174 -0.738533 0 0.6742174 -1 0 0 -1 0 0 0 0 -1 0 0 -1 1 0 0 1 0 0 0 0 1 0 0 1 0.6741718 0 0.7385746 0.6741718 0 0.7385746 1 0 0 1 0 0 0 -1 0 0 -1 0 0 -1 0 0 -1 0 0 -1 0 0 -1 0 0 1 0 0 1 0 0 1 0 0 1 0 0 1 0 0 1 0 -1 0 0 -1 0 0 0 0 -1 0 0 -1 -1 0 0 -1 0 0 0 0 1 0 0 1 -1 0 0 -1 0 0 0 0 -1 0 0 -1 1 0 0 1 0 0 0 0 1 0 0 1 0 -1 0 0 -1 0 0 1 0 0 1 0 0 0 1 0 0 1 -1 0 0 -1 0 0 0 0 -1 0 0 -1 1 0 0 1 0 0 0 -1 0 0 -1 0 0 1 0 0 1 0 0 0 1 0 0 1 -1 0 0 -1 0 0 0 0 -1 0 0 -1 1 0 0 1 0 0 0 -1 0 0 -1 0 0 1 0 0 1 0 0 0 1 0 0 1 -1 0 0 -1 0 0 0 0 -1 0 0 -1 1 0 0 1 0 0 0 1 0 0 1 0 0 1 0 0 1 0 0 1 0 0 1 0 0 1 0 0 1 0 0 1 0 0 1 0 0 1 0 0 1 0 0 1 0 0 1 0 0 1 0 0 -1 0 0 -1 0 0 -1 0 0 -1 0 0 -1 0 0 -1 0 0 -1 0 0 -1 0 0 -1 0 0 -1 0 0 -1 0 0 -1 0 0 -1 0 0 -1 0 0 -1 0 0.7071068 0 -0.7071068 0.7071068 0 -0.7071068 0.7071068 0 0.7071068 0.7071068 0 0.7071068 1 0 0 1 0 0 0.7071068 0 -0.7071068 0.7071068 0 -0.7071068 0.7071068 0 0.7071068 0.7071068 0 0.7071068 1 0 0 1 0 0 0.7385465 0 -0.6742026 0.7385465 0 -0.6742026 0 0 -1 0 0 -1 1 0 0 1 0 0 0 0 1 0 0 1 -0.738533 0 0.6742173 -0.738533 0 0.6742173 -1 0 0 -1 0 0 0 0 -1 0 0 -1 1 0 0 1 0 0 0 0 1 0 0 1 0.6741718 0 0.7385746 0.6741718 0 0.7385746 1 0 0 1 0 0 0 1 0 0 1 0 0 1 0 0 1 0 0 1 0 0 1 0 0 -1 0 0 -1 0 0 -1 0 0 -1 0 0 -1 0 0 -1 0 -1 0 0 -1 0 0 0 0 -1 0 0 -1 -1 0 0 -1 0 0 0 0 1 0 0 1 -1 0 0 -1 0 0 0 0 -1 0 0 -1 1 0 0 1 0 0 0 0 1 0 0 1 0 1 0 0 1 0 0 -1 0 0 -1 0 0 0 1 0 0 1 -1 0 0 -1 0 0 0 0 -1 0 0 -1 1 0 0 1 0 0 0 1 0 0 1 0 0 -1 0 0 -1 0 0 0 1 0 0 1 -1 0 0 -1 0 0 0 0 -1 0 0 -1 1 0 0 1 0 0 0 1 0 0 1 0 0 -1 0 0 -1 0 0 0 1 0 0 1 -1 0 0 -1 0 0 0 0 -1 0 0 -1 1 0 0 1 0 0 0 -1 0 0 -1 0 0 1 0 0 1 0 0 0 -1 0 0 -1 -1 0 0 -1 0 0 0 0 1 0 0 1 1 0 0 1 0 0 0 1 0 0 1 0 0 -1 0 0 -1 0 0 0 -1 0 0 -1 -1 0 0 -1 0 0 0 0 1 0 0 1 1 0 0 1 0 0</float_array>
          <technique_common>
            <accessor source="#ID3-mesh-normals-array" count="8754" stride="3">
              <param name="X" type="float"/>
              <param name="Y" type="float"/>
              <param name="Z" type="float"/>
            </accessor>
          </technique_common>
        </source>
        <vertices id="ID3-mesh-vertices">
          <input semantic="POSITION" source="#ID3-mesh-positions"/>
        </vertices>
        <triangles material="Material_001-material" count="8754">
          <input semantic="VERTEX" source="#ID3-mesh-vertices" offset="0"/>
          <input semantic="NORMAL" source="#ID3-mesh-normals" offset="1"/>
          <p>0 0 1 0 2 0 2 1 1 1 3 1 2 2 3 2 4 2 4 3 3 3 5 3 4 4 5 4 6 4 6 5 5 5 7 5 6 6 7 6 8 6 8 7 7 7 9 7 10 8 11 8 12 8 13 9 14 9 15 9 15 10 16 10 13 10 13 11 16 11 17 11 13 12 17 12 18 12 18 13 17 13 10 13 18 14 10 14 19 14 19 15 10 15 12 15 20 16 21 16 22 16 20 17 22 17 23 17 24 18 25 18 17 18 26 19 27 19 10 19 10 20 27 20 28 20 28 21 29 21 10 21 10 22 29 22 30 22 10 23 30 23 22 23 22 24 30 24 31 24 22 25 31 25 23 25 32 26 33 26 34 26 22 27 35 27 36 27 37 28 38 28 39 28 39 29 38 29 40 29 41 30 17 30 42 30 42 31 17 31 43 31 21 32 44 32 22 32 22 33 44 33 45 33 22 34 45 34 35 34 32 35 34 35 39 35 39 36 34 36 46 36 39 37 46 37 37 37 47 38 48 38 49 38 49 39 48 39 50 39 49 40 50 40 17 40 17 41 50 41 51 41 17 42 51 42 43 42 25 43 52 43 17 43 17 44 52 44 53 44 17 45 53 45 54 45 55 46 56 46 10 46 41 47 57 47 17 47 17 48 57 48 58 48 17 49 58 49 33 49 56 50 59 50 10 50 10 51 59 51 60 51 10 52 60 52 26 52 36 53 61 53 22 53 22 54 61 54 62 54 22 55 62 55 63 55 64 56 65 56 49 56 49 57 65 57 66 57 32 58 67 58 33 58 33 59 67 59 68 59 33 60 68 60 17 60 17 61 68 61 69 61 17 62 69 62 24 62 54 63 70 63 17 63 17 64 70 64 71 64 17 65 71 65 10 65 10 66 71 66 72 66 10 67 72 67 55 67 45 68 73 68 35 68 35 69 73 69 74 69 35 70 74 70 75 70 75 71 74 71 76 71 75 72 76 72 77 72 77 73 76 73 78 73 77 74 78 74 79 74 79 75 78 75 80 75 79 76 80 76 81 76 81 77 80 77 82 77 81 78 82 78 83 78 83 79 82 79 84 79 83 80 84 80 40 80 40 81 84 81 85 81 40 82 85 82 39 82 63 83 86 83 22 83 22 84 86 84 87 84 22 85 87 85 88 85 66 86 89 86 49 86 49 87 89 87 90 87 49 88 90 88 47 88 88 89 91 89 22 89 22 90 91 90 92 90 22 91 92 91 49 91 49 92 92 92 93 92 49 93 93 93 64 93 94 94 95 94 49 94 96 95 97 95 49 95 49 96 97 96 98 96 49 97 98 97 94 97 95 98 99 98 49 98 49 99 99 99 100 99 49 100 100 100 101 100 102 101 103 101 104 101 103 102 105 102 104 102 104 103 105 103 106 103 104 104 106 104 107 104 16 105 108 105 109 105 109 106 110 106 16 106 16 107 110 107 111 107 16 108 111 108 112 108 113 109 114 109 17 109 17 110 114 110 115 110 115 111 116 111 17 111 17 112 116 112 117 112 17 113 117 113 118 113 107 114 119 114 104 114 104 115 119 115 120 115 104 116 120 116 16 116 16 117 120 117 121 117 16 118 121 118 108 118 118 119 122 119 17 119 17 120 122 120 123 120 17 121 123 121 124 121 124 122 125 122 17 122 17 123 125 123 126 123 17 124 126 124 49 124 49 125 126 125 127 125 49 126 127 126 96 126 112 127 128 127 16 127 16 128 128 128 129 128 16 129 129 129 17 129 17 130 129 130 130 130 17 131 130 131 113 131 131 132 3 132 132 132 132 133 3 133 22 133 132 134 22 134 133 134 131 135 134 135 3 135 3 136 134 136 135 136 3 137 135 137 136 137 5 138 137 138 138 138 138 139 139 139 5 139 5 140 139 140 140 140 5 141 140 141 49 141 49 142 140 142 141 142 49 143 141 143 142 143 142 144 143 144 49 144 49 145 143 145 144 145 49 146 144 146 145 146 146 147 147 147 22 147 22 148 147 148 148 148 22 149 148 149 149 149 149 150 150 150 22 150 22 151 150 151 151 151 22 152 151 152 133 152 136 153 152 153 3 153 3 154 152 154 153 154 3 155 153 155 154 155 155 156 156 156 5 156 5 157 156 157 157 157 5 158 157 158 137 158 145 159 158 159 49 159 49 160 158 160 159 160 49 161 159 161 160 161 160 162 161 162 49 162 49 163 161 163 162 163 49 164 162 164 22 164 22 165 162 165 163 165 22 166 163 166 146 166 154 167 164 167 3 167 3 168 164 168 165 168 3 169 165 169 5 169 5 170 165 170 166 170 5 171 166 171 155 171 167 172 168 172 5 172 168 173 169 173 5 173 5 174 169 174 170 174 5 175 170 175 171 175 172 176 7 176 173 176 173 177 7 177 174 177 171 178 175 178 5 178 5 179 175 179 176 179 5 180 176 180 177 180 178 181 179 181 104 181 49 182 180 182 181 182 177 183 182 183 5 183 5 184 182 184 183 184 5 185 183 185 7 185 7 186 183 186 184 186 7 187 184 187 174 187 172 188 185 188 7 188 7 189 185 189 186 189 7 190 186 190 104 190 104 191 186 191 187 191 104 192 187 192 178 192 188 193 189 193 49 193 49 194 189 194 190 194 49 195 190 195 5 195 5 196 190 196 191 196 5 197 191 197 167 197 179 198 192 198 104 198 104 199 192 199 193 199 104 200 193 200 194 200 194 201 195 201 104 201 104 202 195 202 196 202 104 203 196 203 197 203 101 204 102 204 49 204 49 205 102 205 104 205 49 206 104 206 180 206 180 207 104 207 197 207 181 208 198 208 49 208 49 209 198 209 199 209 49 210 199 210 200 210 200 211 201 211 49 211 49 212 201 212 202 212 49 213 202 213 188 213 1 214 0 214 203 214 203 215 0 215 204 215 205 216 206 216 6 216 6 217 206 217 207 217 6 218 207 218 208 218 209 219 210 219 211 219 211 220 210 220 212 220 211 221 212 221 213 221 4 222 214 222 215 222 216 223 217 223 213 223 213 224 217 224 218 224 219 225 220 225 211 225 211 226 220 226 221 226 211 227 221 227 6 227 6 228 221 228 222 228 6 229 222 229 205 229 208 230 223 230 6 230 6 231 223 231 224 231 6 232 224 232 225 232 215 233 226 233 4 233 4 234 226 234 227 234 4 235 227 235 228 235 4 236 229 236 230 236 216 237 213 237 231 237 231 238 213 238 232 238 231 239 232 239 233 239 218 240 234 240 213 240 213 241 234 241 235 241 213 242 235 242 236 242 237 243 238 243 211 243 211 244 238 244 239 244 211 245 239 245 219 245 225 246 240 246 6 246 6 247 240 247 241 247 6 248 241 248 4 248 4 249 241 249 242 249 4 250 242 250 214 250 236 251 243 251 213 251 213 252 243 252 244 252 213 253 244 253 211 253 211 254 244 254 245 254 211 255 245 255 237 255 228 256 246 256 4 256 4 257 246 257 247 257 4 258 247 258 248 258 230 259 249 259 4 259 4 260 249 260 250 260 4 261 250 261 251 261 252 262 253 262 254 262 254 263 253 263 255 263 254 264 256 264 257 264 258 265 259 265 211 265 260 266 248 266 261 266 261 267 248 267 262 267 261 268 262 268 263 268 263 269 262 269 231 269 263 270 231 270 264 270 264 271 231 271 233 271 260 272 265 272 248 272 248 273 265 273 266 273 248 274 266 274 267 274 267 275 268 275 248 275 248 276 268 276 269 276 248 277 269 277 4 277 4 278 269 278 270 278 4 279 270 279 229 279 255 280 271 280 254 280 254 281 271 281 272 281 254 282 272 282 273 282 254 283 257 283 211 283 211 284 257 284 274 284 211 285 274 285 258 285 259 286 275 286 211 286 211 287 275 287 276 287 211 288 276 288 209 288 273 289 277 289 254 289 254 290 277 290 278 290 254 291 278 291 256 291 211 292 279 292 280 292 281 293 282 293 254 293 254 294 282 294 283 294 254 295 283 295 284 295 285 296 286 296 13 296 13 297 286 297 287 297 279 298 211 298 288 298 288 299 211 299 13 299 288 300 13 300 289 300 280 301 290 301 211 301 211 302 290 302 291 302 211 303 291 303 292 303 292 304 293 304 211 304 211 305 293 305 294 305 211 306 294 306 295 306 295 307 296 307 211 307 211 308 296 308 297 308 211 309 297 309 254 309 254 310 297 310 298 310 254 311 298 311 281 311 284 312 299 312 254 312 254 313 299 313 300 313 254 314 300 314 301 314 18 315 302 315 303 315 303 316 304 316 18 316 18 317 304 317 305 317 18 318 305 318 306 318 306 319 307 319 18 319 18 320 307 320 308 320 18 321 308 321 13 321 13 322 308 322 309 322 13 323 309 323 285 323 287 324 310 324 13 324 13 325 310 325 311 325 13 326 311 326 289 326 312 327 313 327 18 327 18 328 313 328 314 328 18 329 314 329 302 329 315 330 316 330 4 330 4 331 316 331 317 331 4 332 317 332 318 332 319 333 320 333 2 333 2 334 320 334 321 334 2 335 321 335 322 335 322 336 323 336 2 336 2 337 323 337 324 337 2 338 324 338 325 338 318 339 326 339 4 339 4 340 326 340 327 340 4 341 327 341 328 341 251 342 252 342 4 342 4 343 252 343 254 343 4 344 254 344 315 344 315 345 254 345 329 345 330 346 331 346 254 346 254 347 331 347 332 347 254 348 332 348 329 348 324 349 333 349 325 349 325 350 333 350 334 350 325 351 334 351 335 351 335 352 336 352 325 352 325 353 336 353 337 353 325 354 337 354 338 354 328 355 339 355 4 355 4 356 339 356 340 356 4 357 340 357 341 357 338 358 342 358 254 358 254 359 342 359 343 359 343 360 344 360 254 360 254 361 344 361 345 361 254 362 345 362 346 362 346 363 347 363 254 363 254 364 347 364 348 364 254 365 348 365 330 365 341 366 349 366 4 366 4 367 349 367 350 367 4 368 350 368 2 368 2 369 350 369 351 369 2 370 351 370 319 370 352 371 353 371 325 371 325 372 353 372 354 372 325 373 354 373 355 373 356 374 357 374 254 374 254 375 357 375 358 375 254 376 358 376 359 376 355 377 360 377 325 377 325 378 360 378 361 378 325 379 361 379 19 379 19 380 361 380 362 380 362 381 363 381 19 381 19 382 363 382 364 382 19 383 364 383 365 383 301 384 312 384 254 384 254 385 312 385 18 385 254 386 18 386 356 386 356 387 18 387 366 387 359 388 367 388 254 388 254 389 367 389 368 389 254 390 368 390 369 390 338 391 254 391 325 391 325 392 254 392 370 392 325 393 370 393 371 393 371 394 372 394 325 394 325 395 372 395 373 395 325 396 373 396 352 396 374 397 375 397 18 397 18 398 375 398 376 398 18 399 376 399 366 399 369 400 377 400 254 400 254 401 377 401 378 401 254 402 378 402 370 402 379 403 380 403 18 403 18 404 380 404 381 404 18 405 381 405 382 405 382 406 383 406 18 406 18 407 383 407 384 407 18 408 384 408 374 408 365 409 385 409 19 409 19 410 385 410 386 410 19 411 386 411 18 411 18 412 386 412 387 412 18 413 387 413 379 413 388 414 389 414 14 414 390 415 391 415 13 415 13 416 391 416 392 416 393 417 394 417 6 417 6 418 394 418 395 418 6 419 395 419 396 419 392 420 397 420 13 420 13 421 397 421 398 421 13 422 398 422 14 422 14 423 398 423 399 423 14 424 399 424 388 424 390 425 13 425 400 425 400 426 13 426 211 426 400 427 211 427 401 427 402 428 403 428 8 428 8 429 403 429 404 429 8 430 404 430 6 430 6 431 404 431 405 431 6 432 405 432 393 432 396 433 406 433 6 433 6 434 406 434 407 434 6 435 407 435 211 435 211 436 407 436 408 436 211 437 408 437 401 437 15 438 14 438 409 438 409 439 14 439 389 439 410 440 204 440 0 440 411 441 412 441 12 441 12 442 412 442 413 442 12 443 413 443 19 443 413 444 414 444 19 444 19 445 414 445 415 445 19 446 415 446 416 446 417 447 418 447 2 447 2 448 418 448 419 448 2 449 419 449 420 449 416 450 421 450 19 450 19 451 421 451 422 451 19 452 422 452 325 452 325 453 422 453 423 453 423 454 424 454 325 454 325 455 424 455 425 455 325 456 425 456 2 456 2 457 425 457 426 457 2 458 426 458 417 458 420 459 427 459 2 459 2 460 427 460 428 460 2 461 428 461 0 461 0 462 428 462 429 462 0 463 429 463 410 463 12 464 11 464 411 464 411 465 11 465 430 465 431 466 430 466 11 466 432 467 433 467 10 467 10 468 433 468 434 468 10 469 434 469 11 469 11 470 434 470 435 470 11 471 435 471 431 471 203 472 436 472 1 472 1 473 436 473 437 473 1 474 437 474 3 474 438 475 439 475 10 475 10 476 439 476 440 476 10 477 440 477 432 477 437 478 441 478 3 478 3 479 441 479 442 479 3 480 442 480 443 480 443 481 444 481 3 481 3 482 444 482 445 482 3 483 445 483 22 483 22 484 445 484 446 484 446 485 447 485 22 485 22 486 447 486 448 486 22 487 448 487 10 487 10 488 448 488 449 488 10 489 449 489 438 489 8 490 9 490 402 490 402 491 9 491 450 491 451 492 450 492 9 492 409 493 452 493 15 493 15 494 452 494 453 494 15 495 453 495 16 495 16 496 453 496 454 496 16 497 454 497 455 497 455 498 456 498 16 498 16 499 456 499 457 499 16 500 457 500 458 500 458 501 459 501 16 501 16 502 459 502 460 502 16 503 460 503 104 503 104 504 460 504 461 504 7 505 462 505 463 505 463 506 464 506 7 506 7 507 464 507 465 507 7 508 465 508 9 508 9 509 465 509 466 509 9 510 466 510 451 510 461 511 467 511 104 511 104 512 467 512 468 512 104 513 468 513 7 513 7 514 468 514 469 514 7 515 469 515 462 515 412 516 411 516 431 516 431 517 411 517 430 517 436 518 410 518 437 518 437 519 410 519 429 519 437 520 429 520 441 520 441 521 429 521 428 521 441 522 428 522 442 522 442 523 428 523 427 523 442 524 427 524 443 524 443 525 427 525 420 525 443 526 420 526 444 526 444 527 420 527 419 527 444 528 419 528 445 528 445 529 419 529 418 529 445 530 418 530 446 530 446 531 418 531 417 531 446 532 417 532 447 532 447 533 417 533 426 533 447 534 426 534 448 534 448 535 426 535 425 535 448 536 425 536 449 536 449 537 425 537 424 537 449 538 424 538 438 538 438 539 424 539 423 539 438 540 423 540 439 540 439 541 423 541 422 541 439 542 422 542 440 542 440 543 422 543 421 543 440 544 421 544 432 544 432 545 421 545 416 545 432 546 416 546 433 546 433 547 416 547 415 547 433 548 415 548 434 548 434 549 415 549 414 549 434 550 414 550 435 550 435 551 414 551 413 551 435 552 413 552 431 552 431 553 413 553 412 553 204 554 410 554 203 554 203 555 410 555 436 555 403 556 402 556 451 556 451 557 402 557 450 557 403 558 451 558 404 558 404 559 451 559 466 559 404 560 466 560 405 560 405 561 466 561 465 561 405 562 465 562 393 562 393 563 465 563 464 563 393 564 464 564 394 564 394 565 464 565 463 565 394 566 463 566 395 566 395 567 463 567 462 567 395 568 462 568 396 568 396 569 462 569 469 569 396 570 469 570 406 570 406 571 469 571 468 571 406 572 468 572 407 572 407 573 468 573 467 573 407 574 467 574 408 574 408 575 467 575 461 575 408 576 461 576 401 576 401 577 461 577 460 577 401 578 460 578 400 578 400 579 460 579 459 579 400 580 459 580 390 580 390 581 459 581 458 581 390 582 458 582 391 582 391 583 458 583 457 583 391 584 457 584 392 584 392 585 457 585 456 585 392 586 456 586 397 586 397 587 456 587 455 587 397 588 455 588 398 588 398 589 455 589 454 589 398 590 454 590 399 590 399 591 454 591 453 591 399 592 453 592 388 592 388 593 453 593 452 593 389 594 388 594 409 594 409 595 388 595 452 595 213 596 50 596 232 596 232 597 50 597 48 597 232 598 48 598 233 598 233 599 48 599 47 599 233 600 47 600 264 600 264 601 47 601 90 601 264 602 90 602 263 602 263 603 90 603 89 603 263 604 89 604 261 604 261 605 89 605 66 605 261 606 66 606 260 606 260 607 66 607 65 607 260 608 65 608 265 608 265 609 65 609 64 609 265 610 64 610 266 610 266 611 64 611 93 611 266 612 93 612 267 612 267 613 93 613 92 613 267 614 92 614 268 614 268 615 92 615 91 615 268 616 91 616 269 616 269 617 91 617 88 617 269 618 88 618 270 618 270 619 88 619 87 619 270 620 87 620 229 620 229 621 87 621 86 621 229 622 86 622 230 622 230 623 86 623 63 623 230 624 63 624 249 624 249 625 63 625 62 625 249 626 62 626 250 626 250 627 62 627 61 627 250 628 61 628 251 628 251 629 61 629 36 629 251 630 36 630 252 630 252 631 36 631 35 631 252 632 35 632 253 632 253 633 35 633 75 633 253 634 75 634 255 634 255 635 75 635 77 635 255 636 77 636 271 636 271 637 77 637 79 637 271 638 79 638 272 638 272 639 79 639 81 639 272 640 81 640 273 640 273 641 81 641 83 641 273 642 83 642 277 642 277 643 83 643 40 643 277 644 40 644 278 644 278 645 40 645 38 645 278 646 38 646 256 646 256 647 38 647 37 647 256 648 37 648 257 648 257 649 37 649 46 649 257 650 46 650 274 650 274 651 46 651 34 651 274 652 34 652 258 652 258 653 34 653 33 653 258 654 33 654 259 654 259 655 33 655 58 655 259 656 58 656 275 656 275 657 58 657 57 657 275 658 57 658 276 658 276 659 57 659 41 659 276 660 41 660 209 660 209 661 41 661 42 661 209 662 42 662 210 662 210 663 42 663 43 663 210 664 43 664 212 664 212 665 43 665 51 665 212 666 51 666 213 666 213 667 51 667 50 667 67 668 356 668 68 668 68 669 356 669 366 669 68 670 366 670 69 670 69 671 366 671 376 671 69 672 376 672 24 672 24 673 376 673 375 673 24 674 375 674 25 674 25 675 375 675 374 675 25 676 374 676 52 676 52 677 374 677 384 677 52 678 384 678 53 678 53 679 384 679 383 679 53 680 383 680 54 680 54 681 383 681 382 681 54 682 382 682 70 682 70 683 382 683 381 683 70 684 381 684 71 684 71 685 381 685 380 685 71 686 380 686 72 686 72 687 380 687 379 687 72 688 379 688 55 688 55 689 379 689 387 689 55 690 387 690 56 690 56 691 387 691 386 691 56 692 386 692 59 692 59 693 386 693 385 693 59 694 385 694 60 694 60 695 385 695 365 695 60 696 365 696 26 696 26 697 365 697 364 697 26 698 364 698 27 698 27 699 364 699 363 699 27 700 363 700 28 700 28 701 363 701 362 701 28 702 362 702 29 702 29 703 362 703 361 703 29 704 361 704 30 704 30 705 361 705 360 705 30 706 360 706 31 706 31 707 360 707 355 707 31 708 355 708 23 708 23 709 355 709 354 709 23 710 354 710 20 710 20 711 354 711 353 711 20 712 353 712 21 712 21 713 353 713 352 713 21 714 352 714 44 714 44 715 352 715 373 715 44 716 373 716 45 716 45 717 373 717 372 717 45 718 372 718 73 718 73 719 372 719 371 719 73 720 371 720 74 720 74 721 371 721 370 721 74 722 370 722 76 722 76 723 370 723 378 723 76 724 378 724 78 724 78 725 378 725 377 725 78 726 377 726 80 726 80 727 377 727 369 727 80 728 369 728 82 728 82 729 369 729 368 729 82 730 368 730 84 730 84 731 368 731 367 731 84 732 367 732 85 732 85 733 367 733 359 733 85 734 359 734 39 734 39 735 359 735 358 735 39 736 358 736 32 736 32 737 358 737 357 737 32 738 357 738 67 738 67 739 357 739 356 739 141 740 315 740 142 740 142 741 315 741 329 741 142 742 329 742 143 742 143 743 329 743 332 743 143 744 332 744 144 744 144 745 332 745 331 745 144 746 331 746 145 746 145 747 331 747 330 747 145 748 330 748 158 748 158 749 330 749 348 749 158 750 348 750 159 750 159 751 348 751 347 751 159 752 347 752 160 752 160 753 347 753 346 753 160 754 346 754 161 754 161 755 346 755 345 755 161 756 345 756 162 756 162 757 345 757 344 757 162 758 344 758 163 758 163 759 344 759 343 759 163 760 343 760 146 760 146 761 343 761 342 761 146 762 342 762 147 762 147 763 342 763 338 763 147 764 338 764 148 764 148 765 338 765 337 765 148 766 337 766 149 766 149 767 337 767 336 767 149 768 336 768 150 768 150 769 336 769 335 769 150 770 335 770 151 770 151 771 335 771 334 771 151 772 334 772 133 772 133 773 334 773 333 773 133 774 333 774 132 774 132 775 333 775 324 775 132 776 324 776 131 776 131 777 324 777 323 777 131 778 323 778 134 778 134 779 323 779 322 779 134 780 322 780 135 780 135 781 322 781 321 781 135 782 321 782 136 782 136 783 321 783 320 783 136 784 320 784 152 784 152 785 320 785 319 785 152 786 319 786 153 786 153 787 319 787 351 787 153 788 351 788 154 788 154 789 351 789 350 789 154 790 350 790 164 790 164 791 350 791 349 791 164 792 349 792 165 792 165 793 349 793 341 793 165 794 341 794 166 794 166 795 341 795 340 795 166 796 340 796 155 796 155 797 340 797 339 797 155 798 339 798 156 798 156 799 339 799 328 799 156 800 328 800 157 800 157 801 328 801 327 801 157 802 327 802 137 802 137 803 327 803 326 803 137 804 326 804 138 804 138 805 326 805 318 805 138 806 318 806 139 806 139 807 318 807 317 807 139 808 317 808 140 808 140 809 317 809 316 809 140 810 316 810 141 810 141 811 316 811 315 811 187 812 222 812 178 812 178 813 222 813 221 813 178 814 221 814 179 814 179 815 221 815 220 815 179 816 220 816 192 816 192 817 220 817 219 817 192 818 219 818 193 818 193 819 219 819 239 819 193 820 239 820 194 820 194 821 239 821 238 821 194 822 238 822 195 822 195 823 238 823 237 823 195 824 237 824 196 824 196 825 237 825 245 825 196 826 245 826 197 826 197 827 245 827 244 827 197 828 244 828 180 828 180 829 244 829 243 829 180 830 243 830 181 830 181 831 243 831 236 831 181 832 236 832 198 832 198 833 236 833 235 833 198 834 235 834 199 834 199 835 235 835 234 835 199 836 234 836 200 836 200 837 234 837 218 837 200 838 218 838 201 838 201 839 218 839 217 839 201 840 217 840 202 840 202 841 217 841 216 841 202 842 216 842 188 842 188 843 216 843 231 843 188 844 231 844 189 844 189 845 231 845 262 845 189 846 262 846 190 846 190 847 262 847 248 847 190 848 248 848 191 848 191 849 248 849 247 849 191 850 247 850 167 850 167 851 247 851 246 851 167 852 246 852 168 852 168 853 246 853 228 853 168 854 228 854 169 854 169 855 228 855 227 855 169 856 227 856 170 856 170 857 227 857 226 857 170 858 226 858 171 858 171 859 226 859 215 859 171 860 215 860 175 860 175 861 215 861 214 861 175 862 214 862 176 862 176 863 214 863 242 863 176 864 242 864 177 864 177 865 242 865 241 865 177 866 241 866 182 866 182 867 241 867 240 867 182 868 240 868 183 868 183 869 240 869 225 869 183 870 225 870 184 870 184 871 225 871 224 871 184 872 224 872 174 872 174 873 224 873 223 873 174 874 223 874 173 874 173 875 223 875 208 875 173 876 208 876 172 876 172 877 208 877 207 877 172 878 207 878 185 878 185 879 207 879 206 879 185 880 206 880 186 880 186 881 206 881 205 881 186 882 205 882 187 882 187 883 205 883 222 883 108 884 279 884 109 884 109 885 279 885 288 885 109 886 288 886 110 886 110 887 288 887 289 887 110 888 289 888 111 888 111 889 289 889 311 889 111 890 311 890 112 890 112 891 311 891 310 891 112 892 310 892 128 892 128 893 310 893 287 893 128 894 287 894 129 894 129 895 287 895 286 895 129 896 286 896 130 896 130 897 286 897 285 897 130 898 285 898 113 898 113 899 285 899 309 899 113 900 309 900 114 900 114 901 309 901 308 901 114 902 308 902 115 902 115 903 308 903 307 903 115 904 307 904 116 904 116 905 307 905 306 905 116 906 306 906 117 906 117 907 306 907 305 907 117 908 305 908 118 908 118 909 305 909 304 909 118 910 304 910 122 910 122 911 304 911 303 911 122 912 303 912 123 912 123 913 303 913 302 913 123 914 302 914 124 914 124 915 302 915 314 915 124 916 314 916 125 916 125 917 314 917 313 917 125 918 313 918 126 918 126 919 313 919 312 919 126 920 312 920 127 920 127 921 312 921 301 921 127 922 301 922 96 922 96 923 301 923 300 923 96 924 300 924 97 924 97 925 300 925 299 925 97 926 299 926 98 926 98 927 299 927 284 927 98 928 284 928 94 928 94 929 284 929 283 929 94 930 283 930 95 930 95 931 283 931 282 931 95 932 282 932 99 932 99 933 282 933 281 933 99 934 281 934 100 934 100 935 281 935 298 935 100 936 298 936 101 936 101 937 298 937 297 937 101 938 297 938 102 938 102 939 297 939 296 939 102 940 296 940 103 940 103 941 296 941 295 941 103 942 295 942 105 942 105 943 295 943 294 943 105 944 294 944 106 944 106 945 294 945 293 945 106 946 293 946 107 946 107 947 293 947 292 947 107 948 292 948 119 948 119 949 292 949 291 949 119 950 291 950 120 950 120 951 291 951 290 951 120 952 290 952 121 952 121 953 290 953 280 953 121 954 280 954 108 954 108 955 280 955 279 955 470 956 471 956 472 956 472 957 471 957 473 957 472 958 473 958 474 958 474 959 473 959 475 959 474 960 475 960 476 960 476 961 475 961 477 961 476 962 477 962 478 962 478 963 477 963 479 963 478 964 479 964 480 964 480 965 479 965 481 965 482 966 483 966 484 966 484 967 483 967 485 967 484 968 485 968 486 968 486 969 485 969 487 969 486 970 487 970 488 970 488 971 487 971 489 971 488 972 489 972 490 972 490 973 489 973 491 973 490 974 491 974 492 974 492 975 491 975 493 975 488 976 490 976 474 976 474 977 490 977 472 977 494 978 476 978 495 978 495 979 476 979 486 979 495 980 486 980 496 980 494 981 497 981 476 981 476 982 497 982 498 982 476 983 498 983 499 983 500 984 488 984 501 984 501 985 488 985 502 985 503 986 474 986 504 986 504 987 474 987 505 987 503 988 506 988 474 988 474 989 506 989 507 989 474 990 507 990 508 990 500 991 509 991 488 991 488 992 509 992 510 992 488 993 510 993 511 993 499 994 512 994 476 994 476 995 512 995 513 995 476 996 513 996 514 996 508 997 515 997 474 997 474 998 515 998 516 998 474 999 516 999 488 999 488 1000 516 1000 517 1000 488 1001 517 1001 502 1001 518 1002 519 1002 486 1002 486 1003 519 1003 520 1003 486 1004 520 1004 496 1004 514 1005 521 1005 476 1005 476 1006 521 1006 522 1006 476 1007 522 1007 474 1007 474 1008 522 1008 523 1008 474 1009 523 1009 505 1009 511 1010 524 1010 488 1010 488 1011 524 1011 525 1011 488 1012 525 1012 486 1012 486 1013 525 1013 526 1013 486 1014 526 1014 527 1014 527 1015 528 1015 486 1015 486 1016 528 1016 529 1016 486 1017 529 1017 518 1017 484 1018 486 1018 478 1018 478 1019 486 1019 476 1019 530 1020 531 1020 482 1020 532 1021 478 1021 533 1021 533 1022 478 1022 480 1022 533 1023 480 1023 534 1023 535 1024 536 1024 484 1024 532 1025 537 1025 478 1025 478 1026 537 1026 538 1026 478 1027 538 1027 539 1027 539 1028 540 1028 478 1028 478 1029 540 1029 541 1029 478 1030 541 1030 542 1030 536 1031 543 1031 484 1031 484 1032 543 1032 544 1032 484 1033 544 1033 482 1033 482 1034 544 1034 545 1034 482 1035 545 1035 530 1035 546 1036 547 1036 484 1036 484 1037 547 1037 548 1037 484 1038 548 1038 535 1038 542 1039 549 1039 478 1039 478 1040 549 1040 550 1040 478 1041 550 1041 484 1041 484 1042 550 1042 551 1042 484 1043 551 1043 546 1043 487 1044 485 1044 477 1044 477 1045 485 1045 479 1045 278 1046 277 1046 475 1046 475 1047 277 1047 273 1047 270 1048 269 1048 477 1048 269 1049 268 1049 477 1049 477 1050 268 1050 267 1050 477 1051 267 1051 487 1051 487 1052 267 1052 266 1052 266 1053 265 1053 487 1053 487 1054 265 1054 260 1054 487 1055 260 1055 261 1055 273 1056 272 1056 475 1056 475 1057 272 1057 271 1057 475 1058 271 1058 255 1058 261 1059 263 1059 487 1059 487 1060 263 1060 264 1060 487 1061 264 1061 233 1061 212 1062 489 1062 213 1062 213 1063 489 1063 487 1063 213 1064 487 1064 232 1064 232 1065 487 1065 233 1065 258 1066 274 1066 489 1066 489 1067 274 1067 257 1067 489 1068 257 1068 475 1068 475 1069 257 1069 256 1069 475 1070 256 1070 278 1070 477 1071 250 1071 249 1071 255 1072 253 1072 475 1072 475 1073 253 1073 252 1073 475 1074 252 1074 477 1074 477 1075 252 1075 251 1075 477 1076 251 1076 250 1076 249 1077 230 1077 477 1077 477 1078 230 1078 229 1078 477 1079 229 1079 270 1079 212 1080 210 1080 489 1080 489 1081 210 1081 209 1081 489 1082 209 1082 276 1082 276 1083 275 1083 489 1083 489 1084 275 1084 259 1084 489 1085 259 1085 258 1085 491 1086 489 1086 473 1086 473 1087 489 1087 475 1087 552 1088 553 1088 493 1088 554 1089 555 1089 491 1089 556 1090 473 1090 557 1090 557 1091 473 1091 471 1091 557 1092 471 1092 558 1092 556 1093 559 1093 473 1093 473 1094 559 1094 560 1094 473 1095 560 1095 561 1095 555 1096 562 1096 491 1096 491 1097 562 1097 563 1097 491 1098 563 1098 564 1098 564 1099 565 1099 491 1099 491 1100 565 1100 566 1100 491 1101 566 1101 493 1101 493 1102 566 1102 567 1102 493 1103 567 1103 552 1103 561 1104 568 1104 473 1104 473 1105 568 1105 569 1105 473 1106 569 1106 570 1106 570 1107 571 1107 473 1107 473 1108 571 1108 572 1108 473 1109 572 1109 491 1109 491 1110 572 1110 573 1110 491 1111 573 1111 554 1111 574 1112 470 1112 575 1112 575 1113 470 1113 472 1113 576 1114 577 1114 490 1114 578 1115 579 1115 472 1115 580 1116 581 1116 492 1116 492 1117 581 1117 582 1117 492 1118 582 1118 490 1118 490 1119 582 1119 583 1119 490 1120 583 1120 576 1120 577 1121 584 1121 490 1121 490 1122 584 1122 585 1122 490 1123 585 1123 586 1123 587 1124 575 1124 588 1124 588 1125 575 1125 472 1125 588 1126 472 1126 589 1126 589 1127 472 1127 590 1127 586 1128 591 1128 490 1128 490 1129 591 1129 592 1129 490 1130 592 1130 472 1130 472 1131 592 1131 593 1131 472 1132 593 1132 578 1132 579 1133 594 1133 472 1133 472 1134 594 1134 595 1134 472 1135 595 1135 590 1135 492 1136 493 1136 580 1136 580 1137 493 1137 553 1137 471 1138 470 1138 558 1138 558 1139 470 1139 574 1139 596 1140 481 1140 597 1140 597 1141 481 1141 479 1141 598 1142 599 1142 485 1142 600 1143 601 1143 479 1143 602 1144 603 1144 483 1144 483 1145 603 1145 604 1145 483 1146 604 1146 485 1146 485 1147 604 1147 605 1147 485 1148 605 1148 598 1148 599 1149 606 1149 485 1149 485 1150 606 1150 607 1150 485 1151 607 1151 608 1151 609 1152 597 1152 610 1152 610 1153 597 1153 479 1153 610 1154 479 1154 611 1154 611 1155 479 1155 612 1155 608 1156 613 1156 485 1156 485 1157 613 1157 614 1157 485 1158 614 1158 479 1158 479 1159 614 1159 615 1159 479 1160 615 1160 600 1160 601 1161 616 1161 479 1161 479 1162 616 1162 617 1162 479 1163 617 1163 612 1163 483 1164 482 1164 602 1164 602 1165 482 1165 531 1165 480 1166 481 1166 534 1166 534 1167 481 1167 596 1167 597 1168 609 1168 533 1168 533 1169 609 1169 532 1169 596 1170 597 1170 534 1170 534 1171 597 1171 533 1171 557 1172 558 1172 575 1172 575 1173 558 1173 574 1173 556 1174 557 1174 587 1174 587 1175 557 1175 575 1175 532 1176 609 1176 537 1176 537 1177 609 1177 610 1177 537 1178 610 1178 538 1178 538 1179 610 1179 611 1179 538 1180 611 1180 539 1180 539 1181 611 1181 612 1181 539 1182 612 1182 540 1182 540 1183 612 1183 617 1183 540 1184 617 1184 541 1184 541 1185 617 1185 616 1185 541 1186 616 1186 542 1186 542 1187 616 1187 601 1187 542 1188 601 1188 549 1188 549 1189 601 1189 600 1189 549 1190 600 1190 550 1190 550 1191 600 1191 615 1191 550 1192 615 1192 551 1192 551 1193 615 1193 614 1193 551 1194 614 1194 546 1194 546 1195 614 1195 613 1195 546 1196 613 1196 547 1196 547 1197 613 1197 608 1197 547 1198 608 1198 548 1198 548 1199 608 1199 607 1199 548 1200 607 1200 535 1200 535 1201 607 1201 606 1201 535 1202 606 1202 536 1202 536 1203 606 1203 599 1203 536 1204 599 1204 543 1204 543 1205 599 1205 598 1205 543 1206 598 1206 544 1206 544 1207 598 1207 605 1207 544 1208 605 1208 545 1208 545 1209 605 1209 604 1209 545 1210 604 1210 530 1210 530 1211 604 1211 603 1211 556 1212 587 1212 559 1212 559 1213 587 1213 588 1213 559 1214 588 1214 560 1214 560 1215 588 1215 589 1215 560 1216 589 1216 561 1216 561 1217 589 1217 590 1217 561 1218 590 1218 568 1218 568 1219 590 1219 595 1219 568 1220 595 1220 569 1220 569 1221 595 1221 594 1221 569 1222 594 1222 570 1222 570 1223 594 1223 579 1223 570 1224 579 1224 571 1224 571 1225 579 1225 578 1225 571 1226 578 1226 572 1226 572 1227 578 1227 593 1227 572 1228 593 1228 573 1228 573 1229 593 1229 592 1229 573 1230 592 1230 554 1230 554 1231 592 1231 591 1231 554 1232 591 1232 555 1232 555 1233 591 1233 586 1233 555 1234 586 1234 562 1234 562 1235 586 1235 585 1235 562 1236 585 1236 563 1236 563 1237 585 1237 584 1237 563 1238 584 1238 564 1238 564 1239 584 1239 577 1239 564 1240 577 1240 565 1240 565 1241 577 1241 576 1241 565 1242 576 1242 566 1242 566 1243 576 1243 583 1243 566 1244 583 1244 567 1244 567 1245 583 1245 582 1245 567 1246 582 1246 552 1246 552 1247 582 1247 581 1247 603 1248 602 1248 530 1248 530 1249 602 1249 531 1249 553 1250 552 1250 580 1250 580 1251 552 1251 581 1251 257 1252 516 1252 256 1252 256 1253 516 1253 515 1253 256 1254 515 1254 278 1254 278 1255 515 1255 508 1255 278 1256 508 1256 277 1256 277 1257 508 1257 507 1257 277 1258 507 1258 273 1258 273 1259 507 1259 506 1259 273 1260 506 1260 272 1260 272 1261 506 1261 503 1261 272 1262 503 1262 271 1262 271 1263 503 1263 504 1263 271 1264 504 1264 255 1264 255 1265 504 1265 505 1265 255 1266 505 1266 253 1266 253 1267 505 1267 523 1267 253 1268 523 1268 252 1268 252 1269 523 1269 522 1269 252 1270 522 1270 251 1270 251 1271 522 1271 521 1271 251 1272 521 1272 250 1272 250 1273 521 1273 514 1273 250 1274 514 1274 249 1274 249 1275 514 1275 513 1275 249 1276 513 1276 230 1276 230 1277 513 1277 512 1277 230 1278 512 1278 229 1278 229 1279 512 1279 499 1279 229 1280 499 1280 270 1280 270 1281 499 1281 498 1281 270 1282 498 1282 269 1282 269 1283 498 1283 497 1283 269 1284 497 1284 268 1284 268 1285 497 1285 494 1285 268 1286 494 1286 267 1286 267 1287 494 1287 495 1287 267 1288 495 1288 266 1288 266 1289 495 1289 496 1289 266 1290 496 1290 265 1290 265 1291 496 1291 520 1291 265 1292 520 1292 260 1292 260 1293 520 1293 519 1293 260 1294 519 1294 261 1294 261 1295 519 1295 518 1295 261 1296 518 1296 263 1296 263 1297 518 1297 529 1297 263 1298 529 1298 264 1298 264 1299 529 1299 528 1299 264 1300 528 1300 233 1300 233 1301 528 1301 527 1301 233 1302 527 1302 232 1302 232 1303 527 1303 526 1303 232 1304 526 1304 213 1304 213 1305 526 1305 525 1305 213 1306 525 1306 212 1306 212 1307 525 1307 524 1307 212 1308 524 1308 210 1308 210 1309 524 1309 511 1309 210 1310 511 1310 209 1310 209 1311 511 1311 510 1311 209 1312 510 1312 276 1312 276 1313 510 1313 509 1313 276 1314 509 1314 275 1314 275 1315 509 1315 500 1315 275 1316 500 1316 259 1316 259 1317 500 1317 501 1317 259 1318 501 1318 258 1318 258 1319 501 1319 502 1319 258 1320 502 1320 274 1320 274 1321 502 1321 517 1321 274 1322 517 1322 257 1322 257 1323 517 1323 516 1323 618 1324 619 1324 620 1324 620 1325 619 1325 621 1325 622 1326 623 1326 624 1326 622 1327 624 1327 625 1327 625 1328 624 1328 626 1328 625 1329 626 1329 627 1329 627 1330 626 1330 628 1330 627 1331 628 1331 629 1331 629 1332 628 1332 630 1332 629 1333 630 1333 631 1333 631 1334 630 1334 632 1334 631 1335 632 1335 633 1335 633 1336 632 1336 634 1336 633 1337 634 1337 635 1337 635 1338 634 1338 636 1338 635 1339 636 1339 637 1339 637 1340 636 1340 638 1340 637 1341 638 1341 639 1341 639 1342 638 1342 618 1342 639 1343 618 1343 620 1343 640 1344 641 1344 642 1344 640 1345 642 1345 643 1345 643 1346 642 1346 644 1346 643 1347 644 1347 645 1347 645 1348 644 1348 646 1348 645 1349 646 1349 647 1349 647 1350 646 1350 648 1350 647 1351 648 1351 649 1351 649 1352 648 1352 650 1352 649 1353 650 1353 651 1353 651 1354 650 1354 652 1354 651 1355 652 1355 653 1355 653 1356 652 1356 654 1356 653 1357 654 1357 655 1357 655 1358 654 1358 656 1358 655 1359 656 1359 657 1359 657 1360 656 1360 658 1360 657 1361 658 1361 659 1361 660 1362 661 1362 662 1362 660 1363 662 1363 663 1363 663 1364 662 1364 664 1364 663 1365 664 1365 665 1365 665 1366 664 1366 666 1366 665 1367 666 1367 667 1367 667 1368 666 1368 668 1368 667 1369 668 1369 669 1369 669 1370 668 1370 670 1370 669 1371 670 1371 671 1371 671 1372 670 1372 672 1372 671 1373 672 1373 673 1373 673 1374 672 1374 674 1374 673 1375 674 1375 675 1375 675 1376 674 1376 676 1376 675 1377 676 1377 677 1377 677 1378 676 1378 678 1378 677 1379 678 1379 679 1379 678 1380 641 1380 679 1380 679 1381 641 1381 640 1381 621 1382 619 1382 680 1382 621 1383 680 1383 681 1383 681 1384 680 1384 682 1384 681 1385 682 1385 683 1385 683 1386 682 1386 684 1386 683 1387 684 1387 685 1387 685 1388 684 1388 686 1388 685 1389 686 1389 687 1389 687 1390 686 1390 688 1390 687 1391 688 1391 689 1391 689 1392 688 1392 690 1392 689 1393 690 1393 691 1393 691 1394 690 1394 692 1394 691 1395 692 1395 693 1395 693 1396 692 1396 694 1396 693 1397 694 1397 695 1397 695 1398 694 1398 696 1398 695 1399 696 1399 697 1399 696 1400 623 1400 661 1400 661 1401 623 1401 658 1401 646 1402 644 1402 658 1402 696 1403 680 1403 619 1403 696 1404 619 1404 623 1404 644 1405 642 1405 658 1405 658 1406 642 1406 641 1406 658 1407 641 1407 661 1407 661 1408 641 1408 678 1408 619 1409 618 1409 623 1409 623 1410 638 1410 636 1410 694 1411 692 1411 690 1411 654 1412 652 1412 656 1412 656 1413 652 1413 650 1413 656 1414 650 1414 658 1414 658 1415 650 1415 648 1415 658 1416 648 1416 646 1416 690 1417 688 1417 694 1417 694 1418 688 1418 686 1418 694 1419 686 1419 696 1419 696 1420 684 1420 682 1420 636 1421 634 1421 623 1421 630 1422 628 1422 623 1422 672 1423 670 1423 661 1423 661 1424 668 1424 662 1424 662 1425 668 1425 666 1425 662 1426 666 1426 664 1426 698 1427 697 1427 699 1427 699 1428 697 1428 696 1428 699 1429 696 1429 700 1429 700 1430 696 1430 661 1430 700 1431 661 1431 701 1431 701 1432 661 1432 660 1432 702 1433 703 1433 701 1433 701 1434 703 1434 700 1434 703 1435 704 1435 700 1435 700 1436 704 1436 699 1436 704 1437 705 1437 699 1437 699 1438 705 1438 698 1438 697 1439 698 1439 705 1439 659 1440 706 1440 707 1440 705 1441 620 1441 697 1441 697 1442 620 1442 621 1442 697 1443 621 1443 681 1443 701 1444 659 1444 702 1444 702 1445 659 1445 707 1445 702 1446 707 1446 705 1446 705 1447 707 1447 708 1447 705 1448 708 1448 620 1448 697 1449 683 1449 685 1449 701 1450 660 1450 659 1450 659 1451 660 1451 679 1451 659 1452 679 1452 640 1452 687 1453 689 1453 691 1453 708 1454 709 1454 620 1454 620 1455 709 1455 622 1455 620 1456 622 1456 639 1456 639 1457 622 1457 637 1457 673 1458 675 1458 660 1458 660 1459 675 1459 677 1459 660 1460 677 1460 679 1460 691 1461 693 1461 687 1461 687 1462 693 1462 695 1462 665 1463 667 1463 663 1463 663 1464 667 1464 669 1464 663 1465 669 1465 660 1465 660 1466 669 1466 671 1466 660 1467 671 1467 673 1467 640 1468 643 1468 659 1468 659 1469 643 1469 645 1469 659 1470 645 1470 647 1470 647 1471 649 1471 659 1471 659 1472 649 1472 651 1472 659 1473 651 1473 657 1473 657 1474 651 1474 653 1474 657 1475 653 1475 655 1475 625 1476 627 1476 622 1476 622 1477 627 1477 629 1477 622 1478 629 1478 631 1478 631 1479 633 1479 622 1479 622 1480 633 1480 635 1480 622 1481 635 1481 637 1481 705 1482 704 1482 702 1482 702 1483 704 1483 703 1483 710 1484 706 1484 659 1484 623 1485 622 1485 709 1485 709 1486 711 1486 623 1486 623 1487 711 1487 710 1487 623 1488 710 1488 658 1488 658 1489 710 1489 659 1489 712 1490 708 1490 713 1490 713 1491 708 1491 707 1491 713 1492 707 1492 710 1492 710 1493 707 1493 706 1493 712 1494 713 1494 711 1494 711 1495 713 1495 710 1495 708 1496 712 1496 709 1496 709 1497 712 1497 711 1497 714 1498 715 1498 716 1498 716 1499 715 1499 717 1499 716 1500 717 1500 718 1500 719 1501 720 1501 721 1501 721 1502 720 1502 722 1502 721 1503 722 1503 714 1503 714 1504 722 1504 723 1504 714 1505 723 1505 715 1505 724 1506 725 1506 726 1506 726 1507 725 1507 727 1507 726 1508 727 1508 728 1508 729 1509 730 1509 724 1509 724 1510 730 1510 731 1510 724 1511 731 1511 725 1511 732 1512 733 1512 734 1512 734 1513 733 1513 735 1513 734 1514 735 1514 736 1514 737 1515 738 1515 719 1515 719 1516 738 1516 739 1516 719 1517 739 1517 720 1517 740 1518 741 1518 729 1518 729 1519 741 1519 742 1519 729 1520 742 1520 730 1520 743 1521 744 1521 745 1521 745 1522 744 1522 746 1522 745 1523 746 1523 747 1523 748 1524 749 1524 750 1524 750 1525 749 1525 751 1525 750 1526 751 1526 743 1526 743 1527 751 1527 752 1527 743 1528 752 1528 744 1528 735 1529 753 1529 736 1529 736 1530 753 1530 754 1530 736 1531 754 1531 748 1531 748 1532 754 1532 755 1532 748 1533 755 1533 749 1533 717 1534 756 1534 718 1534 718 1535 756 1535 757 1535 718 1536 757 1536 758 1536 727 1537 759 1537 728 1537 728 1538 759 1538 760 1538 728 1539 760 1539 761 1539 761 1540 760 1540 762 1540 761 1541 762 1541 737 1541 737 1542 762 1542 763 1542 737 1543 763 1543 738 1543 764 1544 765 1544 740 1544 740 1545 765 1545 766 1545 740 1546 766 1546 741 1546 767 1547 768 1547 769 1547 769 1548 768 1548 770 1548 769 1549 770 1549 771 1549 772 1550 773 1550 774 1550 774 1551 773 1551 775 1551 774 1552 775 1552 776 1552 746 1553 777 1553 747 1553 747 1554 777 1554 778 1554 747 1555 778 1555 779 1555 779 1556 778 1556 780 1556 779 1557 780 1557 781 1557 782 1558 783 1558 784 1558 784 1559 783 1559 785 1559 784 1560 785 1560 732 1560 732 1561 785 1561 786 1561 732 1562 786 1562 733 1562 757 1563 787 1563 758 1563 758 1564 787 1564 788 1564 758 1565 788 1565 789 1565 789 1566 788 1566 790 1566 789 1567 790 1567 782 1567 782 1568 790 1568 791 1568 782 1569 791 1569 783 1569 770 1570 792 1570 771 1570 771 1571 792 1571 793 1571 771 1572 793 1572 794 1572 794 1573 793 1573 795 1573 794 1574 795 1574 764 1574 764 1575 795 1575 796 1575 764 1576 796 1576 765 1576 775 1577 797 1577 776 1577 776 1578 797 1578 798 1578 776 1579 798 1579 799 1579 799 1580 798 1580 800 1580 799 1581 800 1581 801 1581 780 1582 802 1582 781 1582 781 1583 802 1583 803 1583 781 1584 803 1584 772 1584 772 1585 803 1585 804 1585 772 1586 804 1586 773 1586 800 1587 805 1587 801 1587 801 1588 805 1588 806 1588 801 1589 806 1589 767 1589 767 1590 806 1590 807 1590 767 1591 807 1591 768 1591 808 1592 754 1592 809 1592 809 1593 754 1593 753 1593 809 1594 753 1594 810 1594 810 1595 753 1595 735 1595 810 1596 735 1596 811 1596 811 1597 735 1597 733 1597 811 1598 733 1598 812 1598 812 1599 733 1599 786 1599 812 1600 786 1600 813 1600 813 1601 786 1601 785 1601 813 1602 785 1602 814 1602 814 1603 785 1603 783 1603 814 1604 783 1604 815 1604 815 1605 783 1605 791 1605 815 1606 791 1606 816 1606 816 1607 791 1607 790 1607 816 1608 790 1608 817 1608 817 1609 790 1609 788 1609 817 1610 788 1610 818 1610 818 1611 788 1611 787 1611 818 1612 787 1612 819 1612 819 1613 787 1613 757 1613 819 1614 757 1614 820 1614 820 1615 757 1615 756 1615 820 1616 756 1616 821 1616 821 1617 756 1617 717 1617 821 1618 717 1618 822 1618 822 1619 717 1619 715 1619 822 1620 715 1620 823 1620 823 1621 715 1621 723 1621 823 1622 723 1622 824 1622 824 1623 723 1623 722 1623 824 1624 722 1624 825 1624 825 1625 722 1625 720 1625 825 1626 720 1626 826 1626 826 1627 720 1627 739 1627 826 1628 739 1628 827 1628 827 1629 739 1629 738 1629 827 1630 738 1630 828 1630 828 1631 738 1631 763 1631 828 1632 763 1632 829 1632 829 1633 763 1633 762 1633 829 1634 762 1634 830 1634 830 1635 762 1635 760 1635 830 1636 760 1636 831 1636 831 1637 760 1637 759 1637 831 1638 759 1638 832 1638 832 1639 759 1639 727 1639 832 1640 727 1640 833 1640 833 1641 727 1641 725 1641 833 1642 725 1642 834 1642 834 1643 725 1643 731 1643 834 1644 731 1644 835 1644 835 1645 731 1645 730 1645 835 1646 730 1646 836 1646 836 1647 730 1647 742 1647 836 1648 742 1648 837 1648 837 1649 742 1649 741 1649 837 1650 741 1650 838 1650 838 1651 741 1651 766 1651 838 1652 766 1652 839 1652 839 1653 766 1653 765 1653 839 1654 765 1654 840 1654 840 1655 765 1655 796 1655 840 1656 796 1656 841 1656 841 1657 796 1657 795 1657 841 1658 795 1658 842 1658 842 1659 795 1659 793 1659 842 1660 793 1660 843 1660 843 1661 793 1661 792 1661 843 1662 792 1662 844 1662 844 1663 792 1663 770 1663 844 1664 770 1664 845 1664 845 1665 770 1665 768 1665 845 1666 768 1666 846 1666 846 1667 768 1667 807 1667 846 1668 807 1668 847 1668 847 1669 807 1669 806 1669 847 1670 806 1670 848 1670 848 1671 806 1671 805 1671 848 1672 805 1672 849 1672 849 1673 805 1673 800 1673 849 1674 800 1674 850 1674 850 1675 800 1675 798 1675 850 1676 798 1676 851 1676 851 1677 798 1677 797 1677 851 1678 797 1678 852 1678 852 1679 797 1679 775 1679 852 1680 775 1680 853 1680 853 1681 775 1681 773 1681 853 1682 773 1682 854 1682 854 1683 773 1683 804 1683 854 1684 804 1684 855 1684 855 1685 804 1685 803 1685 855 1686 803 1686 856 1686 856 1687 803 1687 802 1687 856 1688 802 1688 857 1688 857 1689 802 1689 780 1689 857 1690 780 1690 858 1690 858 1691 780 1691 778 1691 858 1692 778 1692 859 1692 859 1693 778 1693 777 1693 859 1694 777 1694 860 1694 860 1695 777 1695 746 1695 860 1696 746 1696 861 1696 861 1697 746 1697 744 1697 861 1698 744 1698 862 1698 862 1699 744 1699 752 1699 862 1700 752 1700 863 1700 863 1701 752 1701 751 1701 863 1702 751 1702 864 1702 864 1703 751 1703 749 1703 864 1704 749 1704 865 1704 865 1705 749 1705 755 1705 865 1706 755 1706 808 1706 808 1707 755 1707 754 1707 810 1708 866 1708 809 1708 809 1709 866 1709 867 1709 809 1710 867 1710 808 1710 808 1711 867 1711 868 1711 808 1712 868 1712 865 1712 865 1713 868 1713 869 1713 865 1714 869 1714 864 1714 869 1715 870 1715 864 1715 864 1716 870 1716 871 1716 864 1717 871 1717 863 1717 863 1718 871 1718 872 1718 863 1719 872 1719 862 1719 862 1720 872 1720 873 1720 862 1721 873 1721 861 1721 861 1722 873 1722 874 1722 861 1723 874 1723 860 1723 874 1724 875 1724 860 1724 860 1725 875 1725 876 1725 860 1726 876 1726 859 1726 859 1727 876 1727 877 1727 859 1728 877 1728 858 1728 858 1729 877 1729 878 1729 858 1730 878 1730 857 1730 853 1731 879 1731 852 1731 852 1732 879 1732 880 1732 852 1733 880 1733 851 1733 851 1734 880 1734 881 1734 851 1735 881 1735 850 1735 850 1736 881 1736 882 1736 850 1737 882 1737 849 1737 841 1738 883 1738 840 1738 840 1739 883 1739 884 1739 840 1740 884 1740 839 1740 839 1741 884 1741 885 1741 839 1742 885 1742 838 1742 838 1743 885 1743 886 1743 838 1744 886 1744 837 1744 837 1745 886 1745 887 1745 837 1746 887 1746 836 1746 836 1747 887 1747 888 1747 836 1748 888 1748 835 1748 835 1749 888 1749 889 1749 835 1750 889 1750 834 1750 834 1751 889 1751 890 1751 834 1752 890 1752 833 1752 878 1753 891 1753 857 1753 857 1754 891 1754 892 1754 857 1755 892 1755 856 1755 856 1756 892 1756 893 1756 856 1757 893 1757 855 1757 855 1758 893 1758 894 1758 855 1759 894 1759 854 1759 854 1760 894 1760 895 1760 854 1761 895 1761 853 1761 853 1762 895 1762 896 1762 853 1763 896 1763 879 1763 882 1764 897 1764 849 1764 849 1765 897 1765 898 1765 849 1766 898 1766 848 1766 848 1767 898 1767 899 1767 848 1768 899 1768 847 1768 847 1769 899 1769 900 1769 847 1770 900 1770 846 1770 846 1771 900 1771 901 1771 846 1772 901 1772 845 1772 890 1773 902 1773 833 1773 833 1774 902 1774 903 1774 833 1775 903 1775 832 1775 832 1776 903 1776 904 1776 832 1777 904 1777 831 1777 831 1778 904 1778 905 1778 831 1779 905 1779 830 1779 830 1780 905 1780 906 1780 830 1781 906 1781 829 1781 901 1782 907 1782 845 1782 845 1783 907 1783 908 1783 845 1784 908 1784 844 1784 844 1785 908 1785 909 1785 844 1786 909 1786 843 1786 843 1787 909 1787 910 1787 843 1788 910 1788 842 1788 842 1789 910 1789 911 1789 842 1790 911 1790 841 1790 841 1791 911 1791 912 1791 841 1792 912 1792 883 1792 814 1793 913 1793 813 1793 813 1794 913 1794 914 1794 813 1795 914 1795 812 1795 812 1796 914 1796 915 1796 812 1797 915 1797 811 1797 811 1798 915 1798 916 1798 811 1799 916 1799 810 1799 810 1800 916 1800 917 1800 810 1801 917 1801 866 1801 817 1802 918 1802 816 1802 816 1803 918 1803 919 1803 816 1804 919 1804 815 1804 815 1805 919 1805 920 1805 815 1806 920 1806 814 1806 814 1807 920 1807 921 1807 814 1808 921 1808 913 1808 825 1809 922 1809 824 1809 824 1810 922 1810 923 1810 824 1811 923 1811 823 1811 823 1812 923 1812 924 1812 823 1813 924 1813 822 1813 822 1814 924 1814 925 1814 822 1815 925 1815 821 1815 925 1816 926 1816 821 1816 821 1817 926 1817 927 1817 821 1818 927 1818 820 1818 820 1819 927 1819 928 1819 820 1820 928 1820 819 1820 819 1821 928 1821 929 1821 819 1822 929 1822 818 1822 818 1823 929 1823 930 1823 818 1824 930 1824 817 1824 817 1825 930 1825 931 1825 817 1826 931 1826 918 1826 906 1827 932 1827 829 1827 829 1828 932 1828 933 1828 829 1829 933 1829 828 1829 828 1830 933 1830 934 1830 828 1831 934 1831 827 1831 827 1832 934 1832 935 1832 827 1833 935 1833 826 1833 826 1834 935 1834 936 1834 826 1835 936 1835 825 1835 825 1836 936 1836 937 1836 825 1837 937 1837 922 1837 736 1838 748 1838 938 1838 938 1839 939 1839 736 1839 736 1840 939 1840 940 1840 736 1841 940 1841 734 1841 940 1842 941 1842 734 1842 734 1843 941 1843 942 1843 734 1844 942 1844 732 1844 942 1845 943 1845 732 1845 732 1846 943 1846 944 1846 732 1847 944 1847 784 1847 944 1848 945 1848 784 1848 784 1849 945 1849 946 1849 784 1850 946 1850 782 1850 946 1851 947 1851 782 1851 782 1852 947 1852 948 1852 782 1853 948 1853 789 1853 948 1854 949 1854 789 1854 789 1855 949 1855 950 1855 789 1856 950 1856 758 1856 950 1857 951 1857 758 1857 758 1858 951 1858 952 1858 758 1859 952 1859 718 1859 952 1860 953 1860 718 1860 718 1861 953 1861 954 1861 718 1862 954 1862 716 1862 954 1863 955 1863 716 1863 716 1864 955 1864 956 1864 716 1865 956 1865 714 1865 956 1866 957 1866 714 1866 714 1867 957 1867 958 1867 714 1868 958 1868 721 1868 958 1869 959 1869 721 1869 721 1870 959 1870 960 1870 721 1871 960 1871 719 1871 960 1872 961 1872 719 1872 719 1873 961 1873 962 1873 719 1874 962 1874 737 1874 962 1875 963 1875 737 1875 737 1876 963 1876 964 1876 737 1877 964 1877 761 1877 964 1878 965 1878 761 1878 761 1879 965 1879 966 1879 761 1880 966 1880 728 1880 966 1881 967 1881 728 1881 728 1882 967 1882 968 1882 728 1883 968 1883 726 1883 968 1884 969 1884 726 1884 726 1885 969 1885 970 1885 726 1886 970 1886 724 1886 970 1887 971 1887 724 1887 724 1888 971 1888 972 1888 724 1889 972 1889 729 1889 972 1890 973 1890 729 1890 729 1891 973 1891 974 1891 729 1892 974 1892 740 1892 974 1893 975 1893 740 1893 740 1894 975 1894 976 1894 740 1895 976 1895 764 1895 976 1896 977 1896 764 1896 764 1897 977 1897 978 1897 764 1898 978 1898 794 1898 978 1899 979 1899 794 1899 794 1900 979 1900 980 1900 794 1901 980 1901 771 1901 980 1902 981 1902 771 1902 771 1903 981 1903 982 1903 771 1904 982 1904 769 1904 982 1905 983 1905 769 1905 769 1906 983 1906 984 1906 769 1907 984 1907 767 1907 984 1908 985 1908 767 1908 767 1909 985 1909 986 1909 767 1910 986 1910 801 1910 986 1911 987 1911 801 1911 801 1912 987 1912 988 1912 801 1913 988 1913 799 1913 988 1914 989 1914 799 1914 799 1915 989 1915 990 1915 799 1916 990 1916 776 1916 990 1917 991 1917 776 1917 776 1918 991 1918 992 1918 776 1919 992 1919 774 1919 992 1920 993 1920 774 1920 774 1921 993 1921 994 1921 774 1922 994 1922 772 1922 994 1923 995 1923 772 1923 772 1924 995 1924 996 1924 772 1925 996 1925 781 1925 996 1926 997 1926 781 1926 781 1927 997 1927 998 1927 781 1928 998 1928 779 1928 998 1929 999 1929 779 1929 779 1930 999 1930 1000 1930 779 1931 1000 1931 747 1931 1000 1932 1001 1932 747 1932 747 1933 1001 1933 1002 1933 747 1934 1002 1934 745 1934 1002 1935 1003 1935 745 1935 745 1936 1003 1936 1004 1936 745 1937 1004 1937 743 1937 1004 1938 1005 1938 743 1938 743 1939 1005 1939 1006 1939 743 1940 1006 1940 750 1940 1006 1941 1007 1941 750 1941 750 1942 1007 1942 1008 1942 750 1943 1008 1943 748 1943 748 1944 1008 1944 1009 1944 748 1945 1009 1945 938 1945 938 1946 867 1946 939 1946 939 1947 867 1947 866 1947 939 1948 866 1948 940 1948 940 1949 866 1949 917 1949 940 1950 917 1950 941 1950 941 1951 917 1951 916 1951 941 1952 916 1952 942 1952 942 1953 916 1953 915 1953 942 1954 915 1954 943 1954 943 1955 915 1955 914 1955 943 1956 914 1956 944 1956 944 1957 914 1957 913 1957 944 1958 913 1958 945 1958 945 1959 913 1959 921 1959 945 1960 921 1960 946 1960 946 1961 921 1961 920 1961 946 1962 920 1962 947 1962 947 1963 920 1963 919 1963 947 1964 919 1964 948 1964 948 1965 919 1965 918 1965 948 1966 918 1966 949 1966 949 1967 918 1967 931 1967 949 1968 931 1968 950 1968 950 1969 931 1969 930 1969 950 1970 930 1970 951 1970 951 1971 930 1971 929 1971 951 1972 929 1972 952 1972 952 1973 929 1973 928 1973 952 1974 928 1974 953 1974 953 1975 928 1975 927 1975 953 1976 927 1976 954 1976 954 1977 927 1977 926 1977 954 1978 926 1978 955 1978 955 1979 926 1979 925 1979 955 1980 925 1980 956 1980 956 1981 925 1981 924 1981 956 1982 924 1982 957 1982 957 1983 924 1983 923 1983 957 1984 923 1984 958 1984 958 1985 923 1985 922 1985 958 1986 922 1986 959 1986 959 1987 922 1987 937 1987 959 1988 937 1988 960 1988 960 1989 937 1989 936 1989 960 1990 936 1990 961 1990 961 1991 936 1991 935 1991 961 1992 935 1992 962 1992 962 1993 935 1993 934 1993 962 1994 934 1994 963 1994 963 1995 934 1995 933 1995 963 1996 933 1996 964 1996 964 1997 933 1997 932 1997 964 1998 932 1998 965 1998 965 1999 932 1999 906 1999 965 2000 906 2000 966 2000 966 2001 906 2001 905 2001 966 2002 905 2002 967 2002 967 2003 905 2003 904 2003 967 2004 904 2004 968 2004 968 2005 904 2005 903 2005 968 2006 903 2006 969 2006 969 2007 903 2007 902 2007 969 2008 902 2008 970 2008 970 2009 902 2009 890 2009 970 2010 890 2010 971 2010 971 2011 890 2011 889 2011 971 2012 889 2012 972 2012 972 2013 889 2013 888 2013 972 2014 888 2014 973 2014 973 2015 888 2015 887 2015 973 2016 887 2016 974 2016 974 2017 887 2017 886 2017 974 2018 886 2018 975 2018 975 2019 886 2019 885 2019 975 2020 885 2020 976 2020 976 2021 885 2021 884 2021 976 2022 884 2022 977 2022 977 2023 884 2023 883 2023 977 2024 883 2024 978 2024 978 2025 883 2025 912 2025 978 2026 912 2026 979 2026 979 2027 912 2027 911 2027 979 2028 911 2028 980 2028 980 2029 911 2029 910 2029 980 2030 910 2030 981 2030 981 2031 910 2031 909 2031 981 2032 909 2032 982 2032 982 2033 909 2033 908 2033 982 2034 908 2034 983 2034 983 2035 908 2035 907 2035 983 2036 907 2036 984 2036 984 2037 907 2037 901 2037 984 2038 901 2038 985 2038 985 2039 901 2039 900 2039 985 2040 900 2040 986 2040 986 2041 900 2041 899 2041 986 2042 899 2042 987 2042 987 2043 899 2043 898 2043 987 2044 898 2044 988 2044 988 2045 898 2045 897 2045 988 2046 897 2046 989 2046 989 2047 897 2047 882 2047 989 2048 882 2048 990 2048 990 2049 882 2049 881 2049 990 2050 881 2050 991 2050 991 2051 881 2051 880 2051 991 2052 880 2052 992 2052 992 2053 880 2053 879 2053 992 2054 879 2054 993 2054 993 2055 879 2055 896 2055 993 2056 896 2056 994 2056 994 2057 896 2057 895 2057 994 2058 895 2058 995 2058 995 2059 895 2059 894 2059 995 2060 894 2060 996 2060 996 2061 894 2061 893 2061 996 2062 893 2062 997 2062 997 2063 893 2063 892 2063 997 2064 892 2064 998 2064 998 2065 892 2065 891 2065 998 2066 891 2066 999 2066 999 2067 891 2067 878 2067 999 2068 878 2068 1000 2068 1000 2069 878 2069 877 2069 1000 2070 877 2070 1001 2070 1001 2071 877 2071 876 2071 1001 2072 876 2072 1002 2072 1002 2073 876 2073 875 2073 1002 2074 875 2074 1003 2074 1003 2075 875 2075 874 2075 1003 2076 874 2076 1004 2076 1004 2077 874 2077 873 2077 1004 2078 873 2078 1005 2078 1005 2079 873 2079 872 2079 1005 2080 872 2080 1006 2080 1006 2081 872 2081 871 2081 1006 2082 871 2082 1007 2082 1007 2083 871 2083 870 2083 1007 2084 870 2084 1008 2084 1008 2085 870 2085 869 2085 1008 2086 869 2086 1009 2086 1009 2087 869 2087 868 2087 1009 2088 868 2088 938 2088 938 2089 868 2089 867 2089 1010 2090 1011 2090 1012 2090 1013 2091 1014 2091 1015 2091 1015 2092 1014 2092 1016 2092 1017 2093 1018 2093 1019 2093 1020 2094 1021 2094 1022 2094 1022 2095 1021 2095 1023 2095 1024 2096 1025 2096 1014 2096 1026 2097 1027 2097 1028 2097 1029 2098 1030 2098 1031 2098 1032 2099 1033 2099 1026 2099 1022 2100 1034 2100 1035 2100 1022 2101 1035 2101 1012 2101 1012 2102 1035 2102 1036 2102 1012 2103 1036 2103 1010 2103 1018 2104 1037 2104 1019 2104 1019 2105 1037 2105 1038 2105 1019 2106 1038 2106 1039 2106 1025 2107 1040 2107 1014 2107 1014 2108 1040 2108 1041 2108 1014 2109 1041 2109 1016 2109 1042 2110 1043 2110 1031 2110 1031 2111 1043 2111 1044 2111 1031 2112 1044 2112 1045 2112 1045 2113 1046 2113 1031 2113 1031 2114 1046 2114 1047 2114 1031 2115 1047 2115 1019 2115 1019 2116 1047 2116 1048 2116 1019 2117 1048 2117 1017 2117 1028 2118 1049 2118 1026 2118 1026 2119 1049 2119 1050 2119 1026 2120 1050 2120 1031 2120 1031 2121 1050 2121 1051 2121 1031 2122 1051 2122 1029 2122 1030 2123 1052 2123 1031 2123 1031 2124 1052 2124 1053 2124 1031 2125 1053 2125 1042 2125 1011 2126 1054 2126 1012 2126 1012 2127 1054 2127 1055 2127 1012 2128 1055 2128 1056 2128 1032 2129 1026 2129 1057 2129 1033 2130 1058 2130 1026 2130 1026 2131 1058 2131 1059 2131 1026 2132 1059 2132 1027 2132 1023 2133 1060 2133 1022 2133 1022 2134 1060 2134 1061 2134 1022 2135 1061 2135 1034 2135 1062 2136 1063 2136 1022 2136 1022 2137 1063 2137 1064 2137 1022 2138 1064 2138 1020 2138 1039 2139 1065 2139 1019 2139 1019 2140 1065 2140 1066 2140 1019 2141 1066 2141 1014 2141 1014 2142 1066 2142 1067 2142 1014 2143 1067 2143 1024 2143 1056 2144 1068 2144 1012 2144 1012 2145 1068 2145 1069 2145 1012 2146 1069 2146 1026 2146 1026 2147 1069 2147 1070 2147 1026 2148 1070 2148 1057 2148 1013 2149 1071 2149 1014 2149 1014 2150 1071 2150 1072 2150 1014 2151 1072 2151 1022 2151 1022 2152 1072 2152 1073 2152 1022 2153 1073 2153 1062 2153 1074 2154 1075 2154 1076 2154 1077 2155 1078 2155 1079 2155 1080 2156 1081 2156 1082 2156 1082 2157 1081 2157 1083 2157 1082 2158 1083 2158 1084 2158 1085 2159 1086 2159 1082 2159 1085 2160 1087 2160 1086 2160 1086 2161 1087 2161 1088 2161 1086 2162 1088 2162 1089 2162 1090 2163 1091 2163 1082 2163 1082 2164 1091 2164 1092 2164 1082 2165 1092 2165 1080 2165 1093 2166 1094 2166 1076 2166 1095 2167 1096 2167 1097 2167 1078 2168 1098 2168 1079 2168 1079 2169 1098 2169 1099 2169 1079 2170 1099 2170 1100 2170 1084 2171 1101 2171 1082 2171 1082 2172 1101 2172 1102 2172 1082 2173 1102 2173 1085 2173 1075 2174 1103 2174 1076 2174 1076 2175 1103 2175 1104 2175 1076 2176 1104 2176 1082 2176 1082 2177 1104 2177 1105 2177 1082 2178 1105 2178 1090 2178 1093 2179 1076 2179 1106 2179 1094 2180 1107 2180 1076 2180 1076 2181 1107 2181 1108 2181 1076 2182 1108 2182 1074 2182 1096 2183 1109 2183 1097 2183 1097 2184 1109 2184 1110 2184 1097 2185 1110 2185 1111 2185 1100 2186 1112 2186 1079 2186 1079 2187 1112 2187 1113 2187 1079 2188 1113 2188 1114 2188 1114 2189 1115 2189 1079 2189 1079 2190 1115 2190 1116 2190 1079 2191 1116 2191 1097 2191 1097 2192 1116 2192 1117 2192 1097 2193 1117 2193 1095 2193 1118 2194 1119 2194 1120 2194 1120 2195 1119 2195 1121 2195 1120 2196 1121 2196 1122 2196 1089 2197 1123 2197 1086 2197 1086 2198 1123 2198 1124 2198 1086 2199 1124 2199 1125 2199 1111 2200 1126 2200 1097 2200 1097 2201 1126 2201 1127 2201 1097 2202 1127 2202 1076 2202 1076 2203 1127 2203 1128 2203 1076 2204 1128 2204 1106 2204 1122 2205 1129 2205 1120 2205 1120 2206 1129 2206 1130 2206 1120 2207 1130 2207 1079 2207 1079 2208 1130 2208 1131 2208 1079 2209 1131 2209 1077 2209 1125 2210 1132 2210 1086 2210 1086 2211 1132 2211 1133 2211 1086 2212 1133 2212 1120 2212 1120 2213 1133 2213 1134 2213 1120 2214 1134 2214 1135 2214 1135 2215 1136 2215 1120 2215 1120 2216 1136 2216 1137 2216 1120 2217 1137 2217 1118 2217 1054 2218 1089 2218 1055 2218 1055 2219 1089 2219 1088 2219 1055 2220 1088 2220 1056 2220 1056 2221 1088 2221 1087 2221 1056 2222 1087 2222 1068 2222 1068 2223 1087 2223 1085 2223 1068 2224 1085 2224 1069 2224 1069 2225 1085 2225 1102 2225 1069 2226 1102 2226 1070 2226 1070 2227 1102 2227 1101 2227 1070 2228 1101 2228 1057 2228 1057 2229 1101 2229 1084 2229 1057 2230 1084 2230 1032 2230 1032 2231 1084 2231 1083 2231 1032 2232 1083 2232 1033 2232 1033 2233 1083 2233 1081 2233 1033 2234 1081 2234 1058 2234 1058 2235 1081 2235 1080 2235 1058 2236 1080 2236 1059 2236 1059 2237 1080 2237 1092 2237 1059 2238 1092 2238 1027 2238 1027 2239 1092 2239 1091 2239 1027 2240 1091 2240 1028 2240 1028 2241 1091 2241 1090 2241 1028 2242 1090 2242 1049 2242 1049 2243 1090 2243 1105 2243 1049 2244 1105 2244 1050 2244 1050 2245 1105 2245 1104 2245 1050 2246 1104 2246 1051 2246 1051 2247 1104 2247 1103 2247 1051 2248 1103 2248 1029 2248 1029 2249 1103 2249 1075 2249 1029 2250 1075 2250 1030 2250 1030 2251 1075 2251 1074 2251 1030 2252 1074 2252 1052 2252 1052 2253 1074 2253 1108 2253 1052 2254 1108 2254 1053 2254 1053 2255 1108 2255 1107 2255 1053 2256 1107 2256 1042 2256 1042 2257 1107 2257 1094 2257 1042 2258 1094 2258 1043 2258 1043 2259 1094 2259 1093 2259 1043 2260 1093 2260 1044 2260 1044 2261 1093 2261 1106 2261 1044 2262 1106 2262 1045 2262 1045 2263 1106 2263 1128 2263 1045 2264 1128 2264 1046 2264 1046 2265 1128 2265 1127 2265 1046 2266 1127 2266 1047 2266 1047 2267 1127 2267 1126 2267 1047 2268 1126 2268 1048 2268 1048 2269 1126 2269 1111 2269 1048 2270 1111 2270 1017 2270 1017 2271 1111 2271 1110 2271 1017 2272 1110 2272 1018 2272 1018 2273 1110 2273 1109 2273 1018 2274 1109 2274 1037 2274 1037 2275 1109 2275 1096 2275 1037 2276 1096 2276 1038 2276 1038 2277 1096 2277 1095 2277 1038 2278 1095 2278 1039 2278 1039 2279 1095 2279 1117 2279 1039 2280 1117 2280 1065 2280 1065 2281 1117 2281 1116 2281 1065 2282 1116 2282 1066 2282 1066 2283 1116 2283 1115 2283 1066 2284 1115 2284 1067 2284 1067 2285 1115 2285 1114 2285 1067 2286 1114 2286 1024 2286 1024 2287 1114 2287 1113 2287 1024 2288 1113 2288 1025 2288 1025 2289 1113 2289 1112 2289 1025 2290 1112 2290 1040 2290 1040 2291 1112 2291 1100 2291 1040 2292 1100 2292 1041 2292 1041 2293 1100 2293 1099 2293 1041 2294 1099 2294 1016 2294 1016 2295 1099 2295 1098 2295 1016 2296 1098 2296 1015 2296 1015 2297 1098 2297 1078 2297 1015 2298 1078 2298 1013 2298 1013 2299 1078 2299 1077 2299 1013 2300 1077 2300 1071 2300 1071 2301 1077 2301 1131 2301 1071 2302 1131 2302 1072 2302 1072 2303 1131 2303 1130 2303 1072 2304 1130 2304 1073 2304 1073 2305 1130 2305 1129 2305 1073 2306 1129 2306 1062 2306 1062 2307 1129 2307 1122 2307 1062 2308 1122 2308 1063 2308 1063 2309 1122 2309 1121 2309 1063 2310 1121 2310 1064 2310 1064 2311 1121 2311 1119 2311 1064 2312 1119 2312 1020 2312 1020 2313 1119 2313 1118 2313 1020 2314 1118 2314 1021 2314 1021 2315 1118 2315 1137 2315 1021 2316 1137 2316 1023 2316 1023 2317 1137 2317 1136 2317 1023 2318 1136 2318 1060 2318 1060 2319 1136 2319 1135 2319 1060 2320 1135 2320 1061 2320 1061 2321 1135 2321 1134 2321 1061 2322 1134 2322 1034 2322 1034 2323 1134 2323 1133 2323 1034 2324 1133 2324 1035 2324 1035 2325 1133 2325 1132 2325 1035 2326 1132 2326 1036 2326 1036 2327 1132 2327 1125 2327 1036 2328 1125 2328 1010 2328 1010 2329 1125 2329 1124 2329 1010 2330 1124 2330 1011 2330 1011 2331 1124 2331 1123 2331 1011 2332 1123 2332 1054 2332 1054 2333 1123 2333 1089 2333 1014 2334 1022 2334 1079 2334 1079 2335 1022 2335 1120 2335 1019 2336 1014 2336 1097 2336 1097 2337 1014 2337 1079 2337 1031 2338 1019 2338 1076 2338 1076 2339 1019 2339 1097 2339 1026 2340 1031 2340 1082 2340 1082 2341 1031 2341 1076 2341 1012 2342 1026 2342 1086 2342 1086 2343 1026 2343 1082 2343 1022 2344 1012 2344 1120 2344 1120 2345 1012 2345 1086 2345 1138 2346 1139 2346 1140 2346 1141 2347 1142 2347 1143 2347 1143 2348 1142 2348 1144 2348 1143 2349 1144 2349 1145 2349 1146 2350 1147 2350 1138 2350 1138 2351 1147 2351 1148 2351 1138 2352 1148 2352 1139 2352 1149 2353 1150 2353 1151 2353 1145 2354 1152 2354 1143 2354 1143 2355 1152 2355 1153 2355 1143 2356 1153 2356 1154 2356 1140 2357 1155 2357 1138 2357 1138 2358 1155 2358 1156 2358 1138 2359 1156 2359 1143 2359 1143 2360 1156 2360 1157 2360 1143 2361 1157 2361 1141 2361 1158 2362 1159 2362 1160 2362 1160 2363 1159 2363 1161 2363 1162 2364 1163 2364 1164 2364 1164 2365 1163 2365 1165 2365 1164 2366 1165 2366 1166 2366 1166 2367 1167 2367 1164 2367 1164 2368 1167 2368 1168 2368 1164 2369 1168 2369 1138 2369 1138 2370 1168 2370 1169 2370 1138 2371 1169 2371 1146 2371 1170 2372 1171 2372 1172 2372 1173 2373 1174 2373 1164 2373 1175 2374 1176 2374 1170 2374 1160 2375 1177 2375 1178 2375 1160 2376 1178 2376 1151 2376 1151 2377 1178 2377 1179 2377 1151 2378 1179 2378 1149 2378 1172 2379 1180 2379 1170 2379 1170 2380 1180 2380 1181 2380 1170 2381 1181 2381 1164 2381 1164 2382 1181 2382 1182 2382 1164 2383 1182 2383 1173 2383 1174 2384 1183 2384 1164 2384 1164 2385 1183 2385 1184 2385 1164 2386 1184 2386 1162 2386 1150 2387 1185 2387 1151 2387 1151 2388 1185 2388 1186 2388 1151 2389 1186 2389 1187 2389 1175 2390 1170 2390 1188 2390 1176 2391 1189 2391 1170 2391 1170 2392 1189 2392 1190 2392 1170 2393 1190 2393 1171 2393 1161 2394 1191 2394 1160 2394 1160 2395 1191 2395 1192 2395 1160 2396 1192 2396 1177 2396 1193 2397 1194 2397 1160 2397 1160 2398 1194 2398 1195 2398 1160 2399 1195 2399 1158 2399 1187 2400 1196 2400 1151 2400 1151 2401 1196 2401 1197 2401 1151 2402 1197 2402 1170 2402 1170 2403 1197 2403 1198 2403 1170 2404 1198 2404 1188 2404 1154 2405 1199 2405 1143 2405 1143 2406 1199 2406 1200 2406 1143 2407 1200 2407 1160 2407 1160 2408 1200 2408 1201 2408 1160 2409 1201 2409 1193 2409 1202 2410 1203 2410 1204 2410 1205 2411 1206 2411 1204 2411 1207 2412 1208 2412 1209 2412 1210 2413 1211 2413 1212 2413 1213 2414 1214 2414 1215 2414 1215 2415 1214 2415 1216 2415 1215 2416 1216 2416 1217 2416 1218 2417 1219 2417 1215 2417 1218 2418 1220 2418 1219 2418 1219 2419 1220 2419 1221 2419 1219 2420 1221 2420 1222 2420 1205 2421 1204 2421 1223 2421 1206 2422 1224 2422 1204 2422 1204 2423 1224 2423 1225 2423 1204 2424 1225 2424 1202 2424 1211 2425 1226 2425 1212 2425 1212 2426 1226 2426 1227 2426 1212 2427 1227 2427 1228 2427 1217 2428 1229 2428 1215 2428 1215 2429 1229 2429 1230 2429 1215 2430 1230 2430 1218 2430 1231 2431 1232 2431 1215 2431 1215 2432 1232 2432 1233 2432 1215 2433 1233 2433 1213 2433 1208 2434 1234 2434 1209 2434 1209 2435 1234 2435 1235 2435 1209 2436 1235 2436 1236 2436 1228 2437 1237 2437 1212 2437 1212 2438 1237 2438 1238 2438 1212 2439 1238 2439 1239 2439 1239 2440 1240 2440 1212 2440 1212 2441 1240 2441 1241 2441 1212 2442 1241 2442 1209 2442 1209 2443 1241 2443 1242 2443 1209 2444 1242 2444 1207 2444 1203 2445 1243 2445 1204 2445 1204 2446 1243 2446 1244 2446 1204 2447 1244 2447 1215 2447 1215 2448 1244 2448 1245 2448 1215 2449 1245 2449 1231 2449 1236 2450 1246 2450 1209 2450 1209 2451 1246 2451 1247 2451 1209 2452 1247 2452 1204 2452 1204 2453 1247 2453 1248 2453 1204 2454 1248 2454 1223 2454 1249 2455 1250 2455 1251 2455 1251 2456 1250 2456 1252 2456 1251 2457 1252 2457 1253 2457 1222 2458 1254 2458 1219 2458 1219 2459 1254 2459 1255 2459 1219 2460 1255 2460 1256 2460 1253 2461 1257 2461 1251 2461 1251 2462 1257 2462 1258 2462 1251 2463 1258 2463 1212 2463 1212 2464 1258 2464 1259 2464 1212 2465 1259 2465 1210 2465 1256 2466 1260 2466 1219 2466 1219 2467 1260 2467 1261 2467 1219 2468 1261 2468 1251 2468 1251 2469 1261 2469 1262 2469 1251 2470 1262 2470 1263 2470 1263 2471 1264 2471 1251 2471 1251 2472 1264 2472 1265 2472 1251 2473 1265 2473 1249 2473 1185 2474 1222 2474 1186 2474 1186 2475 1222 2475 1221 2475 1186 2476 1221 2476 1187 2476 1187 2477 1221 2477 1220 2477 1187 2478 1220 2478 1196 2478 1196 2479 1220 2479 1218 2479 1196 2480 1218 2480 1197 2480 1197 2481 1218 2481 1230 2481 1197 2482 1230 2482 1198 2482 1198 2483 1230 2483 1229 2483 1198 2484 1229 2484 1188 2484 1188 2485 1229 2485 1217 2485 1188 2486 1217 2486 1175 2486 1175 2487 1217 2487 1216 2487 1175 2488 1216 2488 1176 2488 1176 2489 1216 2489 1214 2489 1176 2490 1214 2490 1189 2490 1189 2491 1214 2491 1213 2491 1189 2492 1213 2492 1190 2492 1190 2493 1213 2493 1233 2493 1190 2494 1233 2494 1171 2494 1171 2495 1233 2495 1232 2495 1171 2496 1232 2496 1172 2496 1172 2497 1232 2497 1231 2497 1172 2498 1231 2498 1180 2498 1180 2499 1231 2499 1245 2499 1180 2500 1245 2500 1181 2500 1181 2501 1245 2501 1244 2501 1181 2502 1244 2502 1182 2502 1182 2503 1244 2503 1243 2503 1182 2504 1243 2504 1173 2504 1173 2505 1243 2505 1203 2505 1173 2506 1203 2506 1174 2506 1174 2507 1203 2507 1202 2507 1174 2508 1202 2508 1183 2508 1183 2509 1202 2509 1225 2509 1183 2510 1225 2510 1184 2510 1184 2511 1225 2511 1224 2511 1184 2512 1224 2512 1162 2512 1162 2513 1224 2513 1206 2513 1162 2514 1206 2514 1163 2514 1163 2515 1206 2515 1205 2515 1163 2516 1205 2516 1165 2516 1165 2517 1205 2517 1223 2517 1165 2518 1223 2518 1166 2518 1166 2519 1223 2519 1248 2519 1166 2520 1248 2520 1167 2520 1167 2521 1248 2521 1247 2521 1167 2522 1247 2522 1168 2522 1168 2523 1247 2523 1246 2523 1168 2524 1246 2524 1169 2524 1169 2525 1246 2525 1236 2525 1169 2526 1236 2526 1146 2526 1146 2527 1236 2527 1235 2527 1146 2528 1235 2528 1147 2528 1147 2529 1235 2529 1234 2529 1147 2530 1234 2530 1148 2530 1148 2531 1234 2531 1208 2531 1148 2532 1208 2532 1139 2532 1139 2533 1208 2533 1207 2533 1139 2534 1207 2534 1140 2534 1140 2535 1207 2535 1242 2535 1140 2536 1242 2536 1155 2536 1155 2537 1242 2537 1241 2537 1155 2538 1241 2538 1156 2538 1156 2539 1241 2539 1240 2539 1156 2540 1240 2540 1157 2540 1157 2541 1240 2541 1239 2541 1157 2542 1239 2542 1141 2542 1141 2543 1239 2543 1238 2543 1141 2544 1238 2544 1142 2544 1142 2545 1238 2545 1237 2545 1142 2546 1237 2546 1144 2546 1144 2547 1237 2547 1228 2547 1144 2548 1228 2548 1145 2548 1145 2549 1228 2549 1227 2549 1145 2550 1227 2550 1152 2550 1152 2551 1227 2551 1226 2551 1152 2552 1226 2552 1153 2552 1153 2553 1226 2553 1211 2553 1153 2554 1211 2554 1154 2554 1154 2555 1211 2555 1210 2555 1154 2556 1210 2556 1199 2556 1199 2557 1210 2557 1259 2557 1199 2558 1259 2558 1200 2558 1200 2559 1259 2559 1258 2559 1200 2560 1258 2560 1201 2560 1201 2561 1258 2561 1257 2561 1201 2562 1257 2562 1193 2562 1193 2563 1257 2563 1253 2563 1193 2564 1253 2564 1194 2564 1194 2565 1253 2565 1252 2565 1194 2566 1252 2566 1195 2566 1195 2567 1252 2567 1250 2567 1195 2568 1250 2568 1158 2568 1158 2569 1250 2569 1249 2569 1158 2570 1249 2570 1159 2570 1159 2571 1249 2571 1265 2571 1159 2572 1265 2572 1161 2572 1161 2573 1265 2573 1264 2573 1161 2574 1264 2574 1191 2574 1191 2575 1264 2575 1263 2575 1191 2576 1263 2576 1192 2576 1192 2577 1263 2577 1262 2577 1192 2578 1262 2578 1177 2578 1177 2579 1262 2579 1261 2579 1177 2580 1261 2580 1178 2580 1178 2581 1261 2581 1260 2581 1178 2582 1260 2582 1179 2582 1179 2583 1260 2583 1256 2583 1179 2584 1256 2584 1149 2584 1149 2585 1256 2585 1255 2585 1149 2586 1255 2586 1150 2586 1150 2587 1255 2587 1254 2587 1150 2588 1254 2588 1185 2588 1185 2589 1254 2589 1222 2589 1143 2590 1160 2590 1212 2590 1212 2591 1160 2591 1251 2591 1138 2592 1143 2592 1209 2592 1209 2593 1143 2593 1212 2593 1164 2594 1138 2594 1204 2594 1204 2595 1138 2595 1209 2595 1170 2596 1164 2596 1215 2596 1215 2597 1164 2597 1204 2597 1151 2598 1170 2598 1219 2598 1219 2599 1170 2599 1215 2599 1160 2600 1151 2600 1251 2600 1251 2601 1151 2601 1219 2601 1266 2602 1267 2602 1268 2602 1269 2603 1270 2603 1271 2603 1272 2604 1273 2604 1274 2604 1275 2605 1276 2605 1277 2605 1277 2606 1276 2606 1278 2606 1279 2607 1280 2607 1281 2607 1267 2608 1282 2608 1268 2608 1268 2609 1282 2609 1283 2609 1268 2610 1283 2610 1284 2610 1281 2611 1285 2611 1286 2611 1279 2612 1281 2612 1287 2612 1280 2613 1288 2613 1281 2613 1281 2614 1288 2614 1289 2614 1281 2615 1289 2615 1285 2615 1290 2616 1291 2616 1276 2616 1292 2617 1293 2617 1294 2617 1294 2618 1295 2618 1292 2618 1292 2619 1295 2619 1296 2619 1292 2620 1296 2620 1268 2620 1268 2621 1296 2621 1297 2621 1268 2622 1297 2622 1266 2622 1286 2623 1298 2623 1281 2623 1281 2624 1298 2624 1299 2624 1281 2625 1299 2625 1292 2625 1292 2626 1299 2626 1300 2626 1292 2627 1300 2627 1301 2627 1301 2628 1302 2628 1292 2628 1292 2629 1302 2629 1303 2629 1292 2630 1303 2630 1304 2630 1273 2631 1305 2631 1274 2631 1274 2632 1305 2632 1306 2632 1274 2633 1306 2633 1307 2633 1271 2634 1308 2634 1269 2634 1269 2635 1308 2635 1309 2635 1269 2636 1309 2636 1310 2636 1310 2637 1311 2637 1269 2637 1269 2638 1311 2638 1312 2638 1269 2639 1312 2639 1274 2639 1274 2640 1312 2640 1313 2640 1274 2641 1313 2641 1272 2641 1314 2642 1315 2642 1269 2642 1269 2643 1315 2643 1316 2643 1269 2644 1316 2644 1270 2644 1291 2645 1317 2645 1276 2645 1276 2646 1317 2646 1318 2646 1276 2647 1318 2647 1278 2647 1304 2648 1319 2648 1292 2648 1292 2649 1319 2649 1320 2649 1292 2650 1320 2650 1293 2650 1307 2651 1321 2651 1274 2651 1274 2652 1321 2652 1322 2652 1274 2653 1322 2653 1281 2653 1281 2654 1322 2654 1323 2654 1281 2655 1323 2655 1287 2655 1275 2656 1324 2656 1276 2656 1276 2657 1324 2657 1325 2657 1276 2658 1325 2658 1269 2658 1269 2659 1325 2659 1326 2659 1269 2660 1326 2660 1314 2660 1284 2661 1327 2661 1268 2661 1268 2662 1327 2662 1328 2662 1268 2663 1328 2663 1276 2663 1276 2664 1328 2664 1329 2664 1276 2665 1329 2665 1290 2665 1330 2666 1331 2666 1332 2666 1333 2667 1334 2667 1335 2667 1336 2668 1337 2668 1338 2668 1339 2669 1340 2669 1341 2669 1338 2670 1342 2670 1336 2670 1336 2671 1342 2671 1343 2671 1336 2672 1343 2672 1344 2672 1344 2673 1345 2673 1336 2673 1336 2674 1345 2674 1346 2674 1336 2675 1346 2675 1332 2675 1332 2676 1346 2676 1347 2676 1332 2677 1347 2677 1330 2677 1348 2678 1349 2678 1336 2678 1336 2679 1349 2679 1350 2679 1336 2680 1350 2680 1337 2680 1351 2681 1352 2681 1353 2681 1353 2682 1352 2682 1354 2682 1353 2683 1354 2683 1355 2683 1334 2684 1356 2684 1335 2684 1335 2685 1356 2685 1357 2685 1335 2686 1357 2686 1336 2686 1336 2687 1357 2687 1358 2687 1336 2688 1358 2688 1348 2688 1339 2689 1341 2689 1359 2689 1331 2690 1360 2690 1332 2690 1332 2691 1360 2691 1361 2691 1332 2692 1361 2692 1362 2692 1340 2693 1363 2693 1341 2693 1341 2694 1363 2694 1364 2694 1341 2695 1364 2695 1365 2695 1366 2696 1367 2696 1335 2696 1335 2697 1367 2697 1368 2697 1369 2698 1370 2698 1371 2698 1371 2699 1370 2699 1372 2699 1371 2700 1372 2700 1373 2700 1374 2701 1375 2701 1371 2701 1371 2702 1375 2702 1376 2702 1371 2703 1376 2703 1369 2703 1365 2704 1377 2704 1341 2704 1341 2705 1377 2705 1378 2705 1341 2706 1378 2706 1335 2706 1335 2707 1378 2707 1379 2707 1335 2708 1379 2708 1366 2708 1368 2709 1380 2709 1335 2709 1335 2710 1380 2710 1381 2710 1335 2711 1381 2711 1333 2711 1355 2712 1382 2712 1353 2712 1353 2713 1382 2713 1383 2713 1353 2714 1383 2714 1384 2714 1373 2715 1385 2715 1371 2715 1371 2716 1385 2716 1386 2716 1371 2717 1386 2717 1353 2717 1353 2718 1386 2718 1387 2718 1353 2719 1387 2719 1351 2719 1384 2720 1388 2720 1353 2720 1353 2721 1388 2721 1389 2721 1353 2722 1389 2722 1341 2722 1341 2723 1389 2723 1390 2723 1341 2724 1390 2724 1359 2724 1362 2725 1391 2725 1332 2725 1332 2726 1391 2726 1392 2726 1332 2727 1392 2727 1371 2727 1371 2728 1392 2728 1393 2728 1371 2729 1393 2729 1374 2729 1305 2730 1331 2730 1306 2730 1306 2731 1331 2731 1330 2731 1306 2732 1330 2732 1307 2732 1307 2733 1330 2733 1347 2733 1307 2734 1347 2734 1321 2734 1321 2735 1347 2735 1346 2735 1321 2736 1346 2736 1322 2736 1322 2737 1346 2737 1345 2737 1322 2738 1345 2738 1323 2738 1323 2739 1345 2739 1344 2739 1323 2740 1344 2740 1287 2740 1287 2741 1344 2741 1343 2741 1287 2742 1343 2742 1279 2742 1279 2743 1343 2743 1342 2743 1279 2744 1342 2744 1280 2744 1280 2745 1342 2745 1338 2745 1280 2746 1338 2746 1288 2746 1288 2747 1338 2747 1337 2747 1288 2748 1337 2748 1289 2748 1289 2749 1337 2749 1350 2749 1289 2750 1350 2750 1285 2750 1285 2751 1350 2751 1349 2751 1285 2752 1349 2752 1286 2752 1286 2753 1349 2753 1348 2753 1286 2754 1348 2754 1298 2754 1298 2755 1348 2755 1358 2755 1298 2756 1358 2756 1299 2756 1299 2757 1358 2757 1357 2757 1299 2758 1357 2758 1300 2758 1300 2759 1357 2759 1356 2759 1300 2760 1356 2760 1301 2760 1301 2761 1356 2761 1334 2761 1301 2762 1334 2762 1302 2762 1302 2763 1334 2763 1333 2763 1302 2764 1333 2764 1303 2764 1303 2765 1333 2765 1381 2765 1303 2766 1381 2766 1304 2766 1304 2767 1381 2767 1380 2767 1304 2768 1380 2768 1319 2768 1319 2769 1380 2769 1368 2769 1319 2770 1368 2770 1320 2770 1320 2771 1368 2771 1367 2771 1320 2772 1367 2772 1293 2772 1293 2773 1367 2773 1366 2773 1293 2774 1366 2774 1294 2774 1294 2775 1366 2775 1379 2775 1294 2776 1379 2776 1295 2776 1295 2777 1379 2777 1378 2777 1295 2778 1378 2778 1296 2778 1296 2779 1378 2779 1377 2779 1296 2780 1377 2780 1297 2780 1297 2781 1377 2781 1365 2781 1297 2782 1365 2782 1266 2782 1266 2783 1365 2783 1364 2783 1266 2784 1364 2784 1267 2784 1267 2785 1364 2785 1363 2785 1267 2786 1363 2786 1282 2786 1282 2787 1363 2787 1340 2787 1282 2788 1340 2788 1283 2788 1283 2789 1340 2789 1339 2789 1283 2790 1339 2790 1284 2790 1284 2791 1339 2791 1359 2791 1284 2792 1359 2792 1327 2792 1327 2793 1359 2793 1390 2793 1327 2794 1390 2794 1328 2794 1328 2795 1390 2795 1389 2795 1328 2796 1389 2796 1329 2796 1329 2797 1389 2797 1388 2797 1329 2798 1388 2798 1290 2798 1290 2799 1388 2799 1384 2799 1290 2800 1384 2800 1291 2800 1291 2801 1384 2801 1383 2801 1291 2802 1383 2802 1317 2802 1317 2803 1383 2803 1382 2803 1317 2804 1382 2804 1318 2804 1318 2805 1382 2805 1355 2805 1318 2806 1355 2806 1278 2806 1278 2807 1355 2807 1354 2807 1278 2808 1354 2808 1277 2808 1277 2809 1354 2809 1352 2809 1277 2810 1352 2810 1275 2810 1275 2811 1352 2811 1351 2811 1275 2812 1351 2812 1324 2812 1324 2813 1351 2813 1387 2813 1324 2814 1387 2814 1325 2814 1325 2815 1387 2815 1386 2815 1325 2816 1386 2816 1326 2816 1326 2817 1386 2817 1385 2817 1326 2818 1385 2818 1314 2818 1314 2819 1385 2819 1373 2819 1314 2820 1373 2820 1315 2820 1315 2821 1373 2821 1372 2821 1315 2822 1372 2822 1316 2822 1316 2823 1372 2823 1370 2823 1316 2824 1370 2824 1270 2824 1270 2825 1370 2825 1369 2825 1270 2826 1369 2826 1271 2826 1271 2827 1369 2827 1376 2827 1271 2828 1376 2828 1308 2828 1308 2829 1376 2829 1375 2829 1308 2830 1375 2830 1309 2830 1309 2831 1375 2831 1374 2831 1309 2832 1374 2832 1310 2832 1310 2833 1374 2833 1393 2833 1310 2834 1393 2834 1311 2834 1311 2835 1393 2835 1392 2835 1311 2836 1392 2836 1312 2836 1312 2837 1392 2837 1391 2837 1312 2838 1391 2838 1313 2838 1313 2839 1391 2839 1362 2839 1313 2840 1362 2840 1272 2840 1272 2841 1362 2841 1361 2841 1272 2842 1361 2842 1273 2842 1273 2843 1361 2843 1360 2843 1273 2844 1360 2844 1305 2844 1305 2845 1360 2845 1331 2845 1276 2846 1269 2846 1353 2846 1353 2847 1269 2847 1371 2847 1268 2848 1276 2848 1341 2848 1341 2849 1276 2849 1353 2849 1292 2850 1268 2850 1335 2850 1335 2851 1268 2851 1341 2851 1281 2852 1292 2852 1336 2852 1336 2853 1292 2853 1335 2853 1274 2854 1281 2854 1332 2854 1332 2855 1281 2855 1336 2855 1269 2856 1274 2856 1371 2856 1371 2857 1274 2857 1332 2857 1394 2858 1395 2858 1396 2858 1397 2859 1398 2859 1399 2859 1400 2860 1401 2860 1402 2860 1402 2861 1401 2861 1403 2861 1402 2862 1403 2862 1404 2862 1405 2863 1406 2863 1407 2863 1407 2864 1406 2864 1408 2864 1407 2865 1408 2865 1409 2865 1394 2866 1396 2866 1410 2866 1411 2867 1412 2867 1413 2867 1413 2868 1412 2868 1414 2868 1395 2869 1415 2869 1396 2869 1396 2870 1415 2870 1416 2870 1396 2871 1416 2871 1417 2871 1418 2872 1419 2872 1396 2872 1418 2873 1420 2873 1419 2873 1419 2874 1420 2874 1421 2874 1419 2875 1421 2875 1422 2875 1409 2876 1423 2876 1407 2876 1407 2877 1423 2877 1424 2877 1407 2878 1424 2878 1396 2878 1396 2879 1424 2879 1425 2879 1396 2880 1425 2880 1410 2880 1398 2881 1426 2881 1399 2881 1399 2882 1426 2882 1427 2882 1399 2883 1427 2883 1428 2883 1414 2884 1429 2884 1413 2884 1413 2885 1429 2885 1430 2885 1413 2886 1430 2886 1431 2886 1413 2887 1432 2887 1433 2887 1413 2888 1433 2888 1399 2888 1399 2889 1433 2889 1434 2889 1399 2890 1434 2890 1397 2890 1422 2891 1435 2891 1419 2891 1419 2892 1435 2892 1436 2892 1419 2893 1436 2893 1437 2893 1438 2894 1439 2894 1402 2894 1402 2895 1439 2895 1440 2895 1402 2896 1440 2896 1400 2896 1417 2897 1441 2897 1396 2897 1396 2898 1441 2898 1442 2898 1396 2899 1442 2899 1418 2899 1443 2900 1444 2900 1407 2900 1431 2901 1445 2901 1413 2901 1413 2902 1445 2902 1446 2902 1413 2903 1446 2903 1432 2903 1437 2904 1447 2904 1419 2904 1419 2905 1447 2905 1448 2905 1419 2906 1448 2906 1402 2906 1402 2907 1448 2907 1449 2907 1402 2908 1449 2908 1438 2908 1428 2909 1450 2909 1399 2909 1399 2910 1450 2910 1451 2910 1399 2911 1451 2911 1407 2911 1407 2912 1451 2912 1452 2912 1407 2913 1452 2913 1443 2913 1444 2914 1453 2914 1407 2914 1407 2915 1453 2915 1454 2915 1407 2916 1454 2916 1405 2916 1404 2917 1455 2917 1402 2917 1402 2918 1455 2918 1456 2918 1402 2919 1456 2919 1413 2919 1413 2920 1456 2920 1457 2920 1413 2921 1457 2921 1411 2921 1458 2922 1459 2922 1460 2922 1461 2923 1462 2923 1463 2923 1463 2924 1462 2924 1464 2924 1463 2925 1464 2925 1465 2925 1466 2926 1467 2926 1468 2926 1469 2927 1470 2927 1471 2927 1472 2928 1473 2928 1474 2928 1465 2929 1475 2929 1463 2929 1463 2930 1475 2930 1476 2930 1463 2931 1476 2931 1477 2931 1469 2932 1471 2932 1478 2932 1477 2933 1479 2933 1463 2933 1463 2934 1479 2934 1480 2934 1463 2935 1480 2935 1474 2935 1474 2936 1480 2936 1481 2936 1474 2937 1481 2937 1472 2937 1467 2938 1482 2938 1468 2938 1468 2939 1482 2939 1483 2939 1468 2940 1483 2940 1484 2940 1484 2941 1485 2941 1468 2941 1468 2942 1485 2942 1486 2942 1468 2943 1486 2943 1463 2943 1463 2944 1486 2944 1487 2944 1463 2945 1487 2945 1461 2945 1488 2946 1489 2946 1490 2946 1490 2947 1489 2947 1491 2947 1492 2948 1493 2948 1490 2948 1490 2949 1493 2949 1494 2949 1490 2950 1494 2950 1488 2950 1459 2951 1495 2951 1460 2951 1460 2952 1495 2952 1496 2952 1460 2953 1496 2953 1497 2953 1497 2954 1498 2954 1460 2954 1460 2955 1498 2955 1499 2955 1460 2956 1499 2956 1471 2956 1471 2957 1499 2957 1500 2957 1471 2958 1500 2958 1478 2958 1473 2959 1501 2959 1474 2959 1474 2960 1501 2960 1502 2960 1474 2961 1502 2961 1503 2961 1504 2962 1505 2962 1460 2962 1460 2963 1505 2963 1506 2963 1460 2964 1506 2964 1458 2964 1491 2965 1507 2965 1490 2965 1490 2966 1507 2966 1508 2966 1490 2967 1508 2967 1468 2967 1468 2968 1508 2968 1509 2968 1468 2969 1509 2969 1510 2969 1510 2970 1511 2970 1468 2970 1468 2971 1511 2971 1512 2971 1468 2972 1512 2972 1466 2972 1503 2973 1513 2973 1474 2973 1474 2974 1513 2974 1514 2974 1474 2975 1514 2975 1460 2975 1460 2976 1514 2976 1515 2976 1460 2977 1515 2977 1504 2977 1470 2978 1516 2978 1471 2978 1471 2979 1516 2979 1517 2979 1471 2980 1517 2980 1518 2980 1518 2981 1519 2981 1471 2981 1471 2982 1519 2982 1520 2982 1471 2983 1520 2983 1490 2983 1490 2984 1520 2984 1521 2984 1490 2985 1521 2985 1492 2985 1435 2986 1473 2986 1436 2986 1436 2987 1473 2987 1472 2987 1436 2988 1472 2988 1437 2988 1437 2989 1472 2989 1481 2989 1437 2990 1481 2990 1447 2990 1447 2991 1481 2991 1480 2991 1447 2992 1480 2992 1448 2992 1448 2993 1480 2993 1479 2993 1448 2994 1479 2994 1449 2994 1449 2995 1479 2995 1477 2995 1449 2996 1477 2996 1438 2996 1438 2997 1477 2997 1476 2997 1438 2998 1476 2998 1439 2998 1439 2999 1476 2999 1475 2999 1439 3000 1475 3000 1440 3000 1440 3001 1475 3001 1465 3001 1440 3002 1465 3002 1400 3002 1400 3003 1465 3003 1464 3003 1400 3004 1464 3004 1401 3004 1401 3005 1464 3005 1462 3005 1401 3006 1462 3006 1403 3006 1403 3007 1462 3007 1461 3007 1403 3008 1461 3008 1404 3008 1404 3009 1461 3009 1487 3009 1404 3010 1487 3010 1455 3010 1455 3011 1487 3011 1486 3011 1455 3012 1486 3012 1456 3012 1456 3013 1486 3013 1485 3013 1456 3014 1485 3014 1457 3014 1457 3015 1485 3015 1484 3015 1457 3016 1484 3016 1411 3016 1411 3017 1484 3017 1483 3017 1411 3018 1483 3018 1412 3018 1412 3019 1483 3019 1482 3019 1412 3020 1482 3020 1414 3020 1414 3021 1482 3021 1467 3021 1414 3022 1467 3022 1429 3022 1429 3023 1467 3023 1466 3023 1429 3024 1466 3024 1430 3024 1430 3025 1466 3025 1512 3025 1430 3026 1512 3026 1431 3026 1431 3027 1512 3027 1511 3027 1431 3028 1511 3028 1445 3028 1445 3029 1511 3029 1510 3029 1445 3030 1510 3030 1446 3030 1446 3031 1510 3031 1509 3031 1446 3032 1509 3032 1432 3032 1432 3033 1509 3033 1508 3033 1432 3034 1508 3034 1433 3034 1433 3035 1508 3035 1507 3035 1433 3036 1507 3036 1434 3036 1434 3037 1507 3037 1491 3037 1434 3038 1491 3038 1397 3038 1397 3039 1491 3039 1489 3039 1397 3040 1489 3040 1398 3040 1398 3041 1489 3041 1488 3041 1398 3042 1488 3042 1426 3042 1426 3043 1488 3043 1494 3043 1426 3044 1494 3044 1427 3044 1427 3045 1494 3045 1493 3045 1427 3046 1493 3046 1428 3046 1428 3047 1493 3047 1492 3047 1428 3048 1492 3048 1450 3048 1450 3049 1492 3049 1521 3049 1450 3050 1521 3050 1451 3050 1451 3051 1521 3051 1520 3051 1451 3052 1520 3052 1452 3052 1452 3053 1520 3053 1519 3053 1452 3054 1519 3054 1443 3054 1443 3055 1519 3055 1518 3055 1443 3056 1518 3056 1444 3056 1444 3057 1518 3057 1517 3057 1444 3058 1517 3058 1453 3058 1453 3059 1517 3059 1516 3059 1453 3060 1516 3060 1454 3060 1454 3061 1516 3061 1470 3061 1454 3062 1470 3062 1405 3062 1405 3063 1470 3063 1469 3063 1405 3064 1469 3064 1406 3064 1406 3065 1469 3065 1478 3065 1406 3066 1478 3066 1408 3066 1408 3067 1478 3067 1500 3067 1408 3068 1500 3068 1409 3068 1409 3069 1500 3069 1499 3069 1409 3070 1499 3070 1423 3070 1423 3071 1499 3071 1498 3071 1423 3072 1498 3072 1424 3072 1424 3073 1498 3073 1497 3073 1424 3074 1497 3074 1425 3074 1425 3075 1497 3075 1496 3075 1425 3076 1496 3076 1410 3076 1410 3077 1496 3077 1495 3077 1410 3078 1495 3078 1394 3078 1394 3079 1495 3079 1459 3079 1394 3080 1459 3080 1395 3080 1395 3081 1459 3081 1458 3081 1395 3082 1458 3082 1415 3082 1415 3083 1458 3083 1506 3083 1415 3084 1506 3084 1416 3084 1416 3085 1506 3085 1505 3085 1416 3086 1505 3086 1417 3086 1417 3087 1505 3087 1504 3087 1417 3088 1504 3088 1441 3088 1441 3089 1504 3089 1515 3089 1441 3090 1515 3090 1442 3090 1442 3091 1515 3091 1514 3091 1442 3092 1514 3092 1418 3092 1418 3093 1514 3093 1513 3093 1418 3094 1513 3094 1420 3094 1420 3095 1513 3095 1503 3095 1420 3096 1503 3096 1421 3096 1421 3097 1503 3097 1502 3097 1421 3098 1502 3098 1422 3098 1422 3099 1502 3099 1501 3099 1422 3100 1501 3100 1435 3100 1435 3101 1501 3101 1473 3101 1407 3102 1396 3102 1471 3102 1471 3103 1396 3103 1460 3103 1399 3104 1407 3104 1490 3104 1490 3105 1407 3105 1471 3105 1413 3106 1399 3106 1468 3106 1468 3107 1399 3107 1490 3107 1402 3108 1413 3108 1463 3108 1463 3109 1413 3109 1468 3109 1419 3110 1402 3110 1474 3110 1474 3111 1402 3111 1463 3111 1396 3112 1419 3112 1460 3112 1460 3113 1419 3113 1474 3113 619 3114 1522 3114 1523 3114 619 3115 1523 3115 680 3115 680 3116 1523 3116 1524 3116 680 3117 1524 3117 682 3117 682 3118 1524 3118 1525 3118 682 3119 1525 3119 684 3119 684 3120 1525 3120 1526 3120 684 3121 1526 3121 686 3121 686 3122 1526 3122 1527 3122 686 3123 1527 3123 688 3123 688 3124 1527 3124 1528 3124 688 3125 1528 3125 690 3125 690 3126 1528 3126 1529 3126 690 3127 1529 3127 692 3127 692 3128 1529 3128 1530 3128 692 3129 1530 3129 694 3129 694 3130 1530 3130 1531 3130 694 3131 1531 3131 696 3131 1532 3132 1533 3132 1534 3132 1534 3133 1533 3133 1535 3133 1534 3134 1535 3134 1536 3134 1537 3135 1538 3135 1534 3135 1534 3136 1538 3136 1539 3136 1534 3137 1539 3137 1532 3137 1540 3138 1541 3138 1534 3138 1534 3139 1541 3139 1542 3139 1534 3140 1542 3140 1537 3140 1543 3141 1544 3141 1534 3141 1534 3142 1544 3142 1545 3142 1534 3143 1545 3143 1540 3143 1546 3144 1547 3144 1534 3144 1534 3145 1547 3145 1548 3145 1534 3146 1548 3146 1543 3146 1549 3147 1550 3147 1534 3147 1534 3148 1550 3148 1551 3148 1534 3149 1551 3149 1546 3149 1552 3150 1553 3150 1534 3150 1534 3151 1553 3151 1554 3151 1534 3152 1554 3152 1549 3152 1555 3153 1556 3153 1534 3153 1534 3154 1556 3154 1557 3154 1534 3155 1557 3155 1552 3155 1558 3156 1559 3156 1534 3156 1534 3157 1559 3157 1560 3157 1534 3158 1560 3158 1555 3158 1561 3159 1562 3159 1534 3159 1534 3160 1562 3160 1563 3160 1534 3161 1563 3161 1558 3161 1564 3162 1565 3162 1534 3162 1534 3163 1565 3163 1566 3163 1534 3164 1566 3164 1561 3164 1536 3165 1567 3165 1534 3165 1534 3166 1567 3166 1568 3166 1534 3167 1568 3167 1564 3167 1569 3168 1570 3168 1571 3168 1571 3169 1570 3169 1572 3169 1571 3170 1572 3170 1573 3170 1573 3171 1572 3171 1574 3171 1573 3172 1574 3172 1575 3172 1575 3173 1574 3173 1576 3173 1575 3174 1576 3174 1577 3174 1577 3175 1576 3175 1578 3175 1577 3176 1578 3176 1579 3176 1579 3177 1578 3177 1580 3177 1579 3178 1580 3178 1581 3178 1581 3179 1580 3179 1582 3179 1581 3180 1582 3180 1583 3180 1583 3181 1582 3181 1584 3181 1583 3182 1584 3182 1585 3182 1585 3183 1584 3183 1586 3183 1585 3184 1586 3184 1587 3184 1587 3185 1586 3185 1588 3185 1587 3186 1588 3186 1589 3186 1589 3187 1588 3187 1590 3187 1589 3188 1590 3188 1591 3188 1591 3189 1590 3189 1592 3189 1591 3190 1592 3190 1593 3190 1593 3191 1592 3191 1594 3191 1593 3192 1594 3192 1595 3192 1595 3193 1594 3193 1596 3193 1595 3194 1596 3194 1597 3194 1597 3195 1596 3195 1598 3195 1597 3196 1598 3196 1599 3196 1599 3197 1598 3197 1600 3197 1599 3198 1600 3198 1601 3198 1601 3199 1600 3199 1602 3199 1601 3200 1602 3200 1603 3200 1603 3201 1602 3201 1604 3201 1603 3202 1604 3202 1605 3202 1605 3203 1604 3203 1606 3203 1605 3204 1606 3204 1607 3204 1607 3205 1606 3205 1608 3205 1607 3206 1608 3206 1609 3206 1609 3207 1608 3207 1610 3207 1609 3208 1610 3208 1611 3208 1611 3209 1610 3209 1612 3209 1611 3210 1612 3210 1613 3210 1613 3211 1612 3211 1614 3211 1613 3212 1614 3212 1615 3212 1615 3213 1614 3213 1616 3213 1615 3214 1616 3214 1617 3214 1617 3215 1616 3215 1618 3215 1617 3216 1618 3216 1619 3216 1619 3217 1618 3217 1620 3217 1619 3218 1620 3218 1621 3218 1621 3219 1620 3219 1622 3219 1621 3220 1622 3220 1623 3220 1623 3221 1622 3221 1624 3221 1623 3222 1624 3222 1625 3222 1625 3223 1624 3223 1626 3223 1625 3224 1626 3224 1627 3224 1627 3225 1626 3225 1628 3225 1627 3226 1628 3226 1629 3226 1629 3227 1628 3227 1630 3227 1629 3228 1630 3228 1631 3228 1631 3229 1630 3229 1632 3229 1631 3230 1632 3230 1633 3230 1633 3231 1632 3231 1634 3231 1633 3232 1634 3232 1635 3232 1635 3233 1634 3233 1636 3233 1635 3234 1636 3234 1637 3234 1637 3235 1636 3235 1638 3235 1637 3236 1638 3236 1639 3236 1639 3237 1638 3237 1640 3237 1639 3238 1640 3238 1569 3238 1569 3239 1640 3239 1570 3239 1569 3240 1553 3240 1639 3240 1639 3241 1553 3241 1552 3241 1639 3242 1552 3242 1637 3242 1637 3243 1552 3243 1557 3243 1637 3244 1557 3244 1635 3244 1635 3245 1557 3245 1556 3245 1635 3246 1556 3246 1633 3246 1633 3247 1556 3247 1555 3247 1633 3248 1555 3248 1631 3248 1631 3249 1555 3249 1560 3249 1631 3250 1560 3250 1629 3250 1629 3251 1560 3251 1559 3251 1629 3252 1559 3252 1627 3252 1627 3253 1559 3253 1558 3253 1627 3254 1558 3254 1625 3254 1625 3255 1558 3255 1563 3255 1625 3256 1563 3256 1623 3256 1623 3257 1563 3257 1562 3257 1623 3258 1562 3258 1621 3258 1621 3259 1562 3259 1561 3259 1621 3260 1561 3260 1619 3260 1619 3261 1561 3261 1566 3261 1619 3262 1566 3262 1617 3262 1617 3263 1566 3263 1565 3263 1617 3264 1565 3264 1615 3264 1615 3265 1565 3265 1564 3265 1615 3266 1564 3266 1613 3266 1613 3267 1564 3267 1568 3267 1613 3268 1568 3268 1611 3268 1611 3269 1568 3269 1567 3269 1611 3270 1567 3270 1609 3270 1609 3271 1567 3271 1536 3271 1609 3272 1536 3272 1607 3272 1607 3273 1536 3273 1535 3273 1607 3274 1535 3274 1605 3274 1605 3275 1535 3275 1533 3275 1605 3276 1533 3276 1603 3276 1603 3277 1533 3277 1532 3277 1603 3278 1532 3278 1601 3278 1601 3279 1532 3279 1539 3279 1601 3280 1539 3280 1599 3280 1599 3281 1539 3281 1538 3281 1599 3282 1538 3282 1597 3282 1597 3283 1538 3283 1537 3283 1597 3284 1537 3284 1595 3284 1595 3285 1537 3285 1542 3285 1595 3286 1542 3286 1593 3286 1593 3287 1542 3287 1541 3287 1593 3288 1541 3288 1591 3288 1591 3289 1541 3289 1540 3289 1591 3290 1540 3290 1589 3290 1589 3291 1540 3291 1545 3291 1589 3292 1545 3292 1587 3292 1587 3293 1545 3293 1544 3293 1587 3294 1544 3294 1585 3294 1585 3295 1544 3295 1543 3295 1585 3296 1543 3296 1583 3296 1583 3297 1543 3297 1548 3297 1583 3298 1548 3298 1581 3298 1581 3299 1548 3299 1547 3299 1581 3300 1547 3300 1579 3300 1579 3301 1547 3301 1546 3301 1579 3302 1546 3302 1577 3302 1577 3303 1546 3303 1551 3303 1577 3304 1551 3304 1575 3304 1575 3305 1551 3305 1550 3305 1575 3306 1550 3306 1573 3306 1573 3307 1550 3307 1549 3307 1573 3308 1549 3308 1571 3308 1571 3309 1549 3309 1554 3309 1571 3310 1554 3310 1569 3310 1569 3311 1554 3311 1553 3311 1641 3312 1522 3312 619 3312 1642 3313 1643 3313 1641 3313 1644 3314 1645 3314 1646 3314 618 3315 1647 3315 619 3315 619 3316 1647 3316 1644 3316 619 3317 1644 3317 1641 3317 1641 3318 1644 3318 1646 3318 1641 3319 1646 3319 1642 3319 623 3320 1648 3320 1649 3320 623 3321 1649 3321 624 3321 624 3322 1649 3322 1650 3322 624 3323 1650 3323 626 3323 626 3324 1650 3324 1651 3324 626 3325 1651 3325 628 3325 628 3326 1651 3326 1652 3326 628 3327 1652 3327 630 3327 630 3328 1652 3328 1653 3328 630 3329 1653 3329 632 3329 632 3330 1653 3330 1654 3330 632 3331 1654 3331 634 3331 634 3332 1654 3332 1655 3332 634 3333 1655 3333 636 3333 636 3334 1655 3334 1656 3334 636 3335 1656 3335 638 3335 638 3336 1656 3336 1647 3336 638 3337 1647 3337 618 3337 1657 3338 1658 3338 661 3338 661 3339 696 3339 1659 3339 1659 3340 696 3340 1531 3340 1660 3341 1661 3341 1657 3341 1662 3342 1663 3342 1664 3342 661 3343 1659 3343 1657 3343 1657 3344 1659 3344 1665 3344 1657 3345 1665 3345 1660 3345 1666 3346 1667 3346 1659 3346 1659 3347 1667 3347 1662 3347 1668 3348 1669 3348 1670 3348 1670 3349 1669 3349 1671 3349 1664 3350 1672 3350 1662 3350 1662 3351 1672 3351 1673 3351 1662 3352 1673 3352 1674 3352 1671 3353 1675 3353 1670 3353 1670 3354 1675 3354 1676 3354 1670 3355 1676 3355 1677 3355 1674 3356 1678 3356 1662 3356 1662 3357 1678 3357 1679 3357 1662 3358 1679 3358 1680 3358 1677 3359 1681 3359 1670 3359 1670 3360 1681 3360 1682 3360 1670 3361 1682 3361 1683 3361 1680 3362 1684 3362 1662 3362 1662 3363 1684 3363 1685 3363 1662 3364 1685 3364 1686 3364 1683 3365 1687 3365 1670 3365 1670 3366 1687 3366 1688 3366 1670 3367 1688 3367 1689 3367 1686 3368 1690 3368 1662 3368 1662 3369 1690 3369 1691 3369 1662 3370 1691 3370 1692 3370 1689 3371 1693 3371 1670 3371 1670 3372 1693 3372 1694 3372 1670 3373 1694 3373 1695 3373 1692 3374 1696 3374 1662 3374 1662 3375 1696 3375 1697 3375 1662 3376 1697 3376 1698 3376 1695 3377 1699 3377 1670 3377 1670 3378 1699 3378 1700 3378 1670 3379 1700 3379 1701 3379 1698 3380 1702 3380 1662 3380 1662 3381 1702 3381 1703 3381 1662 3382 1703 3382 1659 3382 1659 3383 1703 3383 1670 3383 1659 3384 1670 3384 1665 3384 1665 3385 1670 3385 1701 3385 1704 3386 1705 3386 1648 3386 1648 3387 1705 3387 1706 3387 1644 3388 1647 3388 1707 3388 1707 3389 1647 3389 1656 3389 1706 3390 1708 3390 1648 3390 1648 3391 1708 3391 1709 3391 1648 3392 1709 3392 1710 3392 1656 3393 1655 3393 1707 3393 1707 3394 1655 3394 1654 3394 1707 3395 1654 3395 1653 3395 1653 3396 1652 3396 1707 3396 1707 3397 1652 3397 1651 3397 1707 3398 1651 3398 1650 3398 1710 3399 1711 3399 1648 3399 1648 3400 1711 3400 1712 3400 1648 3401 1712 3401 1713 3401 1713 3402 1714 3402 1648 3402 1648 3403 1714 3403 1707 3403 1648 3404 1707 3404 1649 3404 1649 3405 1707 3405 1650 3405 1715 3406 1707 3406 1716 3406 1716 3407 1707 3407 1714 3407 1716 3408 1714 3408 1717 3408 1717 3409 1714 3409 1713 3409 1717 3410 1713 3410 1718 3410 1718 3411 1713 3411 1712 3411 1718 3412 1712 3412 1719 3412 1719 3413 1712 3413 1711 3413 1719 3414 1711 3414 1720 3414 1720 3415 1711 3415 1710 3415 1720 3416 1710 3416 1721 3416 1721 3417 1710 3417 1709 3417 1721 3418 1709 3418 1722 3418 1722 3419 1709 3419 1708 3419 1722 3420 1708 3420 1723 3420 1723 3421 1708 3421 1706 3421 1723 3422 1706 3422 1724 3422 1724 3423 1706 3423 1705 3423 1724 3424 1705 3424 1725 3424 1725 3425 1705 3425 1704 3425 1725 3426 1704 3426 1726 3426 1644 3427 1707 3427 1645 3427 1645 3428 1707 3428 1715 3428 1727 3429 1659 3429 1531 3429 1525 3430 1524 3430 1728 3430 1524 3431 1523 3431 1728 3431 1728 3432 1523 3432 1522 3432 1728 3433 1522 3433 1641 3433 1729 3434 1730 3434 1531 3434 1531 3435 1730 3435 1731 3435 1531 3436 1731 3436 1727 3436 1732 3437 1733 3437 1531 3437 1733 3438 1734 3438 1531 3438 1531 3439 1734 3439 1735 3439 1531 3440 1735 3440 1729 3440 1528 3441 1728 3441 1529 3441 1529 3442 1728 3442 1530 3442 1528 3443 1527 3443 1728 3443 1728 3444 1527 3444 1526 3444 1728 3445 1526 3445 1525 3445 1530 3446 1728 3446 1531 3446 1531 3447 1728 3447 1736 3447 1531 3448 1736 3448 1732 3448 1728 3449 1641 3449 1737 3449 1737 3450 1641 3450 1643 3450 1666 3451 1659 3451 1738 3451 1738 3452 1659 3452 1727 3452 1738 3453 1727 3453 1739 3453 1739 3454 1727 3454 1740 3454 1740 3455 1727 3455 1731 3455 1740 3456 1731 3456 1741 3456 1741 3457 1731 3457 1730 3457 1741 3458 1730 3458 1742 3458 1742 3459 1730 3459 1729 3459 1742 3460 1729 3460 1743 3460 1743 3461 1729 3461 1735 3461 1743 3462 1735 3462 1744 3462 1744 3463 1735 3463 1734 3463 1744 3464 1734 3464 1745 3464 1745 3465 1734 3465 1733 3465 1745 3466 1733 3466 1746 3466 1746 3467 1733 3467 1732 3467 1746 3468 1732 3468 1747 3468 1747 3469 1732 3469 1736 3469 1747 3470 1736 3470 1737 3470 1737 3471 1736 3471 1728 3471 1748 3472 1749 3472 1750 3472 1751 3473 1752 3473 1753 3473 1754 3474 1755 3474 1750 3474 1756 3475 1757 3475 1753 3475 1753 3476 1757 3476 1758 3476 1753 3477 1758 3477 1751 3477 1755 3478 1759 3478 1750 3478 1750 3479 1759 3479 1760 3479 1750 3480 1760 3480 1748 3480 1761 3481 1762 3481 1753 3481 1762 3482 1763 3482 1753 3482 1753 3483 1763 3483 1764 3483 1753 3484 1764 3484 1756 3484 1765 3485 1766 3485 1750 3485 1750 3486 1766 3486 1767 3486 1765 3487 1750 3487 1753 3487 1753 3488 1750 3488 1768 3488 1753 3489 1768 3489 1761 3489 1767 3490 1769 3490 1750 3490 1750 3491 1769 3491 1770 3491 1750 3492 1770 3492 1754 3492 1771 3493 1750 3493 1772 3493 1772 3494 1750 3494 1749 3494 1772 3495 1749 3495 1773 3495 1774 3496 1752 3496 1775 3496 1775 3497 1752 3497 1751 3497 1775 3498 1751 3498 1776 3498 1776 3499 1751 3499 1777 3499 1777 3500 1751 3500 1758 3500 1777 3501 1758 3501 1778 3501 1778 3502 1758 3502 1757 3502 1778 3503 1757 3503 1779 3503 1779 3504 1757 3504 1756 3504 1779 3505 1756 3505 1780 3505 1780 3506 1756 3506 1764 3506 1780 3507 1764 3507 1781 3507 1781 3508 1764 3508 1763 3508 1781 3509 1763 3509 1782 3509 1782 3510 1763 3510 1762 3510 1782 3511 1762 3511 1783 3511 1783 3512 1762 3512 1761 3512 1783 3513 1761 3513 1784 3513 1784 3514 1761 3514 1768 3514 1784 3515 1768 3515 1771 3515 1771 3516 1768 3516 1750 3516 1658 3517 1657 3517 1785 3517 1786 3518 1787 3518 1788 3518 1789 3519 1790 3519 1658 3519 1658 3520 1790 3520 1791 3520 1658 3521 1791 3521 1786 3521 1788 3522 1792 3522 1786 3522 1786 3523 1792 3523 1793 3523 1786 3524 1793 3524 1794 3524 1785 3525 1795 3525 1658 3525 1658 3526 1795 3526 1796 3526 1658 3527 1796 3527 1797 3527 1794 3528 1798 3528 1786 3528 1786 3529 1798 3529 1799 3529 1786 3530 1799 3530 1800 3530 1800 3531 1801 3531 1786 3531 1786 3532 1801 3532 1802 3532 1786 3533 1802 3533 1658 3533 1797 3534 1803 3534 1658 3534 1658 3535 1803 3535 1804 3535 1658 3536 1804 3536 1789 3536 1805 3537 1786 3537 1806 3537 1806 3538 1786 3538 1791 3538 1806 3539 1791 3539 1807 3539 1807 3540 1791 3540 1790 3540 1807 3541 1790 3541 1808 3541 1808 3542 1790 3542 1789 3542 1808 3543 1789 3543 1809 3543 1809 3544 1789 3544 1804 3544 1809 3545 1804 3545 1810 3545 1810 3546 1804 3546 1803 3546 1810 3547 1803 3547 1811 3547 1811 3548 1803 3548 1797 3548 1811 3549 1797 3549 1812 3549 1812 3550 1797 3550 1796 3550 1812 3551 1796 3551 1813 3551 1813 3552 1796 3552 1795 3552 1813 3553 1795 3553 1814 3553 1814 3554 1795 3554 1785 3554 1814 3555 1785 3555 1815 3555 1815 3556 1785 3556 1657 3556 1815 3557 1657 3557 1661 3557 1816 3558 1787 3558 1817 3558 1817 3559 1787 3559 1786 3559 1817 3560 1786 3560 1805 3560 1818 3561 1819 3561 1820 3561 1820 3562 1819 3562 1821 3562 1820 3563 1821 3563 1822 3563 1823 3564 1824 3564 1820 3564 1820 3565 1824 3565 1825 3565 1820 3566 1825 3566 1818 3566 1826 3567 1827 3567 1820 3567 1820 3568 1827 3568 1828 3568 1820 3569 1828 3569 1823 3569 1829 3570 1830 3570 1820 3570 1820 3571 1830 3571 1831 3571 1820 3572 1831 3572 1826 3572 1832 3573 1833 3573 1820 3573 1820 3574 1833 3574 1834 3574 1820 3575 1834 3575 1829 3575 1835 3576 1836 3576 1820 3576 1820 3577 1836 3577 1837 3577 1820 3578 1837 3578 1832 3578 1838 3579 1839 3579 1820 3579 1820 3580 1839 3580 1840 3580 1820 3581 1840 3581 1835 3581 1841 3582 1842 3582 1820 3582 1820 3583 1842 3583 1843 3583 1820 3584 1843 3584 1838 3584 1844 3585 1845 3585 1820 3585 1820 3586 1845 3586 1846 3586 1820 3587 1846 3587 1841 3587 1847 3588 1848 3588 1820 3588 1820 3589 1848 3589 1849 3589 1820 3590 1849 3590 1844 3590 1850 3591 1851 3591 1820 3591 1820 3592 1851 3592 1852 3592 1820 3593 1852 3593 1847 3593 1822 3594 1853 3594 1820 3594 1820 3595 1853 3595 1854 3595 1820 3596 1854 3596 1850 3596 1774 3597 1775 3597 1855 3597 1856 3598 1857 3598 1858 3598 1859 3599 1855 3599 1858 3599 1858 3600 1855 3600 1775 3600 1858 3601 1775 3601 1856 3601 1860 3602 1861 3602 1862 3602 1862 3603 1861 3603 1863 3603 1864 3604 1865 3604 1861 3604 1861 3605 1865 3605 1866 3605 1861 3606 1866 3606 1863 3606 1863 3607 1866 3607 1867 3607 1685 3608 1684 3608 1868 3608 1869 3609 1870 3609 1871 3609 1869 3610 1871 3610 1872 3610 1873 3611 1690 3611 1868 3611 1868 3612 1690 3612 1686 3612 1868 3613 1686 3613 1685 3613 1874 3614 1692 3614 1873 3614 1873 3615 1692 3615 1691 3615 1873 3616 1691 3616 1690 3616 1875 3617 1697 3617 1874 3617 1874 3618 1697 3618 1696 3618 1874 3619 1696 3619 1692 3619 1871 3620 1703 3620 1872 3620 1872 3621 1703 3621 1702 3621 1872 3622 1702 3622 1875 3622 1875 3623 1702 3623 1698 3623 1875 3624 1698 3624 1697 3624 1876 3625 1877 3625 1878 3625 1878 3626 1877 3626 1870 3626 1670 3627 1703 3627 1877 3627 1877 3628 1703 3628 1871 3628 1877 3629 1871 3629 1870 3629 1687 3630 1683 3630 1879 3630 1880 3631 1881 3631 1882 3631 1883 3632 1689 3632 1879 3632 1879 3633 1689 3633 1688 3633 1879 3634 1688 3634 1687 3634 1884 3635 1694 3635 1883 3635 1883 3636 1694 3636 1693 3636 1883 3637 1693 3637 1689 3637 1885 3638 1699 3638 1884 3638 1884 3639 1699 3639 1695 3639 1884 3640 1695 3640 1694 3640 1882 3641 1665 3641 1880 3641 1880 3642 1665 3642 1701 3642 1880 3643 1701 3643 1885 3643 1885 3644 1701 3644 1700 3644 1885 3645 1700 3645 1699 3645 1816 3646 1817 3646 1886 3646 1887 3647 1888 3647 1889 3647 1890 3648 1886 3648 1889 3648 1889 3649 1886 3649 1817 3649 1889 3650 1817 3650 1887 3650 1891 3651 1772 3651 1773 3651 1892 3652 1890 3652 1893 3652 1893 3653 1890 3653 1889 3653 1893 3654 1889 3654 1888 3654 1894 3655 1895 3655 1892 3655 1892 3656 1895 3656 1896 3656 1892 3657 1896 3657 1890 3657 1892 3658 1897 3658 1894 3658 1894 3659 1897 3659 1898 3659 1894 3660 1898 3660 1899 3660 1900 3661 1901 3661 1898 3661 1898 3662 1901 3662 1902 3662 1898 3663 1902 3663 1899 3663 1903 3664 1904 3664 1900 3664 1900 3665 1904 3665 1905 3665 1900 3666 1905 3666 1901 3666 1906 3667 1903 3667 1907 3667 1908 3668 1909 3668 1910 3668 1911 3669 1912 3669 1907 3669 1907 3670 1912 3670 1913 3670 1907 3671 1913 3671 1906 3671 1914 3672 1915 3672 1911 3672 1911 3673 1915 3673 1916 3673 1911 3674 1916 3674 1912 3674 1917 3675 1918 3675 1914 3675 1914 3676 1918 3676 1919 3676 1914 3677 1919 3677 1915 3677 1910 3678 1920 3678 1908 3678 1908 3679 1920 3679 1921 3679 1908 3680 1921 3680 1917 3680 1917 3681 1921 3681 1922 3681 1917 3682 1922 3682 1918 3682 1891 3683 1920 3683 1772 3683 1772 3684 1920 3684 1910 3684 1772 3685 1910 3685 1923 3685 1923 3686 1910 3686 1909 3686 1924 3687 1725 3687 1726 3687 1925 3688 1864 3688 1926 3688 1926 3689 1864 3689 1861 3689 1926 3690 1861 3690 1927 3690 1927 3691 1861 3691 1860 3691 1928 3692 1929 3692 1925 3692 1925 3693 1929 3693 1930 3693 1925 3694 1930 3694 1864 3694 1925 3695 1931 3695 1928 3695 1928 3696 1931 3696 1932 3696 1928 3697 1932 3697 1933 3697 1934 3698 1935 3698 1932 3698 1932 3699 1935 3699 1936 3699 1932 3700 1936 3700 1933 3700 1937 3701 1938 3701 1934 3701 1934 3702 1938 3702 1939 3702 1934 3703 1939 3703 1935 3703 1940 3704 1937 3704 1941 3704 1942 3705 1943 3705 1944 3705 1942 3706 1944 3706 1945 3706 1946 3707 1947 3707 1941 3707 1941 3708 1947 3708 1948 3708 1941 3709 1948 3709 1940 3709 1949 3710 1950 3710 1946 3710 1946 3711 1950 3711 1951 3711 1946 3712 1951 3712 1947 3712 1952 3713 1953 3713 1949 3713 1949 3714 1953 3714 1954 3714 1949 3715 1954 3715 1950 3715 1944 3716 1955 3716 1945 3716 1945 3717 1955 3717 1956 3717 1945 3718 1956 3718 1952 3718 1952 3719 1956 3719 1957 3719 1952 3720 1957 3720 1953 3720 1944 3721 1943 3721 1958 3721 1955 3722 1944 3722 1924 3722 1924 3723 1944 3723 1958 3723 1924 3724 1958 3724 1725 3724 1959 3725 1859 3725 1960 3725 1960 3726 1859 3726 1858 3726 1960 3727 1858 3727 1857 3727 1961 3728 1962 3728 1959 3728 1959 3729 1962 3729 1963 3729 1959 3730 1963 3730 1859 3730 1959 3731 1964 3731 1961 3731 1961 3732 1964 3732 1965 3732 1961 3733 1965 3733 1966 3733 1967 3734 1968 3734 1965 3734 1965 3735 1968 3735 1969 3735 1965 3736 1969 3736 1966 3736 1970 3737 1971 3737 1967 3737 1967 3738 1971 3738 1972 3738 1967 3739 1972 3739 1968 3739 1973 3740 1970 3740 1974 3740 1975 3741 1867 3741 1866 3741 1976 3742 1977 3742 1974 3742 1974 3743 1977 3743 1978 3743 1974 3744 1978 3744 1973 3744 1979 3745 1980 3745 1976 3745 1976 3746 1980 3746 1981 3746 1976 3747 1981 3747 1977 3747 1982 3748 1983 3748 1979 3748 1979 3749 1983 3749 1984 3749 1979 3750 1984 3750 1980 3750 1866 3751 1865 3751 1975 3751 1975 3752 1865 3752 1985 3752 1975 3753 1985 3753 1982 3753 1982 3754 1985 3754 1986 3754 1982 3755 1986 3755 1983 3755 1987 3756 1662 3756 1988 3756 1988 3757 1662 3757 1989 3757 1988 3758 1989 3758 1990 3758 1990 3759 1989 3759 1991 3759 1672 3760 1664 3760 1987 3760 1987 3761 1664 3761 1663 3761 1987 3762 1663 3762 1662 3762 1987 3763 1992 3763 1672 3763 1672 3764 1992 3764 1993 3764 1672 3765 1993 3765 1673 3765 1994 3766 1678 3766 1993 3766 1993 3767 1678 3767 1674 3767 1993 3768 1674 3768 1673 3768 1684 3769 1680 3769 1994 3769 1994 3770 1680 3770 1679 3770 1994 3771 1679 3771 1678 3771 1995 3772 1991 3772 1989 3772 1667 3773 1738 3773 1996 3773 1995 3774 1989 3774 1996 3774 1996 3775 1989 3775 1662 3775 1996 3776 1662 3776 1667 3776 1666 3777 1738 3777 1667 3777 1997 3778 1670 3778 1998 3778 1998 3779 1670 3779 1877 3779 1998 3780 1877 3780 1876 3780 1671 3781 1669 3781 1997 3781 1997 3782 1669 3782 1668 3782 1997 3783 1668 3783 1670 3783 1997 3784 1999 3784 1671 3784 1671 3785 1999 3785 2000 3785 1671 3786 2000 3786 1675 3786 2001 3787 1677 3787 2000 3787 2000 3788 1677 3788 1676 3788 2000 3789 1676 3789 1675 3789 1683 3790 1682 3790 2001 3790 2001 3791 1682 3791 1681 3791 2001 3792 1681 3792 1677 3792 1660 3793 1815 3793 1661 3793 1660 3794 1665 3794 1815 3794 1815 3795 1665 3795 1882 3795 1815 3796 1882 3796 2002 3796 2002 3797 1882 3797 1881 3797 2003 3798 2004 3798 2005 3798 2005 3799 2004 3799 2006 3799 2005 3800 2006 3800 2007 3800 2008 3801 2009 3801 2005 3801 2005 3802 2009 3802 2010 3802 2005 3803 2010 3803 2003 3803 2011 3804 2012 3804 2005 3804 2005 3805 2012 3805 2013 3805 2005 3806 2013 3806 2008 3806 2014 3807 2015 3807 2005 3807 2005 3808 2015 3808 2016 3808 2005 3809 2016 3809 2011 3809 2017 3810 2018 3810 2005 3810 2005 3811 2018 3811 2019 3811 2005 3812 2019 3812 2014 3812 2020 3813 2021 3813 2005 3813 2005 3814 2021 3814 2022 3814 2005 3815 2022 3815 2017 3815 2023 3816 2024 3816 2005 3816 2005 3817 2024 3817 2025 3817 2005 3818 2025 3818 2020 3818 2026 3819 2027 3819 2005 3819 2005 3820 2027 3820 2028 3820 2005 3821 2028 3821 2023 3821 2029 3822 2030 3822 2005 3822 2005 3823 2030 3823 2031 3823 2005 3824 2031 3824 2026 3824 2032 3825 2033 3825 2005 3825 2005 3826 2033 3826 2034 3826 2005 3827 2034 3827 2029 3827 2035 3828 2036 3828 2005 3828 2005 3829 2036 3829 2037 3829 2005 3830 2037 3830 2032 3830 2007 3831 2038 3831 2005 3831 2005 3832 2038 3832 2039 3832 2005 3833 2039 3833 2035 3833 2040 3834 2025 3834 2041 3834 2041 3835 2025 3835 2024 3835 2041 3836 2024 3836 2042 3836 2042 3837 2024 3837 2023 3837 2042 3838 2023 3838 2043 3838 2043 3839 2023 3839 2028 3839 2043 3840 2028 3840 2044 3840 2044 3841 2028 3841 2027 3841 2044 3842 2027 3842 2045 3842 2045 3843 2027 3843 2026 3843 2045 3844 2026 3844 2046 3844 2046 3845 2026 3845 2031 3845 2046 3846 2031 3846 2047 3846 2047 3847 2031 3847 2030 3847 2047 3848 2030 3848 2048 3848 2048 3849 2030 3849 2029 3849 2048 3850 2029 3850 2049 3850 2049 3851 2029 3851 2034 3851 2049 3852 2034 3852 2050 3852 2050 3853 2034 3853 2033 3853 2050 3854 2033 3854 2051 3854 2051 3855 2033 3855 2032 3855 2051 3856 2032 3856 2052 3856 2052 3857 2032 3857 2037 3857 2052 3858 2037 3858 2053 3858 2053 3859 2037 3859 2036 3859 2053 3860 2036 3860 2054 3860 2054 3861 2036 3861 2035 3861 2054 3862 2035 3862 2055 3862 2055 3863 2035 3863 2039 3863 2055 3864 2039 3864 2056 3864 2056 3865 2039 3865 2038 3865 2056 3866 2038 3866 2057 3866 2057 3867 2038 3867 2007 3867 2057 3868 2007 3868 2058 3868 2058 3869 2007 3869 2006 3869 2058 3870 2006 3870 2059 3870 2059 3871 2006 3871 2004 3871 2059 3872 2004 3872 2060 3872 2060 3873 2004 3873 2003 3873 2060 3874 2003 3874 2061 3874 2061 3875 2003 3875 2010 3875 2061 3876 2010 3876 2062 3876 2062 3877 2010 3877 2009 3877 2062 3878 2009 3878 2063 3878 2063 3879 2009 3879 2008 3879 2063 3880 2008 3880 2064 3880 2064 3881 2008 3881 2013 3881 2064 3882 2013 3882 2065 3882 2065 3883 2013 3883 2012 3883 2065 3884 2012 3884 2066 3884 2066 3885 2012 3885 2011 3885 2066 3886 2011 3886 2067 3886 2067 3887 2011 3887 2016 3887 2067 3888 2016 3888 2068 3888 2068 3889 2016 3889 2015 3889 2068 3890 2015 3890 2069 3890 2069 3891 2015 3891 2014 3891 2069 3892 2014 3892 2070 3892 2070 3893 2014 3893 2019 3893 2070 3894 2019 3894 2071 3894 2071 3895 2019 3895 2018 3895 2071 3896 2018 3896 2072 3896 2072 3897 2018 3897 2017 3897 2072 3898 2017 3898 2073 3898 2073 3899 2017 3899 2022 3899 2073 3900 2022 3900 2074 3900 2074 3901 2022 3901 2021 3901 2074 3902 2021 3902 2075 3902 2075 3903 2021 3903 2020 3903 2075 3904 2020 3904 2040 3904 2040 3905 2020 3905 2025 3905 2076 3906 2077 3906 2078 3906 2078 3907 2077 3907 2079 3907 2078 3908 2079 3908 2080 3908 2081 3909 2082 3909 2078 3909 2078 3910 2082 3910 2083 3910 2078 3911 2083 3911 2076 3911 2084 3912 2085 3912 2078 3912 2078 3913 2085 3913 2086 3913 2078 3914 2086 3914 2081 3914 2087 3915 2088 3915 2078 3915 2078 3916 2088 3916 2089 3916 2078 3917 2089 3917 2084 3917 2090 3918 2091 3918 2078 3918 2078 3919 2091 3919 2092 3919 2078 3920 2092 3920 2087 3920 2093 3921 2094 3921 2078 3921 2078 3922 2094 3922 2095 3922 2078 3923 2095 3923 2090 3923 2096 3924 2097 3924 2078 3924 2078 3925 2097 3925 2098 3925 2078 3926 2098 3926 2093 3926 2099 3927 2100 3927 2078 3927 2078 3928 2100 3928 2101 3928 2078 3929 2101 3929 2096 3929 2102 3930 2103 3930 2078 3930 2078 3931 2103 3931 2104 3931 2078 3932 2104 3932 2099 3932 2105 3933 2106 3933 2078 3933 2078 3934 2106 3934 2107 3934 2078 3935 2107 3935 2102 3935 2108 3936 2109 3936 2078 3936 2078 3937 2109 3937 2110 3937 2078 3938 2110 3938 2105 3938 2080 3939 2111 3939 2078 3939 2078 3940 2111 3940 2112 3940 2078 3941 2112 3941 2108 3941 2113 3942 2098 3942 2114 3942 2114 3943 2098 3943 2097 3943 2114 3944 2097 3944 2115 3944 2115 3945 2097 3945 2096 3945 2115 3946 2096 3946 2116 3946 2116 3947 2096 3947 2101 3947 2116 3948 2101 3948 2117 3948 2117 3949 2101 3949 2100 3949 2117 3950 2100 3950 2118 3950 2118 3951 2100 3951 2099 3951 2118 3952 2099 3952 2119 3952 2119 3953 2099 3953 2104 3953 2119 3954 2104 3954 2120 3954 2120 3955 2104 3955 2103 3955 2120 3956 2103 3956 2121 3956 2121 3957 2103 3957 2102 3957 2121 3958 2102 3958 2122 3958 2122 3959 2102 3959 2107 3959 2122 3960 2107 3960 2123 3960 2123 3961 2107 3961 2106 3961 2123 3962 2106 3962 2124 3962 2124 3963 2106 3963 2105 3963 2124 3964 2105 3964 2125 3964 2125 3965 2105 3965 2110 3965 2125 3966 2110 3966 2126 3966 2126 3967 2110 3967 2109 3967 2126 3968 2109 3968 2127 3968 2127 3969 2109 3969 2108 3969 2127 3970 2108 3970 2128 3970 2128 3971 2108 3971 2112 3971 2128 3972 2112 3972 2129 3972 2129 3973 2112 3973 2111 3973 2129 3974 2111 3974 2130 3974 2130 3975 2111 3975 2080 3975 2130 3976 2080 3976 2131 3976 2131 3977 2080 3977 2079 3977 2131 3978 2079 3978 2132 3978 2132 3979 2079 3979 2077 3979 2132 3980 2077 3980 2133 3980 2133 3981 2077 3981 2076 3981 2133 3982 2076 3982 2134 3982 2134 3983 2076 3983 2083 3983 2134 3984 2083 3984 2135 3984 2135 3985 2083 3985 2082 3985 2135 3986 2082 3986 2136 3986 2136 3987 2082 3987 2081 3987 2136 3988 2081 3988 2137 3988 2137 3989 2081 3989 2086 3989 2137 3990 2086 3990 2138 3990 2138 3991 2086 3991 2085 3991 2138 3992 2085 3992 2139 3992 2139 3993 2085 3993 2084 3993 2139 3994 2084 3994 2140 3994 2140 3995 2084 3995 2089 3995 2140 3996 2089 3996 2141 3996 2141 3997 2089 3997 2088 3997 2141 3998 2088 3998 2142 3998 2142 3999 2088 3999 2087 3999 2142 4000 2087 4000 2143 4000 2143 4001 2087 4001 2092 4001 2143 4002 2092 4002 2144 4002 2144 4003 2092 4003 2091 4003 2144 4004 2091 4004 2145 4004 2145 4005 2091 4005 2090 4005 2145 4006 2090 4006 2146 4006 2146 4007 2090 4007 2095 4007 2146 4008 2095 4008 2147 4008 2147 4009 2095 4009 2094 4009 2147 4010 2094 4010 2148 4010 2148 4011 2094 4011 2093 4011 2148 4012 2093 4012 2113 4012 2113 4013 2093 4013 2098 4013 2149 4014 2150 4014 2151 4014 2151 4015 2150 4015 2152 4015 2151 4016 2152 4016 2153 4016 2154 4017 2155 4017 2151 4017 2151 4018 2155 4018 2156 4018 2151 4019 2156 4019 2149 4019 2157 4020 2158 4020 2151 4020 2151 4021 2158 4021 2159 4021 2151 4022 2159 4022 2154 4022 2160 4023 2161 4023 2151 4023 2151 4024 2161 4024 2162 4024 2151 4025 2162 4025 2157 4025 2163 4026 2164 4026 2151 4026 2151 4027 2164 4027 2165 4027 2151 4028 2165 4028 2160 4028 2166 4029 2167 4029 2151 4029 2151 4030 2167 4030 2168 4030 2151 4031 2168 4031 2163 4031 2169 4032 2170 4032 2151 4032 2151 4033 2170 4033 2171 4033 2151 4034 2171 4034 2166 4034 2172 4035 2173 4035 2151 4035 2151 4036 2173 4036 2174 4036 2151 4037 2174 4037 2169 4037 2175 4038 2176 4038 2151 4038 2151 4039 2176 4039 2177 4039 2151 4040 2177 4040 2172 4040 2178 4041 2179 4041 2151 4041 2151 4042 2179 4042 2180 4042 2151 4043 2180 4043 2175 4043 2181 4044 2182 4044 2151 4044 2151 4045 2182 4045 2183 4045 2151 4046 2183 4046 2178 4046 2153 4047 2184 4047 2151 4047 2151 4048 2184 4048 2185 4048 2151 4049 2185 4049 2181 4049 2186 4050 2171 4050 2187 4050 2187 4051 2171 4051 2170 4051 2187 4052 2170 4052 2188 4052 2188 4053 2170 4053 2169 4053 2188 4054 2169 4054 2189 4054 2189 4055 2169 4055 2174 4055 2189 4056 2174 4056 2190 4056 2190 4057 2174 4057 2173 4057 2190 4058 2173 4058 2191 4058 2191 4059 2173 4059 2172 4059 2191 4060 2172 4060 2192 4060 2192 4061 2172 4061 2177 4061 2192 4062 2177 4062 2193 4062 2193 4063 2177 4063 2176 4063 2193 4064 2176 4064 2194 4064 2194 4065 2176 4065 2175 4065 2194 4066 2175 4066 2195 4066 2195 4067 2175 4067 2180 4067 2195 4068 2180 4068 2196 4068 2196 4069 2180 4069 2179 4069 2196 4070 2179 4070 2197 4070 2197 4071 2179 4071 2178 4071 2197 4072 2178 4072 2198 4072 2198 4073 2178 4073 2183 4073 2198 4074 2183 4074 2199 4074 2199 4075 2183 4075 2182 4075 2199 4076 2182 4076 2200 4076 2200 4077 2182 4077 2181 4077 2200 4078 2181 4078 2201 4078 2201 4079 2181 4079 2185 4079 2201 4080 2185 4080 2202 4080 2202 4081 2185 4081 2184 4081 2202 4082 2184 4082 2203 4082 2203 4083 2184 4083 2153 4083 2203 4084 2153 4084 2204 4084 2204 4085 2153 4085 2152 4085 2204 4086 2152 4086 2205 4086 2205 4087 2152 4087 2150 4087 2205 4088 2150 4088 2206 4088 2206 4089 2150 4089 2149 4089 2206 4090 2149 4090 2207 4090 2207 4091 2149 4091 2156 4091 2207 4092 2156 4092 2208 4092 2208 4093 2156 4093 2155 4093 2208 4094 2155 4094 2209 4094 2209 4095 2155 4095 2154 4095 2209 4096 2154 4096 2210 4096 2210 4097 2154 4097 2159 4097 2210 4098 2159 4098 2211 4098 2211 4099 2159 4099 2158 4099 2211 4100 2158 4100 2212 4100 2212 4101 2158 4101 2157 4101 2212 4102 2157 4102 2213 4102 2213 4103 2157 4103 2162 4103 2213 4104 2162 4104 2214 4104 2214 4105 2162 4105 2161 4105 2214 4106 2161 4106 2215 4106 2215 4107 2161 4107 2160 4107 2215 4108 2160 4108 2216 4108 2216 4109 2160 4109 2165 4109 2216 4110 2165 4110 2217 4110 2217 4111 2165 4111 2164 4111 2217 4112 2164 4112 2218 4112 2218 4113 2164 4113 2163 4113 2218 4114 2163 4114 2219 4114 2219 4115 2163 4115 2168 4115 2219 4116 2168 4116 2220 4116 2220 4117 2168 4117 2167 4117 2220 4118 2167 4118 2221 4118 2221 4119 2167 4119 2166 4119 2221 4120 2166 4120 2186 4120 2186 4121 2166 4121 2171 4121 661 4122 1658 4122 1802 4122 661 4123 1802 4123 662 4123 662 4124 1802 4124 1801 4124 662 4125 1801 4125 664 4125 664 4126 1801 4126 1800 4126 664 4127 1800 4127 666 4127 666 4128 1800 4128 1799 4128 666 4129 1799 4129 668 4129 668 4130 1799 4130 1798 4130 668 4131 1798 4131 670 4131 670 4132 1798 4132 1794 4132 670 4133 1794 4133 672 4133 672 4134 1794 4134 1793 4134 672 4135 1793 4135 674 4135 674 4136 1793 4136 1792 4136 674 4137 1792 4137 676 4137 676 4138 1792 4138 1788 4138 676 4139 1788 4139 678 4139 641 4140 678 4140 1788 4140 1788 4141 1787 4141 641 4141 641 4142 1787 4142 1749 4142 641 4143 1749 4143 1748 4143 1787 4144 1816 4144 1886 4144 1921 4145 1920 4145 1890 4145 1886 4146 1890 4146 1787 4146 1787 4147 1890 4147 1920 4147 1787 4148 1920 4148 1749 4148 1749 4149 1920 4149 1891 4149 1749 4150 1891 4150 1773 4150 1919 4151 1918 4151 1890 4151 1890 4152 1918 4152 1922 4152 1890 4153 1922 4153 1921 4153 1890 4154 1896 4154 1919 4154 1919 4155 1896 4155 1895 4155 1919 4156 1895 4156 1894 4156 1894 4157 1899 4157 1919 4157 1919 4158 1899 4158 1902 4158 1919 4159 1902 4159 1901 4159 1906 4160 1913 4160 1915 4160 1915 4161 1913 4161 1912 4161 1915 4162 1912 4162 1916 4162 1901 4163 1905 4163 1919 4163 1919 4164 1905 4164 1904 4164 1919 4165 1904 4165 1915 4165 1915 4166 1904 4166 1903 4166 1915 4167 1903 4167 1906 4167 641 4168 1748 4168 1760 4168 641 4169 1760 4169 2222 4169 2222 4170 1760 4170 1759 4170 2222 4171 1759 4171 2223 4171 2223 4172 1759 4172 1755 4172 2223 4173 1755 4173 2224 4173 2224 4174 1755 4174 1754 4174 2224 4175 1754 4175 2225 4175 2225 4176 1754 4176 1770 4176 2225 4177 1770 4177 2226 4177 2226 4178 1770 4178 1769 4178 2226 4179 1769 4179 2227 4179 2227 4180 1769 4180 1767 4180 2227 4181 1767 4181 2228 4181 2228 4182 1767 4182 1766 4182 2228 4183 1766 4183 2229 4183 2229 4184 1766 4184 1765 4184 2229 4185 1765 4185 2230 4185 2230 4186 1765 4186 1753 4186 2230 4187 1753 4187 658 4187 1704 4188 1648 4188 623 4188 623 4189 658 4189 1752 4189 1752 4190 658 4190 1753 4190 1924 4191 1726 4191 1704 4191 623 4192 1752 4192 1704 4192 1704 4193 1752 4193 1955 4193 1704 4194 1955 4194 1924 4194 1774 4195 1855 4195 1752 4195 1752 4196 1855 4196 1859 4196 1930 4197 1929 4197 1864 4197 1864 4198 1929 4198 1928 4198 1984 4199 1963 4199 1962 4199 1963 4200 1984 4200 1859 4200 1859 4201 1984 4201 1983 4201 1859 4202 1983 4202 1986 4202 1928 4203 1933 4203 1864 4203 1864 4204 1933 4204 1936 4204 1864 4205 1936 4205 1935 4205 1935 4206 1939 4206 1864 4206 1864 4207 1939 4207 1938 4207 1864 4208 1938 4208 1937 4208 1970 4209 1962 4209 1971 4209 1971 4210 1962 4210 1961 4210 1971 4211 1961 4211 1966 4211 1970 4212 1973 4212 1962 4212 1962 4213 1973 4213 1978 4213 1962 4214 1978 4214 1977 4214 1966 4215 1969 4215 1971 4215 1971 4216 1969 4216 1968 4216 1971 4217 1968 4217 1972 4217 1977 4218 1981 4218 1962 4218 1962 4219 1981 4219 1980 4219 1962 4220 1980 4220 1984 4220 1937 4221 1940 4221 1864 4221 1864 4222 1940 4222 1948 4222 1864 4223 1948 4223 1947 4223 1947 4224 1951 4224 1864 4224 1864 4225 1951 4225 1950 4225 1864 4226 1950 4226 1954 4226 1954 4227 1953 4227 1864 4227 1864 4228 1953 4228 1957 4228 1864 4229 1957 4229 1956 4229 1956 4230 1955 4230 1864 4230 1864 4231 1955 4231 1752 4231 1864 4232 1752 4232 1865 4232 1865 4233 1752 4233 1859 4233 1865 4234 1859 4234 1985 4234 1985 4235 1859 4235 1986 4235 661 4236 658 4236 696 4236 696 4237 658 4237 623 4237 2223 4238 2224 4238 2230 4238 623 4239 638 4239 618 4239 623 4240 618 4240 696 4240 696 4241 618 4241 619 4241 661 4242 672 4242 674 4242 674 4243 676 4243 661 4243 661 4244 676 4244 678 4244 661 4245 678 4245 658 4245 658 4246 678 4246 641 4246 658 4247 641 4247 2230 4247 2230 4248 641 4248 2222 4248 2230 4249 2222 4249 2223 4249 680 4250 682 4250 696 4250 696 4251 684 4251 686 4251 2226 4252 2227 4252 2228 4252 686 4253 688 4253 690 4253 661 4254 668 4254 670 4254 2224 4255 2225 4255 2230 4255 2230 4256 2225 4256 2226 4256 2230 4257 2226 4257 2229 4257 2229 4258 2226 4258 2228 4258 690 4259 692 4259 686 4259 686 4260 692 4260 694 4260 624 4261 626 4261 623 4261 623 4262 626 4262 628 4262 630 4263 632 4263 623 4263 623 4264 632 4264 634 4264 2231 4265 2232 4265 2233 4265 2233 4266 2232 4266 2234 4266 2233 4267 2234 4267 2235 4267 2236 4268 2237 4268 2233 4268 2233 4269 2237 4269 2238 4269 2233 4270 2238 4270 2231 4270 2239 4271 2240 4271 2233 4271 2233 4272 2240 4272 2241 4272 2233 4273 2241 4273 2236 4273 2242 4274 2243 4274 2233 4274 2233 4275 2243 4275 2244 4275 2233 4276 2244 4276 2239 4276 2245 4277 2246 4277 2233 4277 2233 4278 2246 4278 2247 4278 2233 4279 2247 4279 2242 4279 2248 4280 2249 4280 2233 4280 2233 4281 2249 4281 2250 4281 2233 4282 2250 4282 2245 4282 2251 4283 2252 4283 2233 4283 2233 4284 2252 4284 2253 4284 2233 4285 2253 4285 2248 4285 2254 4286 2255 4286 2233 4286 2233 4287 2255 4287 2256 4287 2233 4288 2256 4288 2251 4288 2257 4289 2258 4289 2233 4289 2233 4290 2258 4290 2259 4290 2233 4291 2259 4291 2254 4291 2260 4292 2261 4292 2233 4292 2233 4293 2261 4293 2262 4293 2233 4294 2262 4294 2257 4294 2263 4295 2264 4295 2233 4295 2233 4296 2264 4296 2265 4296 2233 4297 2265 4297 2260 4297 2235 4298 2266 4298 2233 4298 2233 4299 2266 4299 2267 4299 2233 4300 2267 4300 2263 4300 1995 4301 1996 4301 2268 4301 1771 4302 1772 4302 1923 4302 2269 4303 1810 4303 1811 4303 1811 4304 1812 4304 2269 4304 2269 4305 1812 4305 1813 4305 2269 4306 1813 4306 2002 4306 2002 4307 1813 4307 1814 4307 2002 4308 1814 4308 1815 4308 2270 4309 1808 4309 2269 4309 2269 4310 1808 4310 1809 4310 2269 4311 1809 4311 1810 4311 1817 4312 1805 4312 1887 4312 1887 4313 1805 4313 1806 4313 1887 4314 1806 4314 2270 4314 2270 4315 1806 4315 1807 4315 2270 4316 1807 4316 1808 4316 2271 4317 2272 4317 1909 4317 1909 4318 2272 4318 2273 4318 1909 4319 2273 4319 2274 4319 2275 4320 2276 4320 1923 4320 2277 4321 2278 4321 2270 4321 2274 4322 2279 4322 1909 4322 1909 4323 2279 4323 2280 4323 1909 4324 2280 4324 1923 4324 1923 4325 2280 4325 2281 4325 1923 4326 2281 4326 2275 4326 2282 4327 2283 4327 1888 4327 2271 4328 1903 4328 2284 4328 2284 4329 1903 4329 1900 4329 2284 4330 1900 4330 2285 4330 2276 4331 2286 4331 1923 4331 1923 4332 2286 4332 2287 4332 1923 4333 2287 4333 2288 4333 2288 4334 2287 4334 2289 4334 2288 4335 2289 4335 2290 4335 2290 4336 2291 4336 2288 4336 2288 4337 2291 4337 2292 4337 2288 4338 2292 4338 2293 4338 1900 4339 1898 4339 2285 4339 2285 4340 1898 4340 1897 4340 2285 4341 1897 4341 2294 4341 2294 4342 1897 4342 1892 4342 2294 4343 1892 4343 2295 4343 2295 4344 1892 4344 1893 4344 2295 4345 1893 4345 2296 4345 2296 4346 1893 4346 1888 4346 2296 4347 1888 4347 2297 4347 2297 4348 1888 4348 2283 4348 2293 4349 2298 4349 2288 4349 2288 4350 2298 4350 2299 4350 2288 4351 2299 4351 2270 4351 2270 4352 2299 4352 2300 4352 2270 4353 2300 4353 2277 4353 2278 4354 2301 4354 2270 4354 2270 4355 2301 4355 2302 4355 2270 4356 2302 4356 2303 4356 2303 4357 2304 4357 2270 4357 2270 4358 2304 4358 2305 4358 2270 4359 2305 4359 1887 4359 1887 4360 2305 4360 2306 4360 1887 4361 2306 4361 1888 4361 1888 4362 2306 4362 2307 4362 1888 4363 2307 4363 2282 4363 1909 4364 1908 4364 2271 4364 2271 4365 1908 4365 1917 4365 2271 4366 1917 4366 1914 4366 1914 4367 1911 4367 2271 4367 2271 4368 1911 4368 1907 4368 2271 4369 1907 4369 1903 4369 2288 4370 2308 4370 1781 4370 1781 4371 1782 4371 2288 4371 2288 4372 1782 4372 1783 4372 2288 4373 1783 4373 1923 4373 1923 4374 1783 4374 1784 4374 1923 4375 1784 4375 1771 4375 1777 4376 1778 4376 2308 4376 1778 4377 1779 4377 2308 4377 2308 4378 1779 4378 1780 4378 2308 4379 1780 4379 1781 4379 1777 4380 2308 4380 1776 4380 1776 4381 2308 4381 1856 4381 1776 4382 1856 4382 1775 4382 2309 4383 2310 4383 1867 4383 2310 4384 2311 4384 1867 4384 1867 4385 2311 4385 2312 4385 1867 4386 2312 4386 1863 4386 2313 4387 2314 4387 1857 4387 1857 4388 2314 4388 2315 4388 1857 4389 2315 4389 2316 4389 2312 4390 2317 4390 1863 4390 1863 4391 2317 4391 2318 4391 1863 4392 2318 4392 2319 4392 2320 4393 2321 4393 2322 4393 2322 4394 2321 4394 2323 4394 2322 4395 2323 4395 2324 4395 2324 4396 2325 4396 2322 4396 2322 4397 2325 4397 2326 4397 2322 4398 2326 4398 2327 4398 2327 4399 2328 4399 2308 4399 2308 4400 2328 4400 2329 4400 2308 4401 2329 4401 2330 4401 2330 4402 2331 4402 2308 4402 2308 4403 2331 4403 2332 4403 2308 4404 2332 4404 2333 4404 2334 4405 2335 4405 2322 4405 2322 4406 2335 4406 2336 4406 2322 4407 2336 4407 2320 4407 2333 4408 2337 4408 2308 4408 2308 4409 2337 4409 2338 4409 2308 4410 2338 4410 1856 4410 1856 4411 2338 4411 2339 4411 1856 4412 2339 4412 2340 4412 2340 4413 2341 4413 1856 4413 1856 4414 2341 4414 2342 4414 1856 4415 2342 4415 1857 4415 1857 4416 2342 4416 2343 4416 1857 4417 2343 4417 2313 4417 2344 4418 1974 4418 2345 4418 2345 4419 1974 4419 1970 4419 2345 4420 1970 4420 2316 4420 1970 4421 1967 4421 2316 4421 2316 4422 1967 4422 1965 4422 2316 4423 1965 4423 1964 4423 2309 4424 1867 4424 2344 4424 2344 4425 1867 4425 1975 4425 2344 4426 1975 4426 1982 4426 1964 4427 1959 4427 2316 4427 2316 4428 1959 4428 1960 4428 2316 4429 1960 4429 1857 4429 1982 4430 1979 4430 2344 4430 2344 4431 1979 4431 1976 4431 2344 4432 1976 4432 1974 4432 2319 4433 2334 4433 1863 4433 1863 4434 2334 4434 2322 4434 1863 4435 2322 4435 1862 4435 2346 4436 2347 4436 1927 4436 2346 4437 1927 4437 2348 4437 1958 4438 1943 4438 2349 4438 1860 4439 2350 4439 1927 4439 1927 4440 2350 4440 2351 4440 1927 4441 2351 4441 2348 4441 2352 4442 2353 4442 2354 4442 2354 4443 2353 4443 2355 4443 1942 4444 2356 4444 2357 4444 2349 4445 2358 4445 1958 4445 1958 4446 2358 4446 2359 4446 1958 4447 2359 4447 2360 4447 2361 4448 2362 4448 2360 4448 2355 4449 2363 4449 2354 4449 2354 4450 2363 4450 2364 4450 2354 4451 2364 4451 2365 4451 1862 4452 2366 4452 1860 4452 1860 4453 2366 4453 2367 4453 1860 4454 2367 4454 2350 4454 2357 4455 2368 4455 1942 4455 1942 4456 2368 4456 2369 4456 1942 4457 2369 4457 1943 4457 1943 4458 2369 4458 2370 4458 1943 4459 2370 4459 2349 4459 2362 4460 2371 4460 2360 4460 2360 4461 2371 4461 2372 4461 2360 4462 2372 4462 2354 4462 2354 4463 2372 4463 2373 4463 2354 4464 2373 4464 2352 4464 2365 4465 2374 4465 2354 4465 2354 4466 2374 4466 2375 4466 2354 4467 2375 4467 1862 4467 1862 4468 2375 4468 2376 4468 1862 4469 2376 4469 2366 4469 2359 4470 2377 4470 2360 4470 2360 4471 2377 4471 2378 4471 2360 4472 2378 4472 2379 4472 2379 4473 2380 4473 2360 4473 2360 4474 2380 4474 2381 4474 2360 4475 2381 4475 2361 4475 1945 4476 1927 4476 1942 4476 1942 4477 1927 4477 2347 4477 1942 4478 2347 4478 2356 4478 1941 4479 1937 4479 1945 4479 1941 4480 1945 4480 1946 4480 1946 4481 1945 4481 1952 4481 1946 4482 1952 4482 1949 4482 1937 4483 1934 4483 1945 4483 1945 4484 1934 4484 1932 4484 1945 4485 1932 4485 1931 4485 1931 4486 1925 4486 1945 4486 1945 4487 1925 4487 1926 4487 1945 4488 1926 4488 1927 4488 1720 4489 1721 4489 2360 4489 2360 4490 1721 4490 1722 4490 1725 4491 1958 4491 1724 4491 1724 4492 1958 4492 2360 4492 1724 4493 2360 4493 1723 4493 1723 4494 2360 4494 1722 4494 1645 4495 1715 4495 1612 4495 1715 4496 1716 4496 1612 4496 1612 4497 1716 4497 1717 4497 1612 4498 1717 4498 1614 4498 1614 4499 1717 4499 1718 4499 1614 4500 1718 4500 1616 4500 1616 4501 1718 4501 1719 4501 1616 4502 1719 4502 1618 4502 1720 4503 2360 4503 1719 4503 1719 4504 2360 4504 1620 4504 1719 4505 1620 4505 1618 4505 1737 4506 1643 4506 1642 4506 1586 4507 2268 4507 1588 4507 1588 4508 2268 4508 1744 4508 1588 4509 1744 4509 1590 4509 1596 4510 1746 4510 1747 4510 1746 4511 1596 4511 1745 4511 1745 4512 1596 4512 1594 4512 1745 4513 1594 4513 1744 4513 1744 4514 1594 4514 1592 4514 1744 4515 1592 4515 1590 4515 1740 4516 1741 4516 2268 4516 1741 4517 1742 4517 2268 4517 2268 4518 1742 4518 1743 4518 2268 4519 1743 4519 1744 4519 1996 4520 1738 4520 2268 4520 2268 4521 1738 4521 1739 4521 2268 4522 1739 4522 1740 4522 2382 4523 2383 4523 2384 4523 2384 4524 2383 4524 2385 4524 1878 4525 1870 4525 2386 4525 2387 4526 2388 4526 2389 4526 2389 4527 2388 4527 2390 4527 2391 4528 2392 4528 1990 4528 1990 4529 2392 4529 2393 4529 1990 4530 2393 4530 2394 4530 2385 4531 2395 4531 2384 4531 2384 4532 2395 4532 2396 4532 2384 4533 2396 4533 2397 4533 2397 4534 2398 4534 2384 4534 2384 4535 2398 4535 2399 4535 2384 4536 2399 4536 2400 4536 1995 4537 2401 4537 2402 4537 2386 4538 2403 4538 1878 4538 1878 4539 2403 4539 2404 4539 1878 4540 2404 4540 2388 4540 2388 4541 2404 4541 2405 4541 2406 4542 2407 4542 1869 4542 1869 4543 2407 4543 2408 4543 1869 4544 2408 4544 1870 4544 1870 4545 2408 4545 2409 4545 1870 4546 2409 4546 2386 4546 1995 4547 2402 4547 1991 4547 2405 4548 2410 4548 2388 4548 2388 4549 2410 4549 2411 4549 2388 4550 2411 4550 2412 4550 2412 4551 2413 4551 2388 4551 2388 4552 2413 4552 2414 4552 2388 4553 2414 4553 2390 4553 2402 4554 2415 4554 1991 4554 1991 4555 2415 4555 2416 4555 1991 4556 2416 4556 1990 4556 1990 4557 2416 4557 2417 4557 1990 4558 2417 4558 2391 4558 1987 4559 1988 4559 1872 4559 1872 4560 1988 4560 1990 4560 1872 4561 1990 4561 1869 4561 1869 4562 1990 4562 2394 4562 1869 4563 2394 4563 2406 4563 1868 4564 1684 4564 1872 4564 1872 4565 1684 4565 1994 4565 1868 4566 1872 4566 1873 4566 1873 4567 1872 4567 1875 4567 1873 4568 1875 4568 1874 4568 1994 4569 1993 4569 1872 4569 1872 4570 1993 4570 1992 4570 1872 4571 1992 4571 1987 4571 2418 4572 2419 4572 1876 4572 2420 4573 2421 4573 1881 4573 2422 4574 2423 4574 2388 4574 2388 4575 2423 4575 2424 4575 2421 4576 2425 4576 1881 4576 1881 4577 2425 4577 2426 4577 1881 4578 2426 4578 2002 4578 2002 4579 2426 4579 2427 4579 2002 4580 2427 4580 2428 4580 2269 4581 2429 4581 2430 4581 2430 4582 2431 4582 2269 4582 2269 4583 2431 4583 2432 4583 2269 4584 2432 4584 2433 4584 2434 4585 2435 4585 1878 4585 1878 4586 2435 4586 2436 4586 1878 4587 2436 4587 1876 4587 1876 4588 2436 4588 2437 4588 1876 4589 2437 4589 2418 4589 2428 4590 2438 4590 2002 4590 2002 4591 2438 4591 2439 4591 2002 4592 2439 4592 2269 4592 2269 4593 2439 4593 2440 4593 2269 4594 2440 4594 2429 4594 2441 4595 2442 4595 2388 4595 2388 4596 2442 4596 2443 4596 2388 4597 2443 4597 2422 4597 2424 4598 2444 4598 2388 4598 2388 4599 2444 4599 2445 4599 2388 4600 2445 4600 1878 4600 1878 4601 2445 4601 2446 4601 1878 4602 2446 4602 2434 4602 2433 4603 2447 4603 2269 4603 2269 4604 2447 4604 2448 4604 2269 4605 2448 4605 2449 4605 2419 4606 2450 4606 1876 4606 1876 4607 2450 4607 2451 4607 1876 4608 2451 4608 1998 4608 1885 4609 1884 4609 2452 4609 2420 4610 1881 4610 2452 4610 2452 4611 1881 4611 1880 4611 2452 4612 1880 4612 1885 4612 1884 4613 1883 4613 2452 4613 2452 4614 1883 4614 1879 4614 2452 4615 1879 4615 2453 4615 2453 4616 1879 4616 1683 4616 2453 4617 1683 4617 2451 4617 2451 4618 1683 4618 2001 4618 2451 4619 2001 4619 2000 4619 2000 4620 1999 4620 2451 4620 2451 4621 1999 4621 1997 4621 2451 4622 1997 4622 1998 4622 1645 4623 1612 4623 1646 4623 1646 4624 1612 4624 1610 4624 1646 4625 1610 4625 1608 4625 1747 4626 1737 4626 1596 4626 1596 4627 1737 4627 1642 4627 1596 4628 1642 4628 1598 4628 1598 4629 1642 4629 1600 4629 1608 4630 1606 4630 1646 4630 1646 4631 1606 4631 1604 4631 1646 4632 1604 4632 1642 4632 1642 4633 1604 4633 1602 4633 1642 4634 1602 4634 1600 4634 1628 4635 1626 4635 2354 4635 2354 4636 1626 4636 1624 4636 2354 4637 1624 4637 2360 4637 2360 4638 1624 4638 1622 4638 2360 4639 1622 4639 1620 4639 1574 4640 1572 4640 2454 4640 1636 4641 1634 4641 2455 4641 2455 4642 1634 4642 1632 4642 2455 4643 1632 4643 2354 4643 2354 4644 1632 4644 1630 4644 2354 4645 1630 4645 1628 4645 1572 4646 1570 4646 2454 4646 2454 4647 1570 4647 1640 4647 2454 4648 1640 4648 2455 4648 2455 4649 1640 4649 1638 4649 2455 4650 1638 4650 1636 4650 1584 4651 1582 4651 2384 4651 1586 4652 1584 4652 2268 4652 2268 4653 1584 4653 2384 4653 2268 4654 2384 4654 1995 4654 1995 4655 2384 4655 2400 4655 1995 4656 2400 4656 2401 4656 1582 4657 1580 4657 2384 4657 2384 4658 1580 4658 1578 4658 2384 4659 1578 4659 2454 4659 2454 4660 1578 4660 1576 4660 2454 4661 1576 4661 1574 4661 2327 4662 2308 4662 2322 4662 2322 4663 2308 4663 2288 4663 2322 4664 2288 4664 2456 4664 2456 4665 2288 4665 2270 4665 2456 4666 2270 4666 2457 4666 2457 4667 2270 4667 2269 4667 2457 4668 2269 4668 2388 4668 2388 4669 2269 4669 2449 4669 2388 4670 2449 4670 2441 4670 1862 4671 2322 4671 2354 4671 2354 4672 2322 4672 2456 4672 2354 4673 2456 4673 2455 4673 2455 4674 2456 4674 2457 4674 2455 4675 2457 4675 2454 4675 2454 4676 2457 4676 2388 4676 2454 4677 2388 4677 2384 4677 2384 4678 2388 4678 2387 4678 2384 4679 2387 4679 2382 4679 2458 4680 2459 4680 2460 4680 2460 4681 2459 4681 2461 4681 2460 4682 2461 4682 2462 4682 2463 4683 2464 4683 2465 4683 2465 4684 2464 4684 2466 4684 2465 4685 2466 4685 2467 4685 2467 4686 2466 4686 2468 4686 2467 4687 2468 4687 2469 4687 2469 4688 2468 4688 2470 4688 2469 4689 2470 4689 2471 4689 2471 4690 2470 4690 2472 4690 2471 4691 2472 4691 2473 4691 2473 4692 2472 4692 2474 4692 2473 4693 2474 4693 2475 4693 2475 4694 2474 4694 2476 4694 2475 4695 2476 4695 2477 4695 2477 4696 2476 4696 2478 4696 2477 4697 2478 4697 2479 4697 2479 4698 2478 4698 2480 4698 2479 4699 2480 4699 2481 4699 2481 4700 2480 4700 2482 4700 2481 4701 2482 4701 2483 4701 2483 4702 2482 4702 2484 4702 2483 4703 2484 4703 2485 4703 2485 4704 2484 4704 2486 4704 2485 4705 2486 4705 2487 4705 2487 4706 2486 4706 2488 4706 2487 4707 2488 4707 2489 4707 2489 4708 2488 4708 2490 4708 2489 4709 2490 4709 2491 4709 2491 4710 2490 4710 2492 4710 2491 4711 2492 4711 2493 4711 2493 4712 2492 4712 2494 4712 2493 4713 2494 4713 2495 4713 2495 4714 2494 4714 2496 4714 2495 4715 2496 4715 2497 4715 2497 4716 2496 4716 2462 4716 2497 4717 2462 4717 2498 4717 2498 4718 2462 4718 2461 4718 2458 4719 2460 4719 2499 4719 2499 4720 2460 4720 2500 4720 2499 4721 2500 4721 2501 4721 2501 4722 2500 4722 2502 4722 2501 4723 2502 4723 2503 4723 2503 4724 2502 4724 2504 4724 2503 4725 2504 4725 2505 4725 2505 4726 2504 4726 2506 4726 2505 4727 2506 4727 2507 4727 2507 4728 2506 4728 2508 4728 2507 4729 2508 4729 2509 4729 2509 4730 2508 4730 2510 4730 2509 4731 2510 4731 2511 4731 2511 4732 2510 4732 2512 4732 2511 4733 2512 4733 2513 4733 2513 4734 2512 4734 2514 4734 2513 4735 2514 4735 2515 4735 2515 4736 2514 4736 2516 4736 2515 4737 2516 4737 2517 4737 2517 4738 2516 4738 2518 4738 2517 4739 2518 4739 2519 4739 2519 4740 2518 4740 2520 4740 2519 4741 2520 4741 2521 4741 2521 4742 2520 4742 2522 4742 2521 4743 2522 4743 2523 4743 2523 4744 2522 4744 2524 4744 2523 4745 2524 4745 2525 4745 2525 4746 2524 4746 2526 4746 2525 4747 2526 4747 2463 4747 2463 4748 2526 4748 2527 4748 2463 4749 2527 4749 2464 4749 2394 4750 2462 4750 2406 4750 2406 4751 2462 4751 2496 4751 2406 4752 2496 4752 2407 4752 2407 4753 2496 4753 2494 4753 2407 4754 2494 4754 2408 4754 2408 4755 2494 4755 2492 4755 2408 4756 2492 4756 2409 4756 2409 4757 2492 4757 2490 4757 2409 4758 2490 4758 2386 4758 2386 4759 2490 4759 2488 4759 2386 4760 2488 4760 2403 4760 2403 4761 2488 4761 2486 4761 2403 4762 2486 4762 2404 4762 2404 4763 2486 4763 2484 4763 2404 4764 2484 4764 2405 4764 2405 4765 2484 4765 2482 4765 2405 4766 2482 4766 2410 4766 2410 4767 2482 4767 2480 4767 2410 4768 2480 4768 2411 4768 2411 4769 2480 4769 2478 4769 2411 4770 2478 4770 2412 4770 2412 4771 2478 4771 2476 4771 2412 4772 2476 4772 2413 4772 2413 4773 2476 4773 2474 4773 2413 4774 2474 4774 2414 4774 2414 4775 2474 4775 2472 4775 2414 4776 2472 4776 2390 4776 2390 4777 2472 4777 2470 4777 2390 4778 2470 4778 2389 4778 2389 4779 2470 4779 2468 4779 2389 4780 2468 4780 2387 4780 2387 4781 2468 4781 2466 4781 2387 4782 2466 4782 2382 4782 2382 4783 2466 4783 2464 4783 2382 4784 2464 4784 2383 4784 2383 4785 2464 4785 2527 4785 2383 4786 2527 4786 2385 4786 2385 4787 2527 4787 2526 4787 2385 4788 2526 4788 2395 4788 2395 4789 2526 4789 2524 4789 2395 4790 2524 4790 2396 4790 2396 4791 2524 4791 2522 4791 2396 4792 2522 4792 2397 4792 2397 4793 2522 4793 2520 4793 2397 4794 2520 4794 2398 4794 2398 4795 2520 4795 2518 4795 2398 4796 2518 4796 2399 4796 2399 4797 2518 4797 2516 4797 2399 4798 2516 4798 2400 4798 2400 4799 2516 4799 2514 4799 2400 4800 2514 4800 2401 4800 2401 4801 2514 4801 2512 4801 2401 4802 2512 4802 2402 4802 2402 4803 2512 4803 2510 4803 2402 4804 2510 4804 2415 4804 2415 4805 2510 4805 2508 4805 2415 4806 2508 4806 2416 4806 2416 4807 2508 4807 2506 4807 2416 4808 2506 4808 2417 4808 2417 4809 2506 4809 2504 4809 2417 4810 2504 4810 2391 4810 2391 4811 2504 4811 2502 4811 2391 4812 2502 4812 2392 4812 2392 4813 2502 4813 2500 4813 2392 4814 2500 4814 2393 4814 2393 4815 2500 4815 2460 4815 2460 4816 2462 4816 2393 4816 2393 4817 2462 4817 2394 4817 2483 4818 2252 4818 2481 4818 2481 4819 2252 4819 2251 4819 2481 4820 2251 4820 2479 4820 2479 4821 2251 4821 2256 4821 2479 4822 2256 4822 2477 4822 2477 4823 2256 4823 2255 4823 2477 4824 2255 4824 2475 4824 2475 4825 2255 4825 2254 4825 2475 4826 2254 4826 2473 4826 2473 4827 2254 4827 2259 4827 2473 4828 2259 4828 2471 4828 2471 4829 2259 4829 2258 4829 2471 4830 2258 4830 2469 4830 2469 4831 2258 4831 2257 4831 2469 4832 2257 4832 2467 4832 2467 4833 2257 4833 2262 4833 2467 4834 2262 4834 2465 4834 2465 4835 2262 4835 2261 4835 2465 4836 2261 4836 2463 4836 2463 4837 2261 4837 2260 4837 2463 4838 2260 4838 2525 4838 2525 4839 2260 4839 2265 4839 2525 4840 2265 4840 2523 4840 2523 4841 2265 4841 2264 4841 2523 4842 2264 4842 2521 4842 2521 4843 2264 4843 2263 4843 2521 4844 2263 4844 2519 4844 2519 4845 2263 4845 2267 4845 2519 4846 2267 4846 2517 4846 2517 4847 2267 4847 2266 4847 2517 4848 2266 4848 2515 4848 2515 4849 2266 4849 2235 4849 2515 4850 2235 4850 2513 4850 2513 4851 2235 4851 2234 4851 2513 4852 2234 4852 2511 4852 2511 4853 2234 4853 2232 4853 2511 4854 2232 4854 2509 4854 2509 4855 2232 4855 2231 4855 2509 4856 2231 4856 2507 4856 2507 4857 2231 4857 2238 4857 2507 4858 2238 4858 2505 4858 2505 4859 2238 4859 2237 4859 2505 4860 2237 4860 2503 4860 2503 4861 2237 4861 2236 4861 2503 4862 2236 4862 2501 4862 2501 4863 2236 4863 2241 4863 2501 4864 2241 4864 2499 4864 2499 4865 2241 4865 2240 4865 2499 4866 2240 4866 2458 4866 2458 4867 2240 4867 2239 4867 2458 4868 2239 4868 2459 4868 2459 4869 2239 4869 2244 4869 2459 4870 2244 4870 2461 4870 2461 4871 2244 4871 2243 4871 2461 4872 2243 4872 2498 4872 2498 4873 2243 4873 2242 4873 2498 4874 2242 4874 2497 4874 2497 4875 2242 4875 2247 4875 2497 4876 2247 4876 2495 4876 2495 4877 2247 4877 2246 4877 2495 4878 2246 4878 2493 4878 2493 4879 2246 4879 2245 4879 2493 4880 2245 4880 2491 4880 2491 4881 2245 4881 2250 4881 2491 4882 2250 4882 2489 4882 2489 4883 2250 4883 2249 4883 2489 4884 2249 4884 2487 4884 2487 4885 2249 4885 2248 4885 2487 4886 2248 4886 2485 4886 2485 4887 2248 4887 2253 4887 2485 4888 2253 4888 2483 4888 2483 4889 2253 4889 2252 4889 2528 4890 2529 4890 2530 4890 2530 4891 2529 4891 2531 4891 2530 4892 2531 4892 2532 4892 2528 4893 2530 4893 2533 4893 2533 4894 2530 4894 2534 4894 2533 4895 2534 4895 2535 4895 2535 4896 2534 4896 2536 4896 2535 4897 2536 4897 2537 4897 2537 4898 2536 4898 2538 4898 2537 4899 2538 4899 2539 4899 2539 4900 2538 4900 2540 4900 2539 4901 2540 4901 2541 4901 2541 4902 2540 4902 2542 4902 2541 4903 2542 4903 2543 4903 2543 4904 2542 4904 2544 4904 2543 4905 2544 4905 2545 4905 2545 4906 2544 4906 2546 4906 2545 4907 2546 4907 2547 4907 2547 4908 2546 4908 2548 4908 2547 4909 2548 4909 2549 4909 2549 4910 2548 4910 2550 4910 2549 4911 2550 4911 2551 4911 2551 4912 2550 4912 2552 4912 2551 4913 2552 4913 2553 4913 2553 4914 2552 4914 2554 4914 2553 4915 2554 4915 2555 4915 2555 4916 2554 4916 2556 4916 2555 4917 2556 4917 2557 4917 2557 4918 2556 4918 2558 4918 2557 4919 2558 4919 2559 4919 2559 4920 2558 4920 2560 4920 2559 4921 2560 4921 2561 4921 2531 4922 2562 4922 2532 4922 2532 4923 2562 4923 2563 4923 2532 4924 2563 4924 2564 4924 2564 4925 2563 4925 2565 4925 2564 4926 2565 4926 2566 4926 2566 4927 2565 4927 2567 4927 2566 4928 2567 4928 2568 4928 2568 4929 2567 4929 2569 4929 2568 4930 2569 4930 2570 4930 2570 4931 2569 4931 2571 4931 2570 4932 2571 4932 2572 4932 2572 4933 2571 4933 2573 4933 2572 4934 2573 4934 2574 4934 2574 4935 2573 4935 2575 4935 2574 4936 2575 4936 2576 4936 2576 4937 2575 4937 2577 4937 2576 4938 2577 4938 2578 4938 2578 4939 2577 4939 2579 4939 2578 4940 2579 4940 2580 4940 2580 4941 2579 4941 2581 4941 2580 4942 2581 4942 2582 4942 2582 4943 2581 4943 2583 4943 2582 4944 2583 4944 2584 4944 2584 4945 2583 4945 2585 4945 2584 4946 2585 4946 2586 4946 2586 4947 2585 4947 2587 4947 2586 4948 2587 4948 2588 4948 2588 4949 2587 4949 2589 4949 2588 4950 2589 4950 2590 4950 2590 4951 2589 4951 2591 4951 2590 4952 2591 4952 2592 4952 2592 4953 2591 4953 2593 4953 2592 4954 2593 4954 2594 4954 2594 4955 2593 4955 2595 4955 2594 4956 2595 4956 2596 4956 2596 4957 2595 4957 2561 4957 2596 4958 2561 4958 2597 4958 2597 4959 2561 4959 2560 4959 2356 4960 2532 4960 2357 4960 2357 4961 2532 4961 2564 4961 2357 4962 2564 4962 2368 4962 2368 4963 2564 4963 2566 4963 2368 4964 2566 4964 2369 4964 2369 4965 2566 4965 2568 4965 2369 4966 2568 4966 2370 4966 2370 4967 2568 4967 2570 4967 2370 4968 2570 4968 2349 4968 2349 4969 2570 4969 2572 4969 2349 4970 2572 4970 2358 4970 2358 4971 2572 4971 2574 4971 2358 4972 2574 4972 2359 4972 2359 4973 2574 4973 2576 4973 2359 4974 2576 4974 2377 4974 2377 4975 2576 4975 2578 4975 2377 4976 2578 4976 2378 4976 2378 4977 2578 4977 2580 4977 2378 4978 2580 4978 2379 4978 2379 4979 2580 4979 2582 4979 2379 4980 2582 4980 2380 4980 2380 4981 2582 4981 2584 4981 2380 4982 2584 4982 2381 4982 2381 4983 2584 4983 2586 4983 2381 4984 2586 4984 2361 4984 2361 4985 2586 4985 2588 4985 2361 4986 2588 4986 2362 4986 2362 4987 2588 4987 2590 4987 2362 4988 2590 4988 2371 4988 2371 4989 2590 4989 2592 4989 2371 4990 2592 4990 2372 4990 2372 4991 2592 4991 2594 4991 2372 4992 2594 4992 2373 4992 2373 4993 2594 4993 2596 4993 2373 4994 2596 4994 2352 4994 2352 4995 2596 4995 2597 4995 2352 4996 2597 4996 2353 4996 2353 4997 2597 4997 2560 4997 2353 4998 2560 4998 2355 4998 2355 4999 2560 4999 2558 4999 2355 5000 2558 5000 2363 5000 2363 5001 2558 5001 2556 5001 2363 5002 2556 5002 2364 5002 2364 5003 2556 5003 2554 5003 2364 5004 2554 5004 2365 5004 2365 5005 2554 5005 2552 5005 2365 5006 2552 5006 2374 5006 2374 5007 2552 5007 2550 5007 2374 5008 2550 5008 2375 5008 2375 5009 2550 5009 2548 5009 2375 5010 2548 5010 2376 5010 2376 5011 2548 5011 2546 5011 2376 5012 2546 5012 2366 5012 2366 5013 2546 5013 2544 5013 2366 5014 2544 5014 2367 5014 2367 5015 2544 5015 2542 5015 2367 5016 2542 5016 2350 5016 2350 5017 2542 5017 2540 5017 2350 5018 2540 5018 2351 5018 2351 5019 2540 5019 2538 5019 2351 5020 2538 5020 2348 5020 2348 5021 2538 5021 2536 5021 2348 5022 2536 5022 2346 5022 2346 5023 2536 5023 2534 5023 2346 5024 2534 5024 2347 5024 2347 5025 2534 5025 2530 5025 2530 5026 2532 5026 2347 5026 2347 5027 2532 5027 2356 5027 2545 5028 1839 5028 2543 5028 2543 5029 1839 5029 1838 5029 2543 5030 1838 5030 2541 5030 2541 5031 1838 5031 1843 5031 2541 5032 1843 5032 2539 5032 2539 5033 1843 5033 1842 5033 2539 5034 1842 5034 2537 5034 2537 5035 1842 5035 1841 5035 2537 5036 1841 5036 2535 5036 2535 5037 1841 5037 1846 5037 2535 5038 1846 5038 2533 5038 2533 5039 1846 5039 1845 5039 2533 5040 1845 5040 2528 5040 2528 5041 1845 5041 1844 5041 2528 5042 1844 5042 2529 5042 2529 5043 1844 5043 1849 5043 2529 5044 1849 5044 2531 5044 2531 5045 1849 5045 1848 5045 2531 5046 1848 5046 2562 5046 2562 5047 1848 5047 1847 5047 2562 5048 1847 5048 2563 5048 2563 5049 1847 5049 1852 5049 2563 5050 1852 5050 2565 5050 2565 5051 1852 5051 1851 5051 2565 5052 1851 5052 2567 5052 2567 5053 1851 5053 1850 5053 2567 5054 1850 5054 2569 5054 2569 5055 1850 5055 1854 5055 2569 5056 1854 5056 2571 5056 2571 5057 1854 5057 1853 5057 2571 5058 1853 5058 2573 5058 2573 5059 1853 5059 1822 5059 2573 5060 1822 5060 2575 5060 2575 5061 1822 5061 1821 5061 2575 5062 1821 5062 2577 5062 2577 5063 1821 5063 1819 5063 2577 5064 1819 5064 2579 5064 2579 5065 1819 5065 1818 5065 2579 5066 1818 5066 2581 5066 2581 5067 1818 5067 1825 5067 2581 5068 1825 5068 2583 5068 2583 5069 1825 5069 1824 5069 2583 5070 1824 5070 2585 5070 2585 5071 1824 5071 1823 5071 2585 5072 1823 5072 2587 5072 2587 5073 1823 5073 1828 5073 2587 5074 1828 5074 2589 5074 2589 5075 1828 5075 1827 5075 2589 5076 1827 5076 2591 5076 2591 5077 1827 5077 1826 5077 2591 5078 1826 5078 2593 5078 2593 5079 1826 5079 1831 5079 2593 5080 1831 5080 2595 5080 2595 5081 1831 5081 1830 5081 2595 5082 1830 5082 2561 5082 2561 5083 1830 5083 1829 5083 2561 5084 1829 5084 2559 5084 2559 5085 1829 5085 1834 5085 2559 5086 1834 5086 2557 5086 2557 5087 1834 5087 1833 5087 2557 5088 1833 5088 2555 5088 2555 5089 1833 5089 1832 5089 2555 5090 1832 5090 2553 5090 2553 5091 1832 5091 1837 5091 2553 5092 1837 5092 2551 5092 2551 5093 1837 5093 1836 5093 2551 5094 1836 5094 2549 5094 2549 5095 1836 5095 1835 5095 2549 5096 1835 5096 2547 5096 2547 5097 1835 5097 1840 5097 2547 5098 1840 5098 2545 5098 2545 5099 1840 5099 1839 5099 2045 5100 2598 5100 2044 5100 2044 5101 2598 5101 2599 5101 2044 5102 2599 5102 2043 5102 2043 5103 2599 5103 2600 5103 2043 5104 2600 5104 2042 5104 2042 5105 2600 5105 2601 5105 2042 5106 2601 5106 2041 5106 2041 5107 2601 5107 2602 5107 2041 5108 2602 5108 2040 5108 2040 5109 2602 5109 2603 5109 2040 5110 2603 5110 2075 5110 2075 5111 2603 5111 2604 5111 2075 5112 2604 5112 2074 5112 2074 5113 2604 5113 2605 5113 2074 5114 2605 5114 2073 5114 2073 5115 2605 5115 2606 5115 2073 5116 2606 5116 2072 5116 2072 5117 2606 5117 2607 5117 2072 5118 2607 5118 2071 5118 2071 5119 2607 5119 2608 5119 2071 5120 2608 5120 2070 5120 2070 5121 2608 5121 2609 5121 2070 5122 2609 5122 2069 5122 2069 5123 2609 5123 2610 5123 2069 5124 2610 5124 2068 5124 2068 5125 2610 5125 2611 5125 2068 5126 2611 5126 2067 5126 2067 5127 2611 5127 2612 5127 2067 5128 2612 5128 2066 5128 2066 5129 2612 5129 2613 5129 2066 5130 2613 5130 2065 5130 2065 5131 2613 5131 2614 5131 2065 5132 2614 5132 2064 5132 2064 5133 2614 5133 2615 5133 2064 5134 2615 5134 2063 5134 2063 5135 2615 5135 2616 5135 2063 5136 2616 5136 2062 5136 2062 5137 2616 5137 2617 5137 2062 5138 2617 5138 2061 5138 2061 5139 2617 5139 2618 5139 2061 5140 2618 5140 2060 5140 2060 5141 2618 5141 2619 5141 2060 5142 2619 5142 2059 5142 2059 5143 2619 5143 2620 5143 2059 5144 2620 5144 2058 5144 2058 5145 2620 5145 2621 5145 2058 5146 2621 5146 2057 5146 2057 5147 2621 5147 2622 5147 2057 5148 2622 5148 2056 5148 2056 5149 2622 5149 2623 5149 2056 5150 2623 5150 2055 5150 2055 5151 2623 5151 2624 5151 2055 5152 2624 5152 2054 5152 2054 5153 2624 5153 2625 5153 2054 5154 2625 5154 2053 5154 2053 5155 2625 5155 2626 5155 2053 5156 2626 5156 2052 5156 2052 5157 2626 5157 2627 5157 2052 5158 2627 5158 2051 5158 2051 5159 2627 5159 2628 5159 2051 5160 2628 5160 2050 5160 2050 5161 2628 5161 2629 5161 2050 5162 2629 5162 2049 5162 2049 5163 2629 5163 2630 5163 2049 5164 2630 5164 2048 5164 2048 5165 2630 5165 2631 5165 2048 5166 2631 5166 2047 5166 2047 5167 2631 5167 2632 5167 2047 5168 2632 5168 2046 5168 2046 5169 2632 5169 2633 5169 2046 5170 2633 5170 2045 5170 2045 5171 2633 5171 2598 5171 2603 5172 2284 5172 2604 5172 2604 5173 2284 5173 2285 5173 2604 5174 2285 5174 2605 5174 2605 5175 2285 5175 2294 5175 2605 5176 2294 5176 2606 5176 2606 5177 2294 5177 2295 5177 2606 5178 2295 5178 2607 5178 2607 5179 2295 5179 2296 5179 2607 5180 2296 5180 2608 5180 2608 5181 2296 5181 2297 5181 2608 5182 2297 5182 2609 5182 2609 5183 2297 5183 2283 5183 2609 5184 2283 5184 2610 5184 2610 5185 2283 5185 2282 5185 2610 5186 2282 5186 2611 5186 2611 5187 2282 5187 2307 5187 2611 5188 2307 5188 2612 5188 2612 5189 2307 5189 2306 5189 2612 5190 2306 5190 2613 5190 2613 5191 2306 5191 2305 5191 2613 5192 2305 5192 2614 5192 2614 5193 2305 5193 2304 5193 2614 5194 2304 5194 2615 5194 2615 5195 2304 5195 2303 5195 2615 5196 2303 5196 2616 5196 2616 5197 2303 5197 2302 5197 2616 5198 2302 5198 2617 5198 2617 5199 2302 5199 2301 5199 2617 5200 2301 5200 2618 5200 2618 5201 2301 5201 2278 5201 2618 5202 2278 5202 2619 5202 2619 5203 2278 5203 2277 5203 2619 5204 2277 5204 2620 5204 2620 5205 2277 5205 2300 5205 2620 5206 2300 5206 2621 5206 2621 5207 2300 5207 2299 5207 2621 5208 2299 5208 2622 5208 2622 5209 2299 5209 2298 5209 2622 5210 2298 5210 2623 5210 2623 5211 2298 5211 2293 5211 2623 5212 2293 5212 2624 5212 2624 5213 2293 5213 2292 5213 2624 5214 2292 5214 2625 5214 2625 5215 2292 5215 2291 5215 2625 5216 2291 5216 2626 5216 2626 5217 2291 5217 2290 5217 2626 5218 2290 5218 2627 5218 2627 5219 2290 5219 2289 5219 2627 5220 2289 5220 2628 5220 2628 5221 2289 5221 2287 5221 2628 5222 2287 5222 2629 5222 2629 5223 2287 5223 2286 5223 2629 5224 2286 5224 2630 5224 2630 5225 2286 5225 2276 5225 2630 5226 2276 5226 2631 5226 2631 5227 2276 5227 2275 5227 2631 5228 2275 5228 2632 5228 2632 5229 2275 5229 2281 5229 2632 5230 2281 5230 2633 5230 2633 5231 2281 5231 2280 5231 2633 5232 2280 5232 2598 5232 2598 5233 2280 5233 2279 5233 2598 5234 2279 5234 2599 5234 2599 5235 2279 5235 2274 5235 2599 5236 2274 5236 2600 5236 2600 5237 2274 5237 2273 5237 2600 5238 2273 5238 2601 5238 2601 5239 2273 5239 2272 5239 2601 5240 2272 5240 2602 5240 2602 5241 2272 5241 2271 5241 2602 5242 2271 5242 2603 5242 2603 5243 2271 5243 2284 5243 2121 5244 2634 5244 2120 5244 2120 5245 2634 5245 2635 5245 2120 5246 2635 5246 2119 5246 2119 5247 2635 5247 2636 5247 2119 5248 2636 5248 2118 5248 2118 5249 2636 5249 2637 5249 2118 5250 2637 5250 2117 5250 2117 5251 2637 5251 2638 5251 2117 5252 2638 5252 2116 5252 2116 5253 2638 5253 2639 5253 2116 5254 2639 5254 2115 5254 2115 5255 2639 5255 2640 5255 2115 5256 2640 5256 2114 5256 2114 5257 2640 5257 2641 5257 2114 5258 2641 5258 2113 5258 2113 5259 2641 5259 2642 5259 2113 5260 2642 5260 2148 5260 2148 5261 2642 5261 2643 5261 2148 5262 2643 5262 2147 5262 2147 5263 2643 5263 2644 5263 2147 5264 2644 5264 2146 5264 2146 5265 2644 5265 2645 5265 2146 5266 2645 5266 2145 5266 2145 5267 2645 5267 2646 5267 2145 5268 2646 5268 2144 5268 2144 5269 2646 5269 2647 5269 2144 5270 2647 5270 2143 5270 2143 5271 2647 5271 2648 5271 2143 5272 2648 5272 2142 5272 2142 5273 2648 5273 2649 5273 2142 5274 2649 5274 2141 5274 2141 5275 2649 5275 2650 5275 2141 5276 2650 5276 2140 5276 2140 5277 2650 5277 2651 5277 2140 5278 2651 5278 2139 5278 2139 5279 2651 5279 2652 5279 2139 5280 2652 5280 2138 5280 2138 5281 2652 5281 2653 5281 2138 5282 2653 5282 2137 5282 2137 5283 2653 5283 2654 5283 2137 5284 2654 5284 2136 5284 2136 5285 2654 5285 2655 5285 2136 5286 2655 5286 2135 5286 2135 5287 2655 5287 2656 5287 2135 5288 2656 5288 2134 5288 2134 5289 2656 5289 2657 5289 2134 5290 2657 5290 2133 5290 2133 5291 2657 5291 2658 5291 2133 5292 2658 5292 2132 5292 2132 5293 2658 5293 2659 5293 2132 5294 2659 5294 2131 5294 2131 5295 2659 5295 2660 5295 2131 5296 2660 5296 2130 5296 2130 5297 2660 5297 2661 5297 2130 5298 2661 5298 2129 5298 2129 5299 2661 5299 2662 5299 2129 5300 2662 5300 2128 5300 2128 5301 2662 5301 2663 5301 2128 5302 2663 5302 2127 5302 2127 5303 2663 5303 2664 5303 2127 5304 2664 5304 2126 5304 2126 5305 2664 5305 2665 5305 2126 5306 2665 5306 2125 5306 2125 5307 2665 5307 2666 5307 2125 5308 2666 5308 2124 5308 2124 5309 2666 5309 2667 5309 2124 5310 2667 5310 2123 5310 2123 5311 2667 5311 2668 5311 2123 5312 2668 5312 2122 5312 2122 5313 2668 5313 2669 5313 2122 5314 2669 5314 2121 5314 2121 5315 2669 5315 2634 5315 2642 5316 2338 5316 2643 5316 2643 5317 2338 5317 2337 5317 2643 5318 2337 5318 2644 5318 2644 5319 2337 5319 2333 5319 2644 5320 2333 5320 2645 5320 2645 5321 2333 5321 2332 5321 2645 5322 2332 5322 2646 5322 2646 5323 2332 5323 2331 5323 2646 5324 2331 5324 2647 5324 2647 5325 2331 5325 2330 5325 2647 5326 2330 5326 2648 5326 2648 5327 2330 5327 2329 5327 2648 5328 2329 5328 2649 5328 2649 5329 2329 5329 2328 5329 2649 5330 2328 5330 2650 5330 2650 5331 2328 5331 2327 5331 2650 5332 2327 5332 2651 5332 2651 5333 2327 5333 2326 5333 2651 5334 2326 5334 2652 5334 2652 5335 2326 5335 2325 5335 2652 5336 2325 5336 2653 5336 2653 5337 2325 5337 2324 5337 2653 5338 2324 5338 2654 5338 2654 5339 2324 5339 2323 5339 2654 5340 2323 5340 2655 5340 2655 5341 2323 5341 2321 5341 2655 5342 2321 5342 2656 5342 2656 5343 2321 5343 2320 5343 2656 5344 2320 5344 2657 5344 2657 5345 2320 5345 2336 5345 2657 5346 2336 5346 2658 5346 2658 5347 2336 5347 2335 5347 2658 5348 2335 5348 2659 5348 2659 5349 2335 5349 2334 5349 2659 5350 2334 5350 2660 5350 2660 5351 2334 5351 2319 5351 2660 5352 2319 5352 2661 5352 2661 5353 2319 5353 2318 5353 2661 5354 2318 5354 2662 5354 2662 5355 2318 5355 2317 5355 2662 5356 2317 5356 2663 5356 2663 5357 2317 5357 2312 5357 2663 5358 2312 5358 2664 5358 2664 5359 2312 5359 2311 5359 2664 5360 2311 5360 2665 5360 2665 5361 2311 5361 2310 5361 2665 5362 2310 5362 2666 5362 2666 5363 2310 5363 2309 5363 2666 5364 2309 5364 2667 5364 2667 5365 2309 5365 2344 5365 2667 5366 2344 5366 2668 5366 2668 5367 2344 5367 2345 5367 2668 5368 2345 5368 2669 5368 2669 5369 2345 5369 2316 5369 2669 5370 2316 5370 2634 5370 2634 5371 2316 5371 2315 5371 2634 5372 2315 5372 2635 5372 2635 5373 2315 5373 2314 5373 2635 5374 2314 5374 2636 5374 2636 5375 2314 5375 2313 5375 2636 5376 2313 5376 2637 5376 2637 5377 2313 5377 2343 5377 2637 5378 2343 5378 2638 5378 2638 5379 2343 5379 2342 5379 2638 5380 2342 5380 2639 5380 2639 5381 2342 5381 2341 5381 2639 5382 2341 5382 2640 5382 2640 5383 2341 5383 2340 5383 2640 5384 2340 5384 2641 5384 2641 5385 2340 5385 2339 5385 2641 5386 2339 5386 2642 5386 2642 5387 2339 5387 2338 5387 2194 5388 2670 5388 2193 5388 2193 5389 2670 5389 2671 5389 2193 5390 2671 5390 2192 5390 2192 5391 2671 5391 2672 5391 2192 5392 2672 5392 2191 5392 2191 5393 2672 5393 2673 5393 2191 5394 2673 5394 2190 5394 2190 5395 2673 5395 2674 5395 2190 5396 2674 5396 2189 5396 2189 5397 2674 5397 2675 5397 2189 5398 2675 5398 2188 5398 2188 5399 2675 5399 2676 5399 2188 5400 2676 5400 2187 5400 2187 5401 2676 5401 2677 5401 2187 5402 2677 5402 2186 5402 2186 5403 2677 5403 2678 5403 2186 5404 2678 5404 2221 5404 2221 5405 2678 5405 2679 5405 2221 5406 2679 5406 2220 5406 2220 5407 2679 5407 2680 5407 2220 5408 2680 5408 2219 5408 2219 5409 2680 5409 2681 5409 2219 5410 2681 5410 2218 5410 2218 5411 2681 5411 2682 5411 2218 5412 2682 5412 2217 5412 2217 5413 2682 5413 2683 5413 2217 5414 2683 5414 2216 5414 2216 5415 2683 5415 2684 5415 2216 5416 2684 5416 2215 5416 2215 5417 2684 5417 2685 5417 2215 5418 2685 5418 2214 5418 2214 5419 2685 5419 2686 5419 2214 5420 2686 5420 2213 5420 2213 5421 2686 5421 2687 5421 2213 5422 2687 5422 2212 5422 2212 5423 2687 5423 2688 5423 2212 5424 2688 5424 2211 5424 2211 5425 2688 5425 2689 5425 2211 5426 2689 5426 2210 5426 2210 5427 2689 5427 2690 5427 2210 5428 2690 5428 2209 5428 2209 5429 2690 5429 2691 5429 2209 5430 2691 5430 2208 5430 2208 5431 2691 5431 2692 5431 2208 5432 2692 5432 2207 5432 2207 5433 2692 5433 2693 5433 2207 5434 2693 5434 2206 5434 2206 5435 2693 5435 2694 5435 2206 5436 2694 5436 2205 5436 2205 5437 2694 5437 2695 5437 2205 5438 2695 5438 2204 5438 2204 5439 2695 5439 2696 5439 2204 5440 2696 5440 2203 5440 2203 5441 2696 5441 2697 5441 2203 5442 2697 5442 2202 5442 2202 5443 2697 5443 2698 5443 2202 5444 2698 5444 2201 5444 2201 5445 2698 5445 2699 5445 2201 5446 2699 5446 2200 5446 2200 5447 2699 5447 2700 5447 2200 5448 2700 5448 2199 5448 2199 5449 2700 5449 2701 5449 2199 5450 2701 5450 2198 5450 2198 5451 2701 5451 2702 5451 2198 5452 2702 5452 2197 5452 2197 5453 2702 5453 2703 5453 2197 5454 2703 5454 2196 5454 2196 5455 2703 5455 2704 5455 2196 5456 2704 5456 2195 5456 2195 5457 2704 5457 2705 5457 2195 5458 2705 5458 2194 5458 2194 5459 2705 5459 2670 5459 2678 5460 2438 5460 2679 5460 2679 5461 2438 5461 2428 5461 2679 5462 2428 5462 2680 5462 2680 5463 2428 5463 2427 5463 2680 5464 2427 5464 2681 5464 2681 5465 2427 5465 2426 5465 2681 5466 2426 5466 2682 5466 2682 5467 2426 5467 2425 5467 2682 5468 2425 5468 2683 5468 2683 5469 2425 5469 2421 5469 2683 5470 2421 5470 2684 5470 2684 5471 2421 5471 2420 5471 2684 5472 2420 5472 2685 5472 2685 5473 2420 5473 2452 5473 2685 5474 2452 5474 2686 5474 2686 5475 2452 5475 2453 5475 2686 5476 2453 5476 2687 5476 2687 5477 2453 5477 2451 5477 2687 5478 2451 5478 2688 5478 2688 5479 2451 5479 2450 5479 2688 5480 2450 5480 2689 5480 2689 5481 2450 5481 2419 5481 2689 5482 2419 5482 2690 5482 2690 5483 2419 5483 2418 5483 2690 5484 2418 5484 2691 5484 2691 5485 2418 5485 2437 5485 2691 5486 2437 5486 2692 5486 2692 5487 2437 5487 2436 5487 2692 5488 2436 5488 2693 5488 2693 5489 2436 5489 2435 5489 2693 5490 2435 5490 2694 5490 2694 5491 2435 5491 2434 5491 2694 5492 2434 5492 2695 5492 2695 5493 2434 5493 2446 5493 2695 5494 2446 5494 2696 5494 2696 5495 2446 5495 2445 5495 2696 5496 2445 5496 2697 5496 2697 5497 2445 5497 2444 5497 2697 5498 2444 5498 2698 5498 2698 5499 2444 5499 2424 5499 2698 5500 2424 5500 2699 5500 2699 5501 2424 5501 2423 5501 2699 5502 2423 5502 2700 5502 2700 5503 2423 5503 2422 5503 2700 5504 2422 5504 2701 5504 2701 5505 2422 5505 2443 5505 2701 5506 2443 5506 2702 5506 2702 5507 2443 5507 2442 5507 2702 5508 2442 5508 2703 5508 2703 5509 2442 5509 2441 5509 2703 5510 2441 5510 2704 5510 2704 5511 2441 5511 2449 5511 2704 5512 2449 5512 2705 5512 2705 5513 2449 5513 2448 5513 2705 5514 2448 5514 2670 5514 2670 5515 2448 5515 2447 5515 2670 5516 2447 5516 2671 5516 2671 5517 2447 5517 2433 5517 2671 5518 2433 5518 2672 5518 2672 5519 2433 5519 2432 5519 2672 5520 2432 5520 2673 5520 2673 5521 2432 5521 2431 5521 2673 5522 2431 5522 2674 5522 2674 5523 2431 5523 2430 5523 2674 5524 2430 5524 2675 5524 2675 5525 2430 5525 2429 5525 2675 5526 2429 5526 2676 5526 2676 5527 2429 5527 2440 5527 2676 5528 2440 5528 2677 5528 2677 5529 2440 5529 2439 5529 2677 5530 2439 5530 2678 5530 2678 5531 2439 5531 2438 5531 2706 5532 2707 5532 622 5532 622 5533 2708 5533 2706 5533 2706 5534 2708 5534 2709 5534 2706 5535 2709 5535 2710 5535 2710 5536 2709 5536 2711 5536 2710 5537 2711 5537 2712 5537 2712 5538 2711 5538 2713 5538 2712 5539 2713 5539 2714 5539 2714 5540 2713 5540 2715 5540 2714 5541 2715 5541 2716 5541 2716 5542 2715 5542 2717 5542 2716 5543 2717 5543 2718 5543 2718 5544 2717 5544 2719 5544 2718 5545 2719 5545 2720 5545 2720 5546 2719 5546 2721 5546 2720 5547 2721 5547 2722 5547 2722 5548 2721 5548 2723 5548 2722 5549 2723 5549 2724 5549 2724 5550 2723 5550 620 5550 2724 5551 620 5551 2725 5551 2726 5552 2727 5552 659 5552 2728 5553 2729 5553 622 5553 622 5554 2729 5554 2730 5554 659 5555 622 5555 2726 5555 2726 5556 622 5556 2730 5556 2726 5557 2730 5557 2731 5557 2731 5558 2730 5558 2732 5558 2733 5559 2734 5559 622 5559 622 5560 2734 5560 2735 5560 622 5561 2735 5561 2728 5561 2727 5562 2736 5562 659 5562 659 5563 2736 5563 2737 5563 659 5564 2737 5564 2738 5564 2707 5565 2739 5565 622 5565 622 5566 2739 5566 2740 5566 622 5567 2740 5567 2741 5567 2742 5568 2743 5568 2744 5568 2743 5569 2742 5569 2730 5569 2730 5570 2742 5570 2745 5570 2730 5571 2745 5571 2732 5571 2741 5572 2746 5572 622 5572 622 5573 2746 5573 2747 5573 622 5574 2747 5574 2733 5574 2738 5575 2748 5575 659 5575 659 5576 2748 5576 2749 5576 659 5577 2749 5577 2750 5577 2750 5578 2751 5578 659 5578 659 5579 2751 5579 2752 5579 659 5580 2752 5580 2753 5580 2754 5581 2744 5581 2755 5581 2755 5582 2744 5582 2756 5582 2755 5583 2756 5583 2757 5583 2754 5584 2758 5584 2744 5584 2744 5585 2758 5585 2759 5585 2744 5586 2759 5586 2760 5586 2757 5587 2761 5587 2755 5587 2755 5588 2761 5588 2762 5588 2755 5589 2762 5589 2763 5589 2760 5590 2764 5590 2744 5590 2744 5591 2764 5591 2765 5591 2744 5592 2765 5592 2742 5592 2766 5593 2767 5593 2768 5593 2768 5594 2767 5594 2769 5594 2768 5595 2769 5595 2770 5595 2770 5596 2769 5596 2771 5596 2770 5597 2771 5597 2772 5597 2772 5598 2771 5598 2773 5598 2772 5599 2773 5599 2774 5599 2774 5600 2773 5600 2775 5600 2774 5601 2775 5601 2776 5601 2776 5602 2775 5602 2777 5602 2776 5603 2777 5603 2778 5603 2778 5604 2777 5604 2779 5604 2778 5605 2779 5605 2780 5605 2780 5606 2779 5606 2781 5606 2780 5607 2781 5607 2782 5607 2782 5608 2781 5608 2783 5608 2782 5609 2783 5609 2784 5609 2784 5610 2783 5610 2785 5610 2784 5611 2785 5611 2786 5611 2786 5612 2785 5612 2787 5612 2786 5613 2787 5613 2788 5613 2788 5614 2787 5614 2789 5614 2788 5615 2789 5615 2790 5615 2790 5616 2789 5616 2791 5616 2790 5617 2791 5617 2792 5617 2792 5618 2791 5618 2793 5618 2792 5619 2793 5619 2794 5619 2794 5620 2793 5620 2795 5620 2794 5621 2795 5621 2796 5621 2796 5622 2795 5622 2797 5622 2796 5623 2797 5623 2798 5623 2798 5624 2797 5624 2799 5624 2798 5625 2799 5625 2800 5625 2800 5626 2799 5626 2801 5626 2800 5627 2801 5627 2802 5627 2802 5628 2801 5628 2803 5628 2802 5629 2803 5629 2804 5629 2804 5630 2803 5630 2805 5630 2804 5631 2805 5631 2806 5631 2806 5632 2805 5632 2807 5632 2806 5633 2807 5633 2808 5633 2808 5634 2807 5634 2809 5634 2808 5635 2809 5635 2810 5635 2810 5636 2809 5636 2811 5636 2810 5637 2811 5637 2812 5637 2812 5638 2811 5638 2813 5638 2812 5639 2813 5639 2814 5639 2814 5640 2813 5640 2815 5640 2814 5641 2815 5641 2816 5641 2816 5642 2815 5642 2817 5642 2816 5643 2817 5643 2818 5643 2818 5644 2817 5644 2819 5644 2818 5645 2819 5645 2820 5645 2820 5646 2819 5646 2821 5646 2820 5647 2821 5647 2822 5647 2822 5648 2821 5648 2823 5648 2822 5649 2823 5649 2824 5649 2824 5650 2823 5650 2825 5650 2824 5651 2825 5651 2826 5651 2826 5652 2825 5652 2827 5652 2826 5653 2827 5653 2828 5653 2828 5654 2827 5654 2829 5654 2828 5655 2829 5655 2830 5655 2830 5656 2829 5656 2831 5656 2830 5657 2831 5657 2832 5657 2832 5658 2831 5658 2833 5658 2832 5659 2833 5659 2834 5659 2834 5660 2833 5660 2835 5660 2834 5661 2835 5661 2836 5661 2836 5662 2835 5662 2837 5662 2836 5663 2837 5663 2766 5663 2766 5664 2837 5664 2767 5664 2807 5665 2805 5665 2838 5665 2838 5666 2805 5666 2803 5666 2838 5667 2803 5667 2801 5667 2813 5668 2811 5668 2838 5668 2838 5669 2811 5669 2809 5669 2838 5670 2809 5670 2807 5670 2819 5671 2817 5671 2838 5671 2838 5672 2817 5672 2815 5672 2838 5673 2815 5673 2813 5673 2825 5674 2823 5674 2838 5674 2838 5675 2823 5675 2821 5675 2838 5676 2821 5676 2819 5676 2831 5677 2829 5677 2838 5677 2838 5678 2829 5678 2827 5678 2838 5679 2827 5679 2825 5679 2837 5680 2835 5680 2838 5680 2838 5681 2835 5681 2833 5681 2838 5682 2833 5682 2831 5682 2771 5683 2769 5683 2838 5683 2838 5684 2769 5684 2767 5684 2838 5685 2767 5685 2837 5685 2777 5686 2775 5686 2838 5686 2838 5687 2775 5687 2773 5687 2838 5688 2773 5688 2771 5688 2783 5689 2781 5689 2838 5689 2838 5690 2781 5690 2779 5690 2838 5691 2779 5691 2777 5691 2789 5692 2787 5692 2838 5692 2838 5693 2787 5693 2785 5693 2838 5694 2785 5694 2783 5694 2795 5695 2793 5695 2838 5695 2838 5696 2793 5696 2791 5696 2838 5697 2791 5697 2789 5697 2801 5698 2799 5698 2838 5698 2838 5699 2799 5699 2797 5699 2838 5700 2797 5700 2795 5700 2839 5701 2840 5701 2841 5701 2841 5702 2840 5702 2842 5702 2841 5703 2842 5703 2843 5703 2843 5704 2842 5704 2844 5704 2843 5705 2844 5705 2845 5705 2845 5706 2844 5706 2846 5706 2845 5707 2846 5707 2847 5707 2847 5708 2846 5708 2848 5708 2847 5709 2848 5709 2849 5709 2849 5710 2848 5710 2850 5710 2849 5711 2850 5711 2851 5711 2851 5712 2850 5712 2852 5712 2851 5713 2852 5713 2853 5713 2853 5714 2852 5714 2854 5714 2853 5715 2854 5715 2855 5715 2855 5716 2854 5716 2856 5716 2855 5717 2856 5717 2857 5717 2857 5718 2856 5718 2858 5718 2857 5719 2858 5719 2859 5719 2859 5720 2858 5720 2860 5720 2859 5721 2860 5721 2861 5721 2861 5722 2860 5722 2862 5722 2861 5723 2862 5723 2863 5723 2863 5724 2862 5724 2864 5724 2863 5725 2864 5725 2865 5725 2865 5726 2864 5726 2866 5726 2865 5727 2866 5727 2867 5727 2867 5728 2866 5728 2868 5728 2867 5729 2868 5729 2869 5729 2869 5730 2868 5730 2870 5730 2869 5731 2870 5731 2871 5731 2871 5732 2870 5732 2872 5732 2871 5733 2872 5733 2873 5733 2873 5734 2872 5734 2874 5734 2873 5735 2874 5735 2875 5735 2875 5736 2874 5736 2876 5736 2875 5737 2876 5737 2877 5737 2877 5738 2876 5738 2878 5738 2877 5739 2878 5739 2879 5739 2879 5740 2878 5740 2880 5740 2879 5741 2880 5741 2881 5741 2881 5742 2880 5742 2882 5742 2881 5743 2882 5743 2883 5743 2883 5744 2882 5744 2884 5744 2883 5745 2884 5745 2885 5745 2885 5746 2884 5746 2886 5746 2885 5747 2886 5747 2887 5747 2887 5748 2886 5748 2888 5748 2887 5749 2888 5749 2889 5749 2889 5750 2888 5750 2890 5750 2889 5751 2890 5751 2891 5751 2891 5752 2890 5752 2892 5752 2891 5753 2892 5753 2893 5753 2893 5754 2892 5754 2894 5754 2893 5755 2894 5755 2895 5755 2895 5756 2894 5756 2896 5756 2895 5757 2896 5757 2897 5757 2897 5758 2896 5758 2898 5758 2897 5759 2898 5759 2899 5759 2899 5760 2898 5760 2900 5760 2899 5761 2900 5761 2901 5761 2901 5762 2900 5762 2902 5762 2901 5763 2902 5763 2903 5763 2903 5764 2902 5764 2904 5764 2903 5765 2904 5765 2905 5765 2905 5766 2904 5766 2906 5766 2905 5767 2906 5767 2907 5767 2907 5768 2906 5768 2908 5768 2907 5769 2908 5769 2909 5769 2909 5770 2908 5770 2910 5770 2909 5771 2910 5771 2839 5771 2839 5772 2910 5772 2840 5772 2880 5773 2878 5773 2911 5773 2911 5774 2878 5774 2876 5774 2911 5775 2876 5775 2874 5775 2886 5776 2884 5776 2911 5776 2911 5777 2884 5777 2882 5777 2911 5778 2882 5778 2880 5778 2892 5779 2890 5779 2911 5779 2911 5780 2890 5780 2888 5780 2911 5781 2888 5781 2886 5781 2898 5782 2896 5782 2911 5782 2911 5783 2896 5783 2894 5783 2911 5784 2894 5784 2892 5784 2904 5785 2902 5785 2911 5785 2911 5786 2902 5786 2900 5786 2911 5787 2900 5787 2898 5787 2910 5788 2908 5788 2911 5788 2911 5789 2908 5789 2906 5789 2911 5790 2906 5790 2904 5790 2844 5791 2842 5791 2911 5791 2911 5792 2842 5792 2840 5792 2911 5793 2840 5793 2910 5793 2850 5794 2848 5794 2911 5794 2911 5795 2848 5795 2846 5795 2911 5796 2846 5796 2844 5796 2856 5797 2854 5797 2911 5797 2911 5798 2854 5798 2852 5798 2911 5799 2852 5799 2850 5799 2862 5800 2860 5800 2911 5800 2911 5801 2860 5801 2858 5801 2911 5802 2858 5802 2856 5802 2868 5803 2866 5803 2911 5803 2911 5804 2866 5804 2864 5804 2911 5805 2864 5805 2862 5805 2874 5806 2872 5806 2911 5806 2911 5807 2872 5807 2870 5807 2911 5808 2870 5808 2868 5808 2912 5809 2913 5809 2914 5809 2914 5810 2913 5810 2915 5810 2914 5811 2915 5811 2916 5811 2916 5812 2915 5812 2917 5812 2916 5813 2917 5813 2918 5813 2918 5814 2917 5814 2919 5814 2918 5815 2919 5815 2920 5815 2920 5816 2919 5816 2921 5816 2920 5817 2921 5817 2922 5817 2922 5818 2921 5818 2923 5818 2922 5819 2923 5819 2924 5819 2924 5820 2923 5820 2925 5820 2924 5821 2925 5821 2926 5821 2926 5822 2925 5822 2927 5822 2926 5823 2927 5823 2928 5823 2928 5824 2927 5824 2929 5824 2928 5825 2929 5825 2930 5825 2930 5826 2929 5826 2931 5826 2930 5827 2931 5827 2932 5827 2932 5828 2931 5828 2933 5828 2932 5829 2933 5829 2934 5829 2934 5830 2933 5830 2935 5830 2934 5831 2935 5831 2936 5831 2936 5832 2935 5832 2937 5832 2936 5833 2937 5833 2938 5833 2938 5834 2937 5834 2939 5834 2938 5835 2939 5835 2940 5835 2940 5836 2939 5836 2941 5836 2940 5837 2941 5837 2942 5837 2942 5838 2941 5838 2943 5838 2942 5839 2943 5839 2944 5839 2944 5840 2943 5840 2945 5840 2944 5841 2945 5841 2946 5841 2946 5842 2945 5842 2947 5842 2946 5843 2947 5843 2948 5843 2948 5844 2947 5844 2949 5844 2948 5845 2949 5845 2950 5845 2950 5846 2949 5846 2951 5846 2950 5847 2951 5847 2952 5847 2952 5848 2951 5848 2953 5848 2952 5849 2953 5849 2954 5849 2954 5850 2953 5850 2955 5850 2954 5851 2955 5851 2956 5851 2956 5852 2955 5852 2957 5852 2956 5853 2957 5853 2958 5853 2958 5854 2957 5854 2959 5854 2958 5855 2959 5855 2960 5855 2960 5856 2959 5856 2961 5856 2960 5857 2961 5857 2962 5857 2962 5858 2961 5858 2963 5858 2962 5859 2963 5859 2964 5859 2964 5860 2963 5860 2965 5860 2964 5861 2965 5861 2966 5861 2966 5862 2965 5862 2967 5862 2966 5863 2967 5863 2968 5863 2968 5864 2967 5864 2969 5864 2968 5865 2969 5865 2970 5865 2970 5866 2969 5866 2971 5866 2970 5867 2971 5867 2972 5867 2972 5868 2971 5868 2973 5868 2972 5869 2973 5869 2974 5869 2974 5870 2973 5870 2975 5870 2974 5871 2975 5871 2976 5871 2976 5872 2975 5872 2977 5872 2976 5873 2977 5873 2978 5873 2978 5874 2977 5874 2979 5874 2978 5875 2979 5875 2980 5875 2980 5876 2979 5876 2981 5876 2980 5877 2981 5877 2982 5877 2982 5878 2981 5878 2983 5878 2982 5879 2983 5879 2912 5879 2912 5880 2983 5880 2913 5880 2953 5881 2951 5881 2984 5881 2984 5882 2951 5882 2949 5882 2984 5883 2949 5883 2947 5883 2959 5884 2957 5884 2984 5884 2984 5885 2957 5885 2955 5885 2984 5886 2955 5886 2953 5886 2965 5887 2963 5887 2984 5887 2984 5888 2963 5888 2961 5888 2984 5889 2961 5889 2959 5889 2971 5890 2969 5890 2984 5890 2984 5891 2969 5891 2967 5891 2984 5892 2967 5892 2965 5892 2977 5893 2975 5893 2984 5893 2984 5894 2975 5894 2973 5894 2984 5895 2973 5895 2971 5895 2983 5896 2981 5896 2984 5896 2984 5897 2981 5897 2979 5897 2984 5898 2979 5898 2977 5898 2917 5899 2915 5899 2984 5899 2984 5900 2915 5900 2913 5900 2984 5901 2913 5901 2983 5901 2923 5902 2921 5902 2984 5902 2984 5903 2921 5903 2919 5903 2984 5904 2919 5904 2917 5904 2929 5905 2927 5905 2984 5905 2984 5906 2927 5906 2925 5906 2984 5907 2925 5907 2923 5907 2935 5908 2933 5908 2984 5908 2984 5909 2933 5909 2931 5909 2984 5910 2931 5910 2929 5910 2941 5911 2939 5911 2984 5911 2984 5912 2939 5912 2937 5912 2984 5913 2937 5913 2935 5913 2947 5914 2945 5914 2984 5914 2984 5915 2945 5915 2943 5915 2984 5916 2943 5916 2941 5916 2985 5917 2986 5917 2987 5917 2987 5918 2986 5918 2988 5918 2987 5919 2988 5919 2989 5919 2989 5920 2988 5920 2990 5920 2989 5921 2990 5921 2991 5921 2991 5922 2990 5922 2992 5922 2991 5923 2992 5923 2993 5923 2993 5924 2992 5924 2994 5924 2993 5925 2994 5925 2995 5925 2995 5926 2994 5926 2996 5926 2995 5927 2996 5927 2997 5927 2997 5928 2996 5928 2998 5928 2997 5929 2998 5929 2999 5929 2999 5930 2998 5930 3000 5930 2999 5931 3000 5931 3001 5931 3001 5932 3000 5932 3002 5932 3001 5933 3002 5933 3003 5933 3003 5934 3002 5934 3004 5934 3003 5935 3004 5935 3005 5935 3005 5936 3004 5936 3006 5936 3005 5937 3006 5937 3007 5937 3007 5938 3006 5938 3008 5938 3007 5939 3008 5939 3009 5939 3009 5940 3008 5940 3010 5940 3009 5941 3010 5941 3011 5941 3011 5942 3010 5942 3012 5942 3011 5943 3012 5943 3013 5943 3013 5944 3012 5944 3014 5944 3013 5945 3014 5945 3015 5945 3015 5946 3014 5946 3016 5946 3015 5947 3016 5947 3017 5947 3017 5948 3016 5948 3018 5948 3017 5949 3018 5949 3019 5949 3019 5950 3018 5950 3020 5950 3019 5951 3020 5951 3021 5951 3021 5952 3020 5952 3022 5952 3021 5953 3022 5953 3023 5953 3023 5954 3022 5954 3024 5954 3023 5955 3024 5955 3025 5955 3025 5956 3024 5956 3026 5956 3025 5957 3026 5957 3027 5957 3027 5958 3026 5958 3028 5958 3027 5959 3028 5959 3029 5959 3029 5960 3028 5960 3030 5960 3029 5961 3030 5961 3031 5961 3031 5962 3030 5962 3032 5962 3031 5963 3032 5963 3033 5963 3033 5964 3032 5964 3034 5964 3033 5965 3034 5965 3035 5965 3035 5966 3034 5966 3036 5966 3035 5967 3036 5967 3037 5967 3037 5968 3036 5968 3038 5968 3037 5969 3038 5969 3039 5969 3039 5970 3038 5970 3040 5970 3039 5971 3040 5971 3041 5971 3041 5972 3040 5972 3042 5972 3041 5973 3042 5973 3043 5973 3043 5974 3042 5974 3044 5974 3043 5975 3044 5975 3045 5975 3045 5976 3044 5976 3046 5976 3045 5977 3046 5977 3047 5977 3047 5978 3046 5978 3048 5978 3047 5979 3048 5979 3049 5979 3049 5980 3048 5980 3050 5980 3049 5981 3050 5981 3051 5981 3051 5982 3050 5982 3052 5982 3051 5983 3052 5983 3053 5983 3053 5984 3052 5984 3054 5984 3053 5985 3054 5985 3055 5985 3055 5986 3054 5986 3056 5986 3055 5987 3056 5987 2985 5987 2985 5988 3056 5988 2986 5988 3026 5989 3024 5989 3057 5989 3057 5990 3024 5990 3022 5990 3057 5991 3022 5991 3020 5991 3032 5992 3030 5992 3057 5992 3057 5993 3030 5993 3028 5993 3057 5994 3028 5994 3026 5994 3038 5995 3036 5995 3057 5995 3057 5996 3036 5996 3034 5996 3057 5997 3034 5997 3032 5997 3044 5998 3042 5998 3057 5998 3057 5999 3042 5999 3040 5999 3057 6000 3040 6000 3038 6000 3050 6001 3048 6001 3057 6001 3057 6002 3048 6002 3046 6002 3057 6003 3046 6003 3044 6003 3056 6004 3054 6004 3057 6004 3057 6005 3054 6005 3052 6005 3057 6006 3052 6006 3050 6006 2990 6007 2988 6007 3057 6007 3057 6008 2988 6008 2986 6008 3057 6009 2986 6009 3056 6009 2996 6010 2994 6010 3057 6010 3057 6011 2994 6011 2992 6011 3057 6012 2992 6012 2990 6012 3002 6013 3000 6013 3057 6013 3057 6014 3000 6014 2998 6014 3057 6015 2998 6015 2996 6015 3008 6016 3006 6016 3057 6016 3057 6017 3006 6017 3004 6017 3057 6018 3004 6018 3002 6018 3014 6019 3012 6019 3057 6019 3057 6020 3012 6020 3010 6020 3057 6021 3010 6021 3008 6021 3020 6022 3018 6022 3057 6022 3057 6023 3018 6023 3016 6023 3057 6024 3016 6024 3014 6024 3058 6025 3059 6025 3060 6025 3060 6026 3059 6026 3061 6026 3060 6027 3061 6027 3062 6027 3062 6028 3061 6028 3063 6028 3062 6029 3063 6029 3064 6029 3064 6030 3063 6030 3065 6030 3064 6031 3065 6031 3066 6031 3066 6032 3065 6032 3067 6032 3066 6033 3067 6033 3068 6033 3068 6034 3067 6034 3069 6034 3068 6035 3069 6035 3070 6035 3070 6036 3069 6036 3071 6036 3070 6037 3071 6037 3072 6037 3072 6038 3071 6038 3073 6038 3072 6039 3073 6039 3074 6039 3074 6040 3073 6040 3075 6040 3074 6041 3075 6041 3076 6041 3076 6042 3075 6042 3077 6042 3076 6043 3077 6043 3078 6043 3078 6044 3077 6044 3079 6044 3078 6045 3079 6045 3080 6045 3080 6046 3079 6046 3081 6046 3080 6047 3081 6047 3082 6047 3082 6048 3081 6048 3083 6048 3082 6049 3083 6049 3084 6049 3084 6050 3083 6050 3085 6050 3084 6051 3085 6051 3086 6051 3086 6052 3085 6052 3087 6052 3086 6053 3087 6053 3088 6053 3088 6054 3087 6054 3089 6054 3088 6055 3089 6055 3090 6055 3090 6056 3089 6056 3091 6056 3090 6057 3091 6057 3092 6057 3092 6058 3091 6058 3093 6058 3092 6059 3093 6059 3094 6059 3094 6060 3093 6060 3095 6060 3094 6061 3095 6061 3096 6061 3096 6062 3095 6062 3097 6062 3096 6063 3097 6063 3098 6063 3098 6064 3097 6064 3099 6064 3098 6065 3099 6065 3100 6065 3100 6066 3099 6066 3101 6066 3100 6067 3101 6067 3102 6067 3102 6068 3101 6068 3103 6068 3102 6069 3103 6069 3104 6069 3104 6070 3103 6070 3105 6070 3104 6071 3105 6071 3106 6071 3106 6072 3105 6072 3107 6072 3106 6073 3107 6073 3108 6073 3108 6074 3107 6074 3109 6074 3108 6075 3109 6075 3110 6075 3110 6076 3109 6076 3111 6076 3110 6077 3111 6077 3112 6077 3112 6078 3111 6078 3113 6078 3112 6079 3113 6079 3114 6079 3114 6080 3113 6080 3115 6080 3114 6081 3115 6081 3116 6081 3116 6082 3115 6082 3117 6082 3116 6083 3117 6083 3118 6083 3118 6084 3117 6084 3119 6084 3118 6085 3119 6085 3120 6085 3120 6086 3119 6086 3121 6086 3120 6087 3121 6087 3122 6087 3122 6088 3121 6088 3123 6088 3122 6089 3123 6089 3124 6089 3124 6090 3123 6090 3125 6090 3124 6091 3125 6091 3126 6091 3126 6092 3125 6092 3127 6092 3126 6093 3127 6093 3128 6093 3128 6094 3127 6094 3129 6094 3128 6095 3129 6095 3058 6095 3058 6096 3129 6096 3059 6096 3099 6097 3097 6097 3130 6097 3130 6098 3097 6098 3095 6098 3130 6099 3095 6099 3093 6099 3105 6100 3103 6100 3130 6100 3130 6101 3103 6101 3101 6101 3130 6102 3101 6102 3099 6102 3111 6103 3109 6103 3130 6103 3130 6104 3109 6104 3107 6104 3130 6105 3107 6105 3105 6105 3117 6106 3115 6106 3130 6106 3130 6107 3115 6107 3113 6107 3130 6108 3113 6108 3111 6108 3123 6109 3121 6109 3130 6109 3130 6110 3121 6110 3119 6110 3130 6111 3119 6111 3117 6111 3129 6112 3127 6112 3130 6112 3130 6113 3127 6113 3125 6113 3130 6114 3125 6114 3123 6114 3063 6115 3061 6115 3130 6115 3130 6116 3061 6116 3059 6116 3130 6117 3059 6117 3129 6117 3069 6118 3067 6118 3130 6118 3130 6119 3067 6119 3065 6119 3130 6120 3065 6120 3063 6120 3075 6121 3073 6121 3130 6121 3130 6122 3073 6122 3071 6122 3130 6123 3071 6123 3069 6123 3081 6124 3079 6124 3130 6124 3130 6125 3079 6125 3077 6125 3130 6126 3077 6126 3075 6126 3087 6127 3085 6127 3130 6127 3130 6128 3085 6128 3083 6128 3130 6129 3083 6129 3081 6129 3093 6130 3091 6130 3130 6130 3130 6131 3091 6131 3089 6131 3130 6132 3089 6132 3087 6132 3131 6133 3132 6133 3133 6133 3133 6134 3132 6134 3134 6134 3133 6135 3134 6135 3135 6135 3135 6136 3134 6136 3136 6136 3135 6137 3136 6137 3137 6137 3137 6138 3136 6138 3138 6138 3137 6139 3138 6139 3139 6139 3139 6140 3138 6140 3140 6140 3139 6141 3140 6141 3141 6141 3141 6142 3140 6142 3142 6142 3141 6143 3142 6143 3143 6143 3143 6144 3142 6144 3144 6144 3143 6145 3144 6145 3145 6145 3145 6146 3144 6146 3146 6146 3145 6147 3146 6147 3147 6147 3147 6148 3146 6148 3148 6148 3147 6149 3148 6149 3149 6149 3149 6150 3148 6150 3150 6150 3149 6151 3150 6151 3151 6151 3151 6152 3150 6152 3152 6152 3151 6153 3152 6153 3153 6153 3153 6154 3152 6154 3154 6154 3153 6155 3154 6155 3155 6155 3155 6156 3154 6156 3156 6156 3155 6157 3156 6157 3157 6157 3157 6158 3156 6158 3158 6158 3157 6159 3158 6159 3159 6159 3159 6160 3158 6160 3160 6160 3159 6161 3160 6161 3161 6161 3161 6162 3160 6162 3162 6162 3161 6163 3162 6163 3163 6163 3163 6164 3162 6164 3164 6164 3163 6165 3164 6165 3165 6165 3165 6166 3164 6166 3166 6166 3165 6167 3166 6167 3167 6167 3167 6168 3166 6168 3168 6168 3167 6169 3168 6169 3169 6169 3169 6170 3168 6170 3170 6170 3169 6171 3170 6171 3171 6171 3171 6172 3170 6172 3172 6172 3171 6173 3172 6173 3173 6173 3173 6174 3172 6174 3174 6174 3173 6175 3174 6175 3175 6175 3175 6176 3174 6176 3176 6176 3175 6177 3176 6177 3177 6177 3177 6178 3176 6178 3178 6178 3177 6179 3178 6179 3179 6179 3179 6180 3178 6180 3180 6180 3179 6181 3180 6181 3181 6181 3181 6182 3180 6182 3182 6182 3181 6183 3182 6183 3183 6183 3183 6184 3182 6184 3184 6184 3183 6185 3184 6185 3185 6185 3185 6186 3184 6186 3186 6186 3185 6187 3186 6187 3187 6187 3187 6188 3186 6188 3188 6188 3187 6189 3188 6189 3189 6189 3189 6190 3188 6190 3190 6190 3189 6191 3190 6191 3191 6191 3191 6192 3190 6192 3192 6192 3191 6193 3192 6193 3193 6193 3193 6194 3192 6194 3194 6194 3193 6195 3194 6195 3195 6195 3195 6196 3194 6196 3196 6196 3195 6197 3196 6197 3197 6197 3197 6198 3196 6198 3198 6198 3197 6199 3198 6199 3199 6199 3199 6200 3198 6200 3200 6200 3199 6201 3200 6201 3201 6201 3201 6202 3200 6202 3202 6202 3201 6203 3202 6203 3131 6203 3131 6204 3202 6204 3132 6204 3172 6205 3170 6205 3203 6205 3203 6206 3170 6206 3168 6206 3203 6207 3168 6207 3166 6207 3178 6208 3176 6208 3203 6208 3203 6209 3176 6209 3174 6209 3203 6210 3174 6210 3172 6210 3184 6211 3182 6211 3203 6211 3203 6212 3182 6212 3180 6212 3203 6213 3180 6213 3178 6213 3190 6214 3188 6214 3203 6214 3203 6215 3188 6215 3186 6215 3203 6216 3186 6216 3184 6216 3196 6217 3194 6217 3203 6217 3203 6218 3194 6218 3192 6218 3203 6219 3192 6219 3190 6219 3202 6220 3200 6220 3203 6220 3203 6221 3200 6221 3198 6221 3203 6222 3198 6222 3196 6222 3136 6223 3134 6223 3203 6223 3203 6224 3134 6224 3132 6224 3203 6225 3132 6225 3202 6225 3142 6226 3140 6226 3203 6226 3203 6227 3140 6227 3138 6227 3203 6228 3138 6228 3136 6228 3148 6229 3146 6229 3203 6229 3203 6230 3146 6230 3144 6230 3203 6231 3144 6231 3142 6231 3154 6232 3152 6232 3203 6232 3203 6233 3152 6233 3150 6233 3203 6234 3150 6234 3148 6234 3160 6235 3158 6235 3203 6235 3203 6236 3158 6236 3156 6236 3203 6237 3156 6237 3154 6237 3166 6238 3164 6238 3203 6238 3203 6239 3164 6239 3162 6239 3203 6240 3162 6240 3160 6240 3204 6241 3205 6241 3206 6241 3207 6242 3208 6242 3209 6242 3210 6243 3211 6243 3206 6243 3206 6244 3211 6244 3212 6244 3206 6245 3212 6245 3204 6245 3213 6246 3214 6246 3210 6246 3210 6247 3214 6247 3215 6247 3210 6248 3215 6248 3211 6248 3216 6249 3217 6249 3213 6249 3213 6250 3217 6250 3218 6250 3213 6251 3218 6251 3214 6251 3209 6252 3219 6252 3207 6252 3207 6253 3219 6253 3220 6253 3207 6254 3220 6254 3216 6254 3216 6255 3220 6255 3221 6255 3216 6256 3221 6256 3217 6256 3222 6257 3223 6257 3224 6257 3209 6258 3208 6258 3225 6258 3226 6259 3219 6259 3224 6259 3224 6260 3219 6260 3209 6260 3224 6261 3209 6261 3222 6261 3222 6262 3209 6262 3225 6262 3227 6263 2727 6263 3228 6263 3228 6264 2727 6264 3229 6264 3228 6265 3229 6265 3230 6265 2738 6266 2737 6266 3227 6266 3227 6267 2737 6267 2736 6267 3227 6268 2736 6268 2727 6268 3227 6269 3231 6269 2738 6269 2738 6270 3231 6270 3232 6270 2738 6271 3232 6271 2748 6271 3233 6272 2750 6272 3232 6272 3232 6273 2750 6273 2749 6273 3232 6274 2749 6274 2748 6274 2753 6275 2752 6275 3233 6275 3233 6276 2752 6276 2751 6276 3233 6277 2751 6277 2750 6277 2739 6278 2707 6278 3234 6278 3235 6279 3236 6279 3237 6279 3238 6280 2741 6280 3234 6280 3234 6281 2741 6281 2740 6281 3234 6282 2740 6282 2739 6282 3239 6283 2747 6283 3238 6283 3238 6284 2747 6284 2746 6284 3238 6285 2746 6285 2741 6285 3240 6286 2734 6286 3239 6286 3239 6287 2734 6287 2733 6287 3239 6288 2733 6288 2747 6288 3237 6289 2729 6289 3235 6289 3235 6290 2729 6290 2728 6290 3235 6291 2728 6291 3240 6291 3240 6292 2728 6292 2735 6292 3240 6293 2735 6293 2734 6293 3237 6294 3236 6294 3241 6294 3242 6295 3243 6295 3244 6295 3244 6296 3243 6296 2730 6296 3244 6297 2730 6297 3241 6297 3241 6298 2730 6298 2729 6298 3241 6299 2729 6299 3237 6299 3245 6300 2730 6300 3246 6300 3246 6301 2730 6301 3243 6301 3246 6302 3243 6302 3242 6302 2756 6303 2744 6303 3245 6303 3245 6304 2744 6304 2743 6304 3245 6305 2743 6305 2730 6305 3245 6306 3247 6306 2756 6306 2756 6307 3247 6307 3248 6307 2756 6308 3248 6308 2757 6308 3249 6309 2762 6309 3248 6309 3248 6310 2762 6310 2761 6310 3248 6311 2761 6311 2757 6311 2754 6312 2755 6312 3249 6312 3249 6313 2755 6313 2763 6313 3249 6314 2763 6314 2762 6314 3250 6315 3251 6315 3252 6315 3253 6316 3254 6316 3255 6316 3256 6317 3257 6317 3252 6317 3252 6318 3257 6318 3258 6318 3252 6319 3258 6319 3250 6319 3259 6320 3260 6320 3256 6320 3256 6321 3260 6321 3261 6321 3256 6322 3261 6322 3257 6322 3262 6323 3263 6323 3259 6323 3259 6324 3263 6324 3264 6324 3259 6325 3264 6325 3260 6325 3255 6326 3265 6326 3253 6326 3253 6327 3265 6327 3266 6327 3253 6328 3266 6328 3262 6328 3262 6329 3266 6329 3267 6329 3262 6330 3267 6330 3263 6330 3268 6331 3269 6331 3270 6331 3255 6332 3254 6332 3271 6332 3272 6333 3265 6333 3270 6333 3270 6334 3265 6334 3255 6334 3270 6335 3255 6335 3268 6335 3268 6336 3255 6336 3271 6336 3273 6337 3274 6337 3275 6337 3275 6338 3276 6338 3277 6338 3277 6339 3278 6339 3275 6339 3275 6340 3278 6340 3279 6340 3275 6341 3279 6341 3273 6341 3280 6342 3281 6342 3282 6342 3282 6343 3281 6343 3283 6343 3283 6344 3281 6344 3284 6344 3284 6345 3281 6345 3285 6345 3284 6346 3285 6346 3286 6346 3286 6347 3285 6347 3287 6347 3287 6348 3285 6348 3288 6348 3287 6349 3288 6349 3289 6349 3289 6350 3288 6350 3290 6350 3290 6351 3288 6351 3291 6351 3290 6352 3291 6352 3292 6352 3293 6353 3294 6353 3295 6353 3295 6354 3294 6354 3296 6354 3295 6355 3296 6355 3297 6355 3292 6356 3291 6356 3297 6356 3297 6357 3291 6357 3298 6357 3297 6358 3298 6358 3295 6358 3299 6359 3278 6359 3300 6359 3300 6360 3278 6360 3277 6360 3300 6361 3277 6361 3276 6361 3300 6362 3301 6362 3299 6362 3299 6363 3301 6363 3302 6363 3299 6364 3302 6364 3303 6364 3303 6365 3302 6365 3304 6365 3302 6366 3305 6366 3304 6366 3304 6367 3305 6367 3306 6367 3304 6368 3306 6368 3307 6368 3308 6369 3309 6369 3306 6369 3306 6370 3309 6370 3310 6370 3306 6371 3310 6371 3307 6371 3280 6372 3311 6372 3308 6372 3308 6373 3311 6373 3312 6373 3308 6374 3312 6374 3309 6374 3294 6375 3293 6375 3313 6375 3314 6376 3315 6376 3316 6376 3316 6377 3315 6377 3317 6377 3316 6378 3317 6378 3313 6378 3313 6379 3317 6379 3296 6379 3313 6380 3296 6380 3294 6380 3318 6381 3319 6381 3320 6381 3321 6382 3274 6382 3273 6382 3322 6383 3323 6383 3320 6383 3320 6384 3323 6384 3324 6384 3320 6385 3324 6385 3318 6385 3325 6386 3326 6386 3322 6386 3322 6387 3326 6387 3327 6387 3322 6388 3327 6388 3323 6388 3328 6389 3329 6389 3325 6389 3325 6390 3329 6390 3330 6390 3325 6391 3330 6391 3326 6391 3273 6392 3279 6392 3321 6392 3321 6393 3279 6393 3331 6393 3321 6394 3331 6394 3328 6394 3328 6395 3331 6395 3332 6395 3328 6396 3332 6396 3329 6396 3333 6397 3226 6397 3334 6397 3334 6398 3226 6398 3224 6398 3334 6399 3224 6399 3223 6399 3335 6400 3336 6400 3333 6400 3333 6401 3336 6401 3337 6401 3333 6402 3337 6402 3226 6402 3333 6403 3338 6403 3335 6403 3335 6404 3338 6404 3339 6404 3335 6405 3339 6405 3340 6405 3341 6406 3342 6406 3339 6406 3339 6407 3342 6407 3343 6407 3339 6408 3343 6408 3340 6408 3344 6409 3345 6409 3341 6409 3341 6410 3345 6410 3346 6410 3341 6411 3346 6411 3342 6411 3347 6412 3348 6412 3349 6412 2726 6413 3347 6413 2727 6413 2727 6414 3347 6414 3349 6414 2727 6415 3349 6415 3229 6415 3229 6416 3349 6416 3230 6416 2758 6417 2754 6417 3350 6417 3351 6418 3348 6418 3347 6418 3352 6419 2760 6419 3350 6419 3350 6420 2760 6420 2759 6420 3350 6421 2759 6421 2758 6421 3353 6422 2765 6422 3352 6422 3352 6423 2765 6423 2764 6423 3352 6424 2764 6424 2760 6424 3354 6425 2745 6425 3353 6425 3353 6426 2745 6426 2742 6426 3353 6427 2742 6427 2765 6427 3347 6428 2726 6428 3351 6428 3351 6429 2726 6429 2731 6429 3351 6430 2731 6430 3354 6430 3354 6431 2731 6431 2732 6431 3354 6432 2732 6432 2745 6432 3355 6433 3272 6433 3356 6433 3356 6434 3272 6434 3270 6434 3356 6435 3270 6435 3269 6435 3357 6436 3358 6436 3355 6436 3355 6437 3358 6437 3359 6437 3355 6438 3359 6438 3272 6438 3355 6439 3360 6439 3357 6439 3357 6440 3360 6440 3361 6440 3357 6441 3361 6441 3362 6441 3363 6442 3364 6442 3361 6442 3361 6443 3364 6443 3365 6443 3361 6444 3365 6444 3362 6444 2725 6445 3366 6445 3363 6445 3363 6446 3366 6446 3367 6446 3363 6447 3367 6447 3364 6447 3368 6448 3317 6448 3369 6448 3369 6449 3317 6449 3315 6449 3369 6450 3315 6450 3314 6450 3370 6451 3371 6451 3368 6451 3368 6452 3371 6452 3372 6452 3368 6453 3372 6453 3317 6453 3368 6454 3373 6454 3370 6454 3370 6455 3373 6455 3374 6455 3370 6456 3374 6456 3375 6456 3376 6457 3377 6457 3374 6457 3374 6458 3377 6458 3378 6458 3374 6459 3378 6459 3375 6459 3379 6460 3380 6460 3376 6460 3376 6461 3380 6461 3381 6461 3376 6462 3381 6462 3377 6462 3205 6463 640 6463 3382 6463 3205 6464 3382 6464 3383 6464 3383 6465 3382 6465 3384 6465 3383 6466 3384 6466 3385 6466 3385 6467 3384 6467 3386 6467 3385 6468 3386 6468 3387 6468 3387 6469 3386 6469 3388 6469 3387 6470 3388 6470 3389 6470 3389 6471 3388 6471 3390 6471 3389 6472 3390 6472 3391 6472 3391 6473 3390 6473 3392 6473 3391 6474 3392 6474 3393 6474 3393 6475 3392 6475 3394 6475 3393 6476 3394 6476 3395 6476 3395 6477 3394 6477 3396 6477 3395 6478 3396 6478 3397 6478 3397 6479 3396 6479 3398 6479 3397 6480 3398 6480 3399 6480 3399 6481 3398 6481 659 6481 3399 6482 659 6482 2753 6482 3400 6483 3401 6483 3402 6483 3402 6484 3401 6484 3403 6484 3402 6485 3403 6485 3404 6485 3404 6486 3403 6486 3405 6486 3404 6487 3405 6487 3406 6487 3406 6488 3405 6488 3407 6488 3406 6489 3407 6489 3408 6489 3408 6490 3407 6490 3409 6490 3408 6491 3409 6491 3410 6491 3410 6492 3409 6492 3411 6492 3410 6493 3411 6493 3412 6493 3412 6494 3411 6494 3413 6494 3412 6495 3413 6495 3414 6495 3414 6496 3413 6496 3415 6496 3414 6497 3415 6497 3416 6497 3416 6498 3415 6498 3417 6498 3416 6499 3417 6499 3418 6499 3418 6500 3417 6500 3419 6500 3418 6501 3419 6501 3420 6501 3420 6502 3419 6502 3421 6502 3420 6503 3421 6503 3422 6503 3422 6504 3421 6504 3423 6504 3422 6505 3423 6505 3424 6505 3424 6506 3423 6506 3425 6506 3424 6507 3425 6507 3426 6507 3426 6508 3425 6508 3427 6508 3426 6509 3427 6509 3428 6509 3428 6510 3427 6510 3429 6510 3428 6511 3429 6511 3430 6511 3430 6512 3429 6512 3431 6512 3430 6513 3431 6513 3432 6513 3432 6514 3431 6514 3433 6514 3432 6515 3433 6515 3434 6515 3434 6516 3433 6516 3435 6516 3434 6517 3435 6517 3436 6517 3436 6518 3435 6518 3437 6518 3436 6519 3437 6519 3438 6519 3438 6520 3437 6520 3439 6520 3438 6521 3439 6521 3440 6521 3440 6522 3439 6522 3441 6522 3440 6523 3441 6523 3442 6523 3442 6524 3441 6524 3443 6524 3442 6525 3443 6525 3444 6525 3444 6526 3443 6526 3445 6526 3444 6527 3445 6527 3446 6527 3446 6528 3445 6528 3447 6528 3446 6529 3447 6529 3448 6529 3448 6530 3447 6530 3449 6530 3448 6531 3449 6531 3450 6531 3450 6532 3449 6532 3451 6532 3450 6533 3451 6533 3452 6533 3452 6534 3451 6534 3453 6534 3452 6535 3453 6535 3454 6535 3454 6536 3453 6536 3455 6536 3454 6537 3455 6537 3456 6537 3456 6538 3455 6538 3457 6538 3456 6539 3457 6539 3458 6539 3458 6540 3457 6540 3459 6540 3458 6541 3459 6541 3460 6541 3460 6542 3459 6542 3461 6542 3460 6543 3461 6543 3462 6543 3462 6544 3461 6544 3463 6544 3462 6545 3463 6545 3464 6545 3464 6546 3463 6546 3465 6546 3464 6547 3465 6547 3466 6547 3466 6548 3465 6548 3467 6548 3466 6549 3467 6549 3468 6549 3468 6550 3467 6550 3469 6550 3468 6551 3469 6551 3470 6551 3470 6552 3469 6552 3471 6552 3470 6553 3471 6553 3400 6553 3400 6554 3471 6554 3401 6554 3472 6555 3434 6555 3473 6555 3473 6556 3434 6556 3436 6556 3473 6557 3436 6557 3474 6557 3474 6558 3436 6558 3438 6558 3474 6559 3438 6559 3475 6559 3475 6560 3438 6560 3440 6560 3475 6561 3440 6561 3476 6561 3476 6562 3440 6562 3442 6562 3476 6563 3442 6563 3477 6563 3477 6564 3442 6564 3444 6564 3477 6565 3444 6565 3478 6565 3478 6566 3444 6566 3446 6566 3478 6567 3446 6567 3479 6567 3479 6568 3446 6568 3448 6568 3479 6569 3448 6569 3480 6569 3480 6570 3448 6570 3450 6570 3480 6571 3450 6571 3481 6571 3481 6572 3450 6572 3452 6572 3481 6573 3452 6573 3482 6573 3482 6574 3452 6574 3454 6574 3482 6575 3454 6575 3483 6575 3483 6576 3454 6576 3456 6576 3483 6577 3456 6577 3484 6577 3484 6578 3456 6578 3458 6578 3484 6579 3458 6579 3485 6579 3485 6580 3458 6580 3460 6580 3485 6581 3460 6581 3486 6581 3486 6582 3460 6582 3462 6582 3486 6583 3462 6583 3487 6583 3487 6584 3462 6584 3464 6584 3487 6585 3464 6585 3488 6585 3488 6586 3464 6586 3466 6586 3488 6587 3466 6587 3489 6587 3489 6588 3466 6588 3468 6588 3489 6589 3468 6589 3490 6589 3490 6590 3468 6590 3470 6590 3490 6591 3470 6591 3491 6591 3491 6592 3470 6592 3400 6592 3491 6593 3400 6593 3492 6593 3492 6594 3400 6594 3402 6594 3492 6595 3402 6595 3493 6595 3493 6596 3402 6596 3404 6596 3493 6597 3404 6597 3494 6597 3494 6598 3404 6598 3406 6598 3494 6599 3406 6599 3495 6599 3495 6600 3406 6600 3408 6600 3495 6601 3408 6601 3496 6601 3496 6602 3408 6602 3410 6602 3496 6603 3410 6603 3497 6603 3497 6604 3410 6604 3412 6604 3497 6605 3412 6605 3498 6605 3498 6606 3412 6606 3414 6606 3498 6607 3414 6607 3499 6607 3499 6608 3414 6608 3416 6608 3499 6609 3416 6609 3500 6609 3500 6610 3416 6610 3418 6610 3500 6611 3418 6611 3501 6611 3501 6612 3418 6612 3420 6612 3501 6613 3420 6613 3502 6613 3502 6614 3420 6614 3422 6614 3502 6615 3422 6615 3503 6615 3503 6616 3422 6616 3424 6616 3503 6617 3424 6617 3504 6617 3504 6618 3424 6618 3426 6618 3504 6619 3426 6619 3505 6619 3505 6620 3426 6620 3428 6620 3505 6621 3428 6621 3506 6621 3506 6622 3428 6622 3430 6622 3506 6623 3430 6623 3507 6623 3507 6624 3430 6624 3432 6624 3507 6625 3432 6625 3472 6625 3472 6626 3432 6626 3434 6626 3508 6627 3509 6627 3510 6627 3510 6628 3509 6628 3511 6628 3510 6629 3511 6629 3512 6629 3512 6630 3511 6630 3513 6630 3512 6631 3513 6631 3514 6631 3514 6632 3513 6632 3515 6632 3514 6633 3515 6633 3516 6633 3516 6634 3515 6634 3517 6634 3516 6635 3517 6635 3518 6635 3518 6636 3517 6636 3519 6636 3518 6637 3519 6637 3520 6637 3520 6638 3519 6638 3521 6638 3520 6639 3521 6639 3522 6639 3522 6640 3521 6640 3523 6640 3522 6641 3523 6641 3524 6641 3524 6642 3523 6642 3525 6642 3524 6643 3525 6643 3526 6643 3526 6644 3525 6644 3527 6644 3526 6645 3527 6645 3528 6645 3528 6646 3527 6646 3529 6646 3528 6647 3529 6647 3530 6647 3530 6648 3529 6648 3531 6648 3530 6649 3531 6649 3532 6649 3532 6650 3531 6650 3533 6650 3532 6651 3533 6651 3534 6651 3534 6652 3533 6652 3535 6652 3534 6653 3535 6653 3536 6653 3536 6654 3535 6654 3537 6654 3536 6655 3537 6655 3538 6655 3538 6656 3537 6656 3539 6656 3538 6657 3539 6657 3540 6657 3540 6658 3539 6658 3541 6658 3540 6659 3541 6659 3542 6659 3542 6660 3541 6660 3543 6660 3542 6661 3543 6661 3544 6661 3544 6662 3543 6662 3545 6662 3544 6663 3545 6663 3546 6663 3546 6664 3545 6664 3547 6664 3546 6665 3547 6665 3548 6665 3548 6666 3547 6666 3549 6666 3548 6667 3549 6667 3550 6667 3550 6668 3549 6668 3551 6668 3550 6669 3551 6669 3552 6669 3552 6670 3551 6670 3553 6670 3552 6671 3553 6671 3554 6671 3554 6672 3553 6672 3555 6672 3554 6673 3555 6673 3556 6673 3556 6674 3555 6674 3557 6674 3556 6675 3557 6675 3558 6675 3558 6676 3557 6676 3559 6676 3558 6677 3559 6677 3560 6677 3560 6678 3559 6678 3561 6678 3560 6679 3561 6679 3562 6679 3562 6680 3561 6680 3563 6680 3562 6681 3563 6681 3564 6681 3564 6682 3563 6682 3565 6682 3564 6683 3565 6683 3566 6683 3566 6684 3565 6684 3567 6684 3566 6685 3567 6685 3568 6685 3568 6686 3567 6686 3569 6686 3568 6687 3569 6687 3570 6687 3570 6688 3569 6688 3571 6688 3570 6689 3571 6689 3572 6689 3572 6690 3571 6690 3573 6690 3572 6691 3573 6691 3574 6691 3574 6692 3573 6692 3575 6692 3574 6693 3575 6693 3576 6693 3576 6694 3575 6694 3577 6694 3576 6695 3577 6695 3578 6695 3578 6696 3577 6696 3579 6696 3578 6697 3579 6697 3508 6697 3508 6698 3579 6698 3509 6698 3580 6699 3492 6699 3581 6699 3581 6700 3492 6700 3493 6700 3581 6701 3493 6701 3582 6701 3582 6702 3493 6702 3494 6702 3582 6703 3494 6703 3583 6703 3583 6704 3494 6704 3495 6704 3583 6705 3495 6705 3584 6705 3584 6706 3495 6706 3496 6706 3584 6707 3496 6707 3585 6707 3585 6708 3496 6708 3497 6708 3585 6709 3497 6709 3586 6709 3586 6710 3497 6710 3498 6710 3586 6711 3498 6711 3587 6711 3587 6712 3498 6712 3499 6712 3587 6713 3499 6713 3588 6713 3588 6714 3499 6714 3500 6714 3588 6715 3500 6715 3589 6715 3589 6716 3500 6716 3501 6716 3589 6717 3501 6717 3590 6717 3590 6718 3501 6718 3502 6718 3590 6719 3502 6719 3591 6719 3591 6720 3502 6720 3503 6720 3591 6721 3503 6721 3592 6721 3592 6722 3503 6722 3504 6722 3592 6723 3504 6723 3593 6723 3593 6724 3504 6724 3505 6724 3593 6725 3505 6725 3594 6725 3594 6726 3505 6726 3506 6726 3594 6727 3506 6727 3595 6727 3595 6728 3506 6728 3507 6728 3595 6729 3507 6729 3596 6729 3596 6730 3507 6730 3472 6730 3596 6731 3472 6731 3597 6731 3597 6732 3472 6732 3473 6732 3597 6733 3473 6733 3598 6733 3598 6734 3473 6734 3474 6734 3598 6735 3474 6735 3599 6735 3599 6736 3474 6736 3475 6736 3599 6737 3475 6737 3600 6737 3600 6738 3475 6738 3476 6738 3600 6739 3476 6739 3601 6739 3601 6740 3476 6740 3477 6740 3601 6741 3477 6741 3602 6741 3602 6742 3477 6742 3478 6742 3602 6743 3478 6743 3603 6743 3603 6744 3478 6744 3479 6744 3603 6745 3479 6745 3604 6745 3604 6746 3479 6746 3480 6746 3604 6747 3480 6747 3605 6747 3605 6748 3480 6748 3481 6748 3605 6749 3481 6749 3606 6749 3606 6750 3481 6750 3482 6750 3606 6751 3482 6751 3607 6751 3607 6752 3482 6752 3483 6752 3607 6753 3483 6753 3608 6753 3608 6754 3483 6754 3484 6754 3608 6755 3484 6755 3609 6755 3609 6756 3484 6756 3485 6756 3609 6757 3485 6757 3610 6757 3610 6758 3485 6758 3486 6758 3610 6759 3486 6759 3611 6759 3611 6760 3486 6760 3487 6760 3611 6761 3487 6761 3612 6761 3612 6762 3487 6762 3488 6762 3612 6763 3488 6763 3613 6763 3613 6764 3488 6764 3489 6764 3613 6765 3489 6765 3614 6765 3614 6766 3489 6766 3490 6766 3614 6767 3490 6767 3615 6767 3615 6768 3490 6768 3491 6768 3615 6769 3491 6769 3580 6769 3580 6770 3491 6770 3492 6770 3555 6771 3603 6771 3557 6771 3557 6772 3603 6772 3604 6772 3557 6773 3604 6773 3559 6773 3559 6774 3604 6774 3605 6774 3559 6775 3605 6775 3561 6775 3561 6776 3605 6776 3606 6776 3561 6777 3606 6777 3563 6777 3563 6778 3606 6778 3607 6778 3563 6779 3607 6779 3565 6779 3565 6780 3607 6780 3608 6780 3565 6781 3608 6781 3567 6781 3567 6782 3608 6782 3609 6782 3567 6783 3609 6783 3569 6783 3569 6784 3609 6784 3610 6784 3569 6785 3610 6785 3571 6785 3571 6786 3610 6786 3611 6786 3571 6787 3611 6787 3573 6787 3573 6788 3611 6788 3612 6788 3573 6789 3612 6789 3575 6789 3575 6790 3612 6790 3613 6790 3575 6791 3613 6791 3577 6791 3577 6792 3613 6792 3614 6792 3577 6793 3614 6793 3579 6793 3579 6794 3614 6794 3615 6794 3579 6795 3615 6795 3509 6795 3509 6796 3615 6796 3580 6796 3509 6797 3580 6797 3511 6797 3511 6798 3580 6798 3581 6798 3511 6799 3581 6799 3513 6799 3513 6800 3581 6800 3582 6800 3513 6801 3582 6801 3515 6801 3515 6802 3582 6802 3583 6802 3515 6803 3583 6803 3517 6803 3517 6804 3583 6804 3584 6804 3517 6805 3584 6805 3519 6805 3519 6806 3584 6806 3585 6806 3519 6807 3585 6807 3521 6807 3521 6808 3585 6808 3586 6808 3521 6809 3586 6809 3523 6809 3523 6810 3586 6810 3587 6810 3523 6811 3587 6811 3525 6811 3525 6812 3587 6812 3588 6812 3525 6813 3588 6813 3527 6813 3527 6814 3588 6814 3589 6814 3527 6815 3589 6815 3529 6815 3529 6816 3589 6816 3590 6816 3529 6817 3590 6817 3531 6817 3531 6818 3590 6818 3591 6818 3531 6819 3591 6819 3533 6819 3533 6820 3591 6820 3592 6820 3533 6821 3592 6821 3535 6821 3535 6822 3592 6822 3593 6822 3535 6823 3593 6823 3537 6823 3537 6824 3593 6824 3594 6824 3537 6825 3594 6825 3539 6825 3539 6826 3594 6826 3595 6826 3539 6827 3595 6827 3541 6827 3541 6828 3595 6828 3596 6828 3541 6829 3596 6829 3543 6829 3543 6830 3596 6830 3597 6830 3543 6831 3597 6831 3545 6831 3545 6832 3597 6832 3598 6832 3545 6833 3598 6833 3547 6833 3547 6834 3598 6834 3599 6834 3547 6835 3599 6835 3549 6835 3549 6836 3599 6836 3600 6836 3549 6837 3600 6837 3551 6837 3551 6838 3600 6838 3601 6838 3551 6839 3601 6839 3553 6839 3553 6840 3601 6840 3602 6840 3553 6841 3602 6841 3555 6841 3555 6842 3602 6842 3603 6842 3449 6843 3616 6843 3451 6843 3451 6844 3616 6844 3617 6844 3451 6845 3617 6845 3453 6845 3453 6846 3617 6846 3618 6846 3453 6847 3618 6847 3455 6847 3455 6848 3618 6848 3619 6848 3455 6849 3619 6849 3457 6849 3457 6850 3619 6850 3620 6850 3457 6851 3620 6851 3459 6851 3459 6852 3620 6852 3621 6852 3459 6853 3621 6853 3461 6853 3461 6854 3621 6854 3622 6854 3461 6855 3622 6855 3463 6855 3463 6856 3622 6856 3623 6856 3463 6857 3623 6857 3465 6857 3465 6858 3623 6858 3624 6858 3465 6859 3624 6859 3467 6859 3467 6860 3624 6860 3625 6860 3467 6861 3625 6861 3469 6861 3469 6862 3625 6862 3626 6862 3469 6863 3626 6863 3471 6863 3471 6864 3626 6864 3627 6864 3471 6865 3627 6865 3401 6865 3401 6866 3627 6866 3628 6866 3401 6867 3628 6867 3403 6867 3403 6868 3628 6868 3629 6868 3403 6869 3629 6869 3405 6869 3405 6870 3629 6870 3630 6870 3405 6871 3630 6871 3407 6871 3407 6872 3630 6872 3631 6872 3407 6873 3631 6873 3409 6873 3409 6874 3631 6874 3632 6874 3409 6875 3632 6875 3411 6875 3411 6876 3632 6876 3633 6876 3411 6877 3633 6877 3413 6877 3413 6878 3633 6878 3634 6878 3413 6879 3634 6879 3415 6879 3415 6880 3634 6880 3635 6880 3415 6881 3635 6881 3417 6881 3417 6882 3635 6882 3636 6882 3417 6883 3636 6883 3419 6883 3419 6884 3636 6884 3637 6884 3419 6885 3637 6885 3421 6885 3421 6886 3637 6886 3638 6886 3421 6887 3638 6887 3423 6887 3423 6888 3638 6888 3639 6888 3423 6889 3639 6889 3425 6889 3425 6890 3639 6890 3640 6890 3425 6891 3640 6891 3427 6891 3427 6892 3640 6892 3641 6892 3427 6893 3641 6893 3429 6893 3429 6894 3641 6894 3642 6894 3429 6895 3642 6895 3431 6895 3431 6896 3642 6896 3643 6896 3431 6897 3643 6897 3433 6897 3433 6898 3643 6898 3644 6898 3433 6899 3644 6899 3435 6899 3435 6900 3644 6900 3645 6900 3435 6901 3645 6901 3437 6901 3437 6902 3645 6902 3646 6902 3437 6903 3646 6903 3439 6903 3439 6904 3646 6904 3647 6904 3439 6905 3647 6905 3441 6905 3441 6906 3647 6906 3648 6906 3441 6907 3648 6907 3443 6907 3443 6908 3648 6908 3649 6908 3443 6909 3649 6909 3445 6909 3445 6910 3649 6910 3650 6910 3445 6911 3650 6911 3447 6911 3447 6912 3650 6912 3651 6912 3447 6913 3651 6913 3449 6913 3449 6914 3651 6914 3616 6914 3627 6915 3652 6915 3628 6915 3628 6916 3652 6916 3653 6916 3628 6917 3653 6917 3629 6917 3629 6918 3653 6918 3654 6918 3629 6919 3654 6919 3630 6919 3630 6920 3654 6920 3655 6920 3630 6921 3655 6921 3631 6921 3631 6922 3655 6922 3656 6922 3631 6923 3656 6923 3632 6923 3632 6924 3656 6924 3657 6924 3632 6925 3657 6925 3633 6925 3633 6926 3657 6926 3658 6926 3633 6927 3658 6927 3634 6927 3634 6928 3658 6928 3659 6928 3634 6929 3659 6929 3635 6929 3635 6930 3659 6930 3660 6930 3635 6931 3660 6931 3636 6931 3636 6932 3660 6932 3661 6932 3636 6933 3661 6933 3637 6933 3637 6934 3661 6934 3662 6934 3637 6935 3662 6935 3638 6935 3638 6936 3662 6936 3663 6936 3638 6937 3663 6937 3639 6937 3639 6938 3663 6938 3664 6938 3639 6939 3664 6939 3640 6939 3640 6940 3664 6940 3665 6940 3640 6941 3665 6941 3641 6941 3641 6942 3665 6942 3666 6942 3641 6943 3666 6943 3642 6943 3642 6944 3666 6944 3667 6944 3642 6945 3667 6945 3643 6945 3643 6946 3667 6946 3668 6946 3643 6947 3668 6947 3644 6947 3644 6948 3668 6948 3669 6948 3644 6949 3669 6949 3645 6949 3645 6950 3669 6950 3670 6950 3645 6951 3670 6951 3646 6951 3646 6952 3670 6952 3671 6952 3646 6953 3671 6953 3647 6953 3647 6954 3671 6954 3672 6954 3647 6955 3672 6955 3648 6955 3648 6956 3672 6956 3673 6956 3648 6957 3673 6957 3649 6957 3649 6958 3673 6958 3674 6958 3649 6959 3674 6959 3650 6959 3650 6960 3674 6960 3675 6960 3650 6961 3675 6961 3651 6961 3651 6962 3675 6962 3676 6962 3651 6963 3676 6963 3616 6963 3616 6964 3676 6964 3677 6964 3616 6965 3677 6965 3617 6965 3617 6966 3677 6966 3678 6966 3617 6967 3678 6967 3618 6967 3618 6968 3678 6968 3679 6968 3618 6969 3679 6969 3619 6969 3619 6970 3679 6970 3680 6970 3619 6971 3680 6971 3620 6971 3620 6972 3680 6972 3681 6972 3620 6973 3681 6973 3621 6973 3621 6974 3681 6974 3682 6974 3621 6975 3682 6975 3622 6975 3622 6976 3682 6976 3683 6976 3622 6977 3683 6977 3623 6977 3623 6978 3683 6978 3684 6978 3623 6979 3684 6979 3624 6979 3624 6980 3684 6980 3685 6980 3624 6981 3685 6981 3625 6981 3625 6982 3685 6982 3686 6982 3625 6983 3686 6983 3626 6983 3626 6984 3686 6984 3687 6984 3626 6985 3687 6985 3627 6985 3627 6986 3687 6986 3652 6986 3540 6987 3542 6987 3688 6987 3688 6988 3542 6988 3544 6988 3688 6989 3544 6989 3546 6989 3534 6990 3536 6990 3688 6990 3688 6991 3536 6991 3538 6991 3688 6992 3538 6992 3540 6992 3528 6993 3530 6993 3688 6993 3688 6994 3530 6994 3532 6994 3688 6995 3532 6995 3534 6995 3522 6996 3524 6996 3688 6996 3688 6997 3524 6997 3526 6997 3688 6998 3526 6998 3528 6998 3516 6999 3518 6999 3688 6999 3688 7000 3518 7000 3520 7000 3688 7001 3520 7001 3522 7001 3510 7002 3512 7002 3688 7002 3688 7003 3512 7003 3514 7003 3688 7004 3514 7004 3516 7004 3576 7005 3578 7005 3688 7005 3688 7006 3578 7006 3508 7006 3688 7007 3508 7007 3510 7007 3570 7008 3572 7008 3688 7008 3688 7009 3572 7009 3574 7009 3688 7010 3574 7010 3576 7010 3564 7011 3566 7011 3688 7011 3688 7012 3566 7012 3568 7012 3688 7013 3568 7013 3570 7013 3558 7014 3560 7014 3688 7014 3688 7015 3560 7015 3562 7015 3688 7016 3562 7016 3564 7016 3552 7017 3554 7017 3688 7017 3688 7018 3554 7018 3556 7018 3688 7019 3556 7019 3558 7019 3546 7020 3548 7020 3688 7020 3688 7021 3548 7021 3550 7021 3688 7022 3550 7022 3552 7022 3689 7023 3690 7023 3208 7023 3208 7024 3690 7024 3225 7024 3225 7025 3690 7025 3691 7025 3225 7026 3691 7026 3692 7026 3693 7027 3694 7027 3207 7027 3695 7028 3696 7028 3697 7028 3697 7029 3696 7029 3698 7029 3699 7030 3700 7030 3230 7030 3701 7031 3697 7031 3702 7031 3702 7032 3697 7032 3703 7032 3701 7033 3704 7033 3697 7033 3697 7034 3704 7034 3705 7034 3697 7035 3705 7035 3695 7035 3207 7036 3694 7036 3208 7036 3208 7037 3694 7037 3706 7037 3208 7038 3706 7038 3689 7038 3700 7039 3707 7039 3230 7039 3230 7040 3707 7040 3708 7040 3230 7041 3708 7041 3228 7041 3228 7042 3708 7042 3709 7042 3228 7043 3709 7043 3227 7043 3227 7044 3709 7044 3710 7044 3227 7045 3710 7045 3231 7045 3231 7046 3710 7046 3711 7046 3712 7047 3391 7047 3713 7047 3713 7048 3391 7048 3393 7048 3713 7049 3393 7049 3714 7049 3714 7050 3393 7050 3395 7050 3714 7051 3395 7051 3715 7051 3715 7052 3395 7052 3397 7052 3715 7053 3397 7053 3716 7053 3716 7054 3397 7054 3399 7054 3716 7055 3399 7055 3717 7055 3717 7056 3399 7056 2753 7056 3717 7057 2753 7057 3718 7057 3718 7058 2753 7058 3233 7058 3718 7059 3233 7059 3711 7059 3711 7060 3233 7060 3232 7060 3711 7061 3232 7061 3231 7061 3207 7062 3216 7062 3693 7062 3693 7063 3216 7063 3213 7063 3693 7064 3213 7064 3719 7064 3719 7065 3213 7065 3210 7065 3719 7066 3210 7066 3720 7066 3720 7067 3210 7067 3206 7067 3720 7068 3206 7068 3721 7068 3721 7069 3206 7069 3205 7069 3721 7070 3205 7070 3722 7070 3722 7071 3205 7071 3383 7071 3722 7072 3383 7072 3723 7072 3723 7073 3383 7073 3385 7073 3723 7074 3385 7074 3724 7074 3724 7075 3385 7075 3387 7075 3724 7076 3387 7076 3712 7076 3712 7077 3387 7077 3389 7077 3712 7078 3389 7078 3391 7078 3725 7079 3223 7079 3222 7079 3726 7080 3727 7080 3728 7080 3729 7081 3730 7081 3274 7081 3731 7082 3732 7082 3733 7082 3725 7083 3734 7083 3223 7083 3223 7084 3734 7084 3735 7084 3223 7085 3735 7085 3736 7085 3727 7086 3737 7086 3728 7086 3728 7087 3737 7087 3738 7087 3728 7088 3738 7088 3739 7088 3733 7089 3725 7089 3731 7089 3731 7090 3725 7090 3222 7090 3731 7091 3222 7091 3697 7091 3697 7092 3222 7092 3225 7092 3697 7093 3225 7093 3703 7093 3703 7094 3225 7094 3692 7094 3736 7095 3740 7095 3223 7095 3223 7096 3740 7096 3741 7096 3223 7097 3741 7097 3334 7097 3334 7098 3741 7098 3742 7098 3334 7099 3742 7099 3333 7099 3333 7100 3742 7100 3743 7100 3333 7101 3743 7101 3338 7101 3338 7102 3743 7102 3744 7102 3728 7103 3745 7103 3726 7103 3726 7104 3745 7104 3746 7104 3726 7105 3746 7105 3747 7105 3747 7106 3746 7106 3748 7106 3747 7107 3748 7107 3749 7107 3749 7108 3748 7108 3750 7108 3749 7109 3750 7109 3751 7109 3751 7110 3750 7110 3752 7110 3751 7111 3752 7111 3753 7111 3753 7112 3752 7112 3754 7112 3753 7113 3754 7113 3755 7113 3755 7114 3754 7114 3344 7114 3755 7115 3344 7115 3756 7115 3756 7116 3344 7116 3341 7116 3756 7117 3341 7117 3744 7117 3744 7118 3341 7118 3339 7118 3744 7119 3339 7119 3338 7119 3730 7120 3757 7120 3274 7120 3274 7121 3757 7121 3758 7121 3274 7122 3758 7122 3275 7122 3275 7123 3758 7123 3759 7123 3759 7124 3760 7124 3275 7124 3275 7125 3760 7125 3761 7125 3275 7126 3761 7126 3762 7126 3763 7127 3764 7127 3731 7127 3731 7128 3764 7128 3765 7128 3731 7129 3765 7129 3732 7129 3762 7130 3766 7130 3731 7130 3731 7131 3766 7131 3767 7131 3731 7132 3767 7132 3763 7132 3328 7133 3319 7133 3768 7133 3325 7134 3322 7134 3328 7134 3328 7135 3322 7135 3320 7135 3328 7136 3320 7136 3319 7136 3768 7137 3769 7137 3328 7137 3328 7138 3769 7138 3728 7138 3328 7139 3728 7139 3321 7139 3321 7140 3728 7140 3739 7140 3321 7141 3739 7141 3274 7141 3274 7142 3739 7142 3770 7142 3274 7143 3770 7143 3729 7143 3771 7144 3772 7144 3276 7144 3773 7145 3301 7145 3774 7145 3774 7146 3301 7146 3300 7146 3774 7147 3300 7147 3775 7147 3775 7148 3300 7148 3276 7148 3775 7149 3276 7149 3776 7149 3776 7150 3276 7150 3772 7150 3773 7151 3777 7151 3301 7151 3301 7152 3777 7152 3778 7152 3301 7153 3778 7153 3779 7153 3780 7154 3781 7154 3731 7154 3731 7155 3781 7155 3782 7155 3782 7156 3783 7156 3731 7156 3731 7157 3783 7157 3784 7157 3731 7158 3784 7158 3785 7158 3785 7159 3786 7159 3731 7159 3731 7160 3786 7160 3787 7160 3731 7161 3787 7161 3788 7161 3293 7162 3789 7162 3790 7162 3791 7163 3792 7163 3793 7163 3793 7164 3792 7164 3794 7164 3762 7165 3731 7165 3275 7165 3275 7166 3731 7166 3788 7166 3275 7167 3788 7167 3276 7167 3276 7168 3788 7168 3795 7168 3276 7169 3795 7169 3771 7169 3796 7170 3313 7170 3797 7170 3797 7171 3313 7171 3798 7171 3796 7172 3799 7172 3793 7172 3793 7173 3799 7173 3800 7173 3793 7174 3800 7174 3801 7174 3790 7175 3802 7175 3293 7175 3293 7176 3802 7176 3803 7176 3293 7177 3803 7177 3313 7177 3313 7178 3803 7178 3804 7178 3313 7179 3804 7179 3798 7179 3801 7180 3805 7180 3793 7180 3793 7181 3805 7181 3806 7181 3793 7182 3806 7182 3791 7182 3285 7183 3281 7183 3288 7183 3288 7184 3281 7184 3291 7184 3281 7185 3280 7185 3291 7185 3291 7186 3280 7186 3308 7186 3291 7187 3308 7187 3306 7187 3306 7188 3305 7188 3291 7188 3291 7189 3305 7189 3302 7189 3291 7190 3302 7190 3298 7190 3298 7191 3302 7191 3301 7191 3298 7192 3301 7192 3295 7192 3295 7193 3301 7193 3779 7193 3295 7194 3779 7194 3293 7194 3293 7195 3779 7195 3807 7195 3293 7196 3807 7196 3789 7196 3808 7197 3809 7197 3810 7197 3811 7198 3812 7198 3314 7198 3813 7199 3814 7199 3815 7199 3809 7200 3816 7200 3810 7200 3810 7201 3816 7201 3817 7201 3810 7202 3817 7202 3818 7202 3819 7203 3820 7203 3821 7203 3821 7204 3820 7204 3822 7204 3823 7205 3824 7205 3810 7205 3810 7206 3824 7206 3825 7206 3810 7207 3825 7207 3808 7207 3796 7208 3793 7208 3313 7208 3313 7209 3793 7209 3810 7209 3313 7210 3810 7210 3316 7210 3316 7211 3810 7211 3818 7211 3316 7212 3818 7212 3314 7212 3314 7213 3818 7213 3826 7213 3314 7214 3826 7214 3811 7214 3812 7215 3827 7215 3314 7215 3314 7216 3827 7216 3828 7216 3314 7217 3828 7217 3369 7217 3369 7218 3828 7218 3829 7218 3369 7219 3829 7219 3368 7219 3368 7220 3829 7220 3830 7220 3368 7221 3830 7221 3831 7221 3379 7222 3376 7222 3815 7222 3815 7223 3376 7223 3374 7223 3831 7224 3813 7224 3368 7224 3368 7225 3813 7225 3815 7225 3368 7226 3815 7226 3373 7226 3373 7227 3815 7227 3374 7227 3832 7228 3833 7228 3815 7228 3815 7229 3833 7229 3834 7229 3815 7230 3834 7230 3379 7230 3835 7231 3254 7231 3836 7231 3836 7232 3254 7232 3253 7232 3836 7233 3253 7233 3837 7233 3814 7234 3838 7234 3815 7234 3815 7235 3838 7235 3839 7235 3815 7236 3839 7236 3832 7236 3832 7237 3839 7237 3840 7237 3832 7238 3840 7238 3841 7238 3841 7239 3840 7239 3842 7239 3841 7240 3842 7240 3843 7240 3843 7241 3842 7241 3844 7241 3843 7242 3844 7242 3845 7242 3845 7243 3844 7243 3846 7243 3845 7244 3846 7244 3847 7244 3847 7245 3846 7245 3848 7245 3847 7246 3848 7246 3849 7246 3849 7247 3848 7247 3850 7247 3849 7248 3850 7248 3251 7248 3251 7249 3850 7249 3851 7249 3251 7250 3851 7250 3252 7250 3252 7251 3851 7251 3852 7251 3252 7252 3852 7252 3256 7252 3256 7253 3852 7253 3853 7253 3256 7254 3853 7254 3259 7254 3259 7255 3853 7255 3837 7255 3259 7256 3837 7256 3262 7256 3262 7257 3837 7257 3253 7257 3835 7258 3854 7258 3254 7258 3254 7259 3854 7259 3822 7259 3254 7260 3822 7260 3271 7260 3271 7261 3822 7261 3820 7261 3271 7262 3820 7262 3268 7262 3268 7263 3820 7263 3855 7263 3268 7264 3855 7264 3269 7264 3269 7265 3856 7265 3356 7265 3356 7266 3856 7266 3857 7266 3356 7267 3857 7267 3355 7267 3355 7268 3857 7268 3858 7268 3355 7269 3858 7269 3360 7269 3360 7270 3858 7270 3859 7270 3860 7271 2716 7271 3861 7271 3861 7272 2716 7272 2718 7272 3861 7273 2718 7273 3862 7273 3862 7274 2718 7274 2720 7274 3862 7275 2720 7275 3863 7275 3863 7276 2720 7276 2722 7276 3863 7277 2722 7277 3864 7277 3864 7278 2722 7278 2724 7278 3864 7279 2724 7279 3865 7279 3865 7280 2724 7280 2725 7280 3865 7281 2725 7281 3866 7281 3866 7282 2725 7282 3363 7282 3866 7283 3363 7283 3859 7283 3859 7284 3363 7284 3361 7284 3859 7285 3361 7285 3360 7285 3867 7286 3868 7286 3855 7286 3855 7287 3868 7287 3869 7287 3855 7288 3869 7288 3269 7288 3269 7289 3869 7289 3870 7289 3269 7290 3870 7290 3856 7290 3871 7291 3872 7291 3873 7291 3873 7292 3872 7292 3874 7292 3875 7293 3236 7293 3876 7293 3876 7294 3236 7294 3235 7294 3876 7295 3235 7295 3877 7295 3875 7296 3878 7296 3236 7296 3236 7297 3878 7297 3879 7297 3236 7298 3879 7298 3241 7298 3241 7299 3879 7299 3880 7299 3241 7300 3880 7300 3881 7300 3881 7301 3882 7301 3873 7301 3873 7302 3882 7302 3883 7302 3873 7303 3883 7303 3871 7303 3874 7304 3884 7304 3873 7304 3873 7305 3884 7305 3885 7305 3873 7306 3885 7306 3855 7306 3855 7307 3885 7307 3886 7307 3855 7308 3886 7308 3867 7308 3235 7309 3240 7309 3877 7309 3877 7310 3240 7310 3239 7310 3877 7311 3239 7311 3887 7311 3887 7312 3239 7312 3238 7312 3887 7313 3238 7313 3888 7313 3888 7314 3238 7314 3234 7314 3888 7315 3234 7315 3889 7315 3889 7316 3234 7316 2707 7316 3889 7317 2707 7317 3890 7317 3890 7318 2707 7318 2706 7318 3890 7319 2706 7319 3891 7319 3891 7320 2706 7320 2710 7320 3891 7321 2710 7321 3892 7321 3892 7322 2710 7322 2712 7322 3892 7323 2712 7323 3860 7323 3860 7324 2712 7324 2714 7324 3860 7325 2714 7325 2716 7325 3893 7326 3894 7326 3348 7326 3348 7327 3697 7327 3349 7327 3349 7328 3697 7328 3698 7328 3349 7329 3698 7329 3230 7329 3230 7330 3698 7330 3895 7330 3230 7331 3895 7331 3699 7331 3896 7332 3897 7332 3898 7332 3896 7333 3899 7333 3900 7333 3898 7334 3901 7334 3896 7334 3896 7335 3901 7335 3902 7335 3896 7336 3902 7336 3903 7336 3881 7337 3873 7337 3241 7337 3241 7338 3873 7338 3896 7338 3241 7339 3896 7339 3244 7339 3244 7340 3896 7340 3900 7340 3244 7341 3900 7341 3242 7341 3904 7342 3905 7342 3697 7342 3906 7343 3907 7343 3697 7343 3697 7344 3907 7344 3908 7344 3903 7345 3909 7345 3896 7345 3896 7346 3909 7346 3910 7346 3896 7347 3910 7347 3899 7347 3905 7348 3911 7348 3697 7348 3697 7349 3911 7349 3912 7349 3697 7350 3912 7350 3906 7350 3908 7351 3913 7351 3697 7351 3697 7352 3913 7352 3914 7352 3697 7353 3914 7353 3915 7353 3900 7354 3916 7354 3242 7354 3242 7355 3916 7355 3917 7355 3242 7356 3917 7356 3918 7356 3348 7357 3894 7357 3697 7357 3697 7358 3894 7358 3919 7358 3697 7359 3919 7359 3904 7359 3893 7360 3348 7360 3920 7360 3920 7361 3348 7361 3351 7361 3920 7362 3351 7362 3921 7362 3351 7363 3354 7363 3921 7363 3921 7364 3354 7364 3353 7364 3921 7365 3353 7365 3922 7365 3922 7366 3353 7366 3352 7366 3922 7367 3352 7367 3923 7367 3923 7368 3352 7368 3350 7368 3923 7369 3350 7369 3924 7369 3924 7370 3350 7370 2754 7370 3924 7371 2754 7371 3925 7371 3925 7372 2754 7372 3249 7372 3925 7373 3249 7373 3926 7373 3249 7374 3248 7374 3926 7374 3926 7375 3248 7375 3247 7375 3926 7376 3247 7376 3927 7376 3927 7377 3247 7377 3245 7377 3927 7378 3245 7378 3928 7378 3928 7379 3245 7379 3246 7379 3928 7380 3246 7380 3929 7380 3929 7381 3246 7381 3242 7381 3929 7382 3242 7382 3930 7382 3930 7383 3242 7383 3918 7383 3793 7384 3665 7384 3664 7384 3873 7385 3677 7385 3896 7385 3896 7386 3677 7386 3676 7386 3896 7387 3676 7387 3675 7387 3668 7388 3667 7388 3793 7388 3793 7389 3667 7389 3666 7389 3793 7390 3666 7390 3665 7390 3675 7391 3674 7391 3896 7391 3896 7392 3674 7392 3673 7392 3896 7393 3673 7393 3672 7393 3672 7394 3671 7394 3896 7394 3896 7395 3671 7395 3670 7395 3896 7396 3670 7396 3793 7396 3793 7397 3670 7397 3669 7397 3793 7398 3669 7398 3668 7398 3664 7399 3663 7399 3793 7399 3793 7400 3663 7400 3662 7400 3793 7401 3662 7401 3810 7401 3810 7402 3662 7402 3661 7402 3810 7403 3661 7403 3660 7403 3685 7404 3684 7404 3855 7404 3819 7405 3823 7405 3820 7405 3820 7406 3823 7406 3810 7406 3820 7407 3810 7407 3659 7407 3659 7408 3810 7408 3660 7408 3684 7409 3683 7409 3855 7409 3855 7410 3683 7410 3682 7410 3855 7411 3682 7411 3681 7411 3659 7412 3658 7412 3820 7412 3820 7413 3658 7413 3657 7413 3820 7414 3657 7414 3656 7414 3653 7415 3652 7415 3820 7415 3820 7416 3652 7416 3687 7416 3820 7417 3687 7417 3855 7417 3855 7418 3687 7418 3686 7418 3855 7419 3686 7419 3685 7419 3681 7420 3680 7420 3855 7420 3855 7421 3680 7421 3679 7421 3855 7422 3679 7422 3873 7422 3873 7423 3679 7423 3678 7423 3873 7424 3678 7424 3677 7424 3656 7425 3655 7425 3820 7425 3820 7426 3655 7426 3654 7426 3820 7427 3654 7427 3653 7427 3915 7428 3897 7428 3697 7428 3697 7429 3897 7429 3896 7429 3697 7430 3896 7430 3731 7430 3731 7431 3896 7431 3793 7431 3731 7432 3793 7432 3780 7432 3780 7433 3793 7433 3794 7433 3226 7434 679 7434 3219 7434 3219 7435 679 7435 640 7435 3219 7436 640 7436 3220 7436 3218 7437 3217 7437 640 7437 640 7438 3217 7438 3221 7438 640 7439 3221 7439 3220 7439 3205 7440 3204 7440 640 7440 640 7441 3204 7441 3212 7441 640 7442 3212 7442 3211 7442 3226 7443 3337 7443 679 7443 679 7444 3337 7444 3336 7444 679 7445 3336 7445 3335 7445 3211 7446 3215 7446 640 7446 640 7447 3215 7447 3214 7447 640 7448 3214 7448 3218 7448 3335 7449 3340 7449 679 7449 679 7450 3340 7450 3343 7450 679 7451 3343 7451 3342 7451 3342 7452 3346 7452 679 7452 679 7453 3346 7453 3345 7453 679 7454 3345 7454 3344 7454 3768 7455 3319 7455 660 7455 660 7456 3931 7456 3768 7456 3768 7457 3931 7457 3932 7457 3768 7458 3932 7458 3769 7458 3769 7459 3932 7459 3933 7459 3769 7460 3933 7460 3728 7460 3728 7461 3933 7461 3934 7461 3728 7462 3934 7462 3745 7462 3745 7463 3934 7463 3935 7463 3745 7464 3935 7464 3746 7464 3746 7465 3935 7465 3936 7465 3746 7466 3936 7466 3748 7466 3748 7467 3936 7467 3937 7467 3748 7468 3937 7468 3750 7468 3750 7469 3937 7469 3938 7469 3750 7470 3938 7470 3752 7470 3752 7471 3938 7471 3939 7471 3752 7472 3939 7472 3754 7472 3754 7473 3939 7473 679 7473 3754 7474 679 7474 3344 7474 3296 7475 3317 7475 697 7475 3331 7476 3279 7476 660 7476 660 7477 3279 7477 3278 7477 697 7478 660 7478 3296 7478 3296 7479 660 7479 3278 7479 3296 7480 3278 7480 3297 7480 3297 7481 3278 7481 3292 7481 3330 7482 3329 7482 660 7482 660 7483 3329 7483 3332 7483 660 7484 3332 7484 3331 7484 3317 7485 3372 7485 697 7485 697 7486 3372 7486 3371 7486 697 7487 3371 7487 3370 7487 3319 7488 3318 7488 660 7488 660 7489 3318 7489 3324 7489 660 7490 3324 7490 3323 7490 3289 7491 3299 7491 3303 7491 3299 7492 3289 7492 3278 7492 3278 7493 3289 7493 3290 7493 3278 7494 3290 7494 3292 7494 3323 7495 3327 7495 660 7495 660 7496 3327 7496 3326 7496 660 7497 3326 7497 3330 7497 3370 7498 3375 7498 697 7498 697 7499 3375 7499 3378 7499 697 7500 3378 7500 3377 7500 3377 7501 3381 7501 697 7501 697 7502 3381 7502 3380 7502 697 7503 3380 7503 3379 7503 3280 7504 3303 7504 3311 7504 3311 7505 3303 7505 3304 7505 3311 7506 3304 7506 3307 7506 3280 7507 3282 7507 3303 7507 3303 7508 3282 7508 3283 7508 3303 7509 3283 7509 3284 7509 3307 7510 3310 7510 3311 7510 3311 7511 3310 7511 3309 7511 3311 7512 3309 7512 3312 7512 3284 7513 3286 7513 3303 7513 3303 7514 3286 7514 3287 7514 3303 7515 3287 7515 3289 7515 3251 7516 621 7516 681 7516 3251 7517 681 7517 3849 7517 3849 7518 681 7518 683 7518 3849 7519 683 7519 3847 7519 3847 7520 683 7520 685 7520 3847 7521 685 7521 3845 7521 3845 7522 685 7522 687 7522 3845 7523 687 7523 3843 7523 3843 7524 687 7524 689 7524 3843 7525 689 7525 3841 7525 3841 7526 689 7526 691 7526 3841 7527 691 7527 3832 7527 3832 7528 691 7528 693 7528 3832 7529 693 7529 3833 7529 3833 7530 693 7530 695 7530 3833 7531 695 7531 3834 7531 3834 7532 695 7532 697 7532 3834 7533 697 7533 3379 7533 621 7534 3940 7534 3941 7534 659 7535 3398 7535 640 7535 697 7536 683 7536 681 7536 622 7537 659 7537 3942 7537 3942 7538 659 7538 640 7538 3942 7539 640 7539 3941 7539 3941 7540 640 7540 679 7540 3932 7541 3931 7541 3937 7541 3388 7542 3386 7542 3398 7542 3937 7543 3931 7543 3938 7543 3942 7544 3943 7544 622 7544 622 7545 3943 7545 620 7545 622 7546 620 7546 2708 7546 2708 7547 620 7547 2723 7547 695 7548 693 7548 691 7548 3394 7549 3392 7549 3390 7549 3386 7550 3384 7550 3398 7550 3398 7551 3384 7551 3382 7551 3398 7552 3382 7552 640 7552 3936 7553 3935 7553 3934 7553 691 7554 689 7554 695 7554 695 7555 689 7555 687 7555 695 7556 687 7556 697 7556 697 7557 687 7557 685 7557 697 7558 621 7558 3941 7558 697 7559 3941 7559 660 7559 660 7560 3941 7560 679 7560 660 7561 679 7561 3931 7561 3931 7562 679 7562 3939 7562 3931 7563 3939 7563 3938 7563 3388 7564 3398 7564 3390 7564 3390 7565 3398 7565 3396 7565 3390 7566 3396 7566 3394 7566 3936 7567 3934 7567 3937 7567 3937 7568 3934 7568 3933 7568 3937 7569 3933 7569 3932 7569 2723 7570 2721 7570 2708 7570 2708 7571 2721 7571 2719 7571 2708 7572 2719 7572 2709 7572 2709 7573 2719 7573 2717 7573 2717 7574 2715 7574 2709 7574 2709 7575 2715 7575 2713 7575 2709 7576 2713 7576 2711 7576 2784 7577 3944 7577 2782 7577 2782 7578 3944 7578 3945 7578 2782 7579 3945 7579 2780 7579 2780 7580 3945 7580 3946 7580 2780 7581 3946 7581 2778 7581 2778 7582 3946 7582 3947 7582 2778 7583 3947 7583 2776 7583 2776 7584 3947 7584 3948 7584 2776 7585 3948 7585 2774 7585 2774 7586 3948 7586 3949 7586 2774 7587 3949 7587 2772 7587 2772 7588 3949 7588 3950 7588 2772 7589 3950 7589 2770 7589 2770 7590 3950 7590 3951 7590 2770 7591 3951 7591 2768 7591 2768 7592 3951 7592 3952 7592 2768 7593 3952 7593 2766 7593 2766 7594 3952 7594 3953 7594 2766 7595 3953 7595 2836 7595 2836 7596 3953 7596 3954 7596 2836 7597 3954 7597 2834 7597 2834 7598 3954 7598 3955 7598 2834 7599 3955 7599 2832 7599 2832 7600 3955 7600 3956 7600 2832 7601 3956 7601 2830 7601 2830 7602 3956 7602 3957 7602 2830 7603 3957 7603 2828 7603 2828 7604 3957 7604 3958 7604 2828 7605 3958 7605 2826 7605 2826 7606 3958 7606 3959 7606 2826 7607 3959 7607 2824 7607 2824 7608 3959 7608 3960 7608 2824 7609 3960 7609 2822 7609 2822 7610 3960 7610 3961 7610 2822 7611 3961 7611 2820 7611 2820 7612 3961 7612 3962 7612 2820 7613 3962 7613 2818 7613 2818 7614 3962 7614 3963 7614 2818 7615 3963 7615 2816 7615 2816 7616 3963 7616 3964 7616 2816 7617 3964 7617 2814 7617 2814 7618 3964 7618 3965 7618 2814 7619 3965 7619 2812 7619 2812 7620 3965 7620 3966 7620 2812 7621 3966 7621 2810 7621 2810 7622 3966 7622 3967 7622 2810 7623 3967 7623 2808 7623 2808 7624 3967 7624 3968 7624 2808 7625 3968 7625 2806 7625 2806 7626 3968 7626 3969 7626 2806 7627 3969 7627 2804 7627 2804 7628 3969 7628 3970 7628 2804 7629 3970 7629 2802 7629 2802 7630 3970 7630 3971 7630 2802 7631 3971 7631 2800 7631 2800 7632 3971 7632 3972 7632 2800 7633 3972 7633 2798 7633 2798 7634 3972 7634 3973 7634 2798 7635 3973 7635 2796 7635 2796 7636 3973 7636 3974 7636 2796 7637 3974 7637 2794 7637 2794 7638 3974 7638 3975 7638 2794 7639 3975 7639 2792 7639 2792 7640 3975 7640 3976 7640 2792 7641 3976 7641 2790 7641 2790 7642 3976 7642 3977 7642 2790 7643 3977 7643 2788 7643 2788 7644 3977 7644 3978 7644 2788 7645 3978 7645 2786 7645 2786 7646 3978 7646 3979 7646 2786 7647 3979 7647 2784 7647 2784 7648 3979 7648 3944 7648 3953 7649 3900 7649 3954 7649 3954 7650 3900 7650 3899 7650 3954 7651 3899 7651 3955 7651 3955 7652 3899 7652 3910 7652 3955 7653 3910 7653 3956 7653 3956 7654 3910 7654 3909 7654 3956 7655 3909 7655 3957 7655 3957 7656 3909 7656 3903 7656 3957 7657 3903 7657 3958 7657 3958 7658 3903 7658 3902 7658 3958 7659 3902 7659 3959 7659 3959 7660 3902 7660 3901 7660 3959 7661 3901 7661 3960 7661 3960 7662 3901 7662 3898 7662 3960 7663 3898 7663 3961 7663 3961 7664 3898 7664 3897 7664 3961 7665 3897 7665 3962 7665 3962 7666 3897 7666 3915 7666 3962 7667 3915 7667 3963 7667 3963 7668 3915 7668 3914 7668 3963 7669 3914 7669 3964 7669 3964 7670 3914 7670 3913 7670 3964 7671 3913 7671 3965 7671 3965 7672 3913 7672 3908 7672 3965 7673 3908 7673 3966 7673 3966 7674 3908 7674 3907 7674 3966 7675 3907 7675 3967 7675 3967 7676 3907 7676 3906 7676 3967 7677 3906 7677 3968 7677 3968 7678 3906 7678 3912 7678 3968 7679 3912 7679 3969 7679 3969 7680 3912 7680 3911 7680 3969 7681 3911 7681 3970 7681 3970 7682 3911 7682 3905 7682 3970 7683 3905 7683 3971 7683 3971 7684 3905 7684 3904 7684 3971 7685 3904 7685 3972 7685 3972 7686 3904 7686 3919 7686 3972 7687 3919 7687 3973 7687 3973 7688 3919 7688 3894 7688 3973 7689 3894 7689 3974 7689 3974 7690 3894 7690 3893 7690 3974 7691 3893 7691 3975 7691 3975 7692 3893 7692 3920 7692 3975 7693 3920 7693 3976 7693 3976 7694 3920 7694 3921 7694 3976 7695 3921 7695 3977 7695 3977 7696 3921 7696 3922 7696 3977 7697 3922 7697 3978 7697 3978 7698 3922 7698 3923 7698 3978 7699 3923 7699 3979 7699 3979 7700 3923 7700 3924 7700 3979 7701 3924 7701 3944 7701 3944 7702 3924 7702 3925 7702 3944 7703 3925 7703 3945 7703 3945 7704 3925 7704 3926 7704 3945 7705 3926 7705 3946 7705 3946 7706 3926 7706 3927 7706 3946 7707 3927 7707 3947 7707 3947 7708 3927 7708 3928 7708 3947 7709 3928 7709 3948 7709 3948 7710 3928 7710 3929 7710 3948 7711 3929 7711 3949 7711 3949 7712 3929 7712 3930 7712 3949 7713 3930 7713 3950 7713 3950 7714 3930 7714 3918 7714 3950 7715 3918 7715 3951 7715 3951 7716 3918 7716 3917 7716 3951 7717 3917 7717 3952 7717 3952 7718 3917 7718 3916 7718 3952 7719 3916 7719 3953 7719 3953 7720 3916 7720 3900 7720 2930 7721 3980 7721 2928 7721 2928 7722 3980 7722 3981 7722 2928 7723 3981 7723 2926 7723 2926 7724 3981 7724 3982 7724 2926 7725 3982 7725 2924 7725 2924 7726 3982 7726 3983 7726 2924 7727 3983 7727 2922 7727 2922 7728 3983 7728 3984 7728 2922 7729 3984 7729 2920 7729 2920 7730 3984 7730 3985 7730 2920 7731 3985 7731 2918 7731 2918 7732 3985 7732 3986 7732 2918 7733 3986 7733 2916 7733 2916 7734 3986 7734 3987 7734 2916 7735 3987 7735 2914 7735 2914 7736 3987 7736 3988 7736 2914 7737 3988 7737 2912 7737 2912 7738 3988 7738 3989 7738 2912 7739 3989 7739 2982 7739 2982 7740 3989 7740 3990 7740 2982 7741 3990 7741 2980 7741 2980 7742 3990 7742 3991 7742 2980 7743 3991 7743 2978 7743 2978 7744 3991 7744 3992 7744 2978 7745 3992 7745 2976 7745 2976 7746 3992 7746 3993 7746 2976 7747 3993 7747 2974 7747 2974 7748 3993 7748 3994 7748 2974 7749 3994 7749 2972 7749 2972 7750 3994 7750 3995 7750 2972 7751 3995 7751 2970 7751 2970 7752 3995 7752 3996 7752 2970 7753 3996 7753 2968 7753 2968 7754 3996 7754 3997 7754 2968 7755 3997 7755 2966 7755 2966 7756 3997 7756 3998 7756 2966 7757 3998 7757 2964 7757 2964 7758 3998 7758 3999 7758 2964 7759 3999 7759 2962 7759 2962 7760 3999 7760 4000 7760 2962 7761 4000 7761 2960 7761 2960 7762 4000 7762 4001 7762 2960 7763 4001 7763 2958 7763 2958 7764 4001 7764 4002 7764 2958 7765 4002 7765 2956 7765 2956 7766 4002 7766 4003 7766 2956 7767 4003 7767 2954 7767 2954 7768 4003 7768 4004 7768 2954 7769 4004 7769 2952 7769 2952 7770 4004 7770 4005 7770 2952 7771 4005 7771 2950 7771 2950 7772 4005 7772 4006 7772 2950 7773 4006 7773 2948 7773 2948 7774 4006 7774 4007 7774 2948 7775 4007 7775 2946 7775 2946 7776 4007 7776 4008 7776 2946 7777 4008 7777 2944 7777 2944 7778 4008 7778 4009 7778 2944 7779 4009 7779 2942 7779 2942 7780 4009 7780 4010 7780 2942 7781 4010 7781 2940 7781 2940 7782 4010 7782 4011 7782 2940 7783 4011 7783 2938 7783 2938 7784 4011 7784 4012 7784 2938 7785 4012 7785 2936 7785 2936 7786 4012 7786 4013 7786 2936 7787 4013 7787 2934 7787 2934 7788 4013 7788 4014 7788 2934 7789 4014 7789 2932 7789 2932 7790 4014 7790 4015 7790 2932 7791 4015 7791 2930 7791 2930 7792 4015 7792 3980 7792 3989 7793 3866 7793 3990 7793 3990 7794 3866 7794 3859 7794 3990 7795 3859 7795 3991 7795 3991 7796 3859 7796 3858 7796 3991 7797 3858 7797 3992 7797 3992 7798 3858 7798 3857 7798 3992 7799 3857 7799 3993 7799 3993 7800 3857 7800 3856 7800 3993 7801 3856 7801 3994 7801 3994 7802 3856 7802 3870 7802 3994 7803 3870 7803 3995 7803 3995 7804 3870 7804 3869 7804 3995 7805 3869 7805 3996 7805 3996 7806 3869 7806 3868 7806 3996 7807 3868 7807 3997 7807 3997 7808 3868 7808 3867 7808 3997 7809 3867 7809 3998 7809 3998 7810 3867 7810 3886 7810 3998 7811 3886 7811 3999 7811 3999 7812 3886 7812 3885 7812 3999 7813 3885 7813 4000 7813 4000 7814 3885 7814 3884 7814 4000 7815 3884 7815 4001 7815 4001 7816 3884 7816 3874 7816 4001 7817 3874 7817 4002 7817 4002 7818 3874 7818 3872 7818 4002 7819 3872 7819 4003 7819 4003 7820 3872 7820 3871 7820 4003 7821 3871 7821 4004 7821 4004 7822 3871 7822 3883 7822 4004 7823 3883 7823 4005 7823 4005 7824 3883 7824 3882 7824 4005 7825 3882 7825 4006 7825 4006 7826 3882 7826 3881 7826 4006 7827 3881 7827 4007 7827 4007 7828 3881 7828 3880 7828 4007 7829 3880 7829 4008 7829 4008 7830 3880 7830 3879 7830 4008 7831 3879 7831 4009 7831 4009 7832 3879 7832 3878 7832 4009 7833 3878 7833 4010 7833 4010 7834 3878 7834 3875 7834 4010 7835 3875 7835 4011 7835 4011 7836 3875 7836 3876 7836 4011 7837 3876 7837 4012 7837 4012 7838 3876 7838 3877 7838 4012 7839 3877 7839 4013 7839 4013 7840 3877 7840 3887 7840 4013 7841 3887 7841 4014 7841 4014 7842 3887 7842 3888 7842 4014 7843 3888 7843 4015 7843 4015 7844 3888 7844 3889 7844 4015 7845 3889 7845 3980 7845 3980 7846 3889 7846 3890 7846 3980 7847 3890 7847 3981 7847 3981 7848 3890 7848 3891 7848 3981 7849 3891 7849 3982 7849 3982 7850 3891 7850 3892 7850 3982 7851 3892 7851 3983 7851 3983 7852 3892 7852 3860 7852 3983 7853 3860 7853 3984 7853 3984 7854 3860 7854 3861 7854 3984 7855 3861 7855 3985 7855 3985 7856 3861 7856 3862 7856 3985 7857 3862 7857 3986 7857 3986 7858 3862 7858 3863 7858 3986 7859 3863 7859 3987 7859 3987 7860 3863 7860 3864 7860 3987 7861 3864 7861 3988 7861 3988 7862 3864 7862 3865 7862 3988 7863 3865 7863 3989 7863 3989 7864 3865 7864 3866 7864 3076 7865 4016 7865 3074 7865 3074 7866 4016 7866 4017 7866 3074 7867 4017 7867 3072 7867 3072 7868 4017 7868 4018 7868 3072 7869 4018 7869 3070 7869 3070 7870 4018 7870 4019 7870 3070 7871 4019 7871 3068 7871 3068 7872 4019 7872 4020 7872 3068 7873 4020 7873 3066 7873 3066 7874 4020 7874 4021 7874 3066 7875 4021 7875 3064 7875 3064 7876 4021 7876 4022 7876 3064 7877 4022 7877 3062 7877 3062 7878 4022 7878 4023 7878 3062 7879 4023 7879 3060 7879 3060 7880 4023 7880 4024 7880 3060 7881 4024 7881 3058 7881 3058 7882 4024 7882 4025 7882 3058 7883 4025 7883 3128 7883 3128 7884 4025 7884 4026 7884 3128 7885 4026 7885 3126 7885 3126 7886 4026 7886 4027 7886 3126 7887 4027 7887 3124 7887 3124 7888 4027 7888 4028 7888 3124 7889 4028 7889 3122 7889 3122 7890 4028 7890 4029 7890 3122 7891 4029 7891 3120 7891 3120 7892 4029 7892 4030 7892 3120 7893 4030 7893 3118 7893 3118 7894 4030 7894 4031 7894 3118 7895 4031 7895 3116 7895 3116 7896 4031 7896 4032 7896 3116 7897 4032 7897 3114 7897 3114 7898 4032 7898 4033 7898 3114 7899 4033 7899 3112 7899 3112 7900 4033 7900 4034 7900 3112 7901 4034 7901 3110 7901 3110 7902 4034 7902 4035 7902 3110 7903 4035 7903 3108 7903 3108 7904 4035 7904 4036 7904 3108 7905 4036 7905 3106 7905 3106 7906 4036 7906 4037 7906 3106 7907 4037 7907 3104 7907 3104 7908 4037 7908 4038 7908 3104 7909 4038 7909 3102 7909 3102 7910 4038 7910 4039 7910 3102 7911 4039 7911 3100 7911 3100 7912 4039 7912 4040 7912 3100 7913 4040 7913 3098 7913 3098 7914 4040 7914 4041 7914 3098 7915 4041 7915 3096 7915 3096 7916 4041 7916 4042 7916 3096 7917 4042 7917 3094 7917 3094 7918 4042 7918 4043 7918 3094 7919 4043 7919 3092 7919 3092 7920 4043 7920 4044 7920 3092 7921 4044 7921 3090 7921 3090 7922 4044 7922 4045 7922 3090 7923 4045 7923 3088 7923 3088 7924 4045 7924 4046 7924 3088 7925 4046 7925 3086 7925 3086 7926 4046 7926 4047 7926 3086 7927 4047 7927 3084 7927 3084 7928 4047 7928 4048 7928 3084 7929 4048 7929 3082 7929 3082 7930 4048 7930 4049 7930 3082 7931 4049 7931 3080 7931 3080 7932 4049 7932 4050 7932 3080 7933 4050 7933 3078 7933 3078 7934 4050 7934 4051 7934 3078 7935 4051 7935 3076 7935 3076 7936 4051 7936 4016 7936 4025 7937 3761 7937 4026 7937 4026 7938 3761 7938 3760 7938 4026 7939 3760 7939 4027 7939 4027 7940 3760 7940 3759 7940 4027 7941 3759 7941 4028 7941 4028 7942 3759 7942 3758 7942 4028 7943 3758 7943 4029 7943 4029 7944 3758 7944 3757 7944 4029 7945 3757 7945 4030 7945 4030 7946 3757 7946 3730 7946 4030 7947 3730 7947 4031 7947 4031 7948 3730 7948 3729 7948 4031 7949 3729 7949 4032 7949 4032 7950 3729 7950 3770 7950 4032 7951 3770 7951 4033 7951 4033 7952 3770 7952 3739 7952 4033 7953 3739 7953 4034 7953 4034 7954 3739 7954 3738 7954 4034 7955 3738 7955 4035 7955 4035 7956 3738 7956 3737 7956 4035 7957 3737 7957 4036 7957 4036 7958 3737 7958 3727 7958 4036 7959 3727 7959 4037 7959 4037 7960 3727 7960 3726 7960 4037 7961 3726 7961 4038 7961 4038 7962 3726 7962 3747 7962 4038 7963 3747 7963 4039 7963 4039 7964 3747 7964 3749 7964 4039 7965 3749 7965 4040 7965 4040 7966 3749 7966 3751 7966 4040 7967 3751 7967 4041 7967 4041 7968 3751 7968 3753 7968 4041 7969 3753 7969 4042 7969 4042 7970 3753 7970 3755 7970 4042 7971 3755 7971 4043 7971 4043 7972 3755 7972 3756 7972 4043 7973 3756 7973 4044 7973 4044 7974 3756 7974 3744 7974 4044 7975 3744 7975 4045 7975 4045 7976 3744 7976 3743 7976 4045 7977 3743 7977 4046 7977 4046 7978 3743 7978 3742 7978 4046 7979 3742 7979 4047 7979 4047 7980 3742 7980 3741 7980 4047 7981 3741 7981 4048 7981 4048 7982 3741 7982 3740 7982 4048 7983 3740 7983 4049 7983 4049 7984 3740 7984 3736 7984 4049 7985 3736 7985 4050 7985 4050 7986 3736 7986 3735 7986 4050 7987 3735 7987 4051 7987 4051 7988 3735 7988 3734 7988 4051 7989 3734 7989 4016 7989 4016 7990 3734 7990 3725 7990 4016 7991 3725 7991 4017 7991 4017 7992 3725 7992 3733 7992 4017 7993 3733 7993 4018 7993 4018 7994 3733 7994 3732 7994 4018 7995 3732 7995 4019 7995 4019 7996 3732 7996 3765 7996 4019 7997 3765 7997 4020 7997 4020 7998 3765 7998 3764 7998 4020 7999 3764 7999 4021 7999 4021 8000 3764 8000 3763 8000 4021 8001 3763 8001 4022 8001 4022 8002 3763 8002 3767 8002 4022 8003 3767 8003 4023 8003 4023 8004 3767 8004 3766 8004 4023 8005 3766 8005 4024 8005 4024 8006 3766 8006 3762 8006 4024 8007 3762 8007 4025 8007 4025 8008 3762 8008 3761 8008 3003 8009 4052 8009 3001 8009 3001 8010 4052 8010 4053 8010 3001 8011 4053 8011 2999 8011 2999 8012 4053 8012 4054 8012 2999 8013 4054 8013 2997 8013 2997 8014 4054 8014 4055 8014 2997 8015 4055 8015 2995 8015 2995 8016 4055 8016 4056 8016 2995 8017 4056 8017 2993 8017 2993 8018 4056 8018 4057 8018 2993 8019 4057 8019 2991 8019 2991 8020 4057 8020 4058 8020 2991 8021 4058 8021 2989 8021 2989 8022 4058 8022 4059 8022 2989 8023 4059 8023 2987 8023 2987 8024 4059 8024 4060 8024 2987 8025 4060 8025 2985 8025 2985 8026 4060 8026 4061 8026 2985 8027 4061 8027 3055 8027 3055 8028 4061 8028 4062 8028 3055 8029 4062 8029 3053 8029 3053 8030 4062 8030 4063 8030 3053 8031 4063 8031 3051 8031 3051 8032 4063 8032 4064 8032 3051 8033 4064 8033 3049 8033 3049 8034 4064 8034 4065 8034 3049 8035 4065 8035 3047 8035 3047 8036 4065 8036 4066 8036 3047 8037 4066 8037 3045 8037 3045 8038 4066 8038 4067 8038 3045 8039 4067 8039 3043 8039 3043 8040 4067 8040 4068 8040 3043 8041 4068 8041 3041 8041 3041 8042 4068 8042 4069 8042 3041 8043 4069 8043 3039 8043 3039 8044 4069 8044 4070 8044 3039 8045 4070 8045 3037 8045 3037 8046 4070 8046 4071 8046 3037 8047 4071 8047 3035 8047 3035 8048 4071 8048 4072 8048 3035 8049 4072 8049 3033 8049 3033 8050 4072 8050 4073 8050 3033 8051 4073 8051 3031 8051 3031 8052 4073 8052 4074 8052 3031 8053 4074 8053 3029 8053 3029 8054 4074 8054 4075 8054 3029 8055 4075 8055 3027 8055 3027 8056 4075 8056 4076 8056 3027 8057 4076 8057 3025 8057 3025 8058 4076 8058 4077 8058 3025 8059 4077 8059 3023 8059 3023 8060 4077 8060 4078 8060 3023 8061 4078 8061 3021 8061 3021 8062 4078 8062 4079 8062 3021 8063 4079 8063 3019 8063 3019 8064 4079 8064 4080 8064 3019 8065 4080 8065 3017 8065 3017 8066 4080 8066 4081 8066 3017 8067 4081 8067 3015 8067 3015 8068 4081 8068 4082 8068 3015 8069 4082 8069 3013 8069 3013 8070 4082 8070 4083 8070 3013 8071 4083 8071 3011 8071 3011 8072 4083 8072 4084 8072 3011 8073 4084 8073 3009 8073 3009 8074 4084 8074 4085 8074 3009 8075 4085 8075 3007 8075 3007 8076 4085 8076 4086 8076 3007 8077 4086 8077 3005 8077 3005 8078 4086 8078 4087 8078 3005 8079 4087 8079 3003 8079 3003 8080 4087 8080 4052 8080 4061 8081 3797 8081 4062 8081 4062 8082 3797 8082 3798 8082 4062 8083 3798 8083 4063 8083 4063 8084 3798 8084 3804 8084 4063 8085 3804 8085 4064 8085 4064 8086 3804 8086 3803 8086 4064 8087 3803 8087 4065 8087 4065 8088 3803 8088 3802 8088 4065 8089 3802 8089 4066 8089 4066 8090 3802 8090 3790 8090 4066 8091 3790 8091 4067 8091 4067 8092 3790 8092 3789 8092 4067 8093 3789 8093 4068 8093 4068 8094 3789 8094 3807 8094 4068 8095 3807 8095 4069 8095 4069 8096 3807 8096 3779 8096 4069 8097 3779 8097 4070 8097 4070 8098 3779 8098 3778 8098 4070 8099 3778 8099 4071 8099 4071 8100 3778 8100 3777 8100 4071 8101 3777 8101 4072 8101 4072 8102 3777 8102 3773 8102 4072 8103 3773 8103 4073 8103 4073 8104 3773 8104 3774 8104 4073 8105 3774 8105 4074 8105 4074 8106 3774 8106 3775 8106 4074 8107 3775 8107 4075 8107 4075 8108 3775 8108 3776 8108 4075 8109 3776 8109 4076 8109 4076 8110 3776 8110 3772 8110 4076 8111 3772 8111 4077 8111 4077 8112 3772 8112 3771 8112 4077 8113 3771 8113 4078 8113 4078 8114 3771 8114 3795 8114 4078 8115 3795 8115 4079 8115 4079 8116 3795 8116 3788 8116 4079 8117 3788 8117 4080 8117 4080 8118 3788 8118 3787 8118 4080 8119 3787 8119 4081 8119 4081 8120 3787 8120 3786 8120 4081 8121 3786 8121 4082 8121 4082 8122 3786 8122 3785 8122 4082 8123 3785 8123 4083 8123 4083 8124 3785 8124 3784 8124 4083 8125 3784 8125 4084 8125 4084 8126 3784 8126 3783 8126 4084 8127 3783 8127 4085 8127 4085 8128 3783 8128 3782 8128 4085 8129 3782 8129 4086 8129 4086 8130 3782 8130 3781 8130 4086 8131 3781 8131 4087 8131 4087 8132 3781 8132 3780 8132 4087 8133 3780 8133 4052 8133 4052 8134 3780 8134 3794 8134 4052 8135 3794 8135 4053 8135 4053 8136 3794 8136 3792 8136 4053 8137 3792 8137 4054 8137 4054 8138 3792 8138 3791 8138 4054 8139 3791 8139 4055 8139 4055 8140 3791 8140 3806 8140 4055 8141 3806 8141 4056 8141 4056 8142 3806 8142 3805 8142 4056 8143 3805 8143 4057 8143 4057 8144 3805 8144 3801 8144 4057 8145 3801 8145 4058 8145 4058 8146 3801 8146 3800 8146 4058 8147 3800 8147 4059 8147 4059 8148 3800 8148 3799 8148 4059 8149 3799 8149 4060 8149 4060 8150 3799 8150 3796 8150 4060 8151 3796 8151 4061 8151 4061 8152 3796 8152 3797 8152 3149 8153 4088 8153 3147 8153 3147 8154 4088 8154 4089 8154 3147 8155 4089 8155 3145 8155 3145 8156 4089 8156 4090 8156 3145 8157 4090 8157 3143 8157 3143 8158 4090 8158 4091 8158 3143 8159 4091 8159 3141 8159 3141 8160 4091 8160 4092 8160 3141 8161 4092 8161 3139 8161 3139 8162 4092 8162 4093 8162 3139 8163 4093 8163 3137 8163 3137 8164 4093 8164 4094 8164 3137 8165 4094 8165 3135 8165 3135 8166 4094 8166 4095 8166 3135 8167 4095 8167 3133 8167 3133 8168 4095 8168 4096 8168 3133 8169 4096 8169 3131 8169 3131 8170 4096 8170 4097 8170 3131 8171 4097 8171 3201 8171 3201 8172 4097 8172 4098 8172 3201 8173 4098 8173 3199 8173 3199 8174 4098 8174 4099 8174 3199 8175 4099 8175 3197 8175 3197 8176 4099 8176 4100 8176 3197 8177 4100 8177 3195 8177 3195 8178 4100 8178 4101 8178 3195 8179 4101 8179 3193 8179 3193 8180 4101 8180 4102 8180 3193 8181 4102 8181 3191 8181 3191 8182 4102 8182 4103 8182 3191 8183 4103 8183 3189 8183 3189 8184 4103 8184 4104 8184 3189 8185 4104 8185 3187 8185 3187 8186 4104 8186 4105 8186 3187 8187 4105 8187 3185 8187 3185 8188 4105 8188 4106 8188 3185 8189 4106 8189 3183 8189 3183 8190 4106 8190 4107 8190 3183 8191 4107 8191 3181 8191 3181 8192 4107 8192 4108 8192 3181 8193 4108 8193 3179 8193 3179 8194 4108 8194 4109 8194 3179 8195 4109 8195 3177 8195 3177 8196 4109 8196 4110 8196 3177 8197 4110 8197 3175 8197 3175 8198 4110 8198 4111 8198 3175 8199 4111 8199 3173 8199 3173 8200 4111 8200 4112 8200 3173 8201 4112 8201 3171 8201 3171 8202 4112 8202 4113 8202 3171 8203 4113 8203 3169 8203 3169 8204 4113 8204 4114 8204 3169 8205 4114 8205 3167 8205 3167 8206 4114 8206 4115 8206 3167 8207 4115 8207 3165 8207 3165 8208 4115 8208 4116 8208 3165 8209 4116 8209 3163 8209 3163 8210 4116 8210 4117 8210 3163 8211 4117 8211 3161 8211 3161 8212 4117 8212 4118 8212 3161 8213 4118 8213 3159 8213 3159 8214 4118 8214 4119 8214 3159 8215 4119 8215 3157 8215 3157 8216 4119 8216 4120 8216 3157 8217 4120 8217 3155 8217 3155 8218 4120 8218 4121 8218 3155 8219 4121 8219 3153 8219 3153 8220 4121 8220 4122 8220 3153 8221 4122 8221 3151 8221 3151 8222 4122 8222 4123 8222 3151 8223 4123 8223 3149 8223 3149 8224 4123 8224 4088 8224 4097 8225 3850 8225 4098 8225 4098 8226 3850 8226 3848 8226 4098 8227 3848 8227 4099 8227 4099 8228 3848 8228 3846 8228 4099 8229 3846 8229 4100 8229 4100 8230 3846 8230 3844 8230 4100 8231 3844 8231 4101 8231 4101 8232 3844 8232 3842 8232 4101 8233 3842 8233 4102 8233 4102 8234 3842 8234 3840 8234 4102 8235 3840 8235 4103 8235 4103 8236 3840 8236 3839 8236 4103 8237 3839 8237 4104 8237 4104 8238 3839 8238 3838 8238 4104 8239 3838 8239 4105 8239 4105 8240 3838 8240 3814 8240 4105 8241 3814 8241 4106 8241 4106 8242 3814 8242 3813 8242 4106 8243 3813 8243 4107 8243 4107 8244 3813 8244 3831 8244 4107 8245 3831 8245 4108 8245 4108 8246 3831 8246 3830 8246 4108 8247 3830 8247 4109 8247 4109 8248 3830 8248 3829 8248 4109 8249 3829 8249 4110 8249 4110 8250 3829 8250 3828 8250 4110 8251 3828 8251 4111 8251 4111 8252 3828 8252 3827 8252 4111 8253 3827 8253 4112 8253 4112 8254 3827 8254 3812 8254 4112 8255 3812 8255 4113 8255 4113 8256 3812 8256 3811 8256 4113 8257 3811 8257 4114 8257 4114 8258 3811 8258 3826 8258 4114 8259 3826 8259 4115 8259 4115 8260 3826 8260 3818 8260 4115 8261 3818 8261 4116 8261 4116 8262 3818 8262 3817 8262 4116 8263 3817 8263 4117 8263 4117 8264 3817 8264 3816 8264 4117 8265 3816 8265 4118 8265 4118 8266 3816 8266 3809 8266 4118 8267 3809 8267 4119 8267 4119 8268 3809 8268 3808 8268 4119 8269 3808 8269 4120 8269 4120 8270 3808 8270 3825 8270 4120 8271 3825 8271 4121 8271 4121 8272 3825 8272 3824 8272 4121 8273 3824 8273 4122 8273 4122 8274 3824 8274 3823 8274 4122 8275 3823 8275 4123 8275 4123 8276 3823 8276 3819 8276 4123 8277 3819 8277 4088 8277 4088 8278 3819 8278 3821 8278 4088 8279 3821 8279 4089 8279 4089 8280 3821 8280 3822 8280 4089 8281 3822 8281 4090 8281 4090 8282 3822 8282 3854 8282 4090 8283 3854 8283 4091 8283 4091 8284 3854 8284 3835 8284 4091 8285 3835 8285 4092 8285 4092 8286 3835 8286 3836 8286 4092 8287 3836 8287 4093 8287 4093 8288 3836 8288 3837 8288 4093 8289 3837 8289 4094 8289 4094 8290 3837 8290 3853 8290 4094 8291 3853 8291 4095 8291 4095 8292 3853 8292 3852 8292 4095 8293 3852 8293 4096 8293 4096 8294 3852 8294 3851 8294 4096 8295 3851 8295 4097 8295 4097 8296 3851 8296 3850 8296 2857 8297 4124 8297 2855 8297 2855 8298 4124 8298 4125 8298 2855 8299 4125 8299 2853 8299 2853 8300 4125 8300 4126 8300 2853 8301 4126 8301 2851 8301 2851 8302 4126 8302 4127 8302 2851 8303 4127 8303 2849 8303 2849 8304 4127 8304 4128 8304 2849 8305 4128 8305 2847 8305 2847 8306 4128 8306 4129 8306 2847 8307 4129 8307 2845 8307 2845 8308 4129 8308 4130 8308 2845 8309 4130 8309 2843 8309 2843 8310 4130 8310 4131 8310 2843 8311 4131 8311 2841 8311 2841 8312 4131 8312 4132 8312 2841 8313 4132 8313 2839 8313 2839 8314 4132 8314 4133 8314 2839 8315 4133 8315 2909 8315 2909 8316 4133 8316 4134 8316 2909 8317 4134 8317 2907 8317 2907 8318 4134 8318 4135 8318 2907 8319 4135 8319 2905 8319 2905 8320 4135 8320 4136 8320 2905 8321 4136 8321 2903 8321 2903 8322 4136 8322 4137 8322 2903 8323 4137 8323 2901 8323 2901 8324 4137 8324 4138 8324 2901 8325 4138 8325 2899 8325 2899 8326 4138 8326 4139 8326 2899 8327 4139 8327 2897 8327 2897 8328 4139 8328 4140 8328 2897 8329 4140 8329 2895 8329 2895 8330 4140 8330 4141 8330 2895 8331 4141 8331 2893 8331 2893 8332 4141 8332 4142 8332 2893 8333 4142 8333 2891 8333 2891 8334 4142 8334 4143 8334 2891 8335 4143 8335 2889 8335 2889 8336 4143 8336 4144 8336 2889 8337 4144 8337 2887 8337 2887 8338 4144 8338 4145 8338 2887 8339 4145 8339 2885 8339 2885 8340 4145 8340 4146 8340 2885 8341 4146 8341 2883 8341 2883 8342 4146 8342 4147 8342 2883 8343 4147 8343 2881 8343 2881 8344 4147 8344 4148 8344 2881 8345 4148 8345 2879 8345 2879 8346 4148 8346 4149 8346 2879 8347 4149 8347 2877 8347 2877 8348 4149 8348 4150 8348 2877 8349 4150 8349 2875 8349 2875 8350 4150 8350 4151 8350 2875 8351 4151 8351 2873 8351 2873 8352 4151 8352 4152 8352 2873 8353 4152 8353 2871 8353 2871 8354 4152 8354 4153 8354 2871 8355 4153 8355 2869 8355 2869 8356 4153 8356 4154 8356 2869 8357 4154 8357 2867 8357 2867 8358 4154 8358 4155 8358 2867 8359 4155 8359 2865 8359 2865 8360 4155 8360 4156 8360 2865 8361 4156 8361 2863 8361 2863 8362 4156 8362 4157 8362 2863 8363 4157 8363 2861 8363 2861 8364 4157 8364 4158 8364 2861 8365 4158 8365 2859 8365 2859 8366 4158 8366 4159 8366 2859 8367 4159 8367 2857 8367 2857 8368 4159 8368 4124 8368 4133 8369 3698 8369 4134 8369 4134 8370 3698 8370 3696 8370 4134 8371 3696 8371 4135 8371 4135 8372 3696 8372 3695 8372 4135 8373 3695 8373 4136 8373 4136 8374 3695 8374 3705 8374 4136 8375 3705 8375 4137 8375 4137 8376 3705 8376 3704 8376 4137 8377 3704 8377 4138 8377 4138 8378 3704 8378 3701 8378 4138 8379 3701 8379 4139 8379 4139 8380 3701 8380 3702 8380 4139 8381 3702 8381 4140 8381 4140 8382 3702 8382 3703 8382 4140 8383 3703 8383 4141 8383 4141 8384 3703 8384 3692 8384 4141 8385 3692 8385 4142 8385 4142 8386 3692 8386 3691 8386 4142 8387 3691 8387 4143 8387 4143 8388 3691 8388 3690 8388 4143 8389 3690 8389 4144 8389 4144 8390 3690 8390 3689 8390 4144 8391 3689 8391 4145 8391 4145 8392 3689 8392 3706 8392 4145 8393 3706 8393 4146 8393 4146 8394 3706 8394 3694 8394 4146 8395 3694 8395 4147 8395 4147 8396 3694 8396 3693 8396 4147 8397 3693 8397 4148 8397 4148 8398 3693 8398 3719 8398 4148 8399 3719 8399 4149 8399 4149 8400 3719 8400 3720 8400 4149 8401 3720 8401 4150 8401 4150 8402 3720 8402 3721 8402 4150 8403 3721 8403 4151 8403 4151 8404 3721 8404 3722 8404 4151 8405 3722 8405 4152 8405 4152 8406 3722 8406 3723 8406 4152 8407 3723 8407 4153 8407 4153 8408 3723 8408 3724 8408 4153 8409 3724 8409 4154 8409 4154 8410 3724 8410 3712 8410 4154 8411 3712 8411 4155 8411 4155 8412 3712 8412 3713 8412 4155 8413 3713 8413 4156 8413 4156 8414 3713 8414 3714 8414 4156 8415 3714 8415 4157 8415 4157 8416 3714 8416 3715 8416 4157 8417 3715 8417 4158 8417 4158 8418 3715 8418 3716 8418 4158 8419 3716 8419 4159 8419 4159 8420 3716 8420 3717 8420 4159 8421 3717 8421 4124 8421 4124 8422 3717 8422 3718 8422 4124 8423 3718 8423 4125 8423 4125 8424 3718 8424 3711 8424 4125 8425 3711 8425 4126 8425 4126 8426 3711 8426 3710 8426 4126 8427 3710 8427 4127 8427 4127 8428 3710 8428 3709 8428 4127 8429 3709 8429 4128 8429 4128 8430 3709 8430 3708 8430 4128 8431 3708 8431 4129 8431 4129 8432 3708 8432 3707 8432 4129 8433 3707 8433 4130 8433 4130 8434 3707 8434 3700 8434 4130 8435 3700 8435 4131 8435 4131 8436 3700 8436 3699 8436 4131 8437 3699 8437 4132 8437 4132 8438 3699 8438 3895 8438 4132 8439 3895 8439 4133 8439 4133 8440 3895 8440 3698 8440 620 8441 3943 8441 4160 8441 4161 8442 3265 8442 4160 8442 4160 8443 3265 8443 3272 8443 4160 8444 3272 8444 620 8444 4161 8445 3940 8445 3265 8445 3265 8446 3940 8446 621 8446 3265 8447 621 8447 3266 8447 3272 8448 3359 8448 620 8448 620 8449 3359 8449 3358 8449 620 8450 3358 8450 3357 8450 3264 8451 3263 8451 621 8451 621 8452 3263 8452 3267 8452 621 8453 3267 8453 3266 8453 3251 8454 3250 8454 621 8454 621 8455 3250 8455 3258 8455 621 8456 3258 8456 3257 8456 3357 8457 3362 8457 620 8457 620 8458 3362 8458 3365 8458 620 8459 3365 8459 3364 8459 3257 8460 3261 8460 621 8460 621 8461 3261 8461 3260 8461 621 8462 3260 8462 3264 8462 3364 8463 3367 8463 620 8463 620 8464 3367 8464 3366 8464 620 8465 3366 8465 2725 8465 3941 8466 4162 8466 3942 8466 3942 8467 4162 8467 4163 8467 3942 8468 4163 8468 3943 8468 3943 8469 4163 8469 4160 8469 4163 8470 4162 8470 4160 8470 4160 8471 4162 8471 4161 8471 4162 8472 3941 8472 4161 8472 4161 8473 3941 8473 3940 8473 4164 8474 4165 8474 702 8474 702 8475 4165 8475 4166 8475 4167 8476 4168 8476 4169 8476 4166 8477 4170 8477 702 8477 702 8478 4170 8478 4167 8478 702 8479 4167 8479 4171 8479 4171 8480 4167 8480 4169 8480 4171 8481 4169 8481 4172 8481 4173 8482 4174 8482 4175 8482 4175 8483 4174 8483 4176 8483 4175 8484 4176 8484 4177 8484 4177 8485 4176 8485 4171 8485 4177 8486 4171 8486 4178 8486 4178 8487 4171 8487 4172 8487 4178 8488 4172 8488 4179 8488 4180 8489 701 8489 4181 8489 4182 8490 4183 8490 4184 8490 4184 8491 4183 8491 701 8491 4184 8492 701 8492 4185 8492 4185 8493 701 8493 4186 8493 4187 8494 4188 8494 4189 8494 4189 8495 4188 8495 4190 8495 4189 8496 4190 8496 4181 8496 4181 8497 4190 8497 4191 8497 4181 8498 4191 8498 4180 8498 4192 8499 4186 8499 4193 8499 4193 8500 4186 8500 701 8500 4193 8501 701 8501 4194 8501 4194 8502 701 8502 4180 8502 4194 8503 4180 8503 4195 8503 4168 8504 4167 8504 4192 8504 4192 8505 4167 8505 4186 8505 4169 8506 4168 8506 4193 8506 4193 8507 4168 8507 4192 8507 4172 8508 4169 8508 4194 8508 4194 8509 4169 8509 4193 8509 4179 8510 4172 8510 4195 8510 4195 8511 4172 8511 4194 8511 4178 8512 4179 8512 4180 8512 4180 8513 4179 8513 4195 8513 4177 8514 4178 8514 4191 8514 4191 8515 4178 8515 4180 8515 4175 8516 4177 8516 4190 8516 4190 8517 4177 8517 4191 8517 4173 8518 4175 8518 4188 8518 4188 8519 4175 8519 4190 8519 4174 8520 4173 8520 4187 8520 4187 8521 4173 8521 4188 8521 4176 8522 4174 8522 4189 8522 4189 8523 4174 8523 4187 8523 4171 8524 4176 8524 4181 8524 4181 8525 4176 8525 4189 8525 702 8526 4171 8526 701 8526 701 8527 4171 8527 4181 8527 4164 8528 702 8528 4183 8528 4183 8529 702 8529 701 8529 4165 8530 4164 8530 4182 8530 4182 8531 4164 8531 4183 8531 4166 8532 4165 8532 4184 8532 4184 8533 4165 8533 4182 8533 4170 8534 4166 8534 4185 8534 4185 8535 4166 8535 4184 8535 4167 8536 4170 8536 4186 8536 4186 8537 4170 8537 4185 8537 4196 8538 4197 8538 4198 8538 4198 8539 4197 8539 703 8539 4198 8540 703 8540 4199 8540 4199 8541 703 8541 704 8541 4199 8542 704 8542 4200 8542 4200 8543 704 8543 4201 8543 4202 8544 4203 8544 4204 8544 4204 8545 4203 8545 699 8545 4204 8546 699 8546 4205 8546 4205 8547 699 8547 700 8547 4205 8548 700 8548 4206 8548 4206 8549 700 8549 4207 8549 4200 8550 4201 8550 4202 8550 4202 8551 4201 8551 4203 8551 4199 8552 4200 8552 4204 8552 4204 8553 4200 8553 4202 8553 4198 8554 4199 8554 4205 8554 4205 8555 4199 8555 4204 8555 4196 8556 4198 8556 4206 8556 4206 8557 4198 8557 4205 8557 4197 8558 4196 8558 4207 8558 4207 8559 4196 8559 4206 8559 703 8560 4197 8560 700 8560 700 8561 4197 8561 4207 8561 704 8562 703 8562 699 8562 699 8563 703 8563 700 8563 4201 8564 704 8564 4203 8564 4203 8565 704 8565 699 8565 4208 8566 4209 8566 4210 8566 4210 8567 4209 8567 4211 8567 4212 8568 4213 8568 4214 8568 4214 8569 4213 8569 4215 8569 4210 8570 4211 8570 4215 8570 4215 8571 4211 8571 4214 8571 4208 8572 4210 8572 4213 8572 4213 8573 4210 8573 4215 8573 4209 8574 4208 8574 4212 8574 4212 8575 4208 8575 4213 8575 4211 8576 4209 8576 4214 8576 4214 8577 4209 8577 4212 8577 4216 8578 4217 8578 4218 8578 4218 8579 4217 8579 4219 8579 4220 8580 4221 8580 4222 8580 4222 8581 4221 8581 4223 8581 4218 8582 4219 8582 4223 8582 4223 8583 4219 8583 4222 8583 4216 8584 4218 8584 4221 8584 4221 8585 4218 8585 4223 8585 4217 8586 4216 8586 4220 8586 4220 8587 4216 8587 4221 8587 4219 8588 4217 8588 4222 8588 4222 8589 4217 8589 4220 8589 4224 8590 4225 8590 4226 8590 4226 8591 4225 8591 4227 8591 4228 8592 4229 8592 4230 8592 4230 8593 4229 8593 4231 8593 4226 8594 4227 8594 4231 8594 4231 8595 4227 8595 4230 8595 4224 8596 4226 8596 4229 8596 4229 8597 4226 8597 4231 8597 4225 8598 4224 8598 4228 8598 4228 8599 4224 8599 4229 8599 4227 8600 4225 8600 4230 8600 4230 8601 4225 8601 4228 8601 4232 8602 707 8602 4233 8602 4234 8603 4235 8603 4236 8603 4236 8604 4235 8604 707 8604 4236 8605 707 8605 4237 8605 4237 8606 707 8606 4238 8606 4239 8607 4240 8607 4241 8607 4241 8608 4240 8608 4242 8608 4241 8609 4242 8609 4233 8609 4233 8610 4242 8610 4243 8610 4233 8611 4243 8611 4232 8611 4244 8612 4238 8612 4245 8612 4245 8613 4238 8613 707 8613 4245 8614 707 8614 4246 8614 4246 8615 707 8615 4232 8615 4246 8616 4232 8616 4247 8616 4248 8617 4249 8617 706 8617 706 8618 4249 8618 4250 8618 4251 8619 4252 8619 4253 8619 4250 8620 4254 8620 706 8620 706 8621 4254 8621 4251 8621 706 8622 4251 8622 4255 8622 4255 8623 4251 8623 4253 8623 4255 8624 4253 8624 4256 8624 4257 8625 4258 8625 4259 8625 4259 8626 4258 8626 4260 8626 4259 8627 4260 8627 4261 8627 4261 8628 4260 8628 4255 8628 4261 8629 4255 8629 4262 8629 4262 8630 4255 8630 4256 8630 4262 8631 4256 8631 4263 8631 4238 8632 4244 8632 4251 8632 4251 8633 4244 8633 4252 8633 4244 8634 4245 8634 4252 8634 4252 8635 4245 8635 4253 8635 4245 8636 4246 8636 4253 8636 4253 8637 4246 8637 4256 8637 4246 8638 4247 8638 4256 8638 4256 8639 4247 8639 4263 8639 4247 8640 4232 8640 4263 8640 4263 8641 4232 8641 4262 8641 4232 8642 4243 8642 4262 8642 4262 8643 4243 8643 4261 8643 4243 8644 4242 8644 4261 8644 4261 8645 4242 8645 4259 8645 4242 8646 4240 8646 4259 8646 4259 8647 4240 8647 4257 8647 4240 8648 4239 8648 4257 8648 4257 8649 4239 8649 4258 8649 4239 8650 4241 8650 4258 8650 4258 8651 4241 8651 4260 8651 4241 8652 4233 8652 4260 8652 4260 8653 4233 8653 4255 8653 4233 8654 707 8654 4255 8654 4255 8655 707 8655 706 8655 707 8656 4235 8656 706 8656 706 8657 4235 8657 4248 8657 4235 8658 4234 8658 4248 8658 4248 8659 4234 8659 4249 8659 4234 8660 4236 8660 4249 8660 4249 8661 4236 8661 4250 8661 4236 8662 4237 8662 4250 8662 4250 8663 4237 8663 4254 8663 4237 8664 4238 8664 4254 8664 4254 8665 4238 8665 4251 8665 4264 8666 4265 8666 4266 8666 4266 8667 4265 8667 712 8667 4266 8668 712 8668 4267 8668 4267 8669 712 8669 713 8669 4267 8670 713 8670 4268 8670 4268 8671 713 8671 4269 8671 4270 8672 4271 8672 4272 8672 4272 8673 4271 8673 710 8673 4272 8674 710 8674 4273 8674 4273 8675 710 8675 711 8675 4273 8676 711 8676 4274 8676 4274 8677 711 8677 4275 8677 4265 8678 4264 8678 4275 8678 4275 8679 4264 8679 4274 8679 4264 8680 4266 8680 4274 8680 4274 8681 4266 8681 4273 8681 4266 8682 4267 8682 4273 8682 4273 8683 4267 8683 4272 8683 4267 8684 4268 8684 4272 8684 4272 8685 4268 8685 4270 8685 4268 8686 4269 8686 4270 8686 4270 8687 4269 8687 4271 8687 4269 8688 713 8688 4271 8688 4271 8689 713 8689 710 8689 713 8690 712 8690 710 8690 710 8691 712 8691 711 8691 712 8692 4265 8692 711 8692 711 8693 4265 8693 4275 8693 4276 8694 4277 8694 4278 8694 4278 8695 4277 8695 4279 8695 4280 8696 4281 8696 4282 8696 4282 8697 4281 8697 4283 8697 4278 8698 4279 8698 4283 8698 4283 8699 4279 8699 4282 8699 4279 8700 4277 8700 4282 8700 4282 8701 4277 8701 4280 8701 4277 8702 4276 8702 4280 8702 4280 8703 4276 8703 4281 8703 4276 8704 4278 8704 4281 8704 4281 8705 4278 8705 4283 8705 4284 8706 4285 8706 4286 8706 4286 8707 4285 8707 4287 8707 4288 8708 4289 8708 4290 8708 4290 8709 4289 8709 4291 8709 4286 8710 4287 8710 4291 8710 4291 8711 4287 8711 4290 8711 4287 8712 4285 8712 4290 8712 4290 8713 4285 8713 4288 8713 4285 8714 4284 8714 4288 8714 4288 8715 4284 8715 4289 8715 4284 8716 4286 8716 4289 8716 4289 8717 4286 8717 4291 8717 4292 8718 4293 8718 4294 8718 4294 8719 4293 8719 4295 8719 4296 8720 4297 8720 4298 8720 4298 8721 4297 8721 4299 8721 4294 8722 4295 8722 4299 8722 4299 8723 4295 8723 4298 8723 4295 8724 4293 8724 4298 8724 4298 8725 4293 8725 4296 8725 4293 8726 4292 8726 4296 8726 4296 8727 4292 8727 4297 8727 4292 8728 4294 8728 4297 8728 4297 8729 4294 8729 4299 8729 704 8730 705 8730 703 8730 703 8731 705 8731 702 8731 4300 8732 4301 8732 4302 8732 4302 8733 4301 8733 4303 8733 4302 8734 4303 8734 702 8734 702 8735 4303 8735 703 8735 4300 8736 4302 8736 705 8736 705 8737 4302 8737 702 8737 4301 8738 4300 8738 704 8738 704 8739 4300 8739 705 8739 4303 8740 4301 8740 703 8740 703 8741 4301 8741 704 8741 708 8742 712 8742 707 8742 707 8743 712 8743 713 8743 4304 8744 4305 8744 4306 8744 4306 8745 4305 8745 4307 8745 4306 8746 4307 8746 713 8746 713 8747 4307 8747 707 8747 4307 8748 4305 8748 707 8748 707 8749 4305 8749 708 8749 4305 8750 4304 8750 708 8750 708 8751 4304 8751 712 8751 4304 8752 4306 8752 712 8752 712 8753 4306 8753 713 8753</p>
        </triangles>
      </mesh>
    </geometry>
  </library_geometries>
  <library_visual_scenes>
    <visual_scene id="Scene" name="Scene">
      <node id="ID3" name="ID3" type="NODE">
        <matrix sid="transform">0.001 0 0 0 0 0.001 0 0 0 0 0.001 0 0 0 0 1</matrix>
        <instance_geometry url="#ID3-mesh" name="ID3">
          <bind_material>
            <technique_common>
              <instance_material symbol="Material_001-material" target="#Material_001-material"/>
            </technique_common>
          </bind_material>
        </instance_geometry>
      </node>
    </visual_scene>
  </library_visual_scenes>
  <scene>
    <instance_visual_scene url="#Scene"/>
  </scene>
</COLLADA>