<?xml version="1.0" encoding="utf-8"?>
<COLLADA xmlns="http://www.collada.org/2005/11/COLLADASchema" version="1.4.1" xmlns:xsi="http://www.w3.org/2001/XMLSchema-instance">
  <asset>
    <contributor>
      <author>Blender User</author>
      <authoring_tool>Blender 4.1.1 commit date:2024-04-15, commit time:15:11, hash:e1743a0317bc</authoring_tool>
    </contributor>
    <created>2026-06-09T10:30:20</created>
    <modified>2026-06-09T10:30:20</modified>
    <unit name="meter" meter="1"/>
    <up_axis>Z_UP</up_axis>
  </asset>
  <library_effects>
    <effect id="Material_002-effect">
      <profile_COMMON>
        <technique sid="common">
          <lambert>
            <emission>
              <color sid="emission">0 0 0 1</color>
            </emission>
            <diffuse>
              <color sid="diffuse">0.009385157 0.03986137 0.8017237 1</color>
            </diffuse>
            <reflectivity>
              <float sid="specular">1</float>
            </reflectivity>
            <index_of_refraction>
              <float sid="ior">1.5</float>
            </index_of_refraction>
          </lambert>
        </technique>
      </profile_COMMON>
    </effect>
  </library_effects>
  <library_images/>
  <library_materials>
    <material id="Material_002-material" name="Material.002">
      <instance_effect url="#Material_002-effect"/>
    </material>
  </library_materials>
  <library_geometries>
    <geometry id="ID2_001-mesh" name="ID2.001">
      <mesh>
        <source id="ID2_001-mesh-positions">
          <float_array id="ID2_001-mesh-positions-array" count="19596">-30.07108 -14.96332 5.154541 -32.07107 -14.96332 5.154541 -30.07108 -14.96332 -24.34546 -32.07107 -14.96332 -24.84546 -24.07108 -14.96332 -29.84546 -24.99997 -14.96332 -31.91663 23.92893 -14.96332 -29.84546 25.00003 -14.96332 -31.91663 30.07108 -14.96332 -23.84546 32.07107 -14.96332 -24.84546 30.07108 -14.96332 5.154541 32.07107 -14.96332 5.154541 30.07108 15.03668 5.154541 32.07107 15.03668 5.154541 30.07108 15.03668 -23.84546 32.07107 15.03668 -24.84546 23.92893 15.03668 -29.84546 25.00003 15.03668 -31.91663 -24.07108 15.03668 -29.84546 -24.99997 15.03668 -31.91663 -30.07108 15.03668 -24.34546 -32.07107 15.03668 -24.84546 -30.07108 15.03668 5.154541 -32.07107 15.03668 5.154541 5.908844 -1.005249 -29.84546 6.00003 0.036682 -29.84546 5.908844 1.078552 -29.84546 5.638153 -2.015442 -29.84546 5.196197 -2.963318 -29.84546 4.596283 -3.820068 -29.84546 -4.596222 3.893372 -29.84546 -5.196136 3.036682 -29.84546 -5.638153 2.088745 -29.84546 -3.85672 -4.559631 -29.84546 -2.999969 -5.159485 -29.84546 -2.052093 -5.601501 -29.84546 -4.596222 -3.820068 -29.84546 -5.196136 -2.963318 -29.84546 -5.638153 -2.015442 -29.84546 -3.85672 4.632935 -29.84546 -2.999969 5.232788 -29.84546 -2.052093 5.674805 -29.84546 3.85672 -4.559631 -29.84546 3.00003 -5.159485 -29.84546 2.052155 -5.601501 -29.84546 -5.908844 -1.005249 -29.84546 -5.999969 0.036682 -29.84546 -5.908844 1.078552 -29.84546 4.596283 3.893372 -29.84546 5.196197 3.036682 -29.84546 5.638153 2.088745 -29.84546 1.041901 -5.872192 -29.84546 3.06368e-5 -5.963318 -29.84546 -1.0419 -5.872192 -29.84546 -1.0419 5.945496 -29.84546 3.06368e-5 6.036682 -29.84546 1.041901 5.945496 -29.84546 2.052155 5.674805 -29.84546 3.00003 5.232788 -29.84546 3.85672 4.632935 -29.84546 30.07108 7.535034 0 30.07108 7.535034 5.154541 30.07108 -7.461731 0 30.07108 -7.535034 0 30.07108 -7.535034 5.154541 30.07108 4.804749 -5.634766 30.07108 5.72644 -4.731934 30.07108 -7.324341 -1.282959 30.07108 -6.968994 -2.523315 30.07108 -6.406433 -3.684326 30.07108 -5.653137 -4.731934 30.07108 -4.731445 -5.634766 30.07108 -3.66864 -6.366333 30.07108 6.479736 -3.684326 30.07108 7.042358 -2.523315 30.07108 7.397644 -1.282959 30.07108 1.322082 -7.234497 30.07108 2.569519 -6.904907 30.07108 3.741943 -6.366333 30.07108 -2.496216 -6.904907 30.07108 -1.248779 -7.234497 30.07108 0.036682 -7.345459 -5.638153 -2.015442 -31.91663 -5.196136 -2.963318 -31.91663 -4.596222 -3.820068 -31.91663 5.196197 -2.963318 -31.91663 5.638153 -2.015442 -31.91663 5.908844 -1.005249 -31.91663 6.00003 0.036682 -31.91663 5.908844 1.078552 -31.91663 5.638153 2.088745 -31.91663 5.196197 3.036682 -31.91663 4.596283 3.893372 -31.91663 -3.85672 -4.559631 -31.91663 -2.999969 -5.159485 -31.91663 -2.052093 -5.601501 -31.91663 3.85672 4.632935 -31.91663 3.00003 5.232788 -31.91663 2.052155 5.674805 -31.91663 -1.0419 5.945496 -31.91663 3.06368e-5 6.036682 -31.91663 1.041901 5.945496 -31.91663 -5.638153 2.088745 -31.91663 -5.908844 1.078552 -31.91663 -5.999969 0.036682 -31.91663 -5.908844 -1.005249 -31.91663 2.052155 -5.601501 -31.91663 3.00003 -5.159485 -31.91663 -1.0419 -5.872192 -31.91663 3.06368e-5 -5.963318 -31.91663 1.041901 -5.872192 -31.91663 3.85672 -4.559631 -31.91663 4.596283 -3.820068 -31.91663 -2.052093 5.674805 -31.91663 -2.999969 5.232788 -31.91663 -3.85672 4.632935 -31.91663 -4.596222 3.893372 -31.91663 -5.196136 3.036682 -31.91663 -32.07107 7.535034 0 -32.07107 7.535034 5.154541 -32.07107 1.322082 -7.234497 -32.07107 2.569519 -6.904907 -32.07107 -7.461731 0 -32.07107 -7.535034 0 -32.07107 -7.535034 5.154541 -32.07107 -7.324341 -1.282959 -32.07107 -6.968994 -2.523315 -32.07107 -6.406433 -3.684326 -32.07107 3.741943 -6.366333 -32.07107 4.804749 -5.634766 -32.07107 5.72644 -4.731934 -32.07107 6.479736 -3.684326 -32.07107 7.042358 -2.523315 -32.07107 7.397644 -1.282959 -32.07107 -5.653137 -4.731934 -32.07107 -4.731445 -5.634766 -32.07107 -3.66864 -6.366333 -32.07107 -2.496216 -6.904907 -32.07107 -1.248779 -7.234497 -32.07107 0.036682 -7.345459 -30.07108 -7.535034 5.154541 -30.07108 -7.535034 0 -30.07108 6.479736 -3.684326 -30.07108 5.72644 -4.731934 -30.07108 -2.496216 -6.904907 -30.07108 -3.66864 -6.366333 -30.07108 7.535034 5.154541 -30.07108 7.535034 0 -30.07108 7.397644 -1.282959 -30.07108 7.042358 -2.523315 -30.07108 4.804749 -5.634766 -30.07108 3.741943 -6.366333 -30.07108 2.569519 -6.904907 -30.07108 -7.461731 0 -30.07108 -7.324341 -1.282959 -30.07108 -6.968994 -2.523315 -30.07108 -6.406433 -3.684326 -30.07108 1.322082 -7.234497 -30.07108 0.036682 -7.345459 -30.07108 -1.248779 -7.234497 -30.07108 -4.731445 -5.634766 -30.07108 -5.653137 -4.731934 32.07107 -7.535034 5.154541 32.07107 -7.535034 0 32.07107 6.479736 -3.684326 32.07107 5.72644 -4.731934 32.07107 -2.496216 -6.904907 32.07107 -3.66864 -6.366333 32.07107 7.535034 5.154541 32.07107 7.535034 0 32.07107 7.397644 -1.282959 32.07107 7.042358 -2.523315 32.07107 4.804749 -5.634766 32.07107 3.741943 -6.366333 32.07107 2.569519 -6.904907 32.07107 -7.461731 0 32.07107 -7.324341 -1.282959 32.07107 -6.968994 -2.523315 32.07107 -6.406433 -3.684326 32.07107 1.322082 -7.234497 32.07107 0.036682 -7.345459 32.07107 -1.248779 -7.234497 32.07107 -4.731445 -5.634766 32.07107 -5.653137 -4.731934 -12.49332 -12.42981 -36.9165 -12.49332 12.57019 -36.9165 -12.49332 -12.42981 -336.9166 -12.49332 12.57019 -336.9166 12.50668 -12.42981 -36.9165 12.50668 -12.42981 -336.9166 12.50668 12.57019 -36.9165 12.50668 12.57019 -336.9166 11.50668 -11.42981 -36.9165 11.50668 11.57019 -36.9165 -11.49332 11.57019 -36.9165 -11.49332 -11.42981 -36.9165 11.50668 -11.42981 -336.9166 -11.49332 -11.42981 -336.9166 -11.49332 11.57019 -336.9166 11.50668 11.57019 -336.9166 -26.34335 -15.27978 -367.9166 -24.34335 -15.27978 -367.9166 -26.34335 -15.27978 -341.9166 -24.34335 -15.27978 -343.9166 -6.718353 -15.27978 -341.9166 6.031647 -15.27978 -343.9166 25.65665 -15.27978 -341.9166 23.65665 -15.27978 -343.9166 25.65665 -15.27978 -367.9166 23.65665 -15.27978 -367.9166 -24.34335 14.72021 -343.9166 -24.34335 14.72021 -367.9166 -26.34335 14.72021 -367.9166 25.65665 14.72021 -341.9166 25.65665 14.72021 -367.9166 23.65665 14.72021 -367.9166 23.65665 14.72021 -343.9166 6.031647 14.72021 -343.9166 -6.718353 14.72021 -341.9166 -26.34335 14.72021 -341.9166 -10.18393 7.095337 -343.9166 -9.968232 6.879639 -343.9166 -24.34335 -6.654785 -343.9166 -10.35892 7.345215 -343.9166 -7.327789 9.095215 -343.9166 -7.502777 9.345093 -343.9166 -10.35892 9.095215 -343.9166 -10.48782 8.818726 -343.9166 -10.56674 8.524109 -343.9166 -10.59335 8.220215 -343.9166 -10.56674 7.916321 -343.9166 -10.48782 7.621643 -343.9166 -7.119904 7.916321 -343.9166 1.708771 5.358337 -343.9166 0.698517 5.629028 -343.9166 -6.343353 -0.2797852 -343.9166 -6.252167 -1.321655 -343.9166 -1.385223 5.629028 -343.9166 -2.395477 5.358337 -343.9166 -7.198883 7.621643 -343.9166 -3.343353 4.916382 -343.9166 4.252899 3.576904 -343.9166 4.852814 2.720215 -343.9166 5.29483 1.772339 -343.9166 -9.718354 6.704651 -343.9166 -9.441864 6.575745 -343.9166 -0.3433532 5.720215 -343.9166 5.29483 -2.331909 -343.9166 5.565521 -1.321655 -343.9166 6.031647 -6.654785 -343.9166 5.656647 -0.2797852 -343.9166 5.565521 0.7620849 -343.9166 -7.718475 9.560791 -343.9166 -7.968353 9.735779 -343.9166 -8.244782 9.864686 -343.9166 -9.441864 9.864686 -343.9166 -9.718354 9.735779 -343.9166 3.513397 4.316467 -343.9166 2.656647 4.916382 -343.9166 -9.968232 9.560791 -343.9166 -10.18393 9.345093 -343.9166 -5.981476 -2.331909 -343.9166 -5.53952 -3.279785 -343.9166 -4.939606 -4.136536 -343.9166 1.708771 -5.917969 -343.9166 2.656647 -5.475952 -343.9166 3.513397 -4.876038 -343.9166 -7.093353 8.220215 -343.9166 -7.119904 8.524109 -343.9166 -7.198883 8.818726 -343.9166 -8.53946 9.943604 -343.9166 -8.843354 9.970215 -343.9166 -9.147248 9.943604 -343.9166 -9.147248 6.496765 -343.9166 -8.843354 6.470215 -343.9166 -6.252167 0.7620849 -343.9166 -8.53946 6.496765 -343.9166 -5.981476 1.772339 -343.9166 -8.244782 6.575745 -343.9166 -5.53952 2.720215 -343.9166 -7.968353 6.704651 -343.9166 -4.939606 3.576904 -343.9166 -7.718475 6.879639 -343.9166 -4.200043 4.316467 -343.9166 -7.502777 7.095337 -343.9166 -7.327789 7.345215 -343.9166 -4.200043 -4.876038 -343.9166 -3.343353 -5.475952 -343.9166 -2.395477 -5.917969 -343.9166 4.252899 -4.136536 -343.9166 4.852814 -3.279785 -343.9166 -1.385223 -6.18866 -343.9166 -0.3433532 -6.279785 -343.9166 0.698517 -6.18866 -343.9166 7.031769 6.879639 -343.9166 7.281647 6.704651 -343.9166 6.512176 7.621643 -343.9166 6.641083 7.345215 -343.9166 6.816071 7.095337 -343.9166 7.558136 6.575745 -343.9166 7.852753 6.496765 -343.9166 8.156647 6.470215 -343.9166 8.460541 6.496765 -343.9166 8.755219 6.575745 -343.9166 23.65665 -6.654785 -343.9166 9.031647 6.704651 -343.9166 9.281525 6.879639 -343.9166 9.497223 7.095337 -343.9166 9.906647 8.220215 -343.9166 9.880097 8.524109 -343.9166 9.801117 8.818726 -343.9166 9.672211 9.095215 -343.9166 9.497223 9.345093 -343.9166 8.460541 9.943604 -343.9166 8.156647 9.970215 -343.9166 7.852753 9.943604 -343.9166 7.558136 9.864686 -343.9166 7.281647 9.735779 -343.9166 7.031769 9.560791 -343.9166 9.672211 7.345215 -343.9166 9.801117 7.621643 -343.9166 9.880097 7.916321 -343.9166 6.816071 9.345093 -343.9166 6.641083 9.095215 -343.9166 6.512176 8.818726 -343.9166 6.433258 8.524109 -343.9166 6.406647 8.220215 -343.9166 6.433258 7.916321 -343.9166 9.281525 9.560791 -343.9166 9.031647 9.735779 -343.9166 8.755219 9.864686 -343.9166 -10.56674 -9.08368 -343.9166 -10.59335 -8.779786 -343.9166 -10.56674 -8.475892 -343.9166 -10.48782 -9.378357 -343.9166 -10.35892 -9.654786 -343.9166 -10.18393 -9.904664 -343.9166 -7.502777 -9.904664 -343.9166 -7.327789 -9.654786 -343.9166 -7.198883 -9.378357 -343.9166 -7.119904 -9.08368 -343.9166 -7.093353 -8.779786 -343.9166 -7.119904 -8.475892 -343.9166 -7.198883 -8.181275 -343.9166 -7.327789 -7.904785 -343.9166 -7.502777 -7.654907 -343.9166 -9.441864 -7.135315 -343.9166 -9.718354 -7.264221 -343.9166 -9.968232 -7.439209 -343.9166 -10.18393 -7.654907 -343.9166 -10.35892 -7.904785 -343.9166 -10.48782 -8.181275 -343.9166 -9.968232 -10.12036 -343.9166 -9.718354 -10.29535 -343.9166 -9.441864 -10.42426 -343.9166 -8.244782 -10.42426 -343.9166 -7.968353 -10.29535 -343.9166 -7.718475 -10.12036 -343.9166 -7.718475 -7.439209 -343.9166 -7.968353 -7.264221 -343.9166 -8.244782 -7.135315 -343.9166 -8.53946 -7.056396 -343.9166 -8.843354 -7.029785 -343.9166 -9.147248 -7.056396 -343.9166 -9.147248 -10.50323 -343.9166 -8.843354 -10.52978 -343.9166 -8.53946 -10.50323 -343.9166 6.512176 -9.378357 -343.9166 6.641083 -9.654786 -343.9166 6.816071 -9.904664 -343.9166 7.031769 -10.12036 -343.9166 7.281647 -10.29535 -343.9166 9.672211 -9.654786 -343.9166 9.497223 -9.904664 -343.9166 9.281525 -10.12036 -343.9166 7.558136 -10.42426 -343.9166 7.852753 -10.50323 -343.9166 8.156647 -10.52978 -343.9166 9.880097 -8.475892 -343.9166 9.801117 -8.181275 -343.9166 8.156647 -7.029785 -343.9166 7.852753 -7.056396 -343.9166 8.460541 -10.50323 -343.9166 8.755219 -10.42426 -343.9166 9.031647 -10.29535 -343.9166 9.801117 -9.378357 -343.9166 9.880097 -9.08368 -343.9166 9.906647 -8.779786 -343.9166 6.512176 -8.181275 -343.9166 6.433258 -8.475892 -343.9166 6.406647 -8.779786 -343.9166 6.433258 -9.08368 -343.9166 9.672211 -7.904785 -343.9166 9.497223 -7.654907 -343.9166 9.281525 -7.439209 -343.9166 9.031647 -7.264221 -343.9166 8.755219 -7.135315 -343.9166 8.460541 -7.056396 -343.9166 7.558136 -7.135315 -343.9166 7.281647 -7.264221 -343.9166 7.031769 -7.439209 -343.9166 6.816071 -7.654907 -343.9166 6.641083 -7.904785 -343.9166 -24.34335 -7.279785 -367.9166 -26.34335 -7.279785 -367.9166 9.880097 -9.08368 -341.9166 9.801117 -9.378357 -341.9166 9.672211 -9.654786 -341.9166 9.497223 -9.904664 -341.9166 4.852814 2.720215 -341.9166 5.29483 1.772339 -341.9166 25.65665 6.095215 -341.9166 5.565521 0.7620849 -341.9166 5.656647 -0.2797852 -341.9166 7.558136 -10.42426 -341.9166 7.281647 -10.29535 -341.9166 6.641083 -7.904785 -341.9166 6.816071 -7.654907 -341.9166 7.031769 -7.439209 -341.9166 9.672211 -7.904785 -341.9166 9.801117 -8.181275 -341.9166 9.880097 -8.475892 -341.9166 9.906647 -8.779786 -341.9166 9.281525 -10.12036 -341.9166 9.031647 -10.29535 -341.9166 8.755219 -10.42426 -341.9166 7.031769 -10.12036 -341.9166 6.816071 -9.904664 -341.9166 6.641083 -9.654786 -341.9166 -4.200043 -4.876038 -341.9166 -4.939606 -4.136536 -341.9166 6.512176 -8.181275 -341.9166 5.565521 -1.321655 -341.9166 5.29483 -2.331909 -341.9166 7.281647 -7.264221 -341.9166 7.558136 -7.135315 -341.9166 7.852753 -7.056396 -341.9166 9.031647 -7.264221 -341.9166 9.281525 -7.439209 -341.9166 9.497223 -7.654907 -341.9166 8.460541 -10.50323 -341.9166 8.156647 -10.52978 -341.9166 7.852753 -10.50323 -341.9166 8.156647 -7.029785 -341.9166 8.460541 -7.056396 -341.9166 8.755219 -7.135315 -341.9166 6.512176 -9.378357 -341.9166 6.433258 -9.08368 -341.9166 6.406647 -8.779786 -341.9166 -5.53952 -3.279785 -341.9166 -5.981476 -2.331909 -341.9166 -6.252167 -1.321655 -341.9166 -6.343353 -0.2797852 -341.9166 -6.252167 0.7620849 -341.9166 -6.718353 6.095215 -341.9166 -5.981476 1.772339 -341.9166 -1.385223 5.629028 -341.9166 -0.3433532 5.720215 -341.9166 1.708771 5.358337 -341.9166 2.656647 4.916382 -341.9166 2.656647 -5.475952 -341.9166 3.513397 -4.876038 -341.9166 6.433258 -8.475892 -341.9166 4.252899 -4.136536 -341.9166 4.852814 -3.279785 -341.9166 1.708771 -5.917969 -341.9166 0.698517 -6.18866 -341.9166 -0.3433532 -6.279785 -341.9166 -1.385223 -6.18866 -341.9166 -2.395477 -5.917969 -341.9166 -3.343353 -5.475952 -341.9166 -5.53952 2.720215 -341.9166 -4.939606 3.576904 -341.9166 -4.200043 4.316467 -341.9166 0.698517 5.629028 -341.9166 3.513397 4.316467 -341.9166 4.252899 3.576904 -341.9166 -3.343353 4.916382 -341.9166 -2.395477 5.358337 -341.9166 9.906647 8.220215 -341.9166 9.880097 7.916321 -341.9166 7.558136 6.575745 -341.9166 7.281647 6.704651 -341.9166 7.031769 6.879639 -341.9166 6.816071 7.095337 -341.9166 8.755219 9.864686 -341.9166 9.031647 9.735779 -341.9166 9.281525 9.560791 -341.9166 9.880097 8.524109 -341.9166 9.801117 8.818726 -341.9166 9.801117 7.621643 -341.9166 9.672211 7.345215 -341.9166 9.497223 7.095337 -341.9166 9.281525 6.879639 -341.9166 9.031647 6.704651 -341.9166 8.755219 6.575745 -341.9166 8.460541 6.496765 -341.9166 8.156647 6.470215 -341.9166 7.852753 6.496765 -341.9166 6.641083 7.345215 -341.9166 6.512176 7.621643 -341.9166 6.433258 7.916321 -341.9166 6.641083 9.095215 -341.9166 6.816071 9.345093 -341.9166 7.031769 9.560791 -341.9166 7.281647 9.735779 -341.9166 7.558136 9.864686 -341.9166 7.852753 9.943604 -341.9166 8.156647 9.970215 -341.9166 8.460541 9.943604 -341.9166 9.497223 9.345093 -341.9166 9.672211 9.095215 -341.9166 6.406647 8.220215 -341.9166 6.433258 8.524109 -341.9166 6.512176 8.818726 -341.9166 -7.093353 -8.779786 -341.9166 -7.119904 -9.08368 -341.9166 -7.198883 -9.378357 -341.9166 -7.327789 -9.654786 -341.9166 -9.968232 -10.12036 -341.9166 -10.18393 -9.904664 -341.9166 -10.35892 -9.654786 -341.9166 -10.48782 -9.378357 -341.9166 -10.56674 -9.08368 -341.9166 -10.59335 -8.779786 -341.9166 -26.34335 6.095215 -341.9166 -7.502777 -9.904664 -341.9166 -7.718475 -10.12036 -341.9166 -7.968353 -10.29535 -341.9166 -7.119904 -8.475892 -341.9166 -7.502777 -7.654907 -341.9166 -7.327789 -7.904785 -341.9166 -7.198883 -8.181275 -341.9166 -10.56674 -8.475892 -341.9166 -10.48782 -8.181275 -341.9166 -10.35892 -7.904785 -341.9166 -10.18393 -7.654907 -341.9166 -9.968232 -7.439209 -341.9166 -9.718354 -7.264221 -341.9166 -8.244782 -10.42426 -341.9166 -8.53946 -10.50323 -341.9166 -8.843354 -10.52978 -341.9166 -9.441864 -7.135315 -341.9166 -9.147248 -7.056396 -341.9166 -8.843354 -7.029785 -341.9166 -8.53946 -7.056396 -341.9166 -8.244782 -7.135315 -341.9166 -7.968353 -7.264221 -341.9166 -7.718475 -7.439209 -341.9166 -9.147248 -10.50323 -341.9166 -9.441864 -10.42426 -341.9166 -9.718354 -10.29535 -341.9166 -9.968232 6.879639 -341.9166 -10.18393 7.095337 -341.9166 -10.35892 7.345215 -341.9166 -10.48782 7.621643 -341.9166 -7.093353 8.220215 -341.9166 -7.119904 7.916321 -341.9166 -7.198883 7.621643 -341.9166 -7.327789 7.345215 -341.9166 -10.56674 7.916321 -341.9166 -10.59335 8.220215 -341.9166 -10.56674 8.524109 -341.9166 -10.48782 8.818726 -341.9166 -10.35892 9.095215 -341.9166 -10.18393 9.345093 -341.9166 -7.119904 8.524109 -341.9166 -7.502777 7.095337 -341.9166 -7.718475 6.879639 -341.9166 -7.968353 6.704651 -341.9166 -8.843354 6.470215 -341.9166 -9.147248 6.496765 -341.9166 -9.441864 6.575745 -341.9166 -9.718354 6.704651 -341.9166 -7.502777 9.345093 -341.9166 -7.327789 9.095215 -341.9166 -7.198883 8.818726 -341.9166 -8.244782 6.575745 -341.9166 -8.53946 6.496765 -341.9166 -9.147248 9.943604 -341.9166 -8.843354 9.970215 -341.9166 -8.53946 9.943604 -341.9166 -8.244782 9.864686 -341.9166 -7.968353 9.735779 -341.9166 -7.718475 9.560791 -341.9166 -9.968232 9.560791 -341.9166 -9.718354 9.735779 -341.9166 -9.441864 9.864686 -341.9166 25.65665 6.720215 -362.9166 25.65665 6.720215 -367.9166 25.65665 3.220215 -356.8544 25.65665 4.219727 -357.5543 25.65665 5.08252 -358.4171 25.65665 -6.34198 -359.4166 25.65665 -5.64209 -358.4171 25.65665 -4.779297 -357.5543 25.65665 -3.779785 -356.8544 25.65665 5.78241 -359.4166 25.65665 6.298035 -360.5225 25.65665 6.613831 -361.7011 25.65665 2.114319 -356.3388 25.65665 0.9357299 -356.023 25.65665 -7.279785 -367.9166 25.65665 -7.279785 -362.9166 25.65665 -7.173462 -361.7011 25.65665 -6.857666 -360.5225 25.65665 -2.67395 -356.3388 25.65665 -1.495361 -356.023 25.65665 -0.2797852 -355.9166 23.65665 6.720215 -367.9166 -26.34335 -7.279785 -362.9166 -26.34335 6.720215 -367.9166 -26.34335 6.720215 -362.9166 -26.34335 6.613831 -361.7011 -26.34335 6.298035 -360.5225 -26.34335 5.78241 -359.4166 -26.34335 5.08252 -358.4171 -26.34335 -2.67395 -356.3388 -26.34335 -3.779785 -356.8544 -26.34335 -4.779297 -357.5543 -26.34335 -5.64209 -358.4171 -26.34335 4.219727 -357.5543 -26.34335 3.220215 -356.8544 -26.34335 2.114319 -356.3388 -26.34335 0.9357299 -356.023 -26.34335 -0.2797852 -355.9166 -26.34335 -1.495361 -356.023 -26.34335 -6.34198 -359.4166 -26.34335 -6.857666 -360.5225 -26.34335 -7.173462 -361.7011 -24.34335 6.720215 -367.9166 -24.34335 6.720215 -362.9166 -24.34335 5.08252 -358.4171 -24.34335 5.78241 -359.4166 -24.34335 6.298035 -360.5225 -24.34335 6.613831 -361.7011 -24.34335 -7.279785 -362.9166 -24.34335 -7.173462 -361.7011 -24.34335 2.114319 -356.3388 -24.34335 3.220215 -356.8544 -24.34335 4.219727 -357.5543 -24.34335 -6.857666 -360.5225 -24.34335 -6.34198 -359.4166 -24.34335 -5.64209 -358.4171 -24.34335 -4.779297 -357.5543 -24.34335 -3.779785 -356.8544 -24.34335 -2.67395 -356.3388 -24.34335 -1.495361 -356.023 -24.34335 -0.2797852 -355.9166 -24.34335 0.9357299 -356.023 23.65665 -7.279785 -367.9166 23.65665 -7.279785 -362.9166 23.65665 6.720215 -362.9166 23.65665 6.613831 -361.7011 23.65665 6.298035 -360.5225 23.65665 5.78241 -359.4166 23.65665 5.08252 -358.4171 23.65665 4.219727 -357.5543 23.65665 3.220215 -356.8544 23.65665 2.114319 -356.3388 23.65665 0.9357299 -356.023 23.65665 -0.2797852 -355.9166 23.65665 -4.779297 -357.5543 23.65665 -5.64209 -358.4171 23.65665 -6.34198 -359.4166 23.65665 -6.857666 -360.5225 23.65665 -7.173462 -361.7011 23.65665 -1.495361 -356.023 23.65665 -2.67395 -356.3388 23.65665 -3.779785 -356.8544 -21.4772 10.27618 -31.91663 -21.49997 10.53668 -31.91663 -23.99997 12.03668 -31.91663 -21.14908 -9.499146 -31.91663 -20.96414 -9.31427 -31.91663 18.59049 -9.950318 -31.91663 18.70096 -9.713318 -31.91663 19.25003 9.23761 -31.91663 18.85092 -9.499146 -31.91663 -20.96414 11.68573 -31.91663 -22.92831 14.33478 -31.91663 -23.29813 13.96503 -31.91663 -19.0358 11.68573 -31.91663 -18.85092 11.50085 -31.91663 21.00003 15.03668 -31.91663 -18.70096 11.28668 -31.91663 -18.59042 11.04968 -31.91663 -18.49997 10.53668 -31.91663 -19.48697 -9.053833 -31.91663 -19.24997 -9.164307 -31.91663 18.59049 10.02362 -31.91663 18.5228 10.27618 -31.91663 -19.0358 -9.31427 -31.91663 21.14908 11.50085 -31.91663 23.29813 13.96503 -31.91663 20.9642 11.68573 -31.91663 22.92838 14.33478 -31.91663 20.75003 11.83569 -31.91663 20.9642 -11.61243 -31.91663 20.75003 -11.76239 -31.91663 22.50003 -14.5614 -31.91663 -21.49997 -10.46332 -31.91663 -21.4772 -10.20288 -31.91663 -23.99997 -11.96332 -31.91663 -21.40952 -9.950318 -31.91663 -21.29904 -9.713318 -31.91663 -21.14908 11.50085 -31.91663 -22.49997 14.6347 -31.91663 -20.74997 11.83569 -31.91663 -22.02603 14.85571 -31.91663 -20.51303 11.94617 -31.91663 -21.52091 14.99109 -31.91663 19.03586 -9.31427 -31.91663 19.25003 -9.164307 -31.91663 19.48697 -9.053833 -31.91663 21.29904 11.28668 -31.91663 21.40958 11.04968 -31.91663 24.00003 12.03668 -31.91663 21.4772 10.79712 -31.91663 21.50003 10.53668 -31.91663 20.75003 -9.164307 -31.91663 20.9642 -9.31427 -31.91663 21.00003 -14.96332 -31.91663 -18.70096 -11.21332 -31.91663 -18.85092 -11.42755 -31.91663 -21.29904 -11.21332 -31.91663 -21.40952 -10.97638 -31.91663 -21.4772 -10.72382 -31.91663 -21.4772 10.79712 -31.91663 -21.40952 11.04968 -31.91663 -23.95438 12.55762 -31.91663 -21.29904 11.28668 -31.91663 -23.81906 13.06268 -31.91663 -23.59805 13.53668 -31.91663 -20.99997 15.03668 -31.91663 -20.26047 12.01385 -31.91663 -19.99997 12.03668 -31.91663 -19.73953 12.01385 -31.91663 -19.48697 11.94617 -31.91663 -19.24997 11.83569 -31.91663 -18.59042 -9.950318 -31.91663 19.03586 9.387574 -31.91663 22.50003 14.6347 -31.91663 22.02609 14.85571 -31.91663 20.51303 11.94617 -31.91663 21.52097 14.99109 -31.91663 20.26047 12.01385 -31.91663 20.00003 12.03668 -31.91663 21.4772 -10.20288 -31.91663 21.50003 -10.46332 -31.91663 24.00003 -11.96332 -31.91663 22.02609 -14.78241 -31.91663 20.51303 -11.87286 -31.91663 21.52097 -14.91779 -31.91663 -19.0358 -11.61243 -31.91663 -19.24997 -11.76239 -31.91663 -20.99997 -14.96332 -31.91663 -19.48697 -11.87286 -31.91663 -19.73953 -11.94055 -31.91663 -21.14908 -11.42755 -31.91663 -23.29813 -13.89172 -31.91663 -20.96414 -11.61243 -31.91663 -22.92831 -14.26147 -31.91663 -20.74997 -11.76239 -31.91663 -23.95438 -12.48431 -31.91663 -23.81906 -12.98938 -31.91663 -23.59805 -13.46332 -31.91663 -20.74997 -9.164307 -31.91663 -20.51303 -9.053833 -31.91663 -18.59042 10.02362 -31.91663 -20.26047 -8.986145 -31.91663 -18.5228 10.27618 -31.91663 -19.99997 -8.963318 -31.91663 -19.73953 -8.986145 -31.91663 -18.70096 9.786683 -31.91663 -18.85092 9.572449 -31.91663 -20.26047 9.059449 -31.91663 -20.51303 9.127137 -31.91663 -20.74997 9.23761 -31.91663 -20.96414 9.387574 -31.91663 -18.5228 10.79712 -31.91663 -18.5228 -10.20288 -31.91663 20.00003 -11.96332 -31.91663 19.73953 -11.94055 -31.91663 18.50003 10.53668 -31.91663 18.5228 10.79712 -31.91663 18.59049 11.04968 -31.91663 19.25003 11.83569 -31.91663 19.48697 11.94617 -31.91663 19.73953 12.01385 -31.91663 23.95444 12.55762 -31.91663 23.81912 13.06268 -31.91663 23.59811 13.53668 -31.91663 21.14908 -9.499146 -31.91663 21.29904 -9.713318 -31.91663 21.40958 -9.950318 -31.91663 21.4772 -10.72382 -31.91663 21.40958 -10.97638 -31.91663 23.95444 -12.48431 -31.91663 21.29904 -11.21332 -31.91663 23.81912 -12.98938 -31.91663 21.14908 -11.42755 -31.91663 -19.99997 -11.96332 -31.91663 -20.26047 -11.94055 -31.91663 -21.52091 -14.91779 -31.91663 -20.51303 -11.87286 -31.91663 -22.02603 -14.78241 -31.91663 -22.49997 -14.5614 -31.91663 19.25003 -11.76239 -31.91663 19.03586 -11.61243 -31.91663 18.85092 -11.42755 -31.91663 18.70096 -11.21332 -31.91663 18.59049 -10.97638 -31.91663 18.5228 -10.72382 -31.91663 18.50003 -10.46332 -31.91663 18.5228 -10.20288 -31.91663 18.70096 11.28668 -31.91663 18.85092 11.50085 -31.91663 19.03586 11.68573 -31.91663 22.92838 -14.26147 -31.91663 23.29813 -13.89172 -31.91663 23.59811 -13.46332 -31.91663 20.26047 -11.94055 -31.91663 -21.14908 9.572449 -31.91663 -21.29904 9.786683 -31.91663 -21.40952 10.02362 -31.91663 -18.85092 -9.499146 -31.91663 -18.70096 -9.713318 -31.91663 18.70096 9.786683 -31.91663 18.85092 9.572449 -31.91663 19.48697 -11.87286 -31.91663 -18.49997 -10.46332 -31.91663 -18.5228 -10.72382 -31.91663 -18.59042 -10.97638 -31.91663 -19.0358 9.387574 -31.91663 -19.24997 9.23761 -31.91663 -19.48697 9.127137 -31.91663 21.4772 10.27618 -31.91663 21.40958 10.02362 -31.91663 21.29904 9.786683 -31.91663 21.14908 9.572449 -31.91663 20.9642 9.387574 -31.91663 20.75003 9.23761 -31.91663 20.51303 -9.053833 -31.91663 20.51303 9.127137 -31.91663 20.26047 -8.986145 -31.91663 20.26047 9.059449 -31.91663 20.00003 -8.963318 -31.91663 20.00003 9.036683 -31.91663 19.73953 -8.986145 -31.91663 19.73953 9.059449 -31.91663 19.48697 9.127137 -31.91663 -19.73953 9.059449 -31.91663 -19.99997 9.036683 -31.91663 24.00003 12.03668 -37.91662 23.95444 12.55762 -37.91662 23.81912 13.06268 -37.91662 23.59811 13.53668 -37.91662 23.29813 13.96503 -37.91662 22.92838 14.33478 -37.91662 22.50003 14.6347 -37.91662 22.02609 14.85571 -37.91662 21.52097 14.99109 -37.91662 21.00003 15.03668 -37.91662 24.00003 -11.96332 -37.91662 21.00003 -14.96332 -37.91662 21.52097 -14.91779 -37.91662 22.02609 -14.78241 -37.91662 22.50003 -14.5614 -37.91662 22.92838 -14.26147 -37.91662 23.29813 -13.89172 -37.91662 23.59811 -13.46332 -37.91662 23.81912 -12.98938 -37.91662 23.95444 -12.48431 -37.91662 -23.99997 -11.96332 -37.91662 -23.95438 -12.48431 -37.91662 -23.81906 -12.98938 -37.91662 -23.59805 -13.46332 -37.91662 -23.29813 -13.89172 -37.91662 -22.92831 -14.26147 -37.91662 -22.49997 -14.5614 -37.91662 -22.02603 -14.78241 -37.91662 -21.52091 -14.91779 -37.91662 -20.99997 -14.96332 -37.91662 -23.99997 12.03668 -37.91662 -20.99997 15.03668 -37.91662 -21.52091 14.99109 -37.91662 -22.02603 14.85571 -37.91662 -22.49997 14.6347 -37.91662 -22.92831 14.33478 -37.91662 -23.29813 13.96503 -37.91662 -23.59805 13.53668 -37.91662 -23.81906 13.06268 -37.91662 -23.95438 12.55762 -37.91662 20.00003 -11.96332 -36.91662 19.73953 -11.94055 -36.91662 19.48697 -11.87286 -36.91662 19.25003 -11.76239 -36.91662 19.03586 -11.61243 -36.91662 18.85092 -11.42755 -36.91662 18.70096 -11.21332 -36.91662 18.59049 -10.97638 -36.91662 18.5228 -10.72382 -36.91662 18.50003 -10.46332 -36.91662 18.5228 -10.20288 -36.91662 18.59049 -9.950318 -36.91662 18.70096 -9.713318 -36.91662 18.85092 -9.499146 -36.91662 19.03586 -9.31427 -36.91662 19.25003 -9.164307 -36.91662 19.48697 -9.053833 -36.91662 19.73953 -8.986145 -36.91662 20.00003 -8.963318 -36.91662 20.26047 -8.986145 -36.91662 20.51303 -9.053833 -36.91662 20.75003 -9.164307 -36.91662 20.9642 -9.31427 -36.91662 21.14908 -9.499146 -36.91662 21.29904 -9.713318 -36.91662 21.40958 -9.950318 -36.91662 21.4772 -10.20288 -36.91662 21.50003 -10.46332 -36.91662 21.4772 -10.72382 -36.91662 21.40958 -10.97638 -36.91662 21.29904 -11.21332 -36.91662 21.14908 -11.42755 -36.91662 20.9642 -11.61243 -36.91662 20.75003 -11.76239 -36.91662 20.51303 -11.87286 -36.91662 20.26047 -11.94055 -36.91662 -19.99997 -11.96332 -36.91662 -20.26047 -11.94055 -36.91662 -20.51303 -11.87286 -36.91662 -20.74997 -11.76239 -36.91662 -20.96414 -11.61243 -36.91662 -21.14908 -11.42755 -36.91662 -21.29904 -11.21332 -36.91662 -21.40952 -10.97638 -36.91662 -21.4772 -10.72382 -36.91662 -21.49997 -10.46332 -36.91662 -21.4772 -10.20288 -36.91662 -21.40952 -9.950318 -36.91662 -21.29904 -9.713318 -36.91662 -21.14908 -9.499146 -36.91662 -20.96414 -9.31427 -36.91662 -20.74997 -9.164307 -36.91662 -20.51303 -9.053833 -36.91662 -20.26047 -8.986145 -36.91662 -19.99997 -8.963318 -36.91662 -19.73953 -8.986145 -36.91662 -19.48697 -9.053833 -36.91662 -19.24997 -9.164307 -36.91662 -19.0358 -9.31427 -36.91662 -18.85092 -9.499146 -36.91662 -18.70096 -9.713318 -36.91662 -18.59042 -9.950318 -36.91662 -18.5228 -10.20288 -36.91662 -18.49997 -10.46332 -36.91662 -18.5228 -10.72382 -36.91662 -18.59042 -10.97638 -36.91662 -18.70096 -11.21332 -36.91662 -18.85092 -11.42755 -36.91662 -19.0358 -11.61243 -36.91662 -19.24997 -11.76239 -36.91662 -19.48697 -11.87286 -36.91662 -19.73953 -11.94055 -36.91662 20.00003 9.036683 -36.91662 19.73953 9.059449 -36.91662 19.48697 9.127137 -36.91662 19.25003 9.23761 -36.91662 19.03586 9.387574 -36.91662 18.85092 9.572449 -36.91662 18.70096 9.786683 -36.91662 18.59049 10.02362 -36.91662 18.5228 10.27618 -36.91662 18.50003 10.53668 -36.91662 18.5228 10.79712 -36.91662 18.59049 11.04968 -36.91662 18.70096 11.28668 -36.91662 18.85092 11.50085 -36.91662 19.03586 11.68573 -36.91662 19.25003 11.83569 -36.91662 19.48697 11.94617 -36.91662 19.73953 12.01385 -36.91662 20.00003 12.03668 -36.91662 20.26047 12.01385 -36.91662 20.51303 11.94617 -36.91662 20.75003 11.83569 -36.91662 20.9642 11.68573 -36.91662 21.14908 11.50085 -36.91662 21.29904 11.28668 -36.91662 21.40958 11.04968 -36.91662 21.4772 10.79712 -36.91662 21.50003 10.53668 -36.91662 21.4772 10.27618 -36.91662 21.40958 10.02362 -36.91662 21.29904 9.786683 -36.91662 21.14908 9.572449 -36.91662 20.9642 9.387574 -36.91662 20.75003 9.23761 -36.91662 20.51303 9.127137 -36.91662 20.26047 9.059449 -36.91662 -19.99997 9.036683 -36.91662 -20.26047 9.059449 -36.91662 -20.51303 9.127137 -36.91662 -20.74997 9.23761 -36.91662 -20.96414 9.387574 -36.91662 -21.14908 9.572449 -36.91662 -21.29904 9.786683 -36.91662 -21.40952 10.02362 -36.91662 -21.4772 10.27618 -36.91662 -21.49997 10.53668 -36.91662 -21.4772 10.79712 -36.91662 -21.40952 11.04968 -36.91662 -21.29904 11.28668 -36.91662 -21.14908 11.50085 -36.91662 -20.96414 11.68573 -36.91662 -20.74997 11.83569 -36.91662 -20.51303 11.94617 -36.91662 -20.26047 12.01385 -36.91662 -19.99997 12.03668 -36.91662 -19.73953 12.01385 -36.91662 -19.48697 11.94617 -36.91662 -19.24997 11.83569 -36.91662 -19.0358 11.68573 -36.91662 -18.85092 11.50085 -36.91662 -18.70096 11.28668 -36.91662 -18.59042 11.04968 -36.91662 -18.5228 10.79712 -36.91662 -18.49997 10.53668 -36.91662 -18.5228 10.27618 -36.91662 -18.59042 10.02362 -36.91662 -18.70096 9.786683 -36.91662 -18.85092 9.572449 -36.91662 -19.0358 9.387574 -36.91662 -19.24997 9.23761 -36.91662 -19.48697 9.127137 -36.91662 -19.73953 9.059449 -36.91662 17.40195 12.03668 -36.91662 17.70187 12.46503 -36.91662 18.07163 12.83478 -36.91662 18.50003 13.1347 -36.91662 18.97397 13.35571 -36.91662 19.4791 13.49109 -36.91662 20.00003 13.53668 -36.91662 20.52097 13.49109 -36.91662 21.02609 13.35571 -36.91662 21.50003 13.1347 -36.91662 21.92838 12.83478 -36.91662 22.29813 12.46503 -36.91662 22.59811 12.03668 -36.91662 22.81912 11.56268 -36.91662 22.95444 11.05762 -36.91662 23.00003 10.53668 -36.91662 22.95444 10.01569 -36.91662 22.81912 9.510621 -36.91662 22.59811 9.036683 -36.91662 22.29813 8.608277 -36.91662 21.92838 8.238526 -36.91662 21.50003 7.938599 -36.91662 21.02609 7.71759 -36.91662 20.52097 7.582214 -36.91662 20.00003 7.536682 -36.91662 19.4791 7.582214 -36.91662 18.97397 7.71759 -36.91662 18.50003 7.938599 -36.91662 18.07163 8.238526 -36.91662 17.70187 8.608277 -36.91662 17.40195 9.036683 -36.91662 17.18094 9.510621 -36.91662 17.04562 10.01569 -36.91662 17.00003 10.53668 -36.91662 17.04562 11.05762 -36.91662 17.18094 11.56268 -36.91662 -19.47904 -7.508911 -36.91662 -18.97391 -7.644287 -36.91662 -18.49997 -7.865295 -36.91662 -18.07163 -8.165223 -36.91662 -17.70187 -8.534974 -36.91662 -17.40189 -8.963318 -36.91662 -17.18088 -9.437317 -36.91662 -17.04556 -9.942383 -36.91662 -16.99997 -10.46332 -36.91662 -17.04556 -10.98431 -36.91662 -17.18088 -11.48938 -36.91662 -17.40189 -11.96332 -36.91662 -17.70187 -12.39172 -36.91662 -18.07163 -12.76147 -36.91662 -18.49997 -13.0614 -36.91662 -18.97391 -13.28241 -36.91662 -19.47904 -13.41779 -36.91662 -19.99997 -13.46332 -36.91662 -20.52091 -13.41779 -36.91662 -21.02603 -13.28241 -36.91662 -21.49997 -13.0614 -36.91662 -21.92838 -12.76147 -36.91662 -22.29813 -12.39172 -36.91662 -22.59805 -11.96332 -36.91662 -22.81906 -11.48938 -36.91662 -22.95438 -10.98431 -36.91662 -22.99997 -10.46332 -36.91662 -22.95438 -9.942383 -36.91662 -22.81906 -9.437317 -36.91662 -22.59805 -8.963318 -36.91662 -22.29813 -8.534974 -36.91662 -21.92838 -8.165223 -36.91662 -21.49997 -7.865295 -36.91662 -21.02603 -7.644287 -36.91662 -20.52091 -7.508911 -36.91662 -19.99997 -7.463318 -36.91662 22.95444 -9.942383 -36.91662 23.00003 -10.46332 -36.91662 22.95444 -10.98431 -36.91662 22.81912 -11.48938 -36.91662 22.59811 -11.96332 -36.91662 22.29813 -12.39172 -36.91662 21.92838 -12.76147 -36.91662 21.50003 -13.0614 -36.91662 21.02609 -13.28241 -36.91662 20.52097 -13.41779 -36.91662 20.00003 -13.46332 -36.91662 19.4791 -13.41779 -36.91662 18.97397 -13.28241 -36.91662 18.50003 -13.0614 -36.91662 18.07163 -12.76147 -36.91662 17.70187 -12.39172 -36.91662 17.40195 -11.96332 -36.91662 17.18094 -11.48938 -36.91662 17.04562 -10.98431 -36.91662 17.00003 -10.46332 -36.91662 17.04562 -9.942383 -36.91662 17.18094 -9.437317 -36.91662 17.40195 -8.963318 -36.91662 17.70187 -8.534974 -36.91662 18.07163 -8.165223 -36.91662 18.50003 -7.865295 -36.91662 18.97397 -7.644287 -36.91662 19.4791 -7.508911 -36.91662 20.00003 -7.463318 -36.91662 20.52097 -7.508911 -36.91662 21.02609 -7.644287 -36.91662 21.50003 -7.865295 -36.91662 21.92838 -8.165223 -36.91662 22.29813 -8.534974 -36.91662 22.59811 -8.963318 -36.91662 22.81912 -9.437317 -36.91662 -2.999969 11.50665 -36.91662 -3.999969 10.50665 -36.91662 -12.85001 12.88666 -36.91662 -3.999969 4.036682 -36.91662 12.85001 -12.81335 -36.91662 4.00003 -10.43335 -36.91662 4.00003 -3.963318 -36.91662 -10.47 4.036682 -36.91662 -11.47 3.036682 -36.91662 -12.85001 -12.81335 -36.91662 -11.47 -2.963318 -36.91662 -10.47 -3.963318 -36.91662 -3.999969 -3.963318 -36.91662 -3.999969 -10.43335 -36.91662 -2.999969 -11.43335 -36.91662 3.00003 -11.43335 -36.91662 10.47 -3.963318 -36.91662 11.47 -2.963318 -36.91662 12.85001 12.88666 -36.91662 11.47 3.036682 -36.91662 10.47 4.036682 -36.91662 3.00003 11.50665 -36.91662 4.00003 10.50665 -36.91662 4.00003 4.036682 -36.91662 -21.02603 13.35571 -36.91662 -20.52091 13.49109 -36.91662 -19.99997 13.53668 -36.91662 -19.47904 13.49109 -36.91662 -18.97391 13.35571 -36.91662 -18.49997 13.1347 -36.91662 -18.07163 12.83478 -36.91662 -17.70187 12.46503 -36.91662 -17.40189 12.03668 -36.91662 -17.18088 11.56268 -36.91662 -17.04556 11.05762 -36.91662 -16.99997 10.53668 -36.91662 -17.04556 10.01569 -36.91662 -17.18088 9.510621 -36.91662 -17.40189 9.036683 -36.91662 -17.70187 8.608277 -36.91662 -18.07163 8.238526 -36.91662 -18.49997 7.938599 -36.91662 -18.97391 7.71759 -36.91662 -19.47904 7.582214 -36.91662 -19.99997 7.536682 -36.91662 -20.52091 7.582214 -36.91662 -21.02603 7.71759 -36.91662 -21.49997 7.938599 -36.91662 -21.92838 8.238526 -36.91662 -22.29813 8.608277 -36.91662 -22.59805 9.036683 -36.91662 -22.81906 9.510621 -36.91662 -22.95438 10.01569 -36.91662 -22.99997 10.53668 -36.91662 -22.95438 11.05762 -36.91662 -22.81906 11.56268 -36.91662 -22.59805 12.03668 -36.91662 -22.29813 12.46503 -36.91662 -21.92838 12.83478 -36.91662 -21.49997 13.1347 -36.91662 -21.49997 -7.865295 -37.91662 -21.92838 -8.165223 -37.91662 -21.92838 8.238526 -37.91662 -22.99997 10.53668 -37.91662 -22.95438 11.05762 -37.91662 -22.81906 11.56268 -37.91662 -22.29813 8.608277 -37.91662 -22.59805 -8.963318 -37.91662 -22.29813 -8.534974 -37.91662 -21.92838 -12.76147 -37.91662 -22.29813 -12.39172 -37.91662 -20.22781 14.92767 -37.91662 -20.41702 14.84564 -37.91662 -22.29813 12.46503 -37.91662 -22.59805 12.03668 -37.91662 -22.59805 -11.96332 -37.91662 -22.81906 -11.48938 -37.91662 -22.95438 -10.98431 -37.91662 -20.98258 14.19312 -37.91662 -20.99564 14.11511 -37.91662 -22.95438 10.01569 -37.91662 -22.81906 9.510621 -37.91662 -22.59805 9.036683 -37.91662 -22.81906 -9.437317 -37.91662 -22.95438 -9.942383 -37.91662 -22.99997 -10.46332 -37.91662 -20.58579 -14.67047 -37.91662 -20.41702 -14.77234 -37.91662 -20.22781 -14.85437 -37.91662 -21.49997 13.1347 -37.91662 -20.99997 14.03668 -37.91662 -21.02603 13.35571 -37.91662 -20.99997 13.36505 -37.91662 -20.99997 -13.96332 -37.91662 -20.99564 -14.04181 -37.91662 -19.58579 15.03668 -37.91662 -19.80698 15.02435 -37.91662 -20.0228 14.98773 -37.91662 -21.02603 7.71759 -37.91662 -20.99997 7.708252 -37.91662 -20.99997 -7.634949 -37.91662 -20.0228 -14.91443 -37.91662 -19.80698 -14.95105 -37.91662 -19.58579 -14.96332 -37.91662 -21.92838 12.83478 -37.91662 -21.49997 7.938599 -37.91662 -21.02603 -7.644287 -37.91662 -20.99997 -13.29175 -37.91662 -21.02603 -13.28241 -37.91662 -21.49997 -13.0614 -37.91662 -20.98258 -14.11981 -37.91662 -20.96091 -14.19678 -37.91662 -20.93076 14.34564 -37.91662 -20.96091 14.27008 -37.91662 -20.93076 -14.27234 -37.91662 -20.8923 -14.34601 -37.91662 -20.84586 14.49066 -37.91662 -20.8923 14.41931 -37.91662 -20.58579 14.74377 -37.91662 -20.72989 14.62445 -37.91662 -20.7916 14.55914 -37.91662 -20.84586 -14.41736 -37.91662 -20.7916 -14.48584 -37.91662 -20.72989 -14.55115 -37.91662 -17.54251 8.815918 -41.37402 -17.28104 9.268799 -41.6355 -17.40189 9.036683 -41.51465 -17.1022 9.760193 -41.81433 -17.18088 9.510621 -41.73559 -17.01138 10.27521 -41.90515 -17.04556 10.01569 -41.87097 -17.01138 10.7981 -41.90515 -16.99997 10.53668 -41.91662 -17.1022 11.31311 -41.81433 -17.04556 11.05762 -41.87097 -17.28104 11.8045 -41.6355 -17.18088 11.56268 -41.73559 -17.70187 12.46503 -41.21472 -17.54251 12.25739 -41.37402 -17.40189 12.03668 -41.51465 -18.07163 12.83478 -40.84497 -18.49997 13.1347 -40.41662 -18.97391 13.35571 -39.94263 -19.47904 13.49109 -39.4375 -19.99997 13.53668 -38.91662 -20.52091 13.49109 -38.39563 -17.70187 8.608277 -41.21472 -18.07163 8.238526 -40.84497 -18.49997 7.938599 -40.41662 -18.97391 7.71759 -39.94263 -19.47904 7.582214 -39.4375 -19.99997 7.536682 -38.91662 -20.52091 7.582214 -38.39563 12.85001 12.88666 -67.91663 12.85001 -12.81335 -67.91663 3.06368e-5 12.88666 -52.5166 -1.315582 12.88666 -53.43774 -1.212433 12.88666 -53.21655 0.2431336 12.88666 -52.53784 0.4788514 12.88666 -52.60095 0.7000429 12.88666 -52.7041 0.899933 12.88666 -52.84412 1.072479 12.88666 -53.01672 1.212433 12.88666 -53.21655 1.378754 12.88666 -54.15967 1.315582 12.88666 -54.39538 1.212433 12.88666 -54.61658 1.072479 12.88666 -54.81653 0.899933 12.88666 -54.98901 0.7000429 12.88666 -55.12903 0.4788514 12.88666 -55.23218 -0.2430723 12.88666 -55.29529 -12.85001 12.88666 -67.91663 3.06368e-5 12.88666 -55.31653 0.2431336 12.88666 -55.29529 -1.072418 12.88666 -53.01672 -0.8998717 12.88666 -52.84412 -0.6999816 12.88666 -52.7041 -0.4787902 12.88666 -52.60095 -0.2430723 12.88666 -52.53784 1.315582 12.88666 -53.43774 1.378754 12.88666 -53.67346 1.399994 12.88666 -53.91662 -0.4787902 12.88666 -55.23218 -0.6999816 12.88666 -55.12903 -0.8998717 12.88666 -54.98901 -1.072418 12.88666 -54.81653 -1.212433 12.88666 -54.61658 -1.315582 12.88666 -54.39538 -1.378692 12.88666 -54.15967 -1.399994 12.88666 -53.91662 -1.378692 12.88666 -53.67346 -12.85001 -12.81335 -67.91663 1.315582 -12.81335 -53.43774 1.212433 -12.81335 -53.21655 1.072479 -12.81335 -53.01672 -0.4787902 -12.81335 -52.60095 -0.6999816 -12.81335 -52.7041 0.899933 -12.81335 -52.84412 0.7000429 -12.81335 -52.7041 0.4788514 -12.81335 -52.60095 0.899933 -12.81335 -54.98901 0.7000429 -12.81335 -55.12903 0.4788514 -12.81335 -55.23218 1.072479 -12.81335 -54.81653 1.212433 -12.81335 -54.61658 1.315582 -12.81335 -54.39538 1.378754 -12.81335 -54.15967 1.399994 -12.81335 -53.91662 1.378754 -12.81335 -53.67346 -0.8998717 -12.81335 -52.84412 -1.072418 -12.81335 -53.01672 -1.212433 -12.81335 -53.21655 -0.4787902 -12.81335 -55.23218 -0.2430723 -12.81335 -55.29529 3.06368e-5 -12.81335 -55.31653 0.2431336 -12.81335 -55.29529 0.2431336 -12.81335 -52.53784 3.06368e-5 -12.81335 -52.5166 -0.2430723 -12.81335 -52.53784 -1.315582 -12.81335 -53.43774 -1.378692 -12.81335 -53.67346 -1.399994 -12.81335 -53.91662 -1.378692 -12.81335 -54.15967 -1.315582 -12.81335 -54.39538 -1.212433 -12.81335 -54.61658 -1.072418 -12.81335 -54.81653 -0.8998717 -12.81335 -54.98901 -0.6999816 -12.81335 -55.12903 17.54257 -8.742615 -41.37402 17.2811 -9.195496 -41.6355 17.40195 -8.963318 -41.51465 17.10227 -9.68689 -41.81433 17.18094 -9.437317 -41.73559 17.01144 -10.2019 -41.90515 17.04562 -9.942383 -41.87097 17.01144 -10.72479 -41.90515 17.00003 -10.46332 -41.91662 17.10227 -11.23981 -41.81433 17.04562 -10.98431 -41.87097 17.2811 -11.7312 -41.6355 17.18094 -11.48938 -41.73559 17.70187 -12.39172 -41.21472 17.54257 -12.18408 -41.37402 17.40195 -11.96332 -41.51465 18.07163 -12.76147 -40.84497 18.50003 -13.0614 -40.41662 18.97397 -13.28241 -39.94263 19.4791 -13.41779 -39.4375 20.00003 -13.46332 -38.91662 20.52097 -13.41779 -38.39563 17.70187 -8.534974 -41.21472 18.07163 -8.165223 -40.84497 18.50003 -7.865295 -40.41662 18.97397 -7.644287 -39.94263 19.4791 -7.508911 -39.4375 20.00003 -7.463318 -38.91662 20.52097 -7.508911 -38.39563 21.00003 -7.634949 -37.91662 21.02609 -7.644287 -37.91662 21.50003 -7.865295 -37.91662 21.92838 -8.165223 -37.91662 22.29813 -8.534974 -37.91662 22.59811 -8.963318 -37.91662 22.81912 -9.437317 -37.91662 22.95444 -9.942383 -37.91662 23.00003 -10.46332 -37.91662 22.95444 -10.98431 -37.91662 22.81912 -11.48938 -37.91662 22.59811 -11.96332 -37.91662 22.29813 -12.39172 -37.91662 21.92838 -12.76147 -37.91662 21.50003 -13.0614 -37.91662 21.02609 -13.28241 -37.91662 21.00003 -13.29175 -37.91662 -18.07163 -12.76147 -40.84497 -18.49997 -13.0614 -40.41662 -18.97391 -13.28241 -39.94263 -19.47904 -13.41779 -39.4375 -19.99997 -13.46332 -38.91662 -20.52091 -13.41779 -38.39563 -17.54251 -12.18408 -41.37402 -17.70187 -12.39172 -41.21472 -17.28104 -11.7312 -41.6355 -17.40189 -11.96332 -41.51465 -17.1022 -11.23981 -41.81433 -17.18088 -11.48938 -41.73559 -17.01138 -10.72479 -41.90515 -17.04556 -10.98431 -41.87097 -17.01138 -10.2019 -41.90515 -16.99997 -10.46332 -41.91662 -17.1022 -9.68689 -41.81433 -17.04556 -9.942383 -41.87097 -17.28104 -9.195496 -41.6355 -17.18088 -9.437317 -41.73559 -17.70187 -8.534974 -41.21472 -17.54251 -8.742615 -41.37402 -17.40189 -8.963318 -41.51465 -20.52091 -7.508911 -38.39563 -19.99997 -7.463318 -38.91662 -19.47904 -7.508911 -39.4375 -18.97391 -7.644287 -39.94263 -18.49997 -7.865295 -40.41662 -18.07163 -8.165223 -40.84497 18.07163 12.83478 -40.84497 18.50003 13.1347 -40.41662 18.97397 13.35571 -39.94263 19.4791 13.49109 -39.4375 20.00003 13.53668 -38.91662 20.52097 13.49109 -38.39563 21.00003 13.36505 -37.91662 21.02609 13.35571 -37.91662 21.50003 13.1347 -37.91662 21.92838 12.83478 -37.91662 22.29813 12.46503 -37.91662 22.59811 12.03668 -37.91662 22.81912 11.56268 -37.91662 22.95444 11.05762 -37.91662 23.00003 10.53668 -37.91662 22.95444 10.01569 -37.91662 22.81912 9.510621 -37.91662 22.59811 9.036683 -37.91662 22.29813 8.608277 -37.91662 21.92838 8.238526 -37.91662 21.50003 7.938599 -37.91662 21.02609 7.71759 -37.91662 21.00003 7.708252 -37.91662 17.54257 12.25739 -41.37402 17.70187 12.46503 -41.21472 17.2811 11.8045 -41.6355 17.40195 12.03668 -41.51465 17.10227 11.31311 -41.81433 17.18094 11.56268 -41.73559 17.01144 10.7981 -41.90515 17.04562 11.05762 -41.87097 17.01144 10.27521 -41.90515 17.00003 10.53668 -41.91662 17.10227 9.760193 -41.81433 17.04562 10.01569 -41.87097 17.2811 9.268799 -41.6355 17.18094 9.510621 -41.73559 17.70187 8.608277 -41.21472 17.54257 8.815918 -41.37402 17.40195 9.036683 -41.51465 20.52097 7.582214 -38.39563 20.00003 7.536682 -38.91662 19.4791 7.582214 -39.4375 18.97397 7.71759 -39.94263 18.50003 7.938599 -40.41662 18.07163 8.238526 -40.84497 20.22781 -14.85437 -37.91662 20.41708 -14.77234 -37.91662 20.58579 14.74377 -37.91662 20.41708 14.84564 -37.91662 20.22781 14.92767 -37.91662 20.98264 -14.11981 -37.91662 20.99564 -14.04181 -37.91662 21.00003 14.03668 -37.91662 20.99564 14.11511 -37.91662 21.00003 -13.96332 -37.91662 20.0228 14.98773 -37.91662 19.80704 15.02435 -37.91662 19.58579 15.03668 -37.91662 19.58579 -14.96332 -37.91662 19.80704 -14.95105 -37.91662 20.0228 -14.91443 -37.91662 20.98264 14.19312 -37.91662 20.96097 14.27008 -37.91662 20.93082 -14.27234 -37.91662 20.96097 -14.19678 -37.91662 20.93082 14.34564 -37.91662 20.89237 14.41931 -37.91662 20.84586 -14.41736 -37.91662 20.89237 -14.34601 -37.91662 20.84586 14.49066 -37.91662 20.7916 14.55914 -37.91662 20.72995 14.62445 -37.91662 20.58579 -14.67047 -37.91662 20.72995 -14.55115 -37.91662 20.7916 -14.48584 -37.91662 -3.999969 -10.43335 -45.83386 -3.999969 -3.963318 -50.91662 -3.999969 -9.586243 -50.91662 -10.47 -3.963318 -45.83386 -9.622834 -3.963318 -50.91662 3.00003 11.50665 -45.91662 -2.999969 11.50665 -45.91662 4.00003 10.50665 -45.83386 4.00003 4.036682 -50.91662 4.00003 9.659546 -50.91662 3.00003 10.67108 -50.93017 -2.999969 10.67108 -50.93017 10.47 4.036682 -45.83386 9.622895 4.036682 -50.91662 11.47 3.036682 -45.91662 11.47 -2.963318 -45.91662 10.47 3.036682 -51.91662 10.47 -2.963318 -51.91662 3.00003 -9.43335 -51.91662 -2.999969 -9.43335 -51.91662 3.00003 -2.963318 -51.91662 -2.999969 -2.963318 -51.91662 -2.999969 9.506653 -51.91662 3.00003 9.506653 -51.91662 -2.999969 3.036682 -51.91662 3.00003 3.036682 -51.91662 -10.47 3.036682 -51.91662 -10.47 -2.963318 -51.91662 -11.47 3.036682 -45.91662 -11.47 -2.963318 -45.91662 -10.47 4.036682 -45.83386 -3.999969 4.036682 -50.91662 -9.622834 4.036682 -50.91662 -3.999969 10.50665 -45.83386 -3.999969 9.659546 -50.91662 10.47 -3.963318 -45.83386 4.00003 -3.963318 -50.91662 9.622895 -3.963318 -50.91662 4.00003 -10.43335 -45.83386 4.00003 -9.586243 -50.91662 3.00003 -11.43335 -45.91662 -2.999969 -11.43335 -45.91662 3.00003 -10.59772 -50.93017 -2.999969 -10.59772 -50.93017 15.00003 -14.96332 -42.50232 -0.8998717 -14.96332 -54.98901 -1.072418 -14.96332 -54.81653 -1.378692 -14.96332 -54.15967 -1.399994 -14.96332 -53.91662 -1.378692 -14.96332 -53.67346 -1.315582 -14.96332 -53.43774 -0.6999816 -14.96332 -52.7041 -0.4787902 -14.96332 -52.60095 -1.212433 -14.96332 -54.61658 -1.315582 -14.96332 -54.39538 -1.212433 -14.96332 -53.21655 -1.072418 -14.96332 -53.01672 -0.8998717 -14.96332 -52.84412 -0.2430723 -14.96332 -52.53784 3.06368e-5 -14.96332 -52.5166 0.2431336 -14.96332 -52.53784 0.4788514 -14.96332 -52.60095 0.7000429 -14.96332 -52.7041 0.899933 -14.96332 -52.84412 1.072479 -14.96332 -53.01672 1.212433 -14.96332 -53.21655 1.315582 -14.96332 -53.43774 -0.4787902 -14.96332 -55.23218 -0.6999816 -14.96332 -55.12903 -14.99997 -14.96332 -67.91663 -14.99997 -14.96332 -42.50232 1.378754 -14.96332 -54.15967 15.00003 -14.96332 -67.91663 1.399994 -14.96332 -53.91662 1.378754 -14.96332 -53.67346 1.315582 -14.96332 -54.39538 1.212433 -14.96332 -54.61658 1.072479 -14.96332 -54.81653 0.899933 -14.96332 -54.98901 0.7000429 -14.96332 -55.12903 0.4788514 -14.96332 -55.23218 0.2431336 -14.96332 -55.29529 3.06368e-5 -14.96332 -55.31653 -0.2430723 -14.96332 -55.29529 16.00003 -13.96332 -42.91662 15.9877 -14.11981 -42.9115 15.86594 -14.4635 -42.86108 15.89102 -14.41736 -42.87146 15.93967 -14.30548 -42.8916 15.95108 -14.27234 -42.89636 15.98483 -14.13702 -42.91028 15.7659 -14.60632 -42.81958 15.80905 -14.55115 -42.83752 15.64261 -14.72955 -42.76855 15.70712 -14.67047 -42.79529 15.49985 -14.82947 -42.70935 15.5878 -14.77234 -42.74585 15.34195 -14.90308 -42.64404 15.45401 -14.85437 -42.69043 15.15646 -14.95105 -42.56714 15.17361 -14.94818 -42.57422 15.30905 -14.91443 -42.63037 15.17368 -14.94818 -67.91663 15.34201 -14.90301 -67.91663 15.50003 -14.82935 -67.91663 15.64279 -14.72937 -67.91663 15.76608 -14.60614 -67.91663 15.86606 -14.46332 -67.91663 15.93973 -14.30536 -67.91663 15.98483 -14.13702 -67.91663 16.00003 -13.96332 -67.91663 16.00003 14.03668 -42.91662 16.00003 14.03668 -67.91663 -15.76602 -14.60614 -67.91663 -15.866 -14.46332 -67.91663 -15.99997 -13.96332 -67.91663 -15.99997 14.03668 -67.91663 -14.99997 15.03668 -67.91663 15.00003 15.03668 -67.91663 15.17368 15.02148 -67.91663 15.93973 14.37866 -67.91663 15.98483 14.21033 -67.91663 -15.17361 -14.94818 -67.91663 -15.34201 -14.90301 -67.91663 -15.93967 -14.30536 -67.91663 -15.98477 -14.13702 -67.91663 15.34201 14.97632 -67.91663 15.50003 14.90265 -67.91663 15.64279 14.80267 -67.91663 15.76608 14.67944 -67.91663 15.86606 14.53668 -67.91663 15.00003 -14.96338 -67.91663 -15.49997 -14.82935 -67.91663 -15.64279 -14.72937 -67.91663 -15.98477 14.21033 -67.91663 -15.93967 14.37866 -67.91663 -15.866 14.53668 -67.91663 -15.76602 14.67944 -67.91663 -15.64279 14.80267 -67.91663 -15.49997 14.90265 -67.91663 -15.34201 14.97632 -67.91663 -15.17361 15.02148 -67.91663 15.76608 14.67944 -42.8197 15.70694 14.74396 -42.79516 15.00003 15.03668 -42.50232 15.17368 15.02148 -42.57434 15.30893 14.98773 -42.63037 15.45383 14.92773 -42.69031 15.34201 14.97632 -42.64404 15.64279 14.80267 -42.76855 15.58762 14.84582 -42.74573 15.50003 14.90265 -42.70947 15.80905 14.62445 -42.83752 15.86594 14.5368 -42.86108 15.89102 14.49066 -42.87146 15.93967 14.37878 -42.8916 15.95108 14.34564 -42.89636 15.98483 14.21033 -42.91028 15.9877 14.19312 -42.9115 -15.99997 14.03668 -42.91662 -15.99997 -13.96332 -42.91662 -15.76602 -14.60614 -42.8197 -15.70688 -14.67065 -42.79516 -15.17361 -14.94818 -42.57434 -15.30893 -14.91443 -42.63037 -15.45383 -14.85443 -42.69031 -15.34201 -14.90301 -42.64404 -15.64279 -14.72937 -42.76855 -15.58755 -14.77252 -42.74573 -15.49997 -14.82935 -42.70947 -15.80899 -14.55115 -42.83752 -15.86594 -14.4635 -42.86108 -15.89102 -14.41736 -42.87146 -15.93961 -14.30548 -42.8916 -15.95102 -14.27234 -42.89636 -15.98477 -14.13702 -42.91028 -15.9877 -14.11981 -42.9115 -14.99997 15.03668 -42.50232 3.06368e-5 15.03668 -55.31653 0.2431336 15.03668 -55.29529 0.4788514 15.03668 -55.23218 0.7000429 15.03668 -55.12903 0.899933 15.03668 -54.98901 1.072479 15.03668 -54.81653 1.212433 15.03668 -54.61658 1.212433 15.03668 -53.21655 1.315582 15.03668 -53.43774 1.378754 15.03668 -53.67346 1.072479 15.03668 -53.01672 0.899933 15.03668 -52.84412 0.7000429 15.03668 -52.7041 1.315582 15.03668 -54.39538 1.378754 15.03668 -54.15967 1.399994 15.03668 -53.91662 0.4788514 15.03668 -52.60095 0.2431336 15.03668 -52.53784 3.06368e-5 15.03668 -52.5166 -0.2430723 15.03668 -52.53784 -0.4787902 15.03668 -52.60095 -0.6999816 15.03668 -52.7041 -0.8998717 15.03668 -52.84412 -1.072418 15.03668 -53.01672 -1.212433 15.03668 -53.21655 -1.315582 15.03668 -53.43774 -0.2430723 15.03668 -55.29529 -0.4787902 15.03668 -55.23218 -1.378692 15.03668 -54.15967 -1.399994 15.03668 -53.91662 -1.378692 15.03668 -53.67346 -1.315582 15.03668 -54.39538 -1.212433 15.03668 -54.61658 -1.072418 15.03668 -54.81653 -0.8998717 15.03668 -54.98901 -0.6999816 15.03668 -55.12903 -15.9877 14.19312 -42.9115 -15.86594 14.5368 -42.86108 -15.89102 14.49066 -42.87146 -15.93961 14.37878 -42.8916 -15.95102 14.34564 -42.89636 -15.98477 14.21033 -42.91028 -15.7659 14.67963 -42.81958 -15.80899 14.62445 -42.83752 -15.64261 14.80286 -42.76855 -15.70706 14.74377 -42.79529 -15.49985 14.90277 -42.70935 -15.58774 14.84564 -42.74585 -15.34189 14.97638 -42.64404 -15.45395 14.92767 -42.69043 -15.1564 15.02435 -42.56714 -15.17361 15.02148 -42.57422 -15.30899 14.98773 -42.63037 21.13388 9.959717 -341.9166 21.15665 10.22021 -341.9166 23.65665 11.72021 -341.9166 20.8057 -9.815613 -341.9166 20.62082 -9.630738 -341.9166 -18.93381 -10.26678 -341.9166 -19.04428 -10.02978 -341.9166 -19.59335 8.921143 -341.9166 -19.19431 -9.815613 -341.9166 20.62082 11.36926 -341.9166 22.58499 14.01831 -341.9166 22.9548 13.64856 -341.9166 18.69248 11.36926 -341.9166 18.5076 11.18439 -341.9166 -21.34335 14.72021 -341.9166 18.35764 10.97021 -341.9166 18.2471 10.73322 -341.9166 18.15665 10.22021 -341.9166 19.14365 -9.37024 -341.9166 18.90665 -9.480774 -341.9166 -18.93381 9.707154 -341.9166 -18.86612 9.959717 -341.9166 18.69248 -9.630738 -341.9166 -21.4924 11.18439 -341.9166 -23.64145 13.64856 -341.9166 -21.30753 11.36926 -341.9166 -23.2717 14.01831 -341.9166 -21.09335 11.51923 -341.9166 -21.30753 -11.92883 -341.9166 -21.09335 -12.07886 -341.9166 -22.84335 -14.87787 -341.9166 21.15665 -10.77978 -341.9166 21.13388 -10.51935 -341.9166 23.65665 -12.27978 -341.9166 21.06619 -10.26678 -341.9166 20.95572 -10.02978 -341.9166 20.8057 11.18439 -341.9166 22.15665 14.3183 -341.9166 20.40665 11.51923 -341.9166 21.68271 14.53931 -341.9166 20.16971 11.62976 -341.9166 21.17758 14.67462 -341.9166 -19.37918 -9.630738 -341.9166 -19.59335 -9.480774 -341.9166 -19.83029 -9.37024 -341.9166 -21.64237 10.97021 -341.9166 -21.7529 10.73322 -341.9166 -24.34335 11.72021 -341.9166 -21.82059 10.48065 -341.9166 -21.84335 10.22021 -341.9166 -21.09335 -9.480774 -341.9166 -21.30753 -9.630738 -341.9166 -21.34335 -15.27978 -341.9166 18.35764 -11.52978 -341.9166 18.5076 -11.74396 -341.9166 20.95572 -11.52978 -341.9166 21.06619 -11.29285 -341.9166 21.13388 -11.04028 -341.9166 21.13388 10.48065 -341.9166 21.06619 10.73322 -341.9166 23.61105 12.24115 -341.9166 20.95572 10.97021 -341.9166 23.47574 12.74628 -341.9166 23.25473 13.22021 -341.9166 20.65665 14.72021 -341.9166 19.91715 11.69739 -341.9166 19.65665 11.72021 -341.9166 19.39621 11.69739 -341.9166 19.14365 11.62976 -341.9166 18.90665 11.51923 -341.9166 18.2471 -10.26678 -341.9166 -19.37918 9.071167 -341.9166 -22.84335 14.3183 -341.9166 -22.36942 14.53931 -341.9166 -20.85635 11.62976 -341.9166 -21.86429 14.67462 -341.9166 -20.60379 11.69739 -341.9166 -20.34335 11.72021 -341.9166 -21.82059 -10.51935 -341.9166 -21.84335 -10.77978 -341.9166 -24.34335 -12.27978 -341.9166 -22.36942 -15.09888 -341.9166 -20.85635 -12.18933 -341.9166 -21.86429 -15.23419 -341.9166 18.69248 -11.92883 -341.9166 18.90665 -12.07886 -341.9166 20.65665 -15.27978 -341.9166 19.14365 -12.18933 -341.9166 19.39621 -12.25702 -341.9166 20.8057 -11.74396 -341.9166 22.9548 -14.20813 -341.9166 20.62082 -11.92883 -341.9166 22.58499 -14.57794 -341.9166 20.40665 -12.07886 -341.9166 23.61105 -12.80072 -341.9166 23.47574 -13.30585 -341.9166 23.25473 -13.77978 -341.9166 20.40665 -9.480774 -341.9166 20.16971 -9.37024 -341.9166 18.2471 9.707154 -341.9166 19.91715 -9.302613 -341.9166 18.17941 9.959717 -341.9166 19.65665 -9.279786 -341.9166 19.39621 -9.302613 -341.9166 18.35764 9.470215 -341.9166 18.5076 9.256043 -341.9166 19.91715 8.742981 -341.9166 20.16971 8.810669 -341.9166 20.40665 8.921143 -341.9166 20.62082 9.071167 -341.9166 18.17941 10.48065 -341.9166 18.17941 -10.51935 -341.9166 -20.34335 -12.27978 -341.9166 -20.08286 -12.25702 -341.9166 -18.84335 10.22021 -341.9166 -18.86612 10.48065 -341.9166 -18.93381 10.73322 -341.9166 -19.59335 11.51923 -341.9166 -19.83029 11.62976 -341.9166 -20.08286 11.69739 -341.9166 -24.29776 12.24115 -341.9166 -24.16245 12.74628 -341.9166 -23.94144 13.22021 -341.9166 -21.4924 -9.815613 -341.9166 -21.64237 -10.02978 -341.9166 -21.7529 -10.26678 -341.9166 -21.82059 -11.04028 -341.9166 -21.7529 -11.29285 -341.9166 -24.29776 -12.80072 -341.9166 -21.64237 -11.52978 -341.9166 -24.16245 -13.30585 -341.9166 -21.4924 -11.74396 -341.9166 19.65665 -12.27978 -341.9166 19.91715 -12.25702 -341.9166 21.17758 -15.23419 -341.9166 20.16971 -12.18933 -341.9166 21.68271 -15.09888 -341.9166 22.15665 -14.87787 -341.9166 -19.59335 -12.07886 -341.9166 -19.37918 -11.92883 -341.9166 -19.19431 -11.74396 -341.9166 -19.04428 -11.52978 -341.9166 -18.93381 -11.29285 -341.9166 -18.86612 -11.04028 -341.9166 -18.84335 -10.77978 -341.9166 -18.86612 -10.51935 -341.9166 -19.04428 10.97021 -341.9166 -19.19431 11.18439 -341.9166 -19.37918 11.36926 -341.9166 -23.2717 -14.57794 -341.9166 -23.64145 -14.20813 -341.9166 -23.94144 -13.77978 -341.9166 -20.60379 -12.25702 -341.9166 20.8057 9.256043 -341.9166 20.95572 9.470215 -341.9166 21.06619 9.707154 -341.9166 18.5076 -9.815613 -341.9166 18.35764 -10.02978 -341.9166 -19.04428 9.470215 -341.9166 -19.19431 9.256043 -341.9166 -19.83029 -12.18933 -341.9166 18.15665 -10.77978 -341.9166 18.17941 -11.04028 -341.9166 18.2471 -11.29285 -341.9166 18.69248 9.071167 -341.9166 18.90665 8.921143 -341.9166 19.14365 8.810669 -341.9166 -21.82059 9.959717 -341.9166 -21.7529 9.707154 -341.9166 -21.64237 9.470215 -341.9166 -21.4924 9.256043 -341.9166 -21.30753 9.071167 -341.9166 -21.09335 8.921143 -341.9166 -20.85635 -9.37024 -341.9166 -20.85635 8.810669 -341.9166 -20.60379 -9.302613 -341.9166 -20.60379 8.742981 -341.9166 -20.34335 -9.279786 -341.9166 -20.34335 8.720215 -341.9166 -20.08286 -9.302613 -341.9166 -20.08286 8.742981 -341.9166 -19.83029 8.810669 -341.9166 19.39621 8.742981 -341.9166 19.65665 8.720215 -341.9166 -24.34335 11.72021 -335.9166 -24.29776 12.24115 -335.9166 -24.16245 12.74628 -335.9166 -23.94144 13.22021 -335.9166 -23.64145 13.64856 -335.9166 -23.2717 14.01831 -335.9166 -22.84335 14.3183 -335.9166 -22.36942 14.53931 -335.9166 -21.86429 14.67462 -335.9166 -21.34335 14.72021 -335.9166 -24.34335 -12.27978 -335.9166 -21.34335 -15.27978 -335.9166 -21.86429 -15.23419 -335.9166 -22.36942 -15.09888 -335.9166 -22.84335 -14.87787 -335.9166 -23.2717 -14.57794 -335.9166 -23.64145 -14.20813 -335.9166 -23.94144 -13.77978 -335.9166 -24.16245 -13.30585 -335.9166 -24.29776 -12.80072 -335.9166 23.65665 -12.27978 -335.9166 23.61105 -12.80072 -335.9166 23.47574 -13.30585 -335.9166 23.25473 -13.77978 -335.9166 22.9548 -14.20813 -335.9166 22.58499 -14.57794 -335.9166 22.15665 -14.87787 -335.9166 21.68271 -15.09888 -335.9166 21.17758 -15.23419 -335.9166 20.65665 -15.27978 -335.9166 23.65665 11.72021 -335.9166 20.65665 14.72021 -335.9166 21.17758 14.67462 -335.9166 21.68271 14.53931 -335.9166 22.15665 14.3183 -335.9166 22.58499 14.01831 -335.9166 22.9548 13.64856 -335.9166 23.25473 13.22021 -335.9166 23.47574 12.74628 -335.9166 23.61105 12.24115 -335.9166 -20.34335 -12.27978 -336.9166 -20.08286 -12.25702 -336.9166 -19.83029 -12.18933 -336.9166 -19.59335 -12.07886 -336.9166 -19.37918 -11.92883 -336.9166 -19.19431 -11.74396 -336.9166 -19.04428 -11.52978 -336.9166 -18.93381 -11.29285 -336.9166 -18.86612 -11.04028 -336.9166 -18.84335 -10.77978 -336.9166 -18.86612 -10.51935 -336.9166 -18.93381 -10.26678 -336.9166 -19.04428 -10.02978 -336.9166 -19.19431 -9.815613 -336.9166 -19.37918 -9.630738 -336.9166 -19.59335 -9.480774 -336.9166 -19.83029 -9.37024 -336.9166 -20.08286 -9.302613 -336.9166 -20.34335 -9.279786 -336.9166 -20.60379 -9.302613 -336.9166 -20.85635 -9.37024 -336.9166 -21.09335 -9.480774 -336.9166 -21.30753 -9.630738 -336.9166 -21.4924 -9.815613 -336.9166 -21.64237 -10.02978 -336.9166 -21.7529 -10.26678 -336.9166 -21.82059 -10.51935 -336.9166 -21.84335 -10.77978 -336.9166 -21.82059 -11.04028 -336.9166 -21.7529 -11.29285 -336.9166 -21.64237 -11.52978 -336.9166 -21.4924 -11.74396 -336.9166 -21.30753 -11.92883 -336.9166 -21.09335 -12.07886 -336.9166 -20.85635 -12.18933 -336.9166 -20.60379 -12.25702 -336.9166 19.65665 -12.27978 -336.9166 19.91715 -12.25702 -336.9166 20.16971 -12.18933 -336.9166 20.40665 -12.07886 -336.9166 20.62082 -11.92883 -336.9166 20.8057 -11.74396 -336.9166 20.95572 -11.52978 -336.9166 21.06619 -11.29285 -336.9166 21.13388 -11.04028 -336.9166 21.15665 -10.77978 -336.9166 21.13388 -10.51935 -336.9166 21.06619 -10.26678 -336.9166 20.95572 -10.02978 -336.9166 20.8057 -9.815613 -336.9166 20.62082 -9.630738 -336.9166 20.40665 -9.480774 -336.9166 20.16971 -9.37024 -336.9166 19.91715 -9.302613 -336.9166 19.65665 -9.279786 -336.9166 19.39621 -9.302613 -336.9166 19.14365 -9.37024 -336.9166 18.90665 -9.480774 -336.9166 18.69248 -9.630738 -336.9166 18.5076 -9.815613 -336.9166 18.35764 -10.02978 -336.9166 18.2471 -10.26678 -336.9166 18.17941 -10.51935 -336.9166 18.15665 -10.77978 -336.9166 18.17941 -11.04028 -336.9166 18.2471 -11.29285 -336.9166 18.35764 -11.52978 -336.9166 18.5076 -11.74396 -336.9166 18.69248 -11.92883 -336.9166 18.90665 -12.07886 -336.9166 19.14365 -12.18933 -336.9166 19.39621 -12.25702 -336.9166 -20.34335 8.720215 -336.9166 -20.08286 8.742981 -336.9166 -19.83029 8.810669 -336.9166 -19.59335 8.921143 -336.9166 -19.37918 9.071167 -336.9166 -19.19431 9.256043 -336.9166 -19.04428 9.470215 -336.9166 -18.93381 9.707154 -336.9166 -18.86612 9.959717 -336.9166 -18.84335 10.22021 -336.9166 -18.86612 10.48065 -336.9166 -18.93381 10.73322 -336.9166 -19.04428 10.97021 -336.9166 -19.19431 11.18439 -336.9166 -19.37918 11.36926 -336.9166 -19.59335 11.51923 -336.9166 -19.83029 11.62976 -336.9166 -20.08286 11.69739 -336.9166 -20.34335 11.72021 -336.9166 -20.60379 11.69739 -336.9166 -20.85635 11.62976 -336.9166 -21.09335 11.51923 -336.9166 -21.30753 11.36926 -336.9166 -21.4924 11.18439 -336.9166 -21.64237 10.97021 -336.9166 -21.7529 10.73322 -336.9166 -21.82059 10.48065 -336.9166 -21.84335 10.22021 -336.9166 -21.82059 9.959717 -336.9166 -21.7529 9.707154 -336.9166 -21.64237 9.470215 -336.9166 -21.4924 9.256043 -336.9166 -21.30753 9.071167 -336.9166 -21.09335 8.921143 -336.9166 -20.85635 8.810669 -336.9166 -20.60379 8.742981 -336.9166 19.65665 8.720215 -336.9166 19.91715 8.742981 -336.9166 20.16971 8.810669 -336.9166 20.40665 8.921143 -336.9166 20.62082 9.071167 -336.9166 20.8057 9.256043 -336.9166 20.95572 9.470215 -336.9166 21.06619 9.707154 -336.9166 21.13388 9.959717 -336.9166 21.15665 10.22021 -336.9166 21.13388 10.48065 -336.9166 21.06619 10.73322 -336.9166 20.95572 10.97021 -336.9166 20.8057 11.18439 -336.9166 20.62082 11.36926 -336.9166 20.40665 11.51923 -336.9166 20.16971 11.62976 -336.9166 19.91715 11.69739 -336.9166 19.65665 11.72021 -336.9166 19.39621 11.69739 -336.9166 19.14365 11.62976 -336.9166 18.90665 11.51923 -336.9166 18.69248 11.36926 -336.9166 18.5076 11.18439 -336.9166 18.35764 10.97021 -336.9166 18.2471 10.73322 -336.9166 18.17941 10.48065 -336.9166 18.15665 10.22021 -336.9166 18.17941 9.959717 -336.9166 18.2471 9.707154 -336.9166 18.35764 9.470215 -336.9166 18.5076 9.256043 -336.9166 18.69248 9.071167 -336.9166 18.90665 8.921143 -336.9166 19.14365 8.810669 -336.9166 19.39621 8.742981 -336.9166 -17.74527 11.72021 -336.9166 -18.0452 12.14856 -336.9166 -18.41501 12.51831 -336.9166 -18.84335 12.8183 -336.9166 -19.31729 13.03931 -336.9166 -19.82242 13.17462 -336.9166 -20.34335 13.22021 -336.9166 -20.86429 13.17462 -336.9166 -21.36942 13.03931 -336.9166 -21.84335 12.8183 -336.9166 -22.2717 12.51831 -336.9166 -22.64145 12.14856 -336.9166 -22.94144 11.72021 -336.9166 -23.16245 11.24628 -336.9166 -23.29776 10.74115 -336.9166 -23.34335 10.22021 -336.9166 -23.29776 9.69928 -336.9166 -23.16245 9.194153 -336.9166 -22.94144 8.720215 -336.9166 -22.64145 8.291871 -336.9166 -22.2717 7.922058 -336.9166 -21.84335 7.622131 -336.9166 -21.36942 7.401123 -336.9166 -20.86429 7.265808 -336.9166 -20.34335 7.220215 -336.9166 -19.82242 7.265808 -336.9166 -19.31729 7.401123 -336.9166 -18.84335 7.622131 -336.9166 -18.41501 7.922058 -336.9166 -18.0452 8.291871 -336.9166 -17.74527 8.720215 -336.9166 -17.52426 9.194153 -336.9166 -17.38895 9.69928 -336.9166 -17.34335 10.22021 -336.9166 -17.38895 10.74115 -336.9166 -17.52426 11.24628 -336.9166 19.13571 -7.825378 -336.9166 18.63059 -7.960693 -336.9166 18.15665 -8.181702 -336.9166 17.7283 -8.48169 -336.9166 17.35855 -8.851441 -336.9166 17.05856 -9.279786 -336.9166 16.83756 -9.753724 -336.9166 16.70224 -10.25885 -336.9166 16.65665 -10.77978 -336.9166 16.70224 -11.30072 -336.9166 16.83756 -11.80585 -336.9166 17.05856 -12.27978 -336.9166 17.35855 -12.70813 -336.9166 17.7283 -13.07794 -336.9166 18.15665 -13.37787 -336.9166 18.63059 -13.59888 -336.9166 19.13571 -13.73419 -336.9166 19.65665 -13.77978 -336.9166 20.17758 -13.73419 -336.9166 20.68271 -13.59888 -336.9166 21.15665 -13.37787 -336.9166 21.58499 -13.07794 -336.9166 21.9548 -12.70813 -336.9166 22.25473 -12.27978 -336.9166 22.47574 -11.80585 -336.9166 22.61105 -11.30072 -336.9166 22.65665 -10.77978 -336.9166 22.61105 -10.25885 -336.9166 22.47574 -9.753724 -336.9166 22.25473 -9.279786 -336.9166 21.9548 -8.851441 -336.9166 21.58499 -8.48169 -336.9166 21.15665 -8.181702 -336.9166 20.68271 -7.960693 -336.9166 20.17758 -7.825378 -336.9166 19.65665 -7.779785 -336.9166 -23.29776 -10.25885 -336.9166 -23.34335 -10.77978 -336.9166 -23.29776 -11.30072 -336.9166 -23.16245 -11.80585 -336.9166 -22.94144 -12.27978 -336.9166 -22.64145 -12.70813 -336.9166 -22.2717 -13.07794 -336.9166 -21.84335 -13.37787 -336.9166 -21.36942 -13.59888 -336.9166 -20.86429 -13.73419 -336.9166 -20.34335 -13.77978 -336.9166 -19.82242 -13.73419 -336.9166 -19.31729 -13.59888 -336.9166 -18.84335 -13.37787 -336.9166 -18.41501 -13.07794 -336.9166 -18.0452 -12.70813 -336.9166 -17.74527 -12.27978 -336.9166 -17.52426 -11.80585 -336.9166 -17.38895 -11.30072 -336.9166 -17.34335 -10.77978 -336.9166 -17.38895 -10.25885 -336.9166 -17.52426 -9.753724 -336.9166 -17.74527 -9.279786 -336.9166 -18.0452 -8.851441 -336.9166 -18.41501 -8.48169 -336.9166 -18.84335 -8.181702 -336.9166 -19.31729 -7.960693 -336.9166 -19.82242 -7.825378 -336.9166 -20.34335 -7.779785 -336.9166 -20.86429 -7.825378 -336.9166 -21.36942 -7.960693 -336.9166 -21.84335 -8.181702 -336.9166 -22.2717 -8.48169 -336.9166 -22.64145 -8.851441 -336.9166 -22.94144 -9.279786 -336.9166 -23.16245 -9.753724 -336.9166 2.656647 11.19019 -336.9166 3.656647 10.19019 -336.9166 3.656647 3.720215 -336.9166 -13.19333 -13.12982 -336.9166 -4.343353 -10.74982 -336.9166 -4.343353 -4.279785 -336.9166 10.12668 3.720215 -336.9166 11.12668 2.720215 -336.9166 12.50668 -13.12982 -336.9166 11.12668 -3.279785 -336.9166 10.12668 -4.279785 -336.9166 3.656647 -4.279785 -336.9166 3.656647 -10.74982 -336.9166 2.656647 -11.74982 -336.9166 -3.343353 -11.74982 -336.9166 -10.81332 -4.279785 -336.9166 -11.81332 -3.279785 -336.9166 -13.19333 12.57019 -336.9166 -11.81332 2.720215 -336.9166 -10.81332 3.720215 -336.9166 -3.343353 11.19019 -336.9166 -4.343353 10.19019 -336.9166 -4.343353 3.720215 -336.9166 20.68271 13.03931 -336.9166 20.17758 13.17462 -336.9166 19.65665 13.22021 -336.9166 19.13571 13.17462 -336.9166 18.63059 13.03931 -336.9166 18.15665 12.8183 -336.9166 17.7283 12.51831 -336.9166 17.35855 12.14856 -336.9166 17.05856 11.72021 -336.9166 16.83756 11.24628 -336.9166 16.70224 10.74115 -336.9166 16.65665 10.22021 -336.9166 16.70224 9.69928 -336.9166 16.83756 9.194153 -336.9166 17.05856 8.720215 -336.9166 17.35855 8.291871 -336.9166 17.7283 7.922058 -336.9166 18.15665 7.622131 -336.9166 18.63059 7.401123 -336.9166 19.13571 7.265808 -336.9166 19.65665 7.220215 -336.9166 20.17758 7.265808 -336.9166 20.68271 7.401123 -336.9166 21.15665 7.622131 -336.9166 21.58499 7.922058 -336.9166 21.9548 8.291871 -336.9166 22.25473 8.720215 -336.9166 22.47574 9.194153 -336.9166 22.61105 9.69928 -336.9166 22.65665 10.22021 -336.9166 22.61105 10.74115 -336.9166 22.47574 11.24628 -336.9166 22.25473 11.72021 -336.9166 21.9548 12.14856 -336.9166 21.58499 12.51831 -336.9166 21.15665 12.8183 -336.9166 21.15665 -8.181702 -335.9166 21.58499 -8.48169 -335.9166 21.58499 7.922058 -335.9166 22.65665 10.22021 -335.9166 22.61105 10.74115 -335.9166 22.47574 11.24628 -335.9166 21.9548 8.291871 -335.9166 22.25473 -9.279786 -335.9166 21.9548 -8.851441 -335.9166 21.58499 -13.07794 -335.9166 21.9548 -12.70813 -335.9166 19.88449 14.61121 -335.9166 20.0737 14.52924 -335.9166 21.9548 12.14856 -335.9166 22.25473 11.72021 -335.9166 22.25473 -12.27978 -335.9166 22.47574 -11.80585 -335.9166 22.61105 -11.30072 -335.9166 20.63925 13.87665 -335.9166 20.65231 13.79864 -335.9166 22.61105 9.69928 -335.9166 22.47574 9.194153 -335.9166 22.25473 8.720215 -335.9166 22.47574 -9.753724 -335.9166 22.61105 -10.25885 -335.9166 22.65665 -10.77978 -335.9166 20.24246 -14.98688 -335.9166 20.0737 -15.08881 -335.9166 19.88449 -15.17078 -335.9166 21.15665 12.8183 -335.9166 20.65665 13.72021 -335.9166 20.68271 13.03931 -335.9166 20.65665 13.04864 -335.9166 20.65665 -14.27978 -335.9166 20.65231 -14.35828 -335.9166 19.24246 14.72021 -335.9166 19.46365 14.70789 -335.9166 19.67947 14.67126 -335.9166 20.68271 7.401123 -335.9166 20.65665 7.391785 -335.9166 20.65665 -7.951355 -335.9166 19.67947 -15.23083 -335.9166 19.46365 -15.26746 -335.9166 19.24246 -15.27978 -335.9166 21.58499 12.51831 -335.9166 21.15665 7.622131 -335.9166 20.68271 -7.960693 -335.9166 20.65665 -13.60822 -335.9166 20.68271 -13.59888 -335.9166 21.15665 -13.37787 -335.9166 20.63925 -14.43622 -335.9166 20.61758 -14.51324 -335.9166 20.58743 14.02924 -335.9166 20.61758 13.95367 -335.9166 20.58743 -14.58881 -335.9166 20.54898 -14.66248 -335.9166 20.50253 14.17419 -335.9166 20.54898 14.10291 -335.9166 20.24246 14.42731 -335.9166 20.38657 14.30798 -335.9166 20.44827 14.24268 -335.9166 20.50253 -14.73376 -335.9166 20.44827 -14.80231 -335.9166 20.38657 -14.86755 -335.9166 17.19919 8.499451 -332.4591 16.93771 8.952332 -332.1976 17.05856 8.720215 -332.3185 16.75888 9.443726 -332.0188 16.83756 9.194153 -332.0975 16.66806 9.958741 -331.928 16.70224 9.69928 -331.9622 16.66806 10.48169 -331.928 16.65665 10.22021 -331.9166 16.75888 10.99664 -332.0188 16.70224 10.74115 -331.9622 16.93771 11.48804 -332.1976 16.83756 11.24628 -332.0975 17.35855 12.14856 -332.6185 17.19919 11.94092 -332.4591 17.05856 11.72021 -332.3185 17.7283 12.51831 -332.9882 18.15665 12.8183 -333.4166 18.63059 13.03931 -333.8905 19.13571 13.17462 -334.3956 19.65665 13.22021 -334.9166 20.17758 13.17462 -335.4375 17.35855 8.291871 -332.6185 17.7283 7.922058 -332.9882 18.15665 7.622131 -333.4166 18.63059 7.401123 -333.8905 19.13571 7.265808 -334.3956 19.65665 7.220215 -334.9166 20.17758 7.265808 -335.4375 -13.19333 12.57019 -305.9166 -13.19333 -13.12982 -305.9166 -0.3433532 12.57019 -321.3166 0.9721986 12.57019 -320.3954 0.8691102 12.57019 -320.6166 -0.5864562 12.57019 -321.2953 -0.822174 12.57019 -321.2321 -1.043365 12.57019 -321.129 -1.243255 12.57019 -320.989 -1.415802 12.57019 -320.8165 -1.555755 12.57019 -320.6166 -1.722076 12.57019 -319.6735 -1.658905 12.57019 -319.4378 -1.555755 12.57019 -319.2166 -1.415802 12.57019 -319.0167 -1.243255 12.57019 -318.8441 -1.043365 12.57019 -318.7042 -0.822174 12.57019 -318.601 -0.1002501 12.57019 -318.5379 12.50668 12.57019 -305.9166 -0.3433532 12.57019 -318.5166 -0.5864562 12.57019 -318.5379 0.7290956 12.57019 -320.8165 0.5565492 12.57019 -320.989 0.3566591 12.57019 -321.129 0.1354676 12.57019 -321.2321 -0.1002501 12.57019 -321.2953 -1.658905 12.57019 -320.3954 -1.722076 12.57019 -320.1597 -1.743317 12.57019 -319.9166 0.1354676 12.57019 -318.601 0.3566591 12.57019 -318.7042 0.5565492 12.57019 -318.8441 0.7290956 12.57019 -319.0167 0.8691102 12.57019 -319.2166 0.9721986 12.57019 -319.4378 1.03537 12.57019 -319.6735 1.056671 12.57019 -319.9166 1.03537 12.57019 -320.1597 12.50668 -13.12982 -305.9166 -1.658905 -13.12982 -320.3954 -1.555755 -13.12982 -320.6166 -1.415802 -13.12982 -320.8165 0.1354676 -13.12982 -321.2321 0.3566591 -13.12982 -321.129 -1.243255 -13.12982 -320.989 -1.043365 -13.12982 -321.129 -0.822174 -13.12982 -321.2321 -1.243255 -13.12982 -318.8441 -1.043365 -13.12982 -318.7042 -0.822174 -13.12982 -318.601 -1.415802 -13.12982 -319.0167 -1.555755 -13.12982 -319.2166 -1.658905 -13.12982 -319.4378 -1.722076 -13.12982 -319.6735 -1.743317 -13.12982 -319.9166 -1.722076 -13.12982 -320.1597 0.5565492 -13.12982 -320.989 0.7290956 -13.12982 -320.8165 0.8691102 -13.12982 -320.6166 0.1354676 -13.12982 -318.601 -0.1002501 -13.12982 -318.5379 -0.3433532 -13.12982 -318.5166 -0.5864562 -13.12982 -318.5379 -0.5864562 -13.12982 -321.2953 -0.3433532 -13.12982 -321.3166 -0.1002501 -13.12982 -321.2953 0.9721986 -13.12982 -320.3954 1.03537 -13.12982 -320.1597 1.056671 -13.12982 -319.9166 1.03537 -13.12982 -319.6735 0.9721986 -13.12982 -319.4378 0.8691102 -13.12982 -319.2166 0.7290956 -13.12982 -319.0167 0.5565492 -13.12982 -318.8441 0.3566591 -13.12982 -318.7042 -17.8859 -9.059082 -332.4591 -17.62442 -9.511963 -332.1976 -17.74527 -9.279786 -332.3185 -17.44559 -10.00336 -332.0188 -17.52426 -9.753724 -332.0975 -17.35477 -10.51831 -331.928 -17.38895 -10.25885 -331.9622 -17.35477 -11.04126 -331.928 -17.34335 -10.77978 -331.9166 -17.44559 -11.55627 -332.0188 -17.38895 -11.30072 -331.9622 -17.62442 -12.04767 -332.1976 -17.52426 -11.80585 -332.0975 -18.0452 -12.70813 -332.6185 -17.8859 -12.50055 -332.4591 -17.74527 -12.27978 -332.3185 -18.41501 -13.07794 -332.9882 -18.84335 -13.37787 -333.4166 -19.31729 -13.59888 -333.8905 -19.82242 -13.73419 -334.3956 -20.34335 -13.77978 -334.9166 -20.86429 -13.73419 -335.4375 -18.0452 -8.851441 -332.6185 -18.41501 -8.48169 -332.9882 -18.84335 -8.181702 -333.4166 -19.31729 -7.960693 -333.8905 -19.82242 -7.825378 -334.3956 -20.34335 -7.779785 -334.9166 -20.86429 -7.825378 -335.4375 -21.34335 -7.951355 -335.9166 -21.36942 -7.960693 -335.9166 -21.84335 -8.181702 -335.9166 -22.2717 -8.48169 -335.9166 -22.64145 -8.851441 -335.9166 -22.94144 -9.279786 -335.9166 -23.16245 -9.753724 -335.9166 -23.29776 -10.25885 -335.9166 -23.34335 -10.77978 -335.9166 -23.29776 -11.30072 -335.9166 -23.16245 -11.80585 -335.9166 -22.94144 -12.27978 -335.9166 -22.64145 -12.70813 -335.9166 -22.2717 -13.07794 -335.9166 -21.84335 -13.37787 -335.9166 -21.36942 -13.59888 -335.9166 -21.34335 -13.60822 -335.9166 17.7283 -13.07794 -332.9882 18.15665 -13.37787 -333.4166 18.63059 -13.59888 -333.8905 19.13571 -13.73419 -334.3956 19.65665 -13.77978 -334.9166 20.17758 -13.73419 -335.4375 17.19919 -12.50055 -332.4591 17.35855 -12.70813 -332.6185 16.93771 -12.04767 -332.1976 17.05856 -12.27978 -332.3185 16.75888 -11.55627 -332.0188 16.83756 -11.80585 -332.0975 16.66806 -11.04126 -331.928 16.70224 -11.30072 -331.9622 16.66806 -10.51831 -331.928 16.65665 -10.77978 -331.9166 16.75888 -10.00336 -332.0188 16.70224 -10.25885 -331.9622 16.93771 -9.511963 -332.1976 16.83756 -9.753724 -332.0975 17.35855 -8.851441 -332.6185 17.19919 -9.059082 -332.4591 17.05856 -9.279786 -332.3185 20.17758 -7.825378 -335.4375 19.65665 -7.779785 -334.9166 19.13571 -7.825378 -334.3956 18.63059 -7.960693 -333.8905 18.15665 -8.181702 -333.4166 17.7283 -8.48169 -332.9882 -18.41501 12.51831 -332.9882 -18.84335 12.8183 -333.4166 -19.31729 13.03931 -333.8905 -19.82242 13.17462 -334.3956 -20.34335 13.22021 -334.9166 -20.86429 13.17462 -335.4375 -21.34335 13.04864 -335.9166 -21.36942 13.03931 -335.9166 -21.84335 12.8183 -335.9166 -22.2717 12.51831 -335.9166 -22.64145 12.14856 -335.9166 -22.94144 11.72021 -335.9166 -23.16245 11.24628 -335.9166 -23.29776 10.74115 -335.9166 -23.34335 10.22021 -335.9166 -23.29776 9.69928 -335.9166 -23.16245 9.194153 -335.9166 -22.94144 8.720215 -335.9166 -22.64145 8.291871 -335.9166 -22.2717 7.922058 -335.9166 -21.84335 7.622131 -335.9166 -21.36942 7.401123 -335.9166 -21.34335 7.391785 -335.9166 -17.8859 11.94092 -332.4591 -18.0452 12.14856 -332.6185 -17.62442 11.48804 -332.1976 -17.74527 11.72021 -332.3185 -17.44559 10.99664 -332.0188 -17.52426 11.24628 -332.0975 -17.35477 10.48169 -331.928 -17.38895 10.74115 -331.9622 -17.35477 9.958741 -331.928 -17.34335 10.22021 -331.9166 -17.44559 9.443726 -332.0188 -17.38895 9.69928 -331.9622 -17.62442 8.952332 -332.1976 -17.52426 9.194153 -332.0975 -18.0452 8.291871 -332.6185 -17.8859 8.499451 -332.4591 -17.74527 8.720215 -332.3185 -20.86429 7.265808 -335.4375 -20.34335 7.220215 -334.9166 -19.82242 7.265808 -334.3956 -19.31729 7.401123 -333.8905 -18.84335 7.622131 -333.4166 -18.41501 7.922058 -332.9882 -20.5712 -15.17078 -335.9166 -20.76041 -15.08881 -335.9166 -20.92911 14.42731 -335.9166 -20.76041 14.52924 -335.9166 -20.5712 14.61121 -335.9166 -21.32596 -14.43622 -335.9166 -21.33896 -14.35828 -335.9166 -21.34335 13.72021 -335.9166 -21.33896 13.79864 -335.9166 -21.34335 -14.27978 -335.9166 -20.36612 14.67126 -335.9166 -20.15036 14.70789 -335.9166 -19.92911 14.72021 -335.9166 -19.92911 -15.27978 -335.9166 -20.15036 -15.26746 -335.9166 -20.36612 -15.23083 -335.9166 -21.32596 13.87665 -335.9166 -21.30429 13.95367 -335.9166 -21.27414 -14.58881 -335.9166 -21.30429 -14.51324 -335.9166 -21.27414 14.02924 -335.9166 -21.23569 14.10291 -335.9166 -21.18918 -14.73376 -335.9166 -21.23569 -14.66248 -335.9166 -21.18918 14.17419 -335.9166 -21.13492 14.24268 -335.9166 -21.07327 14.30798 -335.9166 -20.92911 -14.98688 -335.9166 -21.07327 -14.86755 -335.9166 -21.13492 -14.80231 -335.9166 3.656647 -10.74982 -327.9993 3.656647 -4.279785 -322.9166 3.656647 -9.902649 -322.9166 10.12668 -4.279785 -327.9993 9.279511 -4.279785 -322.9166 -3.343353 11.19019 -327.9166 2.656647 11.19019 -327.9166 -4.343353 10.19019 -327.9993 -4.343353 3.720215 -322.9166 -4.343353 9.343079 -322.9166 -3.343353 10.35461 -322.903 2.656647 10.35461 -322.903 -10.81332 3.720215 -327.9993 -9.966217 3.720215 -322.9166 -11.81332 2.720215 -327.9166 -11.81332 -3.279785 -327.9166 -10.81332 2.720215 -321.9166 -10.81332 -3.279785 -321.9166 -3.343353 -9.749817 -321.9166 2.656647 -9.749817 -321.9166 -3.343353 -3.279785 -321.9166 2.656647 -3.279785 -321.9166 2.656647 9.190186 -321.9166 -3.343353 9.190186 -321.9166 2.656647 2.720215 -321.9166 -3.343353 2.720215 -321.9166 10.12668 2.720215 -321.9166 10.12668 -3.279785 -321.9166 11.12668 2.720215 -327.9166 11.12668 -3.279785 -327.9166 10.12668 3.720215 -327.9993 3.656647 3.720215 -322.9166 9.279511 3.720215 -322.9166 3.656647 10.19019 -327.9993 3.656647 9.343079 -322.9166 -10.81332 -4.279785 -327.9993 -4.343353 -4.279785 -322.9166 -9.966217 -4.279785 -322.9166 -4.343353 -10.74982 -327.9993 -4.343353 -9.902649 -322.9166 -3.343353 -11.74982 -327.9166 2.656647 -11.74982 -327.9166 -3.343353 -10.91418 -322.903 2.656647 -10.91418 -322.903 -15.34335 -15.27978 -331.3308 0.5565492 -15.27978 -318.8441 0.7290956 -15.27978 -319.0167 1.03537 -15.27978 -319.6735 1.056671 -15.27978 -319.9166 1.03537 -15.27978 -320.1597 0.9721986 -15.27978 -320.3954 0.3566591 -15.27978 -321.129 0.1354676 -15.27978 -321.2321 0.8691102 -15.27978 -319.2166 0.9721986 -15.27978 -319.4378 0.8691102 -15.27978 -320.6166 0.7290956 -15.27978 -320.8165 0.5565492 -15.27978 -320.989 -0.1002501 -15.27978 -321.2953 -0.3433532 -15.27978 -321.3166 -0.5864562 -15.27978 -321.2953 -0.822174 -15.27978 -321.2321 -1.043365 -15.27978 -321.129 -1.243255 -15.27978 -320.989 -1.415802 -15.27978 -320.8165 -1.555755 -15.27978 -320.6166 -1.658905 -15.27978 -320.3954 0.1354676 -15.27978 -318.601 0.3566591 -15.27978 -318.7042 14.65665 -15.27978 -305.9166 14.65665 -15.27978 -331.3308 -1.722076 -15.27978 -319.6735 -15.34335 -15.27978 -305.9166 -1.743317 -15.27978 -319.9166 -1.722076 -15.27978 -320.1597 -1.658905 -15.27978 -319.4378 -1.555755 -15.27978 -319.2166 -1.415802 -15.27978 -319.0167 -1.243255 -15.27978 -318.8441 -1.043365 -15.27978 -318.7042 -0.822174 -15.27978 -318.601 -0.5864562 -15.27978 -318.5379 -0.3433532 -15.27978 -318.5166 -0.1002501 -15.27978 -318.5379 -16.34335 -14.27978 -330.9166 -16.33102 -14.43622 -330.9217 -16.20926 -14.77997 -330.9721 -16.23435 -14.73376 -330.9617 -16.28299 -14.62195 -330.9416 -16.2944 -14.58881 -330.9368 -16.32816 -14.45349 -330.9229 -16.10922 -14.92279 -331.0136 -16.15237 -14.86755 -330.9957 -15.98593 -15.04596 -331.0646 -16.05045 -14.98688 -331.0379 -15.84317 -15.14593 -331.1238 -15.93112 -15.08881 -331.0874 -15.68527 -15.21954 -331.1892 -15.79733 -15.17078 -331.1428 -15.49979 -15.26746 -331.266 -15.51694 -15.26459 -331.2589 -15.65237 -15.23083 -331.2028 -15.517 -15.26459 -305.9166 -15.68539 -15.21948 -305.9166 -15.84335 -15.14581 -305.9166 -15.98611 -15.04584 -305.9166 -16.10941 -14.92261 -305.9166 -16.20938 -14.77978 -305.9166 -16.28305 -14.62183 -305.9166 -16.32816 -14.45343 -305.9166 -16.34335 -14.27978 -305.9166 -16.34335 13.72021 -330.9166 -16.34335 13.72021 -305.9166 15.4227 -14.92261 -305.9166 15.52267 -14.77978 -305.9166 15.65665 -14.27978 -305.9166 15.65665 13.72021 -305.9166 14.65665 14.72021 -305.9166 -15.34335 14.72021 -305.9166 -15.517 14.70502 -305.9166 -16.28305 14.06219 -305.9166 -16.32816 13.89386 -305.9166 14.83029 -15.26459 -305.9166 14.99869 -15.21948 -305.9166 15.59634 -14.62183 -305.9166 15.64145 -14.45343 -305.9166 -15.68539 14.65991 -305.9166 -15.84335 14.58624 -305.9166 -15.98611 14.48627 -305.9166 -16.10941 14.36298 -305.9166 -16.20938 14.22021 -305.9166 15.15665 -15.14581 -305.9166 15.29947 -15.04584 -305.9166 15.64145 13.89386 -305.9166 15.59634 14.06219 -305.9166 15.52267 14.22021 -305.9166 15.4227 14.36298 -305.9166 15.29947 14.48627 -305.9166 15.15665 14.58624 -305.9166 14.99869 14.65991 -305.9166 14.83029 14.70502 -305.9166 -16.10941 14.36298 -331.0135 -16.05026 14.42755 -331.038 -15.34335 14.72021 -331.3308 -15.517 14.70502 -331.2589 -15.65225 14.67126 -331.2028 -15.79715 14.61127 -331.1428 -15.68539 14.65991 -331.1892 -15.98611 14.48627 -331.0645 -15.93094 14.52936 -331.0874 -15.84335 14.58624 -331.1237 -16.15237 14.30798 -330.9957 -16.20926 14.2204 -330.9721 -16.23435 14.17419 -330.9617 -16.28299 14.06232 -330.9416 -16.2944 14.02924 -330.9368 -16.32816 13.89392 -330.9229 -16.33102 13.87665 -330.9217 15.65665 13.72021 -330.9166 15.65665 -14.27978 -330.9166 15.4227 -14.92261 -331.0135 15.36356 -14.98712 -331.038 14.83029 -15.26459 -331.2589 14.96561 -15.2309 -331.2028 15.1105 -15.1709 -331.1428 14.99869 -15.21948 -331.1892 15.29947 -15.04584 -331.0645 15.24423 -15.08899 -331.0874 15.15665 -15.14581 -331.1237 15.46567 -14.86755 -330.9957 15.52255 -14.77997 -330.9721 15.54764 -14.73376 -330.9617 15.59628 -14.62195 -330.9416 15.6077 -14.58881 -330.9368 15.64145 -14.45349 -330.9229 15.64432 -14.43622 -330.9217 14.65665 14.72021 -331.3308 -0.3433532 14.72021 -318.5166 -0.5864562 14.72021 -318.5379 -0.822174 14.72021 -318.601 -1.043365 14.72021 -318.7042 -1.243255 14.72021 -318.8441 -1.415802 14.72021 -319.0167 -1.555755 14.72021 -319.2166 -1.555755 14.72021 -320.6166 -1.658905 14.72021 -320.3954 -1.722076 14.72021 -320.1597 -1.415802 14.72021 -320.8165 -1.243255 14.72021 -320.989 -1.043365 14.72021 -321.129 -1.658905 14.72021 -319.4378 -1.722076 14.72021 -319.6735 -1.743317 14.72021 -319.9166 -0.822174 14.72021 -321.2321 -0.5864562 14.72021 -321.2953 -0.3433532 14.72021 -321.3166 -0.1002501 14.72021 -321.2953 0.1354676 14.72021 -321.2321 0.3566591 14.72021 -321.129 0.5565492 14.72021 -320.989 0.7290956 14.72021 -320.8165 0.8691102 14.72021 -320.6166 0.9721986 14.72021 -320.3954 -0.1002501 14.72021 -318.5379 0.1354676 14.72021 -318.601 1.03537 14.72021 -319.6735 1.056671 14.72021 -319.9166 1.03537 14.72021 -320.1597 0.9721986 14.72021 -319.4378 0.8691102 14.72021 -319.2166 0.7290956 14.72021 -319.0167 0.5565492 14.72021 -318.8441 0.3566591 14.72021 -318.7042 15.64432 13.87665 -330.9217 15.52255 14.2204 -330.9721 15.54764 14.17419 -330.9617 15.59628 14.06232 -330.9416 15.6077 14.02924 -330.9368 15.64145 13.89392 -330.9229 15.42252 14.36316 -331.0136 15.46567 14.30798 -330.9957 15.29929 14.48639 -331.0646 15.36374 14.42731 -331.0379 15.15652 14.5863 -331.1238 15.24442 14.52924 -331.0874 14.99857 14.65991 -331.1892 15.11063 14.61121 -331.1428 14.81308 14.70789 -331.266 14.83029 14.70502 -331.2589 14.96567 14.67126 -331.2028 4.656647 11.7702 -415.2666 4.656647 -12.32977 -415.2666 -13.64334 11.7702 -415.2666 -13.64334 -12.32977 -415.2666 -13.64334 14.72021 -412.3166 4.656647 14.72021 -412.3166 4.656647 14.67541 -412.8289 -13.64334 14.67541 -412.8289 4.656647 14.5423 -413.3256 -13.64334 14.5423 -413.3256 4.656647 14.32495 -413.7916 -13.64334 14.32495 -413.7916 4.656647 14.03003 -414.2128 -13.64334 14.03003 -414.2128 4.656647 13.66644 -414.5764 -13.64334 13.66644 -414.5764 4.656647 13.24518 -414.8713 -13.64334 13.24518 -414.8713 4.656647 12.77917 -415.0887 -13.64334 12.77917 -415.0887 4.656647 12.28247 -415.2218 -13.64334 12.28247 -415.2218 -13.64334 11.7702 -349.9166 4.656647 11.7702 -349.9166 4.656647 12.28247 -349.9614 -13.64334 12.28247 -349.9614 4.656647 12.77917 -350.0945 -13.64334 12.77917 -350.0945 4.656647 13.24518 -350.3118 -13.64334 13.24518 -350.3118 4.656647 13.66644 -350.6068 -13.64334 13.66644 -350.6068 4.656647 14.03003 -350.9703 -13.64334 14.03003 -350.9703 4.656647 14.32495 -351.3916 -13.64334 14.32495 -351.3916 4.656647 14.5423 -351.8576 -13.64334 14.5423 -351.8576 4.656647 14.67541 -352.3543 -13.64334 14.67541 -352.3543 4.656647 14.72021 -352.8666 -13.64334 14.72021 -352.8666 -13.64334 -15.27978 -352.8666 4.656647 -15.27978 -352.8666 4.656647 -15.23499 -352.3543 -13.64334 -15.23499 -352.3543 4.656647 -15.10187 -351.8576 -13.64334 -15.10187 -351.8576 4.656647 -14.88458 -351.3916 -13.64334 -14.88458 -351.3916 4.656647 -14.5896 -350.9703 -13.64334 -14.5896 -350.9703 4.656647 -14.22601 -350.6068 -13.64334 -14.22601 -350.6068 4.656647 -13.80481 -350.3118 -13.64334 -13.80481 -350.3118 4.656647 -13.33874 -350.0945 -13.64334 -13.33874 -350.0945 4.656647 -12.84204 -349.9614 -13.64334 -12.84204 -349.9614 4.656647 -12.32977 -349.9166 -13.64334 -12.32977 -349.9166 4.656647 -12.84204 -415.2218 -13.64334 -12.84204 -415.2218 4.656647 -13.33874 -415.0887 -13.64334 -13.33874 -415.0887 4.656647 -13.80481 -414.8713 -13.64334 -13.80481 -414.8713 4.656647 -14.22601 -414.5764 -13.64334 -14.22601 -414.5764 4.656647 -14.5896 -414.2128 -13.64334 -14.5896 -414.2128 4.656647 -14.88458 -413.7916 -13.64334 -14.88458 -413.7916 4.656647 -15.10187 -413.3256 -13.64334 -15.10187 -413.3256 4.656647 -15.23499 -412.8289 -13.64334 -15.23499 -412.8289 4.656647 -15.27978 -412.3166 -13.64334 -15.27978 -412.3166 -13.64334 -15.27978 -407.2666 -8.643342 -15.27978 -407.2666 -8.643342 -15.27978 -397.2666 -13.64334 -15.27978 -397.2666 -13.64334 -11.12982 -397.2666 -8.643342 -11.12982 -397.2666 -8.643342 -11.12982 -407.2666 -13.64334 -11.12982 -407.2666 -13.64334 14.72021 -397.2666 -13.64334 10.57019 -397.2666 -13.64334 10.57019 -407.2666 -13.64334 14.72021 -407.2666 -8.643342 14.72021 -397.2666 -8.643342 14.72021 -407.2666 -8.643342 10.57019 -407.2666 -8.643342 10.57019 -397.2666 24.00668 -1.757019 -402.9771 24.00668 -4.166504 -403.0386 24.00668 -1.779785 -402.7166 24.00668 -4.178284 -402.6091 24.00668 -1.757019 -402.4561 24.00668 -1.578858 -403.4666 24.00668 -3.851318 -404.2832 24.00668 -1.689331 -403.2296 24.00668 -4.001953 -403.8808 24.00668 -4.107483 -403.4642 24.00668 -0.5402833 -404.1938 24.00668 -1.341004 -406.4694 24.00668 -0.7928467 -404.1261 24.00668 -1.747376 -406.3299 24.00668 -1.029785 -404.0156 24.00668 -0.2797852 -404.2166 24.00668 -0.494629 -406.6107 24.00668 -0.921692 -406.5634 24.00668 -1.029785 -401.4176 24.00668 -1.944214 -399.1896 24.00668 -0.7928467 -401.3071 24.00668 -1.546143 -399.0279 24.00668 -0.5402833 -401.2394 24.00668 -1.428833 -403.6808 24.00668 -3.422302 -405.0263 24.00668 -3.657288 -404.6666 24.00668 -0.0193482 -404.1938 24.00668 -0.06494146 -406.6107 24.00668 -0.2797852 -406.6166 24.00668 0.2332152 -401.3071 24.00668 1.384643 -399.1896 24.00668 0.4702148 -401.4176 24.00668 1.762512 -399.3941 24.00668 0.6843872 -401.5675 24.00668 -0.2797852 -401.2166 24.00668 0.1492308 -398.8403 24.00668 -0.0193482 -401.2394 24.00668 0.573059 -398.911 24.00668 0.9865112 -399.0279 24.00668 -1.132629 -398.911 24.00668 -0.7088013 -398.8403 24.00668 -0.2797852 -398.8166 24.00668 -4.142822 -402.1809 24.00668 -4.060486 -401.7592 24.00668 -1.689331 -402.2036 24.00668 -2.135986 -406.1466 24.00668 -2.502075 -405.9215 24.00668 -1.243958 -403.8657 24.00668 -2.841125 -405.6576 24.00668 -3.149109 -405.358 24.00668 0.2332152 -404.1261 24.00668 0.7814331 -406.4694 24.00668 0.3621215 -406.5634 24.00668 1.019226 -403.4666 24.00668 2.862671 -405.0263 24.00668 0.8692626 -403.6808 24.00668 2.589539 -405.358 24.00668 0.6843872 -403.8657 24.00668 1.129761 -402.2036 24.00668 3.500854 -401.7592 24.00668 1.197388 -402.4561 24.00668 3.583252 -402.1809 24.00668 1.220215 -402.7166 24.00668 2.115662 -399.6389 24.00668 2.439636 -399.9212 24.00668 0.8692626 -401.7524 24.00668 2.730652 -400.2373 24.00668 1.019226 -401.9666 24.00668 -1.428833 -401.7524 24.00668 -2.999268 -399.9212 24.00668 -1.243958 -401.5675 24.00668 -2.675232 -399.6389 24.00668 -2.322144 -399.3941 24.00668 -3.93219 -401.3491 24.00668 -3.759582 -400.9556 24.00668 -1.578858 -401.9666 24.00668 -3.544739 -400.5835 24.00668 -3.290283 -400.2373 24.00668 2.281555 -405.6576 24.00668 1.942444 -405.9215 24.00668 0.4702148 -404.0156 24.00668 1.576416 -406.1466 24.00668 1.187805 -406.3299 24.00668 3.618713 -402.6091 24.00668 3.606873 -403.0386 24.00668 1.197388 -402.9771 24.00668 3.547852 -403.4642 24.00668 1.129761 -403.2296 24.00668 2.985168 -400.5835 24.00668 3.200012 -400.9556 24.00668 3.37262 -401.3491 24.00668 3.442383 -403.8808 24.00668 3.291748 -404.2832 24.00668 3.097717 -404.6666 29.65665 -0.2797852 -398.8166 29.65665 -0.7088013 -398.8403 29.65665 -1.132629 -398.911 29.65665 -1.546143 -399.0279 29.65665 -1.944214 -399.1896 29.65665 -2.322144 -399.3941 29.65665 -2.675232 -399.6389 29.65665 -2.999268 -399.9212 29.65665 -3.290283 -400.2373 29.65665 -3.544739 -400.5835 29.65665 -3.759582 -400.9556 29.65665 -3.93219 -401.3491 29.65665 -4.060486 -401.7592 29.65665 -4.142822 -402.1809 29.65665 -4.178284 -402.6091 29.65665 -4.166504 -403.0386 29.65665 -4.107483 -403.4642 29.65665 -4.001953 -403.8808 29.65665 -3.851318 -404.2832 29.65665 -3.657288 -404.6666 29.65665 -3.422302 -405.0263 29.65665 -3.149109 -405.358 29.65665 -2.841125 -405.6576 29.65665 -2.502075 -405.9215 29.65665 -2.135986 -406.1466 29.65665 -1.747376 -406.3299 29.65665 -1.341004 -406.4694 29.65665 -0.921692 -406.5634 29.65665 -0.494629 -406.6107 29.65665 -0.2797852 -406.6166 29.65665 -0.06494146 -406.6107 29.65665 0.3621215 -406.5634 29.65665 0.7814331 -406.4694 29.65665 1.187805 -406.3299 29.65665 1.576416 -406.1466 29.65665 1.942444 -405.9215 29.65665 2.281555 -405.6576 29.65665 2.589539 -405.358 29.65665 2.862671 -405.0263 29.65665 3.097717 -404.6666 29.65665 3.291748 -404.2832 29.65665 3.442383 -403.8808 29.65665 3.547852 -403.4642 29.65665 3.606873 -403.0386 29.65665 3.618713 -402.6091 29.65665 3.583252 -402.1809 29.65665 3.500854 -401.7592 29.65665 3.37262 -401.3491 29.65665 3.200012 -400.9556 29.65665 2.985168 -400.5835 29.65665 2.730652 -400.2373 29.65665 2.439636 -399.9212 29.65665 2.115662 -399.6389 29.65665 1.762512 -399.3941 29.65665 1.384643 -399.1896 29.65665 0.9865112 -399.0279 29.65665 0.573059 -398.911 29.65665 0.1492308 -398.8403 29.65665 -0.7139283 -400.2546 29.65665 -0.4976807 -400.2261 29.65665 -0.2797852 -400.2166 29.65665 -0.0618897 -400.2261 29.65665 0.1542968 -400.2546 29.65665 0.3672485 -400.3018 29.65665 0.5752563 -400.3674 29.65665 0.7767333 -400.4508 29.65665 0.9702148 -400.5515 29.65665 1.154175 -400.6687 29.65665 1.327148 -400.8015 29.65665 1.487976 -400.9488 29.65665 1.635315 -401.1096 29.65665 2.210693 -402.4987 29.65665 2.220215 -402.7166 29.65665 2.210693 -402.9345 29.65665 2.182251 -403.1507 29.65665 0.5752563 -405.0658 29.65665 0.3672485 -405.1314 29.65665 0.1542968 -405.1786 29.65665 -0.0618897 -405.2071 29.65665 -0.2797852 -405.2166 29.65665 -0.4976807 -405.2071 29.65665 -0.7139283 -405.1786 29.65665 -0.9268189 -405.1314 29.65665 1.768066 -401.2827 29.65665 1.885254 -401.4666 29.65665 1.985962 -401.66 29.65665 2.069458 -401.8615 29.65665 2.13501 -402.0695 29.65665 2.182251 -402.2825 29.65665 2.13501 -403.3637 29.65665 2.069458 -403.5717 29.65665 1.985962 -403.7731 29.65665 1.885254 -403.9666 29.65665 1.768066 -404.1505 29.65665 -1.134827 -405.0658 29.65665 -1.336365 -404.9824 29.65665 -1.529785 -404.8817 29.65665 -1.713745 -404.7645 29.65665 -1.88678 -404.6317 29.65665 1.635315 -404.3236 29.65665 1.487976 -404.4843 29.65665 1.327148 -404.6317 29.65665 1.154175 -404.7645 29.65665 0.9702148 -404.8817 29.65665 0.7767333 -404.9824 29.65665 -1.713745 -400.6687 29.65665 -1.529785 -400.5515 29.65665 -1.336365 -400.4508 29.65665 -1.134827 -400.3674 29.65665 -0.9268189 -400.3018 29.65665 -2.327698 -401.2827 29.65665 -2.194885 -401.1096 29.65665 -2.047546 -400.9488 29.65665 -1.88678 -400.8015 29.65665 -2.69458 -403.3637 29.65665 -2.741821 -403.1507 29.65665 -2.770264 -402.9345 29.65665 -2.779785 -402.7166 29.65665 -2.770264 -402.4987 29.65665 -2.741821 -402.2825 29.65665 -2.69458 -402.0695 29.65665 -2.629028 -401.8615 29.65665 -2.545593 -401.66 29.65665 -2.444885 -401.4666 29.65665 -2.047546 -404.4843 29.65665 -2.194885 -404.3236 29.65665 -2.327698 -404.1505 29.65665 -2.444885 -403.9666 29.65665 -2.545593 -403.7731 29.65665 -2.629028 -403.5717 28.65665 -0.4105225 -401.2223 28.65665 -0.5402833 -401.2394 28.65665 -0.6680299 -401.2677 28.65665 -0.7928467 -401.3071 28.65665 -0.9136964 -401.3571 28.65665 -1.029785 -401.4176 28.65665 -1.140137 -401.4879 28.65665 -1.243958 -401.5675 28.65665 -1.340454 -401.656 28.65665 -1.428833 -401.7524 28.65665 -1.508545 -401.8562 28.65665 -1.578858 -401.9666 28.65665 -1.639282 -402.0827 28.65665 -1.689331 -402.2036 28.65665 -1.728699 -402.3284 28.65665 -1.757019 -402.4561 28.65665 -1.774109 -402.5858 28.65665 -1.779785 -402.7166 28.65665 -1.774109 -402.8473 28.65665 -1.757019 -402.9771 28.65665 -1.728699 -403.1048 28.65665 -1.689331 -403.2296 28.65665 -1.639282 -403.3505 28.65665 -1.578858 -403.4666 28.65665 -1.508545 -403.577 28.65665 -1.428833 -403.6808 28.65665 -1.340454 -403.7772 28.65665 -1.243958 -403.8657 28.65665 -1.140137 -403.9453 28.65665 -1.029785 -404.0156 28.65665 -0.9136964 -404.0761 28.65665 -0.7928467 -404.1261 28.65665 -0.6680299 -404.1655 28.65665 -0.5402833 -404.1938 28.65665 -0.4105225 -404.2109 28.65665 -0.2797852 -404.2166 28.65665 -0.1490479 -404.2109 28.65665 -0.0193482 -404.1938 28.65665 0.1084594 -404.1655 28.65665 0.2332152 -404.1261 28.65665 0.3541259 -404.0761 28.65665 0.4702148 -404.0156 28.65665 0.5805664 -403.9453 28.65665 0.6843872 -403.8657 28.65665 0.7808837 -403.7772 28.65665 0.8692626 -403.6808 28.65665 0.9489135 -403.577 28.65665 1.019226 -403.4666 28.65665 1.079651 -403.3505 28.65665 1.129761 -403.2296 28.65665 1.169067 -403.1048 28.65665 1.197388 -402.9771 28.65665 1.214477 -402.8473 28.65665 1.220215 -402.7166 28.65665 1.214477 -402.5858 28.65665 1.197388 -402.4561 28.65665 1.169067 -402.3284 28.65665 1.129761 -402.2036 28.65665 1.079651 -402.0827 28.65665 1.019226 -401.9666 28.65665 0.9489135 -401.8562 28.65665 0.8692626 -401.7524 28.65665 0.7808837 -401.656 28.65665 0.6843872 -401.5675 28.65665 0.5805664 -401.4879 28.65665 0.4702148 -401.4176 28.65665 0.3541259 -401.3571 28.65665 0.2332152 -401.3071 28.65665 0.1084594 -401.2677 28.65665 -0.0193482 -401.2394 28.65665 -0.1490479 -401.2223 28.65665 -0.2797852 -401.2166 20.45664 11.23279 -350.6751 20.45664 11.49988 -350.6312 20.45664 11.7702 -351.9619 20.45664 9.361329 -353.7854 20.45664 10.7702 -353.6939 20.45664 9.447754 -354.0419 20.45664 9.561402 -354.2876 20.45664 12.30762 -355.5581 20.45664 12.04053 -355.6019 20.45664 11.7702 -354.2713 20.45664 9.561402 -351.9456 20.45664 9.700989 -351.7136 20.45664 10.7702 -352.5393 20.45664 9.864808 -351.4981 20.45664 10.25726 -355.1068 20.45664 10.05096 -354.9316 20.45664 12.7702 -352.5393 20.45664 14.09265 -352.1912 20.45664 14.17908 -352.4478 20.45664 14.23724 -353.5211 20.45664 14.17908 -353.7854 20.45664 12.7702 -353.6939 20.45664 13.48944 -351.3016 20.45664 13.6756 -351.4981 20.45664 10.48132 -350.9744 20.45664 10.72046 -350.8477 20.45664 10.97192 -350.7474 20.45664 11.7702 -355.6166 20.45664 11.49988 -355.6019 20.45664 11.23279 -355.5581 20.45664 9.864808 -354.7351 20.45664 9.700989 -354.5195 20.45664 13.83942 -354.5195 20.45664 13.6756 -354.7351 20.45664 13.48944 -354.9316 20.45664 13.28314 -355.1068 20.45664 13.05908 -355.2587 20.45664 12.81995 -355.3855 20.45664 12.56848 -355.4857 20.45664 14.23724 -352.7121 20.45664 14.26654 -352.9812 20.45664 14.26654 -353.252 20.45664 14.09265 -354.0419 20.45664 13.979 -354.2876 20.45664 11.7702 -350.6166 20.45664 12.04053 -350.6312 20.45664 12.30762 -350.6751 20.45664 13.28314 -351.1264 20.45664 13.83942 -351.7136 20.45664 13.979 -351.9456 20.45664 10.05096 -351.3016 20.45664 10.25726 -351.1264 20.45664 9.303162 -352.7121 20.45664 9.361329 -352.4478 20.45664 9.447754 -352.1912 20.45664 10.97192 -355.4857 20.45664 10.72046 -355.3855 20.45664 10.48132 -355.2587 20.45664 12.56848 -350.7474 20.45664 12.81995 -350.8477 20.45664 13.05908 -350.9744 20.45664 9.303162 -353.5211 20.45664 9.273865 -353.252 20.45664 9.273865 -352.9812 23.55667 14.09265 -354.0419 23.55667 14.17908 -353.7854 23.55667 12.7702 -353.6939 23.55667 9.303162 -353.5211 23.55667 9.361329 -353.7854 23.55667 10.7702 -353.6939 23.55667 13.979 -351.9456 23.55667 13.83942 -351.7136 23.55667 12.7702 -352.5393 23.55667 13.6756 -351.4981 23.55667 13.48944 -351.3016 23.55667 12.81995 -350.8477 23.55667 11.7702 -351.9619 23.55667 12.56848 -350.7474 23.55667 12.30762 -350.6751 23.55667 12.04053 -350.6312 23.55667 14.23724 -352.7121 23.55667 14.17908 -352.4478 23.55667 14.09265 -352.1912 23.55667 13.48944 -354.9316 23.55667 13.6756 -354.7351 23.55667 11.23279 -355.5581 23.55667 11.49988 -355.6019 23.55667 11.7702 -354.2713 23.55667 9.447754 -354.0419 23.55667 9.561402 -354.2876 23.55667 9.700989 -354.5195 23.55667 13.28314 -351.1264 23.55667 13.05908 -350.9744 23.55667 14.23724 -353.5211 23.55667 14.26654 -353.252 23.55667 14.26654 -352.9812 23.55667 13.28314 -355.1068 23.55667 13.83942 -354.5195 23.55667 13.979 -354.2876 23.55667 11.7702 -355.6166 23.55667 12.04053 -355.6019 23.55667 12.30762 -355.5581 23.55667 9.864808 -354.7351 23.55667 10.05096 -354.9316 23.55667 10.25726 -355.1068 23.55667 10.48132 -355.2587 23.55667 10.72046 -355.3855 23.55667 10.97192 -355.4857 23.55667 9.700989 -351.7136 23.55667 9.561402 -351.9456 23.55667 10.7702 -352.5393 23.55667 9.447754 -352.1912 23.55667 9.361329 -352.4478 23.55667 11.7702 -350.6166 23.55667 11.49988 -350.6312 23.55667 11.23279 -350.6751 23.55667 12.56848 -355.4857 23.55667 12.81995 -355.3855 23.55667 13.05908 -355.2587 23.55667 9.303162 -352.7121 23.55667 9.273865 -352.9812 23.55667 9.273865 -353.252 23.55667 10.97192 -350.7474 23.55667 10.72046 -350.8477 23.55667 10.48132 -350.9744 23.55667 10.25726 -351.1264 23.55667 10.05096 -351.3016 23.55667 9.864808 -351.4981 20.45664 -12.07977 -354.2713 20.45664 -12.3501 -355.6019 20.45664 -12.61725 -355.5581 20.45664 -13.59271 -355.1068 20.45664 -13.79907 -354.9316 20.45664 -13.07977 -353.6939 20.45664 -13.98523 -354.7351 20.45664 -14.14905 -354.5195 20.45664 -11.54236 -355.5581 20.45664 -11.80951 -355.6019 20.45664 -12.07977 -355.6166 20.45664 -12.61725 -350.6751 20.45664 -12.3501 -350.6312 20.45664 -12.07977 -351.9619 20.45664 -14.28857 -354.2876 20.45664 -14.40222 -354.0419 20.45664 -14.48865 -353.7854 20.45664 -12.87805 -355.4857 20.45664 -13.12952 -355.3855 20.45664 -13.36865 -355.2587 20.45664 -14.28857 -351.9456 20.45664 -14.14905 -351.7136 20.45664 -13.07977 -352.5393 20.45664 -13.98523 -351.4981 20.45664 -10.01056 -354.5195 20.45664 -10.17438 -354.7351 20.45664 -11.07977 -353.6939 20.45664 -10.36053 -354.9316 20.45664 -10.56683 -355.1068 20.45664 -10.79089 -355.2587 20.45664 -11.03009 -355.3855 20.45664 -11.28155 -355.4857 20.45664 -11.07977 -352.5393 20.45664 -9.757325 -352.1912 20.45664 -9.670899 -352.4478 20.45664 -9.612732 -353.5211 20.45664 -9.670899 -353.7854 20.45664 -10.36053 -351.3016 20.45664 -10.17438 -351.4981 20.45664 -13.36865 -350.9744 20.45664 -13.12952 -350.8477 20.45664 -12.87805 -350.7474 20.45664 -9.612732 -352.7121 20.45664 -9.583436 -352.9812 20.45664 -9.583436 -353.252 20.45664 -9.757325 -354.0419 20.45664 -9.871033 -354.2876 20.45664 -12.07977 -350.6166 20.45664 -11.80951 -350.6312 20.45664 -11.54236 -350.6751 20.45664 -10.56683 -351.1264 20.45664 -10.01056 -351.7136 20.45664 -9.871033 -351.9456 20.45664 -13.79907 -351.3016 20.45664 -13.59271 -351.1264 20.45664 -14.54687 -352.7121 20.45664 -14.48865 -352.4478 20.45664 -14.40222 -352.1912 20.45664 -11.28155 -350.7474 20.45664 -11.03009 -350.8477 20.45664 -10.79089 -350.9744 20.45664 -14.54687 -353.5211 20.45664 -14.57611 -353.252 20.45664 -14.57611 -352.9812 23.55667 -9.757325 -354.0419 23.55667 -9.670899 -353.7854 23.55667 -11.07977 -353.6939 23.55667 -10.36053 -354.9316 23.55667 -10.17438 -354.7351 23.55667 -12.61725 -355.5581 23.55667 -12.3501 -355.6019 23.55667 -12.07977 -354.2713 23.55667 -14.54687 -353.5211 23.55667 -14.48865 -353.7854 23.55667 -13.07977 -353.6939 23.55667 -9.871033 -351.9456 23.55667 -10.01056 -351.7136 23.55667 -11.07977 -352.5393 23.55667 -10.17438 -351.4981 23.55667 -10.36053 -351.3016 23.55667 -11.03009 -350.8477 23.55667 -12.07977 -351.9619 23.55667 -11.28155 -350.7474 23.55667 -11.54236 -350.6751 23.55667 -11.80951 -350.6312 23.55667 -10.56683 -355.1068 23.55667 -10.01056 -354.5195 23.55667 -9.871033 -354.2876 23.55667 -14.40222 -354.0419 23.55667 -14.28857 -354.2876 23.55667 -14.14905 -354.5195 23.55667 -10.56683 -351.1264 23.55667 -10.79089 -350.9744 23.55667 -9.612732 -352.7121 23.55667 -9.670899 -352.4478 23.55667 -9.757325 -352.1912 23.55667 -12.07977 -355.6166 23.55667 -11.80951 -355.6019 23.55667 -11.54236 -355.5581 23.55667 -13.98523 -354.7351 23.55667 -13.79907 -354.9316 23.55667 -13.59271 -355.1068 23.55667 -13.36865 -355.2587 23.55667 -13.12952 -355.3855 23.55667 -12.87805 -355.4857 23.55667 -9.612732 -353.5211 23.55667 -9.583436 -353.252 23.55667 -9.583436 -352.9812 23.55667 -11.28155 -355.4857 23.55667 -11.03009 -355.3855 23.55667 -10.79089 -355.2587 23.55667 -14.14905 -351.7136 23.55667 -14.28857 -351.9456 23.55667 -13.07977 -352.5393 23.55667 -14.40222 -352.1912 23.55667 -14.48865 -352.4478 23.55667 -12.07977 -350.6166 23.55667 -12.3501 -350.6312 23.55667 -12.61725 -350.6751 23.55667 -14.54687 -352.7121 23.55667 -14.57611 -352.9812 23.55667 -14.57611 -353.252 23.55667 -12.87805 -350.7474 23.55667 -13.12952 -350.8477 23.55667 -13.36865 -350.9744 23.55667 -13.59271 -351.1264 23.55667 -13.79907 -351.3016 23.55667 -13.98523 -351.4981 20.45664 -11.54236 -414.7581 20.45664 -11.80951 -414.802 20.45664 -12.07977 -413.4713 20.45664 -13.07977 -411.7392 20.45664 -14.28857 -411.1456 20.45664 -14.14905 -410.9136 20.45664 -12.61725 -409.875 20.45664 -12.3501 -409.8312 20.45664 -12.07977 -411.1619 20.45664 -14.48865 -412.9854 20.45664 -13.07977 -412.8939 20.45664 -14.40222 -413.242 20.45664 -14.28857 -413.4876 20.45664 -10.36053 -410.5016 20.45664 -10.17438 -410.6981 20.45664 -11.07977 -411.7392 20.45664 -12.07977 -414.8166 20.45664 -12.3501 -414.802 20.45664 -12.61725 -414.7581 20.45664 -9.757325 -411.3912 20.45664 -9.670899 -411.6478 20.45664 -10.56683 -410.3264 20.45664 -10.01056 -410.9136 20.45664 -9.871033 -411.1456 20.45664 -13.59271 -414.3068 20.45664 -13.79907 -414.1316 20.45664 -11.07977 -412.8939 20.45664 -10.36053 -414.1316 20.45664 -10.56683 -414.3068 20.45664 -10.79089 -414.4588 20.45664 -11.03009 -414.5855 20.45664 -11.28155 -414.6857 20.45664 -9.612732 -411.9121 20.45664 -9.583436 -412.1812 20.45664 -9.583436 -412.4519 20.45664 -9.612732 -412.721 20.45664 -9.670899 -412.9854 20.45664 -9.757325 -413.242 20.45664 -9.871033 -413.4876 20.45664 -12.07977 -409.8166 20.45664 -11.80951 -409.8312 20.45664 -11.54236 -409.875 20.45664 -13.98523 -410.6981 20.45664 -13.79907 -410.5016 20.45664 -13.59271 -410.3264 20.45664 -13.36865 -410.1744 20.45664 -13.12952 -410.0477 20.45664 -12.87805 -409.9475 20.45664 -14.54687 -411.9121 20.45664 -14.48865 -411.6478 20.45664 -14.40222 -411.3912 20.45664 -13.98523 -413.9351 20.45664 -14.14905 -413.7196 20.45664 -10.01056 -413.7196 20.45664 -10.17438 -413.9351 20.45664 -11.28155 -409.9475 20.45664 -11.03009 -410.0477 20.45664 -10.79089 -410.1744 20.45664 -14.54687 -412.721 20.45664 -14.57611 -412.4519 20.45664 -14.57611 -412.1812 20.45664 -12.87805 -414.6857 20.45664 -13.12952 -414.5855 20.45664 -13.36865 -414.4588 23.55667 -11.54236 -409.875 23.55667 -11.80951 -409.8312 23.55667 -12.07977 -411.1619 23.55667 -9.757325 -413.242 23.55667 -9.670899 -412.9854 23.55667 -11.07977 -412.8939 23.55667 -11.07977 -411.7392 23.55667 -9.871033 -411.1456 23.55667 -10.01056 -410.9136 23.55667 -12.61725 -414.7581 23.55667 -12.3501 -414.802 23.55667 -12.07977 -413.4713 23.55667 -10.17438 -410.6981 23.55667 -10.36053 -410.5016 23.55667 -10.56683 -410.3264 23.55667 -10.79089 -410.1744 23.55667 -11.03009 -410.0477 23.55667 -11.28155 -409.9475 23.55667 -9.612732 -411.9121 23.55667 -9.670899 -411.6478 23.55667 -9.757325 -411.3912 23.55667 -14.54687 -412.721 23.55667 -14.48865 -412.9854 23.55667 -13.07977 -412.8939 23.55667 -14.40222 -413.242 23.55667 -14.28857 -413.4876 23.55667 -9.612732 -412.721 23.55667 -9.583436 -412.4519 23.55667 -9.583436 -412.1812 23.55667 -12.87805 -414.6857 23.55667 -12.07977 -409.8166 23.55667 -12.3501 -409.8312 23.55667 -12.61725 -409.875 23.55667 -12.07977 -414.8166 23.55667 -11.80951 -414.802 23.55667 -11.54236 -414.7581 23.55667 -10.56683 -414.3068 23.55667 -10.36053 -414.1316 23.55667 -10.17438 -413.9351 23.55667 -14.14905 -410.9136 23.55667 -14.28857 -411.1456 23.55667 -13.07977 -411.7392 23.55667 -14.40222 -411.3912 23.55667 -14.48865 -411.6478 23.55667 -13.59271 -410.3264 23.55667 -13.79907 -410.5016 23.55667 -13.98523 -410.6981 23.55667 -11.28155 -414.6857 23.55667 -11.03009 -414.5855 23.55667 -10.79089 -414.4588 23.55667 -10.01056 -413.7196 23.55667 -9.871033 -413.4876 23.55667 -14.14905 -413.7196 23.55667 -13.98523 -413.9351 23.55667 -13.79907 -414.1316 23.55667 -14.54687 -411.9121 23.55667 -14.57611 -412.1812 23.55667 -14.57611 -412.4519 23.55667 -13.59271 -414.3068 23.55667 -13.36865 -414.4588 23.55667 -13.12952 -414.5855 23.55667 -12.87805 -409.9475 23.55667 -13.12952 -410.0477 23.55667 -13.36865 -410.1744 20.45664 9.522767 -411.3912 20.45664 9.636414 -411.1456 20.45664 10.84521 -411.7392 20.45664 12.38263 -414.7581 20.45664 12.11548 -414.802 20.45664 11.84521 -413.4713 20.45664 13.91443 -410.9136 20.45664 14.05395 -411.1456 20.45664 12.84521 -411.7392 20.45664 14.16766 -411.3912 20.45664 14.25409 -411.6478 20.45664 9.636414 -413.4876 20.45664 9.522767 -413.242 20.45664 10.84521 -412.8939 20.45664 9.436341 -412.9854 20.45664 9.378113 -412.721 20.45664 9.436341 -411.6478 20.45664 14.31226 -412.721 20.45664 14.25409 -412.9854 20.45664 12.84521 -412.8939 20.45664 14.16766 -413.242 20.45664 9.776001 -410.9136 20.45664 9.93982 -410.6981 20.45664 10.12598 -410.5016 20.45664 10.79547 -410.0477 20.45664 11.84521 -411.1619 20.45664 11.04694 -409.9475 20.45664 11.3078 -409.875 20.45664 11.57489 -409.8312 20.45664 9.348877 -412.4519 20.45664 9.348877 -412.1812 20.45664 9.378113 -411.9121 20.45664 11.84521 -414.8166 20.45664 11.57489 -414.802 20.45664 11.3078 -414.7581 20.45664 14.05395 -413.4876 20.45664 13.91443 -413.7196 20.45664 13.75061 -413.9351 20.45664 13.13409 -414.4588 20.45664 12.8949 -414.5855 20.45664 12.64343 -414.6857 20.45664 11.84521 -409.8166 20.45664 12.11548 -409.8312 20.45664 12.38263 -409.875 20.45664 13.35815 -410.3264 20.45664 13.56445 -410.5016 20.45664 13.75061 -410.6981 20.45664 10.33228 -410.3264 20.45664 10.55634 -410.1744 20.45664 10.33228 -414.3068 20.45664 10.12598 -414.1316 20.45664 13.56445 -414.1316 20.45664 13.35815 -414.3068 20.45664 12.64343 -409.9475 20.45664 12.8949 -410.0477 20.45664 13.13409 -410.1744 20.45664 11.04694 -414.6857 20.45664 10.79547 -414.5855 20.45664 10.55634 -414.4588 20.45664 9.93982 -413.9351 20.45664 9.776001 -413.7196 20.45664 14.31226 -411.9121 20.45664 14.34155 -412.1812 20.45664 14.34155 -412.4519 23.55667 9.776001 -410.9136 23.55667 9.636414 -411.1456 23.55667 10.84521 -411.7392 23.55667 14.25409 -411.6478 23.55667 14.16766 -411.3912 23.55667 12.84521 -411.7392 23.55667 14.05395 -411.1456 23.55667 13.91443 -410.9136 23.55667 13.91443 -413.7196 23.55667 14.05395 -413.4876 23.55667 12.84521 -412.8939 23.55667 9.522767 -413.242 23.55667 9.636414 -413.4876 23.55667 10.84521 -412.8939 23.55667 12.38263 -409.875 23.55667 12.11548 -409.8312 23.55667 11.84521 -411.1619 23.55667 13.75061 -410.6981 23.55667 13.56445 -410.5016 23.55667 13.35815 -410.3264 23.55667 9.436341 -412.9854 23.55667 13.13409 -410.1744 23.55667 12.8949 -410.0477 23.55667 12.64343 -409.9475 23.55667 14.16766 -413.242 23.55667 14.25409 -412.9854 23.55667 14.31226 -412.721 23.55667 14.34155 -412.4519 23.55667 14.34155 -412.1812 23.55667 14.31226 -411.9121 23.55667 11.84521 -414.8166 23.55667 12.11548 -414.802 23.55667 11.84521 -413.4713 23.55667 12.38263 -414.7581 23.55667 11.04694 -414.6857 23.55667 11.3078 -414.7581 23.55667 11.57489 -414.802 23.55667 9.522767 -411.3912 23.55667 9.436341 -411.6478 23.55667 9.378113 -411.9121 23.55667 9.348877 -412.1812 23.55667 9.348877 -412.4519 23.55667 9.378113 -412.721 23.55667 11.84521 -409.8166 23.55667 11.57489 -409.8312 23.55667 11.3078 -409.875 23.55667 10.33228 -410.3264 23.55667 10.12598 -410.5016 23.55667 9.93982 -410.6981 23.55667 12.64343 -414.6857 23.55667 12.8949 -414.5855 23.55667 13.13409 -414.4588 23.55667 13.35815 -414.3068 23.55667 13.56445 -414.1316 23.55667 13.75061 -413.9351 23.55667 11.04694 -409.9475 23.55667 10.79547 -410.0477 23.55667 10.55634 -410.1744 23.55667 9.776001 -413.7196 23.55667 9.93982 -413.9351 23.55667 10.12598 -414.1316 23.55667 10.33228 -414.3068 23.55667 10.55634 -414.4588 23.55667 10.79547 -414.5855 20.45664 -12.32977 -415.2666 20.45664 -12.84204 -415.2218 20.45664 -13.33874 -415.0887 20.45664 -13.80481 -414.8713 20.45664 -14.22601 -414.5764 20.45664 -14.5896 -414.2128 20.45664 -14.88458 -413.7916 20.45664 -15.10187 -413.3256 20.45664 -15.23499 -412.8289 20.45664 -15.27978 -412.3166 24.00668 -3.306702 -411.0328 24.00668 -1.816589 -411.4321 24.00668 -0.2797852 -402.7166 24.00668 -0.2797852 -411.5666 24.00668 1.257019 -411.4321 24.00668 -7.059265 -408.4053 24.00668 -5.968445 -409.4961 24.00668 -4.704773 -410.3809 24.00668 -8.995362 -404.2534 24.00668 -8.59607 -405.7435 24.00668 -7.944092 -407.1416 24.00668 -8.59607 -399.6897 24.00668 -8.995362 -401.1798 24.00668 -9.129822 -402.7166 24.00668 -5.968445 -395.9371 24.00668 -7.059265 -397.0279 24.00668 -7.944092 -398.2916 24.00668 -1.816589 -394.001 24.00668 -3.306702 -394.4003 24.00668 -4.704773 -395.0523 24.00668 2.74707 -394.4003 24.00668 1.257019 -394.001 24.00668 -0.2797852 -393.8666 24.00668 6.499695 -397.0279 24.00668 5.408874 -395.9371 24.00668 4.145203 -395.0523 24.00668 8.43573 -401.1798 24.00668 8.036499 -399.6897 24.00668 7.384521 -398.2916 24.00668 8.036499 -405.7435 24.00668 8.43573 -404.2534 24.00668 8.570191 -402.7166 24.00668 5.408874 -409.4961 24.00668 6.499695 -408.4053 24.00668 7.384521 -407.1416 24.00668 2.74707 -411.0328 24.00668 4.145203 -410.3809 23.90665 -0.2797852 -393.7666 23.55667 -1.833923 -393.9025 23.90665 -1.833923 -393.9025 23.55667 -3.340881 -394.3063 23.90665 -3.340881 -394.3063 23.55667 -4.754822 -394.9656 23.90665 -4.754822 -394.9656 23.55667 -6.032715 -395.8605 23.90665 -6.032715 -395.8605 23.55667 -7.135864 -396.9636 23.90665 -7.135864 -396.9636 23.55667 -8.030701 -398.2416 23.90665 -8.030701 -398.2416 23.55667 -8.690064 -399.6555 23.90665 -8.690064 -399.6555 23.55667 -9.093811 -401.1624 23.90665 -9.093811 -401.1624 23.55667 -9.229798 -402.7166 23.90665 -9.229798 -402.7166 23.55667 -9.093811 -404.2708 23.90665 -9.093811 -404.2708 23.55667 -8.690064 -405.7777 23.90665 -8.690064 -405.7777 23.55667 -8.030701 -407.1916 23.90665 -8.030701 -407.1916 23.55667 -7.135864 -408.4696 23.90665 -7.135864 -408.4696 23.55667 -6.032715 -409.5727 23.90665 -6.032715 -409.5727 23.55667 -4.754822 -410.4675 23.90665 -4.754822 -410.4675 23.55667 -3.340881 -411.1268 23.90665 -3.340881 -411.1268 23.55667 -1.833923 -411.5306 23.90665 -1.833923 -411.5306 23.55667 -0.2797852 -411.6666 23.90665 -0.2797852 -411.6666 23.55667 1.274353 -411.5306 23.90665 1.274353 -411.5306 23.55667 2.781311 -411.1268 23.90665 2.781311 -411.1268 23.55667 4.19519 -410.4675 23.90665 4.19519 -410.4675 23.55667 5.473145 -409.5727 23.90665 5.473145 -409.5727 23.55667 6.576294 -408.4696 23.90665 6.576294 -408.4696 23.55667 7.47113 -407.1916 23.90665 7.47113 -407.1916 23.55667 8.130433 -405.7777 23.90665 8.130433 -405.7777 23.55667 8.534241 -404.2708 23.90665 8.534241 -404.2708 23.55667 8.670228 -402.7166 23.90665 8.670228 -402.7166 23.55667 8.534241 -401.1624 23.90665 8.534241 -401.1624 23.55667 8.130433 -399.6555 23.90665 8.130433 -399.6555 23.55667 7.47113 -398.2416 23.90665 7.47113 -398.2416 23.55667 6.576294 -396.9636 23.90665 6.576294 -396.9636 23.55667 5.473145 -395.8605 23.90665 5.473145 -395.8605 23.55667 4.19519 -394.9656 23.90665 4.19519 -394.9656 23.55667 2.781311 -394.3063 23.90665 2.781311 -394.3063 23.55667 1.274353 -393.9025 23.90665 1.274353 -393.9025 23.55667 -0.2797852 -393.7666 20.45664 -9.204773 -415.2666 23.55667 -5.729797 -415.2666 23.55667 -9.204773 -415.2666 20.45664 8.645203 -415.2666 23.55667 8.645203 -415.2666 23.55667 5.170227 -415.2666 20.45664 11.7702 -415.2666 20.45664 14.72021 -412.3166 20.45664 14.67541 -412.8289 20.45664 14.5423 -413.3256 20.45664 14.32495 -413.7916 20.45664 14.03003 -414.2128 20.45664 13.66644 -414.5764 20.45664 13.24518 -414.8713 20.45664 12.77917 -415.0887 20.45664 12.28247 -415.2218 20.45664 -15.27978 -355.9916 20.45664 -15.27978 -352.8666 20.45664 -15.27978 -409.1916 20.60312 -15.27978 -357.0666 23.55667 -15.27978 -355.9916 20.60312 -15.27978 -381.3798 21.85959 -15.27978 -380.648 22.13791 -15.27978 -380.4618 20.60312 -15.27978 -362.2033 23.55667 -15.27978 -409.1916 20.60312 -15.27978 -408.1166 21.85959 -15.27978 -366.948 22.13791 -15.27978 -366.7618 20.60312 -15.27978 -367.6799 22.84873 -15.27978 -366.2012 22.84873 -15.27978 -379.9012 23.16959 -15.27978 -379.5642 23.35721 -15.27978 -379.3 23.16959 -15.27978 -365.8641 23.35721 -15.27978 -365.6 23.46603 -15.27978 -365.3839 23.46603 -15.27978 -379.0839 23.52658 -15.27978 -378.8959 23.55362 -15.27978 -378.7226 23.52658 -15.27978 -365.1959 23.55362 -15.27978 -365.0227 23.55667 -15.27978 -364.9416 23.55667 -15.27978 -378.6416 23.54184 -15.27978 -378.463 23.49747 -15.27978 -378.2844 23.54184 -15.27978 -364.763 23.49747 -15.27978 -364.5844 23.41782 -15.27978 -364.3932 23.41782 -15.27978 -378.0932 23.25833 -15.27978 -377.8339 22.95554 -15.27978 -377.4846 23.25833 -15.27978 -364.1339 22.95554 -15.27978 -363.7846 22.68515 -15.27978 -363.5372 22.68515 -15.27978 -377.2373 22.47263 -15.27978 -377.0657 21.84586 -15.27978 -376.6262 22.47263 -15.27978 -363.3657 21.84586 -15.27978 -362.9263 21.26419 -15.27978 -362.5711 21.26419 -15.27978 -376.2711 20.60312 -15.27978 -375.9033 20.45664 14.72021 -409.1916 20.45664 11.6452 -409.1916 20.45664 11.12427 -409.2372 20.45664 8.645203 -412.1916 20.45664 10.61914 -409.3725 20.45664 10.1452 -409.5935 20.45664 9.716858 -409.8934 20.45664 9.347046 -410.2632 20.45664 9.04712 -410.6916 20.45664 8.826111 -411.1655 20.45664 8.690796 -411.6707 23.55667 8.645203 -412.1916 23.55667 8.690796 -411.6707 23.55667 8.826111 -411.1655 23.55667 9.04712 -410.6916 23.55667 9.347046 -410.2632 23.55667 9.716858 -409.8934 23.55667 10.1452 -409.5935 23.55667 10.61914 -409.3725 23.55667 11.12427 -409.2372 23.55667 11.6452 -409.1916 23.55667 13.6452 -409.1916 23.55667 14.72021 -409.1916 20.45664 -12.20477 -409.1916 20.45664 -9.204773 -412.1916 20.45664 -10.70477 -409.5935 20.45664 -11.17871 -409.3725 20.45664 -11.68384 -409.2372 20.45664 -9.385743 -411.1655 20.45664 -9.60669 -410.6916 20.45664 -9.906678 -410.2632 20.45664 -10.27643 -409.8934 20.45664 -9.250367 -411.6707 23.55667 -9.204773 -412.1916 23.55667 -14.20477 -409.1916 23.55667 -12.20477 -409.1916 23.55667 -11.68384 -409.2372 23.55667 -11.17871 -409.3725 23.55667 -10.70477 -409.5935 23.55667 -10.27643 -409.8934 23.55667 -9.906678 -410.2632 23.55667 -9.60669 -410.6916 23.55667 -9.385743 -411.1655 23.55667 -9.250367 -411.6707 20.45664 11.7702 -349.9166 20.45664 8.645203 -349.9166 20.45664 8.645203 -352.9916 20.45664 11.6452 -355.9916 20.45664 14.72021 -355.9916 20.45664 14.72021 -352.8666 20.45664 13.50415 -350.48 20.45664 13.1095 -350.2381 20.45664 10.1452 -355.5897 20.45664 10.61914 -355.8107 20.45664 11.12427 -355.946 20.45664 12.68182 -350.061 20.45664 12.23169 -349.9529 20.45664 8.826111 -354.0177 20.45664 9.04712 -354.4916 20.45664 9.347046 -354.9199 20.45664 9.716858 -355.2897 20.45664 14.6839 -352.4051 20.45664 14.57581 -351.955 20.45664 14.39868 -351.5273 20.45664 8.690796 -353.5125 20.45664 14.1568 -351.1326 20.45664 13.85614 -350.7807 23.55667 8.645203 -352.9916 23.55667 8.645203 -350.9916 23.55667 8.645203 -349.9166 23.55667 14.72021 -355.9916 23.55667 13.6452 -355.9916 23.55667 11.6452 -355.9916 23.55667 11.12427 -355.946 23.55667 10.61914 -355.8107 23.55667 10.1452 -355.5897 23.55667 9.716858 -355.2897 23.55667 9.347046 -354.9199 23.55667 9.04712 -354.4916 23.55667 8.826111 -354.0177 23.55667 8.690796 -353.5125 20.45664 -12.20477 -355.9916 20.45664 -9.204773 -352.9916 20.45664 -9.204773 -349.9166 20.45664 -12.32977 -349.9166 20.45664 -9.60669 -354.4916 20.45664 -9.385743 -354.0177 20.45664 -9.250367 -353.5125 20.45664 -12.84204 -349.9614 20.45664 -13.33874 -350.0945 20.45664 -13.80481 -350.3118 20.45664 -11.68384 -355.946 20.45664 -11.17871 -355.8107 20.45664 -10.70477 -355.5897 20.45664 -14.22601 -350.6068 20.45664 -14.5896 -350.9703 20.45664 -14.88458 -351.3916 20.45664 -15.10187 -351.8576 20.45664 -15.23499 -352.3543 20.45664 -10.27643 -355.2897 20.45664 -9.906678 -354.9199 23.55667 -9.204773 -352.9916 23.55667 -9.250367 -353.5125 23.55667 -9.385743 -354.0177 23.55667 -9.60669 -354.4916 23.55667 -9.906678 -354.9199 23.55667 -10.27643 -355.2897 23.55667 -10.70477 -355.5897 23.55667 -11.17871 -355.8107 23.55667 -11.68384 -355.946 23.55667 -12.20477 -355.9916 23.55667 -14.20477 -355.9916 23.55667 -9.204773 -349.9166 23.55667 -9.204773 -350.9916 23.55667 11.42816 -392.7813 23.55667 11.59656 -392.8264 23.55667 11.7702 -391.8416 23.55667 11.7702 -392.8416 23.55667 11.94385 -392.8264 23.55667 11.00415 -392.4844 23.55667 11.12744 -392.6076 23.55667 11.2702 -392.7076 23.55667 10.7854 -392.0152 23.55667 10.83051 -392.1836 23.55667 10.90417 -392.3416 23.55667 10.83051 -391.4996 23.55667 10.7854 -391.6679 23.55667 10.7702 -391.8416 23.55667 11.12744 -391.0756 23.55667 11.00415 -391.1988 23.55667 10.90417 -391.3416 23.55667 11.59656 -390.8568 23.55667 11.42816 -390.9019 23.55667 11.2702 -390.9755 23.55667 12.11224 -390.9019 23.55667 11.94385 -390.8568 23.55667 11.7702 -390.8416 23.55667 12.53625 -391.1988 23.55667 12.41296 -391.0756 23.55667 12.2702 -390.9755 23.55667 12.755 -391.6679 23.55667 12.7099 -391.4996 23.55667 12.63623 -391.3416 23.55667 12.7099 -392.1836 23.55667 12.755 -392.0152 23.55667 12.7702 -391.8416 23.55667 12.41296 -392.6076 23.55667 12.53625 -392.4844 23.55667 12.63623 -392.3416 23.55667 12.11224 -392.7813 23.55667 12.2702 -392.7076 20.60312 14.72021 -357.0666 23.55667 13.6452 -358.9041 23.55667 13.6452 -362.6641 22.14774 14.15802 -362.4337 20.60312 14.72021 -362.2033 23.55667 13.6452 -389.5641 22.14774 14.15802 -389.3337 23.55667 13.6452 -385.2416 23.55667 13.6452 -371.7916 20.60312 14.72021 -389.1033 20.60312 14.72021 -367.6799 22.14774 14.15802 -367.4495 23.55667 13.6452 -367.2191 23.55667 -15.24951 -378.2198 23.55667 -14.24457 -376.3974 23.55667 -14.20477 -376.3641 22.14774 -14.71759 -376.1337 23.55667 -14.51117 -376.6556 23.55667 -15.15472 -377.7917 23.55667 -14.99756 -377.3824 23.55667 -14.78143 -377.0009 23.55667 -14.20477 -367.2191 22.14774 -14.71759 -367.4495 23.55667 -14.20477 -371.7916 23.55667 -15.24951 -364.5198 23.55667 -14.51117 -362.9556 23.55667 -14.20477 -362.6641 22.14774 -14.71759 -362.4337 23.55667 -15.15472 -364.0917 23.55667 -14.99756 -363.6824 23.55667 -14.78143 -363.3009 20.60312 -8.129822 -349.9166 23.55667 -5.729797 -350.9916 23.55667 -2.557251 -350.9916 22.14774 -2.787659 -350.4788 20.60312 -3.018066 -349.9166 20.60312 7.57019 -349.9166 23.55667 -1.920532 -350.4149 23.55667 -2.265747 -350.6852 22.84873 -1.539429 -349.9166 22.13791 -2.100037 -349.9166 21.85959 -2.286255 -349.9166 23.55667 -1.539002 -350.1989 23.55667 -1.1297 -350.0416 23.16959 -1.202332 -349.9166 23.55667 -0.7015992 -349.9469 23.46603 -0.722107 -349.9166 23.35721 -0.9382325 -349.9166 23.55667 -0.2797852 -349.9166 23.55362 -0.3608399 -349.9166 23.52658 -0.5341187 -349.9166 23.54184 -0.1012574 -349.9166 23.55667 0.1549071 -349.9488 23.55667 1.70813 -350.687 23.55667 1.997681 -350.9916 22.14774 2.228088 -350.4788 23.55667 0.5800781 -350.0447 23.41782 0.2686157 -349.9166 23.49747 0.07739245 -349.9166 23.55667 0.9864501 -350.2022 22.95554 0.8771972 -349.9166 23.25833 0.5279541 -349.9166 23.55667 1.365234 -350.4179 22.47263 1.296142 -349.9166 22.67404 1.133911 -349.9166 20.60312 2.458496 -349.9166 21.26419 2.090698 -349.9166 21.83432 1.742981 -349.9166 23.55667 5.170227 -350.9916 20.60312 14.72021 -408.1166 23.55667 14.22186 -390.2009 23.55667 13.9516 -389.8556 23.55667 13.68494 -389.5974 22.84873 14.72021 -390.582 22.13791 14.72021 -390.0214 21.85959 14.72021 -389.8352 23.55667 14.43793 -390.5823 23.55667 14.59515 -390.9917 23.16959 14.72021 -390.919 23.55667 14.68988 -391.4198 23.46603 14.72021 -391.3993 23.35721 14.72021 -391.1832 23.55667 14.72021 -391.8416 23.55362 14.72021 -391.7606 23.52658 14.72021 -391.5872 23.54184 14.72021 -392.0202 23.55667 14.68988 -392.2634 23.55667 13.68494 -394.0858 23.55667 13.6452 -394.119 22.14774 14.15802 -394.3494 23.55667 13.9516 -393.8276 23.55667 14.59515 -392.6915 23.41782 14.72021 -392.39 23.49747 14.72021 -392.1987 23.55667 14.43793 -393.1008 22.95554 14.72021 -392.9986 23.25833 14.72021 -392.6493 23.55667 14.22186 -393.4823 22.47263 14.72021 -393.4175 22.68515 14.72021 -393.2459 20.60312 14.72021 -394.5798 21.26419 14.72021 -394.212 21.84586 14.72021 -393.8569 23.55667 13.6452 -402.7291 23.55667 14.22186 -363.3009 23.55667 13.9516 -362.9556 22.84873 14.72021 -363.682 22.13791 14.72021 -363.1213 21.85959 14.72021 -362.9351 23.55667 14.43793 -363.6824 23.55667 14.59515 -364.0917 23.16959 14.72021 -364.0191 23.55667 14.68988 -364.5198 23.46603 14.72021 -364.4993 23.35721 14.72021 -364.2832 23.55667 14.72021 -364.9416 23.55362 14.72021 -364.8605 23.52658 14.72021 -364.6873 23.54184 14.72021 -365.1201 23.55667 14.68988 -365.3634 23.55667 13.9516 -366.9276 23.55667 14.59515 -365.7915 23.41782 14.72021 -365.4899 23.49747 14.72021 -365.2988 23.55667 14.43793 -366.2008 22.95554 14.72021 -366.0986 23.25833 14.72021 -365.7493 23.55667 14.22186 -366.5823 22.47263 14.72021 -366.5175 22.68515 14.72021 -366.3459 21.26419 14.72021 -367.312 21.84586 14.72021 -366.9569 23.55667 -14.78143 -380.2823 23.55667 -14.51117 -380.6276 22.14774 -14.71759 -381.1495 23.55667 -14.24457 -380.8858 23.55667 -14.20477 -380.9191 23.55667 -14.99756 -379.9008 23.55667 -15.15472 -379.4915 23.55667 -15.24951 -379.0634 23.55667 -14.20477 -385.2416 23.55667 -14.20477 -402.7291 23.55667 -14.78143 -366.5823 23.55667 -14.51117 -366.9276 23.55667 -14.99756 -366.2008 23.55667 -15.15472 -365.7915 23.55667 -15.24951 -365.3634 23.55667 -14.20477 -358.9041 14.55667 -0.6218262 -353.8063 14.55667 -0.4534302 -353.8514 14.55667 -0.2797852 -352.8666 14.55667 -0.2797852 -353.8666 14.55667 -0.1061402 -353.8514 14.55667 -1.045837 -353.5093 14.55667 -0.9226075 -353.6326 14.55667 -0.7797852 -353.7326 14.55667 -1.264587 -353.0402 14.55667 -1.219483 -353.2086 14.55667 -1.145813 -353.3666 14.55667 -1.219483 -352.5245 14.55667 -1.264587 -352.6929 14.55667 -1.279785 -352.8666 14.55667 -0.9226075 -352.1005 14.55667 -1.045837 -352.2238 14.55667 -1.145813 -352.3666 14.55667 -0.4534302 -351.8818 14.55667 -0.6218262 -351.9269 14.55667 -0.7797852 -352.0006 14.55667 0.0621947 -351.9269 14.55667 -0.1061402 -351.8818 14.55667 -0.2797852 -351.8666 14.55667 0.486267 -352.2238 14.55667 0.362976 -352.1005 14.55667 0.2202147 -352.0006 14.55667 0.705017 -352.6929 14.55667 0.6599121 -352.5245 14.55667 0.5862426 -352.3666 14.55667 0.6599121 -353.2086 14.55667 0.705017 -353.0402 14.55667 0.7202148 -352.8666 14.55667 0.362976 -353.6326 14.55667 0.486267 -353.5093 14.55667 0.5862426 -353.3666 14.55667 0.0621947 -353.8063 14.55667 0.2202147 -353.7326 23.65665 -0.2797852 -351.8666 23.65665 -0.1061402 -351.8818 23.65665 0.0621947 -351.9269 23.65665 0.2202147 -352.0006 23.65665 0.362976 -352.1005 23.65665 0.486267 -352.2238 23.65665 0.5862426 -352.3666 23.65665 0.6599121 -352.5245 23.65665 0.705017 -352.6929 23.65665 0.7202148 -352.8666 23.65665 0.705017 -353.0402 23.65665 0.6599121 -353.2086 23.65665 0.5862426 -353.3666 23.65665 0.486267 -353.5093 23.65665 0.362976 -353.6326 23.65665 0.2202147 -353.7326 23.65665 0.0621947 -353.8063 23.65665 -0.1061402 -353.8514 23.65665 -0.2797852 -353.8666 23.65665 -0.4534302 -353.8514 23.65665 -0.6218262 -353.8063 23.65665 -0.7797852 -353.7326 23.65665 -0.9226075 -353.6326 23.65665 -1.045837 -353.5093 23.65665 -1.145813 -353.3666 23.65665 -1.219483 -353.2086 23.65665 -1.264587 -353.0402 23.65665 -1.279785 -352.8666 23.65665 -1.264587 -352.6929 23.65665 -1.219483 -352.5245 23.65665 -1.145813 -352.3666 23.65665 -1.045837 -352.2238 23.65665 -0.9226075 -352.1005 23.65665 -0.7797852 -352.0006 23.65665 -0.6218262 -351.9269 23.65665 -0.4534302 -351.8818 14.55667 11.42816 -365.8813 14.55667 11.59656 -365.9264 14.55667 11.7702 -364.9416 14.55667 11.7702 -365.9416 14.55667 11.94385 -365.9264 14.55667 11.00415 -365.5844 14.55667 11.12744 -365.7077 14.55667 11.2702 -365.8076 14.55667 10.7854 -365.1152 14.55667 10.83051 -365.2836 14.55667 10.90417 -365.4416 14.55667 10.83051 -364.5996 14.55667 10.7854 -364.768 14.55667 10.7702 -364.9416 14.55667 11.12744 -364.1755 14.55667 11.00415 -364.2988 14.55667 10.90417 -364.4416 14.55667 11.59656 -363.9568 14.55667 11.42816 -364.0019 14.55667 11.2702 -364.0756 14.55667 12.11224 -364.0019 14.55667 11.94385 -363.9568 14.55667 11.7702 -363.9416 14.55667 12.53625 -364.2988 14.55667 12.41296 -364.1755 14.55667 12.2702 -364.0756 14.55667 12.755 -364.768 14.55667 12.7099 -364.5996 14.55667 12.63623 -364.4416 14.55667 12.7099 -365.2836 14.55667 12.755 -365.1152 14.55667 12.7702 -364.9416 14.55667 12.41296 -365.7077 14.55667 12.53625 -365.5844 14.55667 12.63623 -365.4416 14.55667 12.11224 -365.8813 14.55667 12.2702 -365.8076 23.65665 11.7702 -363.9416 23.65665 11.94385 -363.9568 23.65665 12.11224 -364.0019 23.65665 12.2702 -364.0756 23.65665 12.41296 -364.1755 23.65665 12.53625 -364.2988 23.65665 12.63623 -364.4416 23.65665 12.7099 -364.5996 23.65665 12.755 -364.768 23.65665 12.7702 -364.9416 23.65665 12.755 -365.1152 23.65665 12.7099 -365.2836 23.65665 12.63623 -365.4416 23.65665 12.53625 -365.5844 23.65665 12.41296 -365.7077 23.65665 12.2702 -365.8076 23.65665 12.11224 -365.8813 23.65665 11.94385 -365.9264 23.65665 11.7702 -365.9416 23.65665 11.59656 -365.9264 23.65665 11.42816 -365.8813 23.65665 11.2702 -365.8076 23.65665 11.12744 -365.7077 23.65665 11.00415 -365.5844 23.65665 10.90417 -365.4416 23.65665 10.83051 -365.2836 23.65665 10.7854 -365.1152 23.65665 10.7702 -364.9416 23.65665 10.7854 -364.768 23.65665 10.83051 -364.5996 23.65665 10.90417 -364.4416 23.65665 11.00415 -364.2988 23.65665 11.12744 -364.1755 23.65665 11.2702 -364.0756 23.65665 11.42816 -364.0019 23.65665 11.59656 -363.9568 14.55667 -12.67181 -365.8813 14.55667 -12.50342 -365.9264 14.55667 -12.32977 -364.9416 14.55667 -12.32977 -365.9416 14.55667 -12.15613 -365.9264 14.55667 -13.09582 -365.5844 14.55667 -12.97259 -365.7077 14.55667 -12.82977 -365.8076 14.55667 -13.31457 -365.1152 14.55667 -13.26947 -365.2836 14.55667 -13.1958 -365.4416 14.55667 -13.26947 -364.5996 14.55667 -13.31457 -364.768 14.55667 -13.32977 -364.9416 14.55667 -12.97259 -364.1755 14.55667 -13.09582 -364.2988 14.55667 -13.1958 -364.4416 14.55667 -12.50342 -363.9568 14.55667 -12.67181 -364.0019 14.55667 -12.82977 -364.0756 14.55667 -11.98779 -364.0019 14.55667 -12.15613 -363.9568 14.55667 -12.32977 -363.9416 14.55667 -11.56372 -364.2988 14.55667 -11.68701 -364.1755 14.55667 -11.82977 -364.0756 14.55667 -11.34497 -364.768 14.55667 -11.39008 -364.5996 14.55667 -11.46374 -364.4416 14.55667 -11.39008 -365.2836 14.55667 -11.34497 -365.1152 14.55667 -11.32977 -364.9416 14.55667 -11.68701 -365.7077 14.55667 -11.56372 -365.5844 14.55667 -11.46374 -365.4416 14.55667 -11.98779 -365.8813 14.55667 -11.82977 -365.8076 23.65665 -12.32977 -363.9416 23.65665 -12.15613 -363.9568 23.65665 -11.98779 -364.0019 23.65665 -11.82977 -364.0756 23.65665 -11.68701 -364.1755 23.65665 -11.56372 -364.2988 23.65665 -11.46374 -364.4416 23.65665 -11.39008 -364.5996 23.65665 -11.34497 -364.768 23.65665 -11.32977 -364.9416 23.65665 -11.34497 -365.1152 23.65665 -11.39008 -365.2836 23.65665 -11.46374 -365.4416 23.65665 -11.56372 -365.5844 23.65665 -11.68701 -365.7077 23.65665 -11.82977 -365.8076 23.65665 -11.98779 -365.8813 23.65665 -12.15613 -365.9264 23.65665 -12.32977 -365.9416 23.65665 -12.50342 -365.9264 23.65665 -12.67181 -365.8813 23.65665 -12.82977 -365.8076 23.65665 -12.97259 -365.7077 23.65665 -13.09582 -365.5844 23.65665 -13.1958 -365.4416 23.65665 -13.26947 -365.2836 23.65665 -13.31457 -365.1152 23.65665 -13.32977 -364.9416 23.65665 -13.31457 -364.768 23.65665 -13.26947 -364.5996 23.65665 -13.1958 -364.4416 23.65665 -13.09582 -364.2988 23.65665 -12.97259 -364.1755 23.65665 -12.82977 -364.0756 23.65665 -12.67181 -364.0019 23.65665 -12.50342 -363.9568 4.656647 12.23169 -349.9529 4.656647 12.68182 -350.061 4.656647 13.1095 -350.2381 4.656647 13.50415 -350.48 4.656647 13.85614 -350.7807 4.656647 14.1568 -351.1326 4.656647 14.39868 -351.5273 4.656647 14.57581 -351.955 4.656647 14.6839 -352.4051 23.55667 -12.67181 -379.5813 23.55667 -12.50342 -379.6264 23.55667 -12.32977 -378.6416 23.55667 -12.32977 -379.6416 23.55667 -12.15613 -379.6264 23.55667 -13.09582 -379.2844 23.55667 -12.97259 -379.4076 23.55667 -12.82977 -379.5076 23.55667 -13.31457 -378.8153 23.55667 -13.26947 -378.9836 23.55667 -13.1958 -379.1416 23.55667 -13.26947 -378.2996 23.55667 -13.31457 -378.468 23.55667 -13.32977 -378.6416 23.55667 -12.97259 -377.8756 23.55667 -13.09582 -377.9988 23.55667 -13.1958 -378.1416 23.55667 -12.50342 -377.6567 23.55667 -12.67181 -377.7019 23.55667 -12.82977 -377.7756 23.55667 -11.98779 -377.7019 23.55667 -12.15613 -377.6567 23.55667 -12.32977 -377.6416 23.55667 -11.56372 -377.9988 23.55667 -11.68701 -377.8756 23.55667 -11.82977 -377.7756 23.55667 -11.34497 -378.468 23.55667 -11.39008 -378.2996 23.55667 -11.46374 -378.1416 23.55667 -11.39008 -378.9836 23.55667 -11.34497 -378.8153 23.55667 -11.32977 -378.6416 23.55667 -11.68701 -379.4076 23.55667 -11.56372 -379.2844 23.55667 -11.46374 -379.1416 23.55667 -11.98779 -379.5813 23.55667 -11.82977 -379.5076 23.55667 -9.80481 -402.7291 23.55667 -9.80481 -358.9041 23.55667 -5.729797 -358.9041 23.55667 -0.2797852 -350.9166 23.55667 0.05883777 -350.9462 23.55667 0.3871459 -351.0342 23.55667 0.6951904 -351.1779 23.55667 1.552612 -352.1997 23.55667 1.640564 -352.528 23.55667 -0.6184083 -354.7869 23.55667 -0.9467164 -354.699 23.55667 0.9736328 -351.3728 23.55667 1.213989 -351.6132 23.55667 1.408935 -351.8916 23.55667 -2.200195 -352.528 23.55667 -2.112183 -352.1997 23.55667 -0.6184083 -350.9462 23.55667 -0.9467164 -351.0342 23.55667 1.670227 -352.8666 23.55667 1.640564 -353.2052 23.55667 5.170227 -358.9041 23.55667 1.552612 -353.5335 23.55667 1.408935 -353.8416 23.55667 1.213989 -354.12 23.55667 0.9736328 -354.3604 23.55667 0.6951904 -354.5553 23.55667 -1.254822 -351.1779 23.55667 -1.533203 -351.3728 23.55667 -1.77356 -351.6132 23.55667 -1.968567 -351.8916 23.55667 0.3871459 -354.699 23.55667 0.05883777 -354.7869 23.55667 -0.2797852 -354.8166 23.55667 -1.254822 -354.5553 23.55667 -1.533203 -354.3604 23.55667 -1.77356 -354.12 23.55667 -1.968567 -353.8416 23.55667 -2.112183 -353.5335 23.55667 -2.200195 -353.2052 23.55667 -2.229797 -352.8666 23.55667 9.245179 -358.9041 23.55667 13.6026 -365.6085 23.55667 13.45898 -365.9166 23.55667 13.26398 -366.195 23.55667 13.02362 -366.4354 23.55667 13.26398 -363.6881 23.55667 13.45898 -363.9666 23.55667 13.6026 -364.2747 23.55667 13.69055 -364.603 23.55667 12.74518 -366.6303 23.55667 12.43713 -366.774 23.55667 12.10883 -366.8619 23.55667 10.79523 -366.6303 23.55667 10.51678 -366.4354 23.55667 9.245179 -371.7916 23.55667 10.27643 -366.195 23.55667 10.08148 -365.9166 23.55667 9.937806 -365.6085 23.55667 9.849854 -365.2802 23.55667 9.820191 -364.9416 23.55667 9.849854 -364.603 23.55667 9.937806 -364.2747 23.55667 10.08148 -363.9666 23.55667 10.27643 -363.6881 23.55667 10.51678 -363.4478 23.55667 10.79523 -363.2528 23.55667 11.7702 -366.8916 23.55667 11.43158 -366.8619 23.55667 11.10327 -366.774 23.55667 11.10327 -363.1092 23.55667 11.43158 -363.0212 23.55667 11.7702 -362.9916 23.55667 12.10883 -363.0212 23.55667 12.43713 -363.1092 23.55667 12.74518 -363.2528 23.55667 13.02362 -363.4478 23.55667 13.69055 -365.2802 23.55667 13.72021 -364.9416 23.55667 13.52454 -390.9902 23.55667 13.6452 -391.306 23.55667 13.3512 -390.7001 23.55667 12.57397 -393.6182 23.55667 12.86871 -390.2304 23.55667 13.13037 -390.4443 23.55667 9.885926 -391.3397 23.55667 10.00085 -391.0219 23.55667 9.245179 -385.2416 23.55667 10.16895 -390.7287 23.55667 13.6452 -392.3772 23.55667 13.52454 -392.6929 23.55667 12.25519 -393.7303 23.55667 11.92175 -393.7857 23.55667 9.245179 -402.7291 23.55667 10.16895 -392.9545 23.55667 10.00085 -392.6613 23.55667 10.38519 -390.4689 23.55667 10.64301 -390.2504 23.55667 10.93469 -390.0797 23.55667 12.25519 -389.9528 23.55667 12.57397 -390.065 23.55667 13.3512 -392.983 23.55667 13.13037 -393.2389 23.55667 12.86871 -393.4528 23.55667 9.885926 -392.3435 23.55667 9.827515 -392.0106 23.55667 9.827515 -391.6726 23.55667 11.25146 -389.9619 23.55667 11.5838 -389.9005 23.55667 11.92175 -389.8975 23.55667 11.5838 -393.7827 23.55667 11.25146 -393.7213 23.55667 10.93469 -393.6035 23.55667 10.64301 -393.4328 23.55667 10.38519 -393.2142 23.55667 -10.38715 -378.8106 23.55667 -10.4455 -379.1434 23.55667 -9.80481 -385.2416 23.55667 -10.56042 -379.4613 23.55667 -13.13361 -376.8649 23.55667 -10.38715 -378.4726 23.55667 -9.80481 -371.7916 23.55667 -10.4455 -378.1397 23.55667 -10.56042 -377.8219 23.55667 -13.91083 -379.783 23.55667 -14.08417 -379.4929 23.55667 -14.20477 -379.1772 23.55667 -14.20477 -378.106 23.55667 -10.72858 -379.7545 23.55667 -10.94476 -380.0142 23.55667 -11.20258 -380.2328 23.55667 -11.49426 -380.4035 23.55667 -11.81103 -380.5213 23.55667 -12.14337 -380.5827 23.55667 -12.48132 -380.5857 23.55667 -12.81476 -380.5303 23.55667 -12.81476 -376.7529 23.55667 -12.48132 -376.6975 23.55667 -12.14337 -376.7005 23.55667 -14.08417 -377.7903 23.55667 -13.91083 -377.5001 23.55667 -13.69 -377.2443 23.55667 -13.42828 -377.0304 23.55667 -11.81103 -376.7619 23.55667 -11.49426 -376.8796 23.55667 -11.20258 -377.0504 23.55667 -10.94476 -377.2689 23.55667 -10.72858 -377.5287 23.55667 -13.13361 -380.4182 23.55667 -13.42828 -380.2528 23.55667 -13.69 -380.0389 23.55667 -13.82361 -366.195 23.55667 -14.01855 -365.9166 23.55667 -14.16217 -364.2747 23.55667 -14.01855 -363.9666 23.55667 -10.836 -366.195 23.55667 -11.07635 -366.4354 23.55667 -11.3548 -366.6303 23.55667 -13.82361 -363.6881 23.55667 -13.58325 -363.4478 23.55667 -13.30481 -363.2528 23.55667 -12.99676 -363.1092 23.55667 -11.66284 -363.1092 23.55667 -11.3548 -363.2528 23.55667 -11.07635 -363.4478 23.55667 -10.836 -363.6881 23.55667 -10.64105 -363.9666 23.55667 -12.6684 -366.8619 23.55667 -12.99676 -366.774 23.55667 -13.30481 -366.6303 23.55667 -13.58325 -366.4354 23.55667 -12.6684 -363.0212 23.55667 -12.32977 -362.9916 23.55667 -11.99121 -363.0212 23.55667 -10.40942 -365.2802 23.55667 -10.49738 -365.6085 23.55667 -10.64105 -365.9166 23.55667 -11.66284 -366.774 23.55667 -11.99121 -366.8619 23.55667 -12.32977 -366.8916 23.55667 -10.49738 -364.2747 23.55667 -10.40942 -364.603 23.55667 -10.37982 -364.9416 23.55667 -14.16217 -365.6085 23.55667 -14.25018 -365.2802 23.55667 -14.25018 -364.603 23.55667 -14.27978 -364.9416 23.55667 -5.729797 -385.2416 23.55667 5.170227 -385.2416 23.55667 5.170227 -371.7916 23.55667 -5.729797 -371.7916 23.35666 -13.26947 -378.9836 23.35666 -13.31457 -378.8153 23.35666 -14.20477 -379.1772 23.35666 -13.32977 -378.6416 23.35666 -14.20477 -378.106 23.35666 -11.34497 -378.8153 23.35666 -10.38715 -378.8106 23.35666 -11.32977 -378.6416 23.35666 -10.38715 -378.4726 23.35666 -11.34497 -378.468 23.35666 -10.4455 -378.1397 23.35666 -11.39008 -378.2996 23.35666 -10.56042 -377.8219 23.35666 -11.46374 -378.1416 23.35666 -10.72858 -377.5287 23.35666 -11.56372 -377.9988 23.35666 -10.94476 -377.2689 23.35666 -11.68701 -377.8756 23.35666 -11.20258 -377.0504 23.35666 -11.82977 -377.7756 23.35666 -11.49426 -376.8796 23.35666 -11.98779 -377.7019 23.35666 -11.81103 -376.7619 23.35666 -12.15613 -377.6567 23.35666 -12.14337 -376.7005 23.35666 -12.32977 -377.6416 23.35666 -12.48132 -376.6975 23.35666 -12.50342 -377.6567 23.35666 -12.81476 -376.7529 23.35666 -12.67181 -377.7019 23.35666 -13.13361 -376.8649 23.35666 -12.82977 -377.7756 23.35666 -13.42828 -377.0304 23.35666 -12.97259 -377.8756 23.35666 -13.69 -377.2443 23.35666 -13.09582 -377.9988 23.35666 -13.91083 -377.5001 23.35666 -13.1958 -378.1416 23.35666 -14.08417 -377.7903 23.35666 -13.26947 -378.2996 23.35666 -13.31457 -378.468 23.35666 -13.1958 -379.1416 23.35666 -14.08417 -379.4929 23.35666 -13.09582 -379.2844 23.35666 -13.91083 -379.783 23.35666 -12.97259 -379.4076 23.35666 -13.69 -380.0389 23.35666 -12.82977 -379.5076 23.35666 -13.42828 -380.2528 23.35666 -12.67181 -379.5813 23.35666 -13.13361 -380.4182 23.35666 -12.50342 -379.6264 23.35666 -12.81476 -380.5303 23.35666 -12.32977 -379.6416 23.35666 -12.48132 -380.5857 23.35666 -12.15613 -379.6264 23.35666 -12.14337 -380.5827 23.35666 -11.98779 -379.5813 23.35666 -11.81103 -380.5213 23.35666 -11.82977 -379.5076 23.35666 -11.49426 -380.4035 23.35666 -11.68701 -379.4076 23.35666 -11.20258 -380.2328 23.35666 -11.56372 -379.2844 23.35666 -10.94476 -380.0142 23.35666 -11.46374 -379.1416 23.35666 -10.72858 -379.7545 23.35666 -11.39008 -378.9836 23.35666 -10.56042 -379.4613 23.35666 -10.4455 -379.1434 23.35666 12.7099 -391.4996 23.35666 12.755 -391.6679 23.35666 13.6452 -391.306 23.35666 12.7702 -391.8416 23.35666 13.6452 -392.3772 23.35666 12.63623 -391.3416 23.35666 13.52454 -390.9902 23.35666 12.53625 -391.1988 23.35666 13.3512 -390.7001 23.35666 12.41296 -391.0756 23.35666 13.13037 -390.4443 23.35666 12.2702 -390.9755 23.35666 12.86871 -390.2304 23.35666 12.11224 -390.9019 23.35666 12.57397 -390.065 23.35666 11.94385 -390.8568 23.35666 12.25519 -389.9528 23.35666 11.7702 -390.8416 23.35666 11.92175 -389.8975 23.35666 11.59656 -390.8568 23.35666 11.5838 -389.9005 23.35666 11.42816 -390.9019 23.35666 11.25146 -389.9619 23.35666 11.2702 -390.9755 23.35666 10.93469 -390.0797 23.35666 11.12744 -391.0756 23.35666 10.64301 -390.2504 23.35666 11.00415 -391.1988 23.35666 10.38519 -390.4689 23.35666 10.90417 -391.3416 23.35666 10.16895 -390.7287 23.35666 10.83051 -391.4996 23.35666 10.00085 -391.0219 23.35666 10.7854 -391.6679 23.35666 12.755 -392.0152 23.35666 12.7099 -392.1836 23.35666 13.52454 -392.6929 23.35666 12.63623 -392.3416 23.35666 13.3512 -392.983 23.35666 12.53625 -392.4844 23.35666 13.13037 -393.2389 23.35666 12.41296 -392.6076 23.35666 12.86871 -393.4528 23.35666 12.2702 -392.7076 23.35666 12.57397 -393.6182 23.35666 12.11224 -392.7813 23.35666 12.25519 -393.7303 23.35666 11.94385 -392.8264 23.35666 11.92175 -393.7857 23.35666 11.7702 -392.8416 23.35666 11.5838 -393.7827 23.35666 11.59656 -392.8264 23.35666 11.25146 -393.7213 23.35666 11.42816 -392.7813 23.35666 10.93469 -393.6035 23.35666 11.2702 -392.7076 23.35666 10.64301 -393.4328 23.35666 11.12744 -392.6076 23.35666 10.38519 -393.2142 23.35666 11.00415 -392.4844 23.35666 10.16895 -392.9545 23.35666 10.90417 -392.3416 23.35666 10.00085 -392.6613 23.35666 10.83051 -392.1836 23.35666 9.885926 -392.3435 23.35666 10.7854 -392.0152 23.35666 9.827515 -392.0106 23.35666 10.7702 -391.8416 23.35666 9.827515 -391.6726 23.35666 9.885926 -391.3397 23.65665 1.213989 -351.6132 23.65665 0.9736328 -351.3728 23.65665 0.6951904 -351.1779 23.65665 0.3871459 -351.0342 23.65665 0.05883777 -350.9462 23.65665 -0.2797852 -350.9166 23.65665 -0.6184083 -350.9462 23.65665 -0.9467164 -351.0342 23.65665 -1.254822 -351.1779 23.65665 -1.533203 -351.3728 23.65665 -1.77356 -351.6132 23.65665 -1.968567 -351.8916 23.65665 -2.112183 -352.1997 23.65665 -2.200195 -352.528 23.65665 -2.229797 -352.8666 23.65665 -2.200195 -353.2052 23.65665 -2.112183 -353.5335 23.65665 -1.968567 -353.8416 23.65665 -1.77356 -354.12 23.65665 -1.533203 -354.3604 23.65665 -1.254822 -354.5553 23.65665 -0.9467164 -354.699 23.65665 -0.6184083 -354.7869 23.65665 -0.2797852 -354.8166 23.65665 0.05883777 -354.7869 23.65665 0.3871459 -354.699 23.65665 0.6951904 -354.5553 23.65665 0.9736328 -354.3604 23.65665 1.213989 -354.12 23.65665 1.408935 -353.8416 23.65665 1.552612 -353.5335 23.65665 1.640564 -353.2052 23.65665 1.670227 -352.8666 23.65665 1.640564 -352.528 23.65665 1.552612 -352.1997 23.65665 1.408935 -351.8916 23.65665 13.69055 -364.603 23.65665 13.6026 -364.2747 23.65665 13.45898 -363.9666 23.65665 13.26398 -363.6881 23.65665 13.02362 -363.4478 23.65665 12.74518 -363.2528 23.65665 12.43713 -363.1092 23.65665 12.10883 -363.0212 23.65665 11.7702 -362.9916 23.65665 11.43158 -363.0212 23.65665 11.10327 -363.1092 23.65665 10.79523 -363.2528 23.65665 10.51678 -363.4478 23.65665 10.27643 -363.6881 23.65665 10.08148 -363.9666 23.65665 9.937806 -364.2747 23.65665 9.849854 -364.603 23.65665 9.820191 -364.9416 23.65665 9.849854 -365.2802 23.65665 9.937806 -365.6085 23.65665 10.08148 -365.9166 23.65665 10.27643 -366.195 23.65665 10.51678 -366.4354 23.65665 10.79523 -366.6303 23.65665 11.10327 -366.774 23.65665 11.43158 -366.8619 23.65665 11.7702 -366.8916 23.65665 12.10883 -366.8619 23.65665 12.43713 -366.774 23.65665 12.74518 -366.6303 23.65665 13.02362 -366.4354 23.65665 13.26398 -366.195 23.65665 13.45898 -365.9166 23.65665 13.6026 -365.6085 23.65665 13.69055 -365.2802 23.65665 13.72021 -364.9416 23.65665 -10.40942 -364.603 23.65665 -10.49738 -364.2747 23.65665 -10.64105 -363.9666 23.65665 -10.836 -363.6881 23.65665 -11.07635 -363.4478 23.65665 -11.3548 -363.2528 23.65665 -11.66284 -363.1092 23.65665 -11.99121 -363.0212 23.65665 -12.32977 -362.9916 23.65665 -12.6684 -363.0212 23.65665 -12.99676 -363.1092 23.65665 -13.30481 -363.2528 23.65665 -13.58325 -363.4478 23.65665 -13.82361 -363.6881 23.65665 -14.01855 -363.9666 23.65665 -14.16217 -364.2747 23.65665 -14.25018 -364.603 23.65665 -14.27978 -364.9416 23.65665 -14.25018 -365.2802 23.65665 -14.16217 -365.6085 23.65665 -14.01855 -365.9166 23.65665 -13.82361 -366.195 23.65665 -13.58325 -366.4354 23.65665 -13.30481 -366.6303 23.65665 -12.99676 -366.774 23.65665 -12.6684 -366.8619 23.65665 -12.32977 -366.8916 23.65665 -11.99121 -366.8619 23.65665 -11.66284 -366.774 23.65665 -11.3548 -366.6303 23.65665 -11.07635 -366.4354 23.65665 -10.836 -366.195 23.65665 -10.64105 -365.9166 23.65665 -10.49738 -365.6085 23.65665 -10.40942 -365.2802 23.65665 -10.37982 -364.9416 -24.14334 14.68768 -412.7534 -24.14334 14.72021 -412.3166 -13.64334 14.68768 -412.7534 -13.64334 14.58264 -413.207 -24.14334 14.58264 -413.207 -13.64334 14.40747 -413.6385 -24.14334 14.40747 -413.6385 -13.64334 14.16656 -414.0371 -24.14334 14.16656 -414.0371 -13.64334 13.86597 -414.3927 -24.14334 13.86597 -414.3927 -13.64334 13.51318 -414.6966 -24.14334 13.51318 -414.6966 -13.64334 13.11688 -414.9412 -24.14334 13.11688 -414.9412 -13.64334 12.68707 -415.1205 -24.14334 12.68707 -415.1205 -13.64334 12.23444 -415.2298 -24.14334 12.23444 -415.2298 -24.14334 11.7702 -415.2666 -21.18979 14.72021 -374.7783 -21.18979 14.72021 -355.6049 -21.85745 14.72021 -409.95 -21.18979 14.72021 -409.5783 -21.18979 14.72021 -380.2548 -21.85745 14.72021 -375.15 -22.4332 14.72021 -375.5017 -23.27182 14.72021 -410.9122 -23.05917 14.72021 -410.7406 -22.4332 14.72021 -410.3016 -22.44748 14.72021 -354.8723 -22.71927 14.72021 -354.6906 -23.4354 14.72021 -354.1262 -24.12851 14.72021 -412.1381 -24.08414 14.72021 -411.9594 -24.00449 14.72021 -411.7682 -23.27182 14.72021 -376.1123 -22.44748 14.72021 -379.5223 -22.71927 14.72021 -379.3405 -23.05917 14.72021 -375.9406 -23.845 14.72021 -411.5089 -23.54227 14.72021 -411.1596 -23.75613 14.72021 -353.7893 -23.94388 14.72021 -353.5251 -24.0527 14.72021 -353.309 -24.11325 14.72021 -353.121 -24.14029 14.72021 -352.9477 -24.14334 14.72021 -352.8666 -24.14334 14.72021 -377.5166 -24.14029 14.72021 -377.5977 -23.4354 14.72021 -378.7762 -23.75613 14.72021 -378.4393 -24.12851 14.72021 -377.338 -24.08414 14.72021 -377.1594 -24.00449 14.72021 -376.9682 -23.94388 14.72021 -378.1751 -24.0527 14.72021 -377.959 -24.11325 14.72021 -377.771 -23.845 14.72021 -376.7089 -23.54227 14.72021 -376.3596 -24.24332 11.7702 -378.5166 -19.14334 11.7702 -378.5166 -24.24332 11.94385 -378.5014 -19.14334 11.94385 -378.5014 -24.24332 12.11224 -378.4563 -19.14334 12.11224 -378.4563 -24.24332 12.2702 -378.3826 -19.14334 12.2702 -378.3826 -24.24332 12.41296 -378.2826 -19.14334 12.41296 -378.2826 -24.24332 12.53625 -378.1594 -19.14334 12.53625 -378.1594 -24.24332 12.63623 -378.0166 -19.14334 12.63623 -378.0166 -24.24332 12.7099 -377.8586 -19.14334 12.7099 -377.8586 -24.24332 12.755 -377.6903 -19.14334 12.755 -377.6903 -24.24332 12.7702 -377.5166 -19.14334 12.7702 -377.5166 -24.24332 12.755 -377.343 -19.14334 12.755 -377.343 -24.24332 12.7099 -377.1746 -19.14334 12.7099 -377.1746 -24.24332 12.63623 -377.0166 -19.14334 12.63623 -377.0166 -24.24332 12.53625 -376.8738 -19.14334 12.53625 -376.8738 -24.24332 12.41296 -376.7506 -19.14334 12.41296 -376.7506 -24.24332 12.2702 -376.6506 -19.14334 12.2702 -376.6506 -24.24332 12.11224 -376.5769 -19.14334 12.11224 -376.5769 -24.24332 11.94385 -376.5317 -19.14334 11.94385 -376.5317 -24.24332 11.7702 -376.5166 -19.14334 11.7702 -376.5166 -24.24332 11.59656 -376.5317 -19.14334 11.59656 -376.5317 -24.24332 11.42816 -376.5769 -19.14334 11.42816 -376.5769 -24.24332 11.2702 -376.6506 -19.14334 11.2702 -376.6506 -24.24332 11.12744 -376.7506 -19.14334 11.12744 -376.7506 -24.24332 11.00415 -376.8738 -19.14334 11.00415 -376.8738 -24.24332 10.90417 -377.0166 -19.14334 10.90417 -377.0166 -24.24332 10.83051 -377.1746 -19.14334 10.83051 -377.1746 -24.24332 10.7854 -377.343 -19.14334 10.7854 -377.343 -24.24332 10.7702 -377.5166 -19.14334 10.7702 -377.5166 -24.24332 10.7854 -377.6903 -19.14334 10.7854 -377.6903 -24.24332 10.83051 -377.8586 -19.14334 10.83051 -377.8586 -24.24332 10.90417 -378.0166 -19.14334 10.90417 -378.0166 -24.24332 11.00415 -378.1594 -19.14334 11.00415 -378.1594 -24.24332 11.12744 -378.2826 -19.14334 11.12744 -378.2826 -24.24332 11.2702 -378.3826 -19.14334 11.2702 -378.3826 -24.24332 11.42816 -378.4563 -19.14334 11.42816 -378.4563 -24.24332 11.59656 -378.5014 -19.14334 11.59656 -378.5014 -19.14334 11.7702 -377.5166 -24.24332 11.7702 -353.8666 -19.14334 11.7702 -353.8666 -24.24332 11.94385 -353.8514 -19.14334 11.94385 -353.8514 -24.24332 12.11224 -353.8063 -19.14334 12.11224 -353.8063 -24.24332 12.2702 -353.7326 -19.14334 12.2702 -353.7326 -24.24332 12.41296 -353.6326 -19.14334 12.41296 -353.6326 -24.24332 12.53625 -353.5093 -19.14334 12.53625 -353.5093 -24.24332 12.63623 -353.3666 -19.14334 12.63623 -353.3666 -24.24332 12.7099 -353.2086 -19.14334 12.7099 -353.2086 -24.24332 12.755 -353.0402 -19.14334 12.755 -353.0402 -24.24332 12.7702 -352.8666 -19.14334 12.7702 -352.8666 -24.24332 12.755 -352.6929 -19.14334 12.755 -352.6929 -24.24332 12.7099 -352.5245 -19.14334 12.7099 -352.5245 -24.24332 12.63623 -352.3666 -19.14334 12.63623 -352.3666 -24.24332 12.53625 -352.2238 -19.14334 12.53625 -352.2238 -24.24332 12.41296 -352.1005 -19.14334 12.41296 -352.1005 -24.24332 12.2702 -352.0006 -19.14334 12.2702 -352.0006 -24.24332 12.11224 -351.9269 -19.14334 12.11224 -351.9269 -24.24332 11.94385 -351.8818 -19.14334 11.94385 -351.8818 -24.24332 11.7702 -351.8666 -19.14334 11.7702 -351.8666 -24.24332 11.59656 -351.8818 -19.14334 11.59656 -351.8818 -24.24332 11.42816 -351.9269 -19.14334 11.42816 -351.9269 -24.24332 11.2702 -352.0006 -19.14334 11.2702 -352.0006 -24.24332 11.12744 -352.1005 -19.14334 11.12744 -352.1005 -24.24332 11.00415 -352.2238 -19.14334 11.00415 -352.2238 -24.24332 10.90417 -352.3666 -19.14334 10.90417 -352.3666 -24.24332 10.83051 -352.5245 -19.14334 10.83051 -352.5245 -24.24332 10.7854 -352.6929 -19.14334 10.7854 -352.6929 -24.24332 10.7702 -352.8666 -19.14334 10.7702 -352.8666 -24.24332 10.7854 -353.0402 -19.14334 10.7854 -353.0402 -24.24332 10.83051 -353.2086 -19.14334 10.83051 -353.2086 -24.24332 10.90417 -353.3666 -19.14334 10.90417 -353.3666 -24.24332 11.00415 -353.5093 -19.14334 11.00415 -353.5093 -24.24332 11.12744 -353.6326 -19.14334 11.12744 -353.6326 -24.24332 11.2702 -353.7326 -19.14334 11.2702 -353.7326 -24.24332 11.42816 -353.8063 -19.14334 11.42816 -353.8063 -24.24332 11.59656 -353.8514 -19.14334 11.59656 -353.8514 -19.14334 11.7702 -352.8666 -24.24332 11.7702 -413.3166 -19.14334 11.7702 -413.3166 -24.24332 11.94385 -413.3014 -19.14334 11.94385 -413.3014 -24.24332 12.11224 -413.2563 -19.14334 12.11224 -413.2563 -24.24332 12.2702 -413.1826 -19.14334 12.2702 -413.1826 -24.24332 12.41296 -413.0827 -19.14334 12.41296 -413.0827 -24.24332 12.53625 -412.9594 -19.14334 12.53625 -412.9594 -24.24332 12.63623 -412.8166 -19.14334 12.63623 -412.8166 -24.24332 12.7099 -412.6586 -19.14334 12.7099 -412.6586 -24.24332 12.755 -412.4902 -19.14334 12.755 -412.4902 -24.24332 12.7702 -412.3166 -19.14334 12.7702 -412.3166 -24.24332 12.755 -412.143 -19.14334 12.755 -412.143 -24.24332 12.7099 -411.9746 -19.14334 12.7099 -411.9746 -24.24332 12.63623 -411.8166 -19.14334 12.63623 -411.8166 -24.24332 12.53625 -411.6738 -19.14334 12.53625 -411.6738 -24.24332 12.41296 -411.5505 -19.14334 12.41296 -411.5505 -24.24332 12.2702 -411.4506 -19.14334 12.2702 -411.4506 -24.24332 12.11224 -411.3769 -19.14334 12.11224 -411.3769 -24.24332 11.94385 -411.3318 -19.14334 11.94385 -411.3318 -24.24332 11.7702 -411.3166 -19.14334 11.7702 -411.3166 -24.24332 11.59656 -411.3318 -19.14334 11.59656 -411.3318 -24.24332 11.42816 -411.3769 -19.14334 11.42816 -411.3769 -24.24332 11.2702 -411.4506 -19.14334 11.2702 -411.4506 -24.24332 11.12744 -411.5505 -19.14334 11.12744 -411.5505 -24.24332 11.00415 -411.6738 -19.14334 11.00415 -411.6738 -24.24332 10.90417 -411.8166 -19.14334 10.90417 -411.8166 -24.24332 10.83051 -411.9746 -19.14334 10.83051 -411.9746 -24.24332 10.7854 -412.143 -19.14334 10.7854 -412.143 -24.24332 10.7702 -412.3166 -19.14334 10.7702 -412.3166 -24.24332 10.7854 -412.4902 -19.14334 10.7854 -412.4902 -24.24332 10.83051 -412.6586 -19.14334 10.83051 -412.6586 -24.24332 10.90417 -412.8166 -19.14334 10.90417 -412.8166 -24.24332 11.00415 -412.9594 -19.14334 11.00415 -412.9594 -24.24332 11.12744 -413.0827 -19.14334 11.12744 -413.0827 -24.24332 11.2702 -413.1826 -19.14334 11.2702 -413.1826 -24.24332 11.42816 -413.2563 -19.14334 11.42816 -413.2563 -24.24332 11.59656 -413.3014 -19.14334 11.59656 -413.3014 -19.14334 11.7702 -412.3166 -24.24332 -12.32977 -378.5166 -19.14334 -12.32977 -378.5166 -24.24332 -12.15613 -378.5014 -19.14334 -12.15613 -378.5014 -24.24332 -11.98779 -378.4563 -19.14334 -11.98779 -378.4563 -24.24332 -11.82977 -378.3826 -19.14334 -11.82977 -378.3826 -24.24332 -11.68701 -378.2826 -19.14334 -11.68701 -378.2826 -24.24332 -11.56372 -378.1594 -19.14334 -11.56372 -378.1594 -24.24332 -11.46374 -378.0166 -19.14334 -11.46374 -378.0166 -24.24332 -11.39008 -377.8586 -19.14334 -11.39008 -377.8586 -24.24332 -11.34497 -377.6903 -19.14334 -11.34497 -377.6903 -24.24332 -11.32977 -377.5166 -19.14334 -11.32977 -377.5166 -24.24332 -11.34497 -377.343 -19.14334 -11.34497 -377.343 -24.24332 -11.39008 -377.1746 -19.14334 -11.39008 -377.1746 -24.24332 -11.46374 -377.0166 -19.14334 -11.46374 -377.0166 -24.24332 -11.56372 -376.8738 -19.14334 -11.56372 -376.8738 -24.24332 -11.68701 -376.7506 -19.14334 -11.68701 -376.7506 -24.24332 -11.82977 -376.6506 -19.14334 -11.82977 -376.6506 -24.24332 -11.98779 -376.5769 -19.14334 -11.98779 -376.5769 -24.24332 -12.15613 -376.5317 -19.14334 -12.15613 -376.5317 -24.24332 -12.32977 -376.5166 -19.14334 -12.32977 -376.5166 -24.24332 -12.50342 -376.5317 -19.14334 -12.50342 -376.5317 -24.24332 -12.67181 -376.5769 -19.14334 -12.67181 -376.5769 -24.24332 -12.82977 -376.6506 -19.14334 -12.82977 -376.6506 -24.24332 -12.97259 -376.7506 -19.14334 -12.97259 -376.7506 -24.24332 -13.09582 -376.8738 -19.14334 -13.09582 -376.8738 -24.24332 -13.1958 -377.0166 -19.14334 -13.1958 -377.0166 -24.24332 -13.26947 -377.1746 -19.14334 -13.26947 -377.1746 -24.24332 -13.31457 -377.343 -19.14334 -13.31457 -377.343 -24.24332 -13.32977 -377.5166 -19.14334 -13.32977 -377.5166 -24.24332 -13.31457 -377.6903 -19.14334 -13.31457 -377.6903 -24.24332 -13.26947 -377.8586 -19.14334 -13.26947 -377.8586 -24.24332 -13.1958 -378.0166 -19.14334 -13.1958 -378.0166 -24.24332 -13.09582 -378.1594 -19.14334 -13.09582 -378.1594 -24.24332 -12.97259 -378.2826 -19.14334 -12.97259 -378.2826 -24.24332 -12.82977 -378.3826 -19.14334 -12.82977 -378.3826 -24.24332 -12.67181 -378.4563 -19.14334 -12.67181 -378.4563 -24.24332 -12.50342 -378.5014 -19.14334 -12.50342 -378.5014 -19.14334 -12.32977 -377.5166 -24.24332 -12.32977 -353.8666 -19.14334 -12.32977 -353.8666 -24.24332 -12.15613 -353.8514 -19.14334 -12.15613 -353.8514 -24.24332 -11.98779 -353.8063 -19.14334 -11.98779 -353.8063 -24.24332 -11.82977 -353.7326 -19.14334 -11.82977 -353.7326 -24.24332 -11.68701 -353.6326 -19.14334 -11.68701 -353.6326 -24.24332 -11.56372 -353.5093 -19.14334 -11.56372 -353.5093 -24.24332 -11.46374 -353.3666 -19.14334 -11.46374 -353.3666 -24.24332 -11.39008 -353.2086 -19.14334 -11.39008 -353.2086 -24.24332 -11.34497 -353.0402 -19.14334 -11.34497 -353.0402 -24.24332 -11.32977 -352.8666 -19.14334 -11.32977 -352.8666 -24.24332 -11.34497 -352.6929 -19.14334 -11.34497 -352.6929 -24.24332 -11.39008 -352.5245 -19.14334 -11.39008 -352.5245 -24.24332 -11.46374 -352.3666 -19.14334 -11.46374 -352.3666 -24.24332 -11.56372 -352.2238 -19.14334 -11.56372 -352.2238 -24.24332 -11.68701 -352.1005 -19.14334 -11.68701 -352.1005 -24.24332 -11.82977 -352.0006 -19.14334 -11.82977 -352.0006 -24.24332 -11.98779 -351.9269 -19.14334 -11.98779 -351.9269 -24.24332 -12.15613 -351.8818 -19.14334 -12.15613 -351.8818 -24.24332 -12.32977 -351.8666 -19.14334 -12.32977 -351.8666 -24.24332 -12.50342 -351.8818 -19.14334 -12.50342 -351.8818 -24.24332 -12.67181 -351.9269 -19.14334 -12.67181 -351.9269 -24.24332 -12.82977 -352.0006 -19.14334 -12.82977 -352.0006 -24.24332 -12.97259 -352.1005 -19.14334 -12.97259 -352.1005 -24.24332 -13.09582 -352.2238 -19.14334 -13.09582 -352.2238 -24.24332 -13.1958 -352.3666 -19.14334 -13.1958 -352.3666 -24.24332 -13.26947 -352.5245 -19.14334 -13.26947 -352.5245 -24.24332 -13.31457 -352.6929 -19.14334 -13.31457 -352.6929 -24.24332 -13.32977 -352.8666 -19.14334 -13.32977 -352.8666 -24.24332 -13.31457 -353.0402 -19.14334 -13.31457 -353.0402 -24.24332 -13.26947 -353.2086 -19.14334 -13.26947 -353.2086 -24.24332 -13.1958 -353.3666 -19.14334 -13.1958 -353.3666 -24.24332 -13.09582 -353.5093 -19.14334 -13.09582 -353.5093 -24.24332 -12.97259 -353.6326 -19.14334 -12.97259 -353.6326 -24.24332 -12.82977 -353.7326 -19.14334 -12.82977 -353.7326 -24.24332 -12.67181 -353.8063 -19.14334 -12.67181 -353.8063 -24.24332 -12.50342 -353.8514 -19.14334 -12.50342 -353.8514 -19.14334 -12.32977 -352.8666 -24.24332 -12.32977 -413.3166 -19.14334 -12.32977 -413.3166 -24.24332 -12.15613 -413.3014 -19.14334 -12.15613 -413.3014 -24.24332 -11.98779 -413.2563 -19.14334 -11.98779 -413.2563 -24.24332 -11.82977 -413.1826 -19.14334 -11.82977 -413.1826 -24.24332 -11.68701 -413.0827 -19.14334 -11.68701 -413.0827 -24.24332 -11.56372 -412.9594 -19.14334 -11.56372 -412.9594 -24.24332 -11.46374 -412.8166 -19.14334 -11.46374 -412.8166 -24.24332 -11.39008 -412.6586 -19.14334 -11.39008 -412.6586 -24.24332 -11.34497 -412.4902 -19.14334 -11.34497 -412.4902 -24.24332 -11.32977 -412.3166 -19.14334 -11.32977 -412.3166 -24.24332 -11.34497 -412.143 -19.14334 -11.34497 -412.143 -24.24332 -11.39008 -411.9746 -19.14334 -11.39008 -411.9746 -24.24332 -11.46374 -411.8166 -19.14334 -11.46374 -411.8166 -24.24332 -11.56372 -411.6738 -19.14334 -11.56372 -411.6738 -24.24332 -11.68701 -411.5505 -19.14334 -11.68701 -411.5505 -24.24332 -11.82977 -411.4506 -19.14334 -11.82977 -411.4506 -24.24332 -11.98779 -411.3769 -19.14334 -11.98779 -411.3769 -24.24332 -12.15613 -411.3318 -19.14334 -12.15613 -411.3318 -24.24332 -12.32977 -411.3166 -19.14334 -12.32977 -411.3166 -24.24332 -12.50342 -411.3318 -19.14334 -12.50342 -411.3318 -24.24332 -12.67181 -411.3769 -19.14334 -12.67181 -411.3769 -24.24332 -12.82977 -411.4506 -19.14334 -12.82977 -411.4506 -24.24332 -12.97259 -411.5505 -19.14334 -12.97259 -411.5505 -24.24332 -13.09582 -411.6738 -19.14334 -13.09582 -411.6738 -24.24332 -13.1958 -411.8166 -19.14334 -13.1958 -411.8166 -24.24332 -13.26947 -411.9746 -19.14334 -13.26947 -411.9746 -24.24332 -13.31457 -412.143 -19.14334 -13.31457 -412.143 -24.24332 -13.32977 -412.3166 -19.14334 -13.32977 -412.3166 -24.24332 -13.31457 -412.4902 -19.14334 -13.31457 -412.4902 -24.24332 -13.26947 -412.6586 -19.14334 -13.26947 -412.6586 -24.24332 -13.1958 -412.8166 -19.14334 -13.1958 -412.8166 -24.24332 -13.09582 -412.9594 -19.14334 -13.09582 -412.9594 -24.24332 -12.97259 -413.0827 -19.14334 -12.97259 -413.0827 -24.24332 -12.82977 -413.1826 -19.14334 -12.82977 -413.1826 -24.24332 -12.67181 -413.2563 -19.14334 -12.67181 -413.2563 -24.24332 -12.50342 -413.3014 -19.14334 -12.50342 -413.3014 -19.14334 -12.32977 -412.3166 -24.12851 11.59167 -349.9166 -24.14334 11.7702 -349.9166 -24.14334 11.34839 -349.9469 -24.14334 9.784241 -350.6852 -24.14334 9.492737 -350.9916 -22.73441 9.26233 -350.4788 -24.14334 10.92029 -350.0416 -24.00449 11.22186 -349.9166 -24.08414 11.41302 -349.9166 -24.14334 10.51099 -350.1989 -23.54227 10.61322 -349.9166 -23.845 10.96246 -349.9166 -24.14334 10.12952 -350.4149 -23.05917 10.19415 -349.9166 -23.27182 10.36584 -349.9166 -21.18979 9.031922 -349.9166 -21.85745 9.403565 -349.9166 -22.4332 9.755311 -349.9166 -24.14334 -9.729798 -350.9916 -24.14334 -10.05231 -350.9916 -22.73441 -9.8219 -350.4788 -24.14334 9.170228 -350.9916 -21.18979 -9.591553 -349.9166 -24.14334 14.22186 -354.5073 -24.14334 13.9516 -354.8526 -22.73441 14.15802 -355.3745 -24.14334 13.6452 -355.1441 -24.14334 14.43793 -354.1258 -24.14334 14.59515 -353.7165 -24.14334 14.68988 -353.2884 -24.14334 14.68988 -411.8948 -24.14334 13.9516 -410.3306 -24.14334 13.6452 -410.0391 -22.73441 14.15802 -409.8087 -24.14334 14.59515 -411.4667 -24.14334 14.43793 -411.0574 -24.14334 14.22186 -410.6759 -24.14334 13.6452 -402.1416 -24.14334 13.6452 -379.7941 -22.73441 14.15802 -380.0245 -24.14334 13.6452 -386.6916 -24.14334 14.22186 -379.1573 -24.14334 13.9516 -379.5026 -24.14334 14.43793 -378.7758 -24.14334 14.59515 -378.3665 -24.14334 14.68988 -377.9384 -24.12851 -12.15124 -415.2666 -24.14334 -12.32977 -415.2666 -24.14334 -11.89514 -415.2344 -24.14334 -10.34192 -414.4962 -24.14334 -10.05231 -414.1916 -22.73441 -9.8219 -414.7044 -24.14334 -11.46991 -415.1385 -24.00449 -11.78143 -415.2666 -24.08414 -11.97266 -415.2666 -24.14334 -11.06354 -414.981 -23.54227 -11.17279 -415.2666 -23.845 -11.52209 -415.2666 -24.14334 -10.68475 -414.7653 -23.05917 -10.75372 -415.2666 -23.26071 -10.91608 -415.2666 -21.18979 -9.591553 -415.2666 -21.85745 -9.963135 -415.2666 -22.42166 -10.30743 -415.2666 -24.14334 9.170228 -414.1916 -24.14334 9.492737 -414.1916 -22.73441 9.26233 -414.7044 -24.14334 -9.729798 -414.1916 -21.18979 9.031922 -415.2666 -22.73441 -14.71759 -355.3745 -24.14334 -14.20477 -355.1441 -24.14334 -14.20477 -365.1916 -24.14334 -14.20477 -375.2391 -22.73441 -14.71759 -375.0087 -21.18979 -15.27978 -374.7783 -21.18979 -15.27978 -355.6049 -24.14334 -15.27978 -377.5166 -24.14334 -15.24951 -377.9384 -24.12851 -15.27978 -377.6951 -24.08414 -15.27978 -377.8737 -24.00449 -15.27978 -378.065 -24.14334 -15.15472 -378.3665 -23.845 -15.27978 -378.3243 -23.54227 -15.27978 -378.6736 -24.14334 -14.99756 -378.7758 -23.27182 -15.27978 -378.9209 -23.05917 -15.27978 -379.0926 -24.14334 -14.78143 -379.1573 -22.4332 -15.27978 -379.5315 -24.14334 -14.20477 -379.7941 -22.73441 -14.71759 -380.0245 -24.14334 -14.51117 -379.5026 -21.18979 -15.27978 -380.2548 -21.85745 -15.27978 -379.8833 -24.14334 -14.77997 -379.1595 -22.44748 -15.27978 -375.5109 -24.14334 -14.51117 -375.5306 -24.14334 -14.77997 -375.8737 -24.14334 -14.78143 -375.8759 -22.71927 -15.27978 -375.6926 -23.4354 -15.27978 -376.257 -24.14334 -14.99756 -376.2574 -24.14334 -15.15472 -376.6667 -23.75613 -15.27978 -376.5939 -24.14334 -15.24951 -377.0948 -24.0527 -15.27978 -377.0742 -23.94388 -15.27978 -376.858 -24.14029 -15.27978 -377.4355 -24.11325 -15.27978 -377.2622 -24.14334 -14.20477 -386.6916 -24.14334 -14.20477 -410.0391 -22.73441 -14.71759 -409.8087 -24.14334 -14.20477 -402.1416 -21.18979 -15.27978 -409.5783 -24.12851 -15.27978 -353.0451 -24.14334 -15.27978 -352.8666 -24.14334 -15.24951 -353.2884 -24.14334 -14.51117 -354.8526 -24.14334 -15.15472 -353.7165 -24.00449 -15.27978 -353.4149 -24.08414 -15.27978 -353.2238 -24.14334 -14.99756 -354.1258 -23.54227 -15.27978 -354.0236 -23.845 -15.27978 -353.6743 -24.14334 -14.78143 -354.5073 -23.05917 -15.27978 -354.4426 -23.27182 -15.27978 -354.2709 -21.85745 -15.27978 -355.2332 -22.4332 -15.27978 -354.8815 -24.14334 -10.68909 -350.4149 -24.14334 -10.34381 -350.6852 -23.4354 -11.07019 -349.9166 -22.71927 -10.50586 -349.9166 -22.44748 -10.3241 -349.9166 -24.14334 -11.07056 -350.1989 -24.14334 -11.47992 -350.0416 -23.75613 -11.4071 -349.9166 -24.14334 -11.90802 -349.9469 -24.0527 -11.88739 -349.9166 -23.94388 -11.67126 -349.9166 -24.14334 -12.32977 -349.9166 -24.14029 -12.24866 -349.9166 -24.11325 -12.07538 -349.9166 -22.73441 14.15802 -375.0087 -24.14334 13.6452 -375.2391 -24.14334 13.6452 -365.1916 -24.14334 14.68988 -377.0948 -24.14334 13.9516 -375.5306 -24.14334 14.59515 -376.6667 -24.14334 14.43793 -376.2574 -24.14334 14.22186 -375.8759 -24.14334 10.12952 -414.7682 -24.14334 9.784241 -414.4979 -23.4354 10.51056 -415.2666 -22.71927 9.946228 -415.2666 -22.44748 9.764527 -415.2666 -24.14334 10.51099 -414.9843 -24.14334 10.92029 -415.1415 -23.75613 10.84753 -415.2666 -24.14334 11.34839 -415.2363 -24.0527 11.32782 -415.2666 -23.94388 11.11169 -415.2666 -24.14029 11.68909 -415.2666 -24.11325 11.51581 -415.2666 -24.14334 -14.78143 -410.6759 -24.14334 -14.51117 -410.3306 -23.4354 -15.27978 -411.057 -22.71927 -15.27978 -410.4926 -22.44748 -15.27978 -410.3109 -24.14334 -14.99756 -411.0574 -24.14334 -15.15472 -411.4667 -23.75613 -15.27978 -411.3939 -24.14334 -15.24951 -411.8948 -24.0527 -15.27978 -411.8742 -23.94388 -15.27978 -411.658 -24.14334 -15.27978 -412.3166 -24.14029 -15.27978 -412.2355 -24.11325 -15.27978 -412.0621 -13.64334 12.23169 -349.9529 -24.14334 12.23169 -349.9529 -13.64334 12.68182 -350.061 -24.14334 12.68182 -350.061 -13.64334 13.1095 -350.2381 -24.14334 13.1095 -350.2381 -13.64334 13.50415 -350.48 -24.14334 13.50415 -350.48 -13.64334 13.85614 -350.7807 -24.14334 13.85614 -350.7807 -13.64334 14.1568 -351.1326 -24.14334 14.1568 -351.1326 -13.64334 14.39868 -351.5273 -24.14334 14.39868 -351.5273 -13.64334 14.57581 -351.955 -24.14334 14.57581 -351.955 -13.64334 14.6839 -352.4051 -24.14334 14.6839 -352.4051 -24.74338 -0.2797852 -406.7166 -24.69333 -0.9743653 -406.6558 -24.74338 -0.9743653 -406.6558 -24.69333 -1.647888 -406.4754 -24.74338 -1.647888 -406.4754 -24.69333 -2.279785 -406.1807 -24.74338 -2.279785 -406.1807 -24.69333 -2.850952 -405.7808 -24.74338 -2.850952 -405.7808 -24.69333 -3.343994 -405.2877 -24.74338 -3.343994 -405.2877 -24.69333 -3.743896 -404.7166 -24.74338 -3.743896 -404.7166 -24.69333 -4.038574 -404.0847 -24.74338 -4.038574 -404.0847 -24.69333 -4.219055 -403.4112 -24.74338 -4.219055 -403.4112 -24.69333 -4.279785 -402.7166 -24.74338 -4.279785 -402.7166 -24.69333 -4.219055 -402.022 -24.74338 -4.219055 -402.022 -24.69333 -4.038574 -401.3485 -24.74338 -4.038574 -401.3485 -24.69333 -3.743896 -400.7166 -24.74338 -3.743896 -400.7166 -24.69333 -3.343994 -400.1455 -24.74338 -3.343994 -400.1455 -24.69333 -2.850952 -399.6524 -24.74338 -2.850952 -399.6524 -24.69333 -2.279785 -399.2525 -24.74338 -2.279785 -399.2525 -24.69333 -1.647888 -398.9578 -24.74338 -1.647888 -398.9578 -24.69333 -0.9743653 -398.7774 -24.74338 -0.9743653 -398.7774 -24.69333 -0.2797852 -398.7166 -24.74338 -0.2797852 -398.7166 -24.69333 0.4147949 -398.7774 -24.74338 0.4147949 -398.7774 -24.69333 1.088257 -398.9578 -24.74338 1.088257 -398.9578 -24.69333 1.720215 -399.2525 -24.74338 1.720215 -399.2525 -24.69333 2.291382 -399.6524 -24.74338 2.291382 -399.6524 -24.69333 2.784363 -400.1455 -24.74338 2.784363 -400.1455 -24.69333 3.184326 -400.7166 -24.74338 3.184326 -400.7166 -24.69333 3.479004 -401.3485 -24.74338 3.479004 -401.3485 -24.69333 3.659424 -402.022 -24.74338 3.659424 -402.022 -24.69333 3.720215 -402.7166 -24.74338 3.720215 -402.7166 -24.69333 3.659424 -403.4112 -24.74338 3.659424 -403.4112 -24.69333 3.479004 -404.0847 -24.74338 3.479004 -404.0847 -24.69333 3.184326 -404.7166 -24.74338 3.184326 -404.7166 -24.69333 2.784363 -405.2877 -24.74338 2.784363 -405.2877 -24.69333 2.291382 -405.7808 -24.74338 2.291382 -405.7808 -24.69333 1.720215 -406.1807 -24.74338 1.720215 -406.1807 -24.69333 1.088257 -406.4754 -24.74338 1.088257 -406.4754 -24.69333 0.4147949 -406.6558 -24.74338 0.4147949 -406.6558 -24.69333 -0.2797852 -406.7166 -24.74338 -0.8007203 -399.7622 -24.74338 -0.2797852 -399.7166 -24.74338 0.2411498 -399.7622 -24.74338 0.7462768 -399.8975 -24.74338 1.220215 -400.1185 -24.74338 1.648559 -400.4185 -24.74338 2.018311 -400.7882 -24.74338 2.318298 -401.2166 -24.74338 2.539307 -401.6905 -24.74338 2.674622 -402.1956 -24.74338 2.720215 -402.7166 -24.74338 2.674622 -403.2376 -24.74338 2.539307 -403.7426 -24.74338 2.318298 -404.2166 -24.74338 2.018311 -404.645 -24.74338 1.648559 -405.0147 -24.74338 1.220215 -405.3146 -24.74338 0.7462768 -405.5357 -24.74338 0.2411498 -405.671 -24.74338 -0.2797852 -405.7166 -24.74338 -0.8007203 -405.671 -24.74338 -1.305847 -405.5357 -24.74338 -1.779785 -405.3146 -24.74338 -2.20813 -405.0147 -24.74338 -2.577942 -404.645 -24.74338 -2.877869 -404.2166 -24.74338 -3.098877 -403.7426 -24.74338 -3.234192 -403.2376 -24.74338 -3.279785 -402.7166 -24.74338 -3.234192 -402.1956 -24.74338 -3.098877 -401.6905 -24.74338 -2.877869 -401.2166 -24.74338 -2.577942 -400.7882 -24.74338 -2.20813 -400.4185 -24.74338 -1.779785 -400.1185 -24.74338 -1.305847 -399.8975 -24.69333 -0.2797852 -403.7166 -30.14334 -0.2797852 -403.7166 -24.69333 -0.4534302 -403.7014 -30.14334 -0.4534302 -403.7014 -24.69333 -0.6218262 -403.6563 -30.14334 -0.6218262 -403.6563 -24.69333 -0.7797852 -403.5826 -30.14334 -0.7797852 -403.5826 -24.69333 -0.9226075 -403.4826 -30.14334 -0.9226075 -403.4826 -24.69333 -1.045837 -403.3594 -30.14334 -1.045837 -403.3594 -24.69333 -1.145813 -403.2166 -30.14334 -1.145813 -403.2166 -24.69333 -1.219483 -403.0586 -30.14334 -1.219483 -403.0586 -24.69333 -1.264587 -402.8902 -30.14334 -1.264587 -402.8902 -24.69333 -1.279785 -402.7166 -30.14334 -1.279785 -402.7166 -24.69333 -1.264587 -402.5429 -30.14334 -1.264587 -402.5429 -24.69333 -1.219483 -402.3746 -30.14334 -1.219483 -402.3746 -24.69333 -1.145813 -402.2166 -30.14334 -1.145813 -402.2166 -24.69333 -1.045837 -402.0738 -30.14334 -1.045837 -402.0738 -24.69333 -0.9226075 -401.9506 -30.14334 -0.9226075 -401.9506 -24.69333 -0.7797852 -401.8505 -30.14334 -0.7797852 -401.8505 -24.69333 -0.6218262 -401.7769 -30.14334 -0.6218262 -401.7769 -24.69333 -0.4534302 -401.7318 -30.14334 -0.4534302 -401.7318 -24.69333 -0.2797852 -401.7166 -30.14334 -0.2797852 -401.7166 -24.69333 -0.1061402 -401.7318 -30.14334 -0.1061402 -401.7318 -24.69333 0.0621947 -401.7769 -30.14334 0.0621947 -401.7769 -24.69333 0.2202147 -401.8505 -30.14334 0.2202147 -401.8505 -24.69333 0.362976 -401.9506 -30.14334 0.362976 -401.9506 -24.69333 0.486267 -402.0738 -30.14334 0.486267 -402.0738 -24.69333 0.5862426 -402.2166 -30.14334 0.5862426 -402.2166 -24.69333 0.6599121 -402.3746 -30.14334 0.6599121 -402.3746 -24.69333 0.705017 -402.5429 -30.14334 0.705017 -402.5429 -24.69333 0.7202148 -402.7166 -30.14334 0.7202148 -402.7166 -24.69333 0.705017 -402.8902 -30.14334 0.705017 -402.8902 -24.69333 0.6599121 -403.0586 -30.14334 0.6599121 -403.0586 -24.69333 0.5862426 -403.2166 -30.14334 0.5862426 -403.2166 -24.69333 0.486267 -403.3594 -30.14334 0.486267 -403.3594 -24.69333 0.362976 -403.4826 -30.14334 0.362976 -403.4826 -24.69333 0.2202147 -403.5826 -30.14334 0.2202147 -403.5826 -24.69333 0.0621947 -403.6563 -30.14334 0.0621947 -403.6563 -24.69333 -0.1061402 -403.7014 -30.14334 -0.1061402 -403.7014 -30.14334 -0.2797852 -405.7166 -30.14334 -0.8007203 -405.671 -30.14334 -1.305847 -405.5357 -30.14334 -1.779785 -405.3146 -30.14334 -2.20813 -405.0147 -30.14334 -2.577942 -404.645 -30.14334 -2.877869 -404.2166 -30.14334 -3.098877 -403.7426 -30.14334 -3.234192 -403.2376 -30.14334 -3.279785 -402.7166 -30.14334 -3.234192 -402.1956 -30.14334 -3.098877 -401.6905 -30.14334 -2.877869 -401.2166 -30.14334 -2.577942 -400.7882 -30.14334 -2.20813 -400.4185 -30.14334 -1.779785 -400.1185 -30.14334 -1.305847 -399.8975 -30.14334 -0.8007203 -399.7622 -30.14334 -0.2797852 -399.7166 -30.14334 0.2411498 -399.7622 -30.14334 0.7462768 -399.8975 -30.14334 1.220215 -400.1185 -30.14334 1.648559 -400.4185 -30.14334 2.018311 -400.7882 -30.14334 2.318298 -401.2166 -30.14334 2.539307 -401.6905 -30.14334 2.674622 -402.1956 -30.14334 2.720215 -402.7166 -30.14334 2.674622 -403.2376 -30.14334 2.539307 -403.7426 -30.14334 2.318298 -404.2166 -30.14334 2.018311 -404.645 -30.14334 1.648559 -405.0147 -30.14334 1.220215 -405.3146 -30.14334 0.7462768 -405.5357 -30.14334 0.2411498 -405.671 -24.69333 7.989502 -399.7068 -24.69333 8.386536 -401.1885 -24.69333 8.520203 -402.7166 -24.69333 8.386536 -404.2447 -24.69333 7.989502 -405.7264 -24.69333 7.341248 -407.1166 -24.69333 6.461426 -408.3731 -24.69333 5.376709 -409.4578 -24.69333 4.120178 -410.3376 -24.69333 2.72998 -410.9859 -24.69333 1.248291 -411.3829 -24.69333 -0.2797852 -411.5166 -24.69333 -1.807922 -411.3829 -24.69333 -3.289551 -410.9859 -24.69333 -4.67981 -410.3376 -24.69333 -5.93634 -409.4578 -24.69333 -7.020996 -408.3731 -24.69333 -7.900818 -407.1166 -24.69333 -8.549073 -405.7264 -24.69333 -8.946106 -404.2447 -24.69333 -9.079773 -402.7166 -24.69333 -8.946106 -401.1885 -24.69333 -8.549073 -399.7068 -24.69333 -7.900818 -398.3166 -24.69333 -7.020996 -397.0601 -24.69333 -5.93634 -395.9754 -24.69333 -4.67981 -395.0956 -24.69333 -3.289551 -394.4473 -24.69333 -1.807922 -394.0503 -24.69333 -0.2797852 -393.9166 -24.69333 1.248291 -394.0503 -24.69333 2.72998 -394.4473 -24.69333 4.120178 -395.0956 -24.69333 5.376709 -395.9754 -24.69333 6.461426 -397.0601 -24.69333 7.341248 -398.3166 -24.14334 -1.807922 -411.3829 -24.14334 -3.289551 -410.9859 -24.14334 -4.67981 -410.3376 -24.14334 -5.93634 -409.4578 -24.14334 -7.020996 -408.3731 -24.14334 -7.900818 -407.1166 -24.14334 -8.549073 -405.7264 -24.14334 -8.946106 -404.2447 -24.14334 -9.079773 -402.7166 -24.14334 -8.946106 -401.1885 -24.14334 -8.549073 -399.7068 -24.14334 -7.900818 -398.3166 -24.14334 -7.020996 -397.0601 -24.14334 -5.93634 -395.9754 -24.14334 -4.67981 -395.0956 -24.14334 -3.289551 -394.4473 -24.14334 -1.807922 -394.0503 -24.14334 -0.2797852 -393.9166 -24.14334 1.248291 -394.0503 -24.14334 2.72998 -394.4473 -24.14334 4.120178 -395.0956 -24.14334 5.376709 -395.9754 -24.14334 6.461426 -397.0601 -24.14334 7.341248 -398.3166 -24.14334 7.989502 -399.7068 -24.14334 8.386536 -401.1885 -24.14334 8.520203 -402.7166 -24.14334 8.386536 -404.2447 -24.14334 7.989502 -405.7264 -24.14334 7.341248 -407.1166 -24.14334 6.461426 -408.3731 -24.14334 5.376709 -409.4578 -24.14334 4.120178 -410.3376 -24.14334 2.72998 -410.9859 -24.14334 1.248291 -411.3829 -24.14334 -0.2797852 -411.5166 -24.69333 -0.2797852 -402.7166 -24.14334 10.08148 -351.8916 -24.14334 9.937806 -352.1997 -24.14334 9.849854 -352.528 -24.14334 9.820191 -352.8666 -24.14334 10.79523 -351.1779 -24.14334 10.51678 -351.3728 -24.14334 10.79523 -354.5553 -24.14334 11.10327 -354.699 -24.14334 9.170228 -365.1916 -24.14334 11.43158 -354.7869 -24.14334 12.10883 -354.7869 -24.14334 12.43713 -354.699 -24.14334 10.08148 -353.8416 -24.14334 9.937806 -353.5335 -24.14334 9.849854 -353.2052 -24.14334 10.27643 -354.12 -24.14334 10.51678 -354.3604 -24.14334 10.27643 -351.6132 -24.14334 12.74518 -354.5553 -24.14334 13.02362 -354.3604 -24.14334 13.26398 -354.12 -24.14334 13.45898 -353.8416 -24.14334 13.6026 -353.5335 -24.14334 13.02362 -351.3728 -24.14334 13.26398 -351.6132 -24.14334 13.45898 -351.8916 -24.14334 13.6026 -352.1997 -24.14334 13.69055 -352.528 -24.14334 13.72021 -352.8666 -24.14334 13.69055 -353.2052 -24.14334 11.10327 -351.0342 -24.14334 11.43158 -350.9462 -24.14334 11.7702 -350.9166 -24.14334 12.10883 -350.9462 -24.14334 12.43713 -351.0342 -24.14334 12.74518 -351.1779 -24.14334 -10.40942 -353.2052 -24.14334 -13.82361 -351.6132 -24.14334 -14.01855 -351.8916 -24.14334 -14.96704 -351.5447 -24.14334 -14.16217 -353.5335 -24.14334 -14.01855 -353.8416 -24.14334 -9.729798 -365.1916 -24.14334 -10.64105 -353.8416 -24.14334 -10.49738 -353.5335 -24.14334 -10.37982 -352.8666 -24.14334 -10.40942 -352.528 -24.14334 -10.49738 -352.1997 -24.14334 -14.16217 -352.1997 -24.14334 -14.25018 -352.528 -24.14334 -14.27978 -352.8666 -24.14334 -10.64105 -351.8916 -24.14334 -10.836 -351.6132 -24.14334 -11.07635 -351.3728 -24.14334 -11.3548 -351.1779 -24.14334 -11.66284 -351.0342 -24.14334 -14.72614 -351.1461 -24.14334 -14.42554 -350.7905 -24.14334 -13.58325 -351.3728 -24.14334 -14.07275 -350.4865 -24.14334 -13.30481 -351.1779 -24.14334 -13.67651 -350.2419 -24.14334 -12.99676 -351.0342 -24.14334 -13.2467 -350.0627 -24.14334 -12.6684 -350.9462 -24.14334 -12.79401 -349.9533 -24.14334 -12.32977 -350.9166 -24.14334 -11.99121 -350.9462 -24.14334 -13.82361 -354.12 -24.14334 -13.58325 -354.3604 -24.14334 -13.30481 -354.5553 -24.14334 -12.99676 -354.699 -24.14334 -12.6684 -354.7869 -24.14334 -12.32977 -354.8166 -24.14334 -11.3548 -354.5553 -24.14334 -11.07635 -354.3604 -24.14334 -10.836 -354.12 -24.14334 -11.99121 -354.7869 -24.14334 -11.66284 -354.699 -24.14334 -15.24731 -352.4298 -24.14334 -15.14221 -351.9761 -24.14334 -14.25018 -353.2052 -24.14334 -12.6684 -375.5962 -24.14334 -12.99676 -375.6842 -24.14334 -14.01855 -376.5416 -24.14334 -13.82361 -376.2631 -24.14334 -13.58325 -376.0228 -24.14334 -13.30481 -375.8278 -24.14334 -14.16217 -376.8496 -24.14334 -14.25018 -377.178 -24.14334 -14.27978 -377.5166 -24.14334 -10.37982 -377.5166 -24.14334 -10.40942 -377.178 -24.14334 -10.49738 -376.8496 -24.14334 -10.64105 -376.5416 -24.14334 -10.836 -376.2631 -24.14334 -11.07635 -376.0228 -24.14334 -11.3548 -375.8278 -24.14334 -11.66284 -375.6842 -24.14334 -11.99121 -375.5962 -24.14334 -14.16217 -378.1835 -24.14334 -14.01855 -378.4916 -24.14334 -10.64105 -378.4916 -24.14334 -10.49738 -378.1835 -24.14334 -9.729798 -386.6916 -24.14334 -10.40942 -377.8552 -24.14334 -12.32977 -375.5666 -24.14334 -12.32977 -379.4666 -24.14334 -12.6684 -379.437 -24.14334 -12.99676 -379.349 -24.14334 -11.99121 -379.437 -24.14334 -11.66284 -379.349 -24.14334 -11.3548 -379.2053 -24.14334 -13.82361 -378.77 -24.14334 -13.58325 -379.0104 -24.14334 -13.30481 -379.2053 -24.14334 -11.07635 -379.0104 -24.14334 -10.836 -378.77 -24.14334 -14.25018 -377.8552 -24.14334 -10.836 -411.0632 -24.14334 -11.07635 -410.8228 -24.14334 -9.729798 -402.1416 -24.14334 -12.6684 -410.3962 -24.14334 -12.99676 -410.4842 -24.14334 -14.25018 -411.978 -24.14334 -14.27978 -412.3166 -24.14334 -14.77978 -412.8916 -24.14334 -11.3548 -410.6278 -24.14334 -11.66284 -410.4842 -24.14334 -11.99121 -410.3962 -24.14334 -10.37982 -412.3166 -24.14334 -9.729798 -412.8916 -24.14334 -10.40942 -412.6552 -24.14334 -10.49738 -412.9835 -24.14334 -10.40942 -411.978 -24.14334 -10.49738 -411.6497 -24.14334 -10.64105 -411.3416 -24.14334 -12.32977 -410.3666 -24.14334 -13.30481 -410.6278 -24.14334 -13.58325 -410.8228 -24.14334 -13.82361 -411.0632 -24.14334 -14.01855 -411.3416 -24.14334 -14.16217 -411.6497 -24.14334 -14.88458 -413.7916 -24.14334 -15.10187 -413.3256 -24.14334 -15.23499 -412.8289 -24.14334 -10.836 -413.57 -24.14334 -11.07635 -413.8104 -24.14334 -11.3548 -414.0053 -24.14334 -14.25018 -412.6552 -24.14334 -14.16217 -412.9835 -24.14334 -14.01855 -413.2916 -24.14334 -14.5896 -414.2128 -24.14334 -13.82361 -413.57 -24.14334 -14.22601 -414.5764 -24.14334 -13.58325 -413.8104 -24.14334 -13.80481 -414.8713 -24.14334 -13.30481 -414.0053 -24.14334 -13.33874 -415.0887 -24.14334 -12.99676 -414.149 -24.14334 -12.84204 -415.2218 -24.14334 -12.6684 -414.2369 -24.14334 -12.32977 -414.2666 -24.14334 -11.99121 -414.2369 -24.14334 -11.66284 -414.149 -24.14334 -10.64105 -413.2916 -24.14334 9.170228 -412.8916 -24.14334 10.27643 -413.57 -24.14334 10.51678 -413.8104 -24.14334 10.79523 -414.0053 -24.14334 11.10327 -414.149 -24.14334 13.26398 -413.57 -24.14334 13.02362 -413.8104 -24.14334 12.74518 -414.0053 -24.14334 12.43713 -414.149 -24.14334 12.10883 -414.2369 -24.14334 11.7702 -414.2666 -24.14334 11.43158 -414.2369 -24.14334 9.820191 -412.3166 -24.14334 9.849854 -412.6552 -24.14334 9.937806 -412.9835 -24.14334 10.08148 -413.2916 -24.14334 10.79523 -410.6278 -24.14334 10.51678 -410.8228 -24.14334 9.170228 -402.1416 -24.14334 10.27643 -411.0632 -24.14334 13.02362 -410.8228 -24.14334 13.26398 -411.0632 -24.14334 13.45898 -411.3416 -24.14334 12.74518 -410.6278 -24.14334 12.43713 -410.4842 -24.14334 12.10883 -410.3962 -24.14334 11.7702 -410.3666 -24.14334 11.43158 -410.3962 -24.14334 11.10327 -410.4842 -24.14334 10.08148 -411.3416 -24.14334 9.937806 -411.6497 -24.14334 9.849854 -411.978 -24.14334 13.6026 -411.6497 -24.14334 13.69055 -411.978 -24.14334 13.72021 -412.3166 -24.14334 13.69055 -412.6552 -24.14334 13.6026 -412.9835 -24.14334 13.45898 -413.2916 -24.14334 13.02362 -376.0228 -24.14334 12.74518 -375.8278 -24.14334 11.7702 -354.8166 -24.14334 9.170228 -386.6916 -24.14334 9.820191 -377.5166 -24.14334 9.849854 -377.8552 -24.14334 11.10327 -379.349 -24.14334 11.43158 -379.437 -24.14334 9.937806 -378.1835 -24.14334 10.08148 -378.4916 -24.14334 10.27643 -378.77 -24.14334 12.10883 -375.5962 -24.14334 11.7702 -375.5666 -24.14334 10.79523 -375.8278 -24.14334 10.51678 -376.0228 -24.14334 10.27643 -376.2631 -24.14334 10.51678 -379.0104 -24.14334 10.79523 -379.2053 -24.14334 11.43158 -375.5962 -24.14334 11.10327 -375.6842 -24.14334 10.08148 -376.5416 -24.14334 9.937806 -376.8496 -24.14334 9.849854 -377.178 -24.14334 11.7702 -379.4666 -24.14334 12.10883 -379.437 -24.14334 12.43713 -379.349 -24.14334 12.43713 -375.6842 -24.14334 13.26398 -376.2631 -24.14334 13.45898 -376.5416 -24.14334 13.6026 -376.8496 -24.14334 13.69055 -377.178 -24.14334 13.72021 -377.5166 -24.14334 13.69055 -377.8552 -24.14334 13.6026 -378.1835 -24.14334 13.45898 -378.4916 -24.14334 13.26398 -378.77 -24.14334 13.02362 -379.0104 -24.14334 12.74518 -379.2053 -13.64334 -15.24731 -352.4298 -13.64334 -15.14221 -351.9761 -13.64334 -14.96704 -351.5447 -13.64334 -14.72614 -351.1461 -13.64334 -14.42554 -350.7905 -13.64334 -14.07275 -350.4865 -13.64334 -13.67651 -350.2419 -13.64334 -13.2467 -350.0627 -13.64334 -12.79401 -349.9533 -13.64334 -1.479797 -415.2666 -13.64334 -1.479797 -414.7666 -13.64334 0.920227 -414.7666 -13.64334 0.920227 -415.2666 -24.24332 13.72021 -377.5166 -24.24332 13.69055 -377.8552 -24.24332 13.6026 -378.1835 -24.24332 13.45898 -378.4916 -24.24332 13.26398 -378.77 -24.24332 13.02362 -379.0104 -24.24332 12.74518 -379.2053 -24.24332 12.43713 -379.349 -24.24332 12.10883 -379.437 -24.24332 11.7702 -379.4666 -24.24332 11.43158 -379.437 -24.24332 11.10327 -379.349 -24.24332 10.79523 -379.2053 -24.24332 10.51678 -379.0104 -24.24332 10.27643 -378.77 -24.24332 10.08148 -378.4916 -24.24332 9.937806 -378.1835 -24.24332 9.849854 -377.8552 -24.24332 9.820191 -377.5166 -24.24332 9.849854 -377.178 -24.24332 9.937806 -376.8496 -24.24332 10.08148 -376.5416 -24.24332 10.27643 -376.2631 -24.24332 10.51678 -376.0228 -24.24332 10.79523 -375.8278 -24.24332 11.10327 -375.6842 -24.24332 11.43158 -375.5962 -24.24332 11.7702 -375.5666 -24.24332 12.10883 -375.5962 -24.24332 12.43713 -375.6842 -24.24332 12.74518 -375.8278 -24.24332 13.02362 -376.0228 -24.24332 13.26398 -376.2631 -24.24332 13.45898 -376.5416 -24.24332 13.6026 -376.8496 -24.24332 13.69055 -377.178 -24.24332 13.72021 -412.3166 -24.24332 13.69055 -412.6552 -24.24332 13.6026 -412.9835 -24.24332 13.45898 -413.2916 -24.24332 13.26398 -413.57 -24.24332 13.02362 -413.8104 -24.24332 12.74518 -414.0053 -24.24332 12.43713 -414.149 -24.24332 12.10883 -414.2369 -24.24332 11.7702 -414.2666 -24.24332 11.43158 -414.2369 -24.24332 11.10327 -414.149 -24.24332 10.79523 -414.0053 -24.24332 10.51678 -413.8104 -24.24332 10.27643 -413.57 -24.24332 10.08148 -413.2916 -24.24332 9.937806 -412.9835 -24.24332 9.849854 -412.6552 -24.24332 9.820191 -412.3166 -24.24332 9.849854 -411.978 -24.24332 9.937806 -411.6497 -24.24332 10.08148 -411.3416 -24.24332 10.27643 -411.0632 -24.24332 10.51678 -410.8228 -24.24332 10.79523 -410.6278 -24.24332 11.10327 -410.4842 -24.24332 11.43158 -410.3962 -24.24332 11.7702 -410.3666 -24.24332 12.10883 -410.3962 -24.24332 12.43713 -410.4842 -24.24332 12.74518 -410.6278 -24.24332 13.02362 -410.8228 -24.24332 13.26398 -411.0632 -24.24332 13.45898 -411.3416 -24.24332 13.6026 -411.6497 -24.24332 13.69055 -411.978 -24.24332 -10.37982 -352.8666 -24.24332 -10.40942 -353.2052 -24.24332 -10.49738 -353.5335 -24.24332 -10.64105 -353.8416 -24.24332 -10.836 -354.12 -24.24332 -11.07635 -354.3604 -24.24332 -11.3548 -354.5553 -24.24332 -11.66284 -354.699 -24.24332 -11.99121 -354.7869 -24.24332 -12.32977 -354.8166 -24.24332 -12.6684 -354.7869 -24.24332 -12.99676 -354.699 -24.24332 -13.30481 -354.5553 -24.24332 -13.58325 -354.3604 -24.24332 -13.82361 -354.12 -24.24332 -14.01855 -353.8416 -24.24332 -14.16217 -353.5335 -24.24332 -14.25018 -353.2052 -24.24332 -14.27978 -352.8666 -24.24332 -14.25018 -352.528 -24.24332 -14.16217 -352.1997 -24.24332 -14.01855 -351.8916 -24.24332 -13.82361 -351.6132 -24.24332 -13.58325 -351.3728 -24.24332 -13.30481 -351.1779 -24.24332 -12.99676 -351.0342 -24.24332 -12.6684 -350.9462 -24.24332 -12.32977 -350.9166 -24.24332 -11.99121 -350.9462 -24.24332 -11.66284 -351.0342 -24.24332 -11.3548 -351.1779 -24.24332 -11.07635 -351.3728 -24.24332 -10.836 -351.6132 -24.24332 -10.64105 -351.8916 -24.24332 -10.49738 -352.1997 -24.24332 -10.40942 -352.528 -24.24332 -10.37982 -377.5166 -24.24332 -10.40942 -377.8552 -24.24332 -10.49738 -378.1835 -24.24332 -10.64105 -378.4916 -24.24332 -10.836 -378.77 -24.24332 -11.07635 -379.0104 -24.24332 -11.3548 -379.2053 -24.24332 -11.66284 -379.349 -24.24332 -11.99121 -379.437 -24.24332 -12.32977 -379.4666 -24.24332 -12.6684 -379.437 -24.24332 -12.99676 -379.349 -24.24332 -13.30481 -379.2053 -24.24332 -13.58325 -379.0104 -24.24332 -13.82361 -378.77 -24.24332 -14.01855 -378.4916 -24.24332 -14.16217 -378.1835 -24.24332 -14.25018 -377.8552 -24.24332 -14.27978 -377.5166 -24.24332 -14.25018 -377.178 -24.24332 -14.16217 -376.8496 -24.24332 -14.01855 -376.5416 -24.24332 -13.82361 -376.2631 -24.24332 -13.58325 -376.0228 -24.24332 -13.30481 -375.8278 -24.24332 -12.99676 -375.6842 -24.24332 -12.6684 -375.5962 -24.24332 -12.32977 -375.5666 -24.24332 -11.99121 -375.5962 -24.24332 -11.66284 -375.6842 -24.24332 -11.3548 -375.8278 -24.24332 -11.07635 -376.0228 -24.24332 -10.836 -376.2631 -24.24332 -10.64105 -376.5416 -24.24332 -10.49738 -376.8496 -24.24332 -10.40942 -377.178 -24.24332 -10.37982 -412.3166 -24.24332 -10.40942 -412.6552 -24.24332 -10.49738 -412.9835 -24.24332 -10.64105 -413.2916 -24.24332 -10.836 -413.57 -24.24332 -11.07635 -413.8104 -24.24332 -11.3548 -414.0053 -24.24332 -11.66284 -414.149 -24.24332 -11.99121 -414.2369 -24.24332 -12.32977 -414.2666 -24.24332 -12.6684 -414.2369 -24.24332 -12.99676 -414.149 -24.24332 -13.30481 -414.0053 -24.24332 -13.58325 -413.8104 -24.24332 -13.82361 -413.57 -24.24332 -14.01855 -413.2916 -24.24332 -14.16217 -412.9835 -24.24332 -14.25018 -412.6552 -24.24332 -14.27978 -412.3166 -24.24332 -14.25018 -411.978 -24.24332 -14.16217 -411.6497 -24.24332 -14.01855 -411.3416 -24.24332 -13.82361 -411.0632 -24.24332 -13.58325 -410.8228 -24.24332 -13.30481 -410.6278 -24.24332 -12.99676 -410.4842 -24.24332 -12.6684 -410.3962 -24.24332 -12.32977 -410.3666 -24.24332 -11.99121 -410.3962 -24.24332 -11.66284 -410.4842 -24.24332 -11.3548 -410.6278 -24.24332 -11.07635 -410.8228 -24.24332 -10.836 -411.0632 -24.24332 -10.64105 -411.3416 -24.24332 -10.49738 -411.6497 -24.24332 -10.40942 -411.978 -24.24332 13.72021 -352.8666 -24.24332 13.69055 -353.2052 -24.24332 13.6026 -353.5335 -24.24332 13.45898 -353.8416 -24.24332 13.26398 -354.12 -24.24332 13.02362 -354.3604 -24.24332 12.74518 -354.5553 -24.24332 12.43713 -354.699 -24.24332 12.10883 -354.7869 -24.24332 11.7702 -354.8166 -24.24332 11.43158 -354.7869 -24.24332 11.10327 -354.699 -24.24332 10.79523 -354.5553 -24.24332 10.51678 -354.3604 -24.24332 10.27643 -354.12 -24.24332 10.08148 -353.8416 -24.24332 9.937806 -353.5335 -24.24332 9.849854 -353.2052 -24.24332 9.820191 -352.8666 -24.24332 9.849854 -352.528 -24.24332 9.937806 -352.1997 -24.24332 10.08148 -351.8916 -24.24332 10.27643 -351.6132 -24.24332 10.51678 -351.3728 -24.24332 10.79523 -351.1779 -24.24332 11.10327 -351.0342 -24.24332 11.43158 -350.9462 -24.24332 11.7702 -350.9166 -24.24332 12.10883 -350.9462 -24.24332 12.43713 -351.0342 -24.24332 12.74518 -351.1779 -24.24332 13.02362 -351.3728 -24.24332 13.26398 -351.6132 -24.24332 13.45898 -351.8916 -24.24332 13.6026 -352.1997 -24.24332 13.69055 -352.528 -15.3779 0.920227 -415.2666 -15.3779 -1.479797 -415.2666 -15.3779 -1.479797 -414.7666 -15.3779 0.920227 -414.7666 -10.54337 -11.12982 -397.2666 -10.54337 -11.12982 -398.0666 -12.2634 -11.12982 -398.0666 -13.13974 -11.12982 -400.8571 -12.86362 -11.12982 -401.1333 -13.13974 -11.12982 -401.4094 -13.13974 -11.12982 -398.8666 -13.64334 -11.12982 -406.3015 -13.13974 -11.12982 -403.1238 -10.54337 -11.12982 -406.4666 -10.54337 -11.12982 -407.2666 -12.40939 -11.12982 -406.4666 -12.7623 -11.12982 -407.2666 -13.13974 -11.12982 -405.6666 -13.13974 -11.12982 -403.676 -12.86362 -11.12982 -403.3999 -13.13974 -15.27978 -403.676 -13.64334 -15.27978 -406.3015 -10.54337 -15.27978 -398.0666 -10.54337 -15.27978 -397.2666 -12.2634 -15.27978 -398.0666 -13.13974 -15.27978 -398.8666 -13.13974 -15.27978 -400.8571 -10.54337 -15.27978 -407.2666 -10.54337 -15.27978 -406.4666 -12.7623 -15.27978 -407.2666 -12.40939 -15.27978 -406.4666 -13.13974 -15.27978 -405.6666 -12.86362 -15.27978 -401.1333 -13.13974 -15.27978 -401.4094 -13.13974 -15.27978 -403.1238 -12.86362 -15.27978 -403.3999 -10.16324 -11.12982 -398.0666 -10.16324 -11.12982 -397.2666 -9.443329 -11.12982 -398.0666 -9.443329 -11.12982 -406.4666 -10.16324 -11.12982 -406.4666 -10.16324 -11.12982 -407.2666 -10.16324 -15.27978 -406.4666 -10.16324 -15.27978 -407.2666 -9.443329 -15.27978 -406.4666 -9.443329 -15.27978 -398.0666 -10.16324 -15.27978 -398.0666 -10.16324 -15.27978 -397.2666 -12.67465 -11.12982 -399.5999 -11.8746 -11.12982 -399.5999 -12.67465 -11.12982 -400.3999 -11.8746 -11.12982 -400.3999 -11.8746 -15.27978 -399.5999 -12.67465 -15.27978 -399.5999 -11.8746 -15.27978 -400.3999 -12.67465 -15.27978 -400.3999 -12.67465 -11.12982 -401.8666 -11.8746 -11.12982 -401.8666 -12.67465 -11.12982 -402.6666 -11.8746 -11.12982 -402.6666 -11.8746 -15.27978 -401.8666 -12.67465 -15.27978 -401.8666 -11.8746 -15.27978 -402.6666 -12.67465 -15.27978 -402.6666 -12.67465 -11.12982 -404.1333 -11.8746 -11.12982 -404.1333 -12.67465 -11.12982 -404.9332 -11.8746 -11.12982 -404.9332 -11.8746 -15.27978 -404.1333 -12.67465 -15.27978 -404.1333 -11.8746 -15.27978 -404.9332 -12.67465 -15.27978 -404.9332 -13.13974 10.57019 -403.676 -13.64334 10.57019 -406.3015 -10.54337 10.57019 -398.0666 -10.54337 10.57019 -397.2666 -12.2634 10.57019 -398.0666 -13.13974 10.57019 -398.8666 -13.13974 10.57019 -400.8571 -10.54337 10.57019 -407.2666 -10.54337 10.57019 -406.4666 -12.7623 10.57019 -407.2666 -12.40939 10.57019 -406.4666 -13.13974 10.57019 -405.6666 -12.86362 10.57019 -401.1333 -13.13974 10.57019 -401.4094 -13.13974 10.57019 -403.1238 -12.86362 10.57019 -403.3999 -10.54337 14.72021 -397.2666 -10.54337 14.72021 -398.0666 -12.2634 14.72021 -398.0666 -13.13974 14.72021 -400.8571 -12.86362 14.72021 -401.1333 -13.13974 14.72021 -401.4094 -13.13974 14.72021 -398.8666 -13.64334 14.72021 -406.3015 -13.13974 14.72021 -403.1238 -10.54337 14.72021 -406.4666 -10.54337 14.72021 -407.2666 -12.40939 14.72021 -406.4666 -12.7623 14.72021 -407.2666 -13.13974 14.72021 -405.6666 -13.13974 14.72021 -403.676 -12.86362 14.72021 -403.3999 -10.16324 10.57019 -406.4666 -10.16324 10.57019 -407.2666 -9.443329 10.57019 -406.4666 -9.443329 10.57019 -398.0666 -10.16324 10.57019 -398.0666 -10.16324 10.57019 -397.2666 -10.16324 14.72021 -398.0666 -10.16324 14.72021 -397.2666 -9.443329 14.72021 -398.0666 -9.443329 14.72021 -406.4666 -10.16324 14.72021 -406.4666 -10.16324 14.72021 -407.2666 -11.8746 10.57019 -399.5999 -12.67465 10.57019 -399.5999 -11.8746 10.57019 -400.3999 -12.67465 10.57019 -400.3999 -12.67465 14.72021 -399.5999 -11.8746 14.72021 -399.5999 -12.67465 14.72021 -400.3999 -11.8746 14.72021 -400.3999 -11.8746 10.57019 -401.8666 -12.67465 10.57019 -401.8666 -11.8746 10.57019 -402.6666 -12.67465 10.57019 -402.6666 -12.67465 14.72021 -401.8666 -11.8746 14.72021 -401.8666 -12.67465 14.72021 -402.6666 -11.8746 14.72021 -402.6666 -11.8746 10.57019 -404.1333 -12.67465 10.57019 -404.1333 -11.8746 10.57019 -404.9332 -12.67465 10.57019 -404.9332 -12.67465 14.72021 -404.1333 -11.8746 14.72021 -404.1333 -12.67465 14.72021 -404.9332 -11.8746 14.72021 -404.9332 -13.64334 -12.12982 -407.2666 -8.643342 -12.12982 -407.2666 -13.64334 -12.12982 -397.2666 -8.643342 -12.12982 -397.2666 -8.643342 11.57019 -407.2666 -13.64334 11.57019 -407.2666 -8.643342 11.57019 -397.2666 -13.64334 11.57019 -397.2666</float_array>
          <technique_common>
            <accessor source="#ID2_001-mesh-positions-array" count="6532" stride="3">
              <param name="X" type="float"/>
              <param name="Y" type="float"/>
              <param name="Z" type="float"/>
            </accessor>
          </technique_common>
        </source>
        <source id="ID2_001-mesh-normals">
          <float_array id="ID2_001-mesh-normals-array" count="17658">0.5773665 -0.5773549 0.5773295 -0.5773549 -0.5773531 0.577343 0.5369078 -0.8099017 0.2361975 -0.7172651 -0.6302855 -0.2971041 0.2182349 -0.7985059 0.5610364 -0.2971205 -0.6302595 -0.7172814 -0.2250216 -0.8026636 0.5523555 0.2971112 -0.6302695 -0.7172763 -0.5458481 -0.8057393 0.2298568 0.7172769 -0.6302666 -0.297116 -0.577355 -0.5773529 0.5773431 0.5773665 -0.5773548 0.5773295 -0.577364 0.5773558 0.5773311 0.5773544 0.5773532 0.5773433 -0.5458502 0.8057371 0.2298598 0.7172756 0.6302732 -0.2971051 -0.2250174 0.802662 0.5523595 0.2971203 0.6302616 -0.7172796 0.2182392 0.798508 0.5610318 -0.2971087 0.6302681 -0.7172786 0.5368984 0.809911 0.2361869 -0.7172778 0.6302652 -0.2971165 0.5773545 0.5773531 0.5773433 -0.577364 0.5773559 0.577331 -0.6759333 0.1191993 0.7272591 -0.6863448 -7.95747e-7 0.7272763 -0.6759341 -0.1191993 0.7272583 -0.644967 0.2347388 0.7272656 -0.5944082 0.3431705 0.727264 -0.5257721 0.4411804 0.7272714 0.5257806 -0.4411843 0.7272628 0.5943971 -0.3431887 0.7272645 0.6449606 -0.2347465 0.7272688 0.4411756 0.5257716 0.7272746 0.3431781 0.5944162 0.7272539 0.2347566 0.6449599 0.7272662 0.5257863 0.4411714 0.7272666 0.5944061 0.3431881 0.7272575 0.644955 0.2347518 0.727272 0.4411756 -0.5257723 0.7272741 0.3431754 -0.5944173 0.7272542 0.2347536 -0.6449608 0.7272664 -0.4411784 0.5257815 0.7272657 -0.3431841 0.5944077 0.727258 -0.2347486 0.6449608 0.727268 0.6759296 0.1191767 0.7272663 0.68636 -2.68957e-6 0.727262 0.67593 -0.1191802 0.7272652 -0.5257688 -0.4411906 0.7272676 -0.594401 -0.3431679 0.7272712 -0.6449737 -0.23473 0.7272626 -0.1191706 0.6759237 0.7272728 -8.59502e-7 0.6863721 0.7272506 0.1191754 0.6759203 0.7272751 0.1191965 -0.6759241 0.7272681 -2.65199e-6 -0.6863576 0.7272643 -0.1191955 -0.6759268 0.7272657 -0.2347506 -0.6449601 0.727268 -0.3431854 -0.5944069 0.727258 -0.4411809 -0.5257799 0.7272654 -0.7193109 -0.6937003 0.03703886 -0.5773503 -0.5773503 0.5773503 -0.5831539 0.5429836 0.6042355 -0.9045357 0.3015067 0.3015114 -0.5773686 0.577339 0.5773434 -0.7269915 -0.4365227 0.5300295 -0.7269974 -0.5209134 0.4473523 -0.7270033 0.6739055 0.1315965 -0.7269828 0.6413947 0.2451715 -0.726978 0.5899039 0.351449 -0.7269972 0.5209141 0.4473518 -0.7269913 0.4365236 0.5300291 -0.7269813 0.3392403 0.5970044 -0.726973 -0.5899007 0.3514647 -0.7270014 -0.6413762 0.2451643 -0.7269954 -0.6739167 0.1315832 -0.7269781 -0.117666 0.676504 -0.7270004 -0.2318726 0.6463016 -0.7269813 -0.3392401 0.5970045 -0.7270004 0.2318724 0.6463015 -0.726988 0.1176635 0.6764937 -0.726983 -1.78816e-6 0.6866555 0.6449543 0.2347532 -0.7272723 0.594406 0.3431904 -0.7272565 0.5257853 0.4411723 -0.7272667 -0.5944103 0.3431697 -0.7272627 -0.6449673 0.2347366 -0.727266 -0.6759328 0.1191972 -0.7272599 -0.6863496 -2.65033e-6 -0.7272717 -0.6759331 -0.1192008 -0.727259 -0.6449718 -0.2347316 -0.7272638 -0.5944018 -0.3431704 -0.7272693 -0.5257667 -0.4411919 -0.7272682 0.4411763 0.525773 -0.7272731 0.3431748 0.5944173 -0.7272546 0.2347553 0.64496 -0.7272665 -0.441179 -0.5257824 -0.7272647 -0.3431839 -0.5944076 -0.7272581 -0.2347483 -0.6449603 -0.7272685 0.1191976 -0.6759238 -0.7272682 -8.36613e-7 -0.686358 -0.7272639 -0.1191928 -0.6759272 -0.7272657 0.6449601 -0.2347446 -0.72727 0.6759296 -0.1191782 -0.727266 0.6863642 -9.15049e-7 -0.727258 0.6759287 0.1191782 -0.7272667 -0.2347505 0.6449596 -0.7272685 -0.3431844 0.594407 -0.7272585 0.1191753 0.6759204 -0.727275 -2.67328e-6 0.6863726 -0.7272502 -0.119174 0.6759232 -0.7272726 -0.4411816 0.5257807 -0.7272644 -0.5257731 0.4411785 -0.7272719 0.2347555 -0.6449597 -0.7272667 0.3431777 -0.5944161 -0.7272541 0.441177 -0.5257721 -0.7272734 0.5257819 -0.4411826 -0.727263 0.5943994 -0.3431878 -0.7272631 -0.7269787 -0.1176661 0.6765034 -0.7270017 -0.2318713 0.6463005 -0.583154 0.5429835 0.6042354 -0.9045356 0.3015065 0.3015115 -0.7270032 0.6739056 0.1315965 -0.7269828 0.6413948 0.2451711 -0.7269783 0.5899037 0.3514488 -0.7269793 -0.3392406 0.5970068 -0.7269914 -0.4365238 0.5300289 -0.7269962 -0.5209148 0.4473527 -0.7269733 -0.5899005 0.3514646 -0.7270017 -0.641376 0.2451644 -0.7269966 -0.6739153 0.1315833 -0.7269962 0.520915 0.4473523 -0.7269914 0.4365241 0.5300285 -0.7269793 0.3392409 0.5970065 -0.7270016 0.2318721 0.6463003 -0.7269858 0.1176645 0.676496 -0.7269821 -1.58548e-6 0.6866565 0.5773503 0.5773503 0.5773503 0.9045401 0.3014944 0.3015101 0.7269731 -0.5899009 0.3514642 0.7269964 -0.520915 0.4473519 0.7270011 0.2318711 0.6463011 0.7269802 0.33924 0.597006 0.5773684 -0.5773389 0.5773436 0.7193034 -0.6937081 0.03703814 0.7270047 -0.6739071 0.131581 0.7269935 -0.6413844 0.2451665 0.7269911 -0.4365245 0.5300285 0.7269802 -0.3392404 0.5970057 0.7270011 -0.2318721 0.6463009 0.5831544 0.5429813 0.604237 0.7270004 0.6739084 0.1315977 0.7269837 0.6413934 0.2451721 0.7269782 0.5899034 0.3514494 0.7269783 -0.1176665 0.6765037 0.7269928 -1.6443e-6 0.6866451 0.7269788 0.1176643 0.6765034 0.7269909 0.4365248 0.5300287 0.7269964 0.5209149 0.4473522 0.9045401 0.3014944 0.3015101 0.7269732 -0.5899007 0.3514642 0.726996 -0.5209153 0.4473522 0.7270016 0.2318716 0.6463005 0.7269793 0.3392404 0.5970068 0.7270045 -0.6739073 0.131581 0.7269932 -0.6413847 0.2451663 0.7269911 -0.4365246 0.5300284 0.7269793 -0.3392407 0.5970066 0.7270017 -0.2318715 0.6463004 0.7269999 0.6739089 0.1315976 0.7269821 0.6413955 0.2451714 0.7269783 0.5899035 0.3514493 0.7269786 -0.1176666 0.6765033 0.7269908 -1.6443e-6 0.6866472 0.7269791 0.1176649 0.6765031 0.7269914 0.4365236 0.5300289 0.7269961 0.5209149 0.4473527 -0.5773379 -0.5773463 0.5773667 -0.5773463 0.5773379 0.5773667 -0.5773463 -0.5773379 -0.5773667 -0.5773379 0.5773463 -0.5773667 0.5773463 -0.5773379 0.5773667 0.5773379 -0.5773463 -0.5773667 0.5773379 0.5773463 0.5773667 0.1104277 -0.185622 -0.9763966 -0.3015159 0.3015207 0.9045294 -0.3015208 -0.3015159 0.9045294 0.3015159 -0.3015207 0.9045294 0.3015208 0.3015159 0.9045294 -0.3015208 0.3015159 -0.9045294 0.3015159 0.3015207 -0.9045294 0.3015208 -0.3015159 -0.9045294 -0.3015159 -0.3015207 -0.9045294 -0.5773599 -0.5773567 -0.5773342 0.5773499 -0.5773551 -0.577346 -0.5773394 -0.5773923 0.5773192 0.3015077 -0.9045399 -0.3014975 -6.02727e-7 -0.7071372 0.7070764 0 -0.7071318 -0.7070819 0.5773391 -0.5773905 0.5773212 -0.3015095 -0.9045388 -0.301499 0.57735 -0.5773547 -0.5773462 0.3015059 0.9045405 -0.3014978 0.5773594 0.577357 -0.5773345 -0.5773497 0.5773548 -0.5773463 0.5773466 0.5773811 0.5773231 -0.5773496 0.5773552 -0.5773462 -0.3015022 0.9045409 -0.3015002 8.99301e-7 0.7071358 -0.7070779 0 0.7071314 0.7070823 -0.5773372 0.5773972 0.5773164 0.525824 0.4411923 -0.7272266 0.4412018 0.5257735 -0.7272574 0.707112 0 -0.7071016 0.5944265 0.343183 -0.7272432 -0.5943905 -0.3431676 -0.7272799 -0.525754 -0.4412077 -0.7272678 0.5943866 -0.3431673 -0.7272832 0.6449831 -0.2347067 -0.7272617 0.6759651 -0.1191853 -0.7272318 0.6863552 1.73198e-7 -0.7272665 0.675951 0.1191769 -0.7272463 0.644941 0.2347155 -0.7272962 -0.6759082 0.1191616 -0.7272886 -0.234739 -0.6449807 -0.7272534 -0.1191938 -0.6759377 -0.7272559 0.6863486 7.74512e-7 -0.7272727 0.67593 0.1191952 -0.7272628 0.1191852 -0.6759285 -0.7272658 0.2347371 -0.6449745 -0.7272596 -0.6449682 0.2347805 -0.7272511 0.3431797 -0.594397 -0.7272689 -0.5257898 -0.4411915 -0.7272518 -0.594386 -0.3431917 -0.7272722 -0.6449266 -0.234757 -0.7272956 0.3431687 0.59439 -0.7272798 0.2347759 0.6449889 -0.7272343 1.95882e-5 -0.6863486 -0.7272728 -0.6449996 0.2347361 -0.7272376 -0.6758459 0.1191856 -0.7273426 -2.53369e-6 0 -1 -0.6864066 -7.71219e-7 -0.727218 -0.6759275 -0.1191754 -0.7272684 -0.44121 -0.525779 -0.7272483 -0.343212 -0.5943894 -0.7272599 -0.2347074 -0.6449614 -0.7272808 0.2346985 -0.6449814 -0.7272658 0.3431828 -0.5943939 -0.72727 -0.4411943 -0.5257692 -0.727265 -0.3431624 -0.5943961 -0.7272777 0.4412258 -0.5257745 -0.7272421 0.5257613 -0.441206 -0.7272636 0.6449726 0.2347339 -0.7272622 0.594398 0.3431667 -0.7272741 0.5257714 0.4411963 -0.7272623 -0.2347486 0.6449566 -0.7272717 -0.3431839 0.5944027 -0.7272623 -0.4411839 0.5257725 -0.7272689 -0.6863805 -1.61771e-7 -0.7272427 -0.6758928 -0.1191803 -0.7272998 -0.6449806 -0.234777 -0.7272412 -0.1191869 -0.6759555 -0.7272405 0 -0.6863506 -0.7272709 0.1192029 -0.6759462 -0.7272465 0.1191842 0.6759095 -0.7272837 2.47069e-6 0.6863934 -0.7272304 0.6759257 -0.1191944 -0.727267 -0.119172 0.6759136 -0.7272819 0.6449514 -0.2347417 -0.7272785 -0.2347854 0.644967 -0.7272506 0.5943806 -0.3431811 -0.7272816 -0.3432388 0.5943862 -0.7272498 0.5257789 -0.4411929 -0.7272589 -0.4412369 0.5257728 -0.7272366 0.4412019 -0.5257699 -0.7272599 -0.5257895 0.4412045 -0.7272441 -0.5944066 0.3432012 -0.7272509 0.441188 0.5257892 -0.7272544 0.3431895 0.5943864 -0.7272729 0.2347477 0.6449589 -0.7272701 -0.5257706 0.4411811 -0.727272 -0.5943893 0.3431904 -0.72727 0.1191677 0.6759317 -0.7272657 -2.18959e-7 0.6863676 -0.7272548 -0.1191596 0.6759303 -0.7272684 0.4411896 0.5257851 -0.7272564 0.3431705 0.5943962 -0.7272738 0.644781 0.234753 -0.7274261 0.5944089 0.3431898 -0.7272544 0.525873 0.4411725 -0.7272031 0.2347344 0.6449829 -0.7272529 0.1191809 0.6759123 -0.7272816 -5.66224e-5 0.6863843 -0.7272391 -0.1191928 0.6759151 -0.7272771 -0.234694 0.6449825 -0.7272664 -0.7071037 0 -0.7071099 -0.3431935 0.5943859 -0.7272714 -0.4411906 0.5257765 -0.727262 -0.5258185 0.4411939 -0.7272296 -0.6864028 -1.61769e-7 -0.7272216 -0.6759096 -0.1191761 -0.7272848 -0.6449787 -0.2347788 -0.7272424 -0.5943865 -0.3431676 -0.7272831 -0.525753 -0.4412088 -0.7272679 -0.1191677 -0.6759672 -0.7272328 8.45411e-6 -0.6863431 -0.7272779 0.1192007 -0.6759435 -0.7272494 0.2347107 -0.6449905 -0.727254 0.3432077 -0.5943794 -0.72727 0.4411572 -0.5257939 -0.7272697 -0.5944266 0.3431827 -0.7272433 -0.6449704 0.2347787 -0.7272498 -0.6759059 0.1191654 -0.72729 0.5257356 -0.4412192 -0.7272742 0.5943865 -0.3431686 -0.7272827 0.64498 -0.234701 -0.7272663 0.676464 -0.1191138 -0.7267795 0.6863678 1.73195e-7 -0.7272547 0.6758924 0.1191843 -0.7272996 -0.4412105 -0.5257791 -0.727248 -0.3432071 -0.5943828 -0.7272675 -0.2347165 -0.6449609 -0.7272782 0.6759712 0.1191698 -0.7272287 0.6863493 1.73196e-7 -0.7272721 0.6759588 -0.119191 -0.7272367 0.6449579 0.234713 -0.727282 0.5943804 0.3431982 -0.7272736 0.525753 0.4412088 -0.7272679 -0.5257602 0.4412056 -0.7272647 -0.5943825 0.3431985 -0.7272717 -0.6449617 0.2347812 -0.7272567 -0.6759086 0.1191627 -0.727288 -0.6863834 -1.61769e-7 -0.7272399 -0.6759149 -0.1191803 -0.7272793 -0.6449825 -0.2347694 -0.727242 -0.5943923 -0.343172 -0.7272763 -0.5257847 -0.4412059 -0.7272468 0.2346962 -0.6449816 -0.7272664 0.343173 -0.5943883 -0.7272791 0.4411997 -0.5257764 -0.7272565 0.5257823 -0.4412065 -0.7272482 0.5943915 -0.3431721 -0.7272769 0.6449811 -0.2346989 -0.727266 0.4412105 0.5257791 -0.727248 0.343181 0.5943944 -0.7272704 0.2347731 0.644981 -0.7272422 -0.2347764 0.6449616 -0.7272583 -0.343209 0.59439 -0.7272607 -0.4412156 0.5257772 -0.7272462 -0.4412 -0.5257766 -0.7272562 -0.3432013 -0.5943835 -0.7272696 -0.2347072 -0.6449608 -0.7272813 -0.1191537 -0.6759649 -0.7272372 2.0588e-7 -0.6863458 -0.7272755 0.1191704 -0.6759555 -0.7272432 0.1191896 0.6758983 -0.7272932 -2.2877e-7 0.6864007 -0.7272236 -0.1191734 0.6759077 -0.7272871 0.6448789 0.234727 -0.7273476 0.5943852 0.343198 -0.7272698 0.5257624 0.4412108 -0.72726 0.4411877 0.5257854 -0.7272574 0.3432034 0.5943804 -0.7272711 -0.5943839 0.3431969 -0.7272714 -0.5257555 0.4412079 -0.7272667 -0.4412106 0.5257788 -0.7272481 0.2347749 0.6449916 -0.7272322 0.1191864 0.6758958 -0.7272961 6.39241e-6 0.6863932 -0.7272307 -0.6759143 -0.1191802 -0.7272798 -0.6449824 -0.2347695 -0.7272421 -4.96725e-6 -0.6863444 -0.7272767 0.1191343 -0.6759531 -0.7272513 -0.1191622 0.6759187 -0.7272787 -0.2347756 0.6449555 -0.7272639 -0.3432117 0.5943889 -0.7272604 -0.6449641 0.2347819 -0.7272543 -0.6759082 0.1191626 -0.7272885 -0.6863838 -1.61769e-7 -0.7272396 0.6451344 -0.2346615 -0.7271421 0.6758241 -0.1192073 -0.7273592 0.6863044 1.73209e-7 -0.7273145 0.6764646 0.1190991 -0.7267814 -0.5943926 -0.3431721 -0.727276 -0.5257827 -0.4412065 -0.7272479 -0.4412007 -0.5257763 -0.727256 -0.3432015 -0.5943835 -0.7272696 -0.2347003 -0.644962 -0.7272825 -0.1191726 -0.6759634 -0.7272356 0.2347123 -0.644979 -0.7272636 0.3431815 -0.5943968 -0.7272681 0.4412056 -0.5257675 -0.7272593 0.5257698 -0.4411987 -0.727262 0.5943804 -0.343178 -0.7272832 0.5773675 0.5773385 -0.5773449 -0.5773503 0.5773503 -0.5773503 -0.6758983 0.1191626 0.7272976 -0.6449739 0.2347813 0.7272458 -0.5943849 0.3431951 0.7272714 -0.5257942 0.4411978 0.7272448 -0.5943916 -0.3431913 0.7272678 -0.6449583 -0.2347465 0.7272708 0.707115 0 0.7070986 -0.6759327 -0.1191734 0.7272639 -0.6863729 7.70442e-7 0.7272498 0.2347721 0.6449814 0.7272422 0.3431559 0.5944005 0.7272772 0.5942811 -0.3432025 0.7273527 0.5258659 -0.4411779 0.7272051 0.441183 -0.5257868 0.7272592 -0.5943809 -0.3431674 0.7272879 -0.6449802 -0.2347742 0.7272425 -0.6759214 -0.1191797 0.7272734 -0.6864032 1.63402e-7 0.7272213 -0.441204 0.5257813 0.7272504 -0.3431915 0.5943924 0.727267 -0.2347754 0.6449607 0.7272594 0.4411888 0.5257849 0.727257 0.5257859 0.4411973 0.7272511 0.5943879 0.3431968 0.7272682 0.4412016 0.5257874 0.7272474 0.5257259 0.4412077 0.7272882 0.6449428 -0.234722 0.7272925 -0.6759245 0.1191749 0.7272713 -0.6449344 0.2347543 0.7272895 0.3432549 -0.5943694 0.7272559 0.2346652 -0.6449934 0.727266 0.1191539 -0.6759498 0.7272512 -0.3431982 -0.5943885 0.7272671 -0.4411849 -0.5257738 0.7272675 -0.5257608 -0.4412171 0.7272572 -0.1191503 0.6759101 0.7272887 0 0.6864004 0.7272239 0.1191669 0.6759001 0.7272952 1.0008e-5 -0.6863395 0.7272813 -0.1191783 -0.6759644 0.7272336 -0.2347314 -0.6449659 0.7272691 0.6449631 0.2347102 0.7272783 0.675942 0.119174 0.7272552 0.6863518 -1.74836e-7 0.7272697 0.5944191 0.3431572 0.7272613 0.6450021 0.2347246 0.7272391 0.6757372 0.1192236 0.7274373 0.6863287 -7.74538e-7 0.7272915 0.6760188 -0.1191828 0.7271823 -4.16534e-6 0 1 0.6449542 -0.2347376 0.7272773 0.1192016 -0.6759324 0.7272596 -4.90198e-7 -0.6863533 0.7272683 -0.2347344 -0.6449707 0.7272637 -0.3431645 -0.5943982 0.7272751 -0.3431829 0.594397 0.7272673 -0.4411895 0.5257865 0.7272555 0.6759708 -0.1191886 0.727226 -0.5257802 0.4411862 0.7272619 -0.5944015 0.3431874 0.7272615 -0.2347503 0.6449661 0.7272627 -0.1191602 0.6759259 0.7272724 -3.5837e-5 0.6863608 0.7272613 0.1191721 0.6759325 0.7272643 0.2347514 0.6449674 0.7272611 0.3431975 0.5943811 0.7272735 0.5944273 -0.3431665 0.7272504 0.5257691 -0.4411926 0.7272661 0.4411983 -0.5257681 0.7272633 -0.1191987 -0.6759344 0.7272582 -0.4411934 -0.5257658 0.727268 -0.5257928 -0.441192 0.7272493 0.3431788 -0.5943957 0.7272703 0.2347323 -0.6449696 0.7272654 -0.6863889 1.63403e-7 0.7272347 -0.6759175 0.1191642 0.7272796 0.2347725 0.6449808 0.7272425 0.343161 0.5943911 0.7272825 0.441208 0.5257741 0.7272532 0.5257775 0.4412081 0.7272507 -0.2347091 -0.6449597 0.7272818 -0.3431949 -0.5943916 0.7272661 -0.4412041 -0.525781 0.7272505 -0.6759011 -0.1191784 0.7272924 -0.6449933 -0.2347764 0.7272302 -0.644954 0.2347767 0.727265 -0.5943953 0.3432004 0.7272605 -0.5257753 0.4412087 0.7272518 -0.4412064 0.5257745 0.7272539 -0.3431937 0.5943853 0.7272719 -0.2347757 0.6449614 0.7272587 -0.1191909 0.6759131 0.7272793 3.41518e-7 0.6863958 0.7272282 0.1192116 0.6759032 0.7272851 0.5943967 0.3431991 0.7272599 0.6449533 0.2347056 0.7272885 0.6759703 0.1191744 0.7272287 0.5943931 -0.3431667 0.7272781 0.5257939 -0.441195 0.7272468 0.4412042 -0.5257807 0.7272507 0.3431605 -0.5943995 0.7272759 0.2347003 -0.6449816 0.7272651 0.1191738 -0.6759485 0.7272492 -4.85291e-7 -0.6863502 0.7272712 -0.1191588 -0.6759583 0.7272424 -0.5257945 -0.4411975 0.7272447 -0.5943897 -0.3431646 0.7272819 0.6863437 -1.74831e-7 0.7272775 0.6759424 -0.1191892 0.7272523 0.6449837 -0.2347056 0.7272616 -0.6863957 1.63406e-7 0.7272284 -0.6759074 0.1191639 0.7272889 -0.6448982 0.2347927 0.7273092 -0.5943915 0.343196 0.7272656 0.4412041 0.525781 0.7272505 0.5257945 0.4411975 0.7272447 0.594385 0.3431949 0.7272715 0.644974 0.2347103 0.7272686 0.6759464 0.1191728 0.7272512 0.6863416 -1.74836e-7 0.7272794 -0.7070879 0 0.7071257 -0.5257929 0.4412009 0.7272439 -0.4412265 0.5257742 0.7272419 -0.3431597 0.5943922 0.7272822 -0.6759033 -0.1191796 0.7272902 -0.5257607 -0.4412084 0.7272627 -0.5944365 -0.3431521 0.7272496 -0.6449622 -0.2347768 0.7272576 0.6759558 -0.1191911 0.7272394 0.6449863 -0.2347022 0.7272603 0.5943974 -0.3431624 0.7272767 0.5257687 -0.4412148 0.727253 0.4412026 -0.5257689 0.7272602 0.3431853 -0.5943949 0.7272679 -0.2347813 0.6449714 0.727248 -0.1191523 0.6759067 0.7272915 6.71758e-6 0.6863932 0.7272307 0.2347206 -0.6449869 0.7272539 0.1191501 -0.6759541 0.7272478 -5.58693e-5 -0.6863341 0.7272863 -0.1191523 -0.6759717 0.7272311 -0.234724 -0.6449539 0.7272821 -0.3432403 -0.5943818 0.7272527 -0.44118 -0.5257876 0.7272604 0.1191816 0.6759089 0.7272846 0.2347694 0.6449741 0.7272495 0.3431614 0.5943976 0.7272771 0.4412066 0.5257742 0.7272539 0.5257756 0.4412085 0.7272518 0.5943953 0.3432001 0.7272606 0.6449539 0.2347058 0.7272879 -0.6864677 1.6339e-7 0.7271604 -0.676129 0.1191298 0.7270886 -0.644831 0.2348107 0.7273631 -0.5944333 0.3431904 0.7272342 0.6759654 0.1191744 0.7272333 0.6863386 -1.74834e-7 0.7272822 0.6759369 -0.1191895 0.7272573 0.6449931 -0.2347061 0.7272531 0.5943896 -0.3431649 0.7272819 0.5257942 -0.4411978 0.7272448 -0.6758989 -0.1191799 0.7272942 -0.5257908 0.4411921 0.7272508 -0.4412021 0.5257688 0.7272605 -0.3431834 0.5943982 0.7272661 -7.17186e-6 0.6863946 0.7272294 0.1192076 0.6759036 0.7272853 0.2347713 0.6449811 0.7272426 0.3431635 0.5943904 0.7272818 -0.5257933 -0.4412007 0.7272438 -0.5943906 -0.3431673 0.7272799 -0.6449261 -0.2347856 0.7272868 -0.2347702 0.6449621 0.7272599 -0.1192527 0.6759027 0.7272788 0.1191966 -0.6759567 0.7272378 8.10608e-6 -0.6863431 0.7272779 -0.119163 -0.6759546 0.7272452 -0.2347134 -0.6449707 0.7272705 -0.34316 -0.5943921 0.7272821 -0.4412267 -0.5257739 0.727242 0.441204 -0.5257813 0.7272504 0.3431569 -0.5943899 0.7272855 0.2346919 -0.644984 0.7272657 0.717068 -0.6963393 -0.03041511 0.5773503 -0.5773503 -0.5773503 0.7272728 -0.3431647 -0.5944008 0.7272604 -0.4411888 -0.5257802 0.7272606 -0.5257799 -0.4411888 0.7272573 0.5944069 -0.3431872 0.7272601 0.5257807 -0.4411886 0.7272602 0.4411891 -0.5257802 0.7272702 0.3431726 -0.5943995 0.7272629 -0.5944094 -0.3431709 0.7272648 -0.6449707 -0.2347313 0.7272563 -0.6759369 -0.1191955 0.7272497 -0.2347368 -0.6449857 0.7272632 -0.1191943 -0.6759298 0.7170533 0.6963552 -0.03039771 0.7272723 0.6759232 -0.119176 0.7272605 0.6449697 -0.2347475 0.7272588 0.2347402 -0.6449742 0.7272508 0.1191951 -0.6759429 0.7272657 -1.6013e-6 -0.6863561 -0.5773675 -0.5773385 -0.5773449 -0.7170615 0.6963468 -0.03039801 -0.7170583 -0.6963494 -0.03041476 -0.7272659 -0.6759269 -0.1191939 -0.7272542 -0.6449816 -0.2347345 -0.7272623 -0.5944103 -0.3431707 -0.727261 -0.5257792 -0.4411891 -0.7272587 0.2347404 -0.6449742 -0.7272699 0.3431735 -0.5943992 -0.7272601 0.4411894 -0.52578 -0.7272608 0.5257796 -0.4411889 -0.7272601 -0.4411896 -0.52578 -0.7272687 -0.3431676 -0.5944042 -0.7272528 -0.2347353 -0.6449828 -0.7272632 -0.1191946 -0.6759297 -0.7272635 -1.48693e-6 -0.6863585 -0.7272512 0.1191954 -0.6759424 -0.7272568 0.5944076 -0.3431868 -0.7272701 0.64496 -0.234744 -0.7272633 0.6759325 -0.1191778 0.7272637 -0.5257775 -0.4411867 0.7272633 -0.5944089 -0.3431707 0.7272623 -0.6449732 -0.2347322 0.7272714 0.6759241 -0.1191762 0.7272527 -0.2347359 -0.6449826 0.7272756 -0.3431634 -0.594398 0.7272512 -0.4411953 -0.5257875 0.7272593 0.6449707 -0.2347481 0.7272578 0.5944063 -0.343187 0.7272635 0.5257776 -0.4411867 0.7272514 0.441195 -0.5257876 0.7272689 0.3431735 -0.5944005 0.7272503 0.2347438 -0.6449825 0.7272638 0.1191928 -0.6759293 0.7272692 -1.57515e-6 -0.6863524 0.727252 -0.1191965 -0.6759414 -0.7272652 -0.6759275 -0.1191941 -0.727254 -0.6449815 -0.2347354 -0.7272628 -0.5944097 -0.3431705 -0.7272644 -0.5257761 -0.4411873 -0.7272511 -0.4411956 -0.5257874 -0.7272754 -0.3431643 -0.5943979 -0.7272527 -0.2347357 -0.6449828 -0.727261 -0.1191948 -0.6759321 -0.7272635 -1.60784e-6 -0.6863585 -0.7272511 0.4411956 -0.5257874 -0.7272639 0.5257771 -0.4411869 -0.7272571 0.5944073 -0.3431866 -0.7272676 0.6449626 -0.2347449 -0.7272638 0.1191929 -0.6759293 -0.7272485 0.2347438 -0.6449845 -0.727273 0.3431716 -0.5943966 0.6759272 0.1191686 0.7272698 0.6863914 -6.45443e-6 0.7272323 -0.7159838 0.03127306 0.6974161 0.5257297 -0.4412183 0.7272791 0.4411584 -0.5258424 0.7272338 0.6450043 -0.2347283 0.7272359 0.5944173 -0.3431264 0.7272774 0.3431745 0.5944285 0.7272456 0.5257361 -0.4412117 0.7272784 0.4411535 -0.5258417 0.7272374 -0.4664409 0.5559341 0.6880191 -0.5559141 0.4665046 0.6879922 -0.4411855 -0.5257873 0.7272573 -0.5257912 -0.4411888 0.7272525 0.03127282 0.716 0.6973995 -0.5944082 -0.3432077 0.7272465 -0.6449488 -0.2347041 0.7272929 -0.6863274 -7.50294e-6 0.7272928 -0.234732 -0.6450005 0.7272381 -0.3431206 -0.5944266 0.7272725 0.6449794 0.2347565 0.7272489 0.675915 0.1191687 0.727281 -0.44118 -0.5257925 0.7272569 -0.5257851 -0.4411842 0.7272596 0.5558967 0.4664974 0.688011 -0.441188 -0.5257911 0.727253 0.4664714 0.5559214 0.6880086 -0.3431294 -0.5944198 0.7272739 -0.4411827 0.5257897 0.7272573 -0.3431258 0.5944253 0.7272712 0.3628502 -0.6284732 0.6880124 0.6863907 -6.45444e-6 0.727233 0.6759243 -0.1191754 0.7272714 -0.7159957 -0.03126943 0.6974041 0.6450011 -0.2347267 0.7272394 0.594419 -0.343127 0.7272758 0.5257334 -0.4412136 0.7272793 -0.3628501 0.6284733 0.6880125 0.3431624 -0.5944188 0.7272592 -0.2482271 0.6819293 0.6880086 0.2347577 -0.6449815 0.7272467 -0.1260496 0.7146848 0.6879951 0.4411432 -0.5258454 0.7272409 0.3431711 -0.5944175 0.7272562 0.2347655 -0.6449802 0.7272453 -0.5944113 -0.3432092 0.7272433 -0.6449645 -0.2347099 0.7272772 0.7159971 0.03127318 0.6974025 -0.675974 -0.1191877 0.7272231 -0.6863299 -7.50303e-6 0.7272904 -0.3431227 -0.5944244 0.7272734 -0.4411842 -0.5257925 0.7272542 0.03122842 -0.7159788 0.6974232 -0.5944402 0.343211 0.7272188 -0.5258078 0.4411421 0.7272688 0.5944578 0.3431366 0.7272395 0.6449922 0.2347605 0.7272363 0.6759163 0.1191682 0.7272801 0.6759179 -0.1191744 0.7272775 0.6450082 -0.2347307 0.7272318 -0.7146835 0.1260183 0.6880022 0.5944225 -0.3431325 0.7272703 -0.681964 0.2481864 0.6879888 -0.6284979 0.3628455 0.6879923 -0.03127419 0.715992 0.6974077 0.1192525 -0.6759424 0.7272419 -8.99302e-6 -0.686324 0.7272959 -0.1192634 -0.6759438 0.7272388 -0.2347272 -0.6449973 0.7272425 -0.343127 -0.5944163 0.727278 -0.6449589 -0.2347075 0.727283 0.4411531 0.5258405 0.7272384 0.3628497 0.6284707 0.6880152 0.2482247 0.68193 0.6880087 -0.2347307 -0.64501 0.7272301 0.1260477 0.7146906 0.6879893 -0.1192597 -0.6759417 0.7272413 -1.04309e-5 -0.686324 0.727296 -0.6759803 -0.1191889 0.7272171 -0.6863316 -7.50301e-6 0.7272888 0.7159782 -0.03126919 0.6974222 0.2482272 -0.6819294 0.6880085 -0.2347247 0.6450055 0.727236 0.1260073 -0.714704 0.6879829 -0.441186 0.5257868 0.7272574 -0.3431268 0.5944084 0.7272846 -0.03123128 -0.7159748 0.6974273 -0.2347375 0.6450041 0.7272331 -0.11917 0.6759297 0.7272672 0.5257519 0.4411677 0.7272937 -0.555935 -0.4664907 0.6879846 0.4411578 0.5258434 0.7272335 -0.4664431 -0.5559343 0.6880174 0.3431636 0.5944141 0.7272626 -0.7146843 -0.1260152 0.6880019 -0.6819609 -0.2482061 0.6879848 -0.6284899 -0.3628352 0.6880052 0.3431684 -0.5944179 0.7272571 0.2347621 -0.6449848 0.7272424 -0.6449347 0.2347334 0.727296 0.1192556 -0.6759275 0.7272553 -0.6759828 0.1191812 0.7272161 -6.66329e-6 -0.6863468 0.7272744 -0.1192622 -0.6759359 0.7272464 -0.5944467 0.343204 0.7272167 -0.5258035 0.4411343 0.7272766 0.1191764 0.6759164 0.7272785 0.2347637 0.6449782 0.7272477 0.3431701 0.5944179 0.7272563 0.4411429 0.525846 0.7272406 -0.6759845 -0.1191896 0.7272132 -0.6759498 -0.1191835 0.7272464 -8.74994e-6 0.6863834 0.72724 0.1191613 0.6759242 0.7272737 0.6863896 -6.45443e-6 0.7272341 0.6759284 -0.1191761 0.7272675 0.6450045 -0.2347284 0.7272357 0.3431668 -0.5944082 0.7272658 0.2347588 -0.644982 0.7272459 0.119255 -0.6759426 0.7272413 0.7146816 0.1260188 0.688004 0.6819626 0.2481876 0.6879899 0.6284877 0.3628814 0.6879828 -0.5257813 -0.441189 0.7272595 -0.5944025 -0.3432055 0.7272523 -0.6449517 -0.2347047 0.7272903 -0.6759711 0.1191796 0.7272271 -0.6449369 0.2347347 0.7272937 0.7146851 -0.1260148 0.688001 -0.5944429 0.3432121 0.7272161 0.6819611 -0.2482055 0.687985 -0.5258041 0.4411369 0.7272747 -6.30872e-6 0.6863822 0.727241 0.1191719 0.6759254 0.727271 -0.1260101 -0.7147092 0.6879769 0.2347586 0.6449867 0.7272418 -0.2482263 -0.6819297 0.6880086 -0.3628502 -0.6284705 0.688015 0.343162 0.5944099 0.7272667 0.4411522 0.5258365 0.7272418 0.5257527 0.4411711 0.7272911 0.5944556 0.3431373 0.7272409 0.6449819 0.2347574 0.7272464 0.6759144 0.1191677 0.7272818 0.6863927 -6.45448e-6 0.7272312 0.6757932 -0.1191956 0.7273899 0.5944105 -0.3431285 0.7272819 0.5257405 -0.4412188 0.7272709 0.4411751 -0.5258306 0.7272322 0.4664692 -0.5559211 0.6880104 0.5559189 -0.4664822 0.6880034 0.6284813 -0.3628693 0.687995 -0.1191744 0.6759289 0.7272672 0.5257508 0.4411672 0.7272947 0.5944546 0.3431363 0.7272422 0.6449754 0.2347564 0.7272526 -0.525778 -0.4411811 0.7272667 -0.5944148 -0.3432096 0.7272402 0.5944567 0.3431378 0.7272398 0.5257414 0.4411656 0.7273026 0.2347574 0.6449812 0.727247 -0.6863356 -7.50303e-6 0.727285 -0.6759788 0.1191803 0.7272199 -0.6449262 0.2347308 0.7273044 -0.4411692 0.5257912 0.7272644 -0.3431358 0.5944237 0.7272677 -0.2347387 0.6450062 0.7272308 -0.6759821 0.11918 0.7272168 -0.6449381 0.2347339 0.7272929 -0.5944433 0.3432042 0.7272194 -0.5258035 0.441136 0.7272756 -0.4411733 0.5257931 0.7272605 -0.3431357 0.5944238 0.7272676 -0.2347284 -0.6450042 0.727236 -0.2347347 0.6450039 0.7272343 -0.119258 -0.6759324 0.7272503 -0.11918 0.675916 0.7272782 -6.46713e-6 -0.6863373 0.7272834 -7.47228e-6 0.686396 0.7272281 0.1192622 -0.6759294 0.7272523 0.1191614 0.6759167 0.7272807 0.2347537 0.6449812 0.7272483 -0.1191853 0.6759154 0.727278 -7.41669e-6 0.6863926 0.7272312 0.7159903 0.0312733 -0.6974095 0.7146831 0.126018 -0.6880026 0.6819541 0.2481843 -0.6879994 0.6284891 0.3628803 -0.6879821 0.5559009 0.4664978 -0.6880074 0.4664745 0.5559278 -0.6880013 0.3628634 0.6284955 -0.6879851 0.2482282 0.6819325 -0.688005 0.1260496 0.7146813 -0.6879987 0.03127199 0.7160043 -0.6973951 0.715998 -0.03126955 -0.6974017 0.03123086 -0.715988 -0.6974136 0.1260072 -0.7147068 -0.6879799 0.2482282 -0.681937 -0.6880006 0.3628532 -0.6284761 -0.6880082 0.4664788 -0.5559317 -0.6879953 0.5559207 -0.4664844 -0.6880005 0.6284818 -0.3628696 -0.6879944 0.6819525 -0.2482035 -0.687994 0.7146856 -0.1260156 -0.6880005 -0.7159876 -0.03126937 -0.6974124 -0.7146841 -0.1260147 -0.6880022 -0.681952 -0.248203 -0.6879947 -0.6284912 -0.3628339 -0.6880046 -0.5559386 -0.4664913 -0.6879813 -0.4664463 -0.5559408 -0.6880101 -0.3628633 -0.6284952 -0.6879855 -0.2482282 -0.6819325 -0.688005 -0.126008 -0.7147002 -0.6879867 -0.03122574 -0.7159935 -0.6974083 -0.7160074 0.03127366 -0.6973918 -0.031273 0.7159991 -0.6974004 -0.1260467 0.714688 -0.6879922 -0.2482282 0.6819369 -0.6880006 -0.3628537 0.6284763 -0.6880078 -0.4664505 0.5559446 -0.6880041 -0.5559165 0.4665066 -0.6879887 -0.6284977 0.3628463 -0.6879922 -0.6819537 0.2481852 -0.6879995 -0.7146839 0.1260191 -0.6880016 -1.19677e-5 0.6863973 -0.7272268 0.1191647 0.675934 -0.7272641 0.2347563 0.6449939 -0.7272362 0.3431721 0.5944232 -0.727251 0.4411683 0.5258459 -0.7272254 0.5257641 0.4411748 -0.7272806 0.5944567 0.3431409 -0.7272384 0.6449903 0.2347613 -0.7272377 0.6759336 0.11917 -0.7272636 0.6863973 -7.48067e-6 -0.7272269 0.6759345 -0.1191784 -0.7272614 0.6450158 -0.2347339 -0.7272239 0.5944297 -0.343136 -0.7272627 0.5257429 -0.4412229 -0.7272667 0.4411621 -0.525848 -0.7272276 0.3431769 -0.5944225 -0.7272493 0.2347656 -0.6449925 -0.7272343 0.1192601 -0.6759479 -0.7272356 -2.24396e-6 -0.6863389 -0.7272819 -0.1192554 -0.6759502 -0.7272342 -0.2347287 -0.6450169 -0.7272247 -0.3431366 -0.5944294 -0.7272627 -0.4411983 -0.5257936 -0.7272449 -0.5257997 -0.4411907 -0.7272452 -0.5944167 -0.3432114 -0.7272377 -0.6449669 -0.2347096 -0.7272752 -0.675991 -0.1191897 -0.727207 -0.686339 -6.47368e-6 -0.7272819 -0.6759892 0.1191834 -0.7272097 -0.6449428 0.2347383 -0.7272873 -0.5944452 0.343217 -0.7272118 -0.52581 0.4411474 -0.7272641 -0.441192 0.5257956 -0.7272472 -0.3431413 0.5944287 -0.7272611 -0.2347381 0.6450157 -0.7272226 -0.1191838 0.6759343 -0.7272607 -0.6759909 -0.1191897 -0.727207 -2.24396e-6 -0.6863389 -0.7272819 -0.4411983 -0.5257936 -0.727245 0.6277971 -0.3624066 -0.688863 0.5552254 -0.4666544 -0.6884464 0.4664604 -0.5559446 -0.6879974 0.3628281 -0.6284822 -0.688016 0.2482222 -0.6819261 -0.6880135 0.1260448 -0.714671 -0.6880102 -1.48237e-6 -0.7257042 -0.6880069 -0.1255202 -0.7144888 -0.6882954 -0.2485914 -0.6813901 -0.6884112 -0.3628547 -0.6284728 -0.6880104 -0.4664713 -0.5559216 -0.6880087 -0.5558921 -0.4664912 -0.6880189 -0.6284792 -0.3628733 -0.6879949 -0.6819462 -0.2481803 -0.6880087 -0.7146708 -0.1260154 -0.6880158 -0.7257079 -2.87141e-6 -0.688003 -0.7146722 0.1260136 -0.6880147 -0.6819434 0.2482007 -0.6880041 -0.6284712 0.362863 -0.6880077 -0.5559138 0.4664771 -0.6880109 -0.4664707 0.5559223 -0.6880084 -0.3628511 0.6284742 -0.6880112 -0.2482215 0.6819262 -0.6880136 -0.1259165 0.7145921 -0.6881157 2.29082e-6 0.7256855 -0.6880267 0.1260107 0.7146944 -0.6879922 0.2482294 0.6819284 -0.6880087 0.3628312 0.628484 -0.6880127 0.4664597 0.5559469 -0.687996 0.5559448 0.4664606 -0.6879971 0.6278294 0.3630951 -0.6884709 0.6812197 0.2479133 -0.6888241 0.7139279 0.1258715 -0.6888131 0.7249562 -3.8289e-6 -0.688795 0.7139264 -0.1258748 -0.6888141 0.6812213 -0.2478957 -0.688829 -0.1260485 -0.7146759 -0.6880045 -0.248229 -0.6819284 -0.6880087 -0.3628559 -0.6284775 -0.6880055 -0.4664742 -0.5559258 -0.6880031 -0.5558951 -0.4664946 -0.6880142 -0.6278304 -0.3631389 -0.688447 -0.6812214 -0.2478958 -0.6888288 -0.713926 -0.1258767 -0.6888141 -0.7249562 -3.82895e-6 -0.688795 -0.7139275 0.1258733 -0.6888131 -0.6812191 0.2479138 -0.6888247 -0.62778 0.3624264 -0.6888683 -0.5552141 0.4666613 -0.6884509 -0.4664745 0.5559237 -0.6880047 -0.3628531 0.6284754 -0.688009 -0.2482229 0.6819257 -0.6880136 -0.1260063 0.7146897 -0.6879978 1.31818e-6 0.7256808 -0.6880315 0.1254819 0.7145076 -0.6882828 0.2485915 0.6813903 -0.6884109 0.3628304 0.6284791 -0.6880176 0.466457 0.5559423 -0.6880015 0.5559426 0.4664562 -0.6880019 0.6284806 0.362827 -0.688018 0.6819447 0.2481988 -0.6880035 0.7146725 0.126012 -0.6880148 0.7257079 -4.5058e-6 -0.688003 0.7146705 -0.126017 -0.6880159 0.6819456 -0.2481819 -0.6880088 0.6284875 -0.3628398 -0.6880049 0.5559219 -0.4664717 -0.6880081 0.4664565 -0.5559432 -0.6880012 0.3628267 -0.6284805 -0.6880182 0.2482215 -0.6819263 -0.6880135 0.125955 -0.7145734 -0.6881281 -2.25809e-6 -0.7257089 -0.6880019 -0.4664707 0.5559223 -0.6880084 -0.3628511 0.6284742 -0.6880112 -0.1259164 0.7145922 -0.6881157 2.29427e-6 0.7256855 -0.6880267 0.1260107 0.7146944 -0.6879922 0.2482294 0.6819284 -0.6880087 0.3628312 0.6284841 -0.6880127 0.4664598 0.5559468 -0.687996 0.5552254 -0.4666545 -0.6884464 0.1260448 -0.714671 -0.6880102 -0.1255203 -0.7144889 -0.6882952 -0.2485914 -0.6813902 -0.6884109 -0.2274559 0.549131 -0.8041885 -0.5491195 0.2274569 -0.804196 0.5773655 -0.5773662 -0.5773192 -0.577334 0.5773501 -0.5773667 -0.5773631 0.5773716 -0.5773161 0.5491194 -0.2274569 -0.8041961 0.5773341 -0.5773501 -0.5773667 -0.2274567 0.5491291 -0.8041895 -0.549128 0.2274553 -0.8041908 0.5773823 0.5773588 -0.5773098 -0.549131 -0.2274557 -0.8041884 -0.2274569 -0.5491192 -0.8041963 -0.57735 -0.5773341 -0.5773668 -0.5491293 -0.2274568 -0.8041895 -0.2274553 -0.549128 -0.8041906 0.2274558 -0.549131 -0.8041885 0.2274567 -0.5491291 -0.8041895 0.549128 -0.2274553 -0.8041907 -0.5773818 -0.5773681 -0.5773009 0.549131 0.2274557 -0.8041885 0.2274568 0.5491189 -0.8041964 0.2274555 0.5491279 -0.8041907 0.5491293 0.2274565 -0.8041895 0.5773611 0.577345 -0.577345 0.125955 -0.7145733 -0.6881281 -2.24254e-6 -0.7257089 -0.6880019 -0.1260485 -0.7146759 -0.6880046 -0.248229 -0.6819285 -0.6880087 -0.4664743 -0.5559257 -0.6880031 -0.5552142 0.4666613 -0.6884509 -0.4664745 0.5559237 -0.6880046 -0.3628531 0.6284755 -0.688009 0.1254819 0.7145076 -0.6882829 0.2485914 0.6813901 -0.6884112 0.3431696 -0.5944265 -0.7272495 0.4411607 -0.5257922 -0.7272688 0.4411588 0.5257924 -0.7272698 0.6863557 -2.71563e-6 -0.727266 0.6759435 -0.1191868 -0.7272516 0.6449818 -0.2347285 -0.727256 0.5257883 0.441155 -0.727275 0.5944029 -0.3431611 -0.7272729 0.5257816 -0.4411798 -0.7272648 0.4411624 0.5257962 -0.7272648 0.5257966 0.4411641 -0.7272636 -0.204248 0.5185594 -0.8302885 -0.2488982 0.4509699 -0.8571325 0.5257906 -0.4411856 -0.7272548 0.5944147 -0.3431671 -0.7272603 0.5944195 0.3431634 -0.7272581 0.644974 0.2347444 -0.7272576 0.6759426 0.1191847 -0.7272529 -0.3678762 0.08033955 -0.9263978 -0.3702072 0.04010361 -0.9280832 0.6759216 0.1191856 -0.7272722 0.6449651 0.2347422 -0.7272662 0.5944234 0.3431625 -0.7272554 0.6449688 -0.2347245 -0.7272687 0.6759451 -0.1191874 -0.7272502 0.6863428 -2.71568e-6 -0.7272782 -0.2852616 -0.3788276 -0.8804064 -0.2487987 -0.4507628 -0.8572702 -0.2041828 -0.5183622 -0.8304277 0.3431698 -0.5944287 -0.7272477 -0.3768599 0.01026821 -0.9262134 0.2547016 -0.6422914 -0.7229031 0.03788626 -0.7801036 -0.6245021 -0.3768572 -0.0102604 -0.9262146 -0.3701987 -0.0400958 -0.9280869 -0.02083933 0.9993415 -0.02970653 -0.08943837 0.6366245 -0.7659702 -0.1510831 0.5810425 -0.7997272 0.2648985 0.6440657 -0.7176408 0.03048855 0.7903273 -0.611926 0.03810048 -0.7801042 -0.6244884 -0.1511189 -0.5808776 -0.7998402 -0.08937817 -0.636719 -0.7658985 -0.0207374 -0.9993479 -0.02955907 0.441157 -0.5257862 -0.7272754 0.3431679 0.5944274 -0.7272496 0.2548375 -0.6422688 -0.7228753 0.03048938 0.7903268 -0.6119264 0.2649003 0.6440703 -0.7176359 0.3431683 0.5944272 -0.7272495 -0.367881 -0.08034044 -0.9263957 -0.3638269 -0.1205217 -0.9236366 -0.3582195 0.1603011 -0.9197731 -0.3638281 0.1205221 -0.9236361 -0.3582189 -0.1603009 -0.9197733 -0.3510884 -0.2002626 -0.9146759 -0.3418952 0.2395446 -0.9086948 -0.3510921 0.2002639 -0.9146742 -0.2853922 0.3790059 -0.8802874 -0.3128731 0.3205426 -0.894071 -0.3310922 0.2792263 -0.9013383 -0.3418877 -0.2395398 -0.9086989 -0.3310945 -0.2792223 -0.9013386 -0.3128051 -0.3205508 -0.8940919 -0.860197 0.3078655 -0.4065466 -0.8890605 0.2210589 -0.4008795 -0.8759642 0.2647364 -0.4032387 -0.9080189 0.1328992 -0.3972901 -0.8999129 0.1770991 -0.398488 -0.9172834 0.04433029 -0.3957601 -0.9138411 0.08866053 -0.3962747 -0.9173412 -0.04426831 -0.3956331 -0.9183391 -8.66909e-5 -0.3957948 -0.9080188 -0.1328836 -0.3972956 -0.9138378 -0.0886597 -0.3962827 -0.8891095 -0.2210844 -0.400757 -0.8998553 -0.1770817 -0.398626 -0.8386166 -0.3508743 -0.4166649 -0.8597357 -0.30813 -0.4073212 -0.8759653 -0.2647072 -0.4032554 -0.8029967 -0.4157941 -0.4269797 -0.7510242 -0.4929466 -0.4392794 -0.6884772 -0.5642929 -0.4556014 -0.6155197 -0.627772 -0.476485 -0.5323421 -0.6811432 -0.5026488 -0.439326 -0.7223525 -0.5340408 -0.8383777 0.3528895 -0.4154418 -0.8029955 0.4157974 -0.4269787 -0.7510024 0.4929959 -0.4392616 -0.6884869 0.5642933 -0.4555863 -0.6155128 0.6277527 -0.4765192 -0.5322685 0.6812607 -0.5025677 -0.4393896 0.7222936 -0.5340683 -0.3015158 -0.3015305 -0.9045261 -0.3015319 0.3015328 -0.9045202 2.32033e-7 -0.7272338 -0.6863899 0.6449708 -0.7272797 -0.2346848 0.5943195 -0.7272912 -0.3432664 -0.1190882 -0.7272447 -0.6759684 -0.234685 -0.7272882 -0.6449611 -0.3432279 -0.7272809 -0.5943545 -0.4412817 -0.7272532 -0.5257121 -0.5258225 -0.7272328 -0.4411841 -0.5943799 -0.727267 -0.3432135 -0.675925 -0.7272722 0.1191655 -0.6449695 -0.7272508 0.2347778 -0.5944553 -0.7272384 0.3431432 -0.5257483 -0.727307 0.44115 -0.4412192 -0.7272108 0.5258232 -0.3432263 -0.7272831 0.5943526 -0.2346796 -0.7272832 0.6449688 0.1190876 -0.7272443 0.675969 0.3015316 -0.3015332 -0.9045201 8.99368e-6 -0.7272364 0.6863872 -0.1190701 -0.7272441 0.6759721 0.5257937 -0.7272078 -0.4412595 0.4412826 -0.7272539 -0.5257105 0.3432286 -0.7272816 -0.5943532 0.234677 -0.7272886 -0.6449637 0.1190798 -0.7272437 -0.6759708 -0.6449697 -0.7272507 -0.2347778 -0.6759092 -0.7272897 -0.1191493 -0.6863896 -0.727234 1.9409e-5 0.2346954 -0.7272832 0.644963 0.3432275 -0.7272835 0.5943515 0.4412134 -0.7272122 0.5258262 0.5257222 -0.7272822 0.441222 0.5943957 -0.7272621 0.3431961 0.644969 -0.7272804 0.2346874 0.6759858 -0.727214 0.1191772 0.6863172 -0.7273024 1.50568e-5 0.6759797 -0.7272222 -0.1191608 0.3015148 0.3015316 -0.9045262 -0.6449707 0.7272511 -0.2347738 -0.594379 0.7272667 -0.3432155 -0.5258254 0.7272328 -0.4411804 0.2346825 0.7272891 -0.6449611 0.3432281 0.7272806 -0.5943547 -0.4412829 0.7272549 -0.5257087 -0.3432283 0.7272801 -0.594355 -0.2346827 0.7272885 -0.6449617 -0.4412147 0.7272121 0.5258251 -0.3432268 0.7272831 0.5943524 -0.2346845 0.7272836 0.6449664 -0.5257458 0.7273072 0.4411527 -0.5944521 0.7272374 0.3431508 -0.6449688 0.7272517 0.2347771 -0.6759258 0.7272722 0.1191617 -0.6863796 0.7272435 1.56179e-5 -0.67592 0.7272804 -0.1191447 0.441277 0.7272533 -0.5257161 0.525795 0.7272087 -0.4412565 0.5943199 0.727291 -0.3432662 0.2346847 0.7272829 0.6449673 0.1190825 0.727243 0.6759712 2.38568e-7 0.7272363 0.6863873 -0.119082 0.7272433 0.675971 -0.1190824 0.7272436 -0.6759705 -2.38569e-7 0.7272334 -0.6863903 0.1190819 0.7272439 -0.6759703 0.6449691 0.7272801 -0.2346886 0.6759698 0.7272316 -0.1191605 0.6863273 0.7272929 1.66398e-5 0.675986 0.727214 0.119175 0.6449705 0.72728 0.2346848 0.5943999 0.727262 0.3431891 0.5257238 0.7272831 0.4412186 0.4412146 0.7272112 0.5258266 0.343227 0.7272826 0.5943528 0.8602079 -0.3078867 -0.4065073 0.8890702 -0.2210414 -0.4008678 0.8759607 -0.2647035 -0.403268 0.9080166 -0.1329008 -0.3972951 0.8999121 -0.1770965 -0.398491 0.9172815 -0.04432392 -0.3957654 0.9138393 -0.08866071 -0.396279 0.91734 0.04426562 -0.395636 0.9183349 7.78332e-5 -0.3958044 0.9080191 0.1328878 -0.3972935 0.9138355 0.08865892 -0.3962883 0.8891004 0.2210921 -0.4007726 0.8998556 0.177083 -0.3986248 0.8386641 0.3507894 -0.4166408 0.8597853 0.3080148 -0.4073035 0.8759681 0.2647396 -0.403228 0.8029721 0.4158404 -0.4269811 0.7510015 0.492978 -0.4392831 0.6884781 0.5642932 -0.4555999 0.6155112 0.6277715 -0.4764967 0.5322986 0.6811791 -0.5026462 0.439383 0.7223263 -0.5340294 0.8384439 -0.3528198 -0.4153673 0.8029828 -0.4158094 -0.4269909 0.7509719 -0.4930182 -0.4392886 0.6884871 -0.5642931 -0.4555863 0.6155209 -0.6277533 -0.4765081 0.5323106 -0.6812248 -0.5025717 0.4393332 -0.7223199 -0.5340791 -0.03048825 -0.7903273 -0.6119259 -0.2648991 -0.6440653 -0.7176409 -0.3431839 -0.5944085 -0.7272574 -0.4411833 -0.525785 -0.7272604 -0.5257672 -0.4412122 -0.7272556 -0.5943804 -0.3431829 -0.7272809 -0.6449728 -0.234727 -0.7272643 -0.6759453 -0.1191889 -0.7272496 -0.6863429 -4.26142e-6 -0.7272782 -0.6759429 0.1191831 -0.7272529 -0.6449701 0.2347422 -0.7272619 -0.5944017 0.343192 -0.7272592 -0.5257851 0.4411961 -0.7272525 -0.44118 0.5257779 -0.7272674 -0.3431869 0.5944096 -0.7272552 -0.2547608 0.6422832 -0.7228896 -0.03797292 0.7801052 -0.6244951 -0.8029955 0.4157969 -0.4269791 -0.7510236 0.4929509 -0.4392756 -0.6884757 0.5642991 -0.4555962 -0.6155059 0.6277809 -0.476491 -0.5322896 0.6811915 -0.5026391 -0.4393789 0.7223313 -0.534026 -0.8601854 0.3079021 -0.4065431 -0.8383938 0.3529095 -0.4153923 -0.8890995 0.2210958 -0.4007725 -0.8759678 0.2647392 -0.4032289 -0.90802 0.1328837 -0.3972928 -0.8998565 0.1770814 -0.3986232 -0.9173403 0.04426556 -0.3956356 -0.9138361 0.08866065 -0.3962864 -0.9172754 -0.04432654 -0.395779 -0.9183349 8.15576e-5 -0.3958044 -0.9080144 -0.1328944 -0.3973022 -0.9138295 -0.08865845 -0.3963024 -0.8890842 -0.2210621 -0.4008255 -0.8998854 -0.1770796 -0.3985587 -0.838602 -0.3508647 -0.4167023 -0.8597416 -0.3080996 -0.4073319 -0.8759634 -0.2647045 -0.4032614 -0.4393377 -0.7223093 -0.5340897 -0.5323173 -0.6812126 -0.5025812 -0.6155279 -0.6277424 -0.4765135 -0.6884891 -0.564292 -0.4555845 -0.7510065 -0.4929889 -0.4392624 -0.8029959 -0.415797 -0.4269785 0.8029721 -0.4158434 -0.4269781 0.751 -0.4929816 -0.4392817 0.6884748 -0.5642991 -0.4555974 0.6155144 -0.6277808 -0.4764802 0.5323332 -0.6811556 -0.5026416 0.439322 -0.7223575 -0.5340373 -0.03040164 -0.7903286 -0.6119285 -0.2648476 -0.64408 -0.7176467 -0.4411854 -0.525788 -0.7272569 -0.5257772 -0.4412198 -0.7272437 -0.5943758 -0.3431843 -0.727284 -0.6449842 -0.234731 -0.727253 -0.6759433 -0.1191883 -0.7272517 -0.6863506 -4.26138e-6 -0.7272709 -0.6759468 0.119183 -0.7272493 -0.644958 0.2347388 -0.7272737 -0.5943834 0.3431904 -0.727275 -0.5257756 0.4411873 -0.7272647 -0.4411827 0.5257831 -0.727262 -0.3431828 0.5944083 -0.7272581 -0.2548173 0.6422703 -0.7228812 -0.03807049 0.7801011 -0.6244943 0.8602051 -0.3078917 -0.4065095 0.8384406 -0.3528235 -0.4153709 0.8891109 -0.2210797 -0.400756 0.8759657 -0.2647076 -0.4032543 0.9080185 -0.1328876 -0.3972949 0.8998562 -0.1770821 -0.3986238 0.9173406 -0.04426878 -0.3956345 0.9138352 -0.08865988 -0.3962888 0.9172754 0.04432487 -0.3957795 0.918339 -8.29651e-5 -0.3957948 0.9080209 0.1328966 -0.3972865 0.9138304 0.08865916 -0.3963 0.8890722 0.2210704 -0.4008471 0.8998848 0.1770799 -0.3985602 0.8386627 0.350789 -0.4166439 0.8597849 0.3080127 -0.407306 0.8759677 0.2647365 -0.4032309 0.4393947 0.7222831 -0.5340782 0.5322761 0.6812484 -0.5025763 0.6155195 0.6277422 -0.4765244 0.6884895 0.5642922 -0.4555837 0.7509757 0.4930111 -0.43929 0.8029832 0.4158099 -0.4269897 0.2042195 -0.5186129 -0.830262 0.2489057 -0.4508963 -0.857169 0.2852637 0.3789085 -0.880371 0.2487999 0.4506891 -0.8573085 0.2041577 0.5184158 -0.8304004 0.3678097 -0.08016818 -0.9264391 0.3703541 -0.04012924 -0.9280235 0.3767753 0.01040869 -0.9262462 0.3703654 0.04013746 -0.9280187 0.3767724 -0.01040077 -0.9262475 0.1511248 0.5808804 -0.799837 0.08944052 0.6366974 -0.7659092 0.02083396 0.9993419 -0.02969664 0.02073127 -0.9993482 -0.02955335 0.08941042 -0.6365998 -0.7659938 0.1510933 -0.5810402 -0.7997269 0.3678087 0.08016836 -0.9264393 0.3638316 0.1205223 -0.9236347 0.3582195 -0.1603011 -0.9197731 0.3638267 -0.1205208 -0.9236367 0.3582222 0.1603024 -0.9197718 0.3510136 0.2003217 -0.9146916 0.341903 -0.2397305 -0.9086428 0.3510112 -0.2003196 -0.914693 0.3419053 0.2397326 -0.9086413 0.3311589 0.2791845 -0.9013268 0.3127776 0.3203735 -0.894165 0.2853998 -0.3790826 -0.8802519 0.3128598 -0.3203637 -0.8941398 0.3311556 -0.2791816 -0.9013289 -0.917049 -0.3974159 -0.03288978 -0.5788943 -0.5788813 -0.5742629 -0.8691056 -0.3197115 -0.3774123 -0.3974155 -0.9170492 -0.03289145 -0.2808467 -0.9006696 -0.3315411 0.3765144 0.9232546 -0.07640743 -0.3765139 0.9232545 -0.076411 0.9170491 0.3974159 -0.03288978 0.5788943 0.5788813 -0.5742629 0.8691099 0.3197015 -0.3774111 0.3380728 0.8296242 -0.4443315 -0.3380821 0.8296216 -0.4443296 0.3974154 0.9170492 -0.03289109 0.2808634 0.9006652 -0.3315389 0.9232546 0.3765131 -0.07641303 0.9232546 -0.3765138 -0.07640868 0.5969079 0.3836738 -0.7046244 0.5969113 -0.3836624 -0.7046276 0.3380746 -0.3019272 -0.8913728 -0.3380754 -0.3019167 -0.8913761 0.1100471 -0.1100482 -0.9878153 -0.1100502 -0.1100491 -0.9878149 -0.3380771 0.3019164 -0.8913756 0.3380777 0.3019059 -0.8913789 -0.1100471 0.1100482 -0.9878153 0.1100502 0.1100491 -0.9878149 -0.5969117 0.3836675 -0.7046246 -0.5969078 -0.3836779 -0.7046223 -0.923254 0.376515 -0.07641041 -0.9232546 -0.3765131 -0.07641303 -0.397417 0.9170486 -0.03289234 -0.5788812 0.5788944 -0.574263 -0.2808458 0.9006696 -0.3315421 -0.9170499 0.397414 -0.03289008 -0.8691098 0.3197191 -0.3773964 0.3974161 -0.917049 -0.03288984 0.5788812 -0.5788944 -0.5742629 0.2808589 -0.9006657 -0.3315415 0.9170494 -0.3974151 -0.03289222 0.8691054 -0.3197308 -0.3773966 0.3765134 -0.9232541 -0.07641637 -0.3765128 -0.9232549 -0.07641112 0.3380725 -0.8296277 -0.4443254 -0.3380616 -0.8296301 -0.4443291 0.02505671 -0.9996322 -0.01037973 0.4412069 -0.7272205 0.5258201 0.5257129 -0.7272549 0.4412782 0.6759791 -0.7272202 0.1191765 0.6863329 -0.7272875 1.68996e-5 0.6759852 -0.7272173 -0.1191598 0.6449643 -0.7272866 -0.2346811 0.3432272 -0.7272821 -0.5943534 0.2346854 -0.727284 -0.6449658 0.5943965 -0.7272604 0.3431985 0.6449592 -0.7272902 0.2346841 0.5943131 -0.7272998 -0.3432593 0.5258088 -0.7271953 -0.441262 0.4412817 -0.727256 -0.5257084 0.1190826 -0.7272444 -0.6759697 2.38567e-7 -0.7272385 -0.6863848 -0.119081 -0.7272477 -0.6759665 -0.2346857 -0.7272802 -0.6449699 -0.3432318 -0.7272738 -0.594361 -0.4412679 -0.7272663 -0.5257056 -0.5258318 -0.7272194 -0.4411949 -0.5943709 -0.727274 -0.343214 -0.6449604 -0.7272593 -0.2347768 0.2346857 -0.727281 0.644969 0.3432285 -0.7272791 0.5943562 -0.03117293 -0.7159602 -0.6974449 -0.02779686 -0.999547 -0.01155185 -0.6759277 -0.7272704 0.1191624 0.04345738 -0.9990553 0 -0.6863823 -0.7272409 1.39447e-5 -0.6759245 -0.7272756 -0.1191486 -0.6449675 -0.7272536 0.2347747 -0.594454 -0.7272419 0.3431381 -0.5257586 -0.7272959 0.4411562 -0.4412066 -0.7272219 0.5258184 -0.3432291 -0.7272794 0.5943555 -0.234686 -0.7272808 0.6449692 -0.1190822 -0.7272443 0.6759698 -2.38567e-7 -0.7272385 0.6863849 0.1190817 -0.7272446 0.6759696 0.9229972 -0.04292339 -0.3824052 0.9156911 -0.1333836 -0.3791025 0.7740297 -0.5459463 -0.3206565 0.8146657 -0.4716294 -0.3374694 0.8500265 -0.3916928 -0.3521815 0.8788185 -0.3087737 -0.3637818 0.9008014 -0.2217301 -0.3733532 0.676809 -0.6805859 -0.2805935 0.7273846 -0.6165951 -0.3012012 0.5633472 -0.7925432 -0.2334856 0.6215723 -0.7398363 -0.2574687 0.4384373 -0.8801577 -0.1819212 0.5015326 -0.839827 -0.2077396 0.3049845 -0.9439253 -0.1264494 0.3717771 -0.915452 -0.154044 0.09514075 -0.9946913 -0.03921157 0.1660479 -0.9837483 -0.06831926 0.2352659 -0.9670245 -0.09753906 0.1260287 -0.7146994 -0.6879837 0.2482761 -0.6818661 -0.6880536 0.3628518 -0.6284952 -0.6879915 0.4664121 -0.5559434 -0.6880311 0.5559346 -0.4665331 -0.6879562 0.6284627 -0.362816 -0.6880401 0.6819411 -0.2482346 -0.6879941 0.7146883 -0.1260203 -0.6879969 0.7159941 -0.0312609 -0.6974061 0.9230022 0.04292994 -0.3823925 0.7159865 0.0312696 -0.6974135 -0.5559738 -0.4664489 -0.6879816 -0.6284692 -0.3628168 -0.6880337 -0.7159869 -0.03125834 -0.6974137 -0.7159955 0.03127205 -0.6974042 -0.03127062 0.7159846 -0.6974154 0.03127372 0.7159909 -0.6974089 0.1261295 0.714671 -0.6879948 0.6819472 0.2481687 -0.688012 0.7146812 0.1260241 -0.6880035 -0.1259866 -0.714723 -0.6879668 -0.2483183 -0.6818547 -0.6880496 -0.6819392 -0.2482272 -0.6879987 -0.7146868 -0.1260136 -0.6879996 0.2482766 0.681842 -0.6880772 0.3628491 0.6284946 -0.6879936 0.4664182 0.5559446 -0.6880261 0.5558694 0.4665774 -0.6879789 0.6284924 0.3628517 -0.6879942 2.18899e-6 0 -1 -0.3628234 -0.6284727 -0.6880271 -0.4664564 -0.5559677 -0.6879815 -0.7146807 0.1260311 -0.6880028 -0.6819482 0.2481783 -0.6880075 -0.628483 0.3628495 -0.688004 -0.5559055 0.4664927 -0.6880071 -0.4664586 0.5559671 -0.6879803 -0.3628245 0.6284703 -0.6880287 -0.2483022 0.6818812 -0.6880291 -0.1261139 0.7146802 -0.6879881 0.6770924 0.6804229 -0.2803043 0.6212089 0.7402703 -0.2570981 0.0279085 0.9995433 -0.01159262 0.1248552 0.9908222 -0.05179381 0.2354773 0.9669749 -0.09752017 0.371453 0.915621 -0.1538216 0.3052254 0.9438486 -0.1264412 0.5639011 0.7921285 -0.2335553 0.5015645 0.8398375 -0.2076206 0.4383639 0.8802879 -0.1814672 0.7275145 0.6165052 -0.3010716 0.7740832 0.5458521 -0.3206881 0.8145784 0.4717214 -0.3375518 0.8500468 0.3915855 -0.3522517 0.8787398 0.3088694 -0.3638903 0.9007881 0.2216217 -0.3734497 0.9156215 0.1335099 -0.379226 -0.923009 0.04275816 -0.3823956 -0.9230172 -0.0427308 -0.3823785 -0.6770888 -0.6804253 -0.2803072 -0.6213839 -0.7401112 -0.2571334 -0.1246423 -0.9908536 -0.05170583 -0.2354264 -0.9669887 -0.09750634 -0.3715962 -0.9155505 -0.1538946 -0.3052242 -0.9438493 -0.1264395 -0.5638061 -0.7921909 -0.233573 -0.5014323 -0.8399328 -0.207554 -0.4386084 -0.8801556 -0.1815186 -0.727414 -0.6166478 -0.3010222 -0.773948 -0.5460609 -0.3206588 -0.8146532 -0.4715642 -0.3375909 -0.850146 -0.3913677 -0.3522543 -0.8787467 -0.3088594 -0.363882 -0.900529 -0.2231012 -0.3731935 -0.9153628 -0.1349647 -0.3793357 -0.02518129 0.9996286 -0.01043021 -8.99372e-6 0.7272332 0.6863904 -0.1190872 0.7272455 0.6759676 -0.2346962 0.7272797 0.6449667 -0.3432293 0.7272796 0.5943551 -0.4412058 0.7272236 0.525817 -0.5257564 0.7272945 0.4411609 -0.5944492 0.7272414 0.3431475 -0.5943699 0.7272735 -0.3432167 -0.6449633 0.7272602 -0.2347659 -0.6759243 0.7272754 -0.1191511 -0.5258296 0.7272177 -0.4412003 -0.4412735 0.7272672 -0.5256996 -0.3432322 0.7272745 -0.5943598 -0.6449669 0.7272549 0.2347721 -0.6759141 0.727283 0.1191631 -0.6863961 0.727228 1.81869e-5 -0.2346799 0.7272793 -0.644973 -0.1190792 0.7272498 -0.6759645 -2.32029e-7 0.7272447 -0.6863783 0.1190875 0.7272505 -0.6759622 0.2346882 0.7272794 -0.6449699 0.3432316 0.7272742 -0.5943605 0.4412733 0.7272674 -0.5256996 0.5258075 0.7271943 -0.4412651 0.5943155 0.7272978 -0.3432594 0.6449622 0.7272888 -0.2346804 0.1190689 0.7272509 0.6759651 0.2346805 0.7272803 0.6449717 0.6759868 0.7272119 0.1191838 0.6863198 0.7272999 1.52345e-5 0.6759838 0.7272174 -0.1191673 0.644968 0.7272832 0.2346817 0.5943938 0.7272658 0.3431915 0.5257314 0.7272706 0.4412302 0.441212 0.7272229 0.5258126 0.3432285 0.7272799 0.5943552 -0.9154328 0.1348666 -0.3792018 -0.7738922 0.5461523 -0.320638 -0.8147374 0.4714642 -0.3375269 -0.8501187 0.3914677 -0.3522091 -0.8788172 0.3087553 -0.3638001 -0.9005457 0.2232109 -0.3730878 -0.6767836 0.68059 -0.2806443 -0.7275039 0.6164628 -0.3011838 -0.5632472 0.792609 -0.2335028 -0.621627 0.7397989 -0.2574442 -0.4382767 0.8802402 -0.1819091 -0.5015293 0.839839 -0.2076991 -0.3049828 0.9439288 -0.1264281 -0.3716309 0.9155234 -0.153972 -0.09519362 0.9946858 -0.03922134 -0.1658002 0.9837934 -0.06827127 -0.2353165 0.9670118 -0.09754133 -0.6759194 0.1191697 -0.7272768 -0.6863525 -6.45476e-6 -0.7272691 0.7159855 0.03127288 -0.6974144 -0.5257499 -0.4412566 -0.7272412 -0.4411904 -0.5257927 -0.7272504 -0.6448936 -0.2347571 -0.7273249 -0.5943575 -0.3431733 -0.7273042 -0.3432199 0.5943769 -0.7272663 -0.5257733 -0.4412444 -0.7272316 -0.441186 -0.5257887 -0.727256 0.4664721 0.5559008 -0.6880249 0.5559084 0.4665066 -0.6879953 0.4411881 -0.5257865 -0.7272562 0.5257813 -0.4411919 -0.7272577 -0.03128319 0.7159964 -0.6974027 0.5944113 -0.3432068 -0.7272443 0.644949 -0.2347866 -0.7272663 0.686409 -7.48034e-6 -0.7272158 0.2346497 -0.6449601 -0.7273005 0.3431912 -0.5944147 -0.727249 -0.6449794 0.2347565 -0.7272489 -0.6759178 0.1191683 -0.7272785 0.4411872 -0.5257901 -0.7272542 0.5257865 -0.4411838 -0.7272589 -0.555899 0.4664966 -0.6880097 0.441187 -0.5257914 -0.7272534 -0.4665001 0.5558889 -0.6880155 0.3432052 -0.5944066 -0.727249 0.4412517 0.5257648 -0.7272334 0.3431776 0.5943702 -0.7272917 -0.3628526 -0.6284728 -0.6880117 -0.6863554 -6.45473e-6 -0.7272663 -0.6759208 -0.119176 -0.7272745 0.7159874 -0.03127354 -0.6974125 -0.6450151 -0.2347231 -0.7272281 -0.5943886 -0.3431645 -0.7272828 -0.5257548 -0.4412513 -0.7272408 0.3628873 0.6284636 -0.6880016 -0.3432496 -0.5944029 -0.727231 0.2481921 0.6819539 -0.6879968 -0.2347597 -0.6449276 -0.7272939 0.1260074 0.7146807 -0.688007 -0.4413028 -0.5257558 -0.7272089 -0.343214 -0.5944119 -0.7272405 -0.2347009 -0.6449369 -0.7273046 0.5944123 -0.343209 -0.7272425 0.6449554 -0.2347947 -0.7272579 -0.7159911 0.03127342 -0.6974085 0.6759316 -0.1191734 -0.727265 0.6863524 -7.48098e-6 -0.7272691 0.3431975 -0.5944114 -0.7272487 0.4411836 -0.5257927 -0.7272545 -0.03127437 -0.7159904 -0.6974092 0.5944055 0.3432415 -0.7272328 0.525782 0.4411911 -0.7272577 -0.5943659 0.3432133 -0.7272784 -0.644982 0.2347631 -0.7272444 -0.6759354 0.1191653 -0.7272627 -0.6759316 -0.1191723 -0.7272651 -0.6450155 -0.2347289 -0.7272258 0.7146822 0.126007 -0.6880056 -0.5943803 -0.3431739 -0.7272853 0.6819676 0.2481963 -0.6879817 0.6284679 0.362865 -0.6880096 0.03127616 0.715992 -0.6974075 -0.1191599 -0.6759853 -0.7272172 4.19195e-5 -0.686324 -0.7272959 0.1192266 -0.6759823 -0.7272091 0.2347145 -0.6449457 -0.7272924 0.3431954 -0.5944047 -0.7272551 0.6449642 -0.2347908 -0.7272514 -0.4412401 0.525767 -0.7272388 -0.3628876 0.6284608 -0.6880041 -0.2481946 0.6819538 -0.687996 0.2347073 -0.6449602 -0.7272819 -0.1260145 0.7146856 -0.6880006 0.1191874 -0.6759831 -0.7272148 6.21472e-5 -0.686324 -0.727296 0.6759207 -0.1191771 -0.7272744 -0.7159789 -0.03127288 -0.6974212 -0.2481926 -0.681954 -0.6879965 0.2347539 0.6450008 -0.7272307 -0.1260074 -0.7146807 -0.6880071 0.4412551 0.5257619 -0.7272334 0.3431452 0.594361 -0.7273145 0.03127503 -0.7159866 -0.6974133 0.2346367 0.6450203 -0.7272514 0.1192234 0.6759254 -0.7272624 -0.5257626 0.4412494 -0.7272364 0.5559285 -0.466476 -0.6879998 -0.4412527 0.5257677 -0.7272307 0.4664798 -0.5559186 -0.6880052 -0.3432098 0.5943602 -0.7272848 0.7146753 -0.1260085 -0.6880125 0.681963 -0.2481985 -0.6879855 0.6284725 -0.3628639 -0.6880059 -0.3432894 -0.5943942 -0.7272194 -0.2348112 -0.6449232 -0.7272811 0.6449332 0.2348162 -0.7272706 -0.119165 -0.6759706 -0.72723 0.682742 0.1181669 -0.7210409 4.50294e-6 -0.6863087 -0.7273104 0.1191797 -0.675978 -0.7272207 0.5944176 0.3432328 -0.727227 0.5259285 0.441135 -0.7271859 -0.1191765 0.6759164 -0.7272785 -0.2346987 0.6449886 -0.7272595 -0.3431954 0.5943688 -0.7272844 -0.4412581 0.5257645 -0.7272297 0.6759284 -0.1191772 -0.7272672 0.6759414 -0.1191812 -0.7272546 -2.82278e-5 0.6863834 -0.7272399 -0.1189963 0.6759393 -0.7272866 -0.6863968 -6.45437e-6 -0.7272272 -0.6759529 -0.1191724 -0.7272452 -0.6449657 -0.2347385 -0.7272669 -0.3433892 -0.594361 -0.7271994 -0.2347482 -0.6449301 -0.7272953 -0.1191902 -0.6759833 -0.7272141 -0.7146751 0.1260085 -0.6880126 -0.681963 0.2481985 -0.6879855 -0.6284635 0.3628987 -0.6879959 0.525773 -0.4411917 -0.7272638 0.5944066 -0.3432042 -0.7272495 0.6449558 -0.2347861 -0.7272603 0.6759304 0.119165 -0.7272675 0.6449388 0.2348166 -0.7272655 -0.7146822 -0.1260069 -0.6880056 0.5944098 0.3432421 -0.7272289 -0.6819638 -0.2481975 -0.6879851 0.5257781 0.4411858 -0.7272637 4.64008e-5 0.6863822 -0.727241 -0.1191431 0.6759278 -0.7272735 0.126006 -0.7146865 -0.6880013 -0.2347843 0.6449827 -0.7272371 0.2481917 -0.6819543 -0.6879966 0.3628502 -0.6284705 -0.688015 -0.3432074 0.5943562 -0.7272891 -0.4412493 0.5257602 -0.7272382 -0.5257673 0.4412516 -0.7272316 -0.5943634 0.3432141 -0.7272801 -0.6449826 0.2347573 -0.7272459 -0.6759155 0.1191675 -0.7272808 -0.6863999 -6.45442e-6 -0.7272244 -0.6762735 -0.1191244 -0.726955 -0.5943373 -0.3431796 -0.7273176 -0.5257481 -0.4412611 -0.7272397 -0.4409023 -0.5258657 -0.7273723 -0.4665083 -0.5559046 -0.6879971 -0.5559124 -0.4664676 -0.6880185 -0.6284639 -0.3628979 -0.6879958 0.1191552 0.6759305 -0.7272689 -0.5258795 0.4412112 -0.727175 -0.5943827 0.3432067 -0.7272678 -0.6449691 0.234758 -0.7272576 0.5257772 -0.4411813 -0.7272672 0.5944145 -0.3432098 -0.7272403 -0.5943658 0.3432142 -0.7272781 -0.5257841 0.4412372 -0.7272282 -0.2347396 0.6449841 -0.7272502 0.6863929 -7.48064e-6 -0.7272309 0.675922 0.1191681 -0.7272747 0.6449242 0.2348138 -0.7272794 0.4412564 0.5257611 -0.7272332 0.3431641 0.5943741 -0.7272949 0.234668 0.6450176 -0.7272436 0.6759196 0.1191687 -0.7272769 0.6449601 0.2348105 -0.7272486 0.5945813 0.3431802 -0.7271179 0.525762 0.4411899 -0.7272728 0.4412587 0.5257635 -0.7272301 0.3432104 0.5943635 -0.7272818 0.2347054 -0.6449543 -0.7272877 0.2347545 0.6450007 -0.7272307 0.1191865 -0.6759737 -0.7272237 0.1191689 0.675917 -0.7272793 6.56516e-6 -0.6863373 -0.7272834 7.603e-6 0.686396 -0.7272281 -0.1191803 -0.6759716 -0.7272266 -0.119161 0.6759167 -0.7272807 -0.2347807 0.6449769 -0.7272434 0.119184 0.6759155 -0.7272781 8.24351e-6 0.6863926 -0.7272312 -0.7159879 0.03127348 0.6974118 -0.7146804 0.126007 0.6880074 -0.6819661 0.2481914 0.687985 -0.6284824 0.3628908 0.6879827 -0.5559004 0.466498 0.6880077 -0.4665154 0.5558912 0.6880031 -0.3629173 0.628481 0.6879701 -0.2481931 0.6819573 0.6879931 -0.1260116 0.7146767 0.6880104 -0.03128457 0.716004 0.6973949 -0.7159953 -0.03127342 0.6974043 -0.03124541 -0.7159996 0.6974011 -0.1259813 -0.7146861 0.6880063 -0.2481893 -0.6819621 0.6879897 -0.3628529 -0.6284764 0.6880082 -0.4665072 -0.5559188 0.6879864 -0.5559127 -0.4664704 0.6880164 -0.6284819 -0.3628916 0.6879827 -0.6819657 -0.2481922 0.6879851 -0.7146828 -0.1260077 0.6880048 0.7159924 -0.03127288 0.6974074 0.7146872 -0.1260057 0.6880006 0.681966 -0.2481914 0.687985 0.6284914 -0.3628559 0.6879928 0.5559301 -0.4664776 0.6879974 0.4664576 -0.5559334 0.6880083 0.362847 -0.6284995 0.6879901 0.2481931 -0.6819573 0.6879931 0.1260141 -0.7146764 0.6880103 0.03127437 -0.7160044 0.6973949 0.7160043 0.03127384 0.697395 0.03124547 0.7159999 0.6974009 0.1259824 0.714686 0.6880062 0.2481894 0.6819624 0.6879895 0.3628902 0.6284667 0.6879974 0.4664718 0.5559145 0.688014 0.5559167 0.4665066 0.6879886 0.6284911 0.3628568 0.6879928 0.6819657 0.2481922 0.6879851 0.7146828 0.1260077 0.6880048 4.94572e-5 0.6863973 0.7272268 -0.1191691 0.6759337 0.7272638 -0.2347614 0.644993 0.7272352 -0.3432627 0.5943592 0.7272606 -0.441249 0.5257741 0.7272284 -0.5257395 0.4412682 0.7272418 -0.5943685 0.3432162 0.727275 -0.6449934 0.2347605 0.7272353 -0.6759335 0.11917 0.7272636 -0.6863973 -7.48067e-6 0.7272269 -0.6759365 -0.1191781 0.7272596 -0.6450092 -0.2347356 0.7272292 -0.5943669 -0.3431839 0.7272915 -0.5257302 -0.4412716 0.7272463 -0.4411605 -0.5258048 0.7272598 -0.3432931 -0.5943998 0.727213 -0.2347756 -0.6449374 0.72728 -0.1192383 -0.6759851 0.7272045 -3.54903e-5 -0.6863389 0.7272819 0.1191887 -0.6759911 0.7272071 0.2347106 -0.6449663 0.7272754 0.3432135 -0.5944159 0.7272375 0.4412349 -0.525783 0.7272304 0.5258283 -0.4411815 0.72723 0.5944148 -0.343212 0.727239 0.6449668 -0.2347921 0.7272487 0.6759348 -0.1191774 0.7272613 0.6863973 -6.45449e-6 0.7272268 0.6759328 0.1191712 0.7272642 0.6449426 0.2348207 0.7272609 0.5944081 0.3432483 0.7272273 0.525754 0.4412059 0.7272689 0.4412671 0.5257693 0.7272207 0.3432198 0.5943673 0.7272742 0.2347288 0.6450172 0.7272244 0.1192333 0.6759303 0.7272564 -0.6759336 0.11917 0.7272636 0.5944081 0.3432483 0.7272274 -0.6277769 -0.3624197 0.6888746 -0.5552237 -0.4666791 0.688431 -0.4664723 -0.5559058 0.6880206 -0.3628599 -0.6284742 0.6880065 -0.2481706 -0.681954 0.6880044 -0.1260032 -0.7146669 0.6880221 -1.11609e-6 -0.7257043 0.6880068 0.125464 -0.714486 0.6883086 0.2485564 -0.6814148 0.6883993 0.3628784 -0.6284667 0.6880035 0.4664813 -0.5558953 0.6880231 0.5558844 -0.466494 0.6880232 0.628457 -0.3628897 0.6880066 0.6819504 -0.2481899 0.6880012 0.7146697 -0.1260041 0.6880191 0.7257089 8.18924e-7 0.6880019 0.7146694 0.1260058 0.6880192 0.6819436 0.2481935 0.6880066 0.6284561 0.3628911 0.6880066 0.5559003 0.4664655 0.6880297 0.4665037 0.5559079 0.6879976 0.3628363 0.6284781 0.6880155 0.2481709 0.6819538 0.6880045 0.1259134 0.7145689 0.6881405 0 0.725709 0.6880019 -0.1259953 0.7146727 0.6880176 -0.2481747 0.6819567 0.6880003 -0.3628429 0.6284807 0.6880096 -0.4664703 0.5559273 0.6880047 -0.5559173 0.4664767 0.6880083 -0.6278172 0.3631188 0.6884695 -0.6812259 0.2479028 0.6888218 -0.7139246 0.1258633 0.6888179 -0.7249571 0 0.6887941 -0.7139253 -0.1258647 0.6888171 -0.6812195 -0.2479065 0.6888269 0.125995 -0.7146728 0.6880176 0.2481966 -0.6819528 0.6879962 0.3628802 -0.6284711 0.6879987 0.4664831 -0.5559006 0.6880174 0.5558867 -0.4664981 0.6880186 0.6278098 -0.3631528 0.6884584 0.681226 -0.2479062 0.6888205 0.7139247 -0.1258666 0.6888173 0.7249571 0 0.6887941 0.7139242 0.1258652 0.688818 0.681219 0.2479068 0.6888272 0.6277661 0.3624517 0.6888676 0.5551998 0.4666495 0.6884704 0.4665073 0.5559096 0.6879939 0.3628371 0.6284799 0.6880133 0.2481705 0.681954 0.6880046 0.1260032 0.7146669 0.6880221 1.00725e-6 0.7257043 0.6880068 -0.1254642 0.7144861 0.6883083 -0.2485342 0.6814192 0.688403 -0.362841 0.6284764 0.6880145 -0.4664672 0.5559229 0.6880103 -0.5559142 0.4664737 0.688013 -0.628466 0.3628548 0.6880167 -0.6819504 0.2481899 0.688001 -0.7146697 0.1260041 0.6880191 -0.7257089 -8.18924e-7 0.688002 -0.7146695 -0.1260057 0.6880189 -0.6819426 -0.2481936 0.6880074 -0.6284651 -0.3628562 0.6880167 -0.5559207 -0.4664955 0.6879928 -0.4664698 -0.5559032 0.6880245 -0.362859 -0.6284723 0.6880087 -0.248171 -0.6819539 0.6880044 -0.1259132 -0.7145689 0.6881403 0 -0.7257089 0.6880019 0.2481709 0.6819538 0.6880046 0.1259133 0.7145689 0.6881403 0 0.725709 0.6880019 -0.2481747 0.6819567 0.6880003 -0.3628429 0.6284807 0.6880095 -0.6278172 0.3631189 0.6884695 -0.7139246 0.1258633 0.6888179 -0.724957 0 0.6887942 -0.5552237 -0.4666792 0.6884311 -0.2481706 -0.681954 0.6880044 -0.1260032 -0.714667 0.6880221 0.2485564 -0.6814149 0.6883993 0.2274576 0.5491308 0.804188 0.5491224 0.2274564 0.8041942 0.577334 0.5773501 0.5773668 0.5773632 0.5773717 0.5773161 -0.5491207 -0.2274566 0.8041952 -0.5773341 -0.5773501 0.5773667 0.2274523 0.5491297 0.8041904 0.5491259 0.2274556 0.804192 -0.5773801 0.5773649 0.5773059 0.5491043 -0.2274605 0.8042054 0.2274525 -0.5491197 0.8041971 0.5773497 -0.5773342 0.577367 0.5491302 -0.2274565 0.8041888 0.2274562 -0.5491279 0.8041905 -0.2274566 -0.5491309 0.8041883 -0.2274523 -0.5491297 0.8041903 -0.5491262 -0.2274556 0.8041918 0.5773823 -0.5773678 0.5773008 -0.549117 0.2274582 0.8041974 -0.2274524 0.5491194 0.8041973 -0.2274572 0.5491278 0.8041903 -0.5491321 0.227456 0.8041877 -0.5773611 0.577345 0.577345 -0.248171 -0.6819539 0.6880045 -0.1259132 -0.7145689 0.6881404 0 -0.7257089 0.6880019 0.2481966 -0.6819528 0.6879962 0.3628802 -0.6284711 0.6879987 0.4664831 -0.5559007 0.6880174 0.6278098 -0.3631528 0.6884583 0.6812261 -0.2479062 0.6888205 0.7139242 0.1258652 0.688818 0.681219 0.2479068 0.6888273 0.6277661 0.3624516 0.6888676 0.5551999 0.4666495 0.6884704 0.2481705 0.681954 0.6880045 -0.1254642 0.714486 0.6883086 -0.2485341 0.6814189 0.6884034 -0.6819505 0.2481899 0.688001 -0.3432079 -0.594381 0.7272686 -0.441202 -0.5257989 0.727239 -0.4412056 0.5257773 0.7272523 -0.6864268 7.7442e-7 0.727199 -0.675955 -0.1191763 0.7272427 -0.6449801 -0.2347286 0.7272573 -0.5257628 0.4411836 0.7272761 -0.5943998 -0.3431789 0.727267 -0.5257555 -0.4411948 0.7272745 -0.4411883 0.5257872 0.7272557 -0.5257864 0.4411878 0.7272565 0.204164 0.5186971 0.8302232 0.2488492 0.4508605 0.8572043 -0.5257613 -0.4412017 0.7272663 -0.5944107 -0.3431851 0.7272551 -0.5943984 0.3431799 0.7272676 -0.6449905 0.2347291 0.727248 -0.6759607 0.119177 0.7272373 0.3679801 0.08030015 0.9263599 0.370255 0.04009711 0.9280644 -0.6758709 0.1191881 0.7273189 -0.6449605 0.2347324 0.7272735 -0.594399 0.34318 0.727267 -0.6450277 -0.2347089 0.7272215 -0.6759604 -0.1191764 0.7272377 -0.6863855 7.74462e-7 0.727238 0.2853545 -0.3788076 0.8803851 0.2487816 -0.450653 0.8573328 0.2041121 -0.5184907 0.8303649 -0.3432164 -0.5943811 0.7272645 0.3768497 0.01027679 0.9262174 -0.254742 -0.6422887 0.7228913 -0.03782683 -0.7801133 0.6244937 0.376856 -0.0102691 0.9262149 0.3701876 -0.04010993 0.9280907 0.02083939 0.9993415 0.02970618 0.08943825 0.6366253 0.7659695 0.1510851 0.5810388 0.7997295 -0.264241 0.6441865 0.7177746 -0.02942872 0.7903602 0.6119354 -0.037826 -0.780119 0.6244867 0.1511163 -0.5808844 0.7998358 0.08942312 -0.6367187 0.7658935 0.02084118 -0.9993413 0.02971112 -0.4411923 -0.5257938 0.7272486 -0.3432229 0.5943995 0.7272464 -0.2547011 -0.6422949 0.7229002 -0.03040796 0.7903403 0.6119132 -0.2649065 0.6440692 0.7176347 -0.3431839 0.5944085 0.7272574 0.367927 -0.08032983 0.9263784 0.3638193 -0.1204616 0.9236475 0.3581935 0.1602937 0.9197844 0.363801 0.1204641 0.9236543 0.3582164 -0.1602945 0.9197754 0.3510321 -0.2003046 0.9146882 0.3419638 0.2396647 0.9086373 0.3510488 0.2003017 0.9146825 0.2854895 0.3789878 0.8802636 0.3128791 0.3205307 0.8940731 0.3311522 0.2792055 0.9013227 0.342032 -0.239622 0.9086228 0.3310635 -0.2790871 0.901392 0.3127309 -0.3207235 0.8940559 0.8602215 0.3078491 0.4065073 0.889106 0.2210708 0.4007719 0.8759549 0.2647372 0.4032585 0.9079632 0.1328943 0.3974193 0.8998847 0.1770635 0.3985677 0.9172631 0.04433029 0.3958073 0.9138346 0.08865696 0.396291 0.9172894 -0.04433679 0.3957454 0.918453 2.80288e-6 0.3955304 0.9080113 -0.1328969 0.3973085 0.9138265 -0.08866369 0.3963079 0.8891322 -0.2210907 0.4007031 0.8998249 -0.177059 0.3987044 0.8386343 -0.3508641 0.4166375 0.8597626 -0.3080719 0.4073086 0.8759709 -0.2646998 0.4032481 0.8030022 -0.4157923 0.4269713 0.7510174 -0.4929583 0.4392778 0.688466 -0.5642861 0.4556269 0.6154976 -0.6277797 0.4765033 0.5323299 -0.6812145 0.5025652 0.4393579 -0.7223051 0.5340787 0.8384145 0.3529489 0.4153171 0.8030118 0.4157633 0.4269813 0.7509911 0.4930043 0.4392715 0.6884648 0.5642893 0.4556247 0.6155052 0.6277829 0.4764893 0.5323194 0.6812382 0.5025442 0.4393535 0.7223107 0.5340746 0.3015176 -0.3015351 0.9045241 0.3015332 0.3015368 0.9045183 -2.45087e-7 -0.7272912 0.6863291 -0.6450278 -0.7272249 0.2346984 -0.5943618 -0.7273024 0.3431698 0.119261 -0.727246 0.6759364 0.2347494 -0.7272337 0.6449992 0.3431602 -0.7273058 0.5943631 0.4412407 -0.7272322 0.5257757 0.5257904 -0.7272709 0.4411594 0.5944285 -0.7272503 0.3431646 0.675921 -0.7272752 -0.1191707 0.6449678 -0.7272503 -0.2347844 0.5944007 -0.727257 -0.3431985 0.5257661 -0.7272669 -0.4411948 0.4411751 -0.7272558 -0.5257979 0.3431923 -0.727258 -0.594403 0.2347421 -0.7272586 -0.6449738 -0.1191774 -0.7272742 -0.6759209 -0.3015336 -0.3015282 0.9045211 2.28763e-7 -0.7272359 -0.6863877 0.119108 -0.727272 -0.6759355 -0.5257397 -0.7272451 0.4412622 -0.4412413 -0.7272328 0.5257743 -0.3431612 -0.7273069 0.5943611 -0.2346814 -0.7272367 0.6450205 -0.1191914 -0.7272416 0.6759535 0.6449739 -0.7272514 0.2347643 0.6759114 -0.7272866 0.1191557 0.6863896 -0.7272341 5.16028e-6 -0.2348097 -0.7272547 -0.6449535 -0.3431921 -0.7272585 -0.5944027 -0.4411749 -0.7272557 -0.5257985 -0.5257664 -0.7272451 -0.4412305 -0.5943797 -0.7273054 -0.3431324 -0.645027 -0.7272248 -0.2347006 -0.6759411 -0.7272449 -0.1192417 -0.6863174 -0.7273022 -2.41204e-7 -0.6759383 -0.7272479 0.1192392 -0.3015177 0.3015267 0.9045268 0.6449761 0.7272514 0.2347583 0.5944086 0.7272505 0.3431985 0.5257713 0.7272695 0.4411845 -0.2346937 0.7272305 0.6450231 -0.3431075 0.7273083 0.5943903 0.4412489 0.7272332 0.5257674 0.3431682 0.7273068 0.5943572 0.234756 0.7272328 0.6449978 0.4411824 0.7272562 -0.5257914 0.3431394 0.7272612 -0.5944296 0.2347536 0.7272499 -0.6449793 0.5257982 0.7272697 -0.4411522 0.5944269 0.7272541 -0.3431591 0.6449702 0.7272512 -0.2347747 0.6759209 0.7272745 -0.119175 0.6863796 0.7272436 -6.85303e-6 0.6759226 0.7272771 0.1191499 -0.4412478 0.727232 0.5257699 -0.5257716 0.7272475 0.4412203 -0.5943891 0.7273008 0.3431257 -0.2348169 0.7272557 -0.6449499 -0.1191811 0.7272744 -0.67592 -2.38568e-7 0.7272363 -0.6863872 0.1191808 0.7272754 -0.6759191 0.1192649 0.7272468 0.675935 2.32016e-7 0.7272918 0.6863284 -0.1192643 0.7272454 0.6759365 -0.6450232 0.7272233 0.2347159 -0.6759237 0.7272577 0.1192616 -0.6863272 0.727293 7.88856e-6 -0.675942 0.7272447 -0.1192384 -0.6450291 0.7272246 -0.2346954 -0.5943616 0.7273077 -0.3431584 -0.5257475 0.727244 -0.4412549 -0.4411823 0.7272556 -0.5257923 -0.3431993 0.7272578 -0.5943992 -0.8602088 -0.3078703 0.406518 -0.8891733 -0.2210803 0.4006178 -0.8759739 -0.2647011 0.4032409 -0.9080184 -0.132897 0.3972923 -0.8998533 -0.1770521 0.3986437 -0.9172629 -0.04433429 0.3958072 -0.9138286 -0.0886684 0.3963021 -0.9172894 0.04433917 0.3957455 -0.918453 -1.33252e-6 0.3955302 -0.9080115 0.1328932 0.3973092 -0.9138336 0.0886572 0.3962929 -0.889131 0.2210636 0.4007207 -0.8998286 0.1770734 0.3986896 -0.8386523 0.350861 0.4166042 -0.8597912 0.307972 0.4073236 -0.8759564 0.2647393 0.4032538 -0.8029885 0.4157988 0.4269903 -0.750993 0.4929968 0.4392763 -0.6884662 0.5642861 0.4556266 -0.6154975 0.6277799 0.4765032 -0.5323285 0.6812165 0.5025638 -0.4393581 0.722305 0.5340787 -0.8384488 -0.3528488 0.4153329 -0.8029785 -0.4158228 0.4269862 -0.7510173 -0.4929666 0.4392687 -0.6884647 -0.5642895 0.4556246 -0.6155056 -0.6277826 0.4764891 -0.5323193 -0.6812382 0.5025442 -0.4393534 -0.7223109 0.5340746 0.02942895 -0.79036 0.6119354 0.2642821 -0.6441788 0.7177666 0.3432667 -0.5943678 0.7272517 0.4412882 -0.5257523 0.7272204 0.5257823 -0.4412074 0.7272476 0.5943747 -0.3432015 0.7272768 0.6450313 -0.2347117 0.7272174 0.6759647 -0.1191772 0.7272335 0.6863855 -7.74462e-7 0.727238 0.675955 0.1191764 0.7272427 0.6449801 0.2347286 0.7272573 0.5943838 0.3432076 0.7272664 0.5258016 0.4412044 0.7272355 0.4411939 0.5257521 0.7272776 0.3431981 0.594407 0.727252 0.2547438 0.6422932 0.7228866 0.03782773 0.7801215 0.6244834 0.8030107 0.4157647 0.4269823 0.7509928 0.4930008 0.4392721 0.6884648 0.5642912 0.4556223 0.6154924 0.6277886 0.4764986 0.5323206 0.681227 0.5025581 0.4393572 0.7223104 0.5340721 0.8601931 0.3078545 0.4065629 0.8383982 0.3529496 0.4153495 0.8891358 0.2210664 0.4007083 0.8759601 0.2647367 0.4032475 0.90801 0.1328911 0.3973135 0.8998272 0.1770746 0.3986924 0.917218 0.04433989 0.3959105 0.9138207 0.08865511 0.3963232 0.9172687 -0.04433935 0.3957931 0.9184417 -2.80291e-6 0.3955566 0.9080082 -0.1328955 0.3973161 0.9138498 -0.08866322 0.3962544 0.8891233 -0.2210922 0.4007219 0.8998529 -0.1770529 0.3986439 0.8386309 -0.3508689 0.4166403 0.8597573 -0.3080754 0.4073168 0.8759704 -0.2647008 0.4032486 0.4393613 -0.7223004 0.5340822 0.5323041 -0.6812263 0.5025767 0.6154919 -0.6277741 0.4765181 0.6884645 -0.5642891 0.4556252 0.7510244 -0.4929595 0.4392647 0.8030026 -0.4157928 0.4269698 -0.8029766 -0.4158319 0.4269806 -0.751016 -0.492962 0.4392762 -0.6884646 -0.5642912 0.4556226 -0.6154931 -0.6277883 0.4764978 -0.5323191 -0.6812292 0.5025568 -0.439357 -0.7223105 0.5340721 0.0304082 -0.7903401 0.6119133 0.2649065 -0.6440692 0.7176347 0.3432064 -0.5943817 0.7272687 0.4412147 -0.525777 0.727247 0.5257744 -0.4412206 0.7272453 0.5943802 -0.3431996 0.7272732 0.6449892 -0.2347294 0.727249 0.6759547 -0.1191779 0.7272427 0.6863854 -7.74461e-7 0.727238 0.6759565 0.1191765 0.7272413 0.6449596 0.2347274 0.727276 0.5943759 0.3432027 0.7272752 0.5257896 0.4411965 0.727249 0.4411795 0.5257622 0.727279 0.3431497 0.594416 0.7272675 0.25491 0.6422592 0.7228583 0.038221 0.7801082 0.6244761 -0.8602292 -0.307837 0.4064999 -0.8384401 -0.3528461 0.4153527 -0.8891252 -0.2210888 0.4007195 -0.8759688 -0.2647021 0.4032514 -0.908009 -0.1328993 0.3973127 -0.8998163 -0.1770597 0.3987237 -0.917218 -0.0443421 0.3959106 -0.9138131 -0.08866673 0.3963381 -0.9172686 0.04434144 0.3957931 -0.9184416 1.33253e-6 0.3955568 -0.9080184 0.1328897 0.3972948 -0.9138568 0.088656 0.3962401 -0.88913 0.2210645 0.4007223 -0.8998252 0.1770719 0.3986983 -0.8386827 0.3508539 0.4165488 -0.859763 0.3080057 0.4073575 -0.8759499 0.2647412 0.4032664 -0.4393612 0.7223005 0.5340822 -0.5323042 0.6812261 0.5025766 -0.6154919 0.6277741 0.4765181 -0.6884652 0.5642893 0.4556242 -0.7509974 0.4929984 0.4392671 -0.8029839 0.4157939 0.4270042 -0.2041572 -0.5186947 0.8302263 -0.2488768 -0.4507822 0.8572373 -0.2853628 0.3788843 0.8803493 -0.2488042 0.4505779 0.8573657 -0.2040972 0.5184937 0.8303666 -0.3678604 -0.08015984 0.9264195 -0.3703503 -0.04014986 0.9280241 -0.3767685 0.01041722 0.9262489 -0.3704181 0.04013729 0.9279977 -0.3767739 -0.01040941 0.9262469 -0.1510992 0.5809221 0.7998116 -0.08944022 0.6366957 0.7659106 -0.02083367 0.9993419 0.02969861 -0.02083355 -0.9993419 0.0296939 -0.08945566 -0.6366042 0.7659849 -0.1510664 -0.5810762 0.799706 -0.3679137 0.08013033 0.926401 -0.3638231 0.1204542 0.923647 -0.3581967 -0.1602954 0.9197829 -0.3637971 -0.1204547 0.9236571 -0.3582111 0.1602921 0.9197779 -0.3509494 0.2003601 0.9147079 -0.3420581 -0.2398099 0.9085634 -0.3509725 -0.2003591 0.9146992 -0.3419609 0.2398524 0.9085888 -0.3312227 0.2791647 0.9013094 -0.3128128 0.3203616 0.8941569 -0.2854949 -0.3790699 0.8802265 -0.3128219 -0.3205355 0.8940914 -0.331138 -0.2790486 0.9013766 0.9170486 -0.3974168 0.03289228 0.5788953 -0.5788813 0.5742619 0.869115 -0.3196918 0.3774075 0.3974155 -0.9170492 0.03289145 0.2808467 -0.9006696 0.331541 -0.376514 0.9232547 0.07640689 0.3765141 0.9232545 0.07641011 -0.9170485 0.3974171 0.03288996 -0.5788918 0.5788813 0.5742654 -0.8691125 0.3196958 0.3774098 -0.3380772 0.8296154 0.4443445 0.3380847 0.8296133 0.4443427 -0.3974156 0.9170492 0.03289115 -0.2808631 0.9006654 0.3315388 -0.9232547 0.376513 0.07641303 -0.9232546 -0.3765138 0.07640868 -0.5969077 0.3836739 0.7046244 -0.5969113 -0.3836623 0.7046276 -0.3380843 -0.3019175 0.8913725 0.3380793 -0.3019065 0.8913781 -0.110046 -0.1100481 0.9878154 0.1100507 -0.1100491 0.9878149 0.3380835 0.301905 0.891377 -0.3380773 0.3018935 0.8913832 0.1100461 0.1100481 0.9878154 -0.110049 0.110049 0.987815 0.5969117 0.3836675 0.7046246 0.5969077 -0.3836778 0.7046222 0.9232541 0.3765149 0.07641035 0.9232547 -0.376513 0.07641303 0.3974171 0.9170485 0.03289234 0.5788765 0.5788944 0.5742676 0.2808458 0.9006696 0.331542 0.9170499 0.3974139 0.03288972 0.8691142 0.3197133 0.3773909 -0.3974159 -0.9170491 0.03288978 -0.5788766 -0.5788944 0.5742676 -0.2808588 -0.9006657 0.3315416 -0.9170495 -0.3974149 0.03289222 -0.8691166 -0.3197091 0.3773893 -0.3765133 -0.9232543 0.07641553 0.3765146 -0.923254 0.07641214 -0.338087 -0.8296154 0.4443375 0.3380787 -0.8296176 0.4443395 -0.02518141 -0.9996285 0.01043313 -0.4411754 -0.7272662 -0.5257835 -0.5258105 -0.7272801 -0.4411202 -0.6759302 -0.7272515 -0.1192625 -0.6863328 -0.7272877 -1.26411e-5 -0.6759437 -0.7272425 0.1192415 -0.6450228 -0.7272312 0.2346923 -0.343167 -0.727309 0.5943552 -0.234758 -0.7272267 0.6450039 -0.5943855 -0.7273041 -0.3431251 -0.6450138 -0.727234 -0.2347086 -0.5943573 -0.7273111 0.3431588 -0.5257548 -0.7272326 0.4412648 -0.4412479 -0.7272351 0.5257655 -0.1192646 -0.7272444 0.6759375 -2.32014e-7 -0.7272962 0.6863238 0.1192631 -0.7272488 0.6759331 0.2346967 -0.7272219 0.6450317 0.3431116 -0.7273031 0.5943945 0.4412392 -0.7272461 0.5257579 0.5258079 -0.7272578 0.4411602 0.5944252 -0.7272563 0.3431575 0.6449618 -0.7272588 0.2347739 -0.234755 -0.7272493 -0.6449796 -0.3431414 -0.7272583 -0.5944319 0.03130733 -0.7159914 0.6974068 0.02791255 -0.9995432 0.01159262 0.6759277 -0.727272 -0.1191521 -0.03130477 -0.7159828 0.6974157 0.6863822 -0.727241 6.90535e-6 0.6759223 -0.7272729 0.1191775 0.6449732 -0.7272542 -0.2347571 0.5944008 -0.7272601 -0.3431917 0.5257819 -0.7272562 -0.4411936 0.4411749 -0.7272676 -0.5257819 0.3432014 -0.7272551 -0.5944013 0.2348173 -0.7272518 -0.6449539 0.1191806 -0.7272747 -0.6759198 2.38566e-7 -0.7272375 -0.6863859 -0.1191801 -0.7272748 -0.6759198 -0.9229936 -0.04294747 0.3824114 -0.9156578 -0.1324324 0.3795164 -0.7740598 -0.5459019 0.3206596 -0.8147615 -0.4714387 0.3375045 -0.8499774 -0.3918105 0.3521689 -0.8787771 -0.3088515 0.3638153 -0.901133 -0.2209309 0.3730267 -0.6768252 -0.6806234 0.2804631 -0.7275227 -0.616345 0.3013795 -0.5636399 -0.7922977 0.233612 -0.6213728 -0.7400185 0.2574267 -0.4379388 -0.880477 0.1815766 -0.5017688 -0.8396463 0.2078997 -0.3042857 -0.9441915 0.1261451 -0.3716046 -0.9155279 0.1540091 -0.09527534 -0.9946739 0.03932803 -0.1660168 -0.9837605 0.06821954 -0.2347589 -0.9671654 0.09736168 -0.1258784 -0.7146778 0.6880338 -0.2481449 -0.6819657 0.6880021 -0.3628888 -0.6284541 0.6880096 -0.466377 -0.555956 0.6880447 -0.5559262 -0.4665364 0.6879608 -0.6284753 -0.3628072 0.6880333 -0.6819624 -0.2482031 0.6879844 -0.7146827 -0.1259961 0.688007 -0.716001 -0.03127181 0.6973985 -0.923 0.04293334 0.3823974 -0.7159935 0.03126919 0.6974064 0.5559766 -0.4664483 0.6879797 0.6284911 -0.3628086 0.6880182 0.7159931 -0.03127413 0.6974066 0.7159955 0.03127205 0.6974042 0.03130984 0.7160027 0.6973952 -0.03130733 0.7159919 0.6974064 -0.1258538 0.7146663 0.6880502 -0.6819411 0.2481741 0.688016 -0.7146856 0.1260281 0.6879981 0.125853 -0.7146657 0.6880509 0.2481582 -0.6819391 0.6880236 0.681954 -0.2482016 0.6879932 0.7146792 -0.125998 0.6880103 -0.2481889 0.6819336 0.6880181 -0.3629372 0.6284457 0.6879918 -0.4664422 0.5559257 0.688025 -0.5558824 0.4665024 0.6880191 -0.6285066 0.3628452 0.6879847 0.362846 -0.628472 0.6880159 0.4664338 -0.5559759 0.6879902 0.7146771 0.1260316 0.6880063 0.6819427 0.2481768 0.6880134 0.6284853 0.3628454 0.688004 0.5559206 0.4664165 0.6880466 0.46651 0.55594 0.6879673 0.3628447 0.6284668 0.6880213 0.2481634 0.6819594 0.6880017 0.1259227 0.7146742 0.6880292 -0.6773031 0.680141 0.2804794 -0.6214484 0.7400206 0.2572379 -0.02791291 0.9995432 0.01159268 -0.1248589 0.9908214 0.05180162 -0.2348006 0.9671684 0.09723156 -0.3714285 0.9156427 0.153751 -0.3042973 0.9441903 0.1261264 -0.5636244 0.7923994 0.233304 -0.5015099 0.8398684 0.2076271 -0.4380267 0.8804842 0.181329 -0.7274281 0.6166225 0.3010401 -0.7741153 0.5458098 0.3206825 -0.8147214 0.4714458 0.3375912 -0.8499465 0.3918401 0.3522108 -0.878609 0.309257 0.3638771 -0.9011099 0.2208682 0.3731197 -0.915586 0.1325839 0.3796364 0.922994 0.04294645 0.3824103 0.922999 -0.0429368 0.3823995 0.6772755 -0.6801726 0.2804695 0.6214943 -0.7399878 0.2572215 0.1246954 -0.9908457 0.05172872 0.2352119 -0.9670496 0.09741908 0.3715738 -0.9155688 0.1538399 0.3052052 -0.9438538 0.1264514 0.5638232 -0.7922179 0.2334401 0.5013625 -0.8399754 0.2075499 0.4386024 -0.8801599 0.1815117 0.7276151 -0.616365 0.3011156 0.774115 -0.5458097 0.3206832 0.8146778 -0.4715316 0.3375768 0.8500059 -0.3916931 0.3522307 0.8787055 -0.3089466 0.3639079 0.9011248 -0.2207982 0.3731251 0.9155938 -0.1325142 0.3796423 0.02518123 0.9996286 0.01043015 -2.28764e-7 0.7272328 -0.6863909 0.1191771 0.7272756 -0.6759194 0.2348104 0.7272507 -0.6449578 0.3431937 0.7272545 -0.5944064 0.4411676 0.7272679 -0.5257877 0.5258011 0.7272582 -0.4411675 0.5944197 0.7272588 -0.3431616 0.5943987 0.7272591 0.3431973 0.644966 0.7272597 0.2347601 0.6759273 0.727273 0.1191489 0.5257762 0.7272557 0.4412013 0.4412326 0.7272465 0.5257627 0.343164 0.7272986 0.5943695 0.644971 0.7272542 -0.2347635 0.6759137 0.7272855 -0.1191498 0.6863962 0.7272278 1.56869e-6 0.2346841 0.7272264 0.645031 0.1191909 0.7272482 0.6759464 2.45084e-7 0.7273023 0.6863174 -0.1192604 0.7272514 0.6759309 -0.2347522 0.7272239 0.6450092 -0.3431638 0.727299 0.5943693 -0.4412322 0.7272462 0.5257634 -0.5257759 0.7272331 0.441239 -0.5943784 0.7273077 0.3431295 -0.645019 0.7272329 0.2346976 -0.1191067 0.7272778 -0.6759295 -0.2347425 0.727254 -0.6449788 -0.675939 0.7272439 -0.1192604 -0.6863198 0.7273 6.71207e-6 -0.6759421 0.727243 0.1192475 -0.6450189 0.7272265 -0.2347174 -0.5943537 0.7273117 -0.343164 -0.5257501 0.7272318 -0.4412719 -0.4411677 0.7272676 -0.525788 -0.3431941 0.7272543 -0.5944064 0.9156507 0.1324451 0.3795287 0.7740567 0.5459015 0.3206678 0.8147998 0.4713549 0.3375293 0.849924 0.3919438 0.3521494 0.8786866 0.3091516 0.3637791 0.901127 0.2209402 0.3730357 0.6768503 0.6805931 0.2804757 0.7273432 0.6165943 0.3013029 0.5635502 0.7923572 0.2336264 0.6216862 0.739723 0.2575196 0.4381104 0.8803653 0.1817042 0.5015476 0.8398114 0.2077664 0.3049772 0.943927 0.126455 0.3715577 0.9155529 0.1539735 0.09512239 0.9946926 0.03922307 0.1657684 0.9838089 0.06812506 0.2353355 0.9670007 0.09760683 0.1105303 0.04339367 -0.9929251 0.110526 -0.04339325 -0.9929255 0.00132054 0.04160451 -0.9991334 -0.1105323 -0.0433948 -0.9929248 0.002093791 0.999182 -0.04038542 0.1105018 0.9929308 -0.04333561 0.4283341 0.8898914 -0.1569179 -0.6879857 0.7146986 -0.1260226 0.4283354 0.8491057 -0.3091091 -0.6880073 0.6819211 -0.2482533 0.4283524 0.7825523 -0.4518036 -0.6880213 0.6284651 -0.3628476 0.4283255 0.6922404 -0.5808103 -0.6879923 0.5559504 -0.4664611 0.4283232 0.5808116 -0.6922408 -0.6879905 0.466461 -0.5559527 0.4283473 0.4518068 -0.782553 -0.6880151 0.3628478 -0.6284717 0.4283166 0.3090656 -0.8491309 -0.6879836 0.2482178 -0.6819579 0.4283492 0.1569185 -0.889884 -0.6880173 0.1260215 -0.7146683 0.001389265 0.04143005 0.9991405 -0.00138241 0.04142838 0.9991406 0.6879926 0.126024 0.7146917 -0.6879924 0.1260281 0.7146912 0.6879958 0.2482538 0.6819325 -0.6879957 0.2482531 0.6819328 0.6880151 0.3628479 0.6284717 -0.6880154 0.3628479 0.6284714 0.6879904 0.4664612 0.5559526 -0.6879902 0.4664616 0.5559524 0.6879903 0.5559515 0.4664626 -0.6879912 0.5559521 0.4664606 0.6880249 0.6284618 0.3628466 -0.6880275 0.6284604 0.3628441 0.6880053 0.6819239 0.2482512 -0.6879987 0.6819323 0.248246 0.6879919 0.714692 0.1260257 -0.6879941 0.7146903 0.1260231 -0.001404643 0.9991405 0.04143089 0.001419007 0.9991405 0.04142922 0.002092838 -0.9991835 0.04034888 0.1105073 -0.9929301 0.04333615 0.4283265 -0.8898951 0.1569176 -0.6879941 -0.7146899 0.126026 0.4283489 -0.8491158 0.3090624 -0.6880033 -0.6819421 0.2482067 0.4283349 -0.7825609 0.4518051 -0.6880055 -0.628479 0.3628535 0.4283332 -0.6922098 0.580841 -0.6880012 -0.5559208 0.4664832 0.4283302 -0.5808325 0.6922188 -0.6879976 -0.4664761 0.555931 0.4283353 -0.4518158 0.7825544 -0.6880024 -0.3628601 0.6284786 0.4283335 -0.3090903 0.8491135 -0.6880013 -0.248234 0.6819342 0.4283255 -0.1569189 0.8898954 -0.6879924 -0.1260263 0.7146914 0.1105486 -0.04333478 0.9929255 0.001323163 -0.04154217 0.9991359 0.4283492 -0.1569188 -0.8898841 -0.4283488 -0.1569193 -0.8898841 0.4283218 -0.3090436 -0.8491364 -0.4283215 -0.3090429 -0.8491368 0.4283351 -0.451817 -0.7825538 -0.4283348 -0.4518157 -0.7825547 0.3967289 -0.5900337 -0.7031831 -0.396723 -0.590034 -0.7031862 -6.36105e-6 -0.7660389 -0.6427944 -6.36112e-6 -0.766034 -0.6428002 2.66633e-7 -0.8660265 -0.4999982 2.28542e-7 -0.8660287 -0.4999944 6.24677e-6 -0.9396886 -0.3420315 6.2468e-6 -0.9396885 -0.3420315 0.3967253 -0.9039905 -0.1594063 -0.396732 -0.903988 -0.1594043 0.1105338 -0.9929272 -0.04333561 -0.1105318 -0.9929275 -0.04333508 -1.209e-5 -1 1.19145e-5 1.20855e-5 -1 -1.34136e-5 -0.7071143 -0.7070993 -1.65823e-5 -0.9622517 0.1924422 0.192452 0.5773432 0.5773697 0.5773379 0.5773785 0.5773655 -0.5773069 -1 -7.87845e-6 1.15165e-5 -0.7071198 0.7070938 1.14841e-5 -0.9622529 -0.1924436 0.1924444 -1 -7.87369e-6 5.80566e-6 -0.5773299 0.5773342 0.5773869 -1.21044e-5 1 -1.11178e-5 1.21045e-5 1 1.33377e-5 0.5773432 -0.5773698 -0.577338 0.5773785 -0.5773655 0.5773068 -0.7268587 0.6763556 0.119246 -0.6949027 -0.7166516 -0.05933648 -0.7268159 0.6868324 -6.85377e-6 -0.6949384 -0.7187954 0.019845 -0.7268525 0.676361 -0.1192538 -0.7268525 0.5947784 0.3434007 -0.694906 -0.6585342 -0.2888571 -0.7268254 0.645401 0.2349093 -0.6949362 -0.6862821 -0.2146641 -0.6949132 -0.7057486 -0.1378939 -0.7268584 0.1192455 0.6763561 -0.6949208 -0.1956974 -0.6919448 -0.7268273 0.2349089 0.645399 -0.6949327 -0.2705769 -0.6662258 -0.7268458 0.3433862 0.5947951 -0.726817 -6.86357e-6 0.6868312 -0.6979316 -0.04927527 -0.7144673 -0.6949098 -0.118359 -0.7092895 -0.7268439 0.34339 -0.5947951 -0.6949179 -0.3068931 0.6503121 -0.7268237 0.2349175 -0.6454001 -0.6949206 -0.2334988 0.6801204 -0.7268256 0.1193323 -0.676376 -0.7268316 0.526117 0.4414939 -0.6949005 -0.5794318 -0.425878 -0.6949381 -0.6227383 -0.3595248 -0.7268573 -0.1192519 0.676356 -0.6979316 0.04927486 -0.7144674 -0.7009625 -1.5736e-7 -0.7131982 -0.7268176 -0.2348843 -0.645419 -0.6949048 0.3069035 0.6503212 -0.7268535 -0.3433562 -0.594803 -0.6949375 0.3765483 0.6125956 -0.72684 -0.4414697 -0.5261256 -0.7268747 -6.88262e-6 -0.6867702 -0.6949335 0.07907533 0.7147129 -0.7268214 -0.119336 -0.6763797 -0.6949 0.1572415 0.7017044 -0.6949354 0.2334875 0.6801092 -0.6949062 -0.1572288 0.7017012 -0.6949337 -0.07907468 0.7147129 -0.6949163 3.14267e-7 0.7190907 -0.6949272 -0.7122725 0.0987122 -0.6949009 -0.6971051 0.1765145 -0.7268182 0.6454198 -0.23488 -0.6949126 -0.3422246 -0.6324388 -0.6949151 -0.4097577 -0.5909244 -0.7268391 0.4414704 0.5261263 -0.694921 -0.4722763 -0.5422546 -0.6949319 -0.5290256 -0.4870336 -0.7268141 -0.2348855 0.6454224 -0.694921 0.1956968 -0.6919448 -0.6949097 0.1183584 -0.7092896 -0.7268071 -0.5948168 0.3434306 -0.6949254 0.5794103 -0.4258668 -0.7268543 -0.5261433 0.4414252 -0.6949167 0.5290638 -0.4870136 -0.7268424 -0.4414702 0.526122 -0.7268729 -0.645367 -0.2348561 -0.6949308 0.6970766 0.1765092 -0.7267986 -0.6764167 -0.1192657 -0.694909 0.712283 0.09876453 -0.7268764 -0.6867684 -6.86962e-6 -0.6948955 0.441694 0.5674739 -0.694938 0.5014296 0.5153927 -0.7268381 -0.5261273 -0.4414708 -0.6949166 0.5550597 0.4571648 -0.7268279 -0.594792 -0.3434293 -0.7268186 0.5261002 -0.4415354 -0.6949279 -0.5014117 0.5154236 -0.7268385 0.4414708 -0.5261269 -0.6949115 -0.4416803 0.5674651 -0.6949254 -0.3765577 0.6126035 -0.6949279 -0.6734166 0.2521612 -0.6949138 -0.6416025 0.324717 -0.7268749 0.5947528 -0.3433978 -0.6949337 -0.6019873 0.393292 -0.6949094 -0.5550906 0.4571382 -0.6949148 0.4722579 -0.5422785 -0.6949329 0.4097436 -0.5909132 -0.7268524 -0.3433569 0.5948039 -0.6949001 0.3422557 -0.6324357 -0.6949355 0.2705782 -0.6662224 -0.6949272 0.7188077 0.01979386 -0.6949183 0.7166322 -0.05938708 -0.7268014 -0.676415 0.1192582 -0.6949232 0.7057483 -0.1378442 -0.7268779 -0.6453508 0.2348848 -0.6949225 0.6019739 0.3933323 -0.694914 0.6416025 0.3247167 -0.6949131 0.6734473 0.2521201 -0.6949233 0.6863088 -0.2146207 -0.6949062 0.6585338 -0.2888576 -0.6949251 0.6227276 -0.3595685 0.6949071 -3.03666e-7 0.7190996 0.69493 -0.07907778 0.714716 0.6948901 -0.1572314 0.7017166 0.6949127 -0.2334995 0.6801282 0.6949131 -0.3068944 0.6503167 0.6949196 -0.3765612 0.612608 0.6948972 -0.4416905 0.5674747 0.6949183 -0.5014206 0.5154278 0.6949003 -0.5550991 0.4571417 0.6949192 -0.6019992 0.3932994 0.6949008 -0.6416136 0.3247228 0.6949183 -0.6734251 0.252165 0.6948963 -0.6971094 0.1765158 0.6949099 -0.712289 0.09871435 0.6949279 -0.7188056 0.01984471 0.6948972 -0.7166568 -0.05933773 0.6949064 -0.7057549 -0.1378953 0.6949213 -0.686296 -0.2146681 0.6948946 -0.6585444 -0.2888613 0.6949288 -0.6227461 -0.3595293 0.6948977 -0.5794337 -0.4258802 0.6949154 -0.5290376 -0.487044 0.6949118 -0.4722833 -0.5422602 0.6949095 -0.4097622 -0.5909281 0.6949057 -0.3422303 -0.6324433 0.6949189 -0.2705819 -0.6662381 0.6949127 -0.195697 -0.6919531 0.6949021 -0.1183579 -0.7092973 0.6979302 -0.0492841 -0.7144681 0.7009567 -8.30834e-6 -0.7132039 0.6979156 0.04927432 -0.714483 0.6948994 0.1183555 -0.7093003 0.6949165 0.1957007 -0.6919482 0.6949186 0.2705852 -0.6662371 0.694889 0.3422606 -0.6324453 0.6949259 0.4097488 -0.590918 0.6949086 0.4722616 -0.5422831 0.6949036 0.5290727 -0.4870227 0.6949153 0.5794181 -0.4258728 0.6949169 0.6227346 -0.3595723 0.6949025 0.6585375 -0.2888581 0.6949067 0.6863242 -0.2146248 0.6949155 0.705756 -0.1378446 0.6949133 0.7166371 -0.0593869 0.694921 0.7188136 0.01979416 0.6948951 0.7122964 0.0987665 0.6949223 0.6970846 0.1765113 0.6949052 0.6734545 0.2521227 0.6949105 0.6416056 0.3247177 0.6949068 0.6019864 0.3933409 0.694912 0.5550621 0.4571691 0.6949341 0.5014314 0.5153962 0.6948783 0.4417046 0.5674867 0.6949272 0.376551 0.6126056 0.6948989 0.306903 0.6503278 0.6949286 0.2334891 0.6801155 0.6948856 0.1572478 0.7017173 0.6949225 0.07908201 0.7147229 0.9276021 0.06487846 -0.367893 0.9276158 0.03258621 -0.3721117 0.9276144 2.0105e-6 -0.3735393 0.9276173 -0.03260356 -0.3721064 0.927597 -0.06488543 -0.3679046 0.9276227 -0.09666591 -0.3607932 0.9276067 -0.1277697 -0.3510283 0.9276155 -0.1578408 -0.3385498 0.9276152 -0.1867566 -0.3235 0.9276235 -0.2142511 -0.3059596 0.9276025 -0.2401225 -0.2861726 0.9276163 -0.2641311 -0.2641265 0.9276072 -0.2861818 -0.240094 0.9276246 -0.3720933 -0.03254634 0.927616 -0.3735354 -1.04519e-6 0.9276061 -0.3721398 0.032543 0.9276249 -0.3678377 0.06486535 0.9276045 -0.1277691 0.3510342 0.9276233 -0.09666663 0.3607918 0.9275943 -0.06487762 0.3679128 0.9276293 -0.03253602 0.3720824 0.9275923 5.99194e-6 0.3735941 0.9276353 0.03254133 0.372067 0.9276047 0.06488257 0.3678856 0.9276189 0.09668189 0.3607991 0.9276055 -0.3060001 -0.2142707 0.927632 -0.3234512 -0.186757 0.9276152 -0.3385304 -0.1578836 0.9276306 -0.3509724 -0.12775 0.9276041 -0.360837 -0.09668231 0.927636 -0.36781 -0.06486356 0.927607 -0.36083 0.09668058 0.9276425 -0.350945 0.1277384 0.9276146 -0.338521 0.1579074 0.927614 -0.3234907 0.1867782 0.9276069 -0.3060127 0.2142468 0.9276006 0.1277564 0.351049 0.927628 0.1578366 0.3385174 0.9276068 0.1867904 0.3235046 0.927606 0.2142516 0.3060123 0.9276261 0.2401178 0.2861005 0.9276106 -0.2861553 0.2401117 0.9276002 -0.2641609 0.2641532 0.9276145 -0.2401326 0.2861255 0.9276236 -0.2142432 0.3059647 0.9276174 -0.1867538 0.3234952 0.9276182 -0.1578414 0.3385421 0.9276159 0.21423 -0.3059973 0.9276107 0.1867829 -0.3234975 0.9276258 0.1578361 -0.3385238 0.9275938 0.1277619 -0.3510649 0.9276193 0.09667807 -0.3607988 0.9276155 0.3059573 -0.2142887 0.9275979 0.2861753 -0.2401371 0.9276087 0.2641681 -0.2641161 0.9276232 0.2400928 -0.2861304 0.9276178 0.3608026 0.09667921 0.9276396 0.3678027 0.0648548 0.927605 0.3721423 0.03254312 0.9276031 0.3735674 -3.47512e-6 0.9276007 0.372153 -0.0325464 0.9276242 0.3678384 -0.06487143 0.9276046 0.3608356 -0.09668308 0.9276109 0.351033 -0.1277259 0.9276071 0.3385683 -0.1578499 0.9276209 0.3234751 -0.1867713 0.9275927 0.2641961 0.2641443 0.9276095 0.2861301 0.2401465 0.9276155 0.3059714 0.2142688 0.9276022 0.3235173 0.186791 0.9276304 0.338505 0.157849 0.9276356 0.3509774 0.1276994 0.3864918 0.08050543 -0.9187726 0.3864955 0.1601769 -0.9082756 0.3865073 0.2387455 -0.8908494 0.3864775 0.315465 -0.8666701 0.3865011 0.3897268 -0.8359009 0.3865134 0.461148 -0.7987176 0.3864808 0.529002 -0.7555061 0.3864504 0.5928576 -0.706524 0.3864563 0.6521815 -0.6521587 0.3865036 0.7064062 -0.5929632 0.3865481 0.7553833 -0.5291282 0.3864977 0.7987221 -0.4611536 0.3865541 0.8359133 -0.3896471 0.3865092 0.8666877 -0.3153777 0.3865029 0.890852 -0.2387431 0.3864788 0.9082776 -0.1602059 0.386501 0.9187851 -0.08031851 0.3865225 0.92228 -7.39989e-6 0.3865442 0.9187687 0.08029884 0.3864327 0.9083023 0.1601775 0.3863991 0.890892 0.2387616 0.3863617 0.8667477 0.3153937 0.3864574 0.8359082 0.3897543 0.3864796 0.7987384 0.4611404 0.3865115 0.7554603 0.5290451 0.3864483 0.7064284 0.5929727 0.3865082 0.6521662 0.6521432 0.3865852 0.5928185 0.7064829 0.386561 0.5289754 0.7554837 0.3865271 0.4611382 0.7987167 0.386485 0.3897336 0.8359049 0.3864682 0.3154649 0.8666743 0.3865265 0.2387453 0.8908411 0.3864819 0.1601741 0.908282 0.3864991 0.0802958 0.9187878 0.3864691 1.57089e-7 0.9223024 0.3865227 -0.08032011 0.9187758 0.3864915 -0.1601585 0.9082806 0.3865109 -0.2387639 0.8908429 0.3864583 -0.3154478 0.8666849 0.3864995 -0.3896574 0.8359338 0.3864743 -0.4611546 0.7987328 0.3864569 -0.5290072 0.7555147 0.3864776 -0.5928524 0.7065135 0.3864802 -0.6521749 0.6521511 0.3865547 -0.7064974 0.5928213 0.3865787 -0.7555373 0.5288858 0.3864776 -0.7987369 0.4611449 0.3864635 -0.8358223 0.3899322 0.3865034 -0.8666923 0.3153722 0.3864973 -0.8909057 0.2385517 0.3864811 -0.9082815 0.1601784 0.3864755 -0.9187793 0.08050787 0.3865099 -0.9222854 -3.20891e-6 0.3864752 -0.9187769 -0.08053565 0.3864303 -0.9082984 -0.1602057 0.3865007 -0.8909056 -0.2385467 0.3865504 -0.8666719 -0.315371 0.3864597 -0.8358658 -0.389843 0.3864475 -0.79874 -0.4611649 0.3864589 -0.7555135 -0.5290077 0.3864961 -0.7065212 -0.5928311 0.3864544 -0.6521834 -0.652158 0.3864812 -0.5928412 -0.7065208 0.386512 -0.5289914 -0.7554977 0.3865287 -0.4611378 -0.7987162 0.3865246 -0.3896505 -0.8359254 0.386479 -0.3154503 -0.8666749 0.3865374 -0.2387595 -0.8908327 0.3864875 -0.1601566 -0.9082826 0.3864879 -0.08053928 -0.9187713 0.3865105 3.29603e-6 -0.922285 -0.6951438 -0.1545311 0.7020651 -0.6951012 -0.07776403 0.7146937 -0.8386221 -8.46421e-6 -0.5447137 -0.6951088 -0.6927106 -0.1922907 -0.8386032 0.4717695 0.2723568 -0.6951155 -0.6678491 -0.2660678 -0.6951115 -0.6351441 -0.3367671 -0.6951438 0.1545319 -0.7020649 -0.6951012 0.07776415 -0.7146937 -0.8386221 8.46421e-6 0.5447138 -0.6951115 -0.6351444 0.3367665 -0.6951398 -0.5949881 0.4034476 -0.8386004 0.4717652 -0.2723731 -0.6951132 -0.5479322 0.4653903 -0.6951162 -0.4350593 -0.5723086 -0.6951104 -0.4943974 -0.5219127 -0.8386031 -0.4717696 -0.2723568 -0.6951164 0.6678481 0.266068 -0.6951094 0.6927109 0.192288 -0.6951345 0.7094067 -0.1163192 -0.6951087 0.6927105 -0.1922913 -0.8386005 -0.471765 0.2723731 -0.6951104 0.4943974 0.5219127 -0.6951117 0.5479352 0.4653888 -0.6951147 -0.3706188 0.6160011 -0.6951292 -0.3018707 0.6524335 -0.6950885 -0.2295371 0.6812964 -0.6951357 0 -0.7188786 -0.6951013 -0.07776314 -0.7146937 -0.6951439 -0.1545305 -0.702065 -0.6951117 -0.5479352 -0.4653888 -0.6951401 -0.5949871 -0.4034485 -0.6951401 0.5949875 -0.4034479 -0.6951124 0.5479335 -0.4653898 -0.695111 0.4943954 -0.5219137 -0.6951164 0.4350576 -0.5723094 -0.6951147 0.3706176 -0.6160018 -0.6951291 0.3018695 -0.6524342 -0.6950884 0.2295379 -0.6812962 -0.6951345 0.7094078 0.1163127 -0.6951029 0.7178539 0.03895986 -0.6951062 0.7178505 -0.03896331 -0.695116 0.6678473 -0.2660709 -0.6951118 0.6351426 -0.3367693 -0.6951357 0 0.7188786 -0.6951013 0.07776296 0.7146937 -0.6951439 0.1545298 0.7020652 -0.6951161 0.4350585 0.5723091 -0.6951401 0.5949878 0.4034474 -0.6951118 0.6351442 0.3367663 -0.6951115 -0.4943943 0.5219141 -0.6951164 -0.4350577 0.5723094 -0.6951346 -0.7094075 0.1163147 -0.6951093 -0.6927101 0.1922913 -0.6951164 -0.6678474 0.26607 -0.6950885 -0.2295368 -0.6812965 -0.6951292 -0.3018689 -0.6524344 -0.6951149 -0.3706187 -0.616001 -0.6950885 0.2295371 0.6812964 -0.6951292 0.3018712 0.6524333 -0.6951147 0.3706192 0.6160007 -0.6951346 -0.7094073 -0.1163156 -0.6951029 -0.7178539 -0.03895986 -0.695106 -0.7178508 0.03896027 0.6951162 0.6678483 -0.2660681 0.6951099 0.6927103 -0.1922881 0.838603 -0.4717699 0.2723568 0.6951349 -0.709407 -0.1163147 0.6951097 -0.6927096 -0.1922913 0.8386007 0.4717646 0.2723731 0.6951113 0.6351431 0.3367692 0.6951406 0.5949869 0.4034481 0.8386006 -0.4717648 -0.2723731 0.6951131 0.5479323 0.4653902 0.6951108 0.4943958 0.5219137 0.6951295 0.3018679 0.6524346 0.8386221 8.60444e-6 -0.5447137 0.6950886 0.2295363 0.6812965 0.6951438 0.1545317 0.7020649 0.6951012 0.07776391 0.7146937 0.6951349 0.7094064 0.1163192 0.6951097 0.6927096 0.1922915 0.6951165 0.6678467 0.2660712 0.6951115 0.494395 -0.5219136 0.6951144 0.5479301 -0.4653907 0.6951437 -0.1545311 -0.7020651 0.6951012 -0.07776403 -0.7146937 0.8386221 -9.01019e-6 0.5447138 0.6951164 -0.6678473 -0.2660701 0.695111 -0.6351449 -0.3367664 0.6951394 -0.5949887 -0.4034474 0.695116 0.4350587 0.5723092 0.695115 0.370617 0.6160019 0.6951351 0.7094073 -0.1163127 0.6951025 0.7178542 -0.03895992 0.6951057 0.7178511 0.03896337 0.6951158 0.4350592 -0.572309 0.695141 0.5949865 -0.4034479 0.695111 0.6351452 -0.3367661 0.6951357 -5.65142e-7 -0.7188786 0.6951013 0.07776349 -0.7146937 0.6951438 0.1545307 -0.7020651 0.6951124 -0.5479335 -0.4653898 0.6951115 -0.4943943 -0.5219142 0.6951167 -0.4350568 -0.5723098 0.6951151 -0.3706176 -0.6160013 0.6951293 -0.3018699 -0.6524338 0.6950885 -0.2295365 -0.6812966 0.6951398 -0.5949876 0.4034484 0.6951107 -0.6351451 0.3367669 0.8386032 0.4717696 -0.2723568 0.6951165 -0.667848 0.2660682 0.69511 -0.6927095 0.192291 0.6951357 5.8563e-7 0.7188786 0.6951013 -0.07776367 0.7146937 0.6951439 -0.1545315 0.7020649 0.6950885 0.2295364 -0.6812965 0.6951294 0.3018701 -0.6524336 0.695115 0.3706187 -0.6160008 0.6951351 -0.7094067 0.1163157 0.6951025 -0.7178542 0.03895992 0.6951056 -0.7178512 -0.03896027 0.6950885 -0.2295362 0.6812967 0.6951294 -0.3018678 0.6524347 0.6951151 -0.3706181 0.6160011 0.6951158 -0.4350599 0.5723084 0.695111 -0.4943961 0.5219132 0.6951131 -0.5479327 0.4653898 -0.8386221 8.45228e-6 0.5447137 -0.6951052 -0.07774937 -0.7146914 -0.6951335 -0.1545403 -0.7020732 -0.6951321 -0.435007 -0.5723288 -0.6950951 -0.4943684 -0.5219606 -0.8386031 0.4717696 0.2723568 -0.6951125 -0.5479339 -0.4653894 -0.6951188 -0.595043 -0.4034028 -0.6951333 0.1545417 -0.7020732 -0.6951065 0.07775455 -0.7146896 -0.6951344 4.13357e-6 -0.7188799 -0.6951333 -0.1545425 0.7020729 -0.6951051 -0.07775056 0.7146914 -0.8386222 -8.46421e-6 -0.5447137 -0.6951325 -0.6351583 -0.3366971 -0.6951164 -0.6678481 -0.266068 -0.6951332 -0.6926674 -0.1923587 -0.6950951 -0.2295557 -0.6812834 -0.6951291 -0.3018699 -0.652434 -0.6951148 -0.3706181 -0.6160014 -0.6951324 -0.6351593 0.3366952 -0.6951188 -0.5950441 0.4034011 -0.8386005 0.471765 -0.272373 -0.6951192 0.5950428 -0.4034025 -0.6951164 0.4350591 -0.5723084 -0.6951034 0.3705932 -0.6160293 -0.6951407 0.3018304 -0.65244 -0.6950949 0.2295547 -0.6812839 -0.6950942 0.6678401 0.2661462 -0.6951093 0.6927101 0.1922908 -0.6951346 0.7094072 -0.1163162 -0.6951089 0.6927109 -0.1922899 -0.6951149 -0.3706191 0.6160008 -0.6951291 -0.3018695 0.6524342 -0.695095 -0.2295566 0.6812832 -0.6951346 0.7094076 0.1163142 -0.6951062 0.7178506 -0.03896182 -0.6950938 0.6678409 -0.2661451 -0.6951552 0.6351044 -0.3367519 -0.6951344 4.52136e-6 0.7188799 -0.6951066 0.07775384 0.7146897 -0.6951335 0.1545411 0.702073 -0.6951192 0.5950431 0.403402 -0.6951551 0.6351047 0.3367515 -0.6950957 -0.4943664 0.5219615 -0.6951321 -0.4350077 0.5723282 -0.6950861 -0.7094531 0.1163254 -0.6951331 -0.6926665 0.1923621 -0.6951164 -0.6678479 0.2660685 -0.6950951 0.2295565 0.6812831 -0.6951407 0.3018306 0.6524399 -0.6951033 0.3705909 0.6160306 -0.6950863 -0.7094541 -0.1163188 -0.6951273 -0.7178348 -0.03887748 -0.6951306 -0.7178314 0.03888094 0.6950939 0.6678403 -0.2661463 0.6951099 0.6927096 -0.1922909 0.6951333 -0.1545425 -0.7020729 0.6951051 -0.07775062 -0.7146914 0.8386221 -9.01019e-6 0.5447137 0.6950865 -0.7094528 -0.1163254 0.6951336 -0.6926659 -0.1923622 0.8386008 0.4717645 0.2723731 0.6951547 0.6351048 0.3367519 0.6951195 0.5950422 0.4034027 0.695141 0.3018288 0.6524404 0.8386221 8.60444e-6 -0.5447137 0.6950952 0.229553 0.6812841 0.6951333 0.1545414 0.7020732 0.6951065 0.07775443 0.7146897 0.69512 0.5950418 -0.4034025 0.6951543 0.6351056 -0.3367512 0.6951164 -0.6678479 -0.2660686 0.6951321 -0.6351597 -0.3366951 0.6951184 -0.5950447 -0.4034008 0.6951159 0.43506 0.5723082 0.6951037 0.3705926 0.6160293 0.6951349 0.7094069 0.1163162 0.6951097 0.69271 0.19229 0.6950942 0.6678403 0.2661455 0.6951343 3.83648e-6 -0.7188799 0.6951065 0.07775437 -0.7146896 0.6951334 0.154542 -0.7020729 0.6950957 -0.4943663 -0.5219616 0.6951325 -0.4350067 -0.5723286 0.6951152 -0.3706179 -0.6160011 0.6951293 -0.3018686 -0.6524344 0.695095 -0.2295559 -0.6812834 0.6951351 0.709407 -0.1163142 0.6951056 0.7178512 0.03896182 0.6950951 0.2295559 -0.6812833 0.6951409 0.3018295 -0.6524401 0.6951035 0.3705904 -0.6160308 0.6951189 -0.5950429 0.4034028 0.6951317 -0.6351593 0.3366968 0.8386032 0.4717695 -0.2723568 0.6951164 -0.6678481 0.2660682 0.6951339 -0.6926666 0.1923589 0.6951344 4.98726e-6 0.7188799 0.6951052 -0.07774996 0.7146914 0.6951334 -0.1545413 0.7020731 0.6950868 -0.7094535 0.1163189 0.6951268 -0.7178351 0.03887754 0.6951301 -0.7178318 -0.03888094 0.6950951 -0.2295551 0.6812836 0.6951293 -0.3018688 0.6524342 0.695115 -0.3706175 0.6160016 0.6951318 -0.4350077 0.5723287 0.6950951 -0.4943683 0.5219607 -0.6951329 0.1545448 -0.7020728 -0.6951062 0.07775849 -0.7146894 -0.8386102 8.43444e-6 0.5447322 -0.8386067 0.4717503 -0.2723792 -0.6951321 -0.6351598 0.336695 -0.6951184 -0.5950447 0.4034008 -0.6950856 -0.1545491 0.7021186 -0.6951293 -0.07766854 0.7146768 -0.83861 -8.13609e-6 -0.5447323 -0.6951278 -0.6926771 -0.1923432 -0.8386095 0.4717547 0.2723631 -0.6951155 -0.6678491 -0.2660676 -0.6951324 -0.6351584 -0.3366971 -0.6951115 0.494395 0.5219134 -0.6951132 0.5479325 0.4653899 -0.8386094 -0.471755 -0.272363 -0.6951344 4.30431e-6 -0.7188799 -0.695105 -0.07775318 -0.7146912 -0.6951332 -0.1545435 -0.7020729 -0.6951184 0.5950442 0.4034016 -0.6951543 0.6351057 0.3367511 -0.6950945 -0.4943695 -0.5219602 -0.8386069 -0.4717502 0.2723792 -0.6951413 0.3018279 -0.6524405 -0.6950955 0.2295508 -0.6812845 -0.6951356 0.7094066 0.1163143 -0.6951029 0.7178537 0.03895986 -0.6951063 0.7178505 -0.03896182 -0.6951409 0.7094039 -0.1162984 -0.6951042 0.6927198 -0.1922746 -0.6950942 0.6678404 -0.2661453 -0.6951547 0.635105 -0.3367517 -0.6951307 0.07767337 0.714675 -0.6950855 0.1545504 0.7021185 -0.695114 -0.5479308 0.4653908 -0.6950963 -0.4943652 0.5219619 -0.6951148 -0.3706191 0.6160008 -0.6951292 -0.3018694 0.6524342 -0.6951188 -0.2296221 0.6812368 -0.6950872 -0.7094521 0.1163256 -0.6951164 -0.6678479 0.2660685 -0.6951192 -0.5950424 -0.403403 -0.6951188 0.5950434 -0.4034022 -0.6951187 0.2296232 0.6812366 -0.6951033 0.370591 0.6160306 -0.6950928 -0.7094507 -0.116301 -0.6951274 -0.7178346 -0.03887748 -0.6951308 -0.7178312 0.03888094 -0.6950957 -0.2295519 -0.681284 -0.6951297 -0.3018674 -0.6524345 -0.6951148 -0.3706181 -0.6160014 0.6950855 0.1545497 0.7021187 0.6951304 0.07767641 0.7146748 0.8386101 9.18927e-6 -0.5447322 0.6951041 0.6927197 -0.1922754 0.8386092 -0.4717553 0.2723628 0.8386069 -0.4717501 -0.2723791 0.6951543 0.6351054 0.3367516 0.6951192 0.5950428 0.4034025 0.6951338 -0.1545379 -0.7020735 0.6951049 -0.07775402 -0.7146912 0.8386059 -8.48526e-6 0.5447386 0.6951124 0.5479335 0.4653898 0.6951115 0.4943943 0.5219142 0.6951166 0.4350581 0.5723088 0.6951037 0.3705921 0.6160295 0.6951408 0.3018296 0.6524401 0.695119 0.2296185 0.6812378 0.6951354 0.7094064 0.1163163 0.6950935 0.6678413 0.2661452 0.6950923 -0.7094501 -0.1163074 0.6951283 -0.6926755 -0.1923468 0.8386079 0.4717489 0.2723783 0.6951324 -0.6351592 -0.3366953 0.6951405 0.7094047 -0.1162962 0.6951025 0.7178542 -0.03895992 0.6951054 0.7178513 0.03896182 0.6950956 -0.2295526 -0.681284 0.6951292 -0.07767099 0.7146766 0.6950857 -0.1545481 0.7021188 0.6951344 3.83819e-6 -0.7188799 0.6951063 0.07775777 -0.7146894 0.6951338 0.1545382 -0.7020733 0.695111 0.4943961 -0.5219132 0.6951137 0.5479315 -0.4653902 0.6951196 -0.5950418 0.4034032 0.6951317 -0.6351593 0.3366968 0.8386093 0.4717552 -0.2723629 0.6951156 -0.667849 0.2660678 0.6951335 -0.6926671 0.1923587 0.6950955 0.2295531 -0.6812838 0.695141 0.3018295 -0.6524401 0.6951035 0.3705904 -0.6160308 0.6951543 0.6351057 -0.3367512 0.6951195 -0.595043 -0.4034015 0.6951131 -0.5479323 -0.4653902 0.6950951 -0.4943678 -0.5219611 0.695087 -0.7094534 0.1163189 0.6951268 -0.7178352 0.03887754 0.6951299 -0.717832 -0.03888094 0.6951318 -0.4350087 -0.572328 0.6951102 -0.3706234 -0.6160034 0.6951308 -0.3018702 -0.652432 0.6951192 -0.2296191 0.6812374 0.6951294 -0.3018687 0.6524342 0.695115 -0.3706175 0.6160016 -0.6951168 -0.6678469 0.26607 -0.6951119 -0.6351426 0.3367691 -0.8386093 0.4717471 -0.2723772 -0.8386102 8.43444e-6 0.5447322 -0.6951181 0.5950441 0.4034024 -0.695154 0.6351056 0.3367521 -0.8386093 -0.471755 -0.272363 -0.6950942 0.6678406 0.2661448 -0.6951093 0.6927102 0.1922909 -0.6951118 -0.6351442 -0.3367662 -0.6951164 -0.6678476 -0.2660693 -0.8386068 0.4717583 0.272365 -0.6951282 -0.6926759 -0.1923461 -0.6950923 -0.7094507 -0.1163038 -0.6951333 -0.6926665 0.1923607 -0.695141 0.7094038 -0.1162983 -0.6951042 0.6927194 -0.1922761 -0.8386068 -0.4717503 0.2723792 -0.6950939 0.6678408 -0.2661452 -0.6951398 -0.5949873 0.4034488 -0.695114 -0.5479308 0.4653908 -0.6951119 -0.4943928 0.521915 -0.6951295 -0.3018698 0.6524337 -0.8386101 -8.01674e-6 -0.5447322 -0.6951124 -0.2296013 0.6812503 -0.6950961 -0.1545377 0.7021108 -0.6951254 -0.07768207 0.7146792 -0.6951302 -0.7178317 -0.03887897 -0.6951274 -0.7178345 0.03887814 -0.6950874 -0.7094526 0.116321 -0.6951344 4.14723e-6 -0.7188799 -0.695101 -0.07776695 -0.7146936 -0.6951436 -0.1545336 -0.7020646 -0.6951547 0.6351056 -0.3367506 -0.6951192 0.5950436 -0.4034013 -0.6951132 0.5479322 -0.4653903 -0.6951033 0.3705917 -0.6160302 -0.6951344 4.69892e-6 0.7188799 -0.6951161 0.4350585 0.5723092 -0.6951119 0.4943939 0.5219138 -0.695114 0.5479311 0.4653904 -0.6951163 -0.4350572 0.57231 -0.6951161 -0.43506 -0.5723081 -0.6951104 -0.4943981 -0.5219119 -0.6951115 0.4943943 -0.5219141 -0.6951407 0.3018319 0.6524392 -0.6951033 0.3705922 0.61603 -0.6950891 -0.229533 -0.6812971 -0.6951297 -0.3018664 -0.652435 -0.6951148 -0.3706194 -0.6160006 -0.6951116 -0.547936 -0.465388 -0.6951401 -0.5949878 -0.4034474 -0.6951356 0.7094063 0.1163158 -0.6951062 0.7178506 -0.03896027 0.6951406 -0.5949871 0.4034476 0.6951102 -0.6351464 0.3367656 0.8386068 0.4717585 -0.2723649 0.6951099 0.6927093 0.1922916 0.8386094 -0.4717469 -0.2723772 0.6951542 0.635106 0.3367506 0.6951192 0.5950436 0.4034013 0.6951189 0.5950429 -0.4034028 0.6951544 0.635105 -0.3367524 0.8386067 -0.4717586 0.2723649 0.6951166 -0.667847 -0.26607 0.6951119 -0.6351425 -0.3367692 0.8386104 0.4717456 0.2723763 0.8386101 9.18927e-6 -0.5447322 0.6951167 0.4350568 0.5723099 0.6951279 -0.6926763 -0.1923452 0.6951037 0.3705906 0.6160305 0.6950945 0.6678401 -0.2661451 0.6951041 0.6927196 -0.1922755 0.6951406 0.7094044 -0.1162977 0.6951054 0.7178515 -0.03895974 0.6951025 0.7178542 0.03896045 0.6951356 0.7094061 0.1163163 0.6951344 5.72485e-6 -0.7188799 0.6951063 0.07775861 -0.7146894 0.8386061 -8.27044e-6 0.5447385 0.6950891 -0.2295332 -0.6812971 0.6951443 -0.1545263 -0.7020656 0.695101 -0.07776635 -0.7146936 0.6951153 -0.6678489 0.2660691 0.6951339 -0.6926658 0.1923617 0.6950873 -0.7094526 0.1163219 0.6951298 -0.7178322 0.03887897 0.6951269 -0.717835 -0.03887814 0.6950922 -0.7094509 -0.1163028 0.6951344 4.83018e-6 0.7188799 0.6951253 -0.0776847 0.714679 0.6950962 -0.1545382 0.7021106 0.6951158 -0.4350606 0.572308 0.695111 -0.4943969 0.5219124 0.695113 -0.5479335 0.4653889 0.695141 0.3018307 -0.6524395 0.6951035 0.3705917 -0.61603 0.6951131 0.5479327 -0.4653898 0.6951126 -0.2296001 0.6812505 0.6951295 -0.3018677 0.6524346 0.695115 -0.3706188 0.6160007 0.6951406 -0.5949861 -0.4034492 0.6951131 -0.5479323 -0.4653902 0.6951108 -0.494395 -0.5219143 0.695116 -0.4350579 -0.5723098 0.6951101 -0.3706231 -0.6160037 0.6951309 -0.3018715 -0.6524314 0.6974115 -0.03129059 -0.7159875 0.6880236 -0.1260207 -0.7146625 0.6879997 -0.2481955 -0.6819497 0.6880139 -0.3628548 -0.6284691 0.6880051 -0.4664708 -0.5559262 0.6880024 -0.5559216 -0.4664804 0.6879909 -0.6284937 -0.3628558 0.6880045 -0.6819384 -0.2482134 0.6880002 -0.7146847 -0.1260228 0.6974079 -0.7159929 -0.03124821 0.9162575 -0.1370084 -0.376432 0.9162161 -0.06957888 -0.3945974 1 0 0 0.9162043 9.31893e-6 -0.4007115 0.9162329 0.06957495 -0.3945589 0.9162445 -0.3068927 -0.2575132 0.9162153 -0.2575613 -0.3069395 0.916248 -0.2002948 -0.3469462 0.9162202 -0.3945893 -0.06956976 0.9162706 -0.3763997 -0.1370091 0.9162471 -0.3469401 -0.2003095 0.9162794 -0.3763852 0.136991 0.9162217 -0.3945854 0.06957161 0.9162228 -0.4006693 7.69332e-7 0.9162464 -0.257511 0.3068886 0.9162359 -0.306903 0.2575316 0.9162544 -0.3469246 0.2003031 0.9162312 -0.06958401 0.3945612 0.9162474 -0.1370134 0.3764548 0.9162727 -0.2002798 0.3468895 0.916249 0.1370133 0.3764507 0.9162563 0.06955748 0.3945077 0.9161623 5.14213e-6 0.4008074 0.916231 0.306915 0.2575349 0.9162397 0.25752 0.3069013 0.9162191 0.2003335 0.3470003 0.9162799 0.3944532 0.06955552 0.9162154 0.3765252 0.1370344 0.916252 0.3469308 0.2003032 0.9162009 0.3765521 -0.1370564 0.9162855 0.3944429 -0.0695399 0.9162871 0.4005222 1.66029e-6 0.9161911 0.2575889 -0.3069887 0.9162421 0.3068957 -0.2575178 0.916258 0.3469206 -0.2002938 0.9163225 0.1369614 -0.3762907 0.9162991 0.2002535 -0.3468353 0.3751186 4.45812e-6 0.9269769 0.7272772 -0.1191776 0.6759176 0.3752493 -0.1609548 0.9128426 0.7272612 -0.2347494 0.6449682 0.375301 -0.3170113 0.8710069 0.7272685 -0.3431797 0.5943974 0.3753499 -0.4634543 0.8026971 0.7272602 -0.4411916 0.5257781 0.3753011 -0.5958064 0.7100449 0.7272608 -0.5257827 0.4411851 0.375276 -0.7100517 0.5958142 0.7272669 -0.5943987 0.3431808 0.3753111 -0.802715 0.4634546 0.7272738 -0.6449559 0.2347444 0.3753657 -0.8709822 0.3170026 0.7272554 -0.6759399 0.119184 0.3752473 -0.9128417 0.1609643 0.7272592 -0.6863631 2.35299e-7 0.3752463 -0.9269251 2.51049e-6 0.7272545 -0.675941 -0.1191839 0.3752392 -0.9128459 -0.1609597 0.7272738 -0.6449553 -0.2347456 0.3753449 -0.8709872 -0.3170132 0.7272596 -0.5944028 -0.3431894 0.3752981 -0.8027202 -0.4634563 0.7272613 -0.5257816 -0.4411858 0.3752934 -0.7100523 -0.5958026 0.7272546 -0.4411943 -0.5257837 0.3752301 -0.5958298 -0.7100629 0.7272737 -0.3431756 -0.5943934 0.3752956 -0.463455 -0.8027222 0.7272738 -0.2347297 -0.6449611 0.3753169 -0.316998 -0.8710049 0.7272565 -0.1191808 -0.6759393 0.3752287 -0.1609504 -0.9128518 0.7272805 1.21567e-6 -0.6863404 0.375195 8.27346e-6 -0.9269459 0.7272566 0.1191824 -0.6759389 0.3752561 0.1609497 -0.9128408 0.7272757 0.2347363 -0.6449566 0.3754438 0.3170021 -0.8709487 0.7272692 0.3431778 -0.5943977 0.3754152 0.4634298 -0.8026807 0.727255 0.4411897 -0.5257869 0.3751807 0.5958302 -0.7100887 0.7272627 0.525781 -0.4411841 0.375283 0.710053 -0.5958084 0.7272639 0.594407 -0.3431728 0.375321 0.802719 -0.4634397 0.7272654 0.6449638 -0.2347483 0.3752017 0.871041 -0.3170351 0.7272594 0.6759337 -0.1191955 0.3753696 0.9127926 -0.1609578 0.7272591 0.6863631 2.10135e-6 0.3753834 0.9268696 1.67424e-6 0.7272595 0.6759333 0.1191971 0.3753686 0.9127913 0.1609681 0.7272644 0.6449647 0.2347493 0.3752375 0.8710314 0.3170191 0.727271 0.5943985 0.3431724 0.3753047 0.8027232 0.4634457 0.7272607 0.5257823 0.4411857 0.3752606 0.7100608 0.595813 0.7272678 0.4411792 0.525778 0.3752774 0.595808 0.7100563 0.7272639 0.3431786 0.5944036 0.3752301 0.463458 0.802751 0.7272632 0.234752 0.6449649 0.3752999 0.3170349 0.8709988 0.7272772 0.1191759 0.6759179 0.3753183 0.1609367 0.9128174 0.7272487 -1.19285e-6 0.686374 0.3015108 -0.301527 -0.904529 0.7070994 0 -0.7071142 0.3015041 0.3015073 -0.9045378 0.5773332 0.5773752 -0.5773426 0.7070938 0 -0.7071198 0.6974068 0.03129094 -0.7159921 0.6974101 0.7159908 -0.03124791 0.6880002 0.7146846 -0.1260232 0.6879931 0.681935 -0.2482547 0.6880128 0.6284731 -0.3628498 0.6879923 0.5559509 -0.4664604 0.687998 0.4664565 -0.5559471 0.6880267 0.3628432 -0.6284618 0.6879945 0.2482141 -0.6819482 0.6880234 0.1260213 -0.7146625 0.3015128 -0.9045383 0.3014969 0.6974103 -0.7159905 0.03124922 0.3015 -0.904547 -0.301484 0.1229339 -0.9911591 -0.04990935 0.8295519 -0.5389325 0.146272 0.1221027 -0.9912857 -0.04943317 0.1864392 -0.9309209 -0.3140488 0.184889 -0.9455079 -0.2680129 0.1213293 -0.991363 0.04978537 0.8295519 -0.5389325 -0.1462716 0.122932 -0.9911593 0.04990977 0.1864473 -0.9309245 -0.3140336 0.1848821 -0.9455062 -0.2680237 0.1221058 -0.9912854 -0.04943239 0.1870879 -0.9561126 -0.2254923 0.1870831 -0.9561195 -0.2254671 0.1848421 -0.9688202 -0.1649876 0.1945641 -0.9741917 -0.1144354 0.1848345 -0.968827 -0.1649567 0.1945779 -0.9741879 -0.114445 0.1890738 -0.9777554 -0.09080505 0.1891079 -0.9777494 -0.09079813 0.243597 -0.9689331 -0.04276806 0.517001 -0.8557174 -0.0213955 0.2435792 -0.9689379 -0.0427615 0.5170084 -0.8557128 -0.02139878 0.7070987 -0.7071145 7.27016e-4 0.707101 -0.7071123 7.29174e-4 0.3482167 -0.9368561 0.03233921 0.1899089 -0.9801101 0.05760896 0.3482167 -0.9368561 0.03233879 0.1899089 -0.9801101 0.05760926 0.1948548 -0.9751798 0.105148 0.1948624 -0.9751783 0.1051469 0.1834112 -0.9727679 0.1417144 0.183533 -0.9645013 0.1898761 0.1834111 -0.9727678 0.1417147 0.183533 -0.9645013 0.189876 0.1814033 -0.9586322 0.2193562 0.1814033 -0.9586322 0.2193565 0.1831449 -0.9496624 0.2541639 0.1856085 -0.9363007 0.2981452 0.1831421 -0.9496561 0.2541892 0.1855874 -0.9363281 0.2980723 0.1865269 -0.925006 0.3310159 0.1865162 -0.9250131 0.3310022 0.1213299 -0.9913629 0.04978519 0.3015128 0.9045383 -0.3014969 0.6974159 0.03127145 -0.7159841 0.6880226 0.1260063 -0.7146659 0.697396 0.7160035 -0.03127235 0.6880066 0.2481896 -0.681945 0.6880159 0.3628509 -0.6284691 0.6880187 0.4664425 -0.5559332 0.6879888 0.5559328 -0.4664872 0.6880094 0.6284875 -0.3628314 0.6879929 0.6819576 -0.2481929 0.6880237 0.7146652 -0.1260044 0.717059 0.6963487 -0.03041422 0.7272502 0.6759468 -0.1191772 0.7272635 0.6449716 -0.2347329 0.7272517 0.5944244 -0.3431686 0.7272783 0.5257667 -0.4411755 0.7272472 0.4411723 -0.5258123 0.7272605 0.3431798 -0.5944072 0.7272766 0.2347278 -0.6449586 0.7272526 0.1191767 -0.6759443 0.7170608 0.03041458 -0.6963468 0.7257424 0.3498049 -0.5923973 0.8295515 0.5389333 -0.1462715 0.697418 -0.03127133 -0.715982 0.697404 -0.7159957 -0.03127318 0.6880158 -0.3628502 -0.6284696 0.6880066 -0.2481892 -0.6819451 0.6880226 -0.1260052 -0.7146661 0.6880161 -0.6819356 -0.248189 0.6879878 -0.6285061 -0.3628402 0.6880077 -0.5559151 -0.4664805 0.6880101 -0.4664692 -0.5559214 0.6880118 -0.7146692 -0.1260468 0.7170614 -0.6963463 -0.03041315 0.7257463 -0.3498027 -0.5923937 0.7170636 -0.03041362 -0.6963439 0.7272527 -0.1191765 -0.6759442 0.7272767 -0.2347276 -0.6449587 0.7272606 -0.3431801 -0.5944069 0.7272573 -0.4411875 -0.5257857 0.7272541 -0.5257848 -0.4411937 0.7272813 -0.5943998 -0.3431485 0.7272455 -0.6449889 -0.2347413 0.7272635 -0.6759263 -0.1192124 0.698378 0.0280959 0.7151775 0.3015137 0.301497 0.904538 0.6974018 0.7159978 0.03127229 0.6974181 0.03127133 0.715982 0.3015136 0.9045378 0.3014979 0.6983613 0.7151938 0.02809721 0.6898702 0.425553 0.5856482 0.6898569 0.3286725 0.6450363 0.6880158 0.3628505 0.6284694 0.6880066 0.2481889 0.6819452 0.6880226 0.1260049 0.7146662 0.68988 0.2237078 0.6884915 0.6898608 0.1132646 0.7150267 0.6879928 0.6819574 0.2481935 0.6880022 0.6284803 0.3628575 0.6880045 0.5559242 0.4664742 0.6880099 0.4664703 0.5559207 0.6898636 0.7150238 0.1132663 0.6898688 0.6885017 0.2237108 0.6898437 0.6450481 0.3286772 0.6880238 0.7146652 0.1260036 0.689862 0.5856547 0.4255573 0.6898753 0.511895 0.5118942 0.7170606 0.696347 0.0304147 0.7257409 0.5923987 0.3498058 0.8295518 0.1462719 0.5389329 0.8295514 0.5389333 0.1462718 0.7257427 0.3498026 0.5923983 0.7170601 0.03041464 0.6963475 0.7272506 0.1191779 0.6759462 0.7272671 0.234729 0.6449689 0.7272671 0.3431782 0.5944001 0.7272574 0.4411858 0.5257869 0.7272692 0.5257779 0.4411769 0.7272636 0.5944028 0.3431808 0.727267 0.6449683 0.234731 0.7272497 0.6759473 0.1191776 0.697416 -0.03127211 0.7159841 0.6974046 -0.7159951 0.03127211 0.3015133 -0.3014976 0.9045379 0.6974201 -0.03124564 0.7159812 0.6879811 -0.6285002 0.362863 0.6880162 -0.6819359 0.2481877 0.6880119 -0.7146694 0.1260454 0.6879988 -0.1260238 0.7146857 0.688012 -0.2482305 0.6819247 0.6880138 -0.3628554 0.6284688 0.6880226 -0.1260061 0.714666 0.6880066 -0.2481887 0.6819452 0.6880161 -0.3628503 0.6284692 0.688005 -0.4664711 0.5559262 0.6880024 -0.5559208 0.4664813 0.687991 -0.6284935 0.3628559 0.6880044 -0.6819382 0.2482138 0.688 -0.7146844 0.1260245 0.6880013 -0.4664994 0.5559071 0.6880238 -0.5559082 0.4664648 0.7170585 -0.696349 0.03041505 0.7272685 -0.6759208 0.1192128 0.7272403 -0.6449936 0.2347444 0.7272946 -0.5943751 0.343163 0.7272427 -0.5257965 0.4411986 0.7272672 -0.4411997 0.5257616 0.727267 -0.3431773 0.5944007 0.7272672 -0.234728 0.6449692 0.7272484 -0.1191781 0.6759486 0.717061 -0.0304163 0.6963465 0.7257425 -0.3498042 0.5923976 0.8295538 -0.1462649 0.5389314 0.7257403 -0.592398 0.3498081 0.6879912 -0.2482003 -0.6819567 0.6880209 -0.1259986 -0.7146689 1 -3.05154e-7 0 0.6880008 1.14023e-6 -0.72571 0.6880208 0.1259999 -0.7146688 0.6879665 -0.555922 -0.4665329 0.6880418 -0.4663969 -0.5559429 0.6880088 -0.3628883 -0.6284553 0.6880211 -0.7146691 -0.1259968 0.6879905 -0.6819562 -0.2482034 0.6880285 -0.6284739 -0.3628187 0.6880163 -0.6819428 0.2481684 0.6880103 -0.7146748 0.1260235 0.6880009 -0.7257099 -1.61706e-6 0.6880717 -0.4664627 0.5558507 0.6879888 -0.5558617 0.4665718 0.6879934 -0.6284949 0.3628491 0.6880209 -0.1260001 0.7146687 0.6879912 -0.2482037 0.6819553 0.6879777 -0.3629953 0.6284276 0.6879913 0.2482016 0.6819561 0.6880208 0.1259973 0.7146692 0.6880008 -1.53413e-6 0.72571 0.6879889 0.5558605 0.4665729 0.6880715 0.4664564 0.5558562 0.6879776 0.3629934 0.6284286 0.6880116 0.7146733 0.1260247 0.6880174 0.6819404 0.2481719 0.6879934 0.6284937 0.362851 0.6879916 0.6819555 -0.2482025 0.6880221 0.7146687 -0.1259931 0.6880007 0.72571 -1.06767e-6 0.6880417 0.4664008 -0.5559397 0.6879668 0.5559263 -0.4665274 0.6880283 0.6284745 -0.3628182 0.6879913 0.2482046 -0.681955 0.6880086 0.3628895 -0.6284548 0.1229292 0.9911597 -0.04991006 0.8191453 0.5735863 0 0.8950332 0.409646 0.1763683 0.3664339 0.8611682 0.3523006 0.1220991 0.9912863 0.04943197 0.9000349 0.3951906 0.1837433 0.3663609 0.8612077 0.3522799 0.8191404 0.5735931 0 0.8191466 0.5735842 0 0.1221026 0.9912858 0.04943299 0.1213304 0.9913629 -0.04978442 0.3664876 0.8611547 -0.3522777 0.8950337 0.4096451 -0.1763683 0.8126721 -0.575784 0.0896486 0.8128119 -0.3887076 0.4338701 0.9000875 -0.3950268 0.1838375 0.366346 -0.8611799 0.3523632 0.808557 -0.4374446 0.3935453 0.8100138 -0.5606868 0.1717782 0.8089006 -0.5312013 0.2520025 0.8078371 -0.4895426 0.3282489 0.8950337 -0.4096447 -0.1763685 0.3664693 -0.8611554 -0.3522951 0.8191369 -0.5735982 0 0.8126664 -0.575792 0.08964979 0.8080258 -0.4363855 0.3958058 0.8950337 -0.4096451 0.1763682 0.3664507 -0.8611624 0.3522971 0.8100069 -0.5606963 0.1717802 0.8088956 -0.5312075 0.2520052 0.8078323 -0.4895356 0.3282715 0.1229307 0.04991084 0.9911595 0.8191412 0 0.5735919 0.8950337 -0.1763685 0.409645 0.3664632 -0.3522944 0.8611582 0.1219501 -0.04943263 0.9913046 0.1229326 -0.04990935 0.9911593 0.8055649 -0.3278312 0.4935502 0.8073333 -0.3957108 0.437751 0.1870568 -0.2254709 0.9561238 0.1849677 -0.2680129 0.9454925 0.1864672 -0.3140627 0.9309107 0.8053104 -0.2571617 0.5341752 0.8098037 -0.1720971 0.5608926 0.1847566 -0.1649361 0.9688453 0.8111727 -0.09299689 0.577365 0.1894094 -0.09078919 0.9776919 0.1946501 -0.114443 0.9741736 0.707199 7.75232e-4 0.7070142 0.5173634 -0.02144312 0.8554972 0.2439878 -0.04283022 0.9688321 0.3549388 0.03303283 0.9343059 0.8128206 0.09211874 0.5751842 0.8080715 0.3961291 0.4360071 0.8950721 0.1764246 0.4095369 0.3664425 0.3524087 0.8611202 0.8100224 0.1735016 0.5601437 0.1941793 0.1058005 0.9752439 0.1933729 0.05764073 0.9794308 0.8089254 0.2534235 0.5304869 0.1834302 0.1904669 0.9644044 0.1839754 0.1414406 0.9727013 0.8078887 0.3290366 0.4889282 0.1831149 0.2546131 0.949548 0.18138 0.219911 0.9585095 0.1214239 0.04978501 0.9913514 0.1865187 0.3310499 0.9249956 0.1856196 0.298489 0.936189 0.8191307 0 0.5736069 0.1229297 0.9911596 0.04991012 0.8055766 0.4935425 0.3278144 0.8078718 0.4387878 0.3934571 0.8129217 0.3887584 0.433619 0.1870924 0.9561173 0.2254689 0.1848883 0.9455085 0.2680114 0.1864385 0.9309164 0.3140627 0.8053076 0.5341727 0.2571756 0.8098122 0.5608839 0.1720861 0.1848191 0.9688243 0.1649895 0.8111703 0.5773663 0.0930106 0.1893432 0.9777034 0.09080392 0.1945929 0.9741863 0.1144321 0.7071034 0.7071098 -7.32426e-4 0.5174062 0.8554716 0.02143192 0.2439664 0.9688373 0.0428338 0.3486286 0.9367013 -0.03238511 0.8128584 0.5755143 -0.08969271 0.8128322 0.3886256 -0.4339054 0.9001091 0.3949759 -0.1838421 0.3663476 0.8611798 -0.3523619 0.8085462 0.4374366 -0.3935762 0.8100072 0.5606901 -0.1717993 0.1949827 0.9751567 -0.1051244 0.1902587 0.9800366 -0.05770516 0.8089275 0.5311644 -0.2519933 0.183583 0.9644861 -0.1899054 0.1834113 0.9727681 -0.1417129 0.8078277 0.4895704 -0.3282304 0.1831604 0.9496601 -0.2541611 0.1814125 0.9586216 -0.219395 0.1213285 0.9913631 -0.04978549 0.1865158 0.9250127 -0.3310039 0.1856114 0.9362993 -0.2981476 0.8191499 0.5735797 -1.5741e-7 0.8055777 0.4935353 0.3278223 0.8073426 0.4377388 0.3957053 0.1871033 0.9561157 0.2254667 0.1848947 0.9455021 0.2680293 0.1864389 0.9309162 0.3140633 0.8053291 0.534153 0.2571491 0.8098062 0.5608889 0.1720979 0.184803 0.9688367 0.1649348 0.8111689 0.5773706 0.09299743 0.1893419 0.9777045 0.09079486 0.1945896 0.9741853 0.1144459 0.707106 0.7071072 -7.33953e-4 0.5175542 0.8553821 0.02143025 0.2438898 0.9688567 0.04283326 0.3485497 0.9367307 -0.03238701 0.8128342 0.5755451 -0.0897141 0.8080146 0.436416 -0.3957948 0.8100037 0.5606967 -0.1717942 0.1949169 0.9751697 -0.1051262 0.1902751 0.9800333 -0.05770772 0.808923 0.5311704 -0.2519957 0.1835681 0.964492 -0.1898899 0.1834383 0.9727586 -0.1417431 0.8078423 0.4895414 -0.3282381 0.1831591 0.9496504 -0.2541988 0.1813811 0.9586493 -0.2192996 0.1864898 0.9250345 -0.3309573 0.1856051 0.9363 -0.2981495 0.8055776 -0.49353 -0.3278307 0.8078867 -0.4387934 -0.3934203 0.3663604 -0.8612092 -0.3522766 0.8128091 -0.3887124 -0.4338712 0.9000814 -0.3950394 -0.1838405 0.8052608 -0.5342288 -0.2572057 0.8098152 -0.5608867 -0.1720623 0.8109712 -0.577645 -0.09301692 0.8191416 -0.5735912 0 0.8191573 -0.5735689 0 0.8055878 -0.4935165 -0.3278262 0.8073323 -0.4377672 -0.3956951 0.8052806 -0.5342065 -0.2571896 0.8098191 -0.5608815 -0.1720612 0.8109349 -0.5776959 -0.09301739 0.8191447 -0.5735869 0 0.6879991 0.2481972 0.6819497 0.6880283 0.1259933 0.7146627 1 0 0 0.6880086 2.59147e-7 0.7257027 0.6880192 -0.1260266 0.7146656 0.6880474 0.5559367 0.466396 0.6879745 0.4665237 0.5559197 0.6880368 0.3628133 0.6284679 0.6880288 0.7146624 0.1259924 0.6879988 0.6819499 0.2481977 0.6880146 0.62845 0.3628863 0.687999 0.6819496 -0.2481979 0.6880283 0.7146627 -0.125993 0.6880086 0.7257027 -2.55691e-7 0.6879753 0.4665203 -0.5559216 0.6880492 0.5559331 -0.4663977 0.6880146 0.6284499 -0.3628868 0.6880288 0.1259927 -0.7146623 0.6879989 0.2481968 -0.6819501 0.688037 0.3628127 -0.6284681 0.6880245 -0.2481695 -0.6819342 0.6880187 -0.1260273 -0.714666 0.6880086 -2.59147e-7 -0.7257027 0.6880211 -0.5558978 -0.4664811 0.688022 -0.4664816 -0.5558963 0.6879999 -0.3628474 -0.6284887 0.6880288 -0.7146624 -0.1259924 0.6879987 -0.68195 -0.2481977 0.6880146 -0.6284501 -0.3628863 0.687999 -0.6819496 0.248198 0.6880284 -0.7146627 0.1259928 0.6880085 -0.7257027 2.55691e-7 0.688023 -0.4664784 0.5558977 0.6880227 -0.5558949 0.4664821 0.6880145 -0.6284499 0.3628867 0.6880243 -0.248169 0.6819347 0.6879999 -0.3628467 0.628489 0.7272557 -5.60728e-6 -0.6863667 0.7272425 -0.1192131 -0.6759487 0.727236 -0.2347372 -0.6450009 0.727266 -0.3431679 -0.5944074 0.7272416 -0.4412114 -0.5257873 0.72724 -0.5257873 -0.4412142 0.7272471 -0.5943979 -0.3432244 0.7272662 -0.6449667 -0.2347381 0.7272323 -0.6759671 -0.1191708 0.7272557 -0.6863666 -2.451e-7 0.7272329 -0.6759665 0.1191704 0.7272672 -0.6449654 0.2347384 0.7272494 -0.5943946 0.343225 0.7272403 -0.5257864 0.4412145 0.7272407 -0.4412142 0.5257861 0.7272651 -0.3431713 0.5944065 0.7272377 -0.2347301 0.6450017 0.7272434 -0.1191998 0.6759501 0.7272557 5.60226e-6 0.6863666 0.7272318 0.1191844 0.6759652 0.7272643 0.2347455 0.6449661 0.7272247 0.3431741 0.5944542 0.7272945 0.4411875 0.5257342 0.7272108 0.5258651 0.4411693 0.7272471 0.5943977 0.3432245 0.7272662 0.6449667 0.234738 0.7272324 0.675967 0.119171 0.7272557 0.6863666 2.41832e-7 0.727233 0.6759665 -0.1191704 0.7272672 0.6449654 -0.2347383 0.7272495 0.5943945 -0.3432251 0.7272111 0.5258649 -0.4411691 0.727294 0.4411904 -0.5257325 0.7272238 0.3431775 -0.5944534 0.7272659 0.2347383 -0.6449669 0.7272326 0.119171 -0.6759667 0.6879991 0.2481974 0.6819496 0.6880283 0.1259936 0.7146626 1 3.05097e-7 0 0.6880086 0 0.7257027 0.6880288 -0.1259923 0.7146624 0.6880211 0.5558977 0.4664813 0.688022 0.4664819 0.5558961 0.6880156 0.3628869 0.6284486 0.6880192 0.7146664 0.1260226 0.6880238 0.6819351 0.248169 0.6879984 0.62849 0.3628478 0.6879988 0.6819499 -0.2481976 0.6880284 0.7146621 -0.1259959 0.6880085 0.7257027 -3.69025e-6 0.6880481 0.4663951 -0.5559364 0.6879746 0.5559195 -0.466524 0.6880366 0.6284688 -0.362812 0.6880288 0.1259929 -0.7146623 0.6879988 0.248197 -0.6819501 0.6880156 0.3628848 -0.6284499 0.6879991 -0.2481974 -0.6819496 0.6880283 -0.1259936 -0.7146626 0.6879742 -0.5559202 -0.4665238 0.6880484 -0.4663969 -0.5559346 0.6880156 -0.3628869 -0.6284486 0.6880289 -0.7146619 -0.1259952 0.6879987 -0.6819491 -0.2481999 0.6880367 -0.6284676 -0.3628142 0.6880241 -0.6819347 0.2481694 0.6880187 -0.7146666 0.1260232 0.6880085 -0.7257027 -3.17886e-6 0.688023 -0.4664787 0.5558975 0.6880228 -0.5558946 0.4664826 0.6879983 -0.6284898 0.3628483 0.6879989 -0.2481961 0.6819503 0.6880157 -0.3628864 0.6284489 0.7272557 -5.89479e-6 -0.6863666 0.7272319 -0.1191841 -0.6759653 0.7272643 -0.2347449 -0.6449663 0.7272485 -0.3432217 -0.5943976 0.7272121 -0.4411665 -0.5258656 0.7272931 -0.5257335 -0.4411906 0.7272232 -0.5944537 -0.3431782 0.7272663 -0.6449668 -0.2347375 0.7272323 -0.6759678 -0.1191675 0.7272557 -0.6863667 3.00329e-6 0.7272437 -0.6759495 0.1192018 0.727239 -0.6449995 0.2347322 0.7272669 -0.5944035 0.3431725 0.7272404 -0.5257862 0.4412146 0.7272407 -0.4412145 0.5257859 0.7272476 -0.343225 0.5943968 0.7272659 -0.2347385 0.6449669 0.7272327 -0.1191713 0.6759666 0.7272557 5.60557e-6 0.6863666 0.7272319 0.1191846 0.6759652 0.7272642 0.2347456 0.6449661 0.7272484 0.3432201 0.5943987 0.7272415 0.4412101 0.5257883 0.7272399 0.5257869 0.4412145 0.7272647 0.5944081 0.3431693 0.7272378 0.6450018 0.2347296 0.7272431 0.6759499 0.1192024 0.7272557 0.6863667 3.48695e-6 0.727233 0.6759671 -0.1191669 0.7272674 0.6449655 -0.2347375 0.7272257 0.5944505 -0.3431786 0.7272933 0.5257329 -0.4411908 0.7272115 0.4411693 -0.5258643 0.7272477 0.343225 -0.5943968 0.7272659 0.2347385 -0.6449668 0.7272327 0.1191713 -0.6759666 1 3.05101e-7 0 0.6880192 -0.1260268 0.7146656 0.6880475 0.5559357 0.4663971 0.6879745 0.4665222 0.5559211 0.6880367 0.3628128 0.6284682 0.6880005 0.466439 -0.5559587 0.6880007 0.5559592 -0.4664381 0.688037 0.3628122 -0.6284684 0.6880245 -0.2481685 -0.6819345 0.6880187 -0.1260272 -0.714666 0.688 -0.3628471 -0.6284888 0.6879985 -0.6819504 -0.2481971 0.6880368 -0.628469 -0.3628115 0.6880239 -0.6819338 0.2481727 0.6880189 -0.7146659 0.1260265 0.6880243 -0.2481694 0.6819345 0.688 -0.3628478 0.6284883 0.7272558 -5.89507e-6 -0.6863666 0.7272426 -0.1192132 -0.6759486 0.7272361 -0.2347376 -0.6450008 0.727266 -0.3431689 -0.5944067 0.7272931 -0.5257335 -0.4411906 0.7272662 -0.6449658 -0.2347405 0.7272325 -0.675967 -0.1191705 0.7272388 -0.6450006 0.2347295 0.727267 -0.5944049 0.3431699 0.7272651 -0.343171 0.5944065 0.7272377 -0.2347292 0.6450021 0.7272434 -0.1191996 0.6759501 0.7272247 0.3431736 0.5944545 0.7272946 0.441188 0.5257336 0.7272107 0.5258662 0.4411683 0.7272647 0.594408 0.3431693 0.7272431 0.6759499 0.1192024 0.7272557 0.6863667 3.48695e-6 0.727233 0.675967 -0.1191669 0.7272256 0.5944506 -0.3431786 0.7272641 0.5258107 -0.4411464 0.7272644 0.441144 -0.5258123 0.7272238 0.343177 -0.5944537 0.7272659 0.2347385 -0.6449669 -0.6898533 0.1132673 0.7150336 -0.6898698 0.2237099 0.6885009 -0.6898464 0.3286767 0.6450455 -0.6898618 0.4255595 0.5856533 -0.6898715 0.5118972 0.511897 -0.6898705 0.5856476 0.4255535 -0.6898542 0.645039 0.3286728 -0.6898772 0.6884945 0.2237071 -0.6898348 0.7150513 0.1132684 0.6879912 -0.2481997 -0.6819568 0.6880208 -0.1259973 -0.7146692 1 3.05076e-7 0 0.6880008 1.77254e-6 -0.72571 0.6880112 0.1260338 -0.714672 0.6880152 -0.5559004 -0.4664869 0.6880241 -0.4665012 -0.5558773 0.6879989 -0.3629191 -0.6284483 0.6880114 -0.7146726 -0.1260296 0.6880174 -0.6819413 -0.24817 0.6879935 -0.6284927 -0.3628526 0.6879914 -0.6819571 0.2481983 0.6880221 -0.7146688 0.1259927 0.6880006 -0.7257102 -4.30178e-6 0.6879941 -0.4664427 0.5559634 0.6879931 -0.5559622 0.4664458 0.6880286 -0.6284734 0.3628194 0.6879479 -0.1260061 0.7147379 0.6880272 -0.2483079 0.6818811 0.6880298 -0.3628172 0.6284733 0.6880526 0.2482761 0.6818671 0.6879383 0.1260373 0.7147417 0.688075 -1.40611e-6 0.7256397 0.6879667 0.5559245 0.4665297 0.6880418 0.4663969 0.5559429 0.687993 0.3628495 0.628495 0.688021 0.7146691 0.1259964 0.6879907 0.6819577 0.2481989 0.6880285 0.6284741 0.3628184 0.6880162 0.6819427 -0.2481688 0.6880105 0.7146737 -0.1260282 0.6880009 0.7257099 1.61706e-6 0.6880717 0.4664627 -0.5558507 0.6879888 0.5558615 -0.4665721 0.6879935 0.6284927 -0.3628525 0.6880165 0.2481765 -0.6819397 0.687962 0.3629555 -0.6284677 1 0 0 1 3.06772e-7 0 1 0 0 0.7272654 -1.48043e-6 0.6863564 0.7272463 0.1192083 0.6759454 0.7272884 0.2347491 0.6449376 0.7272552 0.3431904 0.5944076 0.7272765 0.6449483 0.2347568 0.7272566 0.6759346 0.1192073 0.7272464 -0.1192063 -0.6759457 0.7272719 -0.2347289 -0.6449635 0.7272695 0.4411663 0.5257865 0.7272669 0.5257893 0.4411671 0.7272571 0.5944036 0.3431932 0.7272993 -0.6758905 0.1191972 0.7272434 -0.6449818 0.2347669 0.7272405 -0.1192083 0.6759518 0.7272695 -0.234734 0.6449645 0.7272907 0.6863296 2.19279e-6 0.7272567 0.6759347 -0.1192055 1 0 0 0.7272829 0.6449421 -0.2347539 0.7272504 0.5944113 -0.343194 0.7272816 0.5257798 -0.4411543 0.7272674 0.4411656 -0.5257899 0.7272586 0.3431952 -0.5944006 0.7272788 -0.3431923 0.5943775 0.7272636 -0.4411928 0.5257726 0.7272467 -0.5257754 0.4412173 0.7272849 -0.5943824 0.3431711 0.7272808 0.2347541 -0.6449444 0.7272542 0.119207 -0.6759371 0.727298 3.30384e-6 -0.6863218 0.7272794 -0.3431842 -0.5943815 0.7272549 -0.4412039 -0.5257751 0.7272642 -0.5257596 -0.441207 0.7272871 -0.594379 -0.3431722 0.7272459 -0.6449775 -0.2347714 0.7272882 -0.6759019 -0.1191998 0.7272676 -0.686354 -2.13738e-6 1 -2.88607e-7 0 0.7272689 0.6449755 -0.2347053 0.7272917 0.5943762 -0.3431675 0.7272528 0.5257701 -0.4412134 0.7272697 0.4411619 -0.5257897 0.7272678 0.5257257 0.4412416 0.7272987 0.5943815 0.3431432 0.7272543 0.644999 0.234686 0.7272174 0.6759757 0.1192136 0.7272536 0.3432006 -0.5944035 0.7272879 0.2347506 -0.6449376 0.7272536 0.1192041 -0.6759383 0.7272589 -0.3431892 -0.5944036 0.7272717 -0.441163 -0.5257863 1 0 0 0.727271 -0.5257869 -0.4411634 0.7272549 -0.5944057 -0.3431941 0.7272859 -0.6449396 -0.2347515 0.7272575 -0.675933 -0.1192105 0.7272895 -0.6863309 -1.91828e-6 0.7272244 -0.6759701 0.119203 0.7272832 -0.6449502 0.2347306 0.7272649 -0.5944097 0.3431662 0.7272854 -0.5257499 0.4411838 0.7272394 -0.4411887 0.5258093 0.7272955 -0.3431708 0.5943695 0.727291 1.45096e-6 -0.6863293 0.7272565 -0.1192009 -0.6759358 0.7272765 -0.2347527 -0.6449498 0.7272408 -0.2347724 0.6449828 0.7272908 -0.1191975 0.6758994 0.7272499 -1.16671e-6 0.6863728 0.7272984 0.1191937 0.6758919 0.7272412 0.2347688 0.6449837 0.7272877 0.3431714 0.5943788 0.7272342 0.4411935 0.5258125 0.7272263 0.6759666 -0.1192108 0.7272828 0.6863379 1.70261e-6 0.7271492 -0.6175937 -0.2997199 0.750337 -0.6500745 -0.1199904 0.7271279 -0.5566018 -0.401845 0.7271414 -0.2829247 0.6254751 0.7271634 -0.3866955 -0.5671859 0.7271499 -0.4788646 -0.4918759 0.7271164 0.6633836 -0.1767036 0.7271659 0.6228848 -0.2885208 1 -1.34116e-7 0 0.727151 0.5636817 -0.3918092 0.7503418 -0.6500653 0.1200103 0.7271355 -0.6176091 0.2997217 0.7271189 -0.1707555 0.6649366 0.7271655 -0.05337548 0.684384 1 0 0 0.7271642 0.5636873 0.3917767 0.7271486 0.622905 0.2885209 0.7271196 0.4876058 -0.4832575 0.7271624 0.3968257 -0.5601467 0.7271402 0.2941213 -0.6202901 0.7271581 -0.1707414 -0.6648974 0.7271187 -0.2829864 -0.6254736 0.7271363 -0.5566136 0.4018136 0.7271473 -0.4788663 0.491878 0.727167 -0.3866935 0.5671827 0.7271095 0.6633871 0.1767187 0.7271602 0.6838806 0.0595445 0.7271692 0.683871 -0.0595445 0.7271445 0.1826223 -0.6617477 0.7271339 0.06564772 -0.6833496 0.7271514 -0.05331641 -0.6844036 0.7271444 0.06564748 0.6833385 0.7271332 0.1826275 0.6617588 0.7271625 0.2941606 0.6202453 0.7271227 0.3968529 0.560179 0.7271355 0.4875668 0.4832727 0.7271477 -0.6838987 0.05948817 0.727131 -0.6633853 0.1766365 1 0 0 0.7271809 -0.6228499 0.2885585 0.727167 0.2829194 -0.6254478 0.7271379 -0.6839092 -0.05948686 1 -2.12648e-7 0 0.727139 -0.6633719 -0.1766539 0.727167 -0.6228646 -0.2885617 0.7271388 0.5566105 0.4018133 0.7271562 0.617614 0.2996614 0.7503248 0.6500944 0.1199584 0.7503204 0.6500993 -0.1199589 0.7271168 -0.5637079 0.3918351 0.7271351 -0.4876288 0.4832108 0.7271624 -0.3968259 0.5601466 0.7271402 -0.2941215 0.6202901 0.7271446 -0.1826218 0.6617477 0.7271339 -0.06564784 0.6833496 0.7271514 0.05331635 0.6844035 0.727151 0.1707233 0.6649097 0.7271029 0.1707397 -0.6649582 0.7271699 0.05337798 -0.6843792 0.7271398 -0.0656467 -0.6833435 0.7271553 0.6176161 -0.299659 0.7271362 0.5566144 -0.4018127 0.7271603 0.4788298 -0.4918944 0.7271433 0.3867003 -0.5672087 0.7271428 -0.1826227 -0.6617496 0.72716 -0.2941607 -0.6202481 0.7271273 -0.3968509 -0.5601743 0.72715 -0.4875897 -0.4832279 0.7271268 -0.5637155 -0.3918054 0.7271365 0.2829872 0.6254525 0.7271394 0.3867024 0.5672121 0.7271633 0.4788255 0.4918941 0.7272702 -0.5257861 -0.4411656 0.7272742 -0.5944163 -0.3431348 0.7272396 -0.6449932 0.2347477 0.7272832 -0.5944216 0.3431068 0.7272713 0.5257882 -0.4411613 0.7272723 0.4411584 -0.5257891 0.7272593 0.3431968 -0.5943989 0.7272849 -0.525749 0.4411857 0.727235 -0.4411917 0.5258129 0.7272917 -0.3431732 0.5943728 0.7272466 -0.2347546 0.6449827 0.7272465 0.2347515 0.644984 0.7272951 0.3431696 0.5943707 0.7272393 0.4411921 0.5258066 0.7272849 0.5257454 0.4411898 0.7272632 0.5944103 0.3431686 0.7272481 -0.1191866 -0.6759473 0.7272936 -0.2347306 -0.6449386 0.7272489 -0.3431956 -0.5944122 0.7272664 -0.4411675 -0.5257897 0.727293 -0.1191816 0.6758999 0.7272465 4.00017e-6 0.6863765 0.7272877 0.1191847 0.6759052 0.7272793 0.6759216 -0.1191426 0.7272895 0.6449357 -0.2347507 0.7272546 0.5944082 -0.3431907 0.7272821 0.2347378 -0.6449488 0.7272466 0.1191962 -0.6759473 0.7272973 7.4835e-6 -0.6863226 0.7272829 0.6449491 0.2347342 0.7272545 0.6759487 0.1191402 0.7272477 0.6863751 2.13733e-6 0.7272431 -0.6449816 -0.2347688 0.7272594 -0.6759316 -0.1192067 0.7272678 -0.6759233 0.1192027 0.7272406 -0.6863826 -2.13736e-6 1 0 0 1 0 0 1 0 0 0.7272468 -0.6449934 -0.2347247 0.7272563 -0.6759368 -0.1191966 0.6684315 0.7314262 0.1349636 0.7272496 -0.6863732 4.06861e-6 0.6684499 0.7314094 -0.1349635 0.7272407 0.6759526 -0.1192019 0.6881136 -0.7228738 0.06287592 0.7272645 0.6863574 -1.52937e-6 0.6881136 -0.7228736 -0.06287777 0.7272418 0.6759568 0.1191713 0.6881183 -0.7011628 -0.1867189 0.7272756 0.6449573 0.2347347 0.6880943 -0.6583978 -0.3050224 0.727234 0.5944434 0.3431732 0.6881267 -0.595811 -0.4141145 0.7273038 0.5257248 0.4411834 0.6881021 -0.5153828 -0.5107801 0.7272213 0.4411613 0.5258573 0.6881285 -0.4194429 -0.5920701 0.7272742 0.3431669 0.5943979 0.6880995 -0.3109356 -0.6556204 0.7272055 0.2348572 0.6449918 0.6881151 -0.1930319 -0.6994543 0.7273339 0.1191807 0.6758561 0.6881169 -0.06938785 -0.7222745 0.7271819 -5.1131e-6 0.6864449 0.6880909 0.05642586 -0.7234274 0.7273229 -0.119148 0.6758735 0.6881405 0.1804537 -0.7027797 0.7272334 -0.234863 0.6449581 0.6880975 0.2990598 -0.6611241 0.7272306 -0.3431761 0.5944458 0.6881181 0.4087336 -0.5995251 0.7272753 -0.4411345 0.5258051 0.6881005 0.5061366 -0.5199458 0.7272755 -0.5257998 0.4411405 0.6881128 0.5883225 -0.4247087 0.7272338 -0.5944417 0.3431766 0.6881104 0.6528255 -0.3167379 0.7272759 -0.6449567 0.2347357 0.7272443 -0.6759542 0.119171 0.7272625 -0.5944082 -0.3431738 0.6881038 0.6528311 0.3167408 0.7272376 -0.5257884 -0.4412167 0.6881052 0.5883308 0.4247095 0.7272272 -0.4412466 -0.5257777 0.6880931 0.506141 0.5199512 0.7272545 -0.343248 -0.594375 0.6881105 0.408739 0.5995302 0.727263 -0.2347399 -0.6449696 0.688108 0.2991125 0.6610894 0.72723 -0.1191732 -0.6759692 0.6880961 0.1804559 0.7028225 0.7272526 7.5228e-6 -0.6863699 0.6881024 0.05635482 0.723422 0.7272403 0.1192026 -0.6759529 0.688109 -0.06939309 0.7222816 0.7272351 0.2347298 -0.6450048 0.6881077 -0.1930313 0.6994618 0.7272964 0.3432388 -0.5943291 0.6881085 -0.3108797 0.6556375 0.7271749 0.4412698 -0.5258303 0.6880874 -0.4194654 0.5921019 0.7272675 0.5257096 -0.4412612 0.6881064 -0.5154147 0.5107419 0.7272588 0.5944134 -0.3431726 0.6881275 -0.5957922 0.4141404 0.7272351 0.6450051 -0.2347291 0.6880699 -0.6584148 0.3050408 0.6881276 -0.7011603 0.1866943 0.727247 0.6449918 0.2347286 0.7272563 0.6759367 0.119197 0.6684206 -0.7314284 -0.1350056 0.7272497 0.686373 1.01143e-6 0.6684327 -0.7314132 0.1350279 0.7272604 0.594412 0.3431718 0.688104 -0.6527991 -0.3168061 0.7272657 0.5257147 0.441258 0.6881147 -0.5883032 -0.4247324 0.7271739 0.4412706 0.5258311 0.6881054 -0.5061624 -0.5199142 0.7272785 0.3432943 0.5943191 0.688089 -0.4087579 -0.599542 0.727263 0.2347397 0.6449697 0.6881238 -0.2990967 -0.66108 0.72723 0.1191732 0.6759693 0.6880898 -0.1804786 -0.7028229 0.7272526 -7.5228e-6 0.6863699 0.6881024 -0.05635499 -0.723422 0.7272297 -0.1191756 0.6759691 0.688109 0.06939262 -0.7222816 0.7272633 -0.2347377 0.6449701 0.6881076 0.1930314 -0.6994618 0.727279 -0.3432919 0.5943199 0.6881085 0.3108797 -0.6556375 0.7271749 -0.4412698 0.5258303 0.6880874 0.4194654 -0.5921019 0.7272673 -0.5257073 0.4412643 0.6881212 0.5153701 -0.510767 0.7272588 -0.5944132 0.3431729 0.6880964 0.5958212 -0.4141505 0.727235 -0.6450036 0.2347334 0.6880865 0.6584244 -0.3049825 0.7272412 -0.675952 0.1192024 0.7272444 0.6759548 -0.1191664 0.7272757 0.6449562 -0.2347373 0.6881285 -0.6527837 0.3167849 0.7272328 0.594444 -0.3431747 0.6881129 -0.5883234 0.4247075 0.7273032 0.5257235 -0.4411859 0.6881126 -0.5061597 0.5199073 0.7272217 0.4411566 -0.5258607 0.6880964 -0.4087537 0.5995363 0.7272558 0.3432193 -0.59439 0.6881133 -0.2990434 0.6611152 0.7272737 0.2347411 -0.6449572 0.6881341 -0.1804741 0.7027806 0.7272416 0.1191678 -0.6759576 0.688091 -0.05642443 0.7234274 0.7272644 -2.00648e-6 -0.6863574 0.6881169 0.06938773 0.7222745 0.7272419 -0.1191717 -0.6759566 0.6881152 0.1930317 0.6994543 0.7272751 -0.234734 -0.644958 0.6880996 0.3109355 0.6556205 0.7272582 -0.3432158 -0.5943893 0.688128 0.4194444 0.5920696 0.7272223 -0.4411589 -0.5258581 0.6881165 0.5153379 0.5108058 0.7273034 -0.5257256 -0.4411829 0.6880955 0.5958384 0.4141272 0.727233 -0.5944467 -0.3431696 0.6881114 0.6584062 0.3049658 0.7272752 -0.644958 -0.2347342 0.6881374 0.7011286 0.1867775 0.7272416 -0.6759579 -0.1191669 0.6880943 0.7228863 0.06294083 0.7272648 -0.686357 1.52937e-6 0.6880946 0.7228862 -0.06294029 0.6881465 0.7011259 -0.1867538 0.6880079 0.555934 0.4664575 0.6880075 0.4664605 0.5559319 0.688027 0.3628523 0.6284561 0.6879973 0.2482239 0.6819419 0.6880292 0.1260391 0.7146539 0.6879892 5.54434e-6 0.725721 0.6880297 -0.1260295 0.714655 0.6880059 -0.2481898 0.6819456 0.6880078 -0.3628746 0.6284643 0.6880176 -0.4664775 0.5559052 0.6880229 -0.5558877 0.4664906 0.6879941 -0.6284854 0.362864 0.6880337 -0.6819084 0.2482148 0.6879928 -0.7146885 0.1260409 0.6880273 -0.7256849 8.09829e-7 0.6879923 -0.7146897 -0.1260371 0.6880329 -0.6819105 -0.2482115 0.6879939 -0.6284871 -0.3628613 0.6880236 -0.5558884 -0.4664887 0.6880184 -0.4664825 -0.5559 0.6880081 -0.3628698 -0.6284668 0.6880054 -0.2481953 -0.6819441 0.6880292 -0.1260391 -0.7146539 0.6879892 -5.52577e-6 -0.725721 0.6880298 0.1260295 -0.7146549 0.6879978 0.2482184 -0.6819434 0.6880269 0.362857 -0.6284536 0.6880067 0.4664556 -0.5559371 0.6880072 0.5559332 -0.4664593 0.6880271 0.6284554 -0.3628534 0.6879979 0.6819416 -0.2482227 0.6880302 0.7146533 -0.1260365 0.6879893 0.725721 -8.66465e-7 0.6880298 0.7146545 0.1260326 0.6879971 0.6819437 0.2482196 0.688027 0.628457 0.3628509 0.6880297 0.7146545 0.1260328 0.6880226 0.6819497 0.2481323 0.6879859 0.6285066 0.3628427 0.6880102 0.5558668 0.4665341 0.6880369 0.4664488 0.5559054 0.6879943 0.3628665 0.6284837 0.6880329 0.2482155 0.681909 0.6879917 0.1260443 0.7146888 0.6880273 5.53534e-6 0.7256848 0.6879923 -0.1260348 0.71469 0.6880335 -0.2482108 0.6819101 0.6879938 -0.3628649 0.6284852 0.6880353 -0.466445 0.5559105 0.6879937 -0.5559161 0.4665 0.688019 -0.6284749 0.3628349 0.6880062 -0.681943 0.2481963 0.6880301 -0.7146532 0.1260371 0.6879892 -0.725721 5.7534e-7 0.6880298 -0.7146543 -0.1260336 0.6879971 -0.6819436 -0.2482196 0.6880271 -0.6284573 -0.36285 0.688008 -0.5559346 -0.4664567 0.6880074 -0.4664599 -0.5559325 0.688027 -0.3628517 -0.6284564 0.6879974 -0.2482244 -0.6819416 0.6880292 -0.126039 -0.7146539 0.6879892 -5.537e-6 -0.725721 0.6880297 0.1260294 -0.714655 0.6879978 0.248218 -0.6819435 0.6880268 0.3628572 -0.6284535 0.6880068 0.4664553 -0.5559372 0.6880228 0.555888 -0.4664903 0.6879941 0.6284853 -0.3628639 0.6880152 0.6819463 -0.248162 0.6880301 0.7146535 -0.1260357 0.6879891 0.725721 -3.43822e-7 0.6880107 0.7146837 0.125971 0.6880052 0.6819448 0.2481939 0.688019 0.628477 0.3628315 0.6879946 0.5559129 0.4665024 0.6880367 0.4664485 0.5559059 0.6879944 0.3628658 0.6284841 0.688028 0.2482022 0.6819188 0.6879984 0.1260325 0.7146846 0.6880257 1.12988e-5 0.7256864 0.6879972 -0.1260172 0.7146884 0.6880285 -0.2481963 0.6819204 0.6879938 -0.3628656 0.6284848 0.6880354 -0.4664451 0.5559105 0.6879935 -0.5559153 0.4665011 0.6880016 -0.6285192 0.3627911 0.6880418 -0.68191 0.2481877 0.6879929 -0.7146881 0.1260427 0.6879923 -0.7146893 -0.1260385 0.6880328 -0.6819107 -0.248211 0.6880096 -0.6285012 -0.3628072 0.6880078 -0.5559337 -0.466458 0.6880076 -0.4664602 -0.555932 0.688027 -0.3628523 -0.6284561 0.6879923 -0.2482094 -0.6819522 0.6880341 -0.1260213 -0.7146522 0.6879876 1.97396e-7 -0.7257226 0.6880363 0.1260175 -0.7146508 0.6879929 0.2482042 -0.6819535 0.6880269 0.3628565 -0.6284538 0.6880066 0.4664554 -0.5559374 0.6880072 0.5559339 -0.4664586 0.6880272 0.6284552 -0.3628535 0.6879979 0.6819412 -0.248224 0.6880111 0.7146826 -0.1259744 0.6880273 0.7256849 -8.09829e-7 -0.6902677 0.7153263 -0.1088066 -0.6988508 0.7148224 -0.02522993 0.6902639 0.7153298 -0.1088071 0.6897504 0.6902847 -0.2185212 -0.6897484 0.6902862 -0.2185227 0.6897629 0.647273 -0.3244456 -0.6897456 0.6472873 -0.3244538 0.6897654 0.588141 -0.4222723 -0.6897565 0.5881474 -0.4222779 0.6897653 0.5143653 -0.5095608 -0.6897551 0.5143716 -0.5095682 0.6897586 0.4277642 -0.584167 -0.6897499 0.4277724 -0.5841712 0.6897672 0.3305377 -0.6441786 -0.6897678 0.330537 -0.6441783 0.689742 0.2250483 -0.6881928 -0.6897407 0.2250477 -0.6881943 0.6897769 0.1139494 -0.7149989 -0.689775 0.1139489 -0.7150008 -0.6982781 0.02769094 -0.7152908 -0.121338 0.9913622 0.04978269 -0.1220989 0.9912863 -0.04942941 -0.1864953 0.9250811 0.3308238 -0.1213346 0.9913626 0.04978084 -0.1220968 0.9912865 -0.04943257 -0.1864886 0.925087 0.3308112 -0.1855793 0.9363669 0.2979553 -0.1814296 0.9586265 0.2193596 -0.1831719 0.9496573 0.2541635 -0.1855824 0.9363669 0.2979537 -0.1864117 0.9309403 -0.3140078 -0.1849235 0.9454274 -0.2682732 -0.1870743 0.9560996 -0.2255588 -0.3486308 0.9367007 0.03238171 -0.1902821 0.9800324 0.05770081 -0.1949664 0.9751598 0.1051272 -0.1813975 0.958631 0.2193664 -0.1864371 0.9309214 -0.3140488 -0.1848788 0.9454554 -0.2682051 -0.1831516 0.9496602 0.2541677 -0.183407 0.9727699 0.1417064 -0.1835574 0.9644915 0.1899023 -0.1847852 0.9688404 -0.1649328 -0.1946039 0.9741786 -0.1144793 -0.1893572 0.9777 -0.09081113 -0.244005 0.9688271 -0.04284471 -0.5175461 0.8553874 -0.02141171 -0.6983815 0.7151979 0.02748262 -0.7071046 0.7071087 7.33314e-4 -0.5175644 0.8553758 -0.02143096 -0.1870706 0.9561001 -0.2255598 -0.1848197 0.9688231 -0.1649951 -0.3487064 0.9366724 0.0323835 -0.1902509 0.9800382 0.05770379 -0.1949504 0.9751633 0.1051234 -0.1945962 0.9741789 -0.1144906 -0.1893856 0.9776934 -0.09082245 -0.2440236 0.9688223 -0.04284733 -0.1834071 0.9727699 0.1417062 -0.1835762 0.9644884 0.1899003 -0.7272548 4.18857e-7 0.6863677 -0.6880075 -4.38821e-7 0.7257036 -0.7272321 -0.1191698 0.6759675 -0.6880275 -0.1259942 0.7146635 -0.727265 -0.234737 0.6449685 -0.6879975 -0.2482022 0.6819496 -0.7272805 -0.3432917 0.594318 -0.6879833 -0.3629952 0.6284214 -0.7271764 -0.4412671 0.5258308 -0.6880778 -0.4664592 0.555846 -0.7272688 -0.5257079 0.4412612 -0.6879956 -0.5558583 0.4665659 -0.7272644 -0.5944063 0.3431732 -0.6879994 -0.6284877 0.3628498 -0.7272372 -0.6450026 0.2347291 -0.6880232 -0.6819338 0.2481743 -0.7272431 -0.6759515 0.1191937 -0.6880182 -0.7146658 0.1260315 -0.7272547 -0.6863678 -5.32029e-6 -0.6880074 -0.7257037 5.6252e-6 -0.7272304 -0.6759684 -0.119175 -0.6880275 -0.7146646 -0.1259867 -0.727263 -0.6449692 -0.2347413 -0.6879986 -0.6819502 -0.2481973 -0.7272229 -0.5944536 -0.3431789 -0.6880365 -0.6284665 -0.3628164 -0.7272924 -0.525735 -0.44119 -0.6879737 -0.5559195 -0.4665253 -0.7272102 -0.441171 -0.5258646 -0.6880478 -0.4663951 -0.555937 -0.7272469 -0.3432255 -0.5943974 -0.6880139 -0.3628882 -0.6284497 -0.7272251 -0.2348627 -0.6449676 -0.6880334 -0.2483037 -0.6818763 -0.7273133 -0.1191528 -0.6758832 -0.6879549 -0.1259968 -0.7147328 -0.727172 -1.70304e-7 -0.6864553 -0.6880816 7.28972e-7 -0.7256335 -0.7273133 0.1191513 -0.6758834 -0.6879549 0.125998 -0.7147325 -0.727225 0.2348608 -0.6449685 -0.6880334 0.2483046 -0.681876 -0.7272459 0.3432283 -0.594397 -0.6880142 0.3628888 -0.6284492 -0.727209 0.4411731 -0.5258644 -0.6880475 0.4663977 -0.5559352 -0.7272925 0.5257328 -0.4411923 -0.6879736 0.5559216 -0.4665229 -0.7272229 0.5944532 -0.3431797 -0.6880366 0.6284683 -0.3628131 -0.7272653 0.644967 -0.2347401 -0.6879982 0.6819508 -0.2481967 -0.7272322 0.6759672 -0.1191707 -0.6880277 0.7146632 -0.1259946 -0.7272548 0.6863676 2.45099e-6 -0.6880076 0.7257035 -2.59146e-6 -0.7272427 0.6759507 0.1192012 -0.6880179 0.7146668 0.1260266 -0.7272368 0.6450033 0.2347285 -0.6880235 0.6819342 0.2481723 -0.7272644 0.594408 0.3431703 -0.6879997 0.6284872 0.3628504 -0.7272689 0.5257098 0.4412587 -0.6879953 0.5558565 0.4665684 -0.7271742 0.4412749 0.5258273 -0.6880778 0.4664582 0.5558469 -0.7272787 0.343299 0.5943161 -0.6879834 0.3629947 0.6284216 -0.7272651 0.2347382 0.6449679 -0.6879974 0.2482001 0.6819505 -0.7272318 0.1191713 0.6759676 -0.6880277 0.1259932 0.7146633 -1 0 0 -0.7272548 6.1943e-7 0.6863677 -0.7272466 -0.3432245 0.5943984 -0.6880141 -0.3628899 0.6284486 -0.7272397 -0.441214 0.5257878 -0.6880212 -0.4664825 0.5558966 -0.7272394 -0.5257862 0.4412161 -0.6880218 -0.5558969 0.4664812 -0.7272468 -0.594397 0.3432264 -0.6880155 -0.6284475 0.362889 -0.7272655 -0.6449676 0.2347374 -0.6879982 -0.6819488 0.2482021 -0.7272323 -0.6759682 0.1191651 -0.6880278 -0.7146625 0.1259975 -0.7272546 -0.6863678 -5.32029e-6 -0.6880074 -0.7257037 5.6252e-6 -0.727232 -0.6759666 -0.1191753 -0.6880275 -0.7146647 -0.1259867 -0.7272648 -0.6449668 -0.2347419 -0.7272467 -0.5943975 -0.3432259 -0.6880158 -0.6284468 -0.3628896 -0.7272396 -0.5257882 -0.4412136 -0.6880216 -0.5558952 -0.4664837 -0.7272394 -0.4412162 -0.5257862 -0.6880214 -0.4664799 -0.5558984 -0.7272469 -0.3432253 -0.5943975 -0.7272651 -0.2347393 -0.6449674 -0.6879974 -0.2482001 -0.6819505 -0.7272319 -0.1191712 -0.6759676 -0.6880277 -0.1259929 -0.7146634 -0.7272548 -3.5447e-7 -0.6863677 -0.6880074 7.11788e-7 -0.7257037 -0.7272321 0.1191701 -0.6759675 -0.6880275 0.1259942 -0.7146635 -0.727265 0.234737 -0.6449685 -0.6879975 0.2482009 -0.68195 -0.7272467 0.3432258 -0.5943976 -0.7272396 0.4412153 -0.5257869 -0.6880211 0.4664825 -0.5558966 -0.7272395 0.5257862 -0.4412161 -0.6880218 0.5558969 -0.4664812 -0.7272468 0.594397 -0.3432265 -0.6880156 0.6284488 -0.3628865 -0.7272654 0.6449668 -0.2347401 -0.6880276 0.7146632 -0.1259946 -0.6880075 0.7257035 -2.59146e-6 -0.7272319 0.6759672 0.1191726 -0.6880275 0.7146637 0.1259926 -0.7272648 0.6449687 0.2347368 -0.6879985 0.6819493 0.2482001 -0.7272468 0.5943986 0.3432235 -0.6880158 0.6284468 0.3628896 -0.7272396 0.5257882 0.4412136 -0.6880216 0.5558952 0.4664837 -0.7272394 0.4412162 0.5257862 -0.6880213 0.4664813 0.5558974 -0.727247 0.3432242 0.594398 -0.688014 0.3628896 0.6284488 -0.7272319 0.1191712 0.6759676 -1 0 0 -0.7272644 -0.5944063 0.3431732 -0.7272375 -0.6450024 0.2347292 -0.7272432 -0.6759514 0.1191937 -0.7272321 -0.6759666 -0.1191753 -0.7272229 -0.5944538 -0.3431788 -0.7272923 -0.525735 -0.44119 -0.7272102 -0.4411709 -0.5258646 -0.7272651 -0.2347391 -0.6449675 -0.7272319 -0.1191713 -0.6759675 -0.7272547 -1.53935e-7 -0.6863678 -0.7272321 0.1191698 -0.6759675 -0.7272649 0.2347372 -0.6449684 -0.7272467 0.3432256 -0.5943976 -0.7272112 0.4411674 -0.525866 -0.7272941 0.5257299 -0.4411932 -0.7272228 0.5944534 -0.3431796 -0.7272548 0.6863676 2.45099e-6 -1 0 0 -0.7272548 1.67216e-7 0.6863677 -0.7272427 -0.1191986 0.675951 -0.6880179 -0.1260282 0.7146667 -0.7272368 -0.2347286 0.6450033 -0.6880229 -0.2481743 0.6819341 -0.727298 -0.3432382 0.5943275 -0.6879676 -0.3629559 0.6284614 -0.7271764 -0.4412686 0.5258294 -0.6880778 -0.4664576 0.5558474 -0.7272687 -0.5257092 0.4412597 -0.6879957 -0.5558568 0.4665676 -0.6879996 -0.628489 0.3628473 -0.7272371 -0.6450017 0.2347317 -0.6880232 -0.6819357 0.2481689 -0.727243 -0.6759506 0.1191993 -0.6880182 -0.7146668 0.1260257 -0.7272546 -0.6863678 4.15035e-7 -0.6880074 -0.7257037 -4.38821e-7 -0.7272304 -0.6759694 -0.1191695 -0.6880275 -0.7146637 -0.1259926 -0.727263 -0.644971 -0.2347362 -0.6879985 -0.6819493 -0.2482001 -0.727223 -0.594455 -0.3431766 -0.7272924 -0.5257336 -0.4411914 -0.6879736 -0.555921 -0.4665238 -0.7272101 -0.4411696 -0.525866 -0.6880478 -0.4663968 -0.5559355 -0.7272644 -0.343172 -0.5944068 -0.6879982 -0.3628488 -0.6284896 -0.7271969 -0.2348544 -0.6450024 -0.6880587 -0.2482759 -0.681861 -0.7273239 -0.1191816 -0.6758667 -0.6879453 -0.1260309 -0.714736 -0.6880815 4.66404e-7 -0.7256335 -0.7273133 0.1191521 -0.6758832 -0.6879549 0.1259985 -0.7147324 -0.727225 0.2348616 -0.6449682 -0.6880334 0.2483053 -0.6818758 -0.727222 0.3431795 -0.5944544 -0.6880352 0.3628154 -0.6284685 -0.727262 0.4411497 -0.5258107 -0.6879997 0.4664365 -0.5559617 -0.7272632 0.5258128 -0.4411454 -0.688 0.5559576 -0.4664411 -0.7272232 0.5944557 -0.3431749 -0.6880365 0.6284671 -0.3628154 -0.7272649 0.6449681 -0.2347381 -0.6879985 0.6819506 -0.2481966 -0.7272323 0.6759662 -0.1191763 -0.6880277 0.7146645 -0.1259858 -0.7272546 0.6863678 -6.1569e-6 -0.6880074 0.7257037 6.50975e-6 -0.7272428 0.675952 0.1191928 -0.6880179 0.7146658 0.1260325 -0.727237 0.6450031 0.2347283 -0.6880231 0.6819354 0.2481701 -0.7272642 0.5944069 0.3431725 -0.6879999 0.6284897 0.3628454 -0.7272397 0.5257857 0.4412164 -0.6880215 0.5558969 0.4664816 -0.727227 0.4412481 0.5257766 -0.6880302 0.4665005 0.5558702 -0.7272548 0.3432517 0.5943727 -0.6880046 0.3629196 0.6284417 -0.727265 0.2347389 0.6449677 -0.6879974 0.2482008 0.6819502 -0.7272318 0.1191719 0.6759675 -0.6880277 0.125994 0.7146632 -1 0 0 -0.7272548 3.67796e-7 0.6863677 -0.7272641 -0.343171 0.5944079 -0.6879984 -0.3628506 0.6284884 -0.7272397 -0.4412155 0.5257864 -0.6880211 -0.4664809 0.5558981 -0.7272394 -0.5257876 0.4412146 -0.6880219 -0.5558955 0.4664828 -0.7272468 -0.594397 0.3432265 -0.6880156 -0.6284488 0.3628865 -0.7272654 -0.6449668 0.2347401 -0.6879982 -0.6819508 0.2481967 -0.7272322 -0.6759673 0.1191707 -0.6880278 -0.7146635 0.1259917 -0.7272546 -0.6863678 4.15035e-7 -0.6880074 -0.7257037 -4.38821e-7 -0.7272321 -0.6759676 -0.1191697 -0.6880275 -0.7146637 -0.1259926 -0.7272648 -0.6449687 -0.2347368 -0.7272468 -0.5943986 -0.3432235 -0.7272397 -0.5257868 -0.4412152 -0.6880215 -0.5558966 -0.4664821 -0.7272394 -0.4412147 -0.5257876 -0.6880215 -0.4664815 -0.5558969 -0.7272645 -0.3431718 -0.5944069 -0.7272369 -0.2347309 -0.6450023 -0.6880227 -0.2481722 -0.681935 -0.7272427 -0.1191999 -0.6759509 -0.6880181 -0.1260271 -0.7146667 -0.6880074 4.49187e-7 -0.7257037 -0.7272321 0.1191708 -0.6759674 -0.6880275 0.1259947 -0.7146633 -0.7272649 0.2347378 -0.6449682 -0.6879975 0.2482017 -0.6819497 -0.7272228 0.343177 -0.5944549 -0.7272925 0.4411918 -0.5257332 -0.6879734 0.4665213 -0.5559231 -0.7272101 0.5258662 -0.4411692 -0.6880483 0.5559329 -0.4663992 -0.7272471 0.5943994 -0.3432217 -0.6880155 0.6284475 -0.3628889 -0.7272651 0.6449679 -0.2347381 -0.7272323 0.6759662 -0.1191763 -0.6880277 0.7146646 -0.1259858 -0.7272546 0.6863678 -6.1569e-6 -0.6880074 0.7257037 6.50975e-6 -0.7272321 0.6759685 0.1191641 -0.6880275 0.7146626 0.1259985 -0.7272651 0.6449685 0.2347366 -0.6879981 0.6819505 0.248198 -0.7272467 0.5943975 0.3432258 -0.688016 0.6284495 0.3628847 -0.7272104 0.5258641 0.4411712 -0.6880478 0.5559355 0.4663969 -0.7272924 0.4411894 0.5257355 -0.6879737 0.4665237 0.5559208 -0.727223 0.343177 0.5944547 -0.6880352 0.3628146 0.6284689 -0.7272319 0.1191716 0.6759675 -1 0 0 -0.7272548 3.67793e-7 0.6863677 -0.7272641 -0.3431709 0.5944078 -0.7272374 -0.6450015 0.2347319 -0.7272431 -0.6759504 0.1191993 -0.7272321 -0.6759675 -0.1191697 -0.7272229 -0.5944551 -0.3431765 -0.7272924 -0.5257337 -0.4411915 -0.7272102 -0.4411694 -0.525866 -0.7272644 -0.343172 -0.5944069 -0.7272369 -0.2347307 -0.6450024 -0.7272426 -0.1192001 -0.675951 -0.7272321 0.1191706 -0.6759674 -0.7272649 0.2347379 -0.6449682 -0.7272228 0.3431768 -0.594455 -0.7272643 0.441144 -0.5258124 -0.6879997 0.4664366 -0.5559617 -0.7272647 0.52581 -0.4411463 -0.727223 0.5944558 -0.3431749 -0.7272322 0.6759662 -0.1191763 -0.7272546 0.6863678 -6.1569e-6 -0.7272428 0.675952 0.1191928 -1 0 0 -0.3492098 -0.03235954 0.9364857 -0.6984143 0.02674317 0.7151939 -0.8129172 -0.08969062 0.5754315 -0.808003 -0.3958098 0.4364239 -0.8950313 -0.1763703 0.4096492 -0.3664548 -0.352293 0.8611624 -0.810001 -0.1717913 0.5607017 -0.1949744 -0.1051088 0.9751601 -0.1902208 -0.05771011 0.9800437 -0.8089109 -0.2520178 0.5311784 -0.1835785 -0.1899024 0.9644875 -0.1834631 -0.1416987 0.9727604 -0.8078355 -0.3282407 0.4895507 -0.1831532 -0.2542024 0.9496506 -0.1814128 -0.2193582 0.95863 -0.1213355 -0.04978281 0.9913625 -0.1864975 -0.3308237 0.9250808 -0.1855598 -0.297905 0.9363868 -0.8191468 1.37243e-7 0.5735841 -0.8950322 0.17637 0.4096475 -0.3664261 0.3522586 0.8611886 -0.8191491 -1.37245e-7 0.5735807 -0.1220963 0.04943072 0.9912866 -0.8055596 0.4935579 -0.3278328 -0.8073298 0.4377537 -0.3957149 -0.3664703 0.8611584 -0.3522868 -0.895034 0.4096446 -0.1763682 -0.8053274 0.5341553 -0.2571502 -0.8098076 0.5608838 -0.1721075 -0.8111789 0.5773552 -0.09300422 -0.8128531 0.5755219 0.08969146 -0.8080176 0.4363925 0.3958148 -0.8950331 0.4096459 0.1763687 -0.3664529 0.8611645 0.3522899 -0.8100036 0.5606954 0.1717992 -0.8089224 0.5311715 0.2519954 -0.8078233 0.4895625 0.3282533 -0.8191518 0.5735767 0 -0.8950338 0.4096449 -0.1763682 -0.3664335 0.8611866 -0.352256 -0.8191522 0.5735763 0 -0.8055688 0.4935536 -0.3278167 -0.807323 0.4377793 -0.3957005 -0.8053096 0.5341714 -0.2571719 -0.8098171 0.5608708 -0.1721053 -0.8111956 0.5773354 -0.09298241 -0.3550724 0.03303617 -0.9342549 -0.6973998 -0.02989238 -0.7160587 -0.8127825 0.09212422 -0.5752372 -0.8080772 0.3961214 -0.4360036 -0.8950634 0.1764124 -0.4095609 -0.3664477 0.3523196 -0.8611544 -0.8100125 0.1735162 -0.5601535 -0.194033 0.1057859 -0.9752746 -0.1934204 0.05764865 -0.9794209 -0.8089396 0.2534227 -0.5304657 -0.1836125 0.1905288 -0.9643574 -0.1836527 0.14139 -0.9727696 -0.8078715 0.3290433 -0.4889522 -0.1831492 0.254612 -0.9495416 -0.1813955 0.219911 -0.9585066 -0.1213494 0.04978436 -0.9913606 -0.1864911 0.3309225 -0.9250468 -0.185628 0.2982916 -0.9362502 -0.8191544 0 -0.5735732 -0.8950289 -0.1763545 -0.4096614 -0.3664727 -0.3522416 -0.8611757 -0.8191625 0 -0.5735615 -0.1220949 -0.04942995 -0.9912868 -0.3664523 -0.8611631 -0.3522937 -0.8950335 -0.4096451 -0.1763684 -0.8191592 -0.5735664 0 -0.8950329 -0.4096483 0.1763643 -0.3664548 -0.861145 0.3523353 -0.1220552 -0.9912905 0.04945433 -0.1213356 -0.9913624 -0.04978317 -0.7071107 -0.7071025 -7.28017e-4 -0.8126643 -0.5757945 -0.08965182 -0.3481719 -0.9368727 -0.03234297 -0.1899068 -0.9801105 -0.05760842 -0.1948444 -0.9751817 -0.1051495 -0.8100214 -0.5606826 -0.1717571 -0.1834035 -0.9727733 -0.1416869 -0.1835342 -0.9644964 -0.1898998 -0.8088908 -0.5312083 -0.2520189 -0.1813681 -0.9586483 -0.2193154 -0.1831485 -0.9496601 -0.2541701 -0.8129615 -0.4947402 -0.307125 -0.1855708 -0.9363851 -0.2979034 -0.3664331 -0.861186 -0.3522576 -0.8080391 -0.4363005 -0.3958724 -0.1213352 -0.9913624 -0.049784 -0.1865216 -0.9250585 -0.3308724 -0.8122094 -0.4736636 -0.340527 -0.1856662 -0.9316259 0.3124125 -0.8075806 -0.4371859 0.3958309 -0.8122959 -0.4725733 0.3418332 -0.8118194 -0.4984267 0.3041715 -0.1848883 -0.9454294 0.2682902 -0.1870707 -0.9560997 0.2255613 -0.8052774 -0.5342153 0.2571817 -0.8098363 -0.5608479 0.1720902 -0.1848196 -0.9688237 0.1649918 -0.8110163 -0.5775874 0.09298139 -0.1892126 -0.9777276 0.09081518 -0.194625 -0.9741726 0.114495 -0.5172874 -0.8555448 0.0213741 -0.2436236 -0.9689265 0.04276752 -0.8191509 -0.5735782 0 -0.8950334 -0.4096455 0.1763682 -0.366452 -0.8611636 0.3522928 -0.8191517 -0.5735771 0 -0.1220979 -0.9912864 0.04943215 -0.3480714 -0.93691 -0.03234374 -0.6988654 -0.7148098 0.025182 -0.812655 -0.5758063 -0.08966052 -0.8080163 -0.4363939 -0.3958156 -0.8100115 -0.5606919 -0.1717733 -0.1947936 -0.9751936 -0.1051338 -0.1899729 -0.9800976 -0.05761057 -0.8089022 -0.5311997 -0.2520005 -0.1835507 -0.9644997 -0.1898672 -0.1834147 -0.9727695 -0.141699 -0.8078255 -0.4895442 -0.3282754 -0.1831494 -0.9496539 -0.2541925 -0.1813935 -0.9586414 -0.2193243 -0.1864969 -0.9250806 -0.3308244 -0.1855576 -0.9363937 -0.2978847 -0.8055653 0.3278186 0.4935581 -0.8073199 0.3957031 0.4377826 -0.1870696 0.2255597 0.9561003 -0.1848977 0.268189 0.9454563 -0.1864639 0.3140462 0.9309169 -0.8052905 0.2571813 0.5341956 -0.8098169 0.1721039 0.5608716 -0.1848206 0.1649929 0.9688234 -0.8111974 0.09298706 0.5773321 -0.1893875 0.09082084 0.9776933 -0.1946532 0.11449 0.9741675 -0.6983246 -0.02764588 0.7152471 -0.517336 0.02142161 0.8555142 -0.2440497 0.04284954 0.9688156 -0.3664728 0.8611401 0.3523286 -0.8950307 0.4096524 0.1763662 -0.8191559 0.5735709 0 -0.8128457 0.5755317 0.08969479 -0.8080099 0.4364153 0.3958054 -0.8099954 0.5607061 0.1718026 -0.8089249 0.5311685 0.2519933 -0.8078348 0.4895625 0.328225 -0.8055877 -0.3278304 -0.4935139 -0.8073381 -0.3956648 -0.4377837 -0.1871066 -0.2255873 -0.9560866 -0.1849161 -0.268315 -0.945417 -0.1864312 -0.3140508 -0.9309219 -0.8052918 -0.2571969 -0.5341863 -0.8098538 -0.1721062 -0.5608176 -0.1848726 -0.1650012 -0.9688121 -0.811247 -0.09301298 -0.5772582 -0.1895023 -0.0908426 -0.977669 -0.1946074 -0.114532 -0.9741716 -0.5162293 -0.02149718 -0.8561806 -0.2437571 -0.04285049 -0.9688892 -0.8055576 -0.4935495 0.3278506 -0.807336 -0.4377481 0.3957086 -0.1870661 -0.9561011 0.2255591 -0.1848778 -0.9454342 0.2682808 -0.1864154 -0.9309409 0.3140038 -0.8052969 -0.534189 0.2571756 -0.8098291 -0.5608597 0.1720848 -0.1848182 -0.9688234 0.1649953 -0.8109813 -0.5776318 0.09300988 -0.189135 -0.977743 0.09081035 -0.1946392 -0.9741713 0.1144813 -0.697439 -0.7159891 -0.0306338 -0.5172739 -0.8555526 0.02139115 -0.2436357 -0.9689232 0.04277187 0.6898529 0.113265 0.7150343 -0.6898512 0.1132683 0.7150354 0.6898694 0.2237104 0.6885012 -0.6898659 0.2237125 0.688504 0.689846 0.3286762 0.6450462 -0.6898388 0.3286801 0.6450518 0.6898621 0.4255574 0.5856546 -0.6898604 0.4255585 0.5856557 0.689871 0.5118973 0.5118977 -0.6898658 0.5119013 0.5119009 0.689862 0.5856609 0.4255487 -0.689857 0.5856586 0.4255602 0.6898536 0.6450394 0.3286735 -0.6898438 0.6450477 0.3286778 0.6898782 0.6884926 0.2237095 -0.6898685 0.6885023 0.2237101 0.6898345 0.7150512 0.1132701 -0.6898512 0.7150357 0.1132667 -0.6880169 -2.97597e-6 -0.7256947 -0.727256 -0.1191734 -0.6759412 -0.6879982 -0.1260078 -0.7146891 -0.7272493 -0.2347624 -0.6449769 -0.6880046 -0.2482187 -0.6819365 -0.7272402 -0.3431969 -0.5944222 -0.6880124 -0.3628559 -0.6284701 -0.7272527 -0.4411807 -0.5257976 -0.6880019 -0.4664668 -0.5559337 -0.7272521 -0.5257924 -0.4411879 -0.6880019 -0.5559278 -0.4664738 -0.7272398 -0.5944306 -0.3431829 -0.6880123 -0.6284798 -0.3628392 -0.7272461 -0.6449764 -0.2347735 -0.6880073 -0.6819315 -0.2482246 -0.7272593 -0.6759373 -0.1191754 -0.6879948 -0.7146925 -0.1260074 -0.7272339 -0.6863898 -3.26807e-7 -0.6880178 -0.7256939 6.88233e-7 -0.7272581 -0.6759377 0.1191809 -0.6879955 -0.7146905 0.126015 -0.7272419 -0.6449836 0.2347667 -0.6880111 -0.6819308 0.2482157 -0.7272509 -0.5944128 0.3431904 -0.688003 -0.6284788 0.3628584 -0.7272458 -0.5257992 0.4411904 -0.6880062 -0.5559256 0.4664701 -0.7272515 -0.4411838 0.5257967 -0.6880007 -0.4664684 0.5559338 -0.7272397 -0.3431852 0.5944296 -0.6880119 -0.3628411 0.6284792 -0.7272489 -0.2347714 0.644974 -0.6880043 -0.2482251 0.6819343 -0.7272452 -0.1192001 0.675948 -0.6880069 -0.1260311 0.7146766 -0.7272555 1.68241e-6 0.686367 -0.6879985 2.84268e-6 0.7257121 -0.7272484 0.1192123 0.6759425 -0.6880049 0.1260468 0.7146759 -0.7272421 0.2347603 0.6449858 -0.688011 0.2482116 0.6819325 -0.7272446 0.3431835 0.5944245 -0.6880084 0.362846 0.6284802 -0.72726 0.4411922 0.525778 -0.6879952 0.4664881 0.555924 -0.7272302 0.525794 0.441222 -0.6880209 0.5558973 0.4664822 -0.7272585 0.5943945 0.3432061 -0.6879955 0.6284736 0.3628817 -0.7272517 0.644986 0.2347298 -0.6880025 0.6819519 0.2481819 -0.7272381 0.6759588 0.1191834 -0.6880139 0.7146739 0.1260086 -0.7272545 0.6863679 6.88565e-6 -0.6879994 0.7257114 6.24537e-6 -0.7272388 0.675958 -0.1191821 -0.688013 0.7146746 -0.1260097 -0.7272563 0.6449764 -0.2347419 -0.6879979 0.6819501 -0.2481996 -0.7272488 0.5944054 -0.3432076 -0.6880048 0.6284672 -0.3628752 -0.7272362 0.5258185 -0.4411832 -0.6880156 0.5559305 -0.4664503 -0.7272588 0.4411952 -0.5257771 -0.687994 0.4664897 -0.5559242 -0.7272439 0.3431718 -0.5944321 -0.688008 0.3628311 -0.6284891 -0.727242 0.2347692 -0.6449826 -0.6880106 0.2482181 -0.6819306 -0.727258 0.1191772 -0.6759384 -0.6879952 0.1260092 -0.7146918 -0.7272346 -4.63903e-7 -0.686389 -0.7272579 -0.1192152 0.6759318 -0.7272636 -4.24834e-7 0.6863583 -0.7272579 0.119214 0.675932 -0.7272512 0.2347736 0.6449707 -0.7272536 0.3431863 0.5944119 -0.7272563 0.4411861 0.5257882 -0.7272443 0.5257773 0.4412187 -0.7272644 0.5943855 0.343209 -0.727266 0.6449688 0.2347329 -0.7272453 0.6759516 0.1191792 -0.7272624 0.6863596 4.08494e-6 -0.7272493 0.6759465 -0.119184 -0.7272611 0.6449707 -0.234743 -0.727257 0.5944038 -0.3431931 -0.7272536 0.5257837 -0.4411958 -0.7272562 0.4411869 -0.5257875 -0.7272531 0.3431888 -0.5944109 -0.7272512 0.2347742 -0.6449705 -0.7272717 0.1191734 -0.6759244 -0.727236 2.90857e-7 -0.6863875 -0.7272716 -0.1191719 -0.6759246 -0.7272512 -0.2347736 -0.6449706 -0.7272536 -0.3431864 -0.5944118 -0.7272465 -0.4411711 -0.5258141 -0.7272742 -0.5257697 -0.4411785 -0.7272458 -0.59443 -0.3431714 -0.7272612 -0.6449702 -0.234744 -0.7272493 -0.6759463 -0.1191849 -0.7272624 -0.6863597 3.55554e-6 -0.7272446 -0.6759527 0.1191783 -0.7272644 -0.644971 0.2347314 -0.7272533 -0.5944124 0.343186 -0.7272665 -0.5257617 0.4412008 -0.7272465 -0.4411719 0.5258136 -0.7272531 -0.3431888 0.594411 -0.7272511 -0.2347741 0.6449705 -0.6880075 -4.4098e-7 0.7257036 -0.7272583 4.6078e-7 0.6863639 -0.6880275 0.1259956 0.7146631 -0.7272356 0.1191705 0.6759636 -0.6879978 0.2481986 0.6819505 -0.7272688 0.2347372 0.644964 -0.6880367 0.3628112 0.6284692 -0.7272286 0.3431693 0.5944523 -0.6880009 0.466436 0.5559607 -0.7272664 0.4411451 0.5258086 -0.6879996 0.555959 0.46644 -0.7272644 0.5258142 0.4411416 -0.6880351 0.6284692 0.3628144 -0.7272302 0.594446 0.3431769 -0.6879982 0.6819502 0.2481983 -0.7272715 0.6449608 0.2347376 -0.6880285 0.7146625 0.1259933 -0.7272357 0.6759636 0.1191697 -0.6880075 0.7257036 7.9126e-7 -0.7272583 0.6863639 -7.48366e-7 -0.6880182 0.7146667 -0.1260262 -0.7272462 0.6759471 -0.1191991 -0.6880238 0.6819345 -0.2481703 -0.7272405 0.6449991 -0.2347289 -0.6880002 0.6284878 -0.3628485 -0.7272679 0.5944036 -0.3431703 -0.6880217 0.5558961 -0.4664824 -0.7272462 0.5257779 -0.441215 -0.6880307 0.4664992 -0.5558707 -0.7272348 0.4412368 -0.5257752 -0.6880055 0.3629183 -0.6284415 -0.7272607 0.3432426 -0.5943707 -0.6879981 0.2481995 -0.68195 -0.7272686 0.2347363 -0.6449646 -0.6880274 0.1259965 -0.714663 -0.7272357 0.1191695 -0.6759636 -0.6880075 4.42276e-7 -0.7257036 -0.7272583 -3.30074e-7 -0.6863639 -0.6880179 -0.1260296 -0.7146663 -0.7272464 -0.1191992 -0.6759471 -0.6880232 -0.2481709 -0.681935 -0.7272405 -0.2347289 -0.644999 -0.6879686 -0.3629516 -0.6284627 -0.727302 -0.3432371 -0.5943234 -0.6880785 -0.4664565 -0.5558474 -0.7271774 -0.4412729 -0.5258244 -0.6879954 -0.5558568 -0.4665679 -0.72727 -0.5257105 -0.4412559 -0.688 -0.6284874 -0.3628492 -0.7272679 -0.5944042 -0.3431693 -0.688023 -0.6819353 -0.2481705 -0.7272404 -0.6449993 -0.2347283 -0.6880171 -0.7146675 -0.1260269 -0.7272455 -0.6759482 -0.1191983 -0.6880075 -0.7257036 -4.35366e-7 -0.7272575 -0.6863648 4.11764e-7 -0.6880297 -0.7146615 0.1259927 -0.7272355 -0.6759636 0.1191706 -0.6879989 -0.6819497 0.2481982 -0.7272679 -0.6449652 0.2347368 -0.6880353 -0.6284696 0.3628135 -0.7272276 -0.5944494 0.3431764 -0.6879734 -0.5559209 0.466524 -0.7273005 -0.5257223 0.4411917 -0.6880486 -0.4663948 0.5559363 -0.7272185 -0.4411556 0.5258661 -0.6879995 -0.3628463 0.6284897 -0.7272695 -0.3431633 0.5944057 -0.6880233 -0.2481718 0.6819346 -0.7272403 -0.2347285 0.6449993 -0.6880178 -0.1260305 0.7146663 -0.7272464 -0.1191983 0.6759471 -0.6880263 -3.89487e-7 -0.7256858 -0.6879943 -0.1260086 -0.7146928 -0.688013 -0.2482245 -0.6819258 -0.6880108 -0.3628519 -0.628474 -0.688017 -0.4664434 -0.5559346 -0.6879917 -0.555931 -0.4664848 -0.6880179 -0.6284802 -0.362828 -0.6880045 -0.6819434 -0.2481996 -0.688014 -0.7146731 -0.1260125 -0.6880031 -0.7257078 3.63153e-6 -0.6880193 -0.7146692 0.1260055 -0.6880009 -0.6819499 0.2481915 -0.6880108 -0.6284735 0.3628531 -0.6879998 -0.5559079 0.4665005 -0.6880176 -0.4664412 0.5559356 -0.6880103 -0.3628531 0.6284739 -0.6880125 -0.2482261 0.6819257 -0.6880069 -0.1260465 0.7146739 -0.6880016 4.32769e-7 0.7257091 -0.6880068 0.1260474 0.7146739 -0.6880125 0.2482268 0.6819254 -0.6880105 0.3628538 0.6284735 -0.688008 0.4664719 0.5559218 -0.6880186 0.5558922 0.4664916 -0.6880007 0.6284647 0.3628875 -0.6880003 0.6819511 0.2481904 -0.6880189 0.7146697 0.1260044 -0.6880028 0.7257081 3.07177e-6 -0.6880141 0.7146729 -0.1260133 -0.6880037 0.681944 -0.2482002 -0.6880077 0.6284708 -0.3628635 -0.6880119 0.5559114 -0.4664785 -0.6880084 0.4664699 -0.555923 -0.6880107 0.362851 -0.6284747 -0.6880128 0.2482237 -0.6819263 -0.6879942 0.1260079 -0.714693 -0.6880174 0.6819279 0.2482065 -0.6880132 0.7146732 0.1260165 -0.6880192 0.7256925 2.94696e-6 -0.6880129 0.7146742 -0.1260122 -0.6880173 0.6819295 -0.2482025 -0.6880159 0.6284728 -0.3628445 -0.6880123 0.5559138 -0.4664751 -0.6880184 0.4664595 -0.5559194 -0.68802 0.3628556 -0.628462 -0.6880093 0.2482075 -0.6819358 -0.6880214 0.126015 -0.7146656 -0.6880108 2.24427e-6 -0.7257004 -0.6880201 -0.1260141 -0.714667 -0.6880122 -0.2482019 -0.6819349 -0.688018 -0.3628498 -0.6284674 -0.6880152 -0.4664655 -0.5559183 -0.6880152 -0.555916 -0.4664682 -0.6880161 -0.628472 -0.3628457 -0.6880174 -0.6819279 -0.2482069 -0.6880128 -0.7146738 -0.126015 -0.6880192 -0.7256925 -6.15913e-7 -0.6880133 -0.7146738 0.1260129 -0.6880172 -0.6819295 0.2482026 -0.688016 -0.6284729 0.3628442 -0.6880151 -0.5559182 0.4664656 -0.6880154 -0.4664691 0.555915 -0.6880181 -0.3628512 0.6284665 -0.6880121 -0.2482044 0.681934 -0.6880201 -0.1260182 0.7146663 -0.6880108 -4.32354e-7 0.7257005 -0.6880215 0.1260114 0.7146661 -0.6880092 0.248205 0.6819367 -0.6880198 0.3628543 0.628463 -0.6880182 0.4664559 0.5559226 -0.6880121 0.5559118 0.4664776 -0.6880159 0.628472 0.3628457 -0.7272674 -0.1191862 -0.6759266 -0.7272771 -0.2347443 -0.6449522 -0.7272614 -0.3431857 -0.5944027 -0.7272747 -0.4411749 -0.525772 -0.7272729 -0.5257754 -0.441174 -0.7272666 -0.5944039 -0.3431724 -0.7272725 -0.6449566 -0.2347463 -0.7272669 -0.6759282 -0.11918 -0.7272645 -0.6863574 2.80399e-6 -0.7272772 -0.6759168 0.1191825 -0.7272635 -0.6449646 0.2347519 -0.727271 -0.5943978 0.343174 -0.7272657 -0.5257783 0.4411822 -0.7272738 -0.4411743 0.5257738 -0.7272579 -0.3431841 0.5944079 -0.7272754 -0.2347415 0.644955 -0.7272601 -0.1191842 0.6759349 -0.7272782 1.73568e-6 0.6863428 -0.727263 0.1191846 0.6759316 -0.7272785 0.2347459 0.6449498 -0.727256 0.3431935 0.5944048 -0.7272706 0.4411702 0.5257818 -0.7272685 0.5257725 0.4411846 -0.7272708 0.5944003 0.3431699 -0.7272731 0.6449558 0.2347466 -0.7272658 0.6759292 0.1191818 -0.727265 0.6863569 -1.40526e-7 -0.7272669 0.6759276 -0.1191837 -0.7272726 0.6449557 -0.234748 -0.7272671 0.5944007 -0.3431772 -0.7272764 0.5257641 -0.4411817 -0.7272715 0.4411686 -0.5257819 -0.7272593 0.3431881 -0.5944038 -0.7272803 0.2347415 -0.6449495 -0.7272657 0.1191816 -0.6759293 -0.7272704 -3.85627e-7 -0.6863512 -1 0 0 -0.7272488 -0.5944091 0.3432011 -0.7272813 -0.6449432 0.2347558 -0.7272539 -0.6759372 0.1192088 -0.7272965 -0.6863235 -1.43788e-7 -0.7272461 -0.3432039 0.5944109 -0.7272667 -0.4411684 0.5257886 -0.7272515 -0.3432018 -0.5944055 -0.7272924 -0.2347527 -0.6449318 -1 0 0 -0.7272365 -0.1192072 -0.6759563 -0.7272532 0.119207 -0.6759383 -0.7272872 0.234746 -0.6449401 -0.7272565 -0.5944036 -0.3431943 -0.7272892 -0.6449353 -0.2347529 -0.727244 -0.6759482 -0.1192064 -0.7272737 -0.5257863 -0.4411594 -0.7272682 -0.4411702 -0.525785 -0.7272664 -0.5257872 0.4411705 -0.7272484 0.3432006 -0.59441 -0.7272635 0.4411706 -0.5257912 -0.7272567 0.5257632 -0.4412152 -0.7272933 0.5943714 -0.343172 -0.727259 0.6449846 -0.2347112 -0.7272711 0.4411666 0.525784 -0.7272629 0.5257613 0.4412074 -0.7272899 0.5943763 0.3431709 -0.7272623 0.6449814 0.23471 -0.7272403 0.6759522 0.1192066 -0.7272832 0.6863375 3.62745e-7 -0.7272405 0.6759516 -0.11921 -0.7272878 -0.234752 0.6449372 -0.7272458 -0.1192079 0.6759461 -0.7272829 4.26144e-6 0.6863379 -0.7272396 0.1192085 0.6759527 -0.7272781 0.2347593 0.6449456 -0.7272475 0.3432036 0.5944093 -0.7272641 0.6759376 -0.1191444 -0.7272725 -0.5257812 0.4411678 -0.7272781 -0.5944111 0.3431357 -0.6897311 -0.6472916 0.3244762 -0.7272551 -0.6449667 -0.2347725 -0.7272715 -0.5944195 -0.343135 -1 1.24013e-7 0 -0.7272574 0.594401 -0.3431971 -0.7272892 0.644935 -0.2347537 -0.7272499 0.6863728 0 -0.7272743 0.6759276 0.1191389 -0.7272873 0.6449368 0.2347547 -0.727248 -0.6449753 0.2347707 -0.7272899 -0.6758996 0.1192017 -0.7272457 -0.6863773 0 -0.7272492 0.5944101 0.3431988 -0.7272645 0.5257935 0.4411664 -0.7272745 0.441164 0.5257814 -0.7272569 0.3431951 0.5944027 -0.727283 0.2347466 0.6449446 -0.6897565 -0.5881474 0.4222779 -0.6897655 -0.5143906 0.5095351 -0.727279 -0.441159 0.5257796 -0.6897469 -0.427823 0.5841376 -0.7272531 -0.3432008 0.5944041 -0.6897487 -0.3305262 0.6442044 -0.7272868 -0.2347341 0.6449448 -0.689764 -0.225032 0.688176 -0.7272347 -0.1191948 0.6759603 -0.6897509 -0.1139404 0.7150254 -0.7272852 7.16665e-6 0.6863353 -0.7272328 0.1192035 0.6759608 -0.7272716 -0.5257849 -0.4411646 -0.7272709 -0.4411696 -0.5257817 -0.7272481 -0.3432044 -0.5944081 -0.7272981 -0.234735 -0.6449319 -0.7272356 -0.119193 -0.6759598 -0.7273008 4.78418e-6 -0.6863188 -0.7272508 0.3432043 -0.5944049 -0.7272676 0.4411696 -0.5257862 -0.7272743 0.5257803 -0.4411658 -0.7272345 0.119201 -0.6759594 -0.727298 0.2347247 -0.6449357 -0.6902464 -0.7153487 0.108795 -0.6897611 -0.6902582 0.218571 -0.7272891 -0.6759013 -0.1191974 -0.7272891 -0.1191823 0.675904 -0.727253 -0.2347506 0.6449769 -0.7272793 -0.5944095 0.3431358 -0.7272751 -0.525779 0.4411659 -0.7272638 -0.44117 0.5257914 -0.7272676 -0.3431413 0.5944207 -0.7272449 -0.6449848 0.2347543 -0.7272899 -0.6759027 0.1191843 -0.7272487 -0.6863741 -5.2551e-6 -0.7272511 0.6863715 -6.78784e-6 -0.7272638 0.6759417 0.1191235 -0.7272899 0.6449413 0.2347341 -0.7272568 0.5944033 0.3431943 -0.7272745 0.5257849 0.4411599 -0.7272691 0.4411679 0.5257858 -0.7272713 0.3431432 0.5944151 -0.7272571 0.2347552 0.6449707 -0.7272706 0.1191915 0.6759222 -0.7272568 -0.6449718 -0.2347528 -0.7272706 -0.5944209 -0.3431346 -0.7272561 0.5944027 -0.343197 -0.727289 0.6449428 -0.2347332 -1 0 0 -0.7272821 0.6759197 -0.119136 -0.7272517 1.39024e-5 0.6863709 -0.7272561 3.96416e-6 -0.6863662 -0.727257 -0.1191293 -0.6759479 -0.7272982 -0.2347354 -0.6449315 -0.7272675 0.1191347 -0.6759357 -0.72729 0.23473 -0.6449428 -0.7272564 0.343195 -0.5944035 -0.7272702 -0.4411691 -0.5257833 -0.7272509 -0.3431992 -0.5944076 -0.7272695 0.4411658 -0.525787 -0.7272733 0.5257808 -0.4411669 -0.7272964 -0.6758947 -0.1191906 -0.7272602 0.525773 0.4411977 -0.7272518 0.4412162 0.5257691 -1 7.72087e-7 0 -0.7272894 -0.1191788 0.6759043 -0.727253 -0.2347506 0.644977 -0.7272898 -0.6758999 0.1192017 -0.7272582 -0.6863641 0 -1 1.65822e-6 0 -0.7272912 0.3431719 0.5943741 -0.7272538 0.2347564 0.644974 -0.7272782 0.119193 0.6759138 -0.7272503 0.6863724 0 -1 -4.91487e-7 0 -0.7272784 0.6759226 -0.1191424 -0.7272765 0.6449478 -0.2347579 -0.727263 0.6759393 0.119141 -0.7272809 0.6449537 0.2347283 -0.7272802 0.5943753 0.3431931 -0.7272518 2.6929e-6 0.6863709 -0.7272846 -0.3431738 0.5943811 -0.727246 -0.4412195 0.5257745 -0.7272613 -0.5257701 0.4411994 -0.7272998 -0.5943875 0.3431305 -0.7272323 -0.6449992 0.2347536 -0.6880029 -0.628484 -0.3628498 -0.6880177 -0.6819268 -0.2482087 -0.6879895 -0.7146944 -0.1260247 -0.7272676 0.525785 -0.4411712 -0.7272671 0.4411676 -0.5257887 -0.7272477 0.3431991 -0.5944117 -0.7273002 -0.6758897 -0.1191959 -0.7272365 -0.6449869 -0.2347746 -0.7272612 -0.5944276 -0.3431431 -0.6879997 -0.5559234 -0.4664822 -0.7272656 -0.5257911 -0.4411672 -0.6879967 -0.4664763 -0.5559321 -0.7272652 -0.4411703 -0.5257891 -0.6880023 -0.3628603 -0.6284786 -0.7272422 -0.3432039 -0.5944156 -0.6879879 -0.2481996 -0.6819602 -0.7272811 -0.234741 -0.6449488 -0.6880139 -0.1260229 -0.7146714 -0.7272341 -0.1191934 -0.6759612 -0.7272848 3.70587e-6 -0.6863358 -0.7272363 0.1192 -0.6759577 -0.7272943 0.2347269 -0.6449391 -0.7272489 0.5944091 -0.3432011 -1 7.6579e-7 0 -0.7272645 -0.5257934 -0.4411663 -0.7272738 -0.441166 -0.5257808 -0.7272561 -0.3431982 -0.594402 -0.7272775 -0.2347638 -0.6449446 -0.7272552 0.5257633 -0.4412176 -0.7272803 0.4411558 -0.5257804 -0.7272546 0.3431953 -0.5944054 -0.7272819 0.2347482 -0.6449453 -0.7272402 0.1192093 -0.6759518 -0.7272834 -1.37582e-6 -0.6863374 -0.7272401 -0.1192122 -0.6759514 -0.7272951 -0.686325 -1.4379e-7 -0.7272576 -0.675934 -0.1192047 -0.727284 -0.6449406 -0.2347547 -0.7272486 -0.594411 -0.3431985 -0.7272912 -0.3431694 0.5943756 -0.727252 -0.4412139 0.5257708 -1 -6.99289e-7 0 -0.7272606 -0.5257703 0.4412003 -0.7272488 0.4412187 0.5257712 -0.7272375 0.5257582 0.4412527 -0.7273048 0.5943569 0.3431729 -0.7272849 0.3431755 0.5943798 -0.7272509 0.234771 0.6449718 -0.7272821 0.1191996 0.6759085 -0.7272554 1.50984e-6 0.686367 -0.7272906 -0.1191945 0.6759002 -0.7272483 -0.2347705 0.644975 -0.7272805 -0.5943748 0.3431933 -0.7272695 -0.6449631 0.2347376 -0.7272545 -0.6759365 0.1192089 -0.7272605 0.6449933 0.2346823 -0.7272456 0.6759466 0.1192056 -0.7272827 0.6863381 3.62745e-7 -0.72724 0.6759519 -0.11921 -0.7272605 0.6449831 -0.2347107 -0.7272861 0.5943781 -0.3431757 -0.7272661 0.4411707 0.5257876 -0.7272686 0.3431448 0.5944175 -0.7272922 -1.45096e-6 -0.6863281 -1 0 0 -0.7272945 -0.6863256 -5.49014e-6 -0.7272519 -0.6759412 -0.1191982 -0.7272844 -0.2347571 -0.6449392 -0.7272707 -0.1191437 -0.6759307 -0.7272866 -0.6449459 -0.2347316 -0.7272575 -0.594402 -0.3431952 -0.7272734 -0.5257856 -0.4411609 -0.7272881 0.1191982 0.6759023 -0.727259 1.44774e-6 0.6863632 -0.7272713 -0.3431407 0.5944166 -0.7272691 -0.4411661 0.5257872 -0.7272735 -0.5257818 0.4411653 -0.7272689 -0.4411689 -0.5257851 -0.7272561 -0.3431957 -0.5944033 -0.7272835 -0.1191964 0.6759076 -0.7272517 -0.2347693 0.6449716 -0.7272571 -0.5944014 0.3431969 -0.72729 -0.6449416 0.2347331 -0.7272762 -0.6759149 0.119199 -0.7272499 -1.27782e-5 -0.6863728 -0.7272742 0.1191447 -0.6759266 -0.7272875 0.2347441 -0.6449404 -0.7272398 0.2347778 0.6449819 -0.7272499 0.5257731 0.4412147 -0.7272837 0.5943811 0.3431756 -0.7272753 0.644974 0.2346897 -0.72724 0.6759555 0.1191895 -0.7272846 0.686336 -6.35946e-6 -0.7272335 0.6759608 -0.1191995 -0.7272647 0.6449848 -0.2346929 -0.7272924 0.5943728 -0.3431717 -0.7272564 0.5257637 -0.4412151 -0.7272638 0.44117 -0.5257914 0.6902381 -0.7153565 0.1087961 0.6897578 -0.6902623 0.2185686 0.6897625 -0.6472651 0.3244619 0.6897655 -0.5881388 0.4222753 0.6897863 -0.5143668 0.5095308 0.6897553 -0.427826 0.5841256 0.6897432 -0.3305302 0.6442083 0.6897658 -0.2250317 0.6881743 0.6897527 -0.1139397 0.7150238 0.5773397 0.5773397 -0.5773715 0.9045346 0.3015035 -0.3015177 0.9045285 -0.3015156 -0.3015238 0.5773485 -0.5773375 -0.5773648 -0.6879875 0.7257226 -4.25632e-6 -0.6880365 0.7146502 -0.1260198 -0.6880105 0.6819575 -0.2481446 -0.6879938 0.6284847 -0.3628659 -0.6880219 0.5558876 -0.4664921 -0.6880072 0.4664621 -0.5559309 -0.6880276 0.362858 -0.6284523 -0.687997 0.2482202 -0.6819435 -0.6880108 0.1259777 -0.7146823 -0.6880273 1.3942e-6 -0.7256848 -0.6880107 -0.1259706 -0.7146837 -0.6879971 -0.2482253 -0.6819416 -0.6880274 -0.3628527 -0.6284555 -0.6880071 -0.4664598 -0.5559331 -0.6880072 -0.5559332 -0.4664595 -0.6880267 -0.6284527 -0.3628588 -0.6879923 -0.6819515 -0.2482112 -0.6880362 -0.7146499 -0.1260232 -0.6879876 -0.7257226 -8.08631e-6 -0.6880348 -0.7146525 0.1260156 -0.6879928 -0.6819534 0.2482048 -0.6880265 -0.6284555 0.3628545 -0.6880063 -0.5559336 0.4664602 -0.6880066 -0.4664629 0.5559311 -0.68801 -0.3628154 0.628496 -0.6880329 -0.2482166 0.6819085 -0.6879922 -0.1260399 0.7146893 -0.6880273 -1.39377e-6 0.7256849 -0.6879921 0.1260365 0.7146899 -0.6880329 0.248213 0.6819098 -0.6880099 0.3628137 0.6284973 -0.6880072 0.4664597 0.5559329 -0.6880228 0.5558873 0.4664912 -0.6879938 0.6284827 0.3628692 -0.6880099 0.6819561 0.24815 -0.6880345 0.7146529 0.1260154 -0.6879891 0.7257211 2.5264e-6 -0.6880296 0.7146545 -0.1260337 -0.6880148 0.6819474 -0.2481601 -0.6880226 0.5558864 -0.4664925 -0.6880079 0.4664605 -0.5559315 -0.6880298 0.126039 -0.7146533 -0.6879892 1.50487e-6 -0.725721 -0.6880296 -0.1260319 -0.7146546 -0.6880272 -0.3628535 -0.6284552 -0.6880072 -0.4664598 -0.555933 -0.6879973 -0.6819408 -0.2482269 -0.6880297 -0.7146539 -0.1260358 -0.6879892 -0.725721 -2.75446e-6 -0.6880296 -0.7146543 0.1260344 -0.6880056 -0.681945 0.2481922 -0.6880086 -0.628467 0.3628685 -0.6880182 -0.5559015 0.466481 -0.6880232 -0.4664896 0.5558881 -0.6879945 -0.3628653 0.6284842 -0.6879922 -0.1260398 0.7146893 -0.6880273 -1.39377e-6 0.7256848 -0.6879922 0.1260365 0.7146899 -0.6879938 0.3628653 0.6284849 -0.6880227 0.4664893 0.5558891 -0.688034 0.5558532 0.4665154 -0.6879755 0.6284934 0.3628854 -0.6880227 0.6819499 0.248131 -0.6880297 0.7146542 0.1260343 -0.6880273 0.7256849 2.9806e-6 -0.6880105 0.7146836 -0.1259718 -0.6879976 0.6819424 -0.2482217 -0.688027 0.6284548 -0.3628547 -0.688007 0.5559324 -0.4664608 -0.6880077 0.4664602 -0.5559319 -0.6880276 0.3628575 -0.6284526 -0.687992 0.2482068 -0.6819533 -0.6880364 0.1260272 -0.714649 -0.6879876 7.27902e-6 -0.7257225 -0.6880345 -0.1260144 -0.714653 -0.687992 -0.2482108 -0.6819519 -0.6880272 -0.3628542 -0.6284549 -0.6880074 -0.4664596 -0.5559329 -0.6880072 -0.5559324 -0.4664605 -0.6880099 -0.6284965 -0.3628151 -0.6880335 -0.6819073 -0.2482185 -0.6879925 -0.7146887 -0.1260414 -0.6880273 -0.7256849 -2.9806e-6 -0.6879922 -0.7146893 0.1260394 -0.6880334 -0.6819099 0.2482119 -0.6880094 -0.6284987 0.3628119 -0.6880068 -0.5559315 0.4664623 -0.688008 -0.4664605 0.5559315 -0.6880276 -0.362858 0.6284523 -0.687992 -0.2482062 0.6819536 -0.6880347 -0.1260213 0.7146517 -0.6879876 4.22997e-6 0.7257226 -0.6880362 0.12602 0.7146504 -0.6879921 0.2482107 0.6819518 -0.6880272 0.3628535 0.6284552 -0.6880072 0.4664598 0.555933 -0.6880072 0.5559332 0.4664595 -0.6880272 0.6284521 0.362859 -0.6879978 0.68194 0.2482278 -0.6880106 0.7146832 0.125973 -0.6880257 0.7256864 -3.78742e-6 -0.6880176 0.7146794 -0.1259579 -0.6879931 0.6819525 -0.2482061 -0.6880064 0.5559336 -0.4664603 -0.688007 0.4664618 -0.5559315 -0.687992 0.2482068 -0.6819534 -0.6880175 0.1259659 -0.714678 -0.6880257 7.15761e-6 -0.7256864 -0.6880156 -0.125953 -0.7146821 -0.6880274 -0.3628534 -0.6284551 -0.6880072 -0.4664596 -0.5559329 -0.6880071 -0.5559324 -0.4664605 -0.6880094 -0.628497 -0.3628149 -0.688028 -0.6819186 -0.2482025 -0.6879989 -0.7146848 -0.1260288 -0.6880256 -0.7256865 -8.30174e-6 -0.6879975 -0.7146875 0.1260204 -0.6880285 -0.6819204 0.2481961 -0.688009 -0.6284993 0.3628116 -0.6880061 -0.5559327 0.4664618 -0.6880068 -0.4664632 0.5559306 -0.68801 -0.362816 0.6284958 -0.688028 -0.2482017 0.681919 -0.6879971 -0.1260222 0.7146877 -0.6880257 4.32817e-6 0.7256864 -0.6879988 0.1260246 0.7146857 -0.688028 0.2481992 0.6819199 -0.68801 0.3628129 0.6284976 -0.6880071 0.4664598 0.5559331 -0.6880268 0.6284526 0.3628587 -0.6879926 0.681951 0.248212 -0.6880155 0.7146819 0.125954 -0.6880106 0.7146835 -0.1259718 -0.6880078 0.4664602 -0.5559319 -0.688033 -0.6819079 -0.2482183 -0.6880415 -0.681912 0.2481836 -0.6879912 -0.6285108 0.3628256 -0.688018 -0.5559005 0.4664824 -0.6880233 -0.4664899 0.5558876 -0.6879945 -0.362866 0.6284838 -0.6879971 -0.1260222 0.7146877 -0.6880257 4.32817e-6 0.7256864 -0.6879939 0.3628646 0.6284853 -0.6880226 0.4664893 0.5558891 -0.6880183 0.5558992 0.4664837 -0.6880084 0.6284633 0.3628749 -0.6880055 0.6819449 0.2481929 -0.6880295 0.7146544 -0.1260337 -0.6880149 0.6819474 -0.2481601 -0.6880078 0.4664605 -0.5559315 -0.6880276 0.3628581 -0.6284523 -0.6880272 -0.6284521 -0.362859 -0.6879978 -0.6819402 -0.2482271 -0.6879892 -0.725721 -2.75446e-6 -0.6879976 -0.6819428 0.2482205 -0.688027 -0.6284548 0.3628547 -0.688007 -0.5559324 0.4664608 -0.6880078 -0.4664602 0.5559319 -0.6880276 -0.3628574 0.6284525 -0.6879971 -0.2482212 0.6819431 -0.6880298 -0.126039 0.7146533 -0.6879892 -1.50444e-6 0.725721 -0.6880296 0.1260319 0.7146547 -0.6879971 0.2482246 0.6819418 -0.6880272 0.3628542 0.6284549 -0.6880072 0.4664596 0.5559329 -0.6879942 0.6284822 0.3628695 -0.688015 0.6819451 0.2481658 0.301502 -0.3015064 -0.9045388 0.3015148 0.3015006 -0.9045365 0.577335 0.5773501 -0.5773658 0.5773594 -0.5773321 -0.5773594 0.5773424 0.5773542 0.5773542 0.5773675 0.5773438 -0.5773395 0.2177864 0.798229 -0.5616045 0.5491207 0.8041903 0.2274739 0.8164817 0.5773714 -2.92207e-6 0.5491058 0.8042005 -0.2274744 0.5363305 0.810169 -0.2365923 -0.7209721 0.6340569 -0.2795912 0.5491372 0.8041857 0.2274506 0.5773424 0.5773543 0.5773543 0.5773636 0.5773367 -0.5773506 0.2365865 0.8101646 0.5363397 -0.3145607 0.6265527 -0.7130801 0.5615931 0.7982351 0.2177934 0.5491285 0.8041924 -0.2274479 0.8165089 0.5773329 -8.09744e-6 0.5491211 -0.8041901 -0.227474 -0.7209696 -0.6340672 -0.279574 0.5773424 -0.5773542 -0.5773542 0.5773519 -0.577329 0.5773701 0.21779 -0.7982246 -0.5616094 0.536327 -0.8101724 -0.2365887 0.5491285 -0.8041924 0.2274479 0.5773423 -0.5773543 -0.5773543 0.5773687 -0.5773384 0.5773437 -0.3145755 -0.6265435 -0.7130817 0.2365817 -0.8101701 0.5363335 0.5615962 -0.7982325 0.2177948 0.816509 -0.5773329 8.10566e-6 0.5491372 -0.8041857 -0.2274506 0.5491058 -0.8042005 0.2274744 0.8164817 -0.5773714 2.93576e-6 -0.5773424 0.5773542 -0.5773542 -0.5773501 0.5773808 0.5773199 -0.3015099 0.9045365 -0.3015058 -0.3015075 0.9045333 0.3015175 -0.5773577 0.5773434 0.5773499 -0.5773423 0.5773543 -0.5773543 -0.5773423 -0.5773543 0.5773543 -0.5773504 -0.5773811 -0.5773193 -0.3015097 -0.9045362 0.3015066 -0.3015072 -0.9045326 -0.3015202 -0.5773573 -0.5773431 -0.5773506 -0.5773424 -0.5773542 0.5773542 -0.5773543 0.5773543 0.5773423 0.5773315 0.577376 0.5773433 -0.5773315 0.577376 -0.5773433 0.5773543 0.5773543 -0.5773423 0.5773543 -0.5773543 0.5773423 -0.5773315 -0.577376 0.5773433 0.5773315 -0.577376 -0.5773433 -0.5773543 -0.5773543 -0.5773423 0.5491385 -0.8041847 -0.2274513 -0.7209691 -0.6340672 -0.2795754 0.5773423 -0.5773543 -0.5773543 0.5773517 -0.5773288 0.5773704 0.2177883 -0.7982248 -0.5616098 0.5363256 -0.8101727 -0.2365904 0.5491271 -0.8041929 0.2274497 0.5773423 -0.5773543 -0.5773543 0.5773686 -0.5773383 0.577344 -0.314573 -0.6265426 -0.7130836 0.2365799 -0.8101697 0.5363348 0.5615949 -0.798233 0.2177963 0.8164932 -0.577355 -3.81638e-5 0.5491182 -0.8041917 -0.2274751 0.5491244 -0.8041947 0.2274501 0.8165068 -0.5773358 7.97425e-6 0.5773423 0.5773543 0.5773543 0.5773676 0.577344 -0.5773392 0.2177847 0.7982292 -0.5616049 0.5491381 0.8041849 0.2274511 0.8165069 0.5773357 -7.97425e-6 0.5491244 0.8041946 -0.2274501 0.5363289 0.8101693 -0.2365942 -0.7209766 0.6340551 -0.2795834 0.5491182 0.8041917 0.2274751 0.5773423 0.5773543 0.5773543 0.5773637 0.5773369 -0.5773502 0.2365846 0.8101637 0.5363419 -0.3145666 0.6265547 -0.7130758 0.5615917 0.7982356 0.2177951 0.5491271 0.8041929 -0.2274497 0.8164934 0.577355 3.812e-5 -0.5773423 -0.5773543 0.5773543 -0.5773501 -0.5773809 -0.5773199 -0.3015099 -0.9045365 0.3015058 -0.3015075 -0.9045333 -0.3015175 -0.5773576 -0.5773434 -0.5773499 -0.5773423 -0.5773543 0.5773543 -0.5773423 0.5773543 -0.5773543 -0.5773499 0.5773805 0.5773205 -0.3015099 0.9045367 -0.301505 -0.3015078 0.9045341 0.3015148 -0.577358 0.5773438 0.5773491 -0.5773423 0.5773543 -0.5773543 0.5773543 -0.5773543 0.5773423 -0.5773314 -0.5773761 0.5773434 0.5773314 -0.5773761 -0.5773434 -0.5773543 -0.5773543 -0.5773423 -0.5773543 0.5773543 0.5773423 0.5773314 0.5773761 0.5773434 -0.5773314 0.5773761 -0.5773434 0.5773543 0.5773543 -0.5773423 -0.5773548 -0.5773548 -0.5773414 0.5773608 -0.577336 -0.5773541 -0.5773608 -0.577336 0.5773541 0.5773548 -0.5773548 0.5773414 0.5773548 0.5773548 -0.5773414 -0.5773608 0.577336 -0.5773541 0.5773608 0.577336 0.5773541 -0.5773548 0.5773548 0.5773414</float_array>
          <technique_common>
            <accessor source="#ID2_001-mesh-normals-array" count="5886" stride="3">
              <param name="X" type="float"/>
              <param name="Y" type="float"/>
              <param name="Z" type="float"/>
            </accessor>
          </technique_common>
        </source>
        <vertices id="ID2_001-mesh-vertices">
          <input semantic="POSITION" source="#ID2_001-mesh-positions"/>
        </vertices>
        <triangles material="Material_002-material" count="13170">
          <input semantic="VERTEX" source="#ID2_001-mesh-vertices" offset="0"/>
          <input semantic="NORMAL" source="#ID2_001-mesh-normals" offset="1"/>
          <p>0 0 1 1 2 2 2 2 1 1 3 3 2 2 3 3 4 4 4 4 3 3 5 5 4 4 5 5 6 6 6 6 5 5 7 7 6 6 7 7 8 8 8 8 7 7 9 9 8 8 9 9 10 10 10 10 9 9 11 11 12 12 13 13 14 14 14 14 13 13 15 15 14 14 15 15 16 16 16 16 15 15 17 17 16 16 17 17 18 18 18 18 17 17 19 19 18 18 19 19 20 20 20 20 19 19 21 21 20 20 21 21 22 22 22 22 21 21 23 23 18 18 20 20 4 4 4 4 20 20 2 2 24 24 6 6 25 25 25 25 6 6 16 16 25 25 16 16 26 26 24 24 27 27 6 6 6 6 27 27 28 28 6 6 28 28 29 29 30 30 18 18 31 31 31 31 18 18 32 32 33 33 4 4 34 34 34 34 4 4 35 35 33 33 36 36 4 4 4 4 36 36 37 37 4 4 37 37 38 38 30 30 39 39 18 18 18 18 39 39 40 40 18 18 40 40 41 41 29 29 42 42 6 6 6 6 42 42 43 43 6 6 43 43 44 44 38 38 45 45 4 4 4 4 45 45 46 46 4 4 46 46 18 18 18 18 46 46 47 47 18 18 47 47 32 32 48 48 49 49 16 16 16 16 49 49 50 50 16 16 50 50 26 26 44 44 51 51 6 6 6 6 51 51 52 52 6 6 52 52 4 4 4 4 52 52 53 53 4 4 53 53 35 35 41 41 54 54 18 18 18 18 54 54 55 55 18 18 55 55 16 16 16 16 55 55 56 56 16 16 56 56 57 57 57 57 58 58 16 16 16 16 58 58 59 59 16 16 59 59 48 48 14 14 16 16 8 8 8 8 16 16 6 6 60 60 61 61 12 12 62 62 8 8 63 63 63 63 8 8 10 10 63 63 10 10 64 64 65 65 66 66 14 14 62 62 67 67 8 8 8 8 67 67 68 68 8 8 68 68 69 69 69 69 70 70 8 8 8 8 70 70 71 71 8 8 71 71 72 72 66 66 73 73 14 14 14 14 73 73 74 74 14 14 74 74 12 12 12 12 74 74 75 75 12 12 75 75 60 60 76 76 77 77 14 14 14 14 77 77 78 78 14 14 78 78 65 65 72 72 79 79 8 8 8 8 79 79 80 80 8 8 80 80 14 14 14 14 80 80 81 81 14 14 81 81 76 76 17 17 15 15 7 7 7 7 15 15 9 9 82 82 83 83 5 5 5 5 83 83 84 84 85 85 86 86 7 7 86 86 87 87 7 7 7 7 87 87 88 88 7 7 88 88 17 17 17 17 88 88 89 89 89 89 90 90 17 17 17 17 90 90 91 91 17 17 91 91 92 92 84 84 93 93 5 5 5 5 93 93 94 94 5 5 94 94 95 95 92 92 96 96 17 17 17 17 96 96 97 97 17 17 97 97 98 98 99 99 19 19 100 100 100 100 19 19 17 17 100 100 17 17 101 101 101 101 17 17 98 98 102 102 103 103 19 19 19 19 103 103 104 104 19 19 104 104 5 5 5 5 104 104 105 105 5 5 105 105 82 82 7 7 106 106 107 107 95 95 108 108 5 5 5 5 108 108 109 109 5 5 109 109 7 7 7 7 109 109 110 110 7 7 110 110 106 106 107 107 111 111 7 7 7 7 111 111 112 112 7 7 112 112 85 85 99 99 113 113 19 19 19 19 113 113 114 114 19 19 114 114 115 115 115 115 116 116 19 19 19 19 116 116 117 117 19 19 117 117 102 102 21 21 19 19 3 3 3 3 19 19 5 5 118 60 119 61 23 23 120 118 121 119 21 21 122 120 3 3 123 121 123 121 3 3 1 1 123 121 1 1 124 64 122 120 125 122 3 3 3 3 125 122 126 123 3 3 126 123 127 124 121 119 128 125 21 21 21 21 128 125 129 126 21 21 129 126 130 127 130 127 131 128 21 21 21 21 131 128 132 129 21 21 132 129 23 23 23 23 132 129 133 130 23 23 133 130 118 60 127 124 134 131 3 3 3 3 134 131 135 132 3 3 135 132 136 133 136 133 137 134 3 3 3 3 137 134 138 135 3 3 138 135 21 21 21 21 138 135 139 136 21 21 139 136 120 118 140 137 0 0 141 138 141 138 0 0 2 2 142 139 143 140 20 20 144 141 145 142 2 2 146 143 147 144 22 22 22 22 147 144 148 145 22 22 148 145 20 20 20 20 148 145 149 146 20 20 149 146 142 139 143 140 150 147 20 20 20 20 150 147 151 148 20 20 151 148 152 149 153 150 141 138 154 151 154 151 141 138 2 2 154 151 2 2 155 152 155 152 2 2 156 153 152 149 157 154 20 20 20 20 157 154 158 155 20 20 158 155 2 2 2 2 158 155 159 156 2 2 159 156 144 141 145 142 160 157 2 2 2 2 160 157 161 158 2 2 161 158 156 153 22 22 23 23 146 143 146 143 23 23 119 61 1 1 0 0 124 64 124 64 0 0 140 137 162 137 11 11 163 159 163 159 11 11 9 9 164 160 165 161 15 15 166 162 167 163 9 9 168 143 169 144 13 13 13 13 169 144 170 164 13 13 170 164 15 15 15 15 170 164 171 165 15 15 171 165 164 160 165 161 172 166 15 15 15 15 172 166 173 167 15 15 173 167 174 168 175 150 163 159 176 169 176 169 163 159 9 9 176 169 9 9 177 170 177 170 9 9 178 171 174 168 179 172 15 15 15 15 179 172 180 173 15 15 180 173 9 9 9 9 180 173 181 174 9 9 181 174 166 162 167 163 182 175 9 9 9 9 182 175 183 176 9 9 183 176 178 171 13 13 12 12 168 143 168 143 12 12 61 61 10 10 11 11 64 64 64 64 11 11 162 137 163 159 175 150 63 63 63 63 175 150 62 62 162 137 163 159 64 64 64 64 163 159 63 63 123 121 124 64 141 138 141 138 124 64 140 137 122 120 123 121 153 150 153 150 123 121 141 138 62 62 175 150 67 67 67 67 175 150 176 169 67 67 176 169 68 68 68 68 176 169 177 170 68 68 177 170 69 69 69 69 177 170 178 171 69 69 178 171 70 70 70 70 178 171 183 176 70 70 183 176 71 71 71 71 183 176 182 175 71 71 182 175 72 72 72 72 182 175 167 163 72 72 167 163 79 79 79 79 167 163 166 162 79 79 166 162 80 80 80 80 166 162 181 174 80 80 181 174 81 81 81 81 181 174 180 173 81 81 180 173 76 76 76 76 180 173 179 172 76 76 179 172 77 77 77 77 179 172 174 168 77 77 174 168 78 78 78 78 174 168 173 167 78 78 173 167 65 65 65 65 173 167 172 166 65 65 172 166 66 66 66 66 172 166 165 161 66 66 165 161 73 73 73 73 165 161 164 160 73 73 164 160 74 74 74 74 164 160 171 165 74 74 171 165 75 75 75 75 171 165 170 164 75 75 170 164 60 60 60 60 170 164 169 144 122 120 153 150 125 122 125 122 153 150 154 151 125 122 154 151 126 123 126 123 154 151 155 152 126 123 155 152 127 124 127 124 155 152 156 153 127 124 156 153 134 131 134 131 156 153 161 158 134 131 161 158 135 132 135 132 161 158 160 157 135 132 160 157 136 133 136 133 160 157 145 142 136 133 145 142 137 134 137 134 145 142 144 141 137 134 144 141 138 135 138 135 144 141 159 156 138 135 159 156 139 136 139 136 159 156 158 155 139 136 158 155 120 118 120 118 158 155 157 154 120 118 157 154 121 119 121 119 157 154 152 149 121 119 152 149 128 125 128 125 152 149 151 148 128 125 151 148 129 126 129 126 151 148 150 147 129 126 150 147 130 127 130 127 150 147 143 140 130 127 143 140 131 128 131 128 143 140 142 139 131 128 142 139 132 129 132 129 142 139 149 146 132 129 149 146 133 130 133 130 149 146 148 145 133 130 148 145 118 60 118 60 148 145 147 144 169 144 168 143 60 60 60 60 168 143 61 61 119 61 118 60 146 143 146 143 118 60 147 144 104 104 46 46 105 105 105 105 46 46 45 45 105 105 45 45 82 82 82 82 45 45 38 38 82 82 38 38 83 83 83 83 38 38 37 37 83 83 37 37 84 84 84 84 37 37 36 36 84 84 36 36 93 93 93 93 36 36 33 33 93 93 33 33 94 94 94 94 33 33 34 34 94 94 34 34 95 95 95 95 34 34 35 35 95 95 35 35 108 108 108 108 35 35 53 53 108 108 53 53 109 109 109 109 53 53 52 52 109 109 52 52 110 110 110 110 52 52 51 51 110 110 51 51 106 106 106 106 51 51 44 44 106 106 44 44 107 107 107 107 44 44 43 43 107 107 43 43 111 111 111 111 43 43 42 42 111 111 42 42 112 112 112 112 42 42 29 29 112 112 29 29 85 85 85 85 29 29 28 28 85 85 28 28 86 86 86 86 28 28 27 27 86 86 27 27 87 87 87 87 27 27 24 24 87 87 24 24 88 88 88 88 24 24 25 25 88 88 25 25 89 89 89 89 25 25 26 26 89 89 26 26 90 90 90 90 26 26 50 50 90 90 50 50 91 91 91 91 50 50 49 49 91 91 49 49 92 92 92 92 49 49 48 48 92 92 48 48 96 96 96 96 48 48 59 59 96 96 59 59 97 97 97 97 59 59 58 58 97 97 58 58 98 98 98 98 58 58 57 57 98 98 57 57 101 101 101 101 57 57 56 56 101 101 56 56 100 100 100 100 56 56 55 55 100 100 55 55 99 99 99 99 55 55 54 54 99 99 54 54 113 113 113 113 54 54 41 41 113 113 41 41 114 114 114 114 41 41 40 40 114 114 40 40 115 115 115 115 40 40 39 39 115 115 39 39 116 116 116 116 39 39 30 30 116 116 30 30 117 117 117 117 30 30 31 31 117 117 31 31 102 102 102 102 31 31 32 32 102 102 32 32 103 103 103 103 32 32 47 47 103 103 47 47 104 104 104 104 47 47 46 46 184 177 185 178 186 179 186 179 185 178 187 180 188 181 184 177 189 182 189 182 184 177 186 179 190 183 188 181 191 184 191 184 188 181 189 182 185 178 190 183 187 180 187 180 190 183 191 184 192 185 188 181 193 186 193 186 188 181 190 183 193 186 190 183 194 187 194 187 190 183 185 178 194 187 185 178 195 188 195 188 185 178 184 177 195 188 184 177 192 185 192 185 184 177 188 181 196 189 189 182 197 190 197 190 189 182 186 179 197 190 186 179 198 191 198 191 186 179 187 180 198 191 187 180 199 192 199 192 187 180 191 184 199 192 191 184 196 189 196 189 191 184 189 182 197 190 198 191 195 188 195 188 198 191 194 187 198 191 199 192 194 187 194 187 199 192 193 186 199 192 196 189 193 186 193 186 196 189 192 185 196 189 197 190 192 185 192 185 197 190 195 188 200 193 201 194 202 195 202 195 201 194 203 196 202 195 203 196 204 197 204 197 203 196 205 198 204 197 205 198 206 199 206 199 205 198 207 200 206 199 207 200 208 201 208 201 207 200 209 193 210 202 211 203 212 204 213 205 214 203 215 206 215 206 216 207 213 205 213 205 216 207 217 208 213 205 217 208 218 209 218 209 217 208 210 202 218 209 210 202 219 210 219 210 210 202 212 204 220 211 221 212 222 213 220 211 222 213 223 214 224 215 225 216 217 208 226 217 227 218 210 202 210 202 227 218 228 219 228 219 229 220 210 202 210 202 229 220 230 221 210 202 230 221 222 213 222 213 230 221 231 222 222 213 231 222 223 214 232 223 233 224 234 225 222 213 235 226 236 227 237 228 238 229 239 230 239 230 238 229 240 231 241 232 217 208 242 233 242 233 217 208 243 234 221 212 244 235 222 213 222 213 244 235 245 236 222 213 245 236 235 226 232 223 234 225 239 230 239 230 234 225 246 237 239 230 246 237 237 228 247 238 248 239 249 240 249 240 248 239 250 241 249 240 250 241 217 208 217 208 250 241 251 242 217 208 251 242 243 234 225 216 252 243 217 208 217 208 252 243 253 244 217 208 253 244 254 245 255 246 256 247 210 202 241 232 257 248 217 208 217 208 257 248 258 249 217 208 258 249 233 224 256 247 259 250 210 202 210 202 259 250 260 251 210 202 260 251 226 217 236 227 261 252 222 213 222 213 261 252 262 253 222 213 262 253 263 254 264 255 265 256 249 240 249 240 265 256 266 257 232 223 267 258 233 224 233 224 267 258 268 259 233 224 268 259 217 208 217 208 268 259 269 260 217 208 269 260 224 215 254 245 270 261 217 208 217 208 270 261 271 262 217 208 271 262 210 202 210 202 271 262 272 263 210 202 272 263 255 246 245 236 273 264 235 226 235 226 273 264 274 265 235 226 274 265 275 266 275 266 274 265 276 267 275 266 276 267 277 268 277 268 276 267 278 269 277 268 278 269 279 270 279 270 278 269 280 271 279 270 280 271 281 272 281 272 280 271 282 273 281 272 282 273 283 274 283 274 282 273 284 275 283 274 284 275 240 231 240 231 284 275 285 276 240 231 285 276 239 230 263 254 286 277 222 213 222 213 286 277 287 278 222 213 287 278 288 279 266 257 289 280 249 240 249 240 289 280 290 281 249 240 290 281 247 238 288 279 291 282 222 213 222 213 291 282 292 283 222 213 292 283 249 240 249 240 292 283 293 284 249 240 293 284 264 255 294 285 295 286 249 240 296 287 297 288 249 240 249 240 297 288 298 289 249 240 298 289 294 285 295 286 299 290 249 240 249 240 299 290 300 291 249 240 300 291 301 292 302 293 303 294 304 295 303 294 305 296 304 295 304 295 305 296 306 297 304 295 306 297 307 298 216 207 308 299 309 300 309 300 310 301 216 207 216 207 310 301 311 302 216 207 311 302 312 303 313 304 314 305 217 208 217 208 314 305 315 306 315 306 316 307 217 208 217 208 316 307 317 308 217 208 317 308 318 309 307 298 319 310 304 295 304 295 319 310 320 311 304 295 320 311 216 207 216 207 320 311 321 312 216 207 321 312 308 299 318 309 322 313 217 208 217 208 322 313 323 314 217 208 323 314 324 315 324 315 325 316 217 208 217 208 325 316 326 317 217 208 326 317 249 240 249 240 326 317 327 318 249 240 327 318 296 287 312 303 328 319 216 207 216 207 328 319 329 320 216 207 329 320 217 208 217 208 329 320 330 321 217 208 330 321 313 304 331 322 203 196 332 323 332 323 203 196 222 213 332 323 222 213 333 324 331 322 334 325 203 196 203 196 334 325 335 326 203 196 335 326 336 327 205 198 337 328 338 329 338 329 339 330 205 198 205 198 339 330 340 331 205 198 340 331 249 240 249 240 340 331 341 332 249 240 341 332 342 333 342 333 343 334 249 240 249 240 343 334 344 335 249 240 344 335 345 336 346 337 347 338 222 213 222 213 347 338 348 339 222 213 348 339 349 340 349 340 350 341 222 213 222 213 350 341 351 342 222 213 351 342 333 324 336 327 352 343 203 196 203 196 352 343 353 344 203 196 353 344 354 345 355 346 356 347 205 198 205 198 356 347 357 348 205 198 357 348 337 328 345 336 358 349 249 240 249 240 358 349 359 350 249 240 359 350 360 351 360 351 361 352 249 240 249 240 361 352 362 353 249 240 362 353 222 213 222 213 362 353 363 354 222 213 363 354 346 337 354 345 364 355 203 196 203 196 364 355 365 356 203 196 365 356 205 198 205 198 365 356 366 357 205 198 366 357 355 346 367 358 368 359 205 198 368 359 369 360 205 198 205 198 369 360 370 361 205 198 370 361 371 362 372 363 207 200 373 364 373 364 207 200 374 365 371 362 375 366 205 198 205 198 375 366 376 367 205 198 376 367 377 368 378 369 379 370 304 295 249 240 380 371 381 372 377 368 382 373 205 198 205 198 382 373 383 374 205 198 383 374 207 200 207 200 383 374 384 375 207 200 384 375 374 365 372 363 385 376 207 200 207 200 385 376 386 377 207 200 386 377 304 295 304 295 386 377 387 378 304 295 387 378 378 369 388 379 389 380 249 240 249 240 389 380 390 381 249 240 390 381 205 198 205 198 390 381 391 382 205 198 391 382 367 358 379 370 392 383 304 295 304 295 392 383 393 384 304 295 393 384 394 385 394 385 395 386 304 295 304 295 395 386 396 387 304 295 396 387 397 388 301 292 302 293 249 240 249 240 302 293 304 295 249 240 304 295 380 371 380 371 304 295 397 388 381 372 398 389 249 240 249 240 398 389 399 390 249 240 399 390 400 391 400 391 401 392 249 240 249 240 401 392 402 393 249 240 402 393 388 379 201 194 200 193 403 394 403 394 200 193 404 395 405 396 406 397 206 199 206 199 406 397 407 398 206 199 407 398 408 399 409 400 410 401 411 402 411 402 410 401 412 403 411 402 412 403 413 404 204 197 414 405 415 406 416 407 417 408 413 404 413 404 417 408 418 409 419 410 420 411 411 402 411 402 420 411 421 412 411 402 421 412 206 199 206 199 421 412 422 413 206 199 422 413 405 396 408 399 423 414 206 199 206 199 423 414 424 415 206 199 424 415 425 416 415 406 426 417 204 197 204 197 426 417 427 418 204 197 427 418 428 419 204 197 429 420 430 421 416 407 413 404 431 422 431 422 413 404 432 423 431 422 432 423 433 424 418 409 434 425 413 404 413 404 434 425 435 426 413 404 435 426 436 427 437 428 438 429 411 402 411 402 438 429 439 430 411 402 439 430 419 410 425 416 440 431 206 199 206 199 440 431 441 432 206 199 441 432 204 197 204 197 441 432 442 433 204 197 442 433 414 405 436 427 443 434 413 404 413 404 443 434 444 435 413 404 444 435 411 402 411 402 444 435 445 436 411 402 445 436 437 428 428 419 446 437 204 197 204 197 446 437 447 438 204 197 447 438 448 439 430 421 449 440 204 197 204 197 449 440 450 441 204 197 450 441 451 442 452 443 453 444 454 445 454 445 453 444 455 446 454 445 456 447 457 448 458 449 459 450 411 402 460 451 448 439 461 452 461 452 448 439 462 453 461 452 462 453 463 454 463 454 462 453 431 422 463 454 431 422 464 455 464 455 431 422 433 424 460 451 465 456 448 439 448 439 465 456 466 457 448 439 466 457 467 458 467 458 468 459 448 439 448 439 468 459 469 460 448 439 469 460 204 197 204 197 469 460 470 461 204 197 470 461 429 420 455 446 471 462 454 445 454 445 471 462 472 463 454 445 472 463 473 464 454 445 457 448 411 402 411 402 457 448 474 465 411 402 474 465 458 449 459 450 475 466 411 402 411 402 475 466 476 467 411 402 476 467 409 400 473 464 477 468 454 445 454 445 477 468 478 469 454 445 478 469 456 447 411 402 479 470 480 471 481 472 482 473 454 445 454 445 482 473 483 474 454 445 483 474 484 475 485 476 486 477 213 205 213 205 486 477 487 478 479 470 411 402 488 479 488 479 411 402 213 205 488 479 213 205 489 480 480 471 490 481 411 402 411 402 490 481 491 482 411 402 491 482 492 483 492 483 493 484 411 402 411 402 493 484 494 485 411 402 494 485 495 486 495 486 496 487 411 402 411 402 496 487 497 488 411 402 497 488 454 445 454 445 497 488 498 489 454 445 498 489 481 472 484 475 499 490 454 445 454 445 499 490 500 491 454 445 500 491 501 492 218 209 502 493 503 494 503 494 504 495 218 209 218 209 504 495 505 496 218 209 505 496 506 497 506 497 507 498 218 209 218 209 507 498 508 499 218 209 508 499 213 205 213 205 508 499 509 500 213 205 509 500 485 476 487 478 510 501 213 205 213 205 510 501 511 502 213 205 511 502 489 480 512 503 513 504 218 209 218 209 513 504 514 505 218 209 514 505 502 493 515 506 516 507 204 197 204 197 516 507 517 508 204 197 517 508 518 509 519 510 520 511 202 195 202 195 520 511 521 512 202 195 521 512 522 513 522 513 523 514 202 195 202 195 523 514 524 515 202 195 524 515 525 516 518 509 526 517 204 197 204 197 526 517 527 518 204 197 527 518 528 519 451 442 452 443 204 197 204 197 452 443 454 445 204 197 454 445 515 506 515 506 454 445 529 520 530 521 531 522 454 445 454 445 531 522 532 523 454 445 532 523 529 520 524 515 533 524 525 516 525 516 533 524 534 525 525 516 534 525 535 526 535 526 536 527 525 516 525 516 536 527 537 528 525 516 537 528 538 529 528 519 539 530 204 197 204 197 539 530 540 531 204 197 540 531 541 532 538 529 542 533 454 445 454 445 542 533 543 534 543 534 544 535 454 445 454 445 544 535 545 536 454 445 545 536 546 537 546 537 547 538 454 445 454 445 547 538 548 539 454 445 548 539 530 521 541 532 549 540 204 197 204 197 549 540 550 541 204 197 550 541 202 195 202 195 550 541 551 542 202 195 551 542 519 510 552 543 553 544 525 516 525 516 553 544 554 545 525 516 554 545 555 546 556 547 557 548 454 445 454 445 557 548 558 549 454 445 558 549 559 550 555 546 560 551 525 516 525 516 560 551 561 552 525 516 561 552 219 210 219 210 561 552 562 553 562 553 563 554 219 210 219 210 563 554 564 555 219 210 564 555 565 556 501 492 512 503 454 445 454 445 512 503 218 209 454 445 218 209 556 547 556 547 218 209 566 557 559 550 567 558 454 445 454 445 567 558 568 559 454 445 568 559 569 560 538 529 454 445 525 516 525 516 454 445 570 561 525 516 570 561 571 562 571 562 572 563 525 516 525 516 572 563 573 564 525 516 573 564 552 543 574 565 575 566 218 209 218 209 575 566 576 567 218 209 576 567 566 557 569 560 577 568 454 445 454 445 577 568 578 569 454 445 578 569 570 561 579 570 580 571 218 209 218 209 580 571 581 572 218 209 581 572 582 573 582 573 583 574 218 209 218 209 583 574 584 575 218 209 584 575 574 565 565 556 585 576 219 210 219 210 585 576 586 577 219 210 586 577 218 209 218 209 586 577 587 578 218 209 587 578 579 570 588 579 589 580 214 203 590 581 591 582 213 205 213 205 591 582 592 583 593 584 594 585 206 199 206 199 594 585 595 586 206 199 595 586 596 587 592 583 597 588 213 205 213 205 597 588 598 589 213 205 598 589 214 203 214 203 598 589 599 590 214 203 599 590 588 579 590 581 213 205 600 591 600 591 213 205 411 402 600 591 411 402 601 592 602 394 603 593 208 201 208 201 603 593 604 594 208 201 604 594 206 199 206 199 604 594 605 595 206 199 605 595 593 584 596 587 606 596 206 199 206 199 606 596 607 597 206 199 607 597 411 402 411 402 607 597 608 598 411 402 608 598 601 592 215 206 214 203 609 599 609 599 214 203 589 580 610 600 404 395 200 193 611 599 612 601 212 204 212 204 612 601 613 602 212 204 613 602 219 210 613 602 614 603 219 210 219 210 614 603 615 604 219 210 615 604 616 605 617 606 618 607 202 195 202 195 618 607 619 608 202 195 619 608 620 609 616 605 621 610 219 210 219 210 621 610 622 611 219 210 622 611 525 516 525 516 622 611 623 612 623 612 624 613 525 516 525 516 624 613 625 614 525 516 625 614 202 195 202 195 625 614 626 615 202 195 626 615 617 606 620 609 627 616 202 195 202 195 627 616 628 617 202 195 628 617 200 193 200 193 628 617 629 618 200 193 629 618 610 600 212 204 211 203 611 599 611 599 211 203 630 580 631 579 630 580 211 203 632 619 633 620 210 202 210 202 633 620 634 621 210 202 634 621 211 203 211 203 634 621 635 590 211 203 635 590 631 579 403 394 636 593 201 194 201 194 636 593 637 622 201 194 637 622 203 196 638 623 639 624 210 202 210 202 639 624 640 625 210 202 640 625 632 619 637 622 641 626 203 196 203 196 641 626 642 627 203 196 642 627 643 628 643 628 644 629 203 196 203 196 644 629 645 630 203 196 645 630 222 213 222 213 645 630 646 631 646 631 647 632 222 213 222 213 647 632 648 633 222 213 648 633 210 202 210 202 648 633 649 634 210 202 649 634 638 623 208 201 209 193 602 394 602 394 209 193 650 395 651 600 650 395 209 193 609 599 652 601 215 206 215 206 652 601 653 635 215 206 653 635 216 207 216 207 653 635 654 636 216 207 654 636 655 637 655 637 656 638 216 207 216 207 656 638 657 639 216 207 657 639 658 640 658 640 659 641 216 207 216 207 659 641 660 642 216 207 660 642 304 295 304 295 660 642 661 643 207 200 662 644 663 645 663 645 664 646 207 200 207 200 664 646 665 647 207 200 665 647 209 193 209 193 665 647 666 618 209 193 666 618 651 600 661 643 667 648 304 295 304 295 667 648 668 649 304 295 668 649 207 200 207 200 668 649 669 650 207 200 669 650 662 644 612 601 611 599 631 579 631 579 611 599 630 580 636 593 610 600 637 622 637 622 610 600 629 618 637 622 629 618 641 626 641 626 629 618 628 617 641 626 628 617 642 627 642 627 628 617 627 616 642 627 627 616 643 628 643 628 627 616 620 609 643 628 620 609 644 629 644 629 620 609 619 608 644 629 619 608 645 630 645 630 619 608 618 607 645 630 618 607 646 631 646 631 618 607 617 606 646 631 617 606 647 632 647 632 617 606 626 615 647 632 626 615 648 633 648 633 626 615 625 614 648 633 625 614 649 634 649 634 625 614 624 613 649 634 624 613 638 623 638 623 624 613 623 612 638 623 623 612 639 624 639 624 623 612 622 611 639 624 622 611 640 625 640 625 622 611 621 610 640 625 621 610 632 619 632 619 621 610 616 605 632 619 616 605 633 620 633 620 616 605 615 604 633 620 615 604 634 621 634 621 615 604 614 603 634 621 614 603 635 590 635 590 614 603 613 602 635 590 613 602 631 579 631 579 613 602 612 601 404 395 610 600 403 394 403 394 610 600 636 593 603 593 602 394 651 600 651 600 602 394 650 395 603 593 651 600 604 594 604 594 651 600 666 618 604 594 666 618 605 595 605 595 666 618 665 647 605 595 665 647 593 584 593 584 665 647 664 646 593 584 664 646 594 585 594 585 664 646 663 645 594 585 663 645 595 586 595 586 663 645 662 644 595 586 662 644 596 587 596 587 662 644 669 650 596 587 669 650 606 596 606 596 669 650 668 649 606 596 668 649 607 597 607 597 668 649 667 648 607 597 667 648 608 598 608 598 667 648 661 643 608 598 661 643 601 592 601 592 661 643 660 642 601 592 660 642 600 591 600 591 660 642 659 641 600 591 659 641 590 581 590 581 659 641 658 640 590 581 658 640 591 582 591 582 658 640 657 639 591 582 657 639 592 583 592 583 657 639 656 638 592 583 656 638 597 588 597 588 656 638 655 637 597 588 655 637 598 589 598 589 655 637 654 636 598 589 654 636 599 590 599 590 654 636 653 635 599 590 653 635 588 579 588 579 653 635 652 601 589 580 588 579 609 599 609 599 588 579 652 601 413 404 250 241 432 423 432 423 250 241 248 239 432 423 248 239 433 424 433 424 248 239 247 238 433 424 247 238 464 455 464 455 247 238 290 281 464 455 290 281 463 454 463 454 290 281 289 280 463 454 289 280 461 452 461 452 289 280 266 257 461 452 266 257 460 451 460 451 266 257 265 256 460 451 265 256 465 456 465 456 265 256 264 255 465 456 264 255 466 457 466 457 264 255 293 284 466 457 293 284 467 458 467 458 293 284 292 283 467 458 292 283 468 459 468 459 292 283 291 282 468 459 291 282 469 460 469 460 291 282 288 279 469 460 288 279 470 461 470 461 288 279 287 278 470 461 287 278 429 420 429 420 287 278 286 277 429 420 286 277 430 421 430 421 286 277 263 254 430 421 263 254 449 440 449 440 263 254 262 253 449 440 262 253 450 441 450 441 262 253 261 252 450 441 261 252 451 442 451 442 261 252 236 227 451 442 236 227 452 443 452 443 236 227 235 226 452 443 235 226 453 444 453 444 235 226 275 266 453 444 275 266 455 446 455 446 275 266 277 268 455 446 277 268 471 462 471 462 277 268 279 270 471 462 279 270 472 463 472 463 279 270 281 272 472 463 281 272 473 464 473 464 281 272 283 274 473 464 283 274 477 468 477 468 283 274 240 231 477 468 240 231 478 469 478 469 240 231 238 229 478 469 238 229 456 447 456 447 238 229 237 228 456 447 237 228 457 448 457 448 237 228 246 237 457 448 246 237 474 465 474 465 246 237 234 225 474 465 234 225 458 449 458 449 234 225 233 224 458 449 233 224 459 450 459 450 233 224 258 249 459 450 258 249 475 466 475 466 258 249 257 248 475 466 257 248 476 467 476 467 257 248 241 232 476 467 241 232 409 400 409 400 241 232 242 233 409 400 242 233 410 401 410 401 242 233 243 234 410 401 243 234 412 403 412 403 243 234 251 242 412 403 251 242 413 404 413 404 251 242 250 241 267 258 556 547 268 259 268 259 556 547 566 557 268 259 566 557 269 260 269 260 566 557 576 567 269 260 576 567 224 215 224 215 576 567 575 566 224 215 575 566 225 216 225 216 575 566 574 565 225 216 574 565 252 243 252 243 574 565 584 575 252 243 584 575 253 244 253 244 584 575 583 574 253 244 583 574 254 245 254 245 583 574 582 573 254 245 582 573 270 261 270 261 582 573 581 572 270 261 581 572 271 262 271 262 581 572 580 571 271 262 580 571 272 263 272 263 580 571 579 570 272 263 579 570 255 246 255 246 579 570 587 578 255 246 587 578 256 247 256 247 587 578 586 577 256 247 586 577 259 250 259 250 586 577 585 576 259 250 585 576 260 251 260 251 585 576 565 556 260 251 565 556 226 217 226 217 565 556 564 555 226 217 564 555 227 218 227 218 564 555 563 554 227 218 563 554 228 219 228 219 563 554 562 553 228 219 562 553 229 220 229 220 562 553 561 552 229 220 561 552 230 221 230 221 561 552 560 551 230 221 560 551 231 222 231 222 560 551 555 546 231 222 555 546 223 214 223 214 555 546 554 545 223 214 554 545 220 211 220 211 554 545 553 544 220 211 553 544 221 212 221 212 553 544 552 543 221 212 552 543 244 235 244 235 552 543 573 564 244 235 573 564 245 236 245 236 573 564 572 563 245 236 572 563 273 264 273 264 572 563 571 562 273 264 571 562 274 265 274 265 571 562 570 561 274 265 570 561 276 267 276 267 570 561 578 569 276 267 578 569 278 269 278 269 578 569 577 568 278 269 577 568 280 271 280 271 577 568 569 560 280 271 569 560 282 273 282 273 569 560 568 559 282 273 568 559 284 275 284 275 568 559 567 558 284 275 567 558 285 276 285 276 567 558 559 550 285 276 559 550 239 230 239 230 559 550 558 549 239 230 558 549 232 223 232 223 558 549 557 548 232 223 557 548 267 258 267 258 557 548 556 547 341 332 515 506 342 333 342 333 515 506 529 520 342 333 529 520 343 334 343 334 529 520 532 523 343 334 532 523 344 335 344 335 532 523 531 522 344 335 531 522 345 336 345 336 531 522 530 521 345 336 530 521 358 349 358 349 530 521 548 539 358 349 548 539 359 350 359 350 548 539 547 538 359 350 547 538 360 351 360 351 547 538 546 537 360 351 546 537 361 352 361 352 546 537 545 536 361 352 545 536 362 353 362 353 545 536 544 535 362 353 544 535 363 354 363 354 544 535 543 534 363 354 543 534 346 337 346 337 543 534 542 533 346 337 542 533 347 338 347 338 542 533 538 529 347 338 538 529 348 339 348 339 538 529 537 528 348 339 537 528 349 340 349 340 537 528 536 527 349 340 536 527 350 341 350 341 536 527 535 526 350 341 535 526 351 342 351 342 535 526 534 525 351 342 534 525 333 324 333 324 534 525 533 524 333 324 533 524 332 323 332 323 533 524 524 515 332 323 524 515 331 322 331 322 524 515 523 514 331 322 523 514 334 325 334 325 523 514 522 513 334 325 522 513 335 326 335 326 522 513 521 512 335 326 521 512 336 327 336 327 521 512 520 511 336 327 520 511 352 343 352 343 520 511 519 510 352 343 519 510 353 344 353 344 519 510 551 542 353 344 551 542 354 345 354 345 551 542 550 541 354 345 550 541 364 355 364 355 550 541 549 540 364 355 549 540 365 356 365 356 549 540 541 532 365 356 541 532 366 357 366 357 541 532 540 531 366 357 540 531 355 346 355 346 540 531 539 530 355 346 539 530 356 347 356 347 539 530 528 519 356 347 528 519 357 348 357 348 528 519 527 518 357 348 527 518 337 328 337 328 527 518 526 517 337 328 526 517 338 329 338 329 526 517 518 509 338 329 518 509 339 330 339 330 518 509 517 508 339 330 517 508 340 331 340 331 517 508 516 507 340 331 516 507 341 332 341 332 516 507 515 506 387 378 422 413 378 369 378 369 422 413 421 412 378 369 421 412 379 370 379 370 421 412 420 411 379 370 420 411 392 383 392 383 420 411 419 410 392 383 419 410 393 384 393 384 419 410 439 430 393 384 439 430 394 385 394 385 439 430 438 429 394 385 438 429 395 386 395 386 438 429 437 428 395 386 437 428 396 387 396 387 437 428 445 436 396 387 445 436 397 388 397 388 445 436 444 435 397 388 444 435 380 371 380 371 444 435 443 434 380 371 443 434 381 372 381 372 443 434 436 427 381 372 436 427 398 389 398 389 436 427 435 426 398 389 435 426 399 390 399 390 435 426 434 425 399 390 434 425 400 391 400 391 434 425 418 409 400 391 418 409 401 392 401 392 418 409 417 408 401 392 417 408 402 393 402 393 417 408 416 407 402 393 416 407 388 379 388 379 416 407 431 422 388 379 431 422 389 380 389 380 431 422 462 453 389 380 462 453 390 381 390 381 462 453 448 439 390 381 448 439 391 382 391 382 448 439 447 438 391 382 447 438 367 358 367 358 447 438 446 437 367 358 446 437 368 359 368 359 446 437 428 419 368 359 428 419 369 360 369 360 428 419 427 418 369 360 427 418 370 361 370 361 427 418 426 417 370 361 426 417 371 362 371 362 426 417 415 406 371 362 415 406 375 366 375 366 415 406 414 405 375 366 414 405 376 367 376 367 414 405 442 433 376 367 442 433 377 368 377 368 442 433 441 432 377 368 441 432 382 373 382 373 441 432 440 431 382 373 440 431 383 374 383 374 440 431 425 416 383 374 425 416 384 375 384 375 425 416 424 415 384 375 424 415 374 365 374 365 424 415 423 414 374 365 423 414 373 364 373 364 423 414 408 399 373 364 408 399 372 363 372 363 408 399 407 398 372 363 407 398 385 376 385 376 407 398 406 397 385 376 406 397 386 377 386 377 406 397 405 396 386 377 405 396 387 378 387 378 405 396 422 413 308 299 479 470 309 300 309 300 479 470 488 479 309 300 488 479 310 301 310 301 488 479 489 480 310 301 489 480 311 302 311 302 489 480 511 502 311 302 511 502 312 303 312 303 511 502 510 501 312 303 510 501 328 319 328 319 510 501 487 478 328 319 487 478 329 320 329 320 487 478 486 477 329 320 486 477 330 321 330 321 486 477 485 476 330 321 485 476 313 304 313 304 485 476 509 500 313 304 509 500 314 305 314 305 509 500 508 499 314 305 508 499 315 306 315 306 508 499 507 498 315 306 507 498 316 307 316 307 507 498 506 497 316 307 506 497 317 308 317 308 506 497 505 496 317 308 505 496 318 309 318 309 505 496 504 495 318 309 504 495 322 313 322 313 504 495 503 494 322 313 503 494 323 314 323 314 503 494 502 493 323 314 502 493 324 315 324 315 502 493 514 505 324 315 514 505 325 316 325 316 514 505 513 504 325 316 513 504 326 317 326 317 513 504 512 503 326 317 512 503 327 318 327 318 512 503 501 492 327 318 501 492 296 287 296 287 501 492 500 491 296 287 500 491 297 288 297 288 500 491 499 490 297 288 499 490 298 289 298 289 499 490 484 475 298 289 484 475 294 285 294 285 484 475 483 474 294 285 483 474 295 286 295 286 483 474 482 473 295 286 482 473 299 290 299 290 482 473 481 472 299 290 481 472 300 291 300 291 481 472 498 489 300 291 498 489 301 292 301 292 498 489 497 488 301 292 497 488 302 293 302 293 497 488 496 487 302 293 496 487 303 294 303 294 496 487 495 486 303 294 495 486 305 296 305 296 495 486 494 485 305 296 494 485 306 297 306 297 494 485 493 484 306 297 493 484 307 298 307 298 493 484 492 483 307 298 492 483 319 310 319 310 492 483 491 482 319 310 491 482 320 311 320 311 491 482 490 481 320 311 490 481 321 312 321 312 490 481 480 471 321 312 480 471 308 299 308 299 480 471 479 470 670 651 671 652 672 653 673 654 674 655 672 653 675 656 676 657 677 658 677 658 676 657 678 659 679 660 680 661 681 662 682 663 683 664 684 665 684 665 683 664 685 666 684 665 685 666 686 667 687 668 688 669 689 670 690 671 691 672 692 673 693 674 694 675 695 676 695 676 694 675 696 677 695 676 696 677 697 678 698 679 699 680 700 681 701 682 702 683 703 684 703 684 702 683 704 685 703 684 704 685 672 653 672 653 704 685 705 686 672 653 705 686 673 654 679 660 681 662 706 687 680 661 679 660 707 688 707 688 679 660 708 689 707 688 708 689 709 690 709 690 708 689 710 691 709 690 710 691 711 692 678 659 712 693 677 658 677 658 712 693 713 694 677 658 713 694 714 695 715 696 716 697 717 698 717 698 716 697 718 699 717 698 718 699 719 700 717 698 720 701 721 702 722 703 723 704 724 705 725 706 726 707 703 684 703 684 726 707 727 708 703 684 727 708 701 682 671 652 728 709 672 653 672 653 728 709 729 710 672 653 729 710 730 711 730 711 729 710 731 712 730 711 731 712 732 713 732 713 731 712 706 687 732 713 706 687 733 714 733 714 706 687 681 662 711 692 710 691 734 715 734 715 710 691 735 716 734 715 735 716 736 717 736 717 737 718 734 715 734 715 737 718 738 719 734 715 738 719 684 665 684 665 738 719 739 720 684 665 739 720 682 663 740 721 677 658 741 722 696 677 742 723 697 678 697 678 742 723 743 724 697 678 743 724 744 725 744 725 743 724 745 726 744 725 745 726 746 727 746 727 745 726 684 665 746 727 684 665 747 728 748 729 749 730 750 731 700 681 699 680 751 732 751 732 699 680 752 733 751 732 752 733 753 734 724 705 754 735 722 703 722 703 754 735 755 736 722 703 755 736 756 737 756 737 755 736 757 738 756 737 757 738 758 739 759 740 760 741 761 742 761 742 760 741 762 743 761 742 762 743 763 744 703 684 764 745 725 706 725 706 764 745 765 746 725 706 765 746 759 740 759 740 765 746 766 747 759 740 766 747 760 741 767 748 768 749 769 750 769 750 768 749 770 751 769 750 770 751 771 752 771 752 770 751 772 753 771 752 772 753 687 668 687 668 772 753 773 754 687 668 773 754 688 669 767 748 769 750 674 655 674 655 769 750 774 755 674 655 774 755 775 756 776 757 777 758 674 655 674 655 777 758 778 759 674 655 778 759 779 760 689 670 692 673 687 668 687 668 692 673 684 665 687 668 684 665 780 761 780 761 684 665 686 667 781 762 782 763 783 764 691 672 784 765 692 673 692 673 784 765 785 766 692 673 785 766 786 767 787 768 788 769 684 665 684 665 788 769 789 770 684 665 789 770 747 728 717 698 790 771 715 696 715 696 790 771 791 772 715 696 791 772 693 674 693 674 791 772 792 773 693 674 792 773 694 675 721 702 793 774 717 698 717 698 793 774 794 775 717 698 794 775 750 731 750 731 794 775 795 776 750 731 795 776 748 729 749 730 796 777 750 731 750 731 796 777 797 778 750 731 797 778 798 779 798 779 797 778 799 780 798 779 799 780 800 781 800 781 799 780 801 782 758 739 802 783 756 737 756 737 802 783 803 784 756 737 803 784 804 785 804 785 803 784 805 786 804 785 805 786 806 787 806 787 805 786 763 744 806 787 763 744 807 788 807 788 763 744 762 743 808 789 809 790 740 721 809 790 810 791 740 721 740 721 810 791 811 792 740 721 811 792 812 793 812 793 813 794 740 721 740 721 813 794 814 795 740 721 814 795 677 658 677 658 814 795 815 796 677 658 815 796 675 656 786 767 816 797 692 673 692 673 816 797 817 798 692 673 817 798 684 665 684 665 817 798 818 799 684 665 818 799 787 768 700 681 819 800 698 679 698 679 819 800 820 801 698 679 820 801 801 782 801 782 820 801 821 802 801 782 821 802 800 781 753 734 752 733 722 703 722 703 752 733 822 803 722 703 822 803 782 763 779 760 823 804 674 655 674 655 823 804 824 805 674 655 824 805 672 653 672 653 824 805 825 806 672 653 825 806 670 651 692 673 826 807 690 671 690 671 826 807 827 808 690 671 827 808 828 809 828 809 827 808 740 721 828 809 740 721 829 810 829 810 740 721 741 722 781 762 783 764 740 721 740 721 783 764 830 811 740 721 830 811 808 789 781 762 831 812 782 763 782 763 831 812 832 813 782 763 832 813 722 703 722 703 832 813 833 814 722 703 833 814 723 704 775 756 834 815 674 655 674 655 834 815 835 816 674 655 835 816 836 817 719 700 837 818 717 698 717 698 837 818 838 819 717 698 838 819 720 701 720 701 838 819 839 820 720 701 839 820 840 821 840 821 841 822 720 701 720 701 841 822 842 823 720 701 842 823 843 824 843 824 842 823 844 825 843 824 844 825 845 826 845 826 844 825 846 827 845 826 846 827 847 828 847 828 846 827 848 829 847 828 848 829 849 830 849 830 848 829 850 831 849 830 850 831 714 695 714 695 850 831 851 832 714 695 851 832 677 658 836 817 852 833 674 655 674 655 852 833 853 834 674 655 853 834 776 757 717 698 854 835 855 836 717 698 855 836 790 771 790 771 855 836 856 837 790 771 856 837 791 772 791 772 856 837 857 838 791 772 857 838 792 773 792 773 857 838 858 839 792 773 858 839 694 675 694 675 858 839 859 840 694 675 859 840 696 677 696 677 859 840 860 841 696 677 860 841 742 723 742 723 860 841 861 842 742 723 861 842 743 724 743 724 861 842 862 843 743 724 862 843 745 726 745 726 862 843 863 844 745 726 863 844 684 665 864 845 854 835 750 731 750 731 854 835 717 698 722 703 865 846 866 847 722 703 866 847 753 734 753 734 866 847 867 848 753 734 867 848 751 732 751 732 867 848 868 849 751 732 868 849 700 681 700 681 868 849 869 850 700 681 869 850 819 800 819 800 869 850 870 851 819 800 870 851 820 801 820 801 870 851 871 852 820 801 871 852 821 802 821 802 871 852 872 853 821 802 872 853 800 781 800 781 872 853 873 854 800 781 873 854 798 779 798 779 873 854 864 845 798 779 864 845 750 731 703 684 874 855 875 856 703 684 875 856 764 745 764 745 875 856 876 857 764 745 876 857 765 746 765 746 876 857 877 858 765 746 877 858 766 747 766 747 877 858 878 859 766 747 878 859 760 741 760 741 878 859 879 860 760 741 879 860 762 743 762 743 879 860 880 861 762 743 880 861 807 788 807 788 880 861 881 862 807 788 881 862 806 787 806 787 881 862 882 863 806 787 882 863 804 785 804 785 882 863 883 864 804 785 883 864 756 737 884 865 874 855 672 653 672 653 874 855 703 684 734 715 885 866 886 867 734 715 886 867 711 692 711 692 886 867 887 868 711 692 887 868 709 690 709 690 887 868 888 869 709 690 888 869 707 688 707 688 888 869 889 870 707 688 889 870 680 661 680 661 889 870 890 871 680 661 890 871 681 662 681 662 890 871 891 872 681 662 891 872 733 714 733 714 891 872 892 873 733 714 892 873 732 713 732 713 892 873 893 874 732 713 893 874 730 711 730 711 893 874 884 865 730 711 884 865 672 653 782 763 894 875 783 764 783 764 894 875 895 876 783 764 895 876 830 811 830 811 895 876 896 877 830 811 896 877 808 789 808 789 896 877 897 878 808 789 897 878 809 790 809 790 897 878 898 879 809 790 898 879 810 791 810 791 898 879 899 880 810 791 899 880 811 792 811 792 899 880 900 881 811 792 900 881 812 793 812 793 900 881 901 882 812 793 901 882 813 794 813 794 901 882 902 883 813 794 902 883 814 795 814 795 902 883 903 884 814 795 903 884 815 796 815 796 903 884 904 885 815 796 904 885 675 656 675 656 904 885 905 886 675 656 905 886 676 657 676 657 905 886 906 887 676 657 906 887 678 659 678 659 906 887 907 888 678 659 907 888 712 693 712 693 907 888 908 889 712 693 908 889 713 694 713 694 908 889 909 890 713 694 909 890 714 695 714 695 909 890 910 891 714 695 910 891 849 830 849 830 910 891 911 892 849 830 911 892 847 828 847 828 911 892 912 893 847 828 912 893 845 826 845 826 912 893 913 894 845 826 913 894 843 824 843 824 913 894 914 895 843 824 914 895 720 701 720 701 914 895 915 896 720 701 915 896 721 702 721 702 915 896 916 897 721 702 916 897 793 774 793 774 916 897 917 898 793 774 917 898 794 775 794 775 917 898 918 899 794 775 918 899 795 776 795 776 918 899 919 900 795 776 919 900 748 729 748 729 919 900 920 901 748 729 920 901 749 730 749 730 920 901 921 902 749 730 921 902 796 777 796 777 921 902 922 903 796 777 922 903 797 778 797 778 922 903 923 904 797 778 923 904 799 780 799 780 923 904 924 905 799 780 924 905 801 782 801 782 924 905 925 906 801 782 925 906 698 679 698 679 925 906 926 907 698 679 926 907 699 680 699 680 926 907 927 908 699 680 927 908 752 733 752 733 927 908 928 909 752 733 928 909 822 803 822 803 928 909 929 910 822 803 929 910 782 763 782 763 929 910 894 875 802 783 930 875 803 784 803 784 930 875 931 876 803 784 931 876 805 786 805 786 931 876 932 877 805 786 932 877 763 744 763 744 932 877 933 878 763 744 933 878 761 742 761 742 933 878 934 879 761 742 934 879 759 740 759 740 934 879 935 880 759 740 935 880 725 706 725 706 935 880 936 881 725 706 936 881 726 707 726 707 936 881 937 882 726 707 937 882 727 708 727 708 937 882 938 883 727 708 938 883 701 682 701 682 938 883 939 884 701 682 939 884 702 683 702 683 939 884 940 885 702 683 940 885 704 685 704 685 940 885 941 886 704 685 941 886 705 686 705 686 941 886 942 887 705 686 942 887 673 654 673 654 942 887 943 888 673 654 943 888 674 655 674 655 943 888 944 889 674 655 944 889 767 748 767 748 944 889 945 890 767 748 945 890 768 749 768 749 945 890 946 891 768 749 946 891 770 751 770 751 946 891 947 892 770 751 947 892 772 753 772 753 947 892 948 893 772 753 948 893 773 754 773 754 948 893 949 894 773 754 949 894 688 669 688 669 949 894 950 895 688 669 950 895 689 670 689 670 950 895 951 896 689 670 951 896 692 673 692 673 951 896 952 897 692 673 952 897 826 807 826 807 952 897 953 898 826 807 953 898 827 808 827 808 953 898 954 899 827 808 954 899 740 721 740 721 954 899 955 900 740 721 955 900 781 762 781 762 955 900 956 911 781 762 956 911 831 812 831 812 956 911 957 902 831 812 957 902 832 813 832 813 957 902 958 903 832 813 958 903 833 814 833 814 958 903 959 904 833 814 959 904 723 704 723 704 959 904 960 905 723 704 960 905 724 705 724 705 960 905 961 906 724 705 961 906 754 735 754 735 961 906 962 907 754 735 962 907 755 736 755 736 962 907 963 908 755 736 963 908 757 738 757 738 963 908 964 909 757 738 964 909 758 739 758 739 964 909 965 910 758 739 965 910 802 783 802 783 965 910 930 875 848 829 966 875 850 831 850 831 966 875 967 876 850 831 967 876 851 832 851 832 967 876 968 877 851 832 968 877 677 658 677 658 968 877 969 878 677 658 969 878 741 722 741 722 969 878 970 879 741 722 970 879 829 810 829 810 970 879 971 880 829 810 971 880 828 809 828 809 971 880 972 881 828 809 972 881 690 671 690 671 972 881 973 882 690 671 973 882 691 672 691 672 973 882 974 883 691 672 974 883 784 765 784 765 974 883 975 884 784 765 975 884 785 766 785 766 975 884 976 885 785 766 976 885 786 767 786 767 976 885 977 886 786 767 977 886 816 797 816 797 977 886 978 887 816 797 978 887 817 798 817 798 978 887 979 888 817 798 979 888 818 799 818 799 979 888 980 889 818 799 980 889 787 768 787 768 980 889 981 890 787 768 981 890 788 769 788 769 981 890 982 891 788 769 982 891 789 770 789 770 982 891 983 892 789 770 983 892 747 728 747 728 983 892 984 912 747 728 984 912 746 727 746 727 984 912 985 894 746 727 985 894 744 725 744 725 985 894 986 895 744 725 986 895 697 678 697 678 986 895 987 896 697 678 987 896 695 676 695 676 987 896 988 913 695 676 988 913 693 674 693 674 988 913 989 898 693 674 989 898 715 696 715 696 989 898 990 899 715 696 990 899 716 697 716 697 990 899 991 900 716 697 991 900 718 699 718 699 991 900 992 911 718 699 992 911 719 700 719 700 992 911 993 902 719 700 993 902 837 818 837 818 993 902 994 903 837 818 994 903 838 819 838 819 994 903 995 904 838 819 995 904 839 820 839 820 995 904 996 905 839 820 996 905 840 821 840 821 996 905 997 906 840 821 997 906 841 822 841 822 997 906 998 907 841 822 998 907 842 823 842 823 998 907 999 908 842 823 999 908 844 825 844 825 999 908 1000 909 844 825 1000 909 846 827 846 827 1000 909 1001 910 846 827 1001 910 848 829 848 829 1001 910 966 875 853 834 1002 875 776 757 776 757 1002 875 1003 876 776 757 1003 876 777 758 777 758 1003 876 1004 877 777 758 1004 877 778 759 778 759 1004 877 1005 878 778 759 1005 878 779 760 779 760 1005 878 1006 879 779 760 1006 879 823 804 823 804 1006 879 1007 880 823 804 1007 880 824 805 824 805 1007 880 1008 881 824 805 1008 881 825 806 825 806 1008 881 1009 882 825 806 1009 882 670 651 670 651 1009 882 1010 883 670 651 1010 883 671 652 671 652 1010 883 1011 884 671 652 1011 884 728 709 728 709 1011 884 1012 885 728 709 1012 885 729 710 729 710 1012 885 1013 886 729 710 1013 886 731 712 731 712 1013 886 1014 887 731 712 1014 887 706 687 706 687 1014 887 1015 888 706 687 1015 888 679 660 679 660 1015 888 1016 889 679 660 1016 889 708 689 708 689 1016 889 1017 890 708 689 1017 890 710 691 710 691 1017 890 1018 891 710 691 1018 891 735 716 735 716 1018 891 1019 892 735 716 1019 892 736 717 736 717 1019 892 1020 912 736 717 1020 912 737 718 737 718 1020 912 1021 894 737 718 1021 894 738 719 738 719 1021 894 1022 895 738 719 1022 895 739 720 739 720 1022 895 1023 896 739 720 1023 896 682 663 682 663 1023 896 1024 913 682 663 1024 913 683 664 683 664 1024 913 1025 898 683 664 1025 898 685 666 685 666 1025 898 1026 899 685 666 1026 899 686 667 686 667 1026 899 1027 900 686 667 1027 900 780 761 780 761 1027 900 1028 911 780 761 1028 911 687 668 687 668 1028 911 1029 902 687 668 1029 902 771 752 771 752 1029 902 1030 903 771 752 1030 903 769 750 769 750 1030 903 1031 904 769 750 1031 904 774 755 774 755 1031 904 1032 905 774 755 1032 905 775 756 775 756 1032 905 1033 906 775 756 1033 906 834 815 834 815 1033 906 1034 907 834 815 1034 907 835 816 835 816 1034 907 1035 908 835 816 1035 908 836 817 836 817 1035 908 1036 909 836 817 1036 909 852 833 852 833 1036 909 1037 910 852 833 1037 910 853 834 853 834 1037 910 1002 875 978 887 1038 914 979 888 979 888 1038 914 1039 915 979 888 1039 915 980 889 980 889 1039 915 1040 916 980 889 1040 916 981 890 981 890 1040 916 1041 917 981 890 1041 917 982 891 982 891 1041 917 1042 918 982 891 1042 918 983 892 983 892 1042 918 1043 919 983 892 1043 919 984 912 984 912 1043 919 1044 920 984 912 1044 920 985 894 985 894 1044 920 1045 921 985 894 1045 921 986 895 986 895 1045 921 1046 922 986 895 1046 922 987 896 987 896 1046 922 1047 923 987 896 1047 923 988 913 988 913 1047 923 1048 924 988 913 1048 924 989 898 989 898 1048 924 1049 925 989 898 1049 925 990 899 990 899 1049 925 1050 926 990 899 1050 926 991 900 991 900 1050 926 1051 927 991 900 1051 927 992 911 992 911 1051 927 1052 928 992 911 1052 928 993 902 993 902 1052 928 1053 929 993 902 1053 929 994 903 994 903 1053 929 1054 930 994 903 1054 930 995 904 995 904 1054 930 1055 931 995 904 1055 931 996 905 996 905 1055 931 1056 932 996 905 1056 932 997 906 997 906 1056 932 1057 933 997 906 1057 933 998 907 998 907 1057 933 1058 934 998 907 1058 934 999 908 999 908 1058 934 1059 935 999 908 1059 935 1000 909 1000 909 1059 935 1060 936 1000 909 1060 936 1001 910 1001 910 1060 936 1061 937 1001 910 1061 937 966 875 966 875 1061 937 1062 938 966 875 1062 938 967 876 967 876 1062 938 1063 939 967 876 1063 939 968 877 968 877 1063 939 1064 940 968 877 1064 940 969 878 969 878 1064 940 1065 941 969 878 1065 941 970 879 970 879 1065 941 1066 942 970 879 1066 942 971 880 971 880 1066 942 1067 943 971 880 1067 943 972 881 972 881 1067 943 1068 944 972 881 1068 944 973 882 973 882 1068 944 1069 945 973 882 1069 945 974 883 974 883 1069 945 1070 946 974 883 1070 946 975 884 975 884 1070 946 1071 947 975 884 1071 947 976 885 976 885 1071 947 1072 948 976 885 1072 948 977 886 977 886 1072 948 1073 949 977 886 1073 949 978 887 978 887 1073 949 1038 914 949 894 1074 950 950 895 950 895 1074 950 1075 951 950 895 1075 951 951 896 951 896 1075 951 1076 952 951 896 1076 952 952 897 952 897 1076 952 1077 953 952 897 1077 953 953 898 953 898 1077 953 1078 954 953 898 1078 954 954 899 954 899 1078 954 1079 955 954 899 1079 955 955 900 955 900 1079 955 1080 956 955 900 1080 956 956 911 956 911 1080 956 1081 957 956 911 1081 957 957 902 957 902 1081 957 1082 958 957 902 1082 958 958 903 958 903 1082 958 1083 959 958 903 1083 959 959 904 959 904 1083 959 1084 960 959 904 1084 960 960 905 960 905 1084 960 1085 961 960 905 1085 961 961 906 961 906 1085 961 1086 962 961 906 1086 962 962 907 962 907 1086 962 1087 963 962 907 1087 963 963 908 963 908 1087 963 1088 964 963 908 1088 964 964 909 964 909 1088 964 1089 965 964 909 1089 965 965 910 965 910 1089 965 1090 966 965 910 1090 966 930 875 930 875 1090 966 1091 967 930 875 1091 967 931 876 931 876 1091 967 1092 968 931 876 1092 968 932 877 932 877 1092 968 1093 969 932 877 1093 969 933 878 933 878 1093 969 1094 970 933 878 1094 970 934 879 934 879 1094 970 1095 971 934 879 1095 971 935 880 935 880 1095 971 1096 972 935 880 1096 972 936 881 936 881 1096 972 1097 973 936 881 1097 973 937 882 937 882 1097 973 1098 974 937 882 1098 974 938 883 938 883 1098 974 1099 975 938 883 1099 975 939 884 939 884 1099 975 1100 976 939 884 1100 976 940 885 940 885 1100 976 1101 977 940 885 1101 977 941 886 941 886 1101 977 1102 978 941 886 1102 978 942 887 942 887 1102 978 1103 979 942 887 1103 979 943 888 943 888 1103 979 1104 980 943 888 1104 980 944 889 944 889 1104 980 1105 981 944 889 1105 981 945 890 945 890 1105 981 1106 982 945 890 1106 982 946 891 946 891 1106 982 1107 983 946 891 1107 983 947 892 947 892 1107 983 1108 984 947 892 1108 984 948 893 948 893 1108 984 1109 985 948 893 1109 985 949 894 949 894 1109 985 1074 950 920 901 1110 928 921 902 921 902 1110 928 1111 929 921 902 1111 929 922 903 922 903 1111 929 1112 930 922 903 1112 930 923 904 923 904 1112 930 1113 931 923 904 1113 931 924 905 924 905 1113 931 1114 932 924 905 1114 932 925 906 925 906 1114 932 1115 933 925 906 1115 933 926 907 926 907 1115 933 1116 986 926 907 1116 986 927 908 927 908 1116 986 1117 987 927 908 1117 987 928 909 928 909 1117 987 1118 936 928 909 1118 936 929 910 929 910 1118 936 1119 988 929 910 1119 988 894 875 894 875 1119 988 1120 989 894 875 1120 989 895 876 895 876 1120 989 1121 990 895 876 1121 990 896 877 896 877 1121 990 1122 991 896 877 1122 991 897 878 897 878 1122 991 1123 992 897 878 1123 992 898 879 898 879 1123 992 1124 993 898 879 1124 993 899 880 899 880 1124 993 1125 943 899 880 1125 943 900 881 900 881 1125 943 1126 944 900 881 1126 944 901 882 901 882 1126 944 1127 945 901 882 1127 945 902 883 902 883 1127 945 1128 946 902 883 1128 946 903 884 903 884 1128 946 1129 947 903 884 1129 947 904 885 904 885 1129 947 1130 948 904 885 1130 948 905 886 905 886 1130 948 1131 949 905 886 1131 949 906 887 906 887 1131 949 1132 914 906 887 1132 914 907 888 907 888 1132 914 1133 994 907 888 1133 994 908 889 908 889 1133 994 1134 916 908 889 1134 916 909 890 909 890 1134 916 1135 917 909 890 1135 917 910 891 910 891 1135 917 1136 918 910 891 1136 918 911 892 911 892 1136 918 1137 995 911 892 1137 995 912 893 912 893 1137 995 1138 920 912 893 1138 920 913 894 913 894 1138 920 1139 996 913 894 1139 996 914 895 914 895 1139 996 1140 997 914 895 1140 997 915 896 915 896 1140 997 1141 923 915 896 1141 923 916 897 916 897 1141 923 1142 924 916 897 1142 924 917 898 917 898 1142 924 1143 925 917 898 1143 925 918 899 918 899 1143 925 1144 926 918 899 1144 926 919 900 919 900 1144 926 1145 927 919 900 1145 927 920 901 920 901 1145 927 1110 928 1146 998 1147 999 1148 1000 1148 1000 1147 999 1149 1001 1150 1002 1151 1003 1152 1004 1149 1001 1153 1005 1148 1000 1148 1000 1153 1005 1154 1006 1148 1000 1154 1006 1155 1007 1154 1006 1156 1008 1155 1007 1155 1007 1156 1008 1157 1009 1155 1007 1157 1009 1158 1010 1158 1010 1159 1011 1155 1007 1155 1007 1159 1011 1160 1012 1155 1007 1160 1012 1150 1002 1150 1002 1160 1012 1161 1013 1150 1002 1161 1013 1151 1003 1152 1004 1162 1014 1150 1002 1150 1002 1162 1014 1163 1015 1150 1002 1163 1015 1164 1016 1164 1016 1163 1015 1165 1017 1164 1016 1165 1017 1166 1018 1146 998 1148 1000 1167 1019 1167 1019 1148 1000 1164 1016 1167 1019 1164 1016 1168 1020 1168 1020 1164 1016 1166 1018 1168 1020 1166 1018 1169 1021 1018 891 1170 983 1019 892 1019 892 1170 983 1171 1022 1019 892 1171 1022 1020 912 1020 912 1171 1022 1172 1023 1020 912 1172 1023 1021 894 1021 894 1172 1023 1173 1024 1021 894 1173 1024 1022 895 1022 895 1173 1024 1174 1025 1022 895 1174 1025 1023 896 1023 896 1174 1025 1175 952 1023 896 1175 952 1024 913 1024 913 1175 952 1176 1026 1024 913 1176 1026 1025 898 1025 898 1176 1026 1177 954 1025 898 1177 954 1026 899 1026 899 1177 954 1178 955 1026 899 1178 955 1027 900 1027 900 1178 955 1179 956 1027 900 1179 956 1028 911 1028 911 1179 956 1180 957 1028 911 1180 957 1029 902 1029 902 1180 957 1181 958 1029 902 1181 958 1030 903 1030 903 1181 958 1182 959 1030 903 1182 959 1031 904 1031 904 1182 959 1183 960 1031 904 1183 960 1032 905 1032 905 1183 960 1184 961 1032 905 1184 961 1033 906 1033 906 1184 961 1185 1027 1033 906 1185 1027 1034 907 1034 907 1185 1027 1186 1028 1034 907 1186 1028 1035 908 1035 908 1186 1028 1187 1029 1035 908 1187 1029 1036 909 1036 909 1187 1029 1188 965 1036 909 1188 965 1037 910 1037 910 1188 965 1189 966 1037 910 1189 966 1002 875 1002 875 1189 966 1190 967 1002 875 1190 967 1003 876 1003 876 1190 967 1191 1030 1003 876 1191 1030 1004 877 1004 877 1191 1030 1192 1031 1004 877 1192 1031 1005 878 1005 878 1192 1031 1193 970 1005 878 1193 970 1006 879 1006 879 1193 970 1194 971 1006 879 1194 971 1007 880 1007 880 1194 971 1195 972 1007 880 1195 972 1008 881 1008 881 1195 972 1196 973 1008 881 1196 973 1009 882 1009 882 1196 973 1197 974 1009 882 1197 974 1010 883 1010 883 1197 974 1198 975 1010 883 1198 975 1011 884 1011 884 1198 975 1199 976 1011 884 1199 976 1012 885 1012 885 1199 976 1200 977 1012 885 1200 977 1013 886 1013 886 1200 977 1201 978 1013 886 1201 978 1014 887 1014 887 1201 978 1202 979 1014 887 1202 979 1015 888 1015 888 1202 979 1203 980 1015 888 1203 980 1016 889 1016 889 1203 980 1204 981 1016 889 1204 981 1017 890 1017 890 1204 981 1205 982 1017 890 1205 982 1018 891 1018 891 1205 982 1170 983 1206 1032 1207 1033 1208 1034 1209 1035 884 865 1210 1036 1210 1036 884 865 1211 1037 1208 1034 1207 1033 1212 1038 1213 1039 884 865 1214 1040 1214 1040 884 865 1207 1033 880 861 879 860 1215 1041 1215 1041 879 860 878 859 1215 1041 878 859 1216 1042 1217 1043 1218 1044 885 866 892 873 1219 1045 1220 1046 1211 1037 884 865 1220 1046 1220 1046 884 865 893 874 1220 1046 893 874 892 873 878 859 877 858 1216 1042 1216 1042 877 858 876 857 1216 1042 876 857 1221 1047 1221 1047 876 857 875 856 1221 1047 875 856 1222 1048 1222 1048 875 856 874 855 1222 1048 874 855 1223 1049 1224 1050 1225 1051 888 869 1209 1035 1226 1052 884 865 884 865 1226 1052 1227 1053 884 865 1227 1053 1207 1033 1207 1033 1227 1053 1228 1054 1207 1033 1228 1054 1212 1038 1213 1039 1229 1055 884 865 884 865 1229 1055 1230 1056 884 865 1230 1056 874 855 874 855 1230 1056 1231 1057 874 855 1231 1057 1223 1049 1232 1058 1233 1059 883 864 883 864 1233 1059 1234 1060 1235 1061 1236 1062 1237 1063 1237 1063 1236 1062 1238 1064 1239 1065 1240 1066 880 861 1241 1067 1242 1068 885 866 885 866 1242 1068 1243 1069 885 866 1243 1069 1217 1043 1244 1070 1245 1071 1246 1072 1234 1060 1247 1073 883 864 883 864 1247 1073 1248 1074 883 864 1248 1074 1249 1075 1225 1051 1236 1062 888 869 888 869 1236 1062 1235 1061 888 869 1235 1061 889 870 889 870 1235 1061 1250 1076 889 870 1250 1076 890 871 890 871 1250 1076 1219 1045 890 871 1219 1045 891 872 891 872 1219 1045 892 873 1208 1034 1251 1077 1206 1032 1206 1032 1251 1077 1244 1070 1206 1032 1244 1070 1252 1078 1252 1078 1244 1070 1246 1072 1253 1079 1239 1065 1254 1080 1254 1080 1239 1065 880 861 1254 1080 880 861 1255 1081 1255 1081 880 861 1215 1041 1240 1066 1256 1082 880 861 880 861 1256 1082 1257 1083 880 861 1257 1083 881 862 887 868 1258 1084 888 869 888 869 1258 1084 1259 1085 888 869 1259 1085 1224 1050 1257 1083 1260 1086 881 862 881 862 1260 1086 1261 1087 881 862 1261 1087 882 863 886 867 1262 1088 887 868 887 868 1262 1088 1263 1089 887 868 1263 1089 1258 1084 1218 1044 1264 1090 885 866 885 866 1264 1090 1265 1091 885 866 1265 1091 886 867 886 867 1265 1091 1266 1092 886 867 1266 1092 1262 1088 1261 1087 1267 1093 882 863 882 863 1267 1093 1268 1094 882 863 1268 1094 883 864 883 864 1268 1094 1269 1095 883 864 1269 1095 1232 1058 1185 1027 1184 961 1270 1096 1183 960 1271 1097 1184 961 1184 961 1271 1097 1272 1098 1184 961 1272 1098 1270 1096 1182 959 1273 1099 1183 960 1183 960 1273 1099 1274 1100 1183 960 1274 1100 1271 1097 1181 958 1275 1101 1182 959 1182 959 1275 1101 1276 1102 1182 959 1276 1102 1273 1099 1180 957 1277 1103 1181 958 1181 958 1277 1103 1278 1104 1181 958 1278 1104 1275 1101 1179 956 1279 1105 1180 957 1180 957 1279 1105 1280 1106 1180 957 1280 1106 1277 1103 1178 955 1281 1107 1179 956 1179 956 1281 1107 1282 1108 1179 956 1282 1108 1279 1105 1283 1109 1284 1110 1178 955 1178 955 1284 1110 1285 1111 1178 955 1285 1111 1281 1107 1178 955 1177 954 1283 1109 1283 1109 1177 954 1176 1026 1283 1109 1176 1026 1286 1112 1286 1112 1176 1026 1175 952 1286 1112 1175 952 1287 1113 1287 1113 1175 952 1174 1025 1287 1113 1174 1025 1288 1114 1288 1114 1174 1025 1173 1024 1288 1114 1173 1024 1289 1115 1289 1115 1173 1024 1172 1023 1289 1115 1172 1023 1290 1116 1290 1116 1172 1023 1171 1022 1290 1116 1171 1022 1291 1117 1270 1096 1292 1118 1185 1027 1185 1027 1292 1118 1293 1119 1185 1027 1293 1119 1186 1028 1186 1028 1293 1119 1294 1120 1186 1028 1294 1120 1187 1029 1187 1029 1294 1120 1295 1121 1187 1029 1295 1121 1188 965 1188 965 1295 1121 1296 1122 1188 965 1296 1122 1189 966 1189 966 1296 1122 1297 1123 1189 966 1297 1123 1190 967 1190 967 1297 1123 1298 1124 1190 967 1298 1124 1191 1030 1191 1030 1298 1124 1245 1071 1191 1030 1245 1071 1192 1031 1192 1031 1245 1071 1244 1070 1192 1031 1244 1070 1193 970 1193 970 1244 1070 1251 1077 1193 970 1251 1077 1194 971 1194 971 1251 1077 1208 1034 1194 971 1208 1034 1195 972 1195 972 1208 1034 1212 1038 1195 972 1212 1038 1196 973 1196 973 1212 1038 1228 1054 1196 973 1228 1054 1197 974 1197 974 1228 1054 1227 1053 1197 974 1227 1053 1198 975 1198 975 1227 1053 1226 1052 1198 975 1226 1052 1199 976 1199 976 1226 1052 1209 1035 1199 976 1209 1035 1200 977 1200 977 1209 1035 1210 1036 1200 977 1210 1036 1201 978 1201 978 1210 1036 1211 1037 1201 978 1211 1037 1202 979 1202 979 1211 1037 1220 1046 1202 979 1220 1046 1203 980 1203 980 1220 1046 1219 1045 1203 980 1219 1045 1204 981 1204 981 1219 1045 1250 1076 1204 981 1250 1076 1205 982 1205 982 1250 1076 1235 1061 1205 982 1235 1061 1170 983 1170 983 1235 1061 1237 1063 1170 983 1237 1063 1171 1022 1171 1022 1237 1063 1238 1064 1171 1022 1238 1064 1291 1117 1299 1125 1300 1126 1164 1016 1164 1016 1300 1126 1150 1002 1164 1016 1148 1000 1301 1127 1302 1128 1303 1129 1148 1000 1301 1127 1304 1130 1164 1016 1164 1016 1304 1130 1305 1131 1164 1016 1305 1131 1306 1132 1306 1132 1307 1133 1164 1016 1164 1016 1307 1133 1308 1134 1164 1016 1308 1134 1309 1135 1310 1136 1311 1137 1299 1125 1299 1125 1311 1137 1312 1138 1299 1125 1312 1138 1313 1139 1313 1139 1314 1140 1299 1125 1299 1125 1314 1140 1315 1141 1299 1125 1315 1141 1316 1142 1317 1143 1318 1144 1319 1145 1319 1145 1318 1144 1299 1125 1319 1145 1299 1125 1320 1146 1320 1146 1299 1125 1316 1142 1303 1129 1321 1147 1148 1000 1148 1000 1321 1147 1322 1148 1148 1000 1322 1148 1323 1149 1323 1149 1324 1150 1148 1000 1148 1000 1324 1150 1325 1151 1148 1000 1325 1151 1301 1127 1309 1135 1326 1152 1164 1016 1164 1016 1326 1152 1327 1153 1164 1016 1327 1153 1299 1125 1299 1125 1327 1153 1328 1154 1299 1125 1328 1154 1310 1136 1317 1143 1329 1155 1318 1144 1318 1144 1329 1155 1330 1156 1318 1144 1330 1156 1331 1157 1331 1157 1332 1158 1318 1144 1318 1144 1332 1158 1333 1159 1318 1144 1333 1159 1334 1160 1334 1160 1335 1161 1318 1144 1318 1144 1335 1161 1336 1162 1318 1144 1336 1162 1148 1000 1148 1000 1336 1162 1337 1163 1148 1000 1337 1163 1302 1128 1338 1164 1318 1144 1155 1007 1155 1007 1318 1144 1148 1000 1339 1165 1340 1166 1150 1002 1150 1002 1340 1166 1341 1167 1342 1168 1343 1169 1155 1007 1341 1167 1344 1170 1150 1002 1150 1002 1344 1170 1345 1171 1150 1002 1345 1171 1346 1172 1347 1173 1300 1126 1348 1174 1348 1174 1300 1126 1349 1175 1347 1173 1350 1176 1300 1126 1300 1126 1350 1176 1351 1177 1300 1126 1351 1177 1352 1178 1352 1178 1353 1179 1300 1126 1300 1126 1353 1179 1354 1180 1300 1126 1354 1180 1150 1002 1150 1002 1354 1180 1355 1181 1150 1002 1355 1181 1339 1165 1343 1169 1356 1182 1155 1007 1155 1007 1356 1182 1357 1183 1155 1007 1357 1183 1358 1184 1359 1185 1360 1186 1338 1164 1338 1164 1360 1186 1361 1187 1338 1164 1361 1187 1300 1126 1300 1126 1361 1187 1362 1188 1300 1126 1362 1188 1349 1175 1346 1172 1363 1189 1150 1002 1150 1002 1363 1189 1364 1190 1150 1002 1364 1190 1155 1007 1155 1007 1364 1190 1365 1191 1155 1007 1365 1191 1342 1168 1358 1184 1366 1192 1155 1007 1155 1007 1366 1192 1367 1193 1155 1007 1367 1193 1338 1164 1338 1164 1367 1193 1368 1194 1338 1164 1368 1194 1369 1195 1369 1195 1370 1196 1338 1164 1338 1164 1370 1196 1371 1197 1338 1164 1371 1197 1372 1198 1372 1198 1373 1199 1338 1164 1338 1164 1373 1199 1374 1200 1338 1164 1374 1200 1359 1185 1133 994 1132 914 1375 1201 1131 949 1376 1202 1132 914 1132 914 1376 1202 1377 1203 1132 914 1377 1203 1375 1201 1130 948 1378 1204 1131 949 1131 949 1378 1204 1379 1205 1131 949 1379 1205 1376 1202 1129 947 1380 1206 1130 948 1130 948 1380 1206 1381 1207 1130 948 1381 1207 1378 1204 1128 946 1382 1208 1129 947 1129 947 1382 1208 1383 1209 1129 947 1383 1209 1380 1206 1127 945 1384 1210 1128 946 1128 946 1384 1210 1385 1211 1128 946 1385 1211 1382 1208 1126 944 1386 1212 1127 945 1127 945 1386 1212 1387 1213 1127 945 1387 1213 1384 1210 1388 1214 1389 1215 1126 944 1126 944 1389 1215 1390 1216 1126 944 1390 1216 1386 1212 1126 944 1125 943 1388 1214 1388 1214 1125 943 1124 993 1388 1214 1124 993 1391 1217 1391 1217 1124 993 1123 992 1391 1217 1123 992 1392 1218 1392 1218 1123 992 1122 991 1392 1218 1122 991 1393 1219 1393 1219 1122 991 1121 990 1393 1219 1121 990 1394 1220 1394 1220 1121 990 1120 989 1394 1220 1120 989 1395 1221 1395 1221 1120 989 1119 988 1395 1221 1119 988 1396 1222 1375 1201 1397 1223 1133 994 1133 994 1397 1223 1398 1224 1133 994 1398 1224 1134 916 1134 916 1398 1224 1399 1225 1134 916 1399 1225 1135 917 1135 917 1399 1225 1400 1226 1135 917 1400 1226 1136 918 1136 918 1400 1226 1401 1227 1136 918 1401 1227 1137 995 1137 995 1401 1227 1402 1228 1137 995 1402 1228 1138 920 1138 920 1402 1228 1403 1229 1138 920 1403 1229 1139 996 1139 996 1403 1229 1404 1230 1139 996 1404 1230 1140 997 1140 997 1404 1230 1405 1231 1140 997 1405 1231 1141 923 1141 923 1405 1231 1406 1232 1141 923 1406 1232 1142 924 1142 924 1406 1232 1407 1233 1142 924 1407 1233 1143 925 1143 925 1407 1233 1408 1234 1143 925 1408 1234 1144 926 1144 926 1408 1234 1409 1235 1144 926 1409 1235 1145 927 1145 927 1409 1235 1410 1236 1145 927 1410 1236 1110 928 1110 928 1410 1236 1411 1237 1110 928 1411 1237 1111 929 1111 929 1411 1237 1412 1238 1111 929 1412 1238 1112 930 1112 930 1412 1238 1413 1239 1112 930 1413 1239 1113 931 1113 931 1413 1239 1414 1240 1113 931 1414 1240 1114 932 1114 932 1414 1240 1415 1241 1114 932 1415 1241 1115 933 1115 933 1415 1241 1416 1242 1115 933 1416 1242 1116 986 1116 986 1416 1242 1417 1243 1116 986 1417 1243 1117 987 1117 987 1417 1243 1418 1244 1117 987 1418 1244 1118 936 1118 936 1418 1244 1419 1245 1118 936 1419 1245 1119 988 1119 988 1419 1245 1420 1246 1119 988 1420 1246 1396 1222 1086 962 1421 1247 1087 963 1087 963 1421 1247 1422 1248 1087 963 1422 1248 1088 964 1088 964 1422 1248 1423 1249 1088 964 1423 1249 1089 965 1089 965 1423 1249 1424 1250 1089 965 1424 1250 1090 966 1090 966 1424 1250 1425 1251 1090 966 1425 1251 1091 967 1091 967 1425 1251 1426 1252 1091 967 1426 1252 1092 968 1092 968 1426 1252 1253 1079 1092 968 1253 1079 1093 969 1093 969 1253 1079 1254 1080 1093 969 1254 1080 1094 970 1094 970 1254 1080 1255 1081 1094 970 1255 1081 1095 971 1095 971 1255 1081 1215 1041 1095 971 1215 1041 1096 972 1096 972 1215 1041 1216 1042 1096 972 1216 1042 1097 973 1097 973 1216 1042 1221 1047 1097 973 1221 1047 1098 974 1098 974 1221 1047 1222 1048 1098 974 1222 1048 1099 975 1099 975 1222 1048 1223 1049 1099 975 1223 1049 1100 976 1100 976 1223 1049 1231 1057 1100 976 1231 1057 1101 977 1101 977 1231 1057 1230 1056 1101 977 1230 1056 1102 978 1102 978 1230 1056 1229 1055 1102 978 1229 1055 1103 979 1103 979 1229 1055 1213 1039 1103 979 1213 1039 1104 980 1104 980 1213 1039 1214 1040 1104 980 1214 1040 1105 981 1105 981 1214 1040 1207 1033 1105 981 1207 1033 1106 982 1106 982 1207 1033 1206 1032 1106 982 1206 1032 1107 983 1107 983 1206 1032 1252 1078 1107 983 1252 1078 1108 984 1108 984 1252 1078 1246 1072 1085 961 1427 1253 1086 962 1086 962 1427 1253 1428 1254 1086 962 1428 1254 1421 1247 1084 960 1429 1255 1085 961 1085 961 1429 1255 1430 1256 1085 961 1430 1256 1427 1253 1083 959 1431 1257 1084 960 1084 960 1431 1257 1432 1258 1084 960 1432 1258 1429 1255 1082 958 1433 1259 1083 959 1083 959 1433 1259 1434 1260 1083 959 1434 1260 1431 1257 1081 957 1435 1261 1082 958 1082 958 1435 1261 1436 1262 1082 958 1436 1262 1433 1259 1080 956 1437 1263 1081 957 1081 957 1437 1263 1438 1264 1081 957 1438 1264 1435 1261 1079 955 1439 1265 1080 956 1080 956 1439 1265 1440 1266 1080 956 1440 1266 1437 1263 1441 1267 1442 1268 1079 955 1079 955 1442 1268 1443 1269 1079 955 1443 1269 1439 1265 1246 1072 1444 1270 1108 984 1108 984 1444 1270 1445 1271 1108 984 1445 1271 1109 985 1109 985 1445 1271 1446 1272 1109 985 1446 1272 1074 950 1074 950 1446 1272 1447 1273 1074 950 1447 1273 1075 951 1075 951 1447 1273 1448 1274 1075 951 1448 1274 1076 952 1076 952 1448 1274 1449 1275 1076 952 1449 1275 1077 953 1077 953 1449 1275 1441 1267 1077 953 1441 1267 1078 954 1078 954 1441 1267 1079 955 1039 915 1450 1276 1040 916 1040 916 1450 1276 1451 1277 1040 916 1451 1277 1041 917 1041 917 1451 1277 1452 1278 1041 917 1452 1278 1042 918 1042 918 1452 1278 1453 1279 1042 918 1453 1279 1043 919 1043 919 1453 1279 1454 1280 1043 919 1454 1280 1044 920 1044 920 1454 1280 1455 1281 1044 920 1455 1281 1045 921 1045 921 1455 1281 1456 1282 1045 921 1456 1282 1046 922 1046 922 1456 1282 1457 1283 1046 922 1457 1283 1047 923 1047 923 1457 1283 1458 1232 1047 923 1458 1232 1048 924 1048 924 1458 1232 1459 1284 1048 924 1459 1284 1049 925 1049 925 1459 1284 1460 1285 1049 925 1460 1285 1050 926 1050 926 1460 1285 1461 1286 1050 926 1461 1286 1051 927 1051 927 1461 1286 1462 1287 1051 927 1462 1287 1052 928 1052 928 1462 1287 1463 1288 1052 928 1463 1288 1053 929 1053 929 1463 1288 1464 1289 1053 929 1464 1289 1054 930 1054 930 1464 1289 1465 1290 1054 930 1465 1290 1055 931 1055 931 1465 1290 1466 1291 1055 931 1466 1291 1056 932 1056 932 1466 1291 1467 1292 1056 932 1467 1292 1057 933 1057 933 1467 1292 1468 1293 1057 933 1468 1293 1058 934 1058 934 1468 1293 1469 1294 1058 934 1469 1294 1059 935 1059 935 1469 1294 1470 1295 1059 935 1470 1295 1060 936 1060 936 1470 1295 1471 1296 1060 936 1471 1296 1061 937 1061 937 1471 1296 1472 1297 1038 914 1473 1298 1039 915 1039 915 1473 1298 1474 1299 1039 915 1474 1299 1450 1276 1073 949 1475 1300 1038 914 1038 914 1475 1300 1476 1301 1038 914 1476 1301 1473 1298 1072 948 1477 1302 1073 949 1073 949 1477 1302 1478 1303 1073 949 1478 1303 1475 1300 1071 947 1479 1304 1072 948 1072 948 1479 1304 1480 1305 1072 948 1480 1305 1477 1302 1070 946 1481 1306 1071 947 1071 947 1481 1306 1482 1307 1071 947 1482 1307 1479 1304 1069 945 1483 1308 1070 946 1070 946 1483 1308 1484 1309 1070 946 1484 1309 1481 1306 1068 944 1485 1310 1069 945 1069 945 1485 1310 1486 1311 1069 945 1486 1311 1483 1308 1487 1312 1488 1313 1068 944 1068 944 1488 1313 1489 1314 1068 944 1489 1314 1485 1310 1472 1297 1490 1315 1061 937 1061 937 1490 1315 1491 1316 1061 937 1491 1316 1062 938 1062 938 1491 1316 1492 1317 1062 938 1492 1317 1063 939 1063 939 1492 1317 1493 1318 1063 939 1493 1318 1064 940 1064 940 1493 1318 1494 1319 1064 940 1494 1319 1065 941 1065 941 1494 1319 1495 1320 1065 941 1495 1320 1066 942 1066 942 1495 1320 1487 1312 1066 942 1487 1312 1067 943 1067 943 1487 1312 1068 944 1465 1290 1464 1289 854 835 1464 1289 1463 1288 854 835 854 835 1463 1288 1462 1287 854 835 1462 1287 855 836 855 836 1462 1287 1461 1286 855 836 1461 1286 856 837 856 837 1461 1286 1460 1285 860 841 859 840 1459 1284 1459 1284 859 840 858 839 1459 1284 858 839 1460 1285 1460 1285 858 839 857 838 1460 1285 857 838 856 837 1466 1291 1410 1236 1467 1292 1467 1292 1410 1236 1409 1235 1409 1235 1408 1234 1467 1292 1467 1292 1408 1234 1407 1233 1467 1292 1407 1233 1468 1293 1413 1239 1412 1238 864 845 864 845 1412 1238 1411 1237 864 845 1411 1237 854 835 854 835 1411 1237 1410 1236 854 835 1410 1236 1465 1290 1465 1290 1410 1236 1466 1291 1496 1321 1497 1322 865 846 873 854 872 853 1415 1241 1415 1241 872 853 1416 1242 873 854 1415 1241 864 845 864 845 1415 1241 1414 1240 864 845 1414 1240 1413 1239 1498 1323 1499 1324 863 844 863 844 1499 1324 1500 1325 1501 1326 1502 1327 868 849 1503 1328 1504 1329 860 841 1418 1244 1505 1330 1419 1245 1419 1245 1505 1330 1420 1246 1500 1325 1506 1331 863 844 863 844 1506 1331 1507 1332 863 844 1507 1332 1508 1333 1509 1334 1510 1335 865 846 865 846 1510 1335 1511 1336 865 846 1511 1336 1496 1321 1456 1282 1503 1328 1457 1283 1457 1283 1503 1328 860 841 1457 1283 860 841 1458 1232 1458 1232 860 841 1459 1284 1504 1329 1512 1337 860 841 860 841 1512 1337 1513 1338 860 841 1513 1338 861 842 1502 1327 1505 1330 868 849 868 849 1505 1330 1418 1244 868 849 1418 1244 869 850 869 850 1418 1244 1417 1243 869 850 1417 1243 870 851 870 851 1417 1243 1416 1242 870 851 1416 1242 871 852 871 852 1416 1242 872 853 867 848 1514 1339 868 849 868 849 1514 1339 1515 1340 868 849 1515 1340 1501 1326 1404 1230 1472 1297 1405 1231 1405 1231 1472 1297 1471 1296 1405 1231 1471 1296 1406 1232 1406 1232 1471 1296 1470 1295 1406 1232 1470 1295 1407 1233 1407 1233 1470 1295 1469 1294 1407 1233 1469 1294 1468 1293 1513 1338 1516 1341 861 842 861 842 1516 1341 1517 1342 861 842 1517 1342 862 843 866 847 1518 1343 867 848 867 848 1518 1343 1519 1344 867 848 1519 1344 1514 1339 1517 1342 1520 1345 862 843 862 843 1520 1345 1521 1346 862 843 1521 1346 863 844 863 844 1521 1346 1522 1347 863 844 1522 1347 1498 1323 1497 1322 1523 1348 865 846 865 846 1523 1348 1524 1349 865 846 1524 1349 866 847 866 847 1524 1349 1525 1350 866 847 1525 1350 1518 1343 1159 1011 1158 1010 1526 1351 1526 1351 1158 1010 1527 1352 1526 1351 1527 1352 1528 1353 1158 1010 1157 1009 1527 1352 1527 1352 1157 1009 1529 1354 1527 1352 1529 1354 1530 1355 1167 1019 1531 1356 1146 998 1146 998 1531 1356 1532 1357 1168 1020 1169 1021 1533 1358 1533 1358 1169 1021 1534 1359 1533 1358 1534 1359 1535 1360 1531 1356 1536 1361 1532 1357 1532 1357 1536 1361 1537 1362 1169 1021 1166 1018 1534 1359 1534 1359 1166 1018 1538 1363 1534 1359 1538 1363 1539 1364 1540 1365 1165 1017 1541 1366 1541 1366 1165 1017 1163 1015 1542 1367 1540 1365 1543 1368 1543 1368 1540 1365 1541 1366 1544 1369 1545 1370 1546 1371 1546 1371 1545 1370 1547 1372 1548 1373 1549 1374 1550 1375 1550 1375 1549 1374 1551 1376 1542 1367 1543 1368 1551 1376 1551 1376 1543 1368 1546 1371 1551 1376 1546 1371 1550 1375 1550 1375 1546 1371 1547 1372 1550 1375 1547 1372 1552 1377 1552 1377 1547 1372 1553 1378 1554 1379 1552 1377 1555 1380 1555 1380 1552 1377 1553 1378 1154 1006 1554 1379 1156 1008 1156 1008 1554 1379 1555 1380 1153 1005 1149 1001 1556 1381 1556 1381 1149 1001 1557 1382 1556 1381 1557 1382 1558 1383 1149 1001 1147 999 1557 1382 1557 1382 1147 999 1559 1384 1557 1382 1559 1384 1560 1385 1165 1017 1540 1365 1166 1018 1166 1018 1540 1365 1538 1363 1539 1364 1538 1363 1542 1367 1542 1367 1538 1363 1540 1365 1146 998 1532 1357 1147 999 1147 999 1532 1357 1559 1384 1536 1361 1531 1356 1535 1360 1535 1360 1531 1356 1533 1358 1153 1005 1556 1381 1154 1006 1154 1006 1556 1381 1554 1379 1556 1381 1558 1383 1554 1379 1554 1379 1558 1383 1552 1377 1558 1383 1557 1382 1552 1377 1552 1377 1557 1382 1550 1375 1548 1373 1550 1375 1560 1385 1560 1385 1550 1375 1557 1382 1536 1361 1549 1374 1537 1362 1537 1362 1549 1374 1548 1373 1560 1385 1559 1384 1537 1362 1537 1362 1559 1384 1532 1357 1560 1385 1537 1362 1548 1373 1535 1360 1534 1359 1549 1374 1549 1374 1534 1359 1551 1376 1535 1360 1549 1374 1536 1361 1534 1359 1539 1364 1551 1376 1551 1376 1539 1364 1542 1367 1168 1020 1533 1358 1167 1019 1167 1019 1533 1358 1531 1356 1162 1014 1152 1004 1561 1386 1561 1386 1152 1004 1562 1387 1561 1386 1562 1387 1563 1388 1152 1004 1151 1003 1562 1387 1562 1387 1151 1003 1564 1389 1562 1387 1564 1389 1565 1390 1566 1391 1161 1013 1567 1392 1567 1392 1161 1013 1160 1012 1568 1393 1566 1391 1569 1394 1569 1394 1566 1391 1567 1392 1162 1014 1561 1386 1163 1015 1163 1015 1561 1386 1541 1366 1543 1368 1541 1366 1563 1388 1563 1388 1541 1366 1561 1386 1161 1013 1566 1391 1151 1003 1151 1003 1566 1391 1564 1389 1546 1371 1543 1368 1562 1387 1562 1387 1543 1368 1563 1388 1159 1011 1526 1351 1160 1012 1160 1012 1526 1351 1567 1392 1565 1390 1564 1389 1568 1393 1568 1393 1564 1389 1566 1391 1544 1369 1546 1371 1565 1390 1565 1390 1546 1371 1562 1387 1569 1394 1567 1392 1528 1353 1528 1353 1567 1392 1526 1351 1569 1394 1545 1370 1568 1393 1568 1393 1545 1370 1544 1369 1528 1353 1527 1352 1545 1370 1545 1370 1527 1352 1547 1372 1156 1008 1555 1380 1157 1009 1157 1009 1555 1380 1529 1354 1530 1355 1529 1354 1553 1378 1553 1378 1529 1354 1555 1380 1553 1378 1547 1372 1530 1355 1530 1355 1547 1372 1527 1352 1528 1353 1545 1370 1569 1394 1568 1393 1544 1369 1565 1390 756 737 883 864 1249 1075 756 737 1570 1395 722 703 722 703 1570 1395 1509 1334 722 703 1509 1334 865 846 1249 1075 1571 1396 1572 1397 1573 1398 1574 1399 1249 1075 1249 1075 1574 1399 1575 1400 1249 1075 1575 1400 1576 1401 756 737 1577 1402 1578 1403 1572 1397 1579 1404 1249 1075 1249 1075 1579 1404 1580 1405 1249 1075 1580 1405 1573 1398 1576 1401 1581 1406 1249 1075 1249 1075 1581 1406 1582 1407 1249 1075 1582 1407 756 737 756 737 1582 1407 1583 1408 756 737 1583 1408 1577 1402 1578 1403 1584 1409 756 737 756 737 1584 1409 1585 1410 756 737 1585 1410 1570 1395 1570 1395 1585 1410 1586 1411 1586 1411 1587 1412 1570 1395 1570 1395 1587 1412 1588 1413 1570 1395 1588 1413 1589 1414 1589 1414 1590 1415 1570 1395 1570 1395 1590 1415 1591 1416 1570 1395 1591 1416 1592 1417 1593 1418 1594 1419 1595 1420 1595 1420 1594 1419 1571 1396 1595 1420 1571 1396 1596 1421 1596 1421 1571 1396 1249 1075 1597 1422 1598 1423 1599 1424 1599 1424 1598 1423 1570 1395 1599 1424 1570 1395 1600 1425 1600 1425 1570 1395 1592 1417 1597 1422 1601 1426 1598 1423 1598 1423 1601 1426 1602 1427 1598 1423 1602 1427 1603 1428 1603 1428 1604 1429 1598 1423 1598 1423 1604 1429 1605 1430 1598 1423 1605 1430 1606 1431 1606 1431 1607 1432 1598 1423 1598 1423 1607 1432 1608 1433 1598 1423 1608 1433 1595 1420 1595 1420 1608 1433 1609 1434 1595 1420 1609 1434 1593 1418 1610 1435 1505 1330 1502 1327 1610 1435 1502 1327 1611 1436 1524 1349 1612 1437 1525 1350 1525 1350 1612 1437 1613 1438 1525 1350 1613 1438 1518 1343 1518 1343 1613 1438 1614 1439 1518 1343 1614 1439 1519 1344 1519 1344 1614 1439 1615 1440 1519 1344 1615 1440 1514 1339 1514 1339 1615 1440 1616 1441 1514 1339 1616 1441 1515 1340 1515 1340 1616 1441 1611 1436 1515 1340 1611 1436 1501 1326 1501 1326 1611 1436 1502 1327 1523 1348 1617 1442 1524 1349 1524 1349 1617 1442 1618 1443 1524 1349 1618 1443 1612 1437 1497 1322 1619 1444 1523 1348 1523 1348 1619 1444 1620 1445 1523 1348 1620 1445 1617 1442 1496 1321 1621 1446 1497 1322 1497 1322 1621 1446 1622 1447 1497 1322 1622 1447 1619 1444 1511 1336 1623 1448 1496 1321 1496 1321 1623 1448 1624 1449 1496 1321 1624 1449 1621 1446 1625 1450 1626 1451 1511 1336 1511 1336 1626 1451 1627 1452 1511 1336 1627 1452 1623 1448 1511 1336 1510 1335 1625 1450 1625 1450 1510 1335 1509 1334 1625 1450 1509 1334 1570 1395 1628 1453 1626 1451 1598 1423 1598 1423 1626 1451 1625 1450 1598 1423 1625 1450 1570 1395 1629 1454 1630 1455 1621 1446 1621 1446 1624 1449 1629 1454 1629 1454 1624 1449 1623 1448 1629 1454 1623 1448 1628 1453 1628 1453 1623 1448 1627 1452 1628 1453 1627 1452 1626 1451 1631 1456 1632 1457 1617 1442 1617 1442 1620 1445 1631 1456 1631 1456 1620 1445 1619 1444 1631 1456 1619 1444 1630 1455 1630 1455 1619 1444 1622 1447 1630 1455 1622 1447 1621 1446 1633 1458 1634 1459 1614 1439 1614 1439 1613 1438 1633 1458 1633 1458 1613 1438 1612 1437 1633 1458 1612 1437 1632 1457 1632 1457 1612 1437 1618 1443 1632 1457 1618 1443 1617 1442 1635 1460 1636 1461 1610 1435 1610 1435 1611 1436 1635 1460 1635 1460 1611 1436 1616 1441 1635 1460 1616 1441 1634 1459 1634 1459 1616 1441 1615 1440 1634 1459 1615 1440 1614 1439 1396 1222 1420 1246 1505 1330 1451 1277 1450 1276 1637 1462 1637 1462 1450 1276 1474 1299 1610 1435 1391 1217 1392 1218 1503 1328 1456 1282 1455 1281 1455 1281 1454 1280 1503 1328 1503 1328 1454 1280 1453 1279 1503 1328 1453 1279 1637 1462 1637 1462 1453 1279 1452 1278 1637 1462 1452 1278 1451 1277 1480 1305 1479 1304 1637 1462 1400 1226 1399 1225 1493 1318 1493 1318 1399 1225 1494 1319 1494 1319 1399 1225 1495 1320 1495 1320 1399 1225 1398 1224 1495 1320 1398 1224 1397 1223 1475 1300 1478 1303 1637 1462 1637 1462 1478 1303 1477 1302 1637 1462 1477 1302 1480 1305 1479 1304 1482 1307 1637 1462 1637 1462 1482 1307 1481 1306 1637 1462 1481 1306 1610 1435 1610 1435 1481 1306 1484 1309 1610 1435 1484 1309 1483 1308 1392 1218 1393 1219 1610 1435 1610 1435 1393 1219 1394 1220 1610 1435 1394 1220 1505 1330 1505 1330 1394 1220 1395 1221 1505 1330 1395 1221 1396 1222 1483 1308 1486 1311 1610 1435 1610 1435 1486 1311 1485 1310 1610 1435 1485 1310 1489 1314 1495 1320 1381 1207 1610 1435 1610 1435 1381 1207 1380 1206 1610 1435 1380 1206 1383 1209 1383 1209 1382 1208 1610 1435 1610 1435 1382 1208 1385 1211 1610 1435 1385 1211 1384 1210 1489 1314 1488 1313 1610 1435 1610 1435 1488 1313 1487 1312 1610 1435 1487 1312 1495 1320 1472 1297 1404 1230 1403 1229 1376 1202 1379 1205 1495 1320 1495 1320 1379 1205 1378 1204 1495 1320 1378 1204 1381 1207 1474 1299 1473 1298 1637 1462 1637 1462 1473 1298 1476 1301 1637 1462 1476 1301 1475 1300 1400 1226 1493 1318 1401 1227 1401 1227 1493 1318 1492 1317 1401 1227 1492 1317 1402 1228 1402 1228 1492 1317 1491 1316 1402 1228 1491 1316 1403 1229 1403 1229 1491 1316 1490 1315 1403 1229 1490 1315 1472 1297 1384 1210 1387 1213 1610 1435 1610 1435 1387 1213 1386 1212 1610 1435 1386 1212 1390 1216 1397 1223 1375 1201 1495 1320 1495 1320 1375 1201 1377 1203 1495 1320 1377 1203 1376 1202 1390 1216 1389 1215 1610 1435 1610 1435 1389 1215 1388 1214 1610 1435 1388 1214 1391 1217 1610 1435 1636 1461 1637 1462 1637 1462 1636 1461 1638 1463 1635 1460 1634 1459 1300 1126 1639 1464 1640 1465 1338 1164 1338 1164 1641 1466 1318 1144 1318 1144 1641 1466 1642 1467 1318 1144 1643 1468 1299 1125 1299 1125 1643 1468 1644 1469 1299 1125 1644 1469 1645 1470 1646 1471 1647 1472 1299 1125 1299 1125 1647 1472 1638 1463 1299 1125 1638 1463 1300 1126 1300 1126 1638 1463 1636 1461 1300 1126 1636 1461 1635 1460 1648 1473 1649 1474 1338 1164 1640 1465 1650 1475 1338 1164 1338 1164 1650 1475 1651 1476 1338 1164 1651 1476 1641 1466 1645 1470 1652 1477 1299 1125 1299 1125 1652 1477 1653 1478 1299 1125 1653 1478 1654 1479 1654 1479 1655 1480 1299 1125 1299 1125 1655 1480 1656 1481 1299 1125 1656 1481 1646 1471 1629 1454 1300 1126 1630 1455 1630 1455 1300 1126 1631 1456 1629 1454 1628 1453 1300 1126 1300 1126 1628 1453 1657 1482 1300 1126 1657 1482 1338 1164 1338 1164 1657 1482 1595 1420 1338 1164 1595 1420 1648 1473 1649 1474 1658 1483 1338 1164 1338 1164 1658 1483 1659 1484 1338 1164 1659 1484 1639 1464 1634 1459 1633 1458 1300 1126 1300 1126 1633 1458 1632 1457 1300 1126 1632 1457 1631 1456 1642 1467 1660 1485 1318 1144 1318 1144 1660 1485 1661 1486 1318 1144 1661 1486 1662 1487 1662 1487 1663 1488 1318 1144 1318 1144 1663 1488 1664 1489 1318 1144 1664 1489 1665 1490 1665 1490 1666 1491 1318 1144 1318 1144 1666 1491 1667 1492 1318 1144 1667 1492 1643 1468 1668 1493 1669 1494 1498 1323 1670 1495 1508 1333 1507 1332 1670 1495 1507 1332 1671 1496 1671 1496 1507 1332 1506 1331 1671 1496 1506 1331 1672 1497 1500 1325 1673 1498 1506 1331 1506 1331 1673 1498 1674 1499 1506 1331 1674 1499 1672 1497 1498 1323 1669 1494 1499 1324 1669 1494 1675 1500 1499 1324 1499 1324 1675 1500 1676 1501 1499 1324 1676 1501 1500 1325 1500 1325 1676 1501 1677 1502 1500 1325 1677 1502 1673 1498 1668 1493 1498 1323 1678 1503 1678 1503 1498 1323 1522 1347 1678 1503 1522 1347 1679 1504 1679 1504 1522 1347 1521 1346 1679 1504 1521 1346 1680 1505 1680 1505 1521 1346 1520 1345 1680 1505 1520 1345 1681 1506 1681 1506 1520 1345 1517 1342 1681 1506 1517 1342 1682 1507 1682 1507 1517 1342 1516 1341 1682 1507 1516 1341 1683 1508 1683 1508 1516 1341 1513 1338 1683 1508 1513 1338 1684 1509 1503 1328 1637 1462 1504 1329 1504 1329 1637 1462 1684 1509 1504 1329 1684 1509 1512 1337 1512 1337 1684 1509 1513 1338 1673 1498 1677 1502 1653 1478 1647 1472 1646 1471 1681 1506 1681 1506 1682 1507 1647 1472 1647 1472 1682 1507 1683 1508 1647 1472 1683 1508 1638 1463 1638 1463 1683 1508 1684 1509 1638 1463 1684 1509 1637 1462 1656 1481 1655 1480 1668 1493 1668 1493 1678 1503 1656 1481 1656 1481 1678 1503 1679 1504 1656 1481 1679 1504 1646 1471 1646 1471 1679 1504 1680 1505 1646 1471 1680 1505 1681 1506 1653 1478 1677 1502 1654 1479 1677 1502 1676 1501 1654 1479 1654 1479 1676 1501 1675 1500 1654 1479 1675 1500 1655 1480 1655 1480 1675 1500 1669 1494 1655 1480 1669 1494 1668 1493 1673 1498 1653 1478 1674 1499 1674 1499 1653 1478 1652 1477 1674 1499 1652 1477 1672 1497 1672 1497 1652 1477 1645 1470 1672 1497 1645 1470 1671 1496 1671 1496 1645 1470 1644 1469 1671 1496 1644 1469 1670 1495 1291 1117 1238 1064 1236 1062 1685 1510 1286 1112 1287 1113 1422 1248 1421 1247 1686 1511 1686 1511 1421 1247 1428 1254 1295 1121 1294 1120 1447 1273 1449 1275 1293 1119 1292 1118 1287 1113 1288 1114 1685 1510 1685 1510 1288 1114 1289 1115 1685 1510 1289 1115 1236 1062 1236 1062 1289 1115 1290 1116 1236 1062 1290 1116 1291 1117 1239 1065 1253 1079 1426 1252 1426 1252 1425 1251 1239 1065 1239 1065 1425 1251 1424 1250 1239 1065 1424 1250 1686 1511 1686 1511 1424 1250 1423 1249 1686 1511 1423 1249 1422 1248 1434 1260 1433 1259 1686 1511 1293 1119 1449 1275 1294 1120 1294 1120 1449 1275 1448 1274 1294 1120 1448 1274 1447 1273 1429 1255 1432 1258 1686 1511 1686 1511 1432 1258 1431 1257 1686 1511 1431 1257 1434 1260 1433 1259 1436 1262 1686 1511 1686 1511 1436 1262 1435 1261 1686 1511 1435 1261 1685 1510 1685 1510 1435 1261 1438 1264 1685 1510 1438 1264 1437 1263 1449 1275 1276 1102 1685 1510 1685 1510 1276 1102 1275 1101 1685 1510 1275 1101 1278 1104 1278 1104 1277 1103 1685 1510 1685 1510 1277 1103 1280 1106 1685 1510 1280 1106 1279 1105 1437 1263 1440 1266 1685 1510 1685 1510 1440 1266 1439 1265 1685 1510 1439 1265 1443 1269 1271 1097 1274 1100 1449 1275 1449 1275 1274 1100 1273 1099 1449 1275 1273 1099 1276 1102 1443 1269 1442 1268 1685 1510 1685 1510 1442 1268 1441 1267 1685 1510 1441 1267 1449 1275 1246 1072 1245 1071 1298 1124 1428 1254 1427 1253 1686 1511 1686 1511 1427 1253 1430 1256 1686 1511 1430 1256 1429 1255 1279 1105 1282 1108 1685 1510 1685 1510 1282 1108 1281 1107 1685 1510 1281 1107 1285 1111 1295 1121 1447 1273 1296 1122 1296 1122 1447 1273 1446 1272 1296 1122 1446 1272 1297 1123 1297 1123 1446 1272 1445 1271 1297 1123 1445 1271 1298 1124 1298 1124 1445 1271 1444 1270 1298 1124 1444 1270 1246 1072 1292 1118 1270 1096 1449 1275 1449 1275 1270 1096 1272 1098 1449 1275 1272 1098 1271 1097 1285 1111 1284 1110 1685 1510 1685 1510 1284 1110 1283 1109 1685 1510 1283 1109 1286 1112 1641 1466 1686 1511 1642 1467 1642 1467 1686 1511 1685 1510 1687 1512 1688 1513 1232 1058 1596 1421 1249 1075 1248 1074 1596 1421 1248 1074 1689 1514 1689 1514 1248 1074 1247 1073 1689 1514 1247 1073 1690 1515 1234 1060 1691 1516 1247 1073 1247 1073 1691 1516 1692 1517 1247 1073 1692 1517 1690 1515 1232 1058 1688 1513 1233 1059 1688 1513 1693 1518 1233 1059 1233 1059 1693 1518 1694 1519 1233 1059 1694 1519 1234 1060 1234 1060 1694 1519 1695 1520 1234 1060 1695 1520 1691 1516 1687 1512 1232 1058 1696 1521 1696 1521 1232 1058 1269 1095 1696 1521 1269 1095 1697 1522 1697 1522 1269 1095 1268 1094 1697 1522 1268 1094 1698 1523 1698 1523 1268 1094 1267 1093 1698 1523 1267 1093 1699 1524 1699 1524 1267 1093 1261 1087 1699 1524 1261 1087 1700 1525 1700 1525 1261 1087 1260 1086 1700 1525 1260 1086 1701 1526 1701 1526 1260 1086 1257 1083 1701 1526 1257 1083 1702 1527 1239 1065 1686 1511 1240 1066 1240 1066 1686 1511 1702 1527 1240 1066 1702 1527 1256 1082 1256 1082 1702 1527 1257 1083 1691 1516 1695 1520 1658 1483 1651 1476 1650 1475 1699 1524 1699 1524 1700 1525 1651 1476 1651 1476 1700 1525 1701 1526 1651 1476 1701 1526 1641 1466 1641 1466 1701 1526 1702 1527 1641 1466 1702 1527 1686 1511 1640 1465 1639 1464 1687 1512 1687 1512 1696 1521 1640 1465 1640 1465 1696 1521 1697 1522 1640 1465 1697 1522 1650 1475 1650 1475 1697 1522 1698 1523 1650 1475 1698 1523 1699 1524 1658 1483 1695 1520 1659 1484 1695 1520 1694 1519 1659 1484 1659 1484 1694 1519 1693 1518 1659 1484 1693 1518 1639 1464 1639 1464 1693 1518 1688 1513 1639 1464 1688 1513 1687 1512 1691 1516 1658 1483 1692 1517 1692 1517 1658 1483 1649 1474 1692 1517 1649 1474 1690 1515 1690 1515 1649 1474 1648 1473 1690 1515 1648 1473 1689 1514 1689 1514 1648 1473 1595 1420 1689 1514 1595 1420 1596 1421 1241 1067 885 866 734 715 684 665 863 844 1508 1333 1241 1067 734 715 1703 1528 1704 1529 1705 1530 1644 1469 1644 1469 1705 1530 1706 1531 1644 1469 1706 1531 1707 1532 1707 1532 1708 1533 1644 1469 1644 1469 1708 1533 1709 1534 1644 1469 1709 1534 1710 1535 1711 1536 1670 1495 1712 1537 1712 1537 1670 1495 1713 1538 1711 1536 1714 1539 1670 1495 1670 1495 1714 1539 1715 1540 1670 1495 1715 1540 1716 1541 1710 1535 1717 1542 1644 1469 1644 1469 1717 1542 1718 1543 1644 1469 1718 1543 1670 1495 1670 1495 1718 1543 1719 1544 1670 1495 1719 1544 1713 1538 1716 1541 1720 1545 1670 1495 1670 1495 1720 1545 1721 1546 1670 1495 1721 1546 1722 1547 1723 1548 1724 1549 1703 1528 1703 1528 1724 1549 1725 1550 1703 1528 1725 1550 1726 1551 684 665 1508 1333 734 715 734 715 1508 1333 1670 1495 734 715 1670 1495 1703 1528 1703 1528 1670 1495 1722 1547 1703 1528 1722 1547 1723 1548 1726 1551 1727 1552 1703 1528 1703 1528 1727 1552 1728 1553 1703 1528 1728 1553 1729 1554 1704 1529 1644 1469 1730 1555 1730 1555 1644 1469 1643 1468 1730 1555 1643 1468 1731 1556 1732 1557 1643 1468 1733 1558 1733 1558 1643 1468 1703 1528 1733 1558 1703 1528 1734 1559 1734 1559 1703 1528 1729 1554 1732 1557 1735 1560 1643 1468 1643 1468 1735 1560 1736 1561 1643 1468 1736 1561 1737 1562 1737 1562 1738 1563 1643 1468 1643 1468 1738 1563 1739 1564 1643 1468 1739 1564 1731 1556 1685 1510 1236 1062 1225 1051 1685 1510 1225 1051 1740 1565 1265 1091 1741 1566 1266 1092 1266 1092 1741 1566 1742 1567 1266 1092 1742 1567 1262 1088 1262 1088 1742 1567 1743 1568 1262 1088 1743 1568 1263 1089 1263 1089 1743 1568 1744 1569 1263 1089 1744 1569 1258 1084 1258 1084 1744 1569 1745 1570 1258 1084 1745 1570 1259 1085 1259 1085 1745 1570 1740 1565 1259 1085 1740 1565 1224 1050 1224 1050 1740 1565 1225 1051 1264 1090 1746 1571 1265 1091 1265 1091 1746 1571 1747 1572 1265 1091 1747 1572 1741 1566 1218 1044 1748 1573 1264 1090 1264 1090 1748 1573 1749 1574 1264 1090 1749 1574 1746 1571 1217 1043 1750 1575 1218 1044 1218 1044 1750 1575 1751 1576 1218 1044 1751 1576 1748 1573 1243 1069 1752 1577 1217 1043 1217 1043 1752 1577 1753 1578 1217 1043 1753 1578 1750 1575 1754 1579 1755 1580 1243 1069 1243 1069 1755 1580 1756 1581 1243 1069 1756 1581 1752 1577 1243 1069 1242 1068 1754 1579 1754 1579 1242 1068 1241 1067 1754 1579 1241 1067 1703 1528 1667 1492 1755 1580 1643 1468 1643 1468 1755 1580 1754 1579 1643 1468 1754 1579 1703 1528 1666 1491 1665 1490 1750 1575 1750 1575 1753 1578 1666 1491 1666 1491 1753 1578 1752 1577 1666 1491 1752 1577 1667 1492 1667 1492 1752 1577 1756 1581 1667 1492 1756 1581 1755 1580 1664 1489 1663 1488 1746 1571 1746 1571 1749 1574 1664 1489 1664 1489 1749 1574 1748 1573 1664 1489 1748 1573 1665 1490 1665 1490 1748 1573 1751 1576 1665 1490 1751 1576 1750 1575 1662 1487 1661 1486 1743 1568 1743 1568 1742 1567 1662 1487 1662 1487 1742 1567 1741 1566 1662 1487 1741 1566 1663 1488 1663 1488 1741 1566 1747 1572 1663 1488 1747 1572 1746 1571 1660 1485 1642 1467 1685 1510 1685 1510 1740 1565 1660 1485 1660 1485 1740 1565 1745 1570 1660 1485 1745 1570 1661 1486 1661 1486 1745 1570 1744 1569 1661 1486 1744 1569 1743 1568 1574 1399 1368 1194 1575 1400 1575 1400 1368 1194 1367 1193 1575 1400 1367 1193 1576 1401 1576 1401 1367 1193 1366 1192 1576 1401 1366 1192 1581 1406 1581 1406 1366 1192 1358 1184 1581 1406 1358 1184 1582 1407 1582 1407 1358 1184 1357 1183 1582 1407 1357 1183 1583 1408 1583 1408 1357 1183 1356 1182 1583 1408 1356 1182 1577 1402 1577 1402 1356 1182 1343 1169 1577 1402 1343 1169 1578 1403 1578 1403 1343 1169 1342 1168 1578 1403 1342 1168 1584 1409 1584 1409 1342 1168 1365 1191 1584 1409 1365 1191 1585 1410 1585 1410 1365 1191 1364 1190 1585 1410 1364 1190 1586 1411 1586 1411 1364 1190 1363 1189 1586 1411 1363 1189 1587 1412 1587 1412 1363 1189 1346 1172 1587 1412 1346 1172 1588 1413 1588 1413 1346 1172 1345 1171 1588 1413 1345 1171 1589 1414 1589 1414 1345 1171 1344 1170 1589 1414 1344 1170 1590 1415 1590 1415 1344 1170 1341 1167 1590 1415 1341 1167 1591 1416 1591 1416 1341 1167 1340 1166 1591 1416 1340 1166 1592 1417 1592 1417 1340 1166 1339 1165 1592 1417 1339 1165 1600 1425 1600 1425 1339 1165 1355 1181 1600 1425 1355 1181 1599 1424 1599 1424 1355 1181 1354 1180 1599 1424 1354 1180 1597 1422 1597 1422 1354 1180 1353 1179 1597 1422 1353 1179 1601 1426 1601 1426 1353 1179 1352 1178 1601 1426 1352 1178 1602 1427 1602 1427 1352 1178 1351 1177 1602 1427 1351 1177 1603 1428 1603 1428 1351 1177 1350 1176 1603 1428 1350 1176 1604 1429 1604 1429 1350 1176 1347 1173 1604 1429 1347 1173 1605 1430 1605 1430 1347 1173 1348 1174 1605 1430 1348 1174 1606 1431 1606 1431 1348 1174 1349 1175 1606 1431 1349 1175 1607 1432 1607 1432 1349 1175 1362 1188 1607 1432 1362 1188 1608 1433 1608 1433 1362 1188 1361 1187 1608 1433 1361 1187 1609 1434 1609 1434 1361 1187 1360 1186 1609 1434 1360 1186 1593 1418 1593 1418 1360 1186 1359 1185 1593 1418 1359 1185 1594 1419 1594 1419 1359 1185 1374 1200 1594 1419 1374 1200 1571 1396 1571 1396 1374 1200 1373 1199 1571 1396 1373 1199 1572 1397 1572 1397 1373 1199 1372 1198 1572 1397 1372 1198 1579 1404 1579 1404 1372 1198 1371 1197 1579 1404 1371 1197 1580 1405 1580 1405 1371 1197 1370 1196 1580 1405 1370 1196 1573 1398 1573 1398 1370 1196 1369 1195 1573 1398 1369 1195 1574 1399 1574 1399 1369 1195 1368 1194 1336 1162 1733 1558 1337 1163 1337 1163 1733 1558 1734 1559 1337 1163 1734 1559 1302 1128 1302 1128 1734 1559 1729 1554 1302 1128 1729 1554 1303 1129 1303 1129 1729 1554 1728 1553 1303 1129 1728 1553 1321 1147 1321 1147 1728 1553 1727 1552 1321 1147 1727 1552 1322 1148 1322 1148 1727 1552 1726 1551 1322 1148 1726 1551 1323 1149 1323 1149 1726 1551 1725 1550 1323 1149 1725 1550 1324 1150 1324 1150 1725 1550 1724 1549 1324 1150 1724 1549 1325 1151 1325 1151 1724 1549 1723 1548 1325 1151 1723 1548 1301 1127 1301 1127 1723 1548 1722 1547 1301 1127 1722 1547 1304 1130 1304 1130 1722 1547 1721 1546 1304 1130 1721 1546 1305 1131 1305 1131 1721 1546 1720 1545 1305 1131 1720 1545 1306 1132 1306 1132 1720 1545 1716 1541 1306 1132 1716 1541 1307 1133 1307 1133 1716 1541 1715 1540 1307 1133 1715 1540 1308 1134 1308 1134 1715 1540 1714 1539 1308 1134 1714 1539 1309 1135 1309 1135 1714 1539 1711 1536 1309 1135 1711 1536 1326 1152 1326 1152 1711 1536 1712 1537 1326 1152 1712 1537 1327 1153 1327 1153 1712 1537 1713 1538 1327 1153 1713 1538 1328 1154 1328 1154 1713 1538 1719 1544 1328 1154 1719 1544 1310 1136 1310 1136 1719 1544 1718 1543 1310 1136 1718 1543 1311 1137 1311 1137 1718 1543 1717 1542 1311 1137 1717 1542 1312 1138 1312 1138 1717 1542 1710 1535 1312 1138 1710 1535 1313 1139 1313 1139 1710 1535 1709 1534 1313 1139 1709 1534 1314 1140 1314 1140 1709 1534 1708 1533 1314 1140 1708 1533 1315 1141 1315 1141 1708 1533 1707 1532 1315 1141 1707 1532 1316 1142 1316 1142 1707 1532 1706 1531 1316 1142 1706 1531 1320 1146 1320 1146 1706 1531 1705 1530 1320 1146 1705 1530 1319 1145 1319 1145 1705 1530 1704 1529 1319 1145 1704 1529 1317 1143 1317 1143 1704 1529 1730 1555 1317 1143 1730 1555 1329 1155 1329 1155 1730 1555 1731 1556 1329 1155 1731 1556 1330 1156 1330 1156 1731 1556 1739 1564 1330 1156 1739 1564 1331 1157 1331 1157 1739 1564 1738 1563 1331 1157 1738 1563 1332 1158 1332 1158 1738 1563 1737 1562 1332 1158 1737 1562 1333 1159 1333 1159 1737 1562 1736 1561 1333 1159 1736 1561 1334 1160 1334 1160 1736 1561 1735 1560 1334 1160 1735 1560 1335 1161 1335 1161 1735 1560 1732 1557 1335 1161 1732 1557 1336 1162 1336 1162 1732 1557 1733 1558 1757 1582 1758 1583 1759 1584 1760 1585 1761 1586 1759 1584 1762 1587 1763 1588 1764 1589 1764 1589 1763 1588 1765 1590 1766 1591 1767 1592 1768 1593 1769 1594 1770 1595 1771 1596 1771 1596 1770 1595 1772 1597 1771 1596 1772 1597 1773 1598 1774 1599 1775 1600 1776 1601 1777 1602 1778 1603 1779 1604 1780 1605 1781 1606 1782 1607 1782 1607 1781 1606 1783 1608 1782 1607 1783 1608 1784 1609 1785 1610 1786 1611 1787 1612 1788 1613 1789 1614 1790 1615 1790 1615 1789 1614 1791 1616 1790 1615 1791 1616 1759 1584 1759 1584 1791 1616 1792 1617 1759 1584 1792 1617 1760 1585 1766 1591 1768 1593 1793 1618 1767 1592 1766 1591 1794 1619 1794 1619 1766 1591 1795 1620 1794 1619 1795 1620 1796 1621 1796 1621 1795 1620 1797 1622 1796 1621 1797 1622 1798 1623 1765 1590 1799 1624 1764 1589 1764 1589 1799 1624 1800 1625 1764 1589 1800 1625 1801 1626 1802 1627 1803 1628 1804 1629 1804 1629 1803 1628 1805 1630 1804 1629 1805 1630 1806 1631 1804 1629 1807 1632 1808 1633 1809 1634 1810 1635 1811 1636 1812 1637 1813 1638 1790 1615 1790 1615 1813 1638 1814 1639 1790 1615 1814 1639 1788 1613 1758 1583 1815 1640 1759 1584 1759 1584 1815 1640 1816 1641 1759 1584 1816 1641 1817 1642 1817 1642 1816 1641 1818 1643 1817 1642 1818 1643 1819 1644 1819 1644 1818 1643 1793 1618 1819 1644 1793 1618 1820 1645 1820 1645 1793 1618 1768 1593 1798 1623 1797 1622 1821 1646 1821 1646 1797 1622 1822 1647 1821 1646 1822 1647 1823 1648 1823 1648 1824 1649 1821 1646 1821 1646 1824 1649 1825 1650 1821 1646 1825 1650 1771 1596 1771 1596 1825 1650 1826 1651 1771 1596 1826 1651 1769 1594 1827 1652 1764 1589 1828 1653 1783 1608 1829 1654 1784 1609 1784 1609 1829 1654 1830 1655 1784 1609 1830 1655 1831 1656 1831 1656 1830 1655 1832 1657 1831 1656 1832 1657 1833 1658 1833 1658 1832 1657 1771 1596 1833 1658 1771 1596 1834 1659 1835 1660 1836 1631 1837 1661 1787 1612 1786 1611 1838 1662 1838 1662 1786 1611 1839 1663 1838 1662 1839 1663 1840 1664 1811 1636 1841 1665 1809 1634 1809 1634 1841 1665 1842 1666 1809 1634 1842 1666 1843 1667 1843 1667 1842 1666 1844 1668 1843 1667 1844 1668 1845 1669 1846 1670 1847 1671 1848 1672 1848 1672 1847 1671 1849 1673 1848 1672 1849 1673 1850 1674 1790 1615 1851 1675 1812 1637 1812 1637 1851 1675 1852 1676 1812 1637 1852 1676 1846 1670 1846 1670 1852 1676 1853 1677 1846 1670 1853 1677 1847 1671 1854 1678 1855 1679 1856 1680 1856 1680 1855 1679 1857 1681 1856 1680 1857 1681 1858 1682 1858 1682 1857 1681 1859 1683 1858 1682 1859 1683 1774 1599 1774 1599 1859 1683 1860 1684 1774 1599 1860 1684 1775 1600 1854 1678 1856 1680 1761 1586 1761 1586 1856 1680 1861 1685 1761 1586 1861 1685 1862 1686 1863 1687 1864 1688 1761 1586 1761 1586 1864 1688 1865 1689 1761 1586 1865 1689 1866 1690 1776 1601 1779 1604 1774 1599 1774 1599 1779 1604 1771 1596 1774 1599 1771 1596 1867 1691 1867 1691 1771 1596 1773 1598 1868 1692 1869 1693 1870 1694 1778 1603 1871 1695 1779 1604 1779 1604 1871 1695 1872 1696 1779 1604 1872 1696 1873 1697 1874 1698 1875 1699 1771 1596 1771 1596 1875 1699 1876 1700 1771 1596 1876 1700 1834 1659 1804 1629 1877 1701 1802 1627 1802 1627 1877 1701 1878 1702 1802 1627 1878 1702 1780 1605 1780 1605 1878 1702 1879 1703 1780 1605 1879 1703 1781 1606 1808 1633 1880 1704 1804 1629 1804 1629 1880 1704 1881 1705 1804 1629 1881 1705 1837 1661 1837 1661 1881 1705 1882 1706 1837 1661 1882 1706 1835 1660 1836 1631 1883 1707 1837 1661 1837 1661 1883 1707 1884 1708 1837 1661 1884 1708 1885 1709 1885 1709 1884 1708 1886 1710 1885 1709 1886 1710 1887 1711 1887 1711 1886 1710 1888 1712 1845 1669 1889 1713 1843 1667 1843 1667 1889 1713 1890 1714 1843 1667 1890 1714 1891 1715 1891 1715 1890 1714 1892 1716 1891 1715 1892 1716 1893 1717 1893 1717 1892 1716 1850 1674 1893 1717 1850 1674 1894 1718 1894 1718 1850 1674 1849 1673 1895 1719 1896 1720 1827 1652 1896 1720 1897 1721 1827 1652 1827 1652 1897 1721 1898 1722 1827 1652 1898 1722 1899 1723 1899 1723 1900 1724 1827 1652 1827 1652 1900 1724 1901 1725 1827 1652 1901 1725 1764 1589 1764 1589 1901 1725 1902 1726 1764 1589 1902 1726 1762 1587 1873 1697 1903 1727 1779 1604 1779 1604 1903 1727 1904 1728 1779 1604 1904 1728 1771 1596 1771 1596 1904 1728 1905 1729 1771 1596 1905 1729 1874 1698 1787 1612 1906 1730 1785 1610 1785 1610 1906 1730 1907 1731 1785 1610 1907 1731 1888 1712 1888 1712 1907 1731 1908 1732 1888 1712 1908 1732 1887 1711 1840 1664 1839 1663 1809 1634 1809 1634 1839 1663 1909 1733 1809 1634 1909 1733 1869 1693 1866 1690 1910 1734 1761 1586 1761 1586 1910 1734 1911 1735 1761 1586 1911 1735 1759 1584 1759 1584 1911 1735 1912 1736 1759 1584 1912 1736 1757 1582 1779 1604 1913 1737 1777 1602 1777 1602 1913 1737 1914 1738 1777 1602 1914 1738 1915 1739 1915 1739 1914 1738 1827 1652 1915 1739 1827 1652 1916 1740 1916 1740 1827 1652 1828 1653 1868 1692 1870 1694 1827 1652 1827 1652 1870 1694 1917 1741 1827 1652 1917 1741 1895 1719 1868 1692 1918 1742 1869 1693 1869 1693 1918 1742 1919 1743 1869 1693 1919 1743 1809 1634 1809 1634 1919 1743 1920 1744 1809 1634 1920 1744 1810 1635 1862 1686 1921 1745 1761 1586 1761 1586 1921 1745 1922 1746 1761 1586 1922 1746 1923 1747 1806 1631 1924 1748 1804 1629 1804 1629 1924 1748 1925 1749 1804 1629 1925 1749 1807 1632 1807 1632 1925 1749 1926 1750 1807 1632 1926 1750 1927 1751 1927 1751 1928 1752 1807 1632 1807 1632 1928 1752 1929 1753 1807 1632 1929 1753 1930 1754 1930 1754 1929 1753 1931 1755 1930 1754 1931 1755 1932 1756 1932 1756 1931 1755 1933 1757 1932 1756 1933 1757 1934 1758 1934 1758 1933 1757 1935 1759 1934 1758 1935 1759 1936 1760 1936 1760 1935 1759 1937 1761 1936 1760 1937 1761 1801 1626 1801 1626 1937 1761 1938 1762 1801 1626 1938 1762 1764 1589 1923 1747 1939 1763 1761 1586 1761 1586 1939 1763 1940 1764 1761 1586 1940 1764 1863 1687 1804 1629 1941 1765 1942 1766 1804 1629 1942 1766 1877 1701 1877 1701 1942 1766 1943 1767 1877 1701 1943 1767 1878 1702 1878 1702 1943 1767 1944 1768 1878 1702 1944 1768 1879 1703 1879 1703 1944 1768 1945 1769 1879 1703 1945 1769 1781 1606 1781 1606 1945 1769 1946 1770 1781 1606 1946 1770 1783 1608 1783 1608 1946 1770 1947 1771 1783 1608 1947 1771 1829 1654 1829 1654 1947 1771 1948 1772 1829 1654 1948 1772 1830 1655 1830 1655 1948 1772 1949 1773 1830 1655 1949 1773 1832 1657 1832 1657 1949 1773 1950 1774 1832 1657 1950 1774 1771 1596 1951 1775 1941 1765 1837 1661 1837 1661 1941 1765 1804 1629 1809 1634 1952 1776 1953 1777 1809 1634 1953 1777 1840 1664 1840 1664 1953 1777 1954 1778 1840 1664 1954 1778 1838 1662 1838 1662 1954 1778 1955 1779 1838 1662 1955 1779 1787 1612 1787 1612 1955 1779 1956 1780 1787 1612 1956 1780 1906 1730 1906 1730 1956 1780 1957 1781 1906 1730 1957 1781 1907 1731 1907 1731 1957 1781 1958 1782 1907 1731 1958 1782 1908 1732 1908 1732 1958 1782 1959 1783 1908 1732 1959 1783 1887 1711 1887 1711 1959 1783 1960 1784 1887 1711 1960 1784 1885 1709 1885 1709 1960 1784 1951 1775 1885 1709 1951 1775 1837 1661 1790 1615 1961 1785 1962 1786 1790 1615 1962 1786 1851 1675 1851 1675 1962 1786 1963 1787 1851 1675 1963 1787 1852 1676 1852 1676 1963 1787 1964 1788 1852 1676 1964 1788 1853 1677 1853 1677 1964 1788 1965 1789 1853 1677 1965 1789 1847 1671 1847 1671 1965 1789 1966 1790 1847 1671 1966 1790 1849 1673 1849 1673 1966 1790 1967 1791 1849 1673 1967 1791 1894 1718 1894 1718 1967 1791 1968 1792 1894 1718 1968 1792 1893 1717 1893 1717 1968 1792 1969 1793 1893 1717 1969 1793 1891 1715 1891 1715 1969 1793 1970 1794 1891 1715 1970 1794 1843 1667 1971 1795 1961 1785 1759 1584 1759 1584 1961 1785 1790 1615 1821 1646 1972 1796 1973 1797 1821 1646 1973 1797 1798 1623 1798 1623 1973 1797 1974 1798 1798 1623 1974 1798 1796 1621 1796 1621 1974 1798 1975 1799 1796 1621 1975 1799 1794 1619 1794 1619 1975 1799 1976 1800 1794 1619 1976 1800 1767 1592 1767 1592 1976 1800 1977 1801 1767 1592 1977 1801 1768 1593 1768 1593 1977 1801 1978 1802 1768 1593 1978 1802 1820 1645 1820 1645 1978 1802 1979 1803 1820 1645 1979 1803 1819 1644 1819 1644 1979 1803 1980 1804 1819 1644 1980 1804 1817 1642 1817 1642 1980 1804 1971 1795 1817 1642 1971 1795 1759 1584 1869 1693 1981 1805 1870 1694 1870 1694 1981 1805 1982 1806 1870 1694 1982 1806 1917 1741 1917 1741 1982 1806 1983 1807 1917 1741 1983 1807 1895 1719 1895 1719 1983 1807 1984 1808 1895 1719 1984 1808 1896 1720 1896 1720 1984 1808 1985 1809 1896 1720 1985 1809 1897 1721 1897 1721 1985 1809 1986 1810 1897 1721 1986 1810 1898 1722 1898 1722 1986 1810 1987 1811 1898 1722 1987 1811 1899 1723 1899 1723 1987 1811 1988 1812 1899 1723 1988 1812 1900 1724 1900 1724 1988 1812 1989 1813 1900 1724 1989 1813 1901 1725 1901 1725 1989 1813 1990 1814 1901 1725 1990 1814 1902 1726 1902 1726 1990 1814 1991 1815 1902 1726 1991 1815 1762 1587 1762 1587 1991 1815 1992 1816 1762 1587 1992 1816 1763 1588 1763 1588 1992 1816 1993 1817 1763 1588 1993 1817 1765 1590 1765 1590 1993 1817 1994 1818 1765 1590 1994 1818 1799 1624 1799 1624 1994 1818 1995 1819 1799 1624 1995 1819 1800 1625 1800 1625 1995 1819 1996 1820 1800 1625 1996 1820 1801 1626 1801 1626 1996 1820 1997 1821 1801 1626 1997 1821 1936 1760 1936 1760 1997 1821 1998 1822 1936 1760 1998 1822 1934 1758 1934 1758 1998 1822 1999 1823 1934 1758 1999 1823 1932 1756 1932 1756 1999 1823 2000 1824 1932 1756 2000 1824 1930 1754 1930 1754 2000 1824 2001 1825 1930 1754 2001 1825 1807 1632 1807 1632 2001 1825 2002 1826 1807 1632 2002 1826 1808 1633 1808 1633 2002 1826 2003 1827 1808 1633 2003 1827 1880 1704 1880 1704 2003 1827 2004 1828 1880 1704 2004 1828 1881 1705 1881 1705 2004 1828 2005 1829 1881 1705 2005 1829 1882 1706 1882 1706 2005 1829 2006 1830 1882 1706 2006 1830 1835 1660 1835 1660 2006 1830 2007 1831 1835 1660 2007 1831 1836 1631 1836 1631 2007 1831 2008 1832 1836 1631 2008 1832 1883 1707 1883 1707 2008 1832 2009 1833 1883 1707 2009 1833 1884 1708 1884 1708 2009 1833 2010 1834 1884 1708 2010 1834 1886 1710 1886 1710 2010 1834 2011 1835 1886 1710 2011 1835 1888 1712 1888 1712 2011 1835 2012 1836 1888 1712 2012 1836 1785 1610 1785 1610 2012 1836 2013 1837 1785 1610 2013 1837 1786 1611 1786 1611 2013 1837 2014 1838 1786 1611 2014 1838 1839 1663 1839 1663 2014 1838 2015 1839 1839 1663 2015 1839 1909 1733 1909 1733 2015 1839 2016 1840 1909 1733 2016 1840 1869 1693 1869 1693 2016 1840 1981 1805 1889 1713 2017 1805 1890 1714 1890 1714 2017 1805 2018 1806 1890 1714 2018 1806 1892 1716 1892 1716 2018 1806 2019 1807 1892 1716 2019 1807 1850 1674 1850 1674 2019 1807 2020 1808 1850 1674 2020 1808 1848 1672 1848 1672 2020 1808 2021 1809 1848 1672 2021 1809 1846 1670 1846 1670 2021 1809 2022 1810 1846 1670 2022 1810 1812 1637 1812 1637 2022 1810 2023 1811 1812 1637 2023 1811 1813 1638 1813 1638 2023 1811 2024 1812 1813 1638 2024 1812 1814 1639 1814 1639 2024 1812 2025 1813 1814 1639 2025 1813 1788 1613 1788 1613 2025 1813 2026 1814 1788 1613 2026 1814 1789 1614 1789 1614 2026 1814 2027 1815 1789 1614 2027 1815 1791 1616 1791 1616 2027 1815 2028 1816 1791 1616 2028 1816 1792 1617 1792 1617 2028 1816 2029 1817 1792 1617 2029 1817 1760 1585 1760 1585 2029 1817 2030 1818 1760 1585 2030 1818 1761 1586 1761 1586 2030 1818 2031 1819 1761 1586 2031 1819 1854 1678 1854 1678 2031 1819 2032 1820 1854 1678 2032 1820 1855 1679 1855 1679 2032 1820 2033 1821 1855 1679 2033 1821 1857 1681 1857 1681 2033 1821 2034 1822 1857 1681 2034 1822 1859 1683 1859 1683 2034 1822 2035 1823 1859 1683 2035 1823 1860 1684 1860 1684 2035 1823 2036 1824 1860 1684 2036 1824 1775 1600 1775 1600 2036 1824 2037 1825 1775 1600 2037 1825 1776 1601 1776 1601 2037 1825 2038 1826 1776 1601 2038 1826 1779 1604 1779 1604 2038 1826 2039 1827 1779 1604 2039 1827 1913 1737 1913 1737 2039 1827 2040 1828 1913 1737 2040 1828 1914 1738 1914 1738 2040 1828 2041 1829 1914 1738 2041 1829 1827 1652 1827 1652 2041 1829 2042 1830 1827 1652 2042 1830 1868 1692 1868 1692 2042 1830 2043 1831 1868 1692 2043 1831 1918 1742 1918 1742 2043 1831 2044 1832 1918 1742 2044 1832 1919 1743 1919 1743 2044 1832 2045 1833 1919 1743 2045 1833 1920 1744 1920 1744 2045 1833 2046 1834 1920 1744 2046 1834 1810 1635 1810 1635 2046 1834 2047 1835 1810 1635 2047 1835 1811 1636 1811 1636 2047 1835 2048 1836 1811 1636 2048 1836 1841 1665 1841 1665 2048 1836 2049 1837 1841 1665 2049 1837 1842 1666 1842 1666 2049 1837 2050 1838 1842 1666 2050 1838 1844 1668 1844 1668 2050 1838 2051 1839 1844 1668 2051 1839 1845 1669 1845 1669 2051 1839 2052 1840 1845 1669 2052 1840 1889 1713 1889 1713 2052 1840 2017 1805 1935 1759 2053 1805 1937 1761 1937 1761 2053 1805 2054 1806 1937 1761 2054 1806 1938 1762 1938 1762 2054 1806 2055 1807 1938 1762 2055 1807 1764 1589 1764 1589 2055 1807 2056 1808 1764 1589 2056 1808 1828 1653 1828 1653 2056 1808 2057 1809 1828 1653 2057 1809 1916 1740 1916 1740 2057 1809 2058 1810 1916 1740 2058 1810 1915 1739 1915 1739 2058 1810 2059 1811 1915 1739 2059 1811 1777 1602 1777 1602 2059 1811 2060 1812 1777 1602 2060 1812 1778 1603 1778 1603 2060 1812 2061 1841 1778 1603 2061 1841 1871 1695 1871 1695 2061 1841 2062 1814 1871 1695 2062 1814 1872 1696 1872 1696 2062 1814 2063 1815 1872 1696 2063 1815 1873 1697 1873 1697 2063 1815 2064 1816 1873 1697 2064 1816 1903 1727 1903 1727 2064 1816 2065 1817 1903 1727 2065 1817 1904 1728 1904 1728 2065 1817 2066 1818 1904 1728 2066 1818 1905 1729 1905 1729 2066 1818 2067 1819 1905 1729 2067 1819 1874 1698 1874 1698 2067 1819 2068 1820 1874 1698 2068 1820 1875 1699 1875 1699 2068 1820 2069 1821 1875 1699 2069 1821 1876 1700 1876 1700 2069 1821 2070 1822 1876 1700 2070 1822 1834 1659 1834 1659 2070 1822 2071 1823 1834 1659 2071 1823 1833 1658 1833 1658 2071 1823 2072 1824 1833 1658 2072 1824 1831 1656 1831 1656 2072 1824 2073 1825 1831 1656 2073 1825 1784 1609 1784 1609 2073 1825 2074 1826 1784 1609 2074 1826 1782 1607 1782 1607 2074 1826 2075 1827 1782 1607 2075 1827 1780 1605 1780 1605 2075 1827 2076 1828 1780 1605 2076 1828 1802 1627 1802 1627 2076 1828 2077 1829 1802 1627 2077 1829 1803 1628 1803 1628 2077 1829 2078 1830 1803 1628 2078 1830 1805 1630 1805 1630 2078 1830 2079 1831 1805 1630 2079 1831 1806 1631 1806 1631 2079 1831 2080 1832 1806 1631 2080 1832 1924 1748 1924 1748 2080 1832 2081 1833 1924 1748 2081 1833 1925 1749 1925 1749 2081 1833 2082 1834 1925 1749 2082 1834 1926 1750 1926 1750 2082 1834 2083 1842 1926 1750 2083 1842 1927 1751 1927 1751 2083 1842 2084 1836 1927 1751 2084 1836 1928 1752 1928 1752 2084 1836 2085 1837 1928 1752 2085 1837 1929 1753 1929 1753 2085 1837 2086 1838 1929 1753 2086 1838 1931 1755 1931 1755 2086 1838 2087 1839 1931 1755 2087 1839 1933 1757 1933 1757 2087 1839 2088 1840 1933 1757 2088 1840 1935 1759 1935 1759 2088 1840 2053 1805 1940 1764 2089 1805 1863 1687 1863 1687 2089 1805 2090 1806 1863 1687 2090 1806 1864 1688 1864 1688 2090 1806 2091 1807 1864 1688 2091 1807 1865 1689 1865 1689 2091 1807 2092 1808 1865 1689 2092 1808 1866 1690 1866 1690 2092 1808 2093 1809 1866 1690 2093 1809 1910 1734 1910 1734 2093 1809 2094 1810 1910 1734 2094 1810 1911 1735 1911 1735 2094 1810 2095 1811 1911 1735 2095 1811 1912 1736 1912 1736 2095 1811 2096 1812 1912 1736 2096 1812 1757 1582 1757 1582 2096 1812 2097 1841 1757 1582 2097 1841 1758 1583 1758 1583 2097 1841 2098 1814 1758 1583 2098 1814 1815 1640 1815 1640 2098 1814 2099 1815 1815 1640 2099 1815 1816 1641 1816 1641 2099 1815 2100 1816 1816 1641 2100 1816 1818 1643 1818 1643 2100 1816 2101 1817 1818 1643 2101 1817 1793 1618 1793 1618 2101 1817 2102 1818 1793 1618 2102 1818 1766 1591 1766 1591 2102 1818 2103 1819 1766 1591 2103 1819 1795 1620 1795 1620 2103 1819 2104 1820 1795 1620 2104 1820 1797 1622 1797 1622 2104 1820 2105 1821 1797 1622 2105 1821 1822 1647 1822 1647 2105 1821 2106 1822 1822 1647 2106 1822 1823 1648 1823 1648 2106 1822 2107 1823 1823 1648 2107 1823 1824 1649 1824 1649 2107 1823 2108 1824 1824 1649 2108 1824 1825 1650 1825 1650 2108 1824 2109 1825 1825 1650 2109 1825 1826 1651 1826 1651 2109 1825 2110 1826 1826 1651 2110 1826 1769 1594 1769 1594 2110 1826 2111 1827 1769 1594 2111 1827 1770 1595 1770 1595 2111 1827 2112 1828 1770 1595 2112 1828 1772 1597 1772 1597 2112 1828 2113 1829 1772 1597 2113 1829 1773 1598 1773 1598 2113 1829 2114 1830 1773 1598 2114 1830 1867 1691 1867 1691 2114 1830 2115 1831 1867 1691 2115 1831 1774 1599 1774 1599 2115 1831 2116 1832 1774 1599 2116 1832 1858 1682 1858 1682 2116 1832 2117 1833 1858 1682 2117 1833 1856 1680 1856 1680 2117 1833 2118 1834 1856 1680 2118 1834 1861 1685 1861 1685 2118 1834 2119 1842 1861 1685 2119 1842 1862 1686 1862 1686 2119 1842 2120 1836 1862 1686 2120 1836 1921 1745 1921 1745 2120 1836 2121 1837 1921 1745 2121 1837 1922 1746 1922 1746 2121 1837 2122 1838 1922 1746 2122 1838 1923 1747 1923 1747 2122 1838 2123 1839 1923 1747 2123 1839 1939 1763 1939 1763 2123 1839 2124 1840 1939 1763 2124 1840 1940 1764 1940 1764 2124 1840 2089 1805 2065 1817 2125 1843 2066 1818 2066 1818 2125 1843 2126 1844 2066 1818 2126 1844 2067 1819 2067 1819 2126 1844 2127 1845 2067 1819 2127 1845 2068 1820 2068 1820 2127 1845 2128 1846 2068 1820 2128 1846 2069 1821 2069 1821 2128 1846 2129 1847 2069 1821 2129 1847 2070 1822 2070 1822 2129 1847 2130 1848 2070 1822 2130 1848 2071 1823 2071 1823 2130 1848 2131 1849 2071 1823 2131 1849 2072 1824 2072 1824 2131 1849 2132 1850 2072 1824 2132 1850 2073 1825 2073 1825 2132 1850 2133 1851 2073 1825 2133 1851 2074 1826 2074 1826 2133 1851 2134 1852 2074 1826 2134 1852 2075 1827 2075 1827 2134 1852 2135 1853 2075 1827 2135 1853 2076 1828 2076 1828 2135 1853 2136 1854 2076 1828 2136 1854 2077 1829 2077 1829 2136 1854 2137 1855 2077 1829 2137 1855 2078 1830 2078 1830 2137 1855 2138 1856 2078 1830 2138 1856 2079 1831 2079 1831 2138 1856 2139 1857 2079 1831 2139 1857 2080 1832 2080 1832 2139 1857 2140 1858 2080 1832 2140 1858 2081 1833 2081 1833 2140 1858 2141 1859 2081 1833 2141 1859 2082 1834 2082 1834 2141 1859 2142 1860 2082 1834 2142 1860 2083 1842 2083 1842 2142 1860 2143 1861 2083 1842 2143 1861 2084 1836 2084 1836 2143 1861 2144 1862 2084 1836 2144 1862 2085 1837 2085 1837 2144 1862 2145 1863 2085 1837 2145 1863 2086 1838 2086 1838 2145 1863 2146 1864 2086 1838 2146 1864 2087 1839 2087 1839 2146 1864 2147 1865 2087 1839 2147 1865 2088 1840 2088 1840 2147 1865 2148 1866 2088 1840 2148 1866 2053 1805 2053 1805 2148 1866 2149 1867 2053 1805 2149 1867 2054 1806 2054 1806 2149 1867 2150 1868 2054 1806 2150 1868 2055 1807 2055 1807 2150 1868 2151 1869 2055 1807 2151 1869 2056 1808 2056 1808 2151 1869 2152 1870 2056 1808 2152 1870 2057 1809 2057 1809 2152 1870 2153 1871 2057 1809 2153 1871 2058 1810 2058 1810 2153 1871 2154 1872 2058 1810 2154 1872 2059 1811 2059 1811 2154 1872 2155 1873 2059 1811 2155 1873 2060 1812 2060 1812 2155 1873 2156 1874 2060 1812 2156 1874 2061 1841 2061 1841 2156 1874 2157 1875 2061 1841 2157 1875 2062 1814 2062 1814 2157 1875 2158 1876 2062 1814 2158 1876 2063 1815 2063 1815 2158 1876 2159 1877 2063 1815 2159 1877 2064 1816 2064 1816 2159 1877 2160 1878 2064 1816 2160 1878 2065 1817 2065 1817 2160 1878 2125 1843 2036 1824 2161 1879 2037 1825 2037 1825 2161 1879 2162 1880 2037 1825 2162 1880 2038 1826 2038 1826 2162 1880 2163 1881 2038 1826 2163 1881 2039 1827 2039 1827 2163 1881 2164 1882 2039 1827 2164 1882 2040 1828 2040 1828 2164 1882 2165 1883 2040 1828 2165 1883 2041 1829 2041 1829 2165 1883 2166 1884 2041 1829 2166 1884 2042 1830 2042 1830 2166 1884 2167 1885 2042 1830 2167 1885 2043 1831 2043 1831 2167 1885 2168 1886 2043 1831 2168 1886 2044 1832 2044 1832 2168 1886 2169 1887 2044 1832 2169 1887 2045 1833 2045 1833 2169 1887 2170 1888 2045 1833 2170 1888 2046 1834 2046 1834 2170 1888 2171 1889 2046 1834 2171 1889 2047 1835 2047 1835 2171 1889 2172 1890 2047 1835 2172 1890 2048 1836 2048 1836 2172 1890 2173 1891 2048 1836 2173 1891 2049 1837 2049 1837 2173 1891 2174 1892 2049 1837 2174 1892 2050 1838 2050 1838 2174 1892 2175 1893 2050 1838 2175 1893 2051 1839 2051 1839 2175 1893 2176 1894 2051 1839 2176 1894 2052 1840 2052 1840 2176 1894 2177 1895 2052 1840 2177 1895 2017 1805 2017 1805 2177 1895 2178 1896 2017 1805 2178 1896 2018 1806 2018 1806 2178 1896 2179 1897 2018 1806 2179 1897 2019 1807 2019 1807 2179 1897 2180 1898 2019 1807 2180 1898 2020 1808 2020 1808 2180 1898 2181 1899 2020 1808 2181 1899 2021 1809 2021 1809 2181 1899 2182 1900 2021 1809 2182 1900 2022 1810 2022 1810 2182 1900 2183 1901 2022 1810 2183 1901 2023 1811 2023 1811 2183 1901 2184 1902 2023 1811 2184 1902 2024 1812 2024 1812 2184 1902 2185 1903 2024 1812 2185 1903 2025 1813 2025 1813 2185 1903 2186 1904 2025 1813 2186 1904 2026 1814 2026 1814 2186 1904 2187 1905 2026 1814 2187 1905 2027 1815 2027 1815 2187 1905 2188 1906 2027 1815 2188 1906 2028 1816 2028 1816 2188 1906 2189 1907 2028 1816 2189 1907 2029 1817 2029 1817 2189 1907 2190 1908 2029 1817 2190 1908 2030 1818 2030 1818 2190 1908 2191 1909 2030 1818 2191 1909 2031 1819 2031 1819 2191 1909 2192 1910 2031 1819 2192 1910 2032 1820 2032 1820 2192 1910 2193 1911 2032 1820 2193 1911 2033 1821 2033 1821 2193 1911 2194 1912 2033 1821 2194 1912 2034 1822 2034 1822 2194 1912 2195 1913 2034 1822 2195 1913 2035 1823 2035 1823 2195 1913 2196 1914 2035 1823 2196 1914 2036 1824 2036 1824 2196 1914 2161 1879 2007 1831 2197 1857 2008 1832 2008 1832 2197 1857 2198 1858 2008 1832 2198 1858 2009 1833 2009 1833 2198 1858 2199 1859 2009 1833 2199 1859 2010 1834 2010 1834 2199 1859 2200 1860 2010 1834 2200 1860 2011 1835 2011 1835 2200 1860 2201 1861 2011 1835 2201 1861 2012 1836 2012 1836 2201 1861 2202 1862 2012 1836 2202 1862 2013 1837 2013 1837 2202 1862 2203 1863 2013 1837 2203 1863 2014 1838 2014 1838 2203 1863 2204 1864 2014 1838 2204 1864 2015 1839 2015 1839 2204 1864 2205 1915 2015 1839 2205 1915 2016 1840 2016 1840 2205 1915 2206 1916 2016 1840 2206 1916 1981 1805 1981 1805 2206 1916 2207 1917 1981 1805 2207 1917 1982 1806 1982 1806 2207 1917 2208 1868 1982 1806 2208 1868 1983 1807 1983 1807 2208 1868 2209 1918 1983 1807 2209 1918 1984 1808 1984 1808 2209 1918 2210 1919 1984 1808 2210 1919 1985 1809 1985 1809 2210 1919 2211 1871 1985 1809 2211 1871 1986 1810 1986 1810 2211 1871 2212 1872 1986 1810 2212 1872 1987 1811 1987 1811 2212 1872 2213 1920 1987 1811 2213 1920 1988 1812 1988 1812 2213 1920 2214 1874 1988 1812 2214 1874 1989 1813 1989 1813 2214 1874 2215 1921 1989 1813 2215 1921 1990 1814 1990 1814 2215 1921 2216 1922 1990 1814 2216 1922 1991 1815 1991 1815 2216 1922 2217 1877 1991 1815 2217 1877 1992 1816 1992 1816 2217 1877 2218 1878 1992 1816 2218 1878 1993 1817 1993 1817 2218 1878 2219 1843 1993 1817 2219 1843 1994 1818 1994 1818 2219 1843 2220 1923 1994 1818 2220 1923 1995 1819 1995 1819 2220 1923 2221 1845 1995 1819 2221 1845 1996 1820 1996 1820 2221 1845 2222 1846 1996 1820 2222 1846 1997 1821 1997 1821 2222 1846 2223 1924 1997 1821 2223 1924 1998 1822 1998 1822 2223 1924 2224 1925 1998 1822 2224 1925 1999 1823 1999 1823 2224 1925 2225 1849 1999 1823 2225 1849 2000 1824 2000 1824 2225 1849 2226 1850 2000 1824 2226 1850 2001 1825 2001 1825 2226 1850 2227 1926 2001 1825 2227 1926 2002 1826 2002 1826 2227 1926 2228 1852 2002 1826 2228 1852 2003 1827 2003 1827 2228 1852 2229 1853 2003 1827 2229 1853 2004 1828 2004 1828 2229 1853 2230 1854 2004 1828 2230 1854 2005 1829 2005 1829 2230 1854 2231 1855 2005 1829 2231 1855 2006 1830 2006 1830 2231 1855 2232 1856 2006 1830 2232 1856 2007 1831 2007 1831 2232 1856 2197 1857 2233 1927 2234 1928 191 184 191 184 2234 1928 2235 1929 2236 1930 2237 1931 2238 1932 2235 1929 2239 1933 191 184 191 184 2239 1933 2240 1934 191 184 2240 1934 2241 1935 2240 1934 2242 1936 2241 1935 2241 1935 2242 1936 2243 1937 2241 1935 2243 1937 2244 1938 2244 1938 2245 1939 2241 1935 2241 1935 2245 1939 2246 1940 2241 1935 2246 1940 2236 1930 2236 1930 2246 1940 2247 1941 2236 1930 2247 1941 2237 1931 2238 1932 2248 1942 2236 1930 2236 1930 2248 1942 2249 1943 2236 1930 2249 1943 2250 1944 2250 1944 2249 1943 2251 1945 2250 1944 2251 1945 2252 1946 2233 1927 191 184 2253 1947 2253 1947 191 184 2250 1944 2253 1947 2250 1944 2254 1948 2254 1948 2250 1944 2252 1946 2254 1948 2252 1946 2255 1949 2105 1821 2256 1950 2106 1822 2106 1822 2256 1950 2257 1951 2106 1822 2257 1951 2107 1823 2107 1823 2257 1951 2258 1952 2107 1823 2258 1952 2108 1824 2108 1824 2258 1952 2259 1879 2108 1824 2259 1879 2109 1825 2109 1825 2259 1879 2260 1953 2109 1825 2260 1953 2110 1826 2110 1826 2260 1953 2261 1954 2110 1826 2261 1954 2111 1827 2111 1827 2261 1954 2262 1955 2111 1827 2262 1955 2112 1828 2112 1828 2262 1955 2263 1883 2112 1828 2263 1883 2113 1829 2113 1829 2263 1883 2264 1956 2113 1829 2264 1956 2114 1830 2114 1830 2264 1956 2265 1957 2114 1830 2265 1957 2115 1831 2115 1831 2265 1957 2266 1886 2115 1831 2266 1886 2116 1832 2116 1832 2266 1886 2267 1887 2116 1832 2267 1887 2117 1833 2117 1833 2267 1887 2268 1958 2117 1833 2268 1958 2118 1834 2118 1834 2268 1958 2269 1959 2118 1834 2269 1959 2119 1842 2119 1842 2269 1959 2270 1960 2119 1842 2270 1960 2120 1836 2120 1836 2270 1960 2271 1961 2120 1836 2271 1961 2121 1837 2121 1837 2271 1961 2272 1892 2121 1837 2272 1892 2122 1838 2122 1838 2272 1892 2273 1893 2122 1838 2273 1893 2123 1839 2123 1839 2273 1893 2274 1962 2123 1839 2274 1962 2124 1840 2124 1840 2274 1962 2275 1895 2124 1840 2275 1895 2089 1805 2089 1805 2275 1895 2276 1896 2089 1805 2276 1896 2090 1806 2090 1806 2276 1896 2277 1963 2090 1806 2277 1963 2091 1807 2091 1807 2277 1963 2278 1964 2091 1807 2278 1964 2092 1808 2092 1808 2278 1964 2279 1899 2092 1808 2279 1899 2093 1809 2093 1809 2279 1899 2280 1900 2093 1809 2280 1900 2094 1810 2094 1810 2280 1900 2281 1901 2094 1810 2281 1901 2095 1811 2095 1811 2281 1901 2282 1902 2095 1811 2282 1902 2096 1812 2096 1812 2282 1902 2283 1965 2096 1812 2283 1965 2097 1841 2097 1841 2283 1965 2284 1904 2097 1841 2284 1904 2098 1814 2098 1814 2284 1904 2285 1905 2098 1814 2285 1905 2099 1815 2099 1815 2285 1905 2286 1906 2099 1815 2286 1906 2100 1816 2100 1816 2286 1906 2287 1907 2100 1816 2287 1907 2101 1817 2101 1817 2287 1907 2288 1908 2101 1817 2288 1908 2102 1818 2102 1818 2288 1908 2289 1909 2102 1818 2289 1909 2103 1819 2103 1819 2289 1909 2290 1910 2103 1819 2290 1910 2104 1820 2104 1820 2290 1910 2291 1911 2104 1820 2291 1911 2105 1821 2105 1821 2291 1911 2256 1950 2292 1966 2293 1967 2294 1968 2295 1969 1971 1795 2296 1970 2296 1970 1971 1795 2297 1971 2294 1968 2293 1967 2298 1972 2299 1973 1971 1795 2300 1974 2300 1974 1971 1795 2293 1967 1967 1791 1966 1790 2301 1975 2301 1975 1966 1790 1965 1789 2301 1975 1965 1789 2302 1976 2303 1977 2304 1978 1972 1796 1979 1803 2305 1979 2306 1980 2297 1971 1971 1795 2306 1980 2306 1980 1971 1795 1980 1804 2306 1980 1980 1804 1979 1803 1965 1789 1964 1788 2302 1976 2302 1976 1964 1788 1963 1787 2302 1976 1963 1787 2307 1981 2307 1981 1963 1787 1962 1786 2307 1981 1962 1786 2308 1982 2308 1982 1962 1786 1961 1785 2308 1982 1961 1785 2309 1983 2310 1984 2311 1985 1975 1799 2295 1969 2312 1986 1971 1795 1971 1795 2312 1986 2313 1987 1971 1795 2313 1987 2293 1967 2293 1967 2313 1987 2314 1988 2293 1967 2314 1988 2298 1972 2299 1973 2315 1989 1971 1795 1971 1795 2315 1989 2316 1990 1971 1795 2316 1990 1961 1785 1961 1785 2316 1990 2317 1991 1961 1785 2317 1991 2309 1983 2318 1992 2319 1993 1970 1794 1970 1794 2319 1993 2320 1994 2321 1995 2322 1996 2323 1997 2323 1997 2322 1996 2324 1998 2325 1999 2326 2000 1967 1791 2327 2001 2328 2002 1972 1796 1972 1796 2328 2002 2329 2003 1972 1796 2329 2003 2303 1977 2330 2004 2331 2005 2332 2006 2320 1994 2333 2007 1970 1794 1970 1794 2333 2007 2334 2008 1970 1794 2334 2008 2335 2009 2311 1985 2322 1996 1975 1799 1975 1799 2322 1996 2321 1995 1975 1799 2321 1995 1976 1800 1976 1800 2321 1995 2336 2010 1976 1800 2336 2010 1977 1801 1977 1801 2336 2010 2305 1979 1977 1801 2305 1979 1978 1802 1978 1802 2305 1979 1979 1803 2294 1968 2337 2011 2292 1966 2292 1966 2337 2011 2330 2004 2292 1966 2330 2004 2338 2012 2338 2012 2330 2004 2332 2006 2339 2013 2325 1999 2340 2014 2340 2014 2325 1999 1967 1791 2340 2014 1967 1791 2341 2015 2341 2015 1967 1791 2301 1975 2326 2000 2342 2016 1967 1791 1967 1791 2342 2016 2343 2017 1967 1791 2343 2017 1968 1792 1974 1798 2344 2018 1975 1799 1975 1799 2344 2018 2345 2019 1975 1799 2345 2019 2310 1984 2343 2017 2346 2020 1968 1792 1968 1792 2346 2020 2347 2021 1968 1792 2347 2021 1969 1793 1973 1797 2348 2022 1974 1798 1974 1798 2348 2022 2349 2023 1974 1798 2349 2023 2344 2018 2304 1978 2350 2024 1972 1796 1972 1796 2350 2024 2351 2025 1972 1796 2351 2025 1973 1797 1973 1797 2351 2025 2352 2026 1973 1797 2352 2026 2348 2022 2347 2021 2353 2027 1969 1793 1969 1793 2353 2027 2354 2028 1969 1793 2354 2028 1970 1794 1970 1794 2354 2028 2355 2029 1970 1794 2355 2029 2318 1992 2271 1961 2270 1960 2356 2030 2269 1959 2357 2031 2270 1960 2270 1960 2357 2031 2358 2032 2270 1960 2358 2032 2356 2030 2268 1958 2359 2033 2269 1959 2269 1959 2359 2033 2360 2034 2269 1959 2360 2034 2357 2031 2267 1887 2361 2035 2268 1958 2268 1958 2361 2035 2362 2036 2268 1958 2362 2036 2359 2033 2266 1886 2363 2037 2267 1887 2267 1887 2363 2037 2364 2038 2267 1887 2364 2038 2361 2035 2265 1957 2365 2039 2266 1886 2266 1886 2365 2039 2366 2040 2266 1886 2366 2040 2363 2037 2264 1956 2367 2041 2265 1957 2265 1957 2367 2041 2368 2042 2265 1957 2368 2042 2365 2039 2369 2043 2370 2044 2264 1956 2264 1956 2370 2044 2371 2045 2264 1956 2371 2045 2367 2041 2264 1956 2263 1883 2369 2043 2369 2043 2263 1883 2262 1955 2369 2043 2262 1955 2372 2046 2372 2046 2262 1955 2261 1954 2372 2046 2261 1954 2373 2047 2373 2047 2261 1954 2260 1953 2373 2047 2260 1953 2374 2048 2374 2048 2260 1953 2259 1879 2374 2048 2259 1879 2375 2049 2375 2049 2259 1879 2258 1952 2375 2049 2258 1952 2376 2050 2376 2050 2258 1952 2257 1951 2376 2050 2257 1951 2377 2051 2356 2030 2378 2052 2271 1961 2271 1961 2378 2052 2379 2053 2271 1961 2379 2053 2272 1892 2272 1892 2379 2053 2380 2054 2272 1892 2380 2054 2273 1893 2273 1893 2380 2054 2381 2055 2273 1893 2381 2055 2274 1962 2274 1962 2381 2055 2382 2056 2274 1962 2382 2056 2275 1895 2275 1895 2382 2056 2383 2057 2275 1895 2383 2057 2276 1896 2276 1896 2383 2057 2384 2058 2276 1896 2384 2058 2277 1963 2277 1963 2384 2058 2331 2005 2277 1963 2331 2005 2278 1964 2278 1964 2331 2005 2330 2004 2278 1964 2330 2004 2279 1899 2279 1899 2330 2004 2337 2011 2279 1899 2337 2011 2280 1900 2280 1900 2337 2011 2294 1968 2280 1900 2294 1968 2281 1901 2281 1901 2294 1968 2298 1972 2281 1901 2298 1972 2282 1902 2282 1902 2298 1972 2314 1988 2282 1902 2314 1988 2283 1965 2283 1965 2314 1988 2313 1987 2283 1965 2313 1987 2284 1904 2284 1904 2313 1987 2312 1986 2284 1904 2312 1986 2285 1905 2285 1905 2312 1986 2295 1969 2285 1905 2295 1969 2286 1906 2286 1906 2295 1969 2296 1970 2286 1906 2296 1970 2287 1907 2287 1907 2296 1970 2297 1971 2287 1907 2297 1971 2288 1908 2288 1908 2297 1971 2306 1980 2288 1908 2306 1980 2289 1909 2289 1909 2306 1980 2305 1979 2289 1909 2305 1979 2290 1910 2290 1910 2305 1979 2336 2010 2290 1910 2336 2010 2291 1911 2291 1911 2336 2010 2321 1995 2291 1911 2321 1995 2256 1950 2256 1950 2321 1995 2323 1997 2256 1950 2323 1997 2257 1951 2257 1951 2323 1997 2324 1998 2257 1951 2324 1998 2377 2051 2385 2059 2386 2060 2250 1944 2250 1944 2386 2060 2236 1930 2250 1944 191 184 2387 2061 2388 2062 2389 2063 191 184 2387 2061 2390 2064 2250 1944 2250 1944 2390 2064 2391 2065 2250 1944 2391 2065 2392 2066 2392 2066 2393 2067 2250 1944 2250 1944 2393 2067 2394 2068 2250 1944 2394 2068 2395 2069 2396 2070 2397 2071 2385 2059 2385 2059 2397 2071 2398 2072 2385 2059 2398 2072 2399 2073 2399 2073 2400 2074 2385 2059 2385 2059 2400 2074 2401 2075 2385 2059 2401 2075 2402 2076 2403 2077 2404 2078 2405 2079 2405 2079 2404 2078 2385 2059 2405 2079 2385 2059 2406 2080 2406 2080 2385 2059 2402 2076 2389 2063 2407 2081 191 184 191 184 2407 2081 2408 2082 191 184 2408 2082 2409 2083 2409 2083 2410 2084 191 184 191 184 2410 2084 2411 2085 191 184 2411 2085 2387 2061 2395 2069 2412 2086 2250 1944 2250 1944 2412 2086 2413 2087 2250 1944 2413 2087 2385 2059 2385 2059 2413 2087 2414 2088 2385 2059 2414 2088 2396 2070 2403 2077 2415 2089 2404 2078 2404 2078 2415 2089 2416 2090 2404 2078 2416 2090 2417 2091 2417 2091 2418 2092 2404 2078 2404 2078 2418 2092 2419 2093 2404 2078 2419 2093 2420 2094 2420 2094 2421 2095 2404 2078 2404 2078 2421 2095 2422 2096 2404 2078 2422 2096 191 184 191 184 2422 2096 2423 2097 191 184 2423 2097 2388 2062 2424 2098 2404 2078 2241 1935 2241 1935 2404 2078 191 184 2425 2099 2426 2100 2236 1930 2236 1930 2426 2100 2427 2101 2428 2102 2429 2103 2241 1935 2427 2101 2430 2104 2236 1930 2236 1930 2430 2104 2431 2105 2236 1930 2431 2105 2432 2106 2433 2107 2386 2060 2434 2108 2434 2108 2386 2060 2435 2109 2433 2107 2436 2110 2386 2060 2386 2060 2436 2110 2437 2111 2386 2060 2437 2111 2438 2112 2438 2112 2439 2113 2386 2060 2386 2060 2439 2113 2440 2114 2386 2060 2440 2114 2236 1930 2236 1930 2440 2114 2441 2115 2236 1930 2441 2115 2425 2099 2429 2103 2442 2116 2241 1935 2241 1935 2442 2116 2443 2117 2241 1935 2443 2117 2444 2118 2445 2119 2446 2120 2424 2098 2424 2098 2446 2120 2447 2121 2424 2098 2447 2121 2386 2060 2386 2060 2447 2121 2448 2122 2386 2060 2448 2122 2435 2109 2432 2106 2449 2123 2236 1930 2236 1930 2449 2123 2450 2124 2236 1930 2450 2124 2241 1935 2241 1935 2450 2124 2451 2125 2241 1935 2451 2125 2428 2102 2444 2118 2452 2126 2241 1935 2241 1935 2452 2126 2453 2127 2241 1935 2453 2127 2424 2098 2424 2098 2453 2127 2454 2128 2424 2098 2454 2128 2455 2129 2455 2129 2456 2130 2424 2098 2424 2098 2456 2130 2457 2131 2424 2098 2457 2131 2458 2132 2458 2132 2459 2133 2424 2098 2424 2098 2459 2133 2460 2134 2424 2098 2460 2134 2445 2119 2220 1923 2219 1843 2461 2135 2218 1878 2462 2136 2219 1843 2219 1843 2462 2136 2463 2137 2219 1843 2463 2137 2461 2135 2217 1877 2464 2138 2218 1878 2218 1878 2464 2138 2465 2139 2218 1878 2465 2139 2462 2136 2216 1922 2466 2140 2217 1877 2217 1877 2466 2140 2467 2141 2217 1877 2467 2141 2464 2138 2215 1921 2468 2142 2216 1922 2216 1922 2468 2142 2469 2143 2216 1922 2469 2143 2466 2140 2214 1874 2470 2144 2215 1921 2215 1921 2470 2144 2471 2145 2215 1921 2471 2145 2468 2142 2213 1920 2472 2146 2214 1874 2214 1874 2472 2146 2473 2147 2214 1874 2473 2147 2470 2144 2474 2148 2475 2149 2213 1920 2213 1920 2475 2149 2476 2150 2213 1920 2476 2150 2472 2146 2213 1920 2212 1872 2474 2148 2474 2148 2212 1872 2211 1871 2474 2148 2211 1871 2477 2151 2477 2151 2211 1871 2210 1919 2477 2151 2210 1919 2478 2152 2478 2152 2210 1919 2209 1918 2478 2152 2209 1918 2479 2153 2479 2153 2209 1918 2208 1868 2479 2153 2208 1868 2480 2154 2480 2154 2208 1868 2207 1917 2480 2154 2207 1917 2481 2155 2481 2155 2207 1917 2206 1916 2481 2155 2206 1916 2482 2156 2461 2135 2483 2157 2220 1923 2220 1923 2483 2157 2484 2158 2220 1923 2484 2158 2221 1845 2221 1845 2484 2158 2485 2159 2221 1845 2485 2159 2222 1846 2222 1846 2485 2159 2486 2160 2222 1846 2486 2160 2223 1924 2223 1924 2486 2160 2487 2161 2223 1924 2487 2161 2224 1925 2224 1925 2487 2161 2488 2162 2224 1925 2488 2162 2225 1849 2225 1849 2488 2162 2489 2163 2225 1849 2489 2163 2226 1850 2226 1850 2489 2163 2490 2164 2226 1850 2490 2164 2227 1926 2227 1926 2490 2164 2491 2165 2227 1926 2491 2165 2228 1852 2228 1852 2491 2165 2492 2166 2228 1852 2492 2166 2229 1853 2229 1853 2492 2166 2493 2167 2229 1853 2493 2167 2230 1854 2230 1854 2493 2167 2494 2168 2230 1854 2494 2168 2231 1855 2231 1855 2494 2168 2495 2169 2231 1855 2495 2169 2232 1856 2232 1856 2495 2169 2496 2170 2232 1856 2496 2170 2197 1857 2197 1857 2496 2170 2497 2171 2197 1857 2497 2171 2198 1858 2198 1858 2497 2171 2498 2172 2198 1858 2498 2172 2199 1859 2199 1859 2498 2172 2499 2173 2199 1859 2499 2173 2200 1860 2200 1860 2499 2173 2500 2174 2200 1860 2500 2174 2201 1861 2201 1861 2500 2174 2501 2175 2201 1861 2501 2175 2202 1862 2202 1862 2501 2175 2502 2176 2202 1862 2502 2176 2203 1863 2203 1863 2502 2176 2503 2177 2203 1863 2503 2177 2204 1864 2204 1864 2503 2177 2504 2178 2204 1864 2504 2178 2205 1915 2205 1915 2504 2178 2505 2179 2205 1915 2505 2179 2206 1916 2206 1916 2505 2179 2506 2180 2206 1916 2506 2180 2482 2156 2173 1891 2507 2181 2174 1892 2174 1892 2507 2181 2508 2182 2174 1892 2508 2182 2175 1893 2175 1893 2508 2182 2509 2183 2175 1893 2509 2183 2176 1894 2176 1894 2509 2183 2510 2184 2176 1894 2510 2184 2177 1895 2177 1895 2510 2184 2511 2185 2177 1895 2511 2185 2178 1896 2178 1896 2511 2185 2512 2186 2178 1896 2512 2186 2179 1897 2179 1897 2512 2186 2339 2013 2179 1897 2339 2013 2180 1898 2180 1898 2339 2013 2340 2014 2180 1898 2340 2014 2181 1899 2181 1899 2340 2014 2341 2015 2181 1899 2341 2015 2182 1900 2182 1900 2341 2015 2301 1975 2182 1900 2301 1975 2183 1901 2183 1901 2301 1975 2302 1976 2183 1901 2302 1976 2184 1902 2184 1902 2302 1976 2307 1981 2184 1902 2307 1981 2185 1903 2185 1903 2307 1981 2308 1982 2185 1903 2308 1982 2186 1904 2186 1904 2308 1982 2309 1983 2186 1904 2309 1983 2187 1905 2187 1905 2309 1983 2317 1991 2187 1905 2317 1991 2188 1906 2188 1906 2317 1991 2316 1990 2188 1906 2316 1990 2189 1907 2189 1907 2316 1990 2315 1989 2189 1907 2315 1989 2190 1908 2190 1908 2315 1989 2299 1973 2190 1908 2299 1973 2191 1909 2191 1909 2299 1973 2300 1974 2191 1909 2300 1974 2192 1910 2192 1910 2300 1974 2293 1967 2192 1910 2293 1967 2193 1911 2193 1911 2293 1967 2292 1966 2193 1911 2292 1966 2194 1912 2194 1912 2292 1966 2338 2012 2194 1912 2338 2012 2195 1913 2195 1913 2338 2012 2332 2006 2172 1890 2513 2187 2173 1891 2173 1891 2513 2187 2514 2188 2173 1891 2514 2188 2507 2181 2171 1889 2515 2189 2172 1890 2172 1890 2515 2189 2516 2190 2172 1890 2516 2190 2513 2187 2170 1888 2517 2191 2171 1889 2171 1889 2517 2191 2518 2192 2171 1889 2518 2192 2515 2189 2169 1887 2519 2193 2170 1888 2170 1888 2519 2193 2520 2194 2170 1888 2520 2194 2517 2191 2168 1886 2521 2195 2169 1887 2169 1887 2521 2195 2522 2196 2169 1887 2522 2196 2519 2193 2167 1885 2523 2197 2168 1886 2168 1886 2523 2197 2524 2198 2168 1886 2524 2198 2521 2195 2166 1884 2525 2199 2167 1885 2167 1885 2525 2199 2526 2200 2167 1885 2526 2200 2523 2197 2527 2201 2528 2202 2166 1884 2166 1884 2528 2202 2529 2203 2166 1884 2529 2203 2525 2199 2332 2006 2530 2204 2195 1913 2195 1913 2530 2204 2531 2205 2195 1913 2531 2205 2196 1914 2196 1914 2531 2205 2532 2206 2196 1914 2532 2206 2161 1879 2161 1879 2532 2206 2533 2207 2161 1879 2533 2207 2162 1880 2162 1880 2533 2207 2534 2208 2162 1880 2534 2208 2163 1881 2163 1881 2534 2208 2535 2209 2163 1881 2535 2209 2164 1882 2164 1882 2535 2209 2527 2201 2164 1882 2527 2201 2165 1883 2165 1883 2527 2201 2166 1884 2126 1844 2536 2210 2127 1845 2127 1845 2536 2210 2537 2211 2127 1845 2537 2211 2128 1846 2128 1846 2537 2211 2538 2212 2128 1846 2538 2212 2129 1847 2129 1847 2538 2212 2539 2213 2129 1847 2539 2213 2130 1848 2130 1848 2539 2213 2540 2214 2130 1848 2540 2214 2131 1849 2131 1849 2540 2214 2541 2215 2131 1849 2541 2215 2132 1850 2132 1850 2541 2215 2542 2216 2132 1850 2542 2216 2133 1851 2133 1851 2542 2216 2543 2217 2133 1851 2543 2217 2134 1852 2134 1852 2543 2217 2544 2218 2134 1852 2544 2218 2135 1853 2135 1853 2544 2218 2545 2219 2135 1853 2545 2219 2136 1854 2136 1854 2545 2219 2546 2220 2136 1854 2546 2220 2137 1855 2137 1855 2546 2220 2547 2221 2137 1855 2547 2221 2138 1856 2138 1856 2547 2221 2548 2222 2138 1856 2548 2222 2139 1857 2139 1857 2548 2222 2549 2223 2139 1857 2549 2223 2140 1858 2140 1858 2549 2223 2550 2224 2140 1858 2550 2224 2141 1859 2141 1859 2550 2224 2551 2225 2141 1859 2551 2225 2142 1860 2142 1860 2551 2225 2552 2226 2142 1860 2552 2226 2143 1861 2143 1861 2552 2226 2553 2227 2143 1861 2553 2227 2144 1862 2144 1862 2553 2227 2554 2228 2144 1862 2554 2228 2145 1863 2145 1863 2554 2228 2555 2229 2145 1863 2555 2229 2146 1864 2146 1864 2555 2229 2556 2230 2146 1864 2556 2230 2147 1865 2147 1865 2556 2230 2557 2231 2147 1865 2557 2231 2148 1866 2148 1866 2557 2231 2558 2232 2125 1843 2559 2233 2126 1844 2126 1844 2559 2233 2560 2234 2126 1844 2560 2234 2536 2210 2160 1878 2561 2235 2125 1843 2125 1843 2561 2235 2562 2236 2125 1843 2562 2236 2559 2233 2159 1877 2563 2237 2160 1878 2160 1878 2563 2237 2564 2238 2160 1878 2564 2238 2561 2235 2158 1876 2565 2239 2159 1877 2159 1877 2565 2239 2566 2240 2159 1877 2566 2240 2563 2237 2157 1875 2567 2241 2158 1876 2158 1876 2567 2241 2568 2242 2158 1876 2568 2242 2565 2239 2156 1874 2569 2243 2157 1875 2157 1875 2569 2243 2570 2244 2157 1875 2570 2244 2567 2241 2155 1873 2571 2245 2156 1874 2156 1874 2571 2245 2572 2246 2156 1874 2572 2246 2569 2243 2573 2247 2574 2248 2155 1873 2155 1873 2574 2248 2575 2249 2155 1873 2575 2249 2571 2245 2558 2232 2576 2250 2148 1866 2148 1866 2576 2250 2577 2251 2148 1866 2577 2251 2149 1867 2149 1867 2577 2251 2578 2252 2149 1867 2578 2252 2150 1868 2150 1868 2578 2252 2579 2253 2150 1868 2579 2253 2151 1869 2151 1869 2579 2253 2580 2254 2151 1869 2580 2254 2152 1870 2152 1870 2580 2254 2581 2255 2152 1870 2581 2255 2153 1871 2153 1871 2581 2255 2573 2247 2153 1871 2573 2247 2154 1872 2154 1872 2573 2247 2155 1873 2551 2225 2550 2224 1941 1765 2550 2224 2549 2223 1941 1765 1941 1765 2549 2223 2548 2222 1941 1765 2548 2222 1942 1766 1942 1766 2548 2222 2547 2221 1942 1766 2547 2221 1943 1767 1943 1767 2547 2221 2546 2220 1947 1771 1946 1770 2545 2219 2545 2219 1946 1770 1945 1769 2545 2219 1945 1769 2546 2220 2546 2220 1945 1769 1944 1768 2546 2220 1944 1768 1943 1767 2552 2226 2496 2170 2553 2227 2553 2227 2496 2170 2495 2169 2495 2169 2494 2168 2553 2227 2553 2227 2494 2168 2493 2167 2553 2227 2493 2167 2554 2228 2499 2173 2498 2172 1951 1775 1951 1775 2498 2172 2497 2171 1951 1775 2497 2171 1941 1765 1941 1765 2497 2171 2496 2170 1941 1765 2496 2170 2551 2225 2551 2225 2496 2170 2552 2226 2582 2256 2583 2257 1952 1776 1960 1784 1959 1783 2501 2175 2501 2175 1959 1783 2502 2176 1960 1784 2501 2175 1951 1775 1951 1775 2501 2175 2500 2174 1951 1775 2500 2174 2499 2173 2584 2258 2585 2259 1950 1774 1950 1774 2585 2259 2586 2260 2587 2261 2588 2262 1955 1779 2589 2263 2590 2264 1947 1771 2504 2178 2591 2265 2505 2179 2505 2179 2591 2265 2506 2180 2586 2260 2592 2266 1950 1774 1950 1774 2592 2266 2593 2267 1950 1774 2593 2267 2594 2268 2595 2269 2596 2270 1952 1776 1952 1776 2596 2270 2597 2271 1952 1776 2597 2271 2582 2256 2542 2216 2589 2263 2543 2217 2543 2217 2589 2263 1947 1771 2543 2217 1947 1771 2544 2218 2544 2218 1947 1771 2545 2219 2590 2264 2598 2272 1947 1771 1947 1771 2598 2272 2599 2273 1947 1771 2599 2273 1948 1772 2588 2262 2591 2265 1955 1779 1955 1779 2591 2265 2504 2178 1955 1779 2504 2178 1956 1780 1956 1780 2504 2178 2503 2177 1956 1780 2503 2177 1957 1781 1957 1781 2503 2177 2502 2176 1957 1781 2502 2176 1958 1782 1958 1782 2502 2176 1959 1783 1954 1778 2600 2274 1955 1779 1955 1779 2600 2274 2601 2275 1955 1779 2601 2275 2587 2261 2490 2164 2558 2232 2491 2165 2491 2165 2558 2232 2557 2231 2491 2165 2557 2231 2492 2166 2492 2166 2557 2231 2556 2230 2492 2166 2556 2230 2493 2167 2493 2167 2556 2230 2555 2229 2493 2167 2555 2229 2554 2228 2599 2273 2602 2276 1948 1772 1948 1772 2602 2276 2603 2277 1948 1772 2603 2277 1949 1773 1953 1777 2604 2278 1954 1778 1954 1778 2604 2278 2605 2279 1954 1778 2605 2279 2600 2274 2603 2277 2606 2280 1949 1773 1949 1773 2606 2280 2607 2281 1949 1773 2607 2281 1950 1774 1950 1774 2607 2281 2608 2282 1950 1774 2608 2282 2584 2258 2583 2257 2609 2283 1952 1776 1952 1776 2609 2283 2610 2284 1952 1776 2610 2284 1953 1777 1953 1777 2610 2284 2611 2285 1953 1777 2611 2285 2604 2278 2245 1939 2244 1938 2612 2286 2612 2286 2244 1938 2613 2287 2612 2286 2613 2287 2614 2288 2244 1938 2243 1937 2613 2287 2613 2287 2243 1937 2615 2289 2613 2287 2615 2289 2616 2290 2253 1947 2617 2291 2233 1927 2233 1927 2617 2291 2618 2292 2254 1948 2255 1949 2619 2293 2619 2293 2255 1949 2620 2294 2619 2293 2620 2294 2621 2295 2617 2291 2622 2296 2618 2292 2618 2292 2622 2296 2623 2297 2255 1949 2252 1946 2620 2294 2620 2294 2252 1946 2624 2298 2620 2294 2624 2298 2625 2299 2626 2300 2251 1945 2627 2301 2627 2301 2251 1945 2249 1943 2628 2302 2626 2300 2629 2303 2629 2303 2626 2300 2627 2301 2630 2304 2631 2305 2632 2306 2632 2306 2631 2305 2633 2307 2634 2308 2635 2309 2636 2310 2636 2310 2635 2309 2637 2311 2628 2302 2629 2303 2637 2311 2637 2311 2629 2303 2632 2306 2637 2311 2632 2306 2636 2310 2636 2310 2632 2306 2633 2307 2636 2310 2633 2307 2638 2312 2638 2312 2633 2307 2639 2313 2640 2314 2638 2312 2641 2315 2641 2315 2638 2312 2639 2313 2240 1934 2640 2314 2242 1936 2242 1936 2640 2314 2641 2315 2239 1933 2235 1929 2642 2316 2642 2316 2235 1929 2643 2317 2642 2316 2643 2317 2644 2318 2235 1929 2234 1928 2643 2317 2643 2317 2234 1928 2645 2319 2643 2317 2645 2319 2646 2320 2251 1945 2626 2300 2252 1946 2252 1946 2626 2300 2624 2298 2625 2299 2624 2298 2628 2302 2628 2302 2624 2298 2626 2300 2233 1927 2618 2292 2234 1928 2234 1928 2618 2292 2645 2319 2622 2296 2617 2291 2621 2295 2621 2295 2617 2291 2619 2293 2239 1933 2642 2316 2240 1934 2240 1934 2642 2316 2640 2314 2642 2316 2644 2318 2640 2314 2640 2314 2644 2318 2638 2312 2644 2318 2643 2317 2638 2312 2638 2312 2643 2317 2636 2310 2634 2308 2636 2310 2646 2320 2646 2320 2636 2310 2643 2317 2622 2296 2635 2309 2623 2297 2623 2297 2635 2309 2634 2308 2646 2320 2645 2319 2623 2297 2623 2297 2645 2319 2618 2292 2646 2320 2623 2297 2634 2308 2621 2295 2620 2294 2635 2309 2635 2309 2620 2294 2637 2311 2621 2295 2635 2309 2622 2296 2620 2294 2625 2299 2637 2311 2637 2311 2625 2299 2628 2302 2254 1948 2619 2293 2253 1947 2253 1947 2619 2293 2617 2291 2248 1942 2238 1932 2647 2321 2647 2321 2238 1932 2648 2322 2647 2321 2648 2322 2649 2323 2238 1932 2237 1931 2648 2322 2648 2322 2237 1931 2650 2324 2648 2322 2650 2324 2651 2325 2652 2326 2247 1941 2653 2327 2653 2327 2247 1941 2246 1940 2654 2328 2652 2326 2655 2329 2655 2329 2652 2326 2653 2327 2248 1942 2647 2321 2249 1943 2249 1943 2647 2321 2627 2301 2629 2303 2627 2301 2649 2323 2649 2323 2627 2301 2647 2321 2247 1941 2652 2326 2237 1931 2237 1931 2652 2326 2650 2324 2632 2306 2629 2303 2648 2322 2648 2322 2629 2303 2649 2323 2245 1939 2612 2286 2246 1940 2246 1940 2612 2286 2653 2327 2651 2325 2650 2324 2654 2328 2654 2328 2650 2324 2652 2326 2630 2304 2632 2306 2651 2325 2651 2325 2632 2306 2648 2322 2655 2329 2653 2327 2614 2288 2614 2288 2653 2327 2612 2286 2655 2329 2631 2305 2654 2328 2654 2328 2631 2305 2630 2304 2614 2288 2613 2287 2631 2305 2631 2305 2613 2287 2633 2307 2242 1936 2641 2315 2243 1937 2243 1937 2641 2315 2615 2289 2616 2290 2615 2289 2639 2313 2639 2313 2615 2289 2641 2315 2639 2313 2633 2307 2616 2290 2616 2290 2633 2307 2613 2287 2614 2288 2631 2305 2655 2329 2654 2328 2630 2304 2651 2325 1843 1667 1970 1794 2335 2009 1843 1667 2656 2330 1809 1634 1809 1634 2656 2330 2595 2269 1809 1634 2595 2269 1952 1776 2335 2009 2657 2331 2658 2332 2659 2333 2660 2334 2335 2009 2335 2009 2660 2334 2661 2335 2335 2009 2661 2335 2662 2336 1843 1667 2663 2337 2664 2338 2658 2332 2665 2339 2335 2009 2335 2009 2665 2339 2666 2340 2335 2009 2666 2340 2659 2333 2662 2336 2667 2341 2335 2009 2335 2009 2667 2341 2668 2342 2335 2009 2668 2342 1843 1667 1843 1667 2668 2342 2669 2343 1843 1667 2669 2343 2663 2337 2664 2338 2670 2344 1843 1667 1843 1667 2670 2344 2671 2345 1843 1667 2671 2345 2656 2330 2656 2330 2671 2345 2672 2346 2672 2346 2673 2347 2656 2330 2656 2330 2673 2347 2674 2348 2656 2330 2674 2348 2675 2349 2675 2349 2676 2350 2656 2330 2656 2330 2676 2350 2677 2351 2656 2330 2677 2351 2678 2352 2679 2353 2680 2354 2681 2355 2681 2355 2680 2354 2657 2331 2681 2355 2657 2331 2682 2356 2682 2356 2657 2331 2335 2009 2683 2357 2684 2358 2685 2359 2685 2359 2684 2358 2656 2330 2685 2359 2656 2330 2686 2360 2686 2360 2656 2330 2678 2352 2683 2357 2687 2361 2684 2358 2684 2358 2687 2361 2688 2362 2684 2358 2688 2362 2689 2363 2689 2363 2690 2364 2684 2358 2684 2358 2690 2364 2691 2365 2684 2358 2691 2365 2692 2366 2692 2366 2693 2367 2684 2358 2684 2358 2693 2367 2694 2368 2684 2358 2694 2368 2681 2355 2681 2355 2694 2368 2695 2369 2681 2355 2695 2369 2679 2353 2696 2370 2591 2265 2588 2262 2696 2370 2588 2262 2697 2371 2610 2284 2698 2372 2611 2285 2611 2285 2698 2372 2699 2373 2611 2285 2699 2373 2604 2278 2604 2278 2699 2373 2700 2374 2604 2278 2700 2374 2605 2279 2605 2279 2700 2374 2701 2375 2605 2279 2701 2375 2600 2274 2600 2274 2701 2375 2702 2376 2600 2274 2702 2376 2601 2275 2601 2275 2702 2376 2697 2371 2601 2275 2697 2371 2587 2261 2587 2261 2697 2371 2588 2262 2609 2283 2703 2377 2610 2284 2610 2284 2703 2377 2704 2378 2610 2284 2704 2378 2698 2372 2583 2257 2705 2379 2609 2283 2609 2283 2705 2379 2706 2380 2609 2283 2706 2380 2703 2377 2582 2256 2707 2381 2583 2257 2583 2257 2707 2381 2708 2382 2583 2257 2708 2382 2705 2379 2597 2271 2709 2383 2582 2256 2582 2256 2709 2383 2710 2384 2582 2256 2710 2384 2707 2381 2711 2385 2712 2386 2597 2271 2597 2271 2712 2386 2713 2387 2597 2271 2713 2387 2709 2383 2597 2271 2596 2270 2711 2385 2711 2385 2596 2270 2595 2269 2711 2385 2595 2269 2656 2330 2714 2388 2712 2386 2684 2358 2684 2358 2712 2386 2711 2385 2684 2358 2711 2385 2656 2330 2715 2389 2716 2390 2707 2381 2707 2381 2710 2384 2715 2389 2715 2389 2710 2384 2709 2383 2715 2389 2709 2383 2714 2388 2714 2388 2709 2383 2713 2387 2714 2388 2713 2387 2712 2386 2717 2391 2718 2392 2703 2377 2703 2377 2706 2380 2717 2391 2717 2391 2706 2380 2705 2379 2717 2391 2705 2379 2716 2390 2716 2390 2705 2379 2708 2382 2716 2390 2708 2382 2707 2381 2719 2393 2720 2394 2700 2374 2700 2374 2699 2373 2719 2393 2719 2393 2699 2373 2698 2372 2719 2393 2698 2372 2718 2392 2718 2392 2698 2372 2704 2378 2718 2392 2704 2378 2703 2377 2721 2395 2722 2396 2696 2370 2696 2370 2697 2371 2721 2395 2721 2395 2697 2371 2702 2376 2721 2395 2702 2376 2720 2394 2720 2394 2702 2376 2701 2375 2720 2394 2701 2375 2700 2374 2482 2156 2506 2180 2591 2265 2537 2211 2536 2210 2723 2397 2723 2397 2536 2210 2560 2234 2696 2370 2477 2151 2478 2152 2589 2263 2542 2216 2541 2215 2541 2215 2540 2214 2589 2263 2589 2263 2540 2214 2539 2213 2589 2263 2539 2213 2723 2397 2723 2397 2539 2213 2538 2212 2723 2397 2538 2212 2537 2211 2566 2240 2565 2239 2723 2397 2486 2160 2485 2159 2579 2253 2579 2253 2485 2159 2580 2254 2580 2254 2485 2159 2581 2255 2581 2255 2485 2159 2484 2158 2581 2255 2484 2158 2483 2157 2561 2235 2564 2238 2723 2397 2723 2397 2564 2238 2563 2237 2723 2397 2563 2237 2566 2240 2565 2239 2568 2242 2723 2397 2723 2397 2568 2242 2567 2241 2723 2397 2567 2241 2696 2370 2696 2370 2567 2241 2570 2244 2696 2370 2570 2244 2569 2243 2478 2152 2479 2153 2696 2370 2696 2370 2479 2153 2480 2154 2696 2370 2480 2154 2591 2265 2591 2265 2480 2154 2481 2155 2591 2265 2481 2155 2482 2156 2569 2243 2572 2246 2696 2370 2696 2370 2572 2246 2571 2245 2696 2370 2571 2245 2575 2249 2581 2255 2467 2141 2696 2370 2696 2370 2467 2141 2466 2140 2696 2370 2466 2140 2469 2143 2469 2143 2468 2142 2696 2370 2696 2370 2468 2142 2471 2145 2696 2370 2471 2145 2470 2144 2575 2249 2574 2248 2696 2370 2696 2370 2574 2248 2573 2247 2696 2370 2573 2247 2581 2255 2558 2232 2490 2164 2489 2163 2462 2136 2465 2139 2581 2255 2581 2255 2465 2139 2464 2138 2581 2255 2464 2138 2467 2141 2560 2234 2559 2233 2723 2397 2723 2397 2559 2233 2562 2236 2723 2397 2562 2236 2561 2235 2486 2160 2579 2253 2487 2161 2487 2161 2579 2253 2578 2252 2487 2161 2578 2252 2488 2162 2488 2162 2578 2252 2577 2251 2488 2162 2577 2251 2489 2163 2489 2163 2577 2251 2576 2250 2489 2163 2576 2250 2558 2232 2470 2144 2473 2147 2696 2370 2696 2370 2473 2147 2472 2146 2696 2370 2472 2146 2476 2150 2483 2157 2461 2135 2581 2255 2581 2255 2461 2135 2463 2137 2581 2255 2463 2137 2462 2136 2476 2150 2475 2149 2696 2370 2696 2370 2475 2149 2474 2148 2696 2370 2474 2148 2477 2151 2696 2370 2722 2396 2723 2397 2723 2397 2722 2396 2724 2398 2721 2395 2720 2394 2386 2060 2725 2399 2726 2400 2424 2098 2424 2098 2727 2401 2404 2078 2404 2078 2727 2401 2728 2402 2404 2078 2729 2403 2385 2059 2385 2059 2729 2403 2730 2404 2385 2059 2730 2404 2731 2405 2732 2406 2733 2407 2385 2059 2385 2059 2733 2407 2724 2398 2385 2059 2724 2398 2386 2060 2386 2060 2724 2398 2722 2396 2386 2060 2722 2396 2721 2395 2734 2408 2735 2409 2424 2098 2726 2400 2736 2410 2424 2098 2424 2098 2736 2410 2737 2411 2424 2098 2737 2411 2727 2401 2731 2405 2738 2412 2385 2059 2385 2059 2738 2412 2739 2413 2385 2059 2739 2413 2740 2414 2740 2414 2741 2415 2385 2059 2385 2059 2741 2415 2742 2416 2385 2059 2742 2416 2732 2406 2715 2389 2386 2060 2716 2390 2716 2390 2386 2060 2717 2391 2715 2389 2714 2388 2386 2060 2386 2060 2714 2388 2684 2358 2386 2060 2684 2358 2424 2098 2424 2098 2684 2358 2681 2355 2424 2098 2681 2355 2734 2408 2735 2409 2743 2417 2424 2098 2424 2098 2743 2417 2744 2418 2424 2098 2744 2418 2725 2399 2720 2394 2719 2393 2386 2060 2386 2060 2719 2393 2718 2392 2386 2060 2718 2392 2717 2391 2728 2402 2745 2419 2404 2078 2404 2078 2745 2419 2746 2420 2404 2078 2746 2420 2747 2421 2747 2421 2748 2422 2404 2078 2404 2078 2748 2422 2749 2423 2404 2078 2749 2423 2750 2424 2750 2424 2751 2425 2404 2078 2404 2078 2751 2425 2752 2426 2404 2078 2752 2426 2729 2403 2753 2427 2754 2428 2584 2258 2755 2429 2594 2268 2593 2267 2755 2429 2593 2267 2756 2430 2756 2430 2593 2267 2592 2266 2756 2430 2592 2266 2757 2431 2586 2260 2758 2432 2592 2266 2592 2266 2758 2432 2759 2433 2592 2266 2759 2433 2757 2431 2584 2258 2754 2428 2585 2259 2754 2428 2760 2434 2585 2259 2585 2259 2760 2434 2761 2435 2585 2259 2761 2435 2586 2260 2586 2260 2761 2435 2762 2436 2586 2260 2762 2436 2758 2432 2753 2427 2584 2258 2763 2437 2763 2437 2584 2258 2608 2282 2763 2437 2608 2282 2764 2438 2764 2438 2608 2282 2607 2281 2764 2438 2607 2281 2765 2439 2765 2439 2607 2281 2606 2280 2765 2439 2606 2280 2766 2440 2766 2440 2606 2280 2603 2277 2766 2440 2603 2277 2767 2441 2767 2441 2603 2277 2602 2276 2767 2441 2602 2276 2768 2442 2768 2442 2602 2276 2599 2273 2768 2442 2599 2273 2769 2443 2589 2263 2723 2397 2590 2264 2590 2264 2723 2397 2769 2443 2590 2264 2769 2443 2598 2272 2598 2272 2769 2443 2599 2273 2758 2432 2762 2436 2739 2413 2733 2407 2732 2406 2766 2440 2766 2440 2767 2441 2733 2407 2733 2407 2767 2441 2768 2442 2733 2407 2768 2442 2724 2398 2724 2398 2768 2442 2769 2443 2724 2398 2769 2443 2723 2397 2742 2416 2741 2415 2753 2427 2753 2427 2763 2437 2742 2416 2742 2416 2763 2437 2764 2438 2742 2416 2764 2438 2732 2406 2732 2406 2764 2438 2765 2439 2732 2406 2765 2439 2766 2440 2739 2413 2762 2436 2740 2414 2762 2436 2761 2435 2740 2414 2740 2414 2761 2435 2760 2434 2740 2414 2760 2434 2741 2415 2741 2415 2760 2434 2754 2428 2741 2415 2754 2428 2753 2427 2758 2432 2739 2413 2759 2433 2759 2433 2739 2413 2738 2412 2759 2433 2738 2412 2757 2431 2757 2431 2738 2412 2731 2405 2757 2431 2731 2405 2756 2430 2756 2430 2731 2405 2730 2404 2756 2430 2730 2404 2755 2429 2377 2051 2324 1998 2322 1996 2770 2444 2372 2046 2373 2047 2508 2182 2507 2181 2771 2445 2771 2445 2507 2181 2514 2188 2381 2055 2380 2054 2533 2207 2535 2209 2379 2053 2378 2052 2373 2047 2374 2048 2770 2444 2770 2444 2374 2048 2375 2049 2770 2444 2375 2049 2322 1996 2322 1996 2375 2049 2376 2050 2322 1996 2376 2050 2377 2051 2325 1999 2339 2013 2512 2186 2512 2186 2511 2185 2325 1999 2325 1999 2511 2185 2510 2184 2325 1999 2510 2184 2771 2445 2771 2445 2510 2184 2509 2183 2771 2445 2509 2183 2508 2182 2520 2194 2519 2193 2771 2445 2379 2053 2535 2209 2380 2054 2380 2054 2535 2209 2534 2208 2380 2054 2534 2208 2533 2207 2515 2189 2518 2192 2771 2445 2771 2445 2518 2192 2517 2191 2771 2445 2517 2191 2520 2194 2519 2193 2522 2196 2771 2445 2771 2445 2522 2196 2521 2195 2771 2445 2521 2195 2770 2444 2770 2444 2521 2195 2524 2198 2770 2444 2524 2198 2523 2197 2535 2209 2362 2036 2770 2444 2770 2444 2362 2036 2361 2035 2770 2444 2361 2035 2364 2038 2364 2038 2363 2037 2770 2444 2770 2444 2363 2037 2366 2040 2770 2444 2366 2040 2365 2039 2523 2197 2526 2200 2770 2444 2770 2444 2526 2200 2525 2199 2770 2444 2525 2199 2529 2203 2357 2031 2360 2034 2535 2209 2535 2209 2360 2034 2359 2033 2535 2209 2359 2033 2362 2036 2529 2203 2528 2202 2770 2444 2770 2444 2528 2202 2527 2201 2770 2444 2527 2201 2535 2209 2332 2006 2331 2005 2384 2058 2514 2188 2513 2187 2771 2445 2771 2445 2513 2187 2516 2190 2771 2445 2516 2190 2515 2189 2365 2039 2368 2042 2770 2444 2770 2444 2368 2042 2367 2041 2770 2444 2367 2041 2371 2045 2381 2055 2533 2207 2382 2056 2382 2056 2533 2207 2532 2206 2382 2056 2532 2206 2383 2057 2383 2057 2532 2206 2531 2205 2383 2057 2531 2205 2384 2058 2384 2058 2531 2205 2530 2204 2384 2058 2530 2204 2332 2006 2378 2052 2356 2030 2535 2209 2535 2209 2356 2030 2358 2032 2535 2209 2358 2032 2357 2031 2371 2045 2370 2044 2770 2444 2770 2444 2370 2044 2369 2043 2770 2444 2369 2043 2372 2046 2727 2401 2771 2445 2728 2402 2728 2402 2771 2445 2770 2444 2772 2446 2773 2447 2318 1992 2682 2356 2335 2009 2334 2008 2682 2356 2334 2008 2774 2448 2774 2448 2334 2008 2333 2007 2774 2448 2333 2007 2775 2449 2320 1994 2776 2450 2333 2007 2333 2007 2776 2450 2777 2451 2333 2007 2777 2451 2775 2449 2318 1992 2773 2447 2319 1993 2773 2447 2778 2452 2319 1993 2319 1993 2778 2452 2779 2453 2319 1993 2779 2453 2320 1994 2320 1994 2779 2453 2780 2454 2320 1994 2780 2454 2776 2450 2772 2446 2318 1992 2781 2455 2781 2455 2318 1992 2355 2029 2781 2455 2355 2029 2782 2456 2782 2456 2355 2029 2354 2028 2782 2456 2354 2028 2783 2457 2783 2457 2354 2028 2353 2027 2783 2457 2353 2027 2784 2458 2784 2458 2353 2027 2347 2021 2784 2458 2347 2021 2785 2459 2785 2459 2347 2021 2346 2020 2785 2459 2346 2020 2786 2460 2786 2460 2346 2020 2343 2017 2786 2460 2343 2017 2787 2461 2325 1999 2771 2445 2326 2000 2326 2000 2771 2445 2787 2461 2326 2000 2787 2461 2342 2016 2342 2016 2787 2461 2343 2017 2776 2450 2780 2454 2743 2417 2737 2411 2736 2410 2784 2458 2784 2458 2785 2459 2737 2411 2737 2411 2785 2459 2786 2460 2737 2411 2786 2460 2727 2401 2727 2401 2786 2460 2787 2461 2727 2401 2787 2461 2771 2445 2726 2400 2725 2399 2772 2446 2772 2446 2781 2455 2726 2400 2726 2400 2781 2455 2782 2456 2726 2400 2782 2456 2736 2410 2736 2410 2782 2456 2783 2457 2736 2410 2783 2457 2784 2458 2743 2417 2780 2454 2744 2418 2780 2454 2779 2453 2744 2418 2744 2418 2779 2453 2778 2452 2744 2418 2778 2452 2725 2399 2725 2399 2778 2452 2773 2447 2725 2399 2773 2447 2772 2446 2776 2450 2743 2417 2777 2451 2777 2451 2743 2417 2735 2409 2777 2451 2735 2409 2775 2449 2775 2449 2735 2409 2734 2408 2775 2449 2734 2408 2774 2448 2774 2448 2734 2408 2681 2355 2774 2448 2681 2355 2682 2356 2327 2001 1972 1796 1821 1646 1771 1596 1950 1774 2594 2268 2327 2001 1821 1646 2788 2462 2789 2463 2790 2464 2730 2404 2730 2404 2790 2464 2791 2465 2730 2404 2791 2465 2792 2466 2792 2466 2793 2467 2730 2404 2730 2404 2793 2467 2794 2468 2730 2404 2794 2468 2795 2469 2796 2470 2755 2429 2797 2471 2797 2471 2755 2429 2798 2472 2796 2470 2799 2473 2755 2429 2755 2429 2799 2473 2800 2474 2755 2429 2800 2474 2801 2475 2795 2469 2802 2476 2730 2404 2730 2404 2802 2476 2803 2477 2730 2404 2803 2477 2755 2429 2755 2429 2803 2477 2804 2478 2755 2429 2804 2478 2798 2472 2801 2475 2805 2479 2755 2429 2755 2429 2805 2479 2806 2480 2755 2429 2806 2480 2807 2481 2808 2482 2809 2483 2788 2462 2788 2462 2809 2483 2810 2484 2788 2462 2810 2484 2811 2485 1771 1596 2594 2268 1821 1646 1821 1646 2594 2268 2755 2429 1821 1646 2755 2429 2788 2462 2788 2462 2755 2429 2807 2481 2788 2462 2807 2481 2808 2482 2811 2485 2812 2486 2788 2462 2788 2462 2812 2486 2813 2487 2788 2462 2813 2487 2814 2488 2789 2463 2730 2404 2815 2489 2815 2489 2730 2404 2729 2403 2815 2489 2729 2403 2816 2490 2817 2491 2729 2403 2818 2492 2818 2492 2729 2403 2788 2462 2818 2492 2788 2462 2819 2493 2819 2493 2788 2462 2814 2488 2817 2491 2820 2494 2729 2403 2729 2403 2820 2494 2821 2495 2729 2403 2821 2495 2822 2496 2822 2496 2823 2497 2729 2403 2729 2403 2823 2497 2824 2498 2729 2403 2824 2498 2816 2490 2770 2444 2322 1996 2311 1985 2770 2444 2311 1985 2825 2499 2351 2025 2826 2500 2352 2026 2352 2026 2826 2500 2827 2501 2352 2026 2827 2501 2348 2022 2348 2022 2827 2501 2828 2502 2348 2022 2828 2502 2349 2023 2349 2023 2828 2502 2829 2503 2349 2023 2829 2503 2344 2018 2344 2018 2829 2503 2830 2504 2344 2018 2830 2504 2345 2019 2345 2019 2830 2504 2825 2499 2345 2019 2825 2499 2310 1984 2310 1984 2825 2499 2311 1985 2350 2024 2831 2505 2351 2025 2351 2025 2831 2505 2832 2506 2351 2025 2832 2506 2826 2500 2304 1978 2833 2507 2350 2024 2350 2024 2833 2507 2834 2508 2350 2024 2834 2508 2831 2505 2303 1977 2835 2509 2304 1978 2304 1978 2835 2509 2836 2510 2304 1978 2836 2510 2833 2507 2329 2003 2837 2511 2303 1977 2303 1977 2837 2511 2838 2512 2303 1977 2838 2512 2835 2509 2839 2513 2840 2514 2329 2003 2329 2003 2840 2514 2841 2515 2329 2003 2841 2515 2837 2511 2329 2003 2328 2002 2839 2513 2839 2513 2328 2002 2327 2001 2839 2513 2327 2001 2788 2462 2752 2426 2840 2514 2729 2403 2729 2403 2840 2514 2839 2513 2729 2403 2839 2513 2788 2462 2751 2425 2750 2424 2835 2509 2835 2509 2838 2512 2751 2425 2751 2425 2838 2512 2837 2511 2751 2425 2837 2511 2752 2426 2752 2426 2837 2511 2841 2515 2752 2426 2841 2515 2840 2514 2749 2423 2748 2422 2831 2505 2831 2505 2834 2508 2749 2423 2749 2423 2834 2508 2833 2507 2749 2423 2833 2507 2750 2424 2750 2424 2833 2507 2836 2510 2750 2424 2836 2510 2835 2509 2747 2421 2746 2420 2828 2502 2828 2502 2827 2501 2747 2421 2747 2421 2827 2501 2826 2500 2747 2421 2826 2500 2748 2422 2748 2422 2826 2500 2832 2506 2748 2422 2832 2506 2831 2505 2745 2419 2728 2402 2770 2444 2770 2444 2825 2499 2745 2419 2745 2419 2825 2499 2830 2504 2745 2419 2830 2504 2746 2420 2746 2420 2830 2504 2829 2503 2746 2420 2829 2503 2828 2502 2660 2334 2454 2128 2661 2335 2661 2335 2454 2128 2453 2127 2661 2335 2453 2127 2662 2336 2662 2336 2453 2127 2452 2126 2662 2336 2452 2126 2667 2341 2667 2341 2452 2126 2444 2118 2667 2341 2444 2118 2668 2342 2668 2342 2444 2118 2443 2117 2668 2342 2443 2117 2669 2343 2669 2343 2443 2117 2442 2116 2669 2343 2442 2116 2663 2337 2663 2337 2442 2116 2429 2103 2663 2337 2429 2103 2664 2338 2664 2338 2429 2103 2428 2102 2664 2338 2428 2102 2670 2344 2670 2344 2428 2102 2451 2125 2670 2344 2451 2125 2671 2345 2671 2345 2451 2125 2450 2124 2671 2345 2450 2124 2672 2346 2672 2346 2450 2124 2449 2123 2672 2346 2449 2123 2673 2347 2673 2347 2449 2123 2432 2106 2673 2347 2432 2106 2674 2348 2674 2348 2432 2106 2431 2105 2674 2348 2431 2105 2675 2349 2675 2349 2431 2105 2430 2104 2675 2349 2430 2104 2676 2350 2676 2350 2430 2104 2427 2101 2676 2350 2427 2101 2677 2351 2677 2351 2427 2101 2426 2100 2677 2351 2426 2100 2678 2352 2678 2352 2426 2100 2425 2099 2678 2352 2425 2099 2686 2360 2686 2360 2425 2099 2441 2115 2686 2360 2441 2115 2685 2359 2685 2359 2441 2115 2440 2114 2685 2359 2440 2114 2683 2357 2683 2357 2440 2114 2439 2113 2683 2357 2439 2113 2687 2361 2687 2361 2439 2113 2438 2112 2687 2361 2438 2112 2688 2362 2688 2362 2438 2112 2437 2111 2688 2362 2437 2111 2689 2363 2689 2363 2437 2111 2436 2110 2689 2363 2436 2110 2690 2364 2690 2364 2436 2110 2433 2107 2690 2364 2433 2107 2691 2365 2691 2365 2433 2107 2434 2108 2691 2365 2434 2108 2692 2366 2692 2366 2434 2108 2435 2109 2692 2366 2435 2109 2693 2367 2693 2367 2435 2109 2448 2122 2693 2367 2448 2122 2694 2368 2694 2368 2448 2122 2447 2121 2694 2368 2447 2121 2695 2369 2695 2369 2447 2121 2446 2120 2695 2369 2446 2120 2679 2353 2679 2353 2446 2120 2445 2119 2679 2353 2445 2119 2680 2354 2680 2354 2445 2119 2460 2134 2680 2354 2460 2134 2657 2331 2657 2331 2460 2134 2459 2133 2657 2331 2459 2133 2658 2332 2658 2332 2459 2133 2458 2132 2658 2332 2458 2132 2665 2339 2665 2339 2458 2132 2457 2131 2665 2339 2457 2131 2666 2340 2666 2340 2457 2131 2456 2130 2666 2340 2456 2130 2659 2333 2659 2333 2456 2130 2455 2129 2659 2333 2455 2129 2660 2334 2660 2334 2455 2129 2454 2128 2422 2096 2818 2492 2423 2097 2423 2097 2818 2492 2819 2493 2423 2097 2819 2493 2388 2062 2388 2062 2819 2493 2814 2488 2388 2062 2814 2488 2389 2063 2389 2063 2814 2488 2813 2487 2389 2063 2813 2487 2407 2081 2407 2081 2813 2487 2812 2486 2407 2081 2812 2486 2408 2082 2408 2082 2812 2486 2811 2485 2408 2082 2811 2485 2409 2083 2409 2083 2811 2485 2810 2484 2409 2083 2810 2484 2410 2084 2410 2084 2810 2484 2809 2483 2410 2084 2809 2483 2411 2085 2411 2085 2809 2483 2808 2482 2411 2085 2808 2482 2387 2061 2387 2061 2808 2482 2807 2481 2387 2061 2807 2481 2390 2064 2390 2064 2807 2481 2806 2480 2390 2064 2806 2480 2391 2065 2391 2065 2806 2480 2805 2479 2391 2065 2805 2479 2392 2066 2392 2066 2805 2479 2801 2475 2392 2066 2801 2475 2393 2067 2393 2067 2801 2475 2800 2474 2393 2067 2800 2474 2394 2068 2394 2068 2800 2474 2799 2473 2394 2068 2799 2473 2395 2069 2395 2069 2799 2473 2796 2470 2395 2069 2796 2470 2412 2086 2412 2086 2796 2470 2797 2471 2412 2086 2797 2471 2413 2087 2413 2087 2797 2471 2798 2472 2413 2087 2798 2472 2414 2088 2414 2088 2798 2472 2804 2478 2414 2088 2804 2478 2396 2070 2396 2070 2804 2478 2803 2477 2396 2070 2803 2477 2397 2071 2397 2071 2803 2477 2802 2476 2397 2071 2802 2476 2398 2072 2398 2072 2802 2476 2795 2469 2398 2072 2795 2469 2399 2073 2399 2073 2795 2469 2794 2468 2399 2073 2794 2468 2400 2074 2400 2074 2794 2468 2793 2467 2400 2074 2793 2467 2401 2075 2401 2075 2793 2467 2792 2466 2401 2075 2792 2466 2402 2076 2402 2076 2792 2466 2791 2465 2402 2076 2791 2465 2406 2080 2406 2080 2791 2465 2790 2464 2406 2080 2790 2464 2405 2079 2405 2079 2790 2464 2789 2463 2405 2079 2789 2463 2403 2077 2403 2077 2789 2463 2815 2489 2403 2077 2815 2489 2415 2089 2415 2089 2815 2489 2816 2490 2415 2089 2816 2490 2416 2090 2416 2090 2816 2490 2824 2498 2416 2090 2824 2498 2417 2091 2417 2091 2824 2498 2823 2497 2417 2091 2823 2497 2418 2092 2418 2092 2823 2497 2822 2496 2418 2092 2822 2496 2419 2093 2419 2093 2822 2496 2821 2495 2419 2093 2821 2495 2420 2094 2420 2094 2821 2495 2820 2494 2420 2094 2820 2494 2421 2095 2421 2095 2820 2494 2817 2491 2421 2095 2817 2491 2422 2096 2422 2096 2817 2491 2818 2492 2842 2516 2843 2517 2844 2518 2844 2518 2843 2517 2845 2519 2846 2520 2847 2521 2848 2522 2846 2520 2848 2522 2849 2523 2849 2523 2848 2522 2850 2524 2849 2523 2850 2524 2851 2525 2851 2525 2850 2524 2852 2526 2851 2525 2852 2526 2853 2527 2853 2527 2852 2526 2854 2528 2853 2527 2854 2528 2855 2529 2855 2529 2854 2528 2856 2530 2855 2529 2856 2530 2857 2531 2857 2531 2856 2530 2858 2532 2857 2531 2858 2532 2859 2533 2859 2533 2858 2532 2860 2534 2859 2533 2860 2534 2861 2535 2861 2535 2860 2534 2862 2536 2861 2535 2862 2536 2863 2537 2863 2537 2862 2536 2842 2516 2863 2537 2842 2516 2844 2518 2864 2538 2865 2539 2866 2540 2864 2538 2866 2540 2867 2541 2867 2541 2866 2540 2868 2542 2867 2541 2868 2542 2869 2543 2869 2543 2868 2542 2870 2544 2869 2543 2870 2544 2871 2545 2871 2545 2870 2544 2872 2546 2871 2545 2872 2546 2873 2547 2873 2547 2872 2546 2874 2548 2873 2547 2874 2548 2875 2549 2875 2549 2874 2548 2876 2550 2875 2549 2876 2550 2877 2551 2877 2551 2876 2550 2878 2552 2877 2551 2878 2552 2879 2553 2879 2553 2878 2552 2880 2554 2879 2553 2880 2554 2881 2555 2881 2555 2880 2554 2882 2556 2881 2555 2882 2556 2883 2557 2884 2558 2885 2559 2886 2560 2884 2558 2886 2560 2887 2561 2887 2561 2886 2560 2888 2562 2887 2561 2888 2562 2889 2563 2889 2563 2888 2562 2890 2564 2889 2563 2890 2564 2891 2565 2891 2565 2890 2564 2892 2566 2891 2565 2892 2566 2893 2567 2893 2567 2892 2566 2894 2568 2893 2567 2894 2568 2895 2569 2895 2569 2894 2568 2896 2570 2895 2569 2896 2570 2897 2571 2897 2571 2896 2570 2898 2572 2897 2571 2898 2572 2899 2573 2899 2573 2898 2572 2900 2574 2899 2573 2900 2574 2901 2575 2901 2575 2900 2574 2902 2576 2901 2575 2902 2576 2903 2577 2902 2576 2865 2539 2903 2577 2903 2577 2865 2539 2864 2538 2845 2519 2843 2517 2904 2578 2845 2519 2904 2578 2905 2579 2905 2579 2904 2578 2906 2580 2905 2579 2906 2580 2907 2581 2907 2581 2906 2580 2908 2582 2907 2581 2908 2582 2909 2583 2909 2583 2908 2582 2910 2584 2909 2583 2910 2584 2911 2585 2911 2585 2910 2584 2912 2586 2911 2585 2912 2586 2913 2587 2913 2587 2912 2586 2914 2588 2913 2587 2914 2588 2915 2589 2915 2589 2914 2588 2916 2590 2915 2589 2916 2590 2917 2591 2917 2591 2916 2590 2918 2592 2917 2591 2918 2592 2919 2593 2919 2593 2918 2592 2920 2594 2919 2593 2920 2594 2921 2595 2920 2594 2847 2521 2885 2559 2885 2559 2847 2521 2882 2556 2870 2544 2868 2542 2882 2556 2906 2580 2904 2578 2920 2594 2920 2594 2904 2578 2843 2517 2920 2594 2843 2517 2847 2521 2868 2542 2866 2540 2882 2556 2882 2556 2866 2540 2865 2539 2882 2556 2865 2539 2885 2559 2885 2559 2865 2539 2902 2576 2843 2517 2842 2516 2847 2521 2847 2521 2842 2516 2862 2536 2847 2521 2862 2536 2860 2534 2918 2592 2916 2590 2914 2588 2878 2552 2876 2550 2880 2554 2880 2554 2876 2550 2874 2548 2880 2554 2874 2548 2882 2556 2882 2556 2874 2548 2872 2546 2882 2556 2872 2546 2870 2544 2902 2576 2900 2574 2885 2559 2885 2559 2900 2574 2898 2572 2885 2559 2898 2572 2896 2570 2914 2588 2912 2586 2918 2592 2918 2592 2912 2586 2910 2584 2918 2592 2910 2584 2920 2594 2920 2594 2910 2584 2908 2582 2920 2594 2908 2582 2906 2580 2860 2534 2858 2532 2847 2521 2847 2521 2858 2532 2856 2530 2847 2521 2856 2530 2854 2528 2854 2528 2852 2526 2847 2521 2847 2521 2852 2526 2850 2524 2847 2521 2850 2524 2848 2522 2896 2570 2894 2568 2885 2559 2885 2559 2894 2568 2892 2566 2885 2559 2892 2566 2886 2560 2886 2560 2892 2566 2890 2564 2886 2560 2890 2564 2888 2562 2922 61 2921 2595 2923 2596 2923 2596 2921 2595 2920 2594 2923 2596 2920 2594 2924 2597 2924 2597 2920 2594 2885 2559 2924 2597 2885 2559 2925 2598 2925 2598 2885 2559 2884 2558 2926 2599 2927 2600 2925 2598 2925 2598 2927 2600 2924 2597 2927 2600 2928 2601 2924 2597 2924 2597 2928 2601 2923 2596 2928 2601 2929 2602 2923 2596 2923 2596 2929 2602 2922 61 2921 2595 2922 61 2929 2602 2883 2557 2930 2603 2931 2604 2929 2602 2844 2518 2921 2595 2921 2595 2844 2518 2845 2519 2921 2595 2845 2519 2905 2579 2925 2598 2883 2557 2926 2599 2926 2599 2883 2557 2931 2604 2926 2599 2931 2604 2929 2602 2929 2602 2931 2604 2932 2605 2929 2602 2932 2605 2844 2518 2905 2579 2907 2581 2921 2595 2921 2595 2907 2581 2909 2583 2921 2595 2909 2583 2911 2585 2925 2598 2884 2558 2883 2557 2883 2557 2884 2558 2903 2577 2883 2557 2903 2577 2864 2538 2911 2585 2913 2587 2915 2589 2932 2605 2933 2606 2844 2518 2844 2518 2933 2606 2846 2520 2844 2518 2846 2520 2863 2537 2863 2537 2846 2520 2861 2535 2897 2571 2899 2573 2884 2558 2884 2558 2899 2573 2901 2575 2884 2558 2901 2575 2903 2577 2915 2589 2917 2591 2911 2585 2911 2585 2917 2591 2919 2593 2911 2585 2919 2593 2921 2595 2889 2563 2891 2565 2887 2561 2887 2561 2891 2565 2893 2567 2887 2561 2893 2567 2884 2558 2884 2558 2893 2567 2895 2569 2884 2558 2895 2569 2897 2571 2864 2538 2867 2541 2883 2557 2883 2557 2867 2541 2869 2543 2883 2557 2869 2543 2871 2545 2871 2545 2873 2547 2883 2557 2883 2557 2873 2547 2875 2549 2883 2557 2875 2549 2881 2555 2881 2555 2875 2549 2877 2551 2881 2555 2877 2551 2879 2553 2849 2523 2851 2525 2846 2520 2846 2520 2851 2525 2853 2527 2846 2520 2853 2527 2855 2529 2855 2529 2857 2531 2846 2520 2846 2520 2857 2531 2859 2533 2846 2520 2859 2533 2861 2535 2929 2602 2928 2601 2926 2599 2926 2599 2928 2601 2927 2600 2934 2607 2930 2603 2883 2557 2847 2521 2846 2520 2933 2606 2933 2606 2935 2608 2847 2521 2847 2521 2935 2608 2934 2607 2847 2521 2934 2607 2882 2556 2882 2556 2934 2607 2883 2557 2936 2609 2932 2605 2937 2610 2937 2610 2932 2605 2931 2604 2937 2610 2931 2604 2934 2607 2934 2607 2931 2604 2930 2603 2936 2609 2937 2610 2935 2608 2935 2608 2937 2610 2934 2607 2932 2605 2936 2609 2933 2606 2933 2606 2936 2609 2935 2608 2938 2611 2939 2612 2940 2613 2940 2613 2939 2612 2941 2614 2940 2613 2941 2614 2942 2615 2943 2616 2944 2617 2945 2618 2945 2618 2944 2617 2946 2619 2945 2618 2946 2619 2938 2611 2938 2611 2946 2619 2947 2620 2938 2611 2947 2620 2939 2612 2948 2621 2949 2622 2950 2623 2950 2623 2949 2622 2951 2624 2950 2623 2951 2624 2952 2625 2953 2626 2954 2627 2948 2621 2948 2621 2954 2627 2955 2628 2948 2621 2955 2628 2949 2622 2956 2629 2957 2630 2958 2631 2958 2631 2957 2630 2959 2632 2958 2631 2959 2632 2960 2633 2961 2634 2962 2635 2943 2616 2943 2616 2962 2635 2963 2636 2943 2616 2963 2636 2944 2617 2964 2637 2965 2638 2953 2626 2953 2626 2965 2638 2966 2639 2953 2626 2966 2639 2954 2627 2967 2640 2968 2641 2969 2642 2969 2642 2968 2641 2970 2643 2969 2642 2970 2643 2971 2644 2972 2645 2973 2646 2974 2647 2974 2647 2973 2646 2975 2648 2974 2647 2975 2648 2967 2640 2967 2640 2975 2648 2976 2649 2967 2640 2976 2649 2968 2641 2959 2632 2977 2650 2960 2633 2960 2633 2977 2650 2978 2651 2960 2633 2978 2651 2972 2645 2972 2645 2978 2651 2979 2652 2972 2645 2979 2652 2973 2646 2941 2614 2980 2653 2942 2615 2942 2615 2980 2653 2981 2654 2942 2615 2981 2654 2982 2655 2951 2624 2983 2656 2952 2625 2952 2625 2983 2656 2984 2657 2952 2625 2984 2657 2985 2658 2985 2658 2984 2657 2986 2659 2985 2658 2986 2659 2961 2634 2961 2634 2986 2659 2987 2660 2961 2634 2987 2660 2962 2635 2988 2661 2989 2662 2964 2637 2964 2637 2989 2662 2990 2663 2964 2637 2990 2663 2965 2638 2991 2664 2992 2665 2993 2666 2993 2666 2992 2665 2994 2667 2993 2666 2994 2667 2995 2668 2996 2669 2997 2670 2998 2671 2998 2671 2997 2670 2999 2672 2998 2671 2999 2672 3000 2673 2970 2643 3001 2674 2971 2644 2971 2644 3001 2674 3002 2675 2971 2644 3002 2675 3003 2676 3003 2676 3002 2675 3004 2677 3003 2676 3004 2677 3005 2678 3006 2679 3007 2680 3008 2681 3008 2681 3007 2680 3009 2682 3008 2681 3009 2682 2956 2629 2956 2629 3009 2682 3010 2683 2956 2629 3010 2683 2957 2630 2981 2654 3011 2684 2982 2655 2982 2655 3011 2684 3012 2685 2982 2655 3012 2685 3013 2686 3013 2686 3012 2685 3014 2687 3013 2686 3014 2687 3006 2679 3006 2679 3014 2687 3015 2688 3006 2679 3015 2688 3007 2680 2994 2667 3016 2689 2995 2668 2995 2668 3016 2689 3017 2690 2995 2668 3017 2690 3018 2691 3018 2691 3017 2690 3019 2692 3018 2691 3019 2692 2988 2661 2988 2661 3019 2692 3020 2693 2988 2661 3020 2693 2989 2662 2999 2672 3021 2694 3000 2673 3000 2673 3021 2694 3022 2695 3000 2673 3022 2695 3023 2696 3023 2696 3022 2695 3024 2697 3023 2696 3024 2697 3025 2698 3004 2677 3026 2699 3005 2678 3005 2678 3026 2699 3027 2700 3005 2678 3027 2700 2996 2669 2996 2669 3027 2700 3028 2701 2996 2669 3028 2701 2997 2670 3024 2697 3029 2702 3025 2698 3025 2698 3029 2702 3030 2703 3025 2698 3030 2703 2991 2664 2991 2664 3030 2703 3031 2704 2991 2664 3031 2704 2992 2665 3032 2705 2978 2651 3033 2706 3033 2706 2978 2651 2977 2650 3033 2706 2977 2650 3034 2707 3034 2707 2977 2650 2959 2632 3034 2707 2959 2632 3035 2708 3035 2708 2959 2632 2957 2630 3035 2708 2957 2630 3036 2709 3036 2709 2957 2630 3010 2683 3036 2709 3010 2683 3037 2710 3037 2710 3010 2683 3009 2682 3037 2710 3009 2682 3038 2711 3038 2711 3009 2682 3007 2680 3038 2711 3007 2680 3039 2712 3039 2712 3007 2680 3015 2688 3039 2712 3015 2688 3040 2713 3040 2713 3015 2688 3014 2687 3040 2713 3014 2687 3041 2714 3041 2714 3014 2687 3012 2685 3041 2714 3012 2685 3042 2715 3042 2715 3012 2685 3011 2684 3042 2715 3011 2684 3043 2716 3043 2716 3011 2684 2981 2654 3043 2716 2981 2654 3044 2717 3044 2717 2981 2654 2980 2653 3044 2717 2980 2653 3045 2718 3045 2718 2980 2653 2941 2614 3045 2718 2941 2614 3046 2719 3046 2719 2941 2614 2939 2612 3046 2719 2939 2612 3047 2720 3047 2720 2939 2612 2947 2620 3047 2720 2947 2620 3048 2721 3048 2721 2947 2620 2946 2619 3048 2721 2946 2619 3049 2722 3049 2722 2946 2619 2944 2617 3049 2722 2944 2617 3050 2723 3050 2723 2944 2617 2963 2636 3050 2723 2963 2636 3051 2724 3051 2724 2963 2636 2962 2635 3051 2724 2962 2635 3052 2725 3052 2725 2962 2635 2987 2660 3052 2725 2987 2660 3053 2726 3053 2726 2987 2660 2986 2659 3053 2726 2986 2659 3054 2727 3054 2727 2986 2659 2984 2657 3054 2727 2984 2657 3055 2728 3055 2728 2984 2657 2983 2656 3055 2728 2983 2656 3056 2729 3056 2729 2983 2656 2951 2624 3056 2729 2951 2624 3057 2730 3057 2730 2951 2624 2949 2622 3057 2730 2949 2622 3058 2731 3058 2731 2949 2622 2955 2628 3058 2731 2955 2628 3059 2732 3059 2732 2955 2628 2954 2627 3059 2732 2954 2627 3060 2733 3060 2733 2954 2627 2966 2639 3060 2733 2966 2639 3061 2734 3061 2734 2966 2639 2965 2638 3061 2734 2965 2638 3062 2735 3062 2735 2965 2638 2990 2663 3062 2735 2990 2663 3063 2736 3063 2736 2990 2663 2989 2662 3063 2736 2989 2662 3064 2737 3064 2737 2989 2662 3020 2693 3064 2737 3020 2693 3065 2738 3065 2738 3020 2693 3019 2692 3065 2738 3019 2692 3066 2739 3066 2739 3019 2692 3017 2690 3066 2739 3017 2690 3067 2740 3067 2740 3017 2690 3016 2689 3067 2740 3016 2689 3068 2741 3068 2741 3016 2689 2994 2667 3068 2741 2994 2667 3069 2742 3069 2742 2994 2667 2992 2665 3069 2742 2992 2665 3070 2743 3070 2743 2992 2665 3031 2704 3070 2743 3031 2704 3071 2744 3071 2744 3031 2704 3030 2703 3071 2744 3030 2703 3072 2745 3072 2745 3030 2703 3029 2702 3072 2745 3029 2702 3073 2746 3073 2746 3029 2702 3024 2697 3073 2746 3024 2697 3074 2747 3074 2747 3024 2697 3022 2695 3074 2747 3022 2695 3075 2748 3075 2748 3022 2695 3021 2694 3075 2748 3021 2694 3076 2749 3076 2749 3021 2694 2999 2672 3076 2749 2999 2672 3077 2750 3077 2750 2999 2672 2997 2670 3077 2750 2997 2670 3078 2751 3078 2751 2997 2670 3028 2701 3078 2751 3028 2701 3079 2752 3079 2752 3028 2701 3027 2700 3079 2752 3027 2700 3080 2753 3080 2753 3027 2700 3026 2699 3080 2753 3026 2699 3081 2754 3081 2754 3026 2699 3004 2677 3081 2754 3004 2677 3082 2755 3082 2755 3004 2677 3002 2675 3082 2755 3002 2675 3083 2756 3083 2756 3002 2675 3001 2674 3083 2756 3001 2674 3084 2757 3084 2757 3001 2674 2970 2643 3084 2757 2970 2643 3085 2758 3085 2758 2970 2643 2968 2641 3085 2758 2968 2641 3086 2759 3086 2759 2968 2641 2976 2649 3086 2759 2976 2649 3087 2760 3087 2760 2976 2649 2975 2648 3087 2760 2975 2648 3088 2761 3088 2761 2975 2648 2973 2646 3088 2761 2973 2646 3089 2762 3089 2762 2973 2646 2979 2652 3089 2762 2979 2652 3032 2705 3032 2705 2979 2652 2978 2651 3034 2707 3090 2763 3033 2706 3033 2706 3090 2763 3091 2764 3033 2706 3091 2764 3032 2705 3032 2705 3091 2764 3092 2765 3032 2705 3092 2765 3089 2762 3089 2762 3092 2765 3093 2766 3089 2762 3093 2766 3088 2761 3093 2766 3094 2767 3088 2761 3088 2761 3094 2767 3095 2768 3088 2761 3095 2768 3087 2760 3087 2760 3095 2768 3096 2769 3087 2760 3096 2769 3086 2759 3086 2759 3096 2769 3097 2770 3086 2759 3097 2770 3085 2758 3085 2758 3097 2770 3098 2771 3085 2758 3098 2771 3084 2757 3098 2771 3099 2772 3084 2757 3084 2757 3099 2772 3100 2773 3084 2757 3100 2773 3083 2756 3083 2756 3100 2773 3101 2774 3083 2756 3101 2774 3082 2755 3082 2755 3101 2774 3102 2775 3082 2755 3102 2775 3081 2754 3077 2750 3103 2776 3076 2749 3076 2749 3103 2776 3104 2777 3076 2749 3104 2777 3075 2748 3075 2748 3104 2777 3105 2778 3075 2748 3105 2778 3074 2747 3074 2747 3105 2778 3106 2779 3074 2747 3106 2779 3073 2746 3065 2738 3107 2780 3064 2737 3064 2737 3107 2780 3108 2781 3064 2737 3108 2781 3063 2736 3063 2736 3108 2781 3109 2782 3063 2736 3109 2782 3062 2735 3062 2735 3109 2782 3110 2783 3062 2735 3110 2783 3061 2734 3061 2734 3110 2783 3111 2784 3061 2734 3111 2784 3060 2733 3060 2733 3111 2784 3112 2785 3060 2733 3112 2785 3059 2732 3059 2732 3112 2785 3113 2786 3059 2732 3113 2786 3058 2731 3058 2731 3113 2786 3114 2787 3058 2731 3114 2787 3057 2730 3102 2775 3115 2788 3081 2754 3081 2754 3115 2788 3116 2789 3081 2754 3116 2789 3080 2753 3080 2753 3116 2789 3117 2790 3080 2753 3117 2790 3079 2752 3079 2752 3117 2790 3118 2791 3079 2752 3118 2791 3078 2751 3078 2751 3118 2791 3119 2792 3078 2751 3119 2792 3077 2750 3077 2750 3119 2792 3120 2793 3077 2750 3120 2793 3103 2776 3106 2779 3121 2794 3073 2746 3073 2746 3121 2794 3122 2795 3073 2746 3122 2795 3072 2745 3072 2745 3122 2795 3123 2796 3072 2745 3123 2796 3071 2744 3071 2744 3123 2796 3124 2797 3071 2744 3124 2797 3070 2743 3070 2743 3124 2797 3125 2798 3070 2743 3125 2798 3069 2742 3114 2787 3126 2799 3057 2730 3057 2730 3126 2799 3127 2800 3057 2730 3127 2800 3056 2729 3056 2729 3127 2800 3128 2801 3056 2729 3128 2801 3055 2728 3055 2728 3128 2801 3129 2802 3055 2728 3129 2802 3054 2727 3054 2727 3129 2802 3130 2803 3054 2727 3130 2803 3053 2726 3125 2798 3131 2804 3069 2742 3069 2742 3131 2804 3132 2805 3069 2742 3132 2805 3068 2741 3068 2741 3132 2805 3133 2806 3068 2741 3133 2806 3067 2740 3067 2740 3133 2806 3134 2807 3067 2740 3134 2807 3066 2739 3066 2739 3134 2807 3135 2808 3066 2739 3135 2808 3065 2738 3065 2738 3135 2808 3136 2809 3065 2738 3136 2809 3107 2780 3038 2711 3137 2810 3037 2710 3037 2710 3137 2810 3138 2811 3037 2710 3138 2811 3036 2709 3036 2709 3138 2811 3139 2812 3036 2709 3139 2812 3035 2708 3035 2708 3139 2812 3140 2813 3035 2708 3140 2813 3034 2707 3034 2707 3140 2813 3141 2814 3034 2707 3141 2814 3090 2763 3041 2714 3142 2815 3040 2713 3040 2713 3142 2815 3143 2816 3040 2713 3143 2816 3039 2712 3039 2712 3143 2816 3144 2817 3039 2712 3144 2817 3038 2711 3038 2711 3144 2817 3145 2818 3038 2711 3145 2818 3137 2810 3049 2722 3146 2819 3048 2721 3048 2721 3146 2819 3147 2820 3048 2721 3147 2820 3047 2720 3047 2720 3147 2820 3148 2821 3047 2720 3148 2821 3046 2719 3046 2719 3148 2821 3149 2822 3046 2719 3149 2822 3045 2718 3149 2822 3150 2823 3045 2718 3045 2718 3150 2823 3151 2824 3045 2718 3151 2824 3044 2717 3044 2717 3151 2824 3152 2825 3044 2717 3152 2825 3043 2716 3043 2716 3152 2825 3153 2826 3043 2716 3153 2826 3042 2715 3042 2715 3153 2826 3154 2827 3042 2715 3154 2827 3041 2714 3041 2714 3154 2827 3155 2828 3041 2714 3155 2828 3142 2815 3130 2803 3156 2829 3053 2726 3053 2726 3156 2829 3157 2830 3053 2726 3157 2830 3052 2725 3052 2725 3157 2830 3158 2831 3052 2725 3158 2831 3051 2724 3051 2724 3158 2831 3159 2832 3051 2724 3159 2832 3050 2723 3050 2723 3159 2832 3160 2833 3050 2723 3160 2833 3049 2722 3049 2722 3160 2833 3161 2834 3049 2722 3161 2834 3146 2819 2960 2633 2972 2645 3162 2835 3162 2835 3163 2836 2960 2633 2960 2633 3163 2836 3164 2837 2960 2633 3164 2837 2958 2631 3164 2837 3165 2838 2958 2631 2958 2631 3165 2838 3166 2839 2958 2631 3166 2839 2956 2629 3166 2839 3167 2840 2956 2629 2956 2629 3167 2840 3168 2841 2956 2629 3168 2841 3008 2681 3168 2841 3169 2842 3008 2681 3008 2681 3169 2842 3170 2843 3008 2681 3170 2843 3006 2679 3170 2843 3171 2844 3006 2679 3006 2679 3171 2844 3172 2845 3006 2679 3172 2845 3013 2686 3172 2845 3173 2846 3013 2686 3013 2686 3173 2846 3174 2847 3013 2686 3174 2847 2982 2655 3174 2847 3175 2848 2982 2655 2982 2655 3175 2848 3176 2849 2982 2655 3176 2849 2942 2615 3176 2849 3177 2850 2942 2615 2942 2615 3177 2850 3178 2851 2942 2615 3178 2851 2940 2613 3178 2851 3179 2852 2940 2613 2940 2613 3179 2852 3180 2853 2940 2613 3180 2853 2938 2611 3180 2853 3181 2854 2938 2611 2938 2611 3181 2854 3182 2855 2938 2611 3182 2855 2945 2618 3182 2855 3183 2856 2945 2618 2945 2618 3183 2856 3184 2857 2945 2618 3184 2857 2943 2616 3184 2857 3185 2858 2943 2616 2943 2616 3185 2858 3186 2859 2943 2616 3186 2859 2961 2634 3186 2859 3187 2860 2961 2634 2961 2634 3187 2860 3188 2861 2961 2634 3188 2861 2985 2658 3188 2861 3189 2862 2985 2658 2985 2658 3189 2862 3190 2863 2985 2658 3190 2863 2952 2625 3190 2863 3191 2864 2952 2625 2952 2625 3191 2864 3192 2865 2952 2625 3192 2865 2950 2623 3192 2865 3193 2866 2950 2623 2950 2623 3193 2866 3194 2867 2950 2623 3194 2867 2948 2621 3194 2867 3195 2868 2948 2621 2948 2621 3195 2868 3196 2869 2948 2621 3196 2869 2953 2626 3196 2869 3197 2870 2953 2626 2953 2626 3197 2870 3198 2871 2953 2626 3198 2871 2964 2637 3198 2871 3199 2872 2964 2637 2964 2637 3199 2872 3200 2873 2964 2637 3200 2873 2988 2661 3200 2873 3201 2874 2988 2661 2988 2661 3201 2874 3202 2875 2988 2661 3202 2875 3018 2691 3202 2875 3203 2876 3018 2691 3018 2691 3203 2876 3204 2877 3018 2691 3204 2877 2995 2668 3204 2877 3205 2878 2995 2668 2995 2668 3205 2878 3206 2879 2995 2668 3206 2879 2993 2666 3206 2879 3207 2880 2993 2666 2993 2666 3207 2880 3208 2881 2993 2666 3208 2881 2991 2664 3208 2881 3209 2882 2991 2664 2991 2664 3209 2882 3210 2883 2991 2664 3210 2883 3025 2698 3210 2883 3211 2884 3025 2698 3025 2698 3211 2884 3212 2885 3025 2698 3212 2885 3023 2696 3212 2885 3213 2886 3023 2696 3023 2696 3213 2886 3214 2887 3023 2696 3214 2887 3000 2673 3214 2887 3215 2888 3000 2673 3000 2673 3215 2888 3216 2889 3000 2673 3216 2889 2998 2671 3216 2889 3217 2890 2998 2671 2998 2671 3217 2890 3218 2891 2998 2671 3218 2891 2996 2669 3218 2891 3219 2892 2996 2669 2996 2669 3219 2892 3220 2893 2996 2669 3220 2893 3005 2678 3220 2893 3221 2894 3005 2678 3005 2678 3221 2894 3222 2895 3005 2678 3222 2895 3003 2676 3222 2895 3223 2896 3003 2676 3003 2676 3223 2896 3224 2897 3003 2676 3224 2897 2971 2644 3224 2897 3225 2898 2971 2644 2971 2644 3225 2898 3226 2899 2971 2644 3226 2899 2969 2642 3226 2899 3227 2900 2969 2642 2969 2642 3227 2900 3228 2901 2969 2642 3228 2901 2967 2640 3228 2901 3229 2902 2967 2640 2967 2640 3229 2902 3230 2903 2967 2640 3230 2903 2974 2647 3230 2903 3231 2904 2974 2647 2974 2647 3231 2904 3232 2905 2974 2647 3232 2905 2972 2645 2972 2645 3232 2905 3233 2906 2972 2645 3233 2906 3162 2835 3162 2835 3091 2764 3163 2836 3163 2836 3091 2764 3090 2763 3163 2836 3090 2763 3164 2837 3164 2837 3090 2763 3141 2814 3164 2837 3141 2814 3165 2838 3165 2838 3141 2814 3140 2813 3165 2838 3140 2813 3166 2839 3166 2839 3140 2813 3139 2812 3166 2839 3139 2812 3167 2840 3167 2840 3139 2812 3138 2811 3167 2840 3138 2811 3168 2841 3168 2841 3138 2811 3137 2810 3168 2841 3137 2810 3169 2842 3169 2842 3137 2810 3145 2818 3169 2842 3145 2818 3170 2843 3170 2843 3145 2818 3144 2817 3170 2843 3144 2817 3171 2844 3171 2844 3144 2817 3143 2816 3171 2844 3143 2816 3172 2845 3172 2845 3143 2816 3142 2815 3172 2845 3142 2815 3173 2846 3173 2846 3142 2815 3155 2828 3173 2846 3155 2828 3174 2847 3174 2847 3155 2828 3154 2827 3174 2847 3154 2827 3175 2848 3175 2848 3154 2827 3153 2826 3175 2848 3153 2826 3176 2849 3176 2849 3153 2826 3152 2825 3176 2849 3152 2825 3177 2850 3177 2850 3152 2825 3151 2824 3177 2850 3151 2824 3178 2851 3178 2851 3151 2824 3150 2823 3178 2851 3150 2823 3179 2852 3179 2852 3150 2823 3149 2822 3179 2852 3149 2822 3180 2853 3180 2853 3149 2822 3148 2821 3180 2853 3148 2821 3181 2854 3181 2854 3148 2821 3147 2820 3181 2854 3147 2820 3182 2855 3182 2855 3147 2820 3146 2819 3182 2855 3146 2819 3183 2856 3183 2856 3146 2819 3161 2834 3183 2856 3161 2834 3184 2857 3184 2857 3161 2834 3160 2833 3184 2857 3160 2833 3185 2858 3185 2858 3160 2833 3159 2832 3185 2858 3159 2832 3186 2859 3186 2859 3159 2832 3158 2831 3186 2859 3158 2831 3187 2860 3187 2860 3158 2831 3157 2830 3187 2860 3157 2830 3188 2861 3188 2861 3157 2830 3156 2829 3188 2861 3156 2829 3189 2862 3189 2862 3156 2829 3130 2803 3189 2862 3130 2803 3190 2863 3190 2863 3130 2803 3129 2802 3190 2863 3129 2802 3191 2864 3191 2864 3129 2802 3128 2801 3191 2864 3128 2801 3192 2865 3192 2865 3128 2801 3127 2800 3192 2865 3127 2800 3193 2866 3193 2866 3127 2800 3126 2799 3193 2866 3126 2799 3194 2867 3194 2867 3126 2799 3114 2787 3194 2867 3114 2787 3195 2868 3195 2868 3114 2787 3113 2786 3195 2868 3113 2786 3196 2869 3196 2869 3113 2786 3112 2785 3196 2869 3112 2785 3197 2870 3197 2870 3112 2785 3111 2784 3197 2870 3111 2784 3198 2871 3198 2871 3111 2784 3110 2783 3198 2871 3110 2783 3199 2872 3199 2872 3110 2783 3109 2782 3199 2872 3109 2782 3200 2873 3200 2873 3109 2782 3108 2781 3200 2873 3108 2781 3201 2874 3201 2874 3108 2781 3107 2780 3201 2874 3107 2780 3202 2875 3202 2875 3107 2780 3136 2809 3202 2875 3136 2809 3203 2876 3203 2876 3136 2809 3135 2808 3203 2876 3135 2808 3204 2877 3204 2877 3135 2808 3134 2807 3204 2877 3134 2807 3205 2878 3205 2878 3134 2807 3133 2806 3205 2878 3133 2806 3206 2879 3206 2879 3133 2806 3132 2805 3206 2879 3132 2805 3207 2880 3207 2880 3132 2805 3131 2804 3207 2880 3131 2804 3208 2881 3208 2881 3131 2804 3125 2798 3208 2881 3125 2798 3209 2882 3209 2882 3125 2798 3124 2797 3209 2882 3124 2797 3210 2883 3210 2883 3124 2797 3123 2796 3210 2883 3123 2796 3211 2884 3211 2884 3123 2796 3122 2795 3211 2884 3122 2795 3212 2885 3212 2885 3122 2795 3121 2794 3212 2885 3121 2794 3213 2886 3213 2886 3121 2794 3106 2779 3213 2886 3106 2779 3214 2887 3214 2887 3106 2779 3105 2778 3214 2887 3105 2778 3215 2888 3215 2888 3105 2778 3104 2777 3215 2888 3104 2777 3216 2889 3216 2889 3104 2777 3103 2776 3216 2889 3103 2776 3217 2890 3217 2890 3103 2776 3120 2793 3217 2890 3120 2793 3218 2891 3218 2891 3120 2793 3119 2792 3218 2891 3119 2792 3219 2892 3219 2892 3119 2792 3118 2791 3219 2892 3118 2791 3220 2893 3220 2893 3118 2791 3117 2790 3220 2893 3117 2790 3221 2894 3221 2894 3117 2790 3116 2789 3221 2894 3116 2789 3222 2895 3222 2895 3116 2789 3115 2788 3222 2895 3115 2788 3223 2896 3223 2896 3115 2788 3102 2775 3223 2896 3102 2775 3224 2897 3224 2897 3102 2775 3101 2774 3224 2897 3101 2774 3225 2898 3225 2898 3101 2774 3100 2773 3225 2898 3100 2773 3226 2899 3226 2899 3100 2773 3099 2772 3226 2899 3099 2772 3227 2900 3227 2900 3099 2772 3098 2771 3227 2900 3098 2771 3228 2901 3228 2901 3098 2771 3097 2770 3228 2901 3097 2770 3229 2902 3229 2902 3097 2770 3096 2769 3229 2902 3096 2769 3230 2903 3230 2903 3096 2769 3095 2768 3230 2903 3095 2768 3231 2904 3231 2904 3095 2768 3094 2767 3231 2904 3094 2767 3232 2905 3232 2905 3094 2767 3093 2766 3232 2905 3093 2766 3233 2906 3233 2906 3093 2766 3092 2765 3233 2906 3092 2765 3162 2835 3162 2835 3092 2765 3091 2764 3234 2907 3235 2908 3236 2909 3237 2910 3238 2911 3239 2912 3239 2912 3238 2911 3240 2913 3241 2914 3242 2915 3243 2916 3244 2917 3245 2918 3246 2919 3246 2919 3245 2918 3247 2920 3248 2921 3249 2922 3238 2911 3250 2923 3251 2924 3252 2925 3253 2926 3254 2927 3255 2928 3256 2929 3257 2930 3250 2923 3246 2919 3258 2931 3259 2932 3246 2919 3259 2932 3236 2909 3236 2909 3259 2932 3260 2933 3236 2909 3260 2933 3234 2907 3242 2915 3261 2934 3243 2916 3243 2916 3261 2934 3262 2935 3243 2916 3262 2935 3263 2936 3249 2922 3264 2937 3238 2911 3238 2911 3264 2937 3265 2938 3238 2911 3265 2938 3240 2913 3266 2939 3267 2940 3255 2928 3255 2928 3267 2940 3268 2941 3255 2928 3268 2941 3269 2942 3269 2942 3270 2943 3255 2928 3255 2928 3270 2943 3271 2944 3255 2928 3271 2944 3243 2916 3243 2916 3271 2944 3272 2945 3243 2916 3272 2945 3241 2914 3252 2925 3273 2946 3250 2923 3250 2923 3273 2946 3274 2947 3250 2923 3274 2947 3255 2928 3255 2928 3274 2947 3275 2948 3255 2928 3275 2948 3253 2926 3254 2927 3276 2949 3255 2928 3255 2928 3276 2949 3277 2950 3255 2928 3277 2950 3266 2939 3235 2908 3278 2951 3236 2909 3236 2909 3278 2951 3279 2952 3236 2909 3279 2952 3280 2953 3256 2929 3250 2923 3281 2954 3257 2930 3282 2955 3250 2923 3250 2923 3282 2955 3283 2956 3250 2923 3283 2956 3251 2924 3247 2920 3284 2957 3246 2919 3246 2919 3284 2957 3285 2958 3246 2919 3285 2958 3258 2931 3286 2959 3287 2960 3246 2919 3246 2919 3287 2960 3288 2961 3246 2919 3288 2961 3244 2917 3263 2936 3289 2962 3243 2916 3243 2916 3289 2962 3290 2963 3243 2916 3290 2963 3238 2911 3238 2911 3290 2963 3291 2964 3238 2911 3291 2964 3248 2921 3280 2953 3292 2965 3236 2909 3236 2909 3292 2965 3293 2966 3236 2909 3293 2966 3250 2923 3250 2923 3293 2966 3294 2967 3250 2923 3294 2967 3281 2954 3237 2910 3295 2968 3238 2911 3238 2911 3295 2968 3296 2969 3238 2911 3296 2969 3246 2919 3246 2919 3296 2969 3297 2970 3246 2919 3297 2970 3286 2959 3298 2971 3299 2972 3300 2973 3301 2974 3302 2975 3303 2976 3304 2977 3305 2978 3306 2979 3306 2979 3305 2978 3307 2980 3306 2979 3307 2980 3308 2981 3309 2982 3310 2983 3306 2979 3309 2982 3311 2984 3310 2983 3310 2983 3311 2984 3312 2985 3310 2983 3312 2985 3313 2986 3314 2987 3315 2988 3306 2979 3306 2979 3315 2988 3316 2989 3306 2979 3316 2989 3304 2977 3317 2990 3318 2991 3300 2973 3319 2992 3320 2993 3321 2994 3302 2975 3322 2995 3303 2976 3303 2976 3322 2995 3323 2996 3303 2976 3323 2996 3324 2997 3308 2981 3325 2998 3306 2979 3306 2979 3325 2998 3326 2999 3306 2979 3326 2999 3309 2982 3299 2972 3327 3000 3300 2973 3300 2973 3327 3000 3328 3001 3300 2973 3328 3001 3306 2979 3306 2979 3328 3001 3329 3002 3306 2979 3329 3002 3314 2987 3317 2990 3300 2973 3330 3003 3318 2991 3331 3004 3300 2973 3300 2973 3331 3004 3332 3005 3300 2973 3332 3005 3298 2971 3320 2993 3333 3006 3321 2994 3321 2994 3333 3006 3334 3007 3321 2994 3334 3007 3335 3008 3324 2997 3336 3009 3303 2976 3303 2976 3336 3009 3337 3010 3303 2976 3337 3010 3338 3011 3338 3011 3339 3012 3303 2976 3303 2976 3339 3012 3340 3013 3303 2976 3340 3013 3321 2994 3321 2994 3340 3013 3341 3014 3321 2994 3341 3014 3319 2992 3342 3015 3343 3016 3344 3017 3344 3017 3343 3016 3345 3018 3344 3017 3345 3018 3346 3019 3313 2986 3347 3020 3310 2983 3310 2983 3347 3020 3348 3021 3310 2983 3348 3021 3349 3022 3335 3008 3350 3023 3321 2994 3321 2994 3350 3023 3351 3024 3321 2994 3351 3024 3300 2973 3300 2973 3351 3024 3352 3025 3300 2973 3352 3025 3330 3003 3346 3019 3353 3026 3344 3017 3344 3017 3353 3026 3354 3027 3344 3017 3354 3027 3303 2976 3303 2976 3354 3027 3355 3028 3303 2976 3355 3028 3301 2974 3349 3022 3356 3029 3310 2983 3310 2983 3356 3029 3357 3030 3310 2983 3357 3030 3344 3017 3344 3017 3357 3030 3358 3031 3344 3017 3358 3031 3359 3032 3359 3032 3360 3033 3344 3017 3344 3017 3360 3033 3361 3034 3344 3017 3361 3034 3342 3015 3278 2951 3313 2986 3279 2952 3279 2952 3313 2986 3312 2985 3279 2952 3312 2985 3280 2953 3280 2953 3312 2985 3311 2984 3280 2953 3311 2984 3292 2965 3292 2965 3311 2984 3309 2982 3292 2965 3309 2982 3293 2966 3293 2966 3309 2982 3326 2999 3293 2966 3326 2999 3294 2967 3294 2967 3326 2999 3325 2998 3294 2967 3325 2998 3281 2954 3281 2954 3325 2998 3308 2981 3281 2954 3308 2981 3256 2929 3256 2929 3308 2981 3307 2980 3256 2929 3307 2980 3257 2930 3257 2930 3307 2980 3305 2978 3257 2930 3305 2978 3282 2955 3282 2955 3305 2978 3304 2977 3282 2955 3304 2977 3283 2956 3283 2956 3304 2977 3316 2989 3283 2956 3316 2989 3251 2924 3251 2924 3316 2989 3315 2988 3251 2924 3315 2988 3252 2925 3252 2925 3315 2988 3314 2987 3252 2925 3314 2987 3273 2946 3273 2946 3314 2987 3329 3002 3273 2946 3329 3002 3274 2947 3274 2947 3329 3002 3328 3001 3274 2947 3328 3001 3275 2948 3275 2948 3328 3001 3327 3000 3275 2948 3327 3000 3253 2926 3253 2926 3327 3000 3299 2972 3253 2926 3299 2972 3254 2927 3254 2927 3299 2972 3298 2971 3254 2927 3298 2971 3276 2949 3276 2949 3298 2971 3332 3005 3276 2949 3332 3005 3277 2950 3277 2950 3332 3005 3331 3004 3277 2950 3331 3004 3266 2939 3266 2939 3331 3004 3318 2991 3266 2939 3318 2991 3267 2940 3267 2940 3318 2991 3317 2990 3267 2940 3317 2990 3268 2941 3268 2941 3317 2990 3330 3003 3268 2941 3330 3003 3269 2942 3269 2942 3330 3003 3352 3025 3269 2942 3352 3025 3270 2943 3270 2943 3352 3025 3351 3024 3270 2943 3351 3024 3271 2944 3271 2944 3351 3024 3350 3023 3271 2944 3350 3023 3272 2945 3272 2945 3350 3023 3335 3008 3272 2945 3335 3008 3241 2914 3241 2914 3335 3008 3334 3007 3241 2914 3334 3007 3242 2915 3242 2915 3334 3007 3333 3006 3242 2915 3333 3006 3261 2934 3261 2934 3333 3006 3320 2993 3261 2934 3320 2993 3262 2935 3262 2935 3320 2993 3319 2992 3262 2935 3319 2992 3263 2936 3263 2936 3319 2992 3341 3014 3263 2936 3341 3014 3289 2962 3289 2962 3341 3014 3340 3013 3289 2962 3340 3013 3290 2963 3290 2963 3340 3013 3339 3012 3290 2963 3339 3012 3291 2964 3291 2964 3339 3012 3338 3011 3291 2964 3338 3011 3248 2921 3248 2921 3338 3011 3337 3010 3248 2921 3337 3010 3249 2922 3249 2922 3337 3010 3336 3009 3249 2922 3336 3009 3264 2937 3264 2937 3336 3009 3324 2997 3264 2937 3324 2997 3265 2938 3265 2938 3324 2997 3323 2996 3265 2938 3323 2996 3240 2913 3240 2913 3323 2996 3322 2995 3240 2913 3322 2995 3239 2912 3239 2912 3322 2995 3302 2975 3239 2912 3302 2975 3237 2910 3237 2910 3302 2975 3301 2974 3237 2910 3301 2974 3295 2968 3295 2968 3301 2974 3355 3028 3295 2968 3355 3028 3296 2969 3296 2969 3355 3028 3354 3027 3296 2969 3354 3027 3297 2970 3297 2970 3354 3027 3353 3026 3297 2970 3353 3026 3286 2959 3286 2959 3353 3026 3346 3019 3286 2959 3346 3019 3287 2960 3287 2960 3346 3019 3345 3018 3287 2960 3345 3018 3288 2961 3288 2961 3345 3018 3343 3016 3288 2961 3343 3016 3244 2917 3244 2917 3343 3016 3342 3015 3244 2917 3342 3015 3245 2918 3245 2918 3342 3015 3361 3034 3245 2918 3361 3034 3247 2920 3247 2920 3361 3034 3360 3033 3247 2920 3360 3033 3284 2957 3284 2957 3360 3033 3359 3032 3284 2957 3359 3032 3285 2958 3285 2958 3359 3032 3358 3031 3285 2958 3358 3031 3258 2931 3258 2931 3358 3031 3357 3030 3258 2931 3357 3030 3259 2932 3259 2932 3357 3030 3356 3029 3259 2932 3356 3029 3260 2933 3260 2933 3356 3029 3349 3022 3260 2933 3349 3022 3234 2907 3234 2907 3349 3022 3348 3021 3234 2907 3348 3021 3235 2908 3235 2908 3348 3021 3347 3020 3235 2908 3347 3020 3278 2951 3278 2951 3347 3020 3313 2986 3238 2911 3246 2919 3303 2976 3303 2976 3246 2919 3344 3017 3243 2916 3238 2911 3321 2994 3321 2994 3238 2911 3303 2976 3255 2928 3243 2916 3300 2973 3300 2973 3243 2916 3321 2994 3250 2923 3255 2928 3306 2979 3306 2979 3255 2928 3300 2973 3236 2909 3250 2923 3310 2983 3310 2983 3250 2923 3306 2979 3246 2919 3236 2909 3344 3017 3344 3017 3236 2909 3310 2983 3362 3035 3363 3036 3364 3037 3365 3038 3366 3039 3367 3040 3367 3040 3366 3039 3368 3041 3367 3040 3368 3041 3369 3042 3370 3043 3371 3044 3362 3035 3362 3035 3371 3044 3372 3045 3362 3035 3372 3045 3363 3036 3373 3046 3374 3047 3375 3048 3369 3042 3376 3049 3367 3040 3367 3040 3376 3049 3377 3050 3367 3040 3377 3050 3378 3051 3364 3037 3379 3052 3362 3035 3362 3035 3379 3052 3380 3053 3362 3035 3380 3053 3367 3040 3367 3040 3380 3053 3381 3054 3367 3040 3381 3054 3365 3038 3382 3055 3383 3056 3384 3057 3384 3057 3383 3056 3385 2920 3386 3058 3387 2940 3388 2928 3388 2928 3387 2940 3389 2941 3388 2928 3389 2941 3390 3059 3390 3059 3391 3060 3388 2928 3388 2928 3391 3060 3392 3061 3388 2928 3392 3061 3362 3035 3362 3035 3392 3061 3393 3062 3362 3035 3393 3062 3370 3043 3394 2923 3395 3063 3396 3064 3397 3065 3398 3066 3388 2928 3399 2929 3400 2930 3394 2923 3384 3057 3401 3067 3402 3068 3384 3057 3402 3068 3375 3048 3375 3048 3402 3068 3403 3069 3375 3048 3403 3069 3373 3046 3396 3064 3404 3070 3394 2923 3394 2923 3404 3070 3405 2947 3394 2923 3405 2947 3388 2928 3388 2928 3405 2947 3406 3071 3388 2928 3406 3071 3397 3065 3398 3066 3407 3072 3388 2928 3388 2928 3407 3072 3408 3073 3388 2928 3408 3073 3386 3058 3374 3047 3409 3074 3375 3048 3375 3048 3409 3074 3410 3075 3375 3048 3410 3075 3411 3076 3399 2929 3394 2923 3412 2954 3400 2930 3413 3077 3394 2923 3394 2923 3413 3077 3414 3078 3394 2923 3414 3078 3395 3063 3385 2920 3415 3079 3384 3057 3384 3057 3415 3079 3416 3080 3384 3057 3416 3080 3401 3067 3417 3081 3418 3082 3384 3057 3384 3057 3418 3082 3419 3083 3384 3057 3419 3083 3382 3055 3411 3076 3420 3084 3375 3048 3375 3048 3420 3084 3421 3085 3375 3048 3421 3085 3394 2923 3394 2923 3421 3085 3422 3086 3394 2923 3422 3086 3412 2954 3378 3051 3423 3087 3367 3040 3367 3040 3423 3087 3424 3088 3367 3040 3424 3088 3384 3057 3384 3057 3424 3088 3425 3089 3384 3057 3425 3089 3417 3081 3426 3090 3427 3091 3428 2973 3429 2990 3430 2991 3428 2973 3431 3092 3432 3093 3433 3094 3434 3095 3435 3096 3436 3097 3437 3098 3438 3099 3439 2979 3439 2979 3438 3099 3440 2980 3439 2979 3440 2980 3441 2981 3442 3100 3443 3101 3439 2979 3442 3100 3444 3102 3443 3101 3443 3101 3444 3102 3445 3103 3443 3101 3445 3103 3446 3104 3429 2990 3428 2973 3447 3003 3430 2991 3448 3105 3428 2973 3428 2973 3448 3105 3449 3106 3428 2973 3449 3106 3426 3090 3435 3096 3450 3107 3436 3097 3436 3097 3450 3107 3451 3108 3436 3097 3451 3108 3452 3109 3441 2981 3453 3110 3439 2979 3439 2979 3453 3110 3454 3111 3439 2979 3454 3111 3442 3100 3455 3112 3456 3113 3439 2979 3439 2979 3456 3113 3457 3114 3439 2979 3457 3114 3437 3098 3432 3093 3458 3115 3433 3094 3433 3094 3458 3115 3459 3116 3433 3094 3459 3116 3460 3117 3452 3109 3461 3009 3436 3097 3436 3097 3461 3009 3462 3118 3436 3097 3462 3118 3463 3119 3463 3119 3464 3120 3436 3097 3436 3097 3464 3120 3465 3121 3436 3097 3465 3121 3433 3094 3433 3094 3465 3121 3466 3122 3433 3094 3466 3122 3431 3092 3427 3091 3467 3123 3428 2973 3428 2973 3467 3123 3468 3001 3428 2973 3468 3001 3439 2979 3439 2979 3468 3001 3469 3124 3439 2979 3469 3124 3455 3112 3460 3117 3470 3125 3433 3094 3433 3094 3470 3125 3471 3126 3433 3094 3471 3126 3428 2973 3428 2973 3471 3126 3472 3127 3428 2973 3472 3127 3447 3003 3473 3128 3474 3129 3475 3130 3475 3130 3474 3129 3476 3131 3475 3130 3476 3131 3477 3132 3446 3104 3478 3133 3443 3101 3443 3101 3478 3133 3479 3134 3443 3101 3479 3134 3480 3135 3477 3132 3481 3136 3475 3130 3475 3130 3481 3136 3482 3137 3475 3130 3482 3137 3436 3097 3436 3097 3482 3137 3483 3138 3436 3097 3483 3138 3434 3095 3480 3135 3484 3139 3443 3101 3443 3101 3484 3139 3485 3140 3443 3101 3485 3140 3475 3130 3475 3130 3485 3140 3486 3141 3475 3130 3486 3141 3487 3142 3487 3142 3488 3143 3475 3130 3475 3130 3488 3143 3489 3034 3475 3130 3489 3034 3473 3128 3409 3074 3446 3104 3410 3075 3410 3075 3446 3104 3445 3103 3410 3075 3445 3103 3411 3076 3411 3076 3445 3103 3444 3102 3411 3076 3444 3102 3420 3084 3420 3084 3444 3102 3442 3100 3420 3084 3442 3100 3421 3085 3421 3085 3442 3100 3454 3111 3421 3085 3454 3111 3422 3086 3422 3086 3454 3111 3453 3110 3422 3086 3453 3110 3412 2954 3412 2954 3453 3110 3441 2981 3412 2954 3441 2981 3399 2929 3399 2929 3441 2981 3440 2980 3399 2929 3440 2980 3400 2930 3400 2930 3440 2980 3438 3099 3400 2930 3438 3099 3413 3077 3413 3077 3438 3099 3437 3098 3413 3077 3437 3098 3414 3078 3414 3078 3437 3098 3457 3114 3414 3078 3457 3114 3395 3063 3395 3063 3457 3114 3456 3113 3395 3063 3456 3113 3396 3064 3396 3064 3456 3113 3455 3112 3396 3064 3455 3112 3404 3070 3404 3070 3455 3112 3469 3124 3404 3070 3469 3124 3405 2947 3405 2947 3469 3124 3468 3001 3405 2947 3468 3001 3406 3071 3406 3071 3468 3001 3467 3123 3406 3071 3467 3123 3397 3065 3397 3065 3467 3123 3427 3091 3397 3065 3427 3091 3398 3066 3398 3066 3427 3091 3426 3090 3398 3066 3426 3090 3407 3072 3407 3072 3426 3090 3449 3106 3407 3072 3449 3106 3408 3073 3408 3073 3449 3106 3448 3105 3408 3073 3448 3105 3386 3058 3386 3058 3448 3105 3430 2991 3386 3058 3430 2991 3387 2940 3387 2940 3430 2991 3429 2990 3387 2940 3429 2990 3389 2941 3389 2941 3429 2990 3447 3003 3389 2941 3447 3003 3390 3059 3390 3059 3447 3003 3472 3127 3390 3059 3472 3127 3391 3060 3391 3060 3472 3127 3471 3126 3391 3060 3471 3126 3392 3061 3392 3061 3471 3126 3470 3125 3392 3061 3470 3125 3393 3062 3393 3062 3470 3125 3460 3117 3393 3062 3460 3117 3370 3043 3370 3043 3460 3117 3459 3116 3370 3043 3459 3116 3371 3044 3371 3044 3459 3116 3458 3115 3371 3044 3458 3115 3372 3045 3372 3045 3458 3115 3432 3093 3372 3045 3432 3093 3363 3036 3363 3036 3432 3093 3431 3092 3363 3036 3431 3092 3364 3037 3364 3037 3431 3092 3466 3122 3364 3037 3466 3122 3379 3052 3379 3052 3466 3122 3465 3121 3379 3052 3465 3121 3380 3053 3380 3053 3465 3121 3464 3120 3380 3053 3464 3120 3381 3054 3381 3054 3464 3120 3463 3119 3381 3054 3463 3119 3365 3038 3365 3038 3463 3119 3462 3118 3365 3038 3462 3118 3366 3039 3366 3039 3462 3118 3461 3009 3366 3039 3461 3009 3368 3041 3368 3041 3461 3009 3452 3109 3368 3041 3452 3109 3369 3042 3369 3042 3452 3109 3451 3108 3369 3042 3451 3108 3376 3049 3376 3049 3451 3108 3450 3107 3376 3049 3450 3107 3377 3050 3377 3050 3450 3107 3435 3096 3377 3050 3435 3096 3378 3051 3378 3051 3435 3096 3434 3095 3378 3051 3434 3095 3423 3087 3423 3087 3434 3095 3483 3138 3423 3087 3483 3138 3424 3088 3424 3088 3483 3138 3482 3137 3424 3088 3482 3137 3425 3089 3425 3089 3482 3137 3481 3136 3425 3089 3481 3136 3417 3081 3417 3081 3481 3136 3477 3132 3417 3081 3477 3132 3418 3082 3418 3082 3477 3132 3476 3131 3418 3082 3476 3131 3419 3083 3419 3083 3476 3131 3474 3129 3419 3083 3474 3129 3382 3055 3382 3055 3474 3129 3473 3128 3382 3055 3473 3128 3383 3056 3383 3056 3473 3128 3489 3034 3383 3056 3489 3034 3385 2920 3385 2920 3489 3034 3488 3143 3385 2920 3488 3143 3415 3079 3415 3079 3488 3143 3487 3142 3415 3079 3487 3142 3416 3080 3416 3080 3487 3142 3486 3141 3416 3080 3486 3141 3401 3067 3401 3067 3486 3141 3485 3140 3401 3067 3485 3140 3402 3068 3402 3068 3485 3140 3484 3139 3402 3068 3484 3139 3403 3069 3403 3069 3484 3139 3480 3135 3403 3069 3480 3135 3373 3046 3373 3046 3480 3135 3479 3134 3373 3046 3479 3134 3374 3047 3374 3047 3479 3134 3478 3133 3374 3047 3478 3133 3409 3074 3409 3074 3478 3133 3446 3104 3367 3040 3384 3057 3436 3097 3436 3097 3384 3057 3475 3130 3362 3035 3367 3040 3433 3094 3433 3094 3367 3040 3436 3097 3388 2928 3362 3035 3428 2973 3428 2973 3362 3035 3433 3094 3394 2923 3388 2928 3439 2979 3439 2979 3388 2928 3428 2973 3375 3048 3394 2923 3443 3101 3443 3101 3394 2923 3439 2979 3384 3057 3375 3048 3475 3130 3475 3130 3375 3048 3443 3101 3490 3144 3491 3145 3492 3146 3493 3147 3494 3148 3495 3149 3496 3150 3497 3151 3498 3152 3499 3153 3500 3154 3501 3155 3501 3155 3500 3154 3502 3156 3503 3157 3504 3158 3505 3159 3491 3145 3506 3160 3492 3146 3492 3146 3506 3160 3507 3161 3492 3146 3507 3161 3508 3162 3505 3159 3509 3063 3510 3064 3503 3157 3505 3159 3511 2954 3504 3158 3512 3163 3505 3159 3505 3159 3512 3163 3513 3164 3505 3159 3513 3164 3509 3063 3514 3038 3515 3165 3500 3154 3516 3166 3517 2941 3518 3059 3518 3059 3519 3060 3516 3166 3516 3166 3519 3060 3520 3167 3516 3166 3520 3167 3492 3146 3492 3146 3520 3167 3521 3168 3492 3146 3521 3168 3490 3144 3510 3064 3522 3169 3505 3159 3505 3159 3522 3169 3523 3170 3505 3159 3523 3170 3516 3166 3516 3166 3523 3170 3524 3171 3516 3166 3524 3171 3525 3172 3525 3172 3526 3173 3516 3166 3516 3166 3526 3173 3527 3174 3516 3166 3527 3174 3528 3175 3497 3151 3529 3074 3498 3152 3498 3152 3529 3074 3530 3176 3498 3152 3530 3176 3531 3177 3495 3149 3532 3178 3493 3147 3493 3147 3532 3178 3533 3179 3493 3147 3533 3179 3534 3080 3534 3080 3535 3180 3493 3147 3493 3147 3535 3180 3536 3181 3493 3147 3536 3181 3498 3152 3498 3152 3536 3181 3537 3182 3498 3152 3537 3182 3496 3150 3538 3183 3539 3082 3493 3147 3493 3147 3539 3082 3540 3184 3493 3147 3540 3184 3494 3148 3515 3165 3541 2937 3500 3154 3500 3154 3541 2937 3542 3185 3500 3154 3542 3185 3502 3156 3528 3175 3543 3186 3516 3166 3516 3166 3543 3186 3544 2940 3516 3166 3544 2940 3517 2941 3531 3177 3545 3187 3498 3152 3498 3152 3545 3187 3546 3085 3498 3152 3546 3085 3505 3159 3505 3159 3546 3085 3547 3188 3505 3159 3547 3188 3511 2954 3499 3153 3548 3189 3500 3154 3500 3154 3548 3189 3549 3190 3500 3154 3549 3190 3493 3147 3493 3147 3549 3190 3550 3191 3493 3147 3550 3191 3538 3183 3508 3162 3551 3192 3492 3146 3492 3146 3551 3192 3552 3193 3492 3146 3552 3193 3500 3154 3500 3154 3552 3193 3553 3194 3500 3154 3553 3194 3514 3038 3554 3195 3555 3196 3556 3197 3557 3090 3558 3198 3559 3199 3560 3200 3561 3201 3562 3202 3563 3203 3564 3204 3565 3205 3562 3202 3566 3206 3560 3200 3560 3200 3566 3206 3567 3207 3560 3200 3567 3207 3568 3208 3568 3208 3569 3209 3560 3200 3560 3200 3569 3209 3570 3210 3560 3200 3570 3210 3556 3197 3556 3197 3570 3210 3571 3211 3556 3197 3571 3211 3554 3195 3572 3212 3573 3113 3560 3200 3560 3200 3573 3113 3574 3213 3560 3200 3574 3213 3561 3201 3575 3214 3576 3215 3577 3216 3577 3216 3576 3215 3578 3107 3577 3216 3578 3107 3579 3217 3558 3198 3580 3218 3559 3199 3559 3199 3580 3218 3581 3219 3559 3199 3581 3219 3560 3200 3560 3200 3581 3219 3582 3220 3560 3200 3582 3220 3572 3212 3563 3203 3565 3205 3583 3221 3555 3196 3584 3133 3556 3197 3556 3197 3584 3133 3585 3222 3556 3197 3585 3222 3586 3223 3564 3204 3587 3224 3565 3205 3565 3205 3587 3224 3588 3225 3565 3205 3588 3225 3589 3226 3590 3003 3591 3227 3559 3199 3559 3199 3591 3227 3592 3228 3593 3229 3594 3230 3595 3231 3595 3231 3594 3230 3596 3232 3595 3231 3596 3232 3597 3233 3598 3142 3599 3143 3595 3231 3595 3231 3599 3143 3600 3034 3595 3231 3600 3034 3593 3229 3589 3226 3601 3234 3565 3205 3565 3205 3601 3234 3602 3235 3565 3205 3602 3235 3559 3199 3559 3199 3602 3235 3603 3236 3559 3199 3603 3236 3590 3003 3592 3228 3604 3105 3559 3199 3559 3199 3604 3105 3605 3237 3559 3199 3605 3237 3557 3090 3579 3217 3606 3238 3577 3216 3577 3216 3606 3238 3607 3239 3577 3216 3607 3239 3608 3240 3597 3233 3609 3241 3595 3231 3595 3231 3609 3241 3610 3242 3595 3231 3610 3242 3577 3216 3577 3216 3610 3242 3611 3243 3577 3216 3611 3243 3575 3214 3608 3240 3612 3244 3577 3216 3577 3216 3612 3244 3613 3245 3577 3216 3613 3245 3565 3205 3565 3205 3613 3245 3614 3246 3565 3205 3614 3246 3583 3221 3586 3223 3615 3247 3556 3197 3556 3197 3615 3247 3616 3248 3556 3197 3616 3248 3595 3231 3595 3231 3616 3248 3617 3249 3595 3231 3617 3249 3598 3142 3529 3074 3555 3196 3530 3176 3530 3176 3555 3196 3554 3195 3530 3176 3554 3195 3531 3177 3531 3177 3554 3195 3571 3211 3531 3177 3571 3211 3545 3187 3545 3187 3571 3211 3570 3210 3545 3187 3570 3210 3546 3085 3546 3085 3570 3210 3569 3209 3546 3085 3569 3209 3547 3188 3547 3188 3569 3209 3568 3208 3547 3188 3568 3208 3511 2954 3511 2954 3568 3208 3567 3207 3511 2954 3567 3207 3503 3157 3503 3157 3567 3207 3566 3206 3503 3157 3566 3206 3504 3158 3504 3158 3566 3206 3562 3202 3504 3158 3562 3202 3512 3163 3512 3163 3562 3202 3561 3201 3512 3163 3561 3201 3513 3164 3513 3164 3561 3201 3574 3213 3513 3164 3574 3213 3509 3063 3509 3063 3574 3213 3573 3113 3509 3063 3573 3113 3510 3064 3510 3064 3573 3113 3572 3212 3510 3064 3572 3212 3522 3169 3522 3169 3572 3212 3582 3220 3522 3169 3582 3220 3523 3170 3523 3170 3582 3220 3581 3219 3523 3170 3581 3219 3524 3171 3524 3171 3581 3219 3580 3218 3524 3171 3580 3218 3525 3172 3525 3172 3580 3218 3558 3198 3525 3172 3558 3198 3526 3173 3526 3173 3558 3198 3557 3090 3526 3173 3557 3090 3527 3174 3527 3174 3557 3090 3605 3237 3527 3174 3605 3237 3528 3175 3528 3175 3605 3237 3604 3105 3528 3175 3604 3105 3543 3186 3543 3186 3604 3105 3592 3228 3543 3186 3592 3228 3544 2940 3544 2940 3592 3228 3591 3227 3544 2940 3591 3227 3517 2941 3517 2941 3591 3227 3590 3003 3517 2941 3590 3003 3518 3059 3518 3059 3590 3003 3603 3236 3518 3059 3603 3236 3519 3060 3519 3060 3603 3236 3602 3235 3519 3060 3602 3235 3520 3167 3520 3167 3602 3235 3601 3234 3520 3167 3601 3234 3521 3168 3521 3168 3601 3234 3589 3226 3521 3168 3589 3226 3490 3144 3490 3144 3589 3226 3588 3225 3490 3144 3588 3225 3491 3145 3491 3145 3588 3225 3587 3224 3491 3145 3587 3224 3506 3160 3506 3160 3587 3224 3564 3204 3506 3160 3564 3204 3507 3161 3507 3161 3564 3204 3563 3203 3507 3161 3563 3203 3508 3162 3508 3162 3563 3203 3583 3221 3508 3162 3583 3221 3551 3192 3551 3192 3583 3221 3614 3246 3551 3192 3614 3246 3552 3193 3552 3193 3614 3246 3613 3245 3552 3193 3613 3245 3553 3194 3553 3194 3613 3245 3612 3244 3553 3194 3612 3244 3514 3038 3514 3038 3612 3244 3608 3240 3514 3038 3608 3240 3515 3165 3515 3165 3608 3240 3607 3239 3515 3165 3607 3239 3541 2937 3541 2937 3607 3239 3606 3238 3541 2937 3606 3238 3542 3185 3542 3185 3606 3238 3579 3217 3542 3185 3579 3217 3502 3156 3502 3156 3579 3217 3578 3107 3502 3156 3578 3107 3501 3155 3501 3155 3578 3107 3576 3215 3501 3155 3576 3215 3499 3153 3499 3153 3576 3215 3575 3214 3499 3153 3575 3214 3548 3189 3548 3189 3575 3214 3611 3243 3548 3189 3611 3243 3549 3190 3549 3190 3611 3243 3610 3242 3549 3190 3610 3242 3550 3191 3550 3191 3610 3242 3609 3241 3550 3191 3609 3241 3538 3183 3538 3183 3609 3241 3597 3233 3538 3183 3597 3233 3539 3082 3539 3082 3597 3233 3596 3232 3539 3082 3596 3232 3540 3184 3540 3184 3596 3232 3594 3230 3540 3184 3594 3230 3494 3148 3494 3148 3594 3230 3593 3229 3494 3148 3593 3229 3495 3149 3495 3149 3593 3229 3600 3034 3495 3149 3600 3034 3532 3178 3532 3178 3600 3034 3599 3143 3532 3178 3599 3143 3533 3179 3533 3179 3599 3143 3598 3142 3533 3179 3598 3142 3534 3080 3534 3080 3598 3142 3617 3249 3534 3080 3617 3249 3535 3180 3535 3180 3617 3249 3616 3248 3535 3180 3616 3248 3536 3181 3536 3181 3616 3248 3615 3247 3536 3181 3615 3247 3537 3182 3537 3182 3615 3247 3586 3223 3537 3182 3586 3223 3496 3150 3496 3150 3586 3223 3585 3222 3496 3150 3585 3222 3497 3151 3497 3151 3585 3222 3584 3133 3497 3151 3584 3133 3529 3074 3529 3074 3584 3133 3555 3196 3500 3154 3493 3147 3577 3216 3577 3216 3493 3147 3595 3231 3492 3146 3500 3154 3565 3205 3565 3205 3500 3154 3577 3216 3516 3166 3492 3146 3559 3199 3559 3199 3492 3146 3565 3205 3505 3159 3516 3166 3560 3200 3560 3200 3516 3166 3559 3199 3498 3152 3505 3159 3556 3197 3556 3197 3505 3159 3560 3200 3493 3147 3498 3152 3595 3231 3595 3231 3498 3152 3556 3197 3618 3250 3619 3251 3620 3252 3621 3144 3622 3145 3623 3253 3624 3254 3625 3255 3626 3256 3626 3256 3625 3255 3627 3257 3626 3256 3627 3257 3628 3258 3629 3259 3630 3260 3631 3261 3631 3261 3630 3260 3632 3262 3631 3261 3632 3262 3633 3263 3618 3250 3620 3252 3634 3264 3635 3265 3636 3266 3637 3267 3637 3267 3636 3266 3638 3268 3619 3251 3639 3269 3620 3252 3620 3252 3639 3269 3640 3270 3620 3252 3640 3270 3641 3271 3642 3272 3643 3273 3620 3252 3642 3272 3644 3274 3643 3273 3643 3273 3644 3274 3645 3275 3643 3273 3645 3275 3646 3276 3633 3263 3647 3277 3631 3261 3631 3261 3647 3277 3648 3278 3631 3261 3648 3278 3620 3252 3620 3252 3648 3278 3649 3279 3620 3252 3649 3279 3634 3264 3622 3145 3650 3280 3623 3253 3623 3253 3650 3280 3651 3281 3623 3253 3651 3281 3652 3282 3638 3268 3653 3283 3637 3267 3637 3267 3653 3283 3654 3284 3637 3267 3654 3284 3655 3285 3637 3267 3656 3286 3657 3167 3637 3267 3657 3167 3623 3253 3623 3253 3657 3167 3658 3168 3623 3253 3658 3168 3621 3144 3646 3276 3659 3287 3643 3273 3643 3273 3659 3287 3660 3176 3643 3273 3660 3176 3661 3177 3662 3288 3663 3289 3626 3256 3626 3256 3663 3289 3664 3290 3626 3256 3664 3290 3624 3254 3641 3271 3665 3291 3620 3252 3620 3252 3665 3291 3666 2931 3620 3252 3666 2931 3642 3272 3667 3292 3668 3293 3631 3261 3655 3285 3669 3294 3637 3267 3637 3267 3669 3294 3670 2942 3637 3267 3670 2942 3656 3286 3661 3177 3671 3187 3643 3273 3643 3273 3671 3187 3672 3295 3643 3273 3672 3295 3626 3256 3626 3256 3672 3295 3673 3296 3626 3256 3673 3296 3662 3288 3652 3282 3674 3297 3623 3253 3623 3253 3674 3297 3675 3298 3623 3253 3675 3298 3631 3261 3631 3261 3675 3298 3676 3299 3631 3261 3676 3299 3667 3292 3668 3293 3677 3300 3631 3261 3631 3261 3677 3300 3678 3301 3631 3261 3678 3301 3629 3259 3628 3258 3679 3302 3626 3256 3626 3256 3679 3302 3680 3170 3626 3256 3680 3170 3637 3267 3637 3267 3680 3170 3681 3303 3637 3267 3681 3303 3635 3265 3682 3304 3683 3305 3684 3306 3685 3307 3686 3213 3687 3308 3687 3308 3686 3213 3688 3309 3687 3308 3688 3309 3689 3310 3690 3311 3691 3312 3692 3313 3693 3314 3694 3315 3695 3316 3696 3195 3697 3196 3698 3317 3689 3310 3699 3206 3687 3308 3687 3308 3699 3206 3700 3207 3687 3308 3700 3207 3701 3318 3693 3314 3695 3316 3702 3319 3701 3318 3703 3320 3687 3308 3687 3308 3703 3320 3704 3210 3687 3308 3704 3210 3698 3317 3698 3317 3704 3210 3705 3211 3698 3317 3705 3211 3696 3195 3691 3312 3706 3321 3692 3313 3692 3313 3706 3321 3707 3322 3692 3313 3707 3322 3708 3323 3708 3323 3709 3324 3692 3313 3692 3313 3709 3324 3710 3325 3692 3313 3710 3325 3687 3308 3687 3308 3710 3325 3711 3326 3687 3308 3711 3326 3685 3307 3712 3327 3713 3328 3714 3329 3714 3329 3713 3328 3715 3226 3716 3330 3717 3331 3714 3329 3714 3329 3717 3331 3718 3332 3714 3329 3718 3332 3712 3327 3683 3305 3719 3333 3684 3306 3684 3306 3719 3333 3720 3334 3684 3306 3720 3334 3721 3335 3721 3335 3722 3336 3684 3306 3684 3306 3722 3336 3723 3337 3684 3306 3723 3337 3695 3316 3695 3316 3723 3337 3724 3338 3695 3316 3724 3338 3702 3319 3697 3196 3725 3339 3698 3317 3698 3317 3725 3339 3726 3340 3698 3317 3726 3340 3727 3341 3728 3342 3729 3343 3684 3306 3684 3306 3729 3343 3730 3344 3684 3306 3730 3344 3682 3304 3715 3226 3731 3234 3714 3329 3714 3329 3731 3234 3732 3345 3714 3329 3732 3345 3692 3313 3692 3313 3732 3345 3733 3346 3692 3313 3733 3346 3734 3003 3734 3003 3735 3227 3692 3313 3692 3313 3735 3227 3736 3347 3692 3313 3736 3347 3690 3311 3727 3341 3737 3348 3698 3317 3698 3317 3737 3348 3738 3349 3698 3317 3738 3349 3684 3306 3684 3306 3738 3349 3739 3350 3684 3306 3739 3350 3728 3342 3694 3315 3740 3351 3695 3316 3695 3316 3740 3351 3741 3352 3695 3316 3741 3352 3742 3353 3742 3353 3743 3354 3695 3316 3695 3316 3743 3354 3744 3355 3695 3316 3744 3355 3714 3329 3714 3329 3744 3355 3745 3356 3714 3329 3745 3356 3716 3330 3659 3287 3697 3196 3660 3176 3660 3176 3697 3196 3696 3195 3660 3176 3696 3195 3661 3177 3661 3177 3696 3195 3705 3211 3661 3177 3705 3211 3671 3187 3671 3187 3705 3211 3704 3210 3671 3187 3704 3210 3672 3295 3672 3295 3704 3210 3703 3320 3672 3295 3703 3320 3673 3296 3673 3296 3703 3320 3701 3318 3673 3296 3701 3318 3662 3288 3662 3288 3701 3318 3700 3207 3662 3288 3700 3207 3663 3289 3663 3289 3700 3207 3699 3206 3663 3289 3699 3206 3664 3290 3664 3290 3699 3206 3689 3310 3664 3290 3689 3310 3624 3254 3624 3254 3689 3310 3688 3309 3624 3254 3688 3309 3625 3255 3625 3255 3688 3309 3686 3213 3625 3255 3686 3213 3627 3257 3627 3257 3686 3213 3685 3307 3627 3257 3685 3307 3628 3258 3628 3258 3685 3307 3711 3326 3628 3258 3711 3326 3679 3302 3679 3302 3711 3326 3710 3325 3679 3302 3710 3325 3680 3170 3680 3170 3710 3325 3709 3324 3680 3170 3709 3324 3681 3303 3681 3303 3709 3324 3708 3323 3681 3303 3708 3323 3635 3265 3635 3265 3708 3323 3707 3322 3635 3265 3707 3322 3636 3266 3636 3266 3707 3322 3706 3321 3636 3266 3706 3321 3638 3268 3638 3268 3706 3321 3691 3312 3638 3268 3691 3312 3653 3283 3653 3283 3691 3312 3690 3311 3653 3283 3690 3311 3654 3284 3654 3284 3690 3311 3736 3347 3654 3284 3736 3347 3655 3285 3655 3285 3736 3347 3735 3227 3655 3285 3735 3227 3669 3294 3669 3294 3735 3227 3734 3003 3669 3294 3734 3003 3670 2942 3670 2942 3734 3003 3733 3346 3670 2942 3733 3346 3656 3286 3656 3286 3733 3346 3732 3345 3656 3286 3732 3345 3657 3167 3657 3167 3732 3345 3731 3234 3657 3167 3731 3234 3658 3168 3658 3168 3731 3234 3715 3226 3658 3168 3715 3226 3621 3144 3621 3144 3715 3226 3713 3328 3621 3144 3713 3328 3622 3145 3622 3145 3713 3328 3712 3327 3622 3145 3712 3327 3650 3280 3650 3280 3712 3327 3718 3332 3650 3280 3718 3332 3651 3281 3651 3281 3718 3332 3717 3331 3651 3281 3717 3331 3652 3282 3652 3282 3717 3331 3716 3330 3652 3282 3716 3330 3674 3297 3674 3297 3716 3330 3745 3356 3674 3297 3745 3356 3675 3298 3675 3298 3745 3356 3744 3355 3675 3298 3744 3355 3676 3299 3676 3299 3744 3355 3743 3354 3676 3299 3743 3354 3667 3292 3667 3292 3743 3354 3742 3353 3667 3292 3742 3353 3668 3293 3668 3293 3742 3353 3741 3352 3668 3293 3741 3352 3677 3300 3677 3300 3741 3352 3740 3351 3677 3300 3740 3351 3678 3301 3678 3301 3740 3351 3694 3315 3678 3301 3694 3315 3629 3259 3629 3259 3694 3315 3693 3314 3629 3259 3693 3314 3630 3260 3630 3260 3693 3314 3702 3319 3630 3260 3702 3319 3632 3262 3632 3262 3702 3319 3724 3338 3632 3262 3724 3338 3633 3263 3633 3263 3724 3338 3723 3337 3633 3263 3723 3337 3647 3277 3647 3277 3723 3337 3722 3336 3647 3277 3722 3336 3648 3278 3648 3278 3722 3336 3721 3335 3648 3278 3721 3335 3649 3279 3649 3279 3721 3335 3720 3334 3649 3279 3720 3334 3634 3264 3634 3264 3720 3334 3719 3333 3634 3264 3719 3333 3618 3250 3618 3250 3719 3333 3683 3305 3618 3250 3683 3305 3619 3251 3619 3251 3683 3305 3682 3304 3619 3251 3682 3304 3639 3269 3639 3269 3682 3304 3730 3344 3639 3269 3730 3344 3640 3270 3640 3270 3730 3344 3729 3343 3640 3270 3729 3343 3641 3271 3641 3271 3729 3343 3728 3342 3641 3271 3728 3342 3665 3291 3665 3291 3728 3342 3739 3350 3665 3291 3739 3350 3666 2931 3666 2931 3739 3350 3738 3349 3666 2931 3738 3349 3642 3272 3642 3272 3738 3349 3737 3348 3642 3272 3737 3348 3644 3274 3644 3274 3737 3348 3727 3341 3644 3274 3727 3341 3645 3275 3645 3275 3727 3341 3726 3340 3645 3275 3726 3340 3646 3276 3646 3276 3726 3340 3725 3339 3646 3276 3725 3339 3659 3287 3659 3287 3725 3339 3697 3196 3631 3261 3620 3252 3695 3316 3695 3316 3620 3252 3684 3306 3623 3253 3631 3261 3714 3329 3714 3329 3631 3261 3695 3316 3637 3267 3623 3253 3692 3313 3692 3313 3623 3253 3714 3329 3626 3256 3637 3267 3687 3308 3687 3308 3637 3267 3692 3313 3643 3273 3626 3256 3698 3317 3698 3317 3626 3256 3687 3308 3620 3252 3643 3273 3684 3306 3684 3306 3643 3273 3698 3317 2843 2517 3746 3357 3747 3358 2843 2517 3747 3358 2904 2578 2904 2578 3747 3358 3748 3359 2904 2578 3748 3359 2906 2580 2906 2580 3748 3359 3749 3360 2906 2580 3749 3360 2908 2582 2908 2582 3749 3360 3750 3361 2908 2582 3750 3361 2910 2584 2910 2584 3750 3361 3751 3362 2910 2584 3751 3362 2912 2586 2912 2586 3751 3362 3752 3363 2912 2586 3752 3363 2914 2588 2914 2588 3752 3363 3753 3364 2914 2588 3753 3364 2916 2590 2916 2590 3753 3364 3754 3365 2916 2590 3754 3365 2918 2592 2918 2592 3754 3365 3755 3366 2918 2592 3755 3366 2920 2594 3756 3367 3757 3368 3758 3369 3758 3369 3757 3368 3759 3370 3758 3369 3759 3370 3760 3371 3761 3372 3762 3373 3758 3369 3758 3369 3762 3373 3763 3374 3758 3369 3763 3374 3756 3367 3764 3375 3765 3376 3758 3369 3758 3369 3765 3376 3766 3377 3758 3369 3766 3377 3761 3372 3767 3378 3768 3379 3758 3369 3758 3369 3768 3379 3769 3380 3758 3369 3769 3380 3764 3375 3770 3381 3771 3382 3758 3369 3758 3369 3771 3382 3772 3383 3758 3369 3772 3383 3767 3378 3773 3384 3774 3385 3758 3369 3758 3369 3774 3385 3775 3386 3758 3369 3775 3386 3770 3381 3776 3387 3777 3388 3758 3369 3758 3369 3777 3388 3778 3389 3758 3369 3778 3389 3773 3384 3779 3390 3780 3391 3758 3369 3758 3369 3780 3391 3781 3392 3758 3369 3781 3392 3776 3387 3782 3393 3783 3394 3758 3369 3758 3369 3783 3394 3784 3395 3758 3369 3784 3395 3779 3390 3785 3396 3786 3397 3758 3369 3758 3369 3786 3397 3787 3398 3758 3369 3787 3398 3782 3393 3788 3399 3789 3400 3758 3369 3758 3369 3789 3400 3790 3401 3758 3369 3790 3401 3785 3396 3760 3371 3791 3402 3758 3369 3758 3369 3791 3402 3792 3403 3758 3369 3792 3403 3788 3399 3793 3404 3794 3405 3795 3406 3795 3406 3794 3405 3796 3407 3795 3406 3796 3407 3797 3408 3797 3408 3796 3407 3798 3409 3797 3408 3798 3409 3799 3410 3799 3410 3798 3409 3800 3411 3799 3410 3800 3411 3801 3412 3801 3412 3800 3411 3802 3413 3801 3412 3802 3413 3803 3414 3803 3414 3802 3413 3804 3415 3803 3414 3804 3415 3805 3416 3805 3416 3804 3415 3806 3417 3805 3416 3806 3417 3807 3418 3807 3418 3806 3417 3808 3419 3807 3418 3808 3419 3809 3420 3809 3420 3808 3419 3810 3421 3809 3420 3810 3421 3811 3422 3811 3422 3810 3421 3812 3423 3811 3422 3812 3423 3813 3424 3813 3424 3812 3423 3814 3425 3813 3424 3814 3425 3815 3426 3815 3426 3814 3425 3816 3427 3815 3426 3816 3427 3817 3428 3817 3428 3816 3427 3818 3429 3817 3428 3818 3429 3819 3430 3819 3430 3818 3429 3820 3431 3819 3430 3820 3431 3821 3432 3821 3432 3820 3431 3822 3433 3821 3432 3822 3433 3823 3434 3823 3434 3822 3433 3824 3435 3823 3434 3824 3435 3825 3436 3825 3436 3824 3435 3826 3437 3825 3436 3826 3437 3827 3438 3827 3438 3826 3437 3828 3439 3827 3438 3828 3439 3829 3440 3829 3440 3828 3439 3830 3441 3829 3440 3830 3441 3831 3442 3831 3442 3830 3441 3832 3443 3831 3442 3832 3443 3833 3444 3833 3444 3832 3443 3834 3445 3833 3444 3834 3445 3835 3446 3835 3446 3834 3445 3836 3447 3835 3446 3836 3447 3837 3448 3837 3448 3836 3447 3838 3449 3837 3448 3838 3449 3839 3450 3839 3450 3838 3449 3840 3451 3839 3450 3840 3451 3841 3452 3841 3452 3840 3451 3842 3453 3841 3452 3842 3453 3843 3454 3843 3454 3842 3453 3844 3455 3843 3454 3844 3455 3845 3456 3845 3456 3844 3455 3846 3457 3845 3456 3846 3457 3847 3458 3847 3458 3846 3457 3848 3459 3847 3458 3848 3459 3849 3460 3849 3460 3848 3459 3850 3461 3849 3460 3850 3461 3851 3462 3851 3462 3850 3461 3852 3463 3851 3462 3852 3463 3853 3464 3853 3464 3852 3463 3854 3465 3853 3464 3854 3465 3855 3466 3855 3466 3854 3465 3856 3467 3855 3466 3856 3467 3857 3468 3857 3468 3856 3467 3858 3469 3857 3468 3858 3469 3859 3470 3859 3470 3858 3469 3860 3471 3859 3470 3860 3471 3861 3472 3861 3472 3860 3471 3862 3473 3861 3472 3862 3473 3863 3474 3863 3474 3862 3473 3864 3475 3863 3474 3864 3475 3793 3404 3793 3404 3864 3475 3794 3405 3793 3404 3777 3388 3863 3474 3863 3474 3777 3388 3776 3387 3863 3474 3776 3387 3861 3472 3861 3472 3776 3387 3781 3392 3861 3472 3781 3392 3859 3470 3859 3470 3781 3392 3780 3391 3859 3470 3780 3391 3857 3468 3857 3468 3780 3391 3779 3390 3857 3468 3779 3390 3855 3466 3855 3466 3779 3390 3784 3395 3855 3466 3784 3395 3853 3464 3853 3464 3784 3395 3783 3394 3853 3464 3783 3394 3851 3462 3851 3462 3783 3394 3782 3393 3851 3462 3782 3393 3849 3460 3849 3460 3782 3393 3787 3398 3849 3460 3787 3398 3847 3458 3847 3458 3787 3398 3786 3397 3847 3458 3786 3397 3845 3456 3845 3456 3786 3397 3785 3396 3845 3456 3785 3396 3843 3454 3843 3454 3785 3396 3790 3401 3843 3454 3790 3401 3841 3452 3841 3452 3790 3401 3789 3400 3841 3452 3789 3400 3839 3450 3839 3450 3789 3400 3788 3399 3839 3450 3788 3399 3837 3448 3837 3448 3788 3399 3792 3403 3837 3448 3792 3403 3835 3446 3835 3446 3792 3403 3791 3402 3835 3446 3791 3402 3833 3444 3833 3444 3791 3402 3760 3371 3833 3444 3760 3371 3831 3442 3831 3442 3760 3371 3759 3370 3831 3442 3759 3370 3829 3440 3829 3440 3759 3370 3757 3368 3829 3440 3757 3368 3827 3438 3827 3438 3757 3368 3756 3367 3827 3438 3756 3367 3825 3436 3825 3436 3756 3367 3763 3374 3825 3436 3763 3374 3823 3434 3823 3434 3763 3374 3762 3373 3823 3434 3762 3373 3821 3432 3821 3432 3762 3373 3761 3372 3821 3432 3761 3372 3819 3430 3819 3430 3761 3372 3766 3377 3819 3430 3766 3377 3817 3428 3817 3428 3766 3377 3765 3376 3817 3428 3765 3376 3815 3426 3815 3426 3765 3376 3764 3375 3815 3426 3764 3375 3813 3424 3813 3424 3764 3375 3769 3380 3813 3424 3769 3380 3811 3422 3811 3422 3769 3380 3768 3379 3811 3422 3768 3379 3809 3420 3809 3420 3768 3379 3767 3378 3809 3420 3767 3378 3807 3418 3807 3418 3767 3378 3772 3383 3807 3418 3772 3383 3805 3416 3805 3416 3772 3383 3771 3382 3805 3416 3771 3382 3803 3414 3803 3414 3771 3382 3770 3381 3803 3414 3770 3381 3801 3412 3801 3412 3770 3381 3775 3386 3801 3412 3775 3386 3799 3410 3799 3410 3775 3386 3774 3385 3799 3410 3774 3385 3797 3408 3797 3408 3774 3385 3773 3384 3797 3408 3773 3384 3795 3406 3795 3406 3773 3384 3778 3389 3795 3406 3778 3389 3793 3404 3793 3404 3778 3389 3777 3388 3865 3476 3746 3357 2843 2517 3866 3477 3867 580 3865 3476 3868 3478 3869 3479 3870 3480 2842 2516 3871 3481 2843 2517 2843 2517 3871 3481 3868 3478 2843 2517 3868 3478 3865 3476 3865 3476 3868 3478 3870 3480 3865 3476 3870 3480 3866 3477 2847 2521 3872 3482 3873 3483 2847 2521 3873 3483 2848 2522 2848 2522 3873 3483 3874 3484 2848 2522 3874 3484 2850 2524 2850 2524 3874 3484 3875 3485 2850 2524 3875 3485 2852 2526 2852 2526 3875 3485 3876 3486 2852 2526 3876 3486 2854 2528 2854 2528 3876 3486 3877 3487 2854 2528 3877 3487 2856 2530 2856 2530 3877 3487 3878 3488 2856 2530 3878 3488 2858 2532 2858 2532 3878 3488 3879 3489 2858 2532 3879 3489 2860 2534 2860 2534 3879 3489 3880 3490 2860 2534 3880 3490 2862 2536 2862 2536 3880 3490 3871 3481 2862 2536 3871 3481 2842 2516 3881 3491 3882 3492 2885 2559 2885 2559 2920 2594 3883 3493 3883 3493 2920 2594 3755 3366 3884 3494 3885 3495 3881 3491 3886 3496 3887 3497 3888 3498 2885 2559 3883 3493 3881 3491 3881 3491 3883 3493 3889 3499 3881 3491 3889 3499 3884 3494 3890 3500 3891 3501 3883 3493 3883 3493 3891 3501 3886 3496 3892 3502 3893 3503 3894 3504 3894 3504 3893 3503 3895 3505 3888 3498 3896 3506 3886 3496 3886 3496 3896 3506 3897 3507 3886 3496 3897 3507 3898 3508 3895 3505 3899 3509 3894 3504 3894 3504 3899 3509 3900 3510 3894 3504 3900 3510 3901 3511 3898 3508 3902 3512 3886 3496 3886 3496 3902 3512 3903 3513 3886 3496 3903 3513 3904 3514 3901 3511 3905 3515 3894 3504 3894 3504 3905 3515 3906 3516 3894 3504 3906 3516 3907 3517 3904 3514 3908 3518 3886 3496 3886 3496 3908 3518 3909 3519 3886 3496 3909 3519 3910 3520 3907 3517 3911 3521 3894 3504 3894 3504 3911 3521 3912 3522 3894 3504 3912 3522 3913 3523 3910 3520 3914 3524 3886 3496 3886 3496 3914 3524 3915 3525 3886 3496 3915 3525 3916 3526 3913 3523 3917 3527 3894 3504 3894 3504 3917 3527 3918 3528 3894 3504 3918 3528 3919 3529 3916 3526 3920 3530 3886 3496 3886 3496 3920 3530 3921 3531 3886 3496 3921 3531 3922 3532 3919 3529 3923 3533 3894 3504 3894 3504 3923 3533 3924 3534 3894 3504 3924 3534 3925 3535 3922 3532 3926 3536 3886 3496 3886 3496 3926 3536 3927 3537 3886 3496 3927 3537 3883 3493 3883 3493 3927 3537 3894 3504 3883 3493 3894 3504 3889 3499 3889 3499 3894 3504 3925 3535 3928 3538 3929 3539 3872 3482 3872 3482 3929 3539 3930 3540 3868 3478 3871 3481 3931 3541 3931 3541 3871 3481 3880 3490 3930 3540 3932 3542 3872 3482 3872 3482 3932 3542 3933 3543 3872 3482 3933 3543 3934 3544 3880 3490 3879 3489 3931 3541 3931 3541 3879 3489 3878 3488 3931 3541 3878 3488 3877 3487 3877 3487 3876 3486 3931 3541 3931 3541 3876 3486 3875 3485 3931 3541 3875 3485 3874 3484 3934 3544 3935 3545 3872 3482 3872 3482 3935 3545 3936 3546 3872 3482 3936 3546 3937 3547 3937 3547 3938 3548 3872 3482 3872 3482 3938 3548 3931 3541 3872 3482 3931 3541 3873 3483 3873 3483 3931 3541 3874 3484 3939 3549 3931 3541 3940 3550 3940 3550 3931 3541 3938 3548 3940 3550 3938 3548 3941 3551 3941 3551 3938 3548 3937 3547 3941 3551 3937 3547 3942 3552 3942 3552 3937 3547 3936 3546 3942 3552 3936 3546 3943 3553 3943 3553 3936 3546 3935 3545 3943 3553 3935 3545 3944 3554 3944 3554 3935 3545 3934 3544 3944 3554 3934 3544 3945 3555 3945 3555 3934 3544 3933 3543 3945 3555 3933 3543 3946 3556 3946 3556 3933 3543 3932 3542 3946 3556 3932 3542 3947 3557 3947 3557 3932 3542 3930 3540 3947 3557 3930 3540 3948 3558 3948 3558 3930 3540 3929 3539 3948 3558 3929 3539 3949 3559 3949 3559 3929 3539 3928 3538 3949 3559 3928 3538 3950 3560 3868 3478 3931 3541 3869 3479 3869 3479 3931 3541 3939 3549 3951 3561 3883 3493 3755 3366 3749 3360 3748 3359 3952 3562 3748 3359 3747 3358 3952 3562 3952 3562 3747 3358 3746 3357 3952 3562 3746 3357 3865 3476 3953 3563 3954 3564 3755 3366 3755 3366 3954 3564 3955 3565 3755 3366 3955 3565 3951 3561 3956 3566 3957 3567 3755 3366 3957 3567 3958 3568 3755 3366 3755 3366 3958 3568 3959 3569 3755 3366 3959 3569 3953 3563 3752 3363 3952 3562 3753 3364 3753 3364 3952 3562 3754 3365 3752 3363 3751 3362 3952 3562 3952 3562 3751 3362 3750 3361 3952 3562 3750 3361 3749 3360 3754 3365 3952 3562 3755 3366 3755 3366 3952 3562 3960 3570 3755 3366 3960 3570 3956 3566 3952 3562 3865 3476 3961 3571 3961 3571 3865 3476 3867 580 3890 3500 3883 3493 3962 3572 3962 3572 3883 3493 3951 3561 3962 3572 3951 3561 3963 3573 3963 3573 3951 3561 3964 3574 3964 3574 3951 3561 3955 3565 3964 3574 3955 3565 3965 3575 3965 3575 3955 3565 3954 3564 3965 3575 3954 3564 3966 3576 3966 3576 3954 3564 3953 3563 3966 3576 3953 3563 3967 3577 3967 3577 3953 3563 3959 3569 3967 3577 3959 3569 3968 3578 3968 3578 3959 3569 3958 3568 3968 3578 3958 3568 3969 3579 3969 3579 3958 3568 3957 3567 3969 3579 3957 3567 3970 3580 3970 3580 3957 3567 3956 3566 3970 3580 3956 3566 3971 3581 3971 3581 3956 3566 3960 3570 3971 3581 3960 3570 3961 3571 3961 3571 3960 3570 3952 3562 3972 3582 3973 3583 3974 3584 3975 3585 3976 3586 3977 3587 3978 3588 3979 3589 3974 3584 3980 3590 3981 3591 3977 3587 3977 3587 3981 3591 3982 3592 3977 3587 3982 3592 3975 3585 3979 3589 3983 3593 3974 3584 3974 3584 3983 3593 3984 3594 3974 3584 3984 3594 3972 3582 3985 3595 3986 3596 3977 3587 3986 3596 3987 3597 3977 3587 3977 3587 3987 3597 3988 3598 3977 3587 3988 3598 3980 3590 3989 3599 3990 3600 3974 3584 3974 3584 3990 3600 3991 3601 3989 3599 3974 3584 3977 3587 3977 3587 3974 3584 3992 3602 3977 3587 3992 3602 3985 3595 3991 3601 3993 3603 3974 3584 3974 3584 3993 3603 3994 3604 3974 3584 3994 3604 3978 3588 3995 3605 3974 3584 3996 3606 3996 3606 3974 3584 3973 3583 3996 3606 3973 3583 3997 3607 3998 3608 3976 3586 3999 3609 3999 3609 3976 3586 3975 3585 3999 3609 3975 3585 4000 3610 4000 3610 3975 3585 4001 3611 4001 3611 3975 3585 3982 3592 4001 3611 3982 3592 4002 3612 4002 3612 3982 3592 3981 3591 4002 3612 3981 3591 4003 3613 4003 3613 3981 3591 3980 3590 4003 3613 3980 3590 4004 3614 4004 3614 3980 3590 3988 3598 4004 3614 3988 3598 4005 3615 4005 3615 3988 3598 3987 3597 4005 3615 3987 3597 4006 3616 4006 3616 3987 3597 3986 3596 4006 3616 3986 3596 4007 3617 4007 3617 3986 3596 3985 3595 4007 3617 3985 3595 4008 3618 4008 3618 3985 3595 3992 3602 4008 3618 3992 3602 3995 3605 3995 3605 3992 3602 3974 3584 3882 3492 3881 3491 4009 3619 4010 3620 4011 3621 4012 3622 4013 3623 4014 3624 3882 3492 3882 3492 4014 3624 4015 3625 3882 3492 4015 3625 4010 3620 4012 3622 4016 3626 4010 3620 4010 3620 4016 3626 4017 3627 4010 3620 4017 3627 4018 3628 4009 3619 4019 3629 3882 3492 3882 3492 4019 3629 4020 3630 3882 3492 4020 3630 4021 3631 4018 3628 4022 3632 4010 3620 4010 3620 4022 3632 4023 3633 4010 3620 4023 3633 4024 3634 4024 3634 4025 3635 4010 3620 4010 3620 4025 3635 4026 3636 4010 3620 4026 3636 3882 3492 4021 3631 4027 3637 3882 3492 3882 3492 4027 3637 4028 3638 3882 3492 4028 3638 4013 3623 4029 3639 4010 3620 4030 3640 4030 3640 4010 3620 4015 3625 4030 3640 4015 3625 4031 3641 4031 3641 4015 3625 4014 3624 4031 3641 4014 3624 4032 3642 4032 3642 4014 3624 4013 3623 4032 3642 4013 3623 4033 3643 4033 3643 4013 3623 4028 3638 4033 3643 4028 3638 4034 3644 4034 3644 4028 3638 4027 3637 4034 3644 4027 3637 4035 3645 4035 3645 4027 3637 4021 3631 4035 3645 4021 3631 4036 3646 4036 3646 4021 3631 4020 3630 4036 3646 4020 3630 4037 3647 4037 3647 4020 3630 4019 3629 4037 3647 4019 3629 4038 3648 4038 3648 4019 3629 4009 3619 4038 3648 4009 3619 4039 3649 4039 3649 4009 3619 3881 3491 4039 3649 3881 3491 3885 3495 4040 3650 4011 3621 4041 3651 4041 3651 4011 3621 4010 3620 4041 3651 4010 3620 4029 3639 4042 3652 4043 3653 4044 3654 4044 3654 4043 3653 4045 3655 4044 3654 4045 3655 4046 3656 4047 3657 4048 3658 4044 3654 4044 3654 4048 3658 4049 3659 4044 3654 4049 3659 4042 3652 4050 3660 4051 3661 4044 3654 4044 3654 4051 3661 4052 3662 4044 3654 4052 3662 4047 3657 4053 3663 4054 3664 4044 3654 4044 3654 4054 3664 4055 3665 4044 3654 4055 3665 4050 3660 4056 3666 4057 3667 4044 3654 4044 3654 4057 3667 4058 3668 4044 3654 4058 3668 4053 3663 4059 3669 4060 3670 4044 3654 4044 3654 4060 3670 4061 3671 4044 3654 4061 3671 4056 3666 4062 3672 4063 3673 4044 3654 4044 3654 4063 3673 4064 3674 4044 3654 4064 3674 4059 3669 4065 3675 4066 3676 4044 3654 4044 3654 4066 3676 4067 3677 4044 3654 4067 3677 4062 3672 4068 3678 4069 3679 4044 3654 4044 3654 4069 3679 4070 3680 4044 3654 4070 3680 4065 3675 4071 3681 4072 3682 4044 3654 4044 3654 4072 3682 4073 3683 4044 3654 4073 3683 4068 3678 4074 3684 4075 3685 4044 3654 4044 3654 4075 3685 4076 3686 4044 3654 4076 3686 4071 3681 4046 3656 4077 3687 4044 3654 4044 3654 4077 3687 4078 3688 4044 3654 4078 3688 4074 3684 3998 3608 3999 3609 4079 3689 4080 3690 4081 3691 4082 3692 4083 3693 4079 3689 4082 3692 4082 3692 4079 3689 3999 3609 4082 3692 3999 3609 4080 3690 4084 3694 4085 3695 4086 3696 4086 3696 4085 3695 4087 3697 4088 3698 4089 3699 4085 3695 4085 3695 4089 3699 4090 3700 4085 3695 4090 3700 4087 3697 4087 3697 4090 3700 4091 3701 3909 3519 3908 3518 4092 3702 4093 3703 4094 3704 4095 3705 4093 3703 4095 3705 4096 3706 4097 3707 3914 3524 4092 3702 4092 3702 3914 3524 3910 3520 4092 3702 3910 3520 3909 3519 4098 3708 3916 3526 4097 3707 4097 3707 3916 3526 3915 3525 4097 3707 3915 3525 3914 3524 4099 3709 3921 3531 4098 3708 4098 3708 3921 3531 3920 3530 4098 3708 3920 3530 3916 3526 4095 3705 3927 3537 4096 3706 4096 3706 3927 3537 3926 3536 4096 3706 3926 3536 4099 3709 4099 3709 3926 3536 3922 3532 4099 3709 3922 3532 3921 3531 4100 3710 4101 3711 4102 3712 4102 3712 4101 3711 4094 3704 3894 3504 3927 3537 4101 3711 4101 3711 3927 3537 4095 3705 4101 3711 4095 3705 4094 3704 3911 3521 3907 3517 4103 3713 4104 3714 4105 3715 4106 3716 4107 3717 3913 3523 4103 3713 4103 3713 3913 3523 3912 3522 4103 3713 3912 3522 3911 3521 4108 3718 3918 3528 4107 3717 4107 3717 3918 3528 3917 3527 4107 3717 3917 3527 3913 3523 4109 3719 3923 3533 4108 3718 4108 3718 3923 3533 3919 3529 4108 3718 3919 3529 3918 3528 4106 3716 3889 3499 4104 3714 4104 3714 3889 3499 3925 3535 4104 3714 3925 3535 4109 3719 4109 3719 3925 3535 3924 3534 4109 3719 3924 3534 3923 3533 4040 3650 4041 3651 4110 3720 4111 3721 4112 3722 4113 3723 4114 3724 4110 3720 4113 3723 4113 3723 4110 3720 4041 3651 4113 3723 4041 3651 4111 3721 4115 3725 3996 3606 3997 3607 4116 3726 4114 3724 4117 3727 4117 3727 4114 3724 4113 3723 4117 3727 4113 3723 4112 3722 4118 3728 4119 3729 4116 3726 4116 3726 4119 3729 4120 3730 4116 3726 4120 3730 4114 3724 4116 3726 4121 3731 4118 3728 4118 3728 4121 3731 4122 3732 4118 3728 4122 3732 4123 3733 4124 3734 4125 3735 4122 3732 4122 3732 4125 3735 4126 3736 4122 3732 4126 3736 4123 3733 4127 3737 4128 3738 4124 3734 4124 3734 4128 3738 4129 3739 4124 3734 4129 3739 4125 3735 4130 3740 4127 3737 4131 3741 4132 3742 4133 3743 4134 3744 4135 3745 4136 3746 4131 3741 4131 3741 4136 3746 4137 3747 4131 3741 4137 3747 4130 3740 4138 3748 4139 3749 4135 3745 4135 3745 4139 3749 4140 3750 4135 3745 4140 3750 4136 3746 4141 3751 4142 3752 4138 3748 4138 3748 4142 3752 4143 3753 4138 3748 4143 3753 4139 3749 4134 3744 4144 3754 4132 3742 4132 3742 4144 3754 4145 3755 4132 3742 4145 3755 4141 3751 4141 3751 4145 3755 4146 3756 4141 3751 4146 3756 4142 3752 4115 3725 4144 3754 3996 3606 3996 3606 4144 3754 4134 3744 3996 3606 4134 3744 4147 3757 4147 3757 4134 3744 4133 3743 4148 3758 3949 3559 3950 3560 4149 3759 4088 3698 4150 3760 4150 3760 4088 3698 4085 3695 4150 3760 4085 3695 4151 3761 4151 3761 4085 3695 4084 3694 4152 3762 4153 3763 4149 3759 4149 3759 4153 3763 4154 3764 4149 3759 4154 3764 4088 3698 4149 3759 4155 3765 4152 3762 4152 3762 4155 3765 4156 3766 4152 3762 4156 3766 4157 3767 4158 3768 4159 3769 4156 3766 4156 3766 4159 3769 4160 3770 4156 3766 4160 3770 4157 3767 4161 3771 4162 3772 4158 3768 4158 3768 4162 3772 4163 3773 4158 3768 4163 3773 4159 3769 4164 3774 4161 3771 4165 3775 4166 3776 4167 3777 4168 3778 4166 3776 4168 3778 4169 3779 4170 3780 4171 3781 4165 3775 4165 3775 4171 3781 4172 3782 4165 3775 4172 3782 4164 3774 4173 3783 4174 3784 4170 3780 4170 3780 4174 3784 4175 3785 4170 3780 4175 3785 4171 3781 4176 3786 4177 3787 4173 3783 4173 3783 4177 3787 4178 3788 4173 3783 4178 3788 4174 3784 4168 3778 4179 3789 4169 3779 4169 3779 4179 3789 4180 3790 4169 3779 4180 3790 4176 3786 4176 3786 4180 3790 4181 3791 4176 3786 4181 3791 4177 3787 4168 3778 4167 3777 4182 3792 4179 3789 4168 3778 4148 3758 4148 3758 4168 3778 4182 3792 4148 3758 4182 3792 3949 3559 4183 3793 4083 3693 4184 3794 4184 3794 4083 3693 4082 3692 4184 3794 4082 3692 4081 3691 4185 3795 4186 3796 4183 3793 4183 3793 4186 3796 4187 3797 4183 3793 4187 3797 4083 3693 4183 3793 4188 3798 4185 3795 4185 3795 4188 3798 4189 3799 4185 3795 4189 3799 4190 3800 4191 3801 4192 3802 4189 3799 4189 3799 4192 3802 4193 3803 4189 3799 4193 3803 4190 3800 4194 3804 4195 3805 4191 3801 4191 3801 4195 3805 4196 3806 4191 3801 4196 3806 4192 3802 4197 3807 4194 3804 4198 3808 4199 3809 4091 3701 4090 3700 4200 3810 4201 3811 4198 3808 4198 3808 4201 3811 4202 3812 4198 3808 4202 3812 4197 3807 4203 3813 4204 3814 4200 3810 4200 3810 4204 3814 4205 3815 4200 3810 4205 3815 4201 3811 4206 3816 4207 3817 4203 3813 4203 3813 4207 3817 4208 3818 4203 3813 4208 3818 4204 3814 4090 3700 4089 3699 4199 3809 4199 3809 4089 3699 4209 3819 4199 3809 4209 3819 4206 3816 4206 3816 4209 3819 4210 3820 4206 3816 4210 3820 4207 3817 4211 3821 3886 3496 4212 3822 4212 3822 3886 3496 4213 3823 4212 3822 4213 3823 4214 3824 4214 3824 4213 3823 4215 3825 3896 3506 3888 3498 4211 3821 4211 3821 3888 3498 3887 3497 4211 3821 3887 3497 3886 3496 4211 3821 4216 3826 3896 3506 3896 3506 4216 3826 4217 3827 3896 3506 4217 3827 3897 3507 4218 3828 3902 3512 4217 3827 4217 3827 3902 3512 3898 3508 4217 3827 3898 3508 3897 3507 3908 3518 3904 3514 4218 3828 4218 3828 3904 3514 3903 3513 4218 3828 3903 3513 3902 3512 4219 3829 4215 3825 4213 3823 3891 3501 3962 3572 4220 3830 4219 3829 4213 3823 4220 3830 4220 3830 4213 3823 3886 3496 4220 3830 3886 3496 3891 3501 3890 3500 3962 3572 3891 3501 4221 3831 3894 3504 4222 3832 4222 3832 3894 3504 4101 3711 4222 3832 4101 3711 4100 3710 3895 3505 3893 3503 4221 3831 4221 3831 3893 3503 3892 3502 4221 3831 3892 3502 3894 3504 4221 3831 4223 3833 3895 3505 3895 3505 4223 3833 4224 3834 3895 3505 4224 3834 3899 3509 4225 3835 3901 3511 4224 3834 4224 3834 3901 3511 3900 3510 4224 3834 3900 3510 3899 3509 3907 3517 3906 3516 4225 3835 4225 3835 3906 3516 3905 3515 4225 3835 3905 3515 3901 3511 3884 3494 4039 3649 3885 3495 3884 3494 3889 3499 4039 3649 4039 3649 3889 3499 4106 3716 4039 3649 4106 3716 4226 3836 4226 3836 4106 3716 4105 3715 4227 3837 4228 3838 4229 3839 4229 3839 4228 3838 4230 3840 4229 3839 4230 3840 4231 3841 4232 3842 4233 3843 4229 3839 4229 3839 4233 3843 4234 3844 4229 3839 4234 3844 4227 3837 4235 3845 4236 3846 4229 3839 4229 3839 4236 3846 4237 3847 4229 3839 4237 3847 4232 3842 4238 3848 4239 3849 4229 3839 4229 3839 4239 3849 4240 3850 4229 3839 4240 3850 4235 3845 4241 3851 4242 3852 4229 3839 4229 3839 4242 3852 4243 3853 4229 3839 4243 3853 4238 3848 4244 3854 4245 3855 4229 3839 4229 3839 4245 3855 4246 3856 4229 3839 4246 3856 4241 3851 4247 3857 4248 3858 4229 3839 4229 3839 4248 3858 4249 3859 4229 3839 4249 3859 4244 3854 4250 3860 4251 3861 4229 3839 4229 3839 4251 3861 4252 3862 4229 3839 4252 3862 4247 3857 4253 3863 4254 3864 4229 3839 4229 3839 4254 3864 4255 3865 4229 3839 4255 3865 4250 3860 4256 3866 4257 3867 4229 3839 4229 3839 4257 3867 4258 3868 4229 3839 4258 3868 4253 3863 4259 3869 4260 3870 4229 3839 4229 3839 4260 3870 4261 3871 4229 3839 4261 3871 4256 3866 4231 3841 4262 3872 4229 3839 4229 3839 4262 3872 4263 3873 4229 3839 4263 3873 4259 3869 4264 3874 4249 3859 4265 3875 4265 3875 4249 3859 4248 3858 4265 3875 4248 3858 4266 3876 4266 3876 4248 3858 4247 3857 4266 3876 4247 3857 4267 3877 4267 3877 4247 3857 4252 3862 4267 3877 4252 3862 4268 3878 4268 3878 4252 3862 4251 3861 4268 3878 4251 3861 4269 3879 4269 3879 4251 3861 4250 3860 4269 3879 4250 3860 4270 3880 4270 3880 4250 3860 4255 3865 4270 3880 4255 3865 4271 3881 4271 3881 4255 3865 4254 3864 4271 3881 4254 3864 4272 3882 4272 3882 4254 3864 4253 3863 4272 3882 4253 3863 4273 3883 4273 3883 4253 3863 4258 3868 4273 3883 4258 3868 4274 3884 4274 3884 4258 3868 4257 3867 4274 3884 4257 3867 4275 3885 4275 3885 4257 3867 4256 3866 4275 3885 4256 3866 4276 3886 4276 3886 4256 3866 4261 3871 4276 3886 4261 3871 4277 3887 4277 3887 4261 3871 4260 3870 4277 3887 4260 3870 4278 3888 4278 3888 4260 3870 4259 3869 4278 3888 4259 3869 4279 3889 4279 3889 4259 3869 4263 3873 4279 3889 4263 3873 4280 3890 4280 3890 4263 3873 4262 3872 4280 3890 4262 3872 4281 3891 4281 3891 4262 3872 4231 3841 4281 3891 4231 3841 4282 3892 4282 3892 4231 3841 4230 3840 4282 3892 4230 3840 4283 3893 4283 3893 4230 3840 4228 3838 4283 3893 4228 3838 4284 3894 4284 3894 4228 3838 4227 3837 4284 3894 4227 3837 4285 3895 4285 3895 4227 3837 4234 3844 4285 3895 4234 3844 4286 3896 4286 3896 4234 3844 4233 3843 4286 3896 4233 3843 4287 3897 4287 3897 4233 3843 4232 3842 4287 3897 4232 3842 4288 3898 4288 3898 4232 3842 4237 3847 4288 3898 4237 3847 4289 3899 4289 3899 4237 3847 4236 3846 4289 3899 4236 3846 4290 3900 4290 3900 4236 3846 4235 3845 4290 3900 4235 3845 4291 3901 4291 3901 4235 3845 4240 3850 4291 3901 4240 3850 4292 3902 4292 3902 4240 3850 4239 3849 4292 3902 4239 3849 4293 3903 4293 3903 4239 3849 4238 3848 4293 3903 4238 3848 4294 3904 4294 3904 4238 3848 4243 3853 4294 3904 4243 3853 4295 3905 4295 3905 4243 3853 4242 3852 4295 3905 4242 3852 4296 3906 4296 3906 4242 3852 4241 3851 4296 3906 4241 3851 4297 3907 4297 3907 4241 3851 4246 3856 4297 3907 4246 3856 4298 3908 4298 3908 4246 3856 4245 3855 4298 3908 4245 3855 4299 3909 4299 3909 4245 3855 4244 3854 4299 3909 4244 3854 4264 3874 4264 3874 4244 3854 4249 3859 4300 3910 4301 3911 4302 3912 4302 3912 4301 3911 4303 3913 4302 3912 4303 3913 4304 3914 4305 3915 4306 3916 4302 3912 4302 3912 4306 3916 4307 3917 4302 3912 4307 3917 4300 3910 4308 3918 4309 3919 4302 3912 4302 3912 4309 3919 4310 3920 4302 3912 4310 3920 4305 3915 4311 3921 4312 3922 4302 3912 4302 3912 4312 3922 4313 3923 4302 3912 4313 3923 4308 3918 4314 3924 4315 3925 4302 3912 4302 3912 4315 3925 4316 3926 4302 3912 4316 3926 4311 3921 4317 3927 4318 3928 4302 3912 4302 3912 4318 3928 4319 3929 4302 3912 4319 3929 4314 3924 4320 3930 4321 3931 4302 3912 4302 3912 4321 3931 4322 3859 4302 3912 4322 3859 4317 3927 4323 3932 4324 3933 4302 3912 4302 3912 4324 3933 4325 3934 4302 3912 4325 3934 4320 3930 4326 3935 4327 3936 4302 3912 4302 3912 4327 3936 4328 3937 4302 3912 4328 3937 4323 3932 4329 3938 4330 3939 4302 3912 4302 3912 4330 3939 4331 3940 4302 3912 4331 3940 4326 3935 4332 3941 4333 3942 4302 3912 4302 3912 4333 3942 4334 3943 4302 3912 4334 3943 4329 3938 4304 3914 4335 3944 4302 3912 4302 3912 4335 3944 4336 3945 4302 3912 4336 3945 4332 3941 4337 3946 4322 3859 4338 3947 4338 3947 4322 3859 4321 3931 4338 3947 4321 3931 4339 3948 4339 3948 4321 3931 4320 3930 4339 3948 4320 3930 4340 3949 4340 3949 4320 3930 4325 3934 4340 3949 4325 3934 4341 3950 4341 3950 4325 3934 4324 3933 4341 3950 4324 3933 4342 3951 4342 3951 4324 3933 4323 3932 4342 3951 4323 3932 4343 3952 4343 3952 4323 3932 4328 3937 4343 3952 4328 3937 4344 3953 4344 3953 4328 3937 4327 3936 4344 3953 4327 3936 4345 3954 4345 3954 4327 3936 4326 3935 4345 3954 4326 3935 4346 3955 4346 3955 4326 3935 4331 3940 4346 3955 4331 3940 4347 3956 4347 3956 4331 3940 4330 3939 4347 3956 4330 3939 4348 3957 4348 3957 4330 3939 4329 3938 4348 3957 4329 3938 4349 3958 4349 3958 4329 3938 4334 3943 4349 3958 4334 3943 4350 3959 4350 3959 4334 3943 4333 3942 4350 3959 4333 3942 4351 3960 4351 3960 4333 3942 4332 3941 4351 3960 4332 3941 4352 3961 4352 3961 4332 3941 4336 3945 4352 3961 4336 3945 4353 3962 4353 3962 4336 3945 4335 3944 4353 3962 4335 3944 4354 3963 4354 3963 4335 3944 4304 3914 4354 3963 4304 3914 4355 3964 4355 3964 4304 3914 4303 3913 4355 3964 4303 3913 4356 3965 4356 3965 4303 3913 4301 3911 4356 3965 4301 3911 4357 3966 4357 3966 4301 3911 4300 3910 4357 3966 4300 3910 4358 3967 4358 3967 4300 3910 4307 3917 4358 3967 4307 3917 4359 3968 4359 3968 4307 3917 4306 3916 4359 3968 4306 3916 4360 3969 4360 3969 4306 3916 4305 3915 4360 3969 4305 3915 4361 3970 4361 3970 4305 3915 4310 3920 4361 3970 4310 3920 4362 3971 4362 3971 4310 3920 4309 3919 4362 3971 4309 3919 4363 3972 4363 3972 4309 3919 4308 3918 4363 3972 4308 3918 4364 3973 4364 3973 4308 3918 4313 3923 4364 3973 4313 3923 4365 3974 4365 3974 4313 3923 4312 3922 4365 3974 4312 3922 4366 3975 4366 3975 4312 3922 4311 3921 4366 3975 4311 3921 4367 3976 4367 3976 4311 3921 4316 3926 4367 3976 4316 3926 4368 3977 4368 3977 4316 3926 4315 3925 4368 3977 4315 3925 4369 3978 4369 3978 4315 3925 4314 3924 4369 3978 4314 3924 4370 3979 4370 3979 4314 3924 4319 3929 4370 3979 4319 3929 4371 3980 4371 3980 4319 3929 4318 3928 4371 3980 4318 3928 4372 3981 4372 3981 4318 3928 4317 3927 4372 3981 4317 3927 4337 3946 4337 3946 4317 3927 4322 3859 4373 3910 4374 3911 4375 3982 4375 3982 4374 3911 4376 3913 4375 3982 4376 3913 4377 3983 4378 3984 4379 3985 4375 3982 4375 3982 4379 3985 4380 3986 4375 3982 4380 3986 4373 3910 4381 3918 4382 3919 4375 3982 4375 3982 4382 3919 4383 3920 4375 3982 4383 3920 4378 3984 4384 3921 4385 3922 4375 3982 4375 3982 4385 3922 4386 3923 4375 3982 4386 3923 4381 3918 4387 3987 4388 3988 4375 3982 4375 3982 4388 3988 4389 3926 4375 3982 4389 3926 4384 3921 4390 3927 4391 3928 4375 3982 4375 3982 4391 3928 4392 3989 4375 3982 4392 3989 4387 3987 4393 3990 4394 3991 4375 3982 4375 3982 4394 3991 4395 3859 4375 3982 4395 3859 4390 3927 4396 3932 4397 3933 4375 3982 4375 3982 4397 3933 4398 3992 4375 3982 4398 3992 4393 3990 4399 3935 4400 3993 4375 3982 4375 3982 4400 3993 4401 3994 4375 3982 4401 3994 4396 3932 4402 3995 4403 3996 4375 3982 4375 3982 4403 3996 4404 3940 4375 3982 4404 3940 4399 3935 4405 3941 4406 3942 4375 3982 4375 3982 4406 3942 4407 3943 4375 3982 4407 3943 4402 3995 4377 3983 4408 3997 4375 3982 4375 3982 4408 3997 4409 3998 4375 3982 4409 3998 4405 3941 4410 3999 4395 3859 4411 4000 4411 4000 4395 3859 4394 3991 4411 4000 4394 3991 4412 4001 4412 4001 4394 3991 4393 3990 4412 4001 4393 3990 4413 4002 4413 4002 4393 3990 4398 3992 4413 4002 4398 3992 4414 3950 4414 3950 4398 3992 4397 3933 4414 3950 4397 3933 4415 4003 4415 4003 4397 3933 4396 3932 4415 4003 4396 3932 4416 3952 4416 3952 4396 3932 4401 3994 4416 3952 4401 3994 4417 4004 4417 4004 4401 3994 4400 3993 4417 4004 4400 3993 4418 4005 4418 4005 4400 3993 4399 3935 4418 4005 4399 3935 4419 3955 4419 3955 4399 3935 4404 3940 4419 3955 4404 3940 4420 3956 4420 3956 4404 3940 4403 3996 4420 3956 4403 3996 4421 4006 4421 4006 4403 3996 4402 3995 4421 4006 4402 3995 4422 4007 4422 4007 4402 3995 4407 3943 4422 4007 4407 3943 4423 3959 4423 3959 4407 3943 4406 3942 4423 3959 4406 3942 4424 3960 4424 3960 4406 3942 4405 3941 4424 3960 4405 3941 4425 4008 4425 4008 4405 3941 4409 3998 4425 4008 4409 3998 4426 4009 4426 4009 4409 3998 4408 3997 4426 4009 4408 3997 4427 4010 4427 4010 4408 3997 4377 3983 4427 4010 4377 3983 4428 3964 4428 3964 4377 3983 4376 3913 4428 3964 4376 3913 4429 3965 4429 3965 4376 3913 4374 3911 4429 3965 4374 3911 4430 3966 4430 3966 4374 3911 4373 3910 4430 3966 4373 3910 4431 4011 4431 4011 4373 3910 4380 3986 4431 4011 4380 3986 4432 4012 4432 4012 4380 3986 4379 3985 4432 4012 4379 3985 4433 4013 4433 4013 4379 3985 4378 3984 4433 4013 4378 3984 4434 4014 4434 4014 4378 3984 4383 3920 4434 4014 4383 3920 4435 3971 4435 3971 4383 3920 4382 3919 4435 3971 4382 3919 4436 4015 4436 4015 4382 3919 4381 3918 4436 4015 4381 3918 4437 4016 4437 4016 4381 3918 4386 3923 4437 4016 4386 3923 4438 4017 4438 4017 4386 3923 4385 3922 4438 4017 4385 3922 4439 3975 4439 3975 4385 3922 4384 3921 4439 3975 4384 3921 4440 4018 4440 4018 4384 3921 4389 3926 4440 4018 4389 3926 4441 4019 4441 4019 4389 3926 4388 3988 4441 4019 4388 3988 4442 4020 4442 4020 4388 3988 4387 3987 4442 4020 4387 3987 4443 4021 4443 4021 4387 3987 4392 3989 4443 4021 4392 3989 4444 4022 4444 4022 4392 3989 4391 3928 4444 4022 4391 3928 4445 3981 4445 3981 4391 3928 4390 3927 4445 3981 4390 3927 4410 3999 4410 3999 4390 3927 4395 3859 2885 2559 3882 3492 4026 3636 2885 2559 4026 3636 2886 2560 2886 2560 4026 3636 4025 3635 2886 2560 4025 3635 2888 2562 2888 2562 4025 3635 4024 3634 2888 2562 4024 3634 2890 2564 2890 2564 4024 3634 4023 3633 2890 2564 4023 3633 2892 2566 2892 2566 4023 3633 4022 3632 2892 2566 4022 3632 2894 2568 2894 2568 4022 3632 4018 3628 2894 2568 4018 3628 2896 2570 2896 2570 4018 3628 4017 3627 2896 2570 4017 3627 2898 2572 2898 2572 4017 3627 4016 3626 2898 2572 4016 3626 2900 2574 2900 2574 4016 3626 4012 3622 2900 2574 4012 3622 2902 2576 2865 2539 2902 2576 4012 3622 4012 3622 4011 3621 2865 2539 2865 2539 4011 3621 3973 3583 2865 2539 3973 3583 3972 3582 4011 3621 4040 3650 4110 3720 4145 3755 4144 3754 4114 3724 4110 3720 4114 3724 4011 3621 4011 3621 4114 3724 4144 3754 4011 3621 4144 3754 3973 3583 3973 3583 4144 3754 4115 3725 3973 3583 4115 3725 3997 3607 4143 3753 4142 3752 4114 3724 4114 3724 4142 3752 4146 3756 4114 3724 4146 3756 4145 3755 4114 3724 4120 3730 4143 3753 4143 3753 4120 3730 4119 3729 4143 3753 4119 3729 4118 3728 4118 3728 4123 3733 4143 3753 4143 3753 4123 3733 4126 3736 4143 3753 4126 3736 4125 3735 4130 3740 4137 3747 4139 3749 4139 3749 4137 3747 4136 3746 4139 3749 4136 3746 4140 3750 4125 3735 4129 3739 4143 3753 4143 3753 4129 3739 4128 3738 4143 3753 4128 3738 4139 3749 4139 3749 4128 3738 4127 3737 4139 3749 4127 3737 4130 3740 2865 2539 3972 3582 3984 3594 2865 2539 3984 3594 4446 4023 4446 4023 3984 3594 3983 3593 4446 4023 3983 3593 4447 4024 4447 4024 3983 3593 3979 3589 4447 4024 3979 3589 4448 4025 4448 4025 3979 3589 3978 3588 4448 4025 3978 3588 4449 4026 4449 4026 3978 3588 3994 3604 4449 4026 3994 3604 4450 4027 4450 4027 3994 3604 3993 3603 4450 4027 3993 3603 4451 4028 4451 4028 3993 3603 3991 3601 4451 4028 3991 3601 4452 4029 4452 4029 3991 3601 3990 3600 4452 4029 3990 3600 4453 4030 4453 4030 3990 3600 3989 3599 4453 4030 3989 3599 4454 4031 4454 4031 3989 3599 3977 3587 4454 4031 3977 3587 2882 2556 3928 3538 3872 3482 2847 2521 2847 2521 2882 2556 3976 3586 3976 3586 2882 2556 3977 3587 4148 3758 3950 3560 3928 3538 2847 2521 3976 3586 3928 3538 3928 3538 3976 3586 4179 3789 3928 3538 4179 3789 4148 3758 3998 3608 4079 3689 3976 3586 3976 3586 4079 3689 4083 3693 4154 3764 4153 3763 4088 3698 4088 3698 4153 3763 4152 3762 4208 3818 4187 3797 4186 3796 4187 3797 4208 3818 4083 3693 4083 3693 4208 3818 4207 3817 4083 3693 4207 3817 4210 3820 4152 3762 4157 3767 4088 3698 4088 3698 4157 3767 4160 3770 4088 3698 4160 3770 4159 3769 4159 3769 4163 3773 4088 3698 4088 3698 4163 3773 4162 3772 4088 3698 4162 3772 4161 3771 4194 3804 4186 3796 4195 3805 4195 3805 4186 3796 4185 3795 4195 3805 4185 3795 4190 3800 4194 3804 4197 3807 4186 3796 4186 3796 4197 3807 4202 3812 4186 3796 4202 3812 4201 3811 4190 3800 4193 3803 4195 3805 4195 3805 4193 3803 4192 3802 4195 3805 4192 3802 4196 3806 4201 3811 4205 3815 4186 3796 4186 3796 4205 3815 4204 3814 4186 3796 4204 3814 4208 3818 4161 3771 4164 3774 4088 3698 4088 3698 4164 3774 4172 3782 4088 3698 4172 3782 4171 3781 4171 3781 4175 3785 4088 3698 4088 3698 4175 3785 4174 3784 4088 3698 4174 3784 4178 3788 4178 3788 4177 3787 4088 3698 4088 3698 4177 3787 4181 3791 4088 3698 4181 3791 4180 3790 4180 3790 4179 3789 4088 3698 4088 3698 4179 3789 3976 3586 4088 3698 3976 3586 4089 3699 4089 3699 3976 3586 4083 3693 4089 3699 4083 3693 4209 3819 4209 3819 4083 3693 4210 3820 2885 2559 2882 2556 2920 2594 2920 2594 2882 2556 2847 2521 4447 4024 4448 4025 4454 4031 2847 2521 2842 2516 2920 2594 2920 2594 2842 2516 2843 2517 2885 2559 2902 2576 2882 2556 2882 2556 2902 2576 2865 2539 2882 2556 2865 2539 4454 4031 4454 4031 2865 2539 4446 4023 4454 4031 4446 4023 4447 4024 4450 4027 4451 4028 4452 4029 2910 2584 2912 2586 2914 2588 4448 4025 4449 4026 4454 4031 4454 4031 4449 4026 4450 4027 4454 4031 4450 4027 4453 4030 4453 4030 4450 4027 4452 4029 2914 2588 2916 2590 2910 2584 2910 2584 2916 2590 2918 2592 4455 4032 4456 4033 4457 4034 4457 4034 4456 4033 4458 4035 4457 4034 4458 4035 4459 4036 4460 4037 4461 4038 4457 4034 4457 4034 4461 4038 4462 4039 4457 4034 4462 4039 4455 4032 4463 4040 4464 4041 4457 4034 4457 4034 4464 4041 4465 4042 4457 4034 4465 4042 4460 4037 4466 4043 4467 4044 4457 4034 4457 4034 4467 4044 4468 4045 4457 4034 4468 4045 4463 4040 4469 4046 4470 4047 4457 4034 4457 4034 4470 4047 4471 4048 4457 4034 4471 4048 4466 4043 4472 4049 4473 4050 4457 4034 4457 4034 4473 4050 4474 4051 4457 4034 4474 4051 4469 4046 4475 4052 4476 4053 4457 4034 4457 4034 4476 4053 4477 4054 4457 4034 4477 4054 4472 4049 4478 4055 4479 4056 4457 4034 4457 4034 4479 4056 4480 4057 4457 4034 4480 4057 4475 4052 4481 4058 4482 4059 4457 4034 4457 4034 4482 4059 4483 4060 4457 4034 4483 4060 4478 4055 4484 4061 4485 4062 4457 4034 4457 4034 4485 4062 4486 4063 4457 4034 4486 4063 4481 4058 4487 4064 4488 4065 4457 4034 4457 4034 4488 4065 4489 4066 4457 4034 4489 4066 4484 4061 4459 4036 4490 4067 4457 4034 4457 4034 4490 4067 4491 4068 4457 4034 4491 4068 4487 4064 4219 3829 4220 3830 4492 4069 3995 3605 3996 3606 4147 3757 4493 4070 4034 3644 4035 3645 4035 3645 4036 3646 4493 4070 4493 4070 4036 3646 4037 3647 4493 4070 4037 3647 4226 3836 4226 3836 4037 3647 4038 3648 4226 3836 4038 3648 4039 3649 4494 4071 4032 3642 4493 4070 4493 4070 4032 3642 4033 3643 4493 4070 4033 3643 4034 3644 4041 3651 4029 3639 4111 3721 4111 3721 4029 3639 4030 3640 4111 3721 4030 3640 4494 4071 4494 4071 4030 3640 4031 3641 4494 4071 4031 3641 4032 3642 4495 4072 4496 4073 4133 3743 4133 3743 4496 4073 4497 4074 4133 3743 4497 4074 4498 4075 4499 4076 4500 4077 4147 3757 4501 4078 4502 4079 4494 4071 4498 4075 4503 4080 4133 3743 4133 3743 4503 4080 4504 4081 4133 3743 4504 4081 4147 3757 4147 3757 4504 4081 4505 4082 4147 3757 4505 4082 4499 4076 4506 4083 4507 4084 4112 3722 4495 4072 4127 3737 4508 4085 4508 4085 4127 3737 4124 3734 4508 4085 4124 3734 4509 4086 4500 4077 4510 4087 4147 3757 4147 3757 4510 4087 4511 4088 4147 3757 4511 4088 4512 4089 4512 4089 4511 4088 4513 4090 4512 4089 4513 4090 4514 4091 4514 4091 4515 4092 4512 4089 4512 4089 4515 4092 4516 4093 4512 4089 4516 4093 4517 4094 4124 3734 4122 3732 4509 4086 4509 4086 4122 3732 4121 3731 4509 4086 4121 3731 4518 4095 4518 4095 4121 3731 4116 3726 4518 4095 4116 3726 4519 4096 4519 4096 4116 3726 4117 3727 4519 4096 4117 3727 4520 4097 4520 4097 4117 3727 4112 3722 4520 4097 4112 3722 4521 4098 4521 4098 4112 3722 4507 4084 4517 4094 4522 4099 4512 4089 4512 4089 4522 4099 4523 4100 4512 4089 4523 4100 4494 4071 4494 4071 4523 4100 4524 4101 4494 4071 4524 4101 4501 4078 4502 4079 4525 4102 4494 4071 4494 4071 4525 4102 4526 4103 4494 4071 4526 4103 4527 4104 4527 4104 4528 4105 4494 4071 4494 4071 4528 4105 4529 4106 4494 4071 4529 4106 4111 3721 4111 3721 4529 4106 4530 4107 4111 3721 4530 4107 4112 3722 4112 3722 4530 4107 4531 4108 4112 3722 4531 4108 4506 4083 4133 3743 4132 3742 4495 4072 4495 4072 4132 3742 4141 3751 4495 4072 4141 3751 4138 3748 4138 3748 4135 3745 4495 4072 4495 4072 4135 3745 4131 3741 4495 4072 4131 3741 4127 3737 4512 4089 4532 4109 4005 3615 4005 3615 4006 3616 4512 4089 4512 4089 4006 3616 4007 3617 4512 4089 4007 3617 4147 3757 4147 3757 4007 3617 4008 3618 4147 3757 4008 3618 3995 3605 4001 3611 4002 3612 4532 4109 4002 3612 4003 3613 4532 4109 4532 4109 4003 3613 4004 3614 4532 4109 4004 3614 4005 3615 4001 3611 4532 4109 4000 3610 4000 3610 4532 4109 4080 3690 4000 3610 4080 3690 3999 3609 4533 4110 4534 4111 4091 3701 4534 4111 4535 4112 4091 3701 4091 3701 4535 4112 4536 4113 4091 3701 4536 4113 4087 3697 4537 4114 4538 4115 4081 3691 4081 3691 4538 4115 4539 4116 4081 3691 4539 4116 4540 4117 4536 4113 4541 4118 4087 3697 4087 3697 4541 4118 4542 4119 4087 3697 4542 4119 4543 4120 4544 4121 4545 4122 4546 4123 4546 4123 4545 4122 4547 4124 4546 4123 4547 4124 4548 4125 4548 4125 4549 4126 4546 4123 4546 4123 4549 4126 4550 4127 4546 4123 4550 4127 4551 4128 4551 4128 4552 4129 4532 4109 4532 4109 4552 4129 4553 4130 4532 4109 4553 4130 4554 4131 4554 4131 4555 4132 4532 4109 4532 4109 4555 4132 4556 4133 4532 4109 4556 4133 4557 4134 4558 4135 4559 4136 4546 4123 4546 4123 4559 4136 4560 4137 4546 4123 4560 4137 4544 4121 4557 4134 4561 4138 4532 4109 4532 4109 4561 4138 4562 4139 4532 4109 4562 4139 4080 3690 4080 3690 4562 4139 4563 4140 4080 3690 4563 4140 4564 4141 4564 4141 4565 4142 4080 3690 4080 3690 4565 4142 4566 4143 4080 3690 4566 4143 4081 3691 4081 3691 4566 4143 4567 4144 4081 3691 4567 4144 4537 4114 4568 4145 4198 3808 4569 4146 4569 4146 4198 3808 4194 3804 4569 4146 4194 3804 4540 4117 4194 3804 4191 3801 4540 4117 4540 4117 4191 3801 4189 3799 4540 4117 4189 3799 4188 3798 4533 4110 4091 3701 4568 4145 4568 4145 4091 3701 4199 3809 4568 4145 4199 3809 4206 3816 4188 3798 4183 3793 4540 4117 4540 4117 4183 3793 4184 3794 4540 4117 4184 3794 4081 3691 4206 3816 4203 3813 4568 4145 4568 4145 4203 3813 4200 3810 4568 4145 4200 3810 4198 3808 4543 4120 4558 4135 4087 3697 4087 3697 4558 4135 4546 4123 4087 3697 4546 4123 4086 3696 4570 4147 4571 4148 4151 3761 4570 4147 4151 3761 4572 4149 4182 3792 4167 3777 4573 4150 4084 3694 4574 4151 4151 3761 4151 3761 4574 4151 4575 4152 4151 3761 4575 4152 4572 4149 4576 4153 4577 4154 4578 4155 4578 4155 4577 4154 4579 4156 4166 3776 4580 4157 4581 4158 4573 4150 4582 4159 4182 3792 4182 3792 4582 4159 4583 4160 4182 3792 4583 4160 4584 4161 4585 4162 4586 4163 4584 4161 4579 4156 4587 4164 4578 4155 4578 4155 4587 4164 4588 4165 4578 4155 4588 4165 4589 4166 4086 3696 4590 4167 4084 3694 4084 3694 4590 4167 4591 4168 4084 3694 4591 4168 4574 4151 4581 4158 4592 4169 4166 3776 4166 3776 4592 4169 4593 4170 4166 3776 4593 4170 4167 3777 4167 3777 4593 4170 4594 4171 4167 3777 4594 4171 4573 4150 4586 4163 4595 4172 4584 4161 4584 4161 4595 4172 4596 4173 4584 4161 4596 4173 4578 4155 4578 4155 4596 4173 4597 4174 4578 4155 4597 4174 4576 4153 4589 4166 4598 4175 4578 4155 4578 4155 4598 4175 4599 4176 4578 4155 4599 4176 4086 3696 4086 3696 4599 4176 4600 4177 4086 3696 4600 4177 4590 4167 4583 4160 4601 4178 4584 4161 4584 4161 4601 4178 4602 4179 4584 4161 4602 4179 4603 4180 4603 4180 4604 4181 4584 4161 4584 4161 4604 4181 4605 4182 4584 4161 4605 4182 4585 4162 4169 3779 4151 3761 4166 3776 4166 3776 4151 3761 4571 4148 4166 3776 4571 4148 4580 4157 4165 3775 4161 3771 4169 3779 4165 3775 4169 3779 4170 3780 4170 3780 4169 3779 4176 3786 4170 3780 4176 3786 4173 3783 4161 3771 4158 3768 4169 3779 4169 3779 4158 3768 4156 3766 4169 3779 4156 3766 4155 3765 4155 3765 4149 3759 4169 3779 4169 3779 4149 3759 4150 3760 4169 3779 4150 3760 4151 3761 3944 3554 3945 3555 4584 4161 4584 4161 3945 3555 3946 3556 3949 3559 4182 3792 3948 3558 3948 3558 4182 3792 4584 4161 3948 3558 4584 4161 3947 3557 3947 3557 4584 4161 3946 3556 3869 3479 3939 3549 3836 3447 3939 3549 3940 3550 3836 3447 3836 3447 3940 3550 3941 3551 3836 3447 3941 3551 3838 3449 3838 3449 3941 3551 3942 3552 3838 3449 3942 3552 3840 3451 3840 3451 3942 3552 3943 3553 3840 3451 3943 3553 3842 3453 3944 3554 4584 4161 3943 3553 3943 3553 4584 4161 3844 3455 3943 3553 3844 3455 3842 3453 3961 3571 3867 580 3866 3477 3810 3421 4492 4069 3812 3423 3812 3423 4492 4069 3968 3578 3812 3423 3968 3578 3814 3425 3820 3431 3970 3580 3971 3581 3970 3580 3820 3431 3969 3579 3969 3579 3820 3431 3818 3429 3969 3579 3818 3429 3968 3578 3968 3578 3818 3429 3816 3427 3968 3578 3816 3427 3814 3425 3964 3574 3965 3575 4492 4069 3965 3575 3966 3576 4492 4069 4492 4069 3966 3576 3967 3577 4492 4069 3967 3577 3968 3578 4220 3830 3962 3572 4492 4069 4492 4069 3962 3572 3963 3573 4492 4069 3963 3573 3964 3574 4606 4183 4607 4184 4608 4185 4608 4185 4607 4184 4609 4186 4102 3712 4094 3704 4610 4187 4611 4188 4612 4189 4613 4190 4613 4190 4612 4189 4614 4191 4615 4192 4616 4193 4214 3824 4214 3824 4616 4193 4617 4194 4214 3824 4617 4194 4618 4195 4609 4186 4619 4196 4608 4185 4608 4185 4619 4196 4620 4197 4608 4185 4620 4197 4621 4198 4621 4198 4622 4199 4608 4185 4608 4185 4622 4199 4623 4200 4608 4185 4623 4200 4624 4201 4219 3829 4625 4202 4626 4203 4610 4187 4627 4204 4102 3712 4102 3712 4627 4204 4628 4205 4102 3712 4628 4205 4612 4189 4612 4189 4628 4205 4629 4206 4630 4207 4631 4208 4093 3703 4093 3703 4631 4208 4632 4209 4093 3703 4632 4209 4094 3704 4094 3704 4632 4209 4633 4210 4094 3704 4633 4210 4610 4187 4219 3829 4626 4203 4215 3825 4629 4206 4634 4211 4612 4189 4612 4189 4634 4211 4635 4212 4612 4189 4635 4212 4636 4213 4636 4213 4637 4214 4612 4189 4612 4189 4637 4214 4638 4215 4612 4189 4638 4215 4614 4191 4626 4203 4639 4216 4215 3825 4215 3825 4639 4216 4640 4217 4215 3825 4640 4217 4214 3824 4214 3824 4640 4217 4641 4218 4214 3824 4641 4218 4615 4192 4211 3821 4212 3822 4096 3706 4096 3706 4212 3822 4214 3824 4096 3706 4214 3824 4093 3703 4093 3703 4214 3824 4618 4195 4093 3703 4618 4195 4630 4207 4092 3702 3908 3518 4096 3706 4096 3706 3908 3518 4218 3828 4092 3702 4096 3706 4097 3707 4097 3707 4096 3706 4099 3709 4097 3707 4099 3709 4098 3708 4218 3828 4217 3827 4096 3706 4096 3706 4217 3827 4216 3826 4096 3706 4216 3826 4211 3821 4642 4219 4643 4220 4100 3710 4644 4221 4645 4222 4105 3715 4646 4223 4647 4224 4612 4189 4612 4189 4647 4224 4648 4225 4645 4222 4649 4226 4105 3715 4105 3715 4649 4226 4650 4227 4105 3715 4650 4227 4226 3836 4226 3836 4650 4227 4651 4228 4226 3836 4651 4228 4652 4229 4493 4070 4653 4230 4654 4231 4654 4231 4655 4232 4493 4070 4493 4070 4655 4232 4656 4233 4493 4070 4656 4233 4657 4234 4658 4235 4659 4236 4102 3712 4102 3712 4659 4236 4660 4237 4102 3712 4660 4237 4100 3710 4100 3710 4660 4237 4661 4238 4100 3710 4661 4238 4642 4219 4652 4229 4662 4239 4226 3836 4226 3836 4662 4239 4663 4240 4226 3836 4663 4240 4493 4070 4493 4070 4663 4240 4664 4241 4493 4070 4664 4241 4653 4230 4665 4242 4666 4243 4612 4189 4612 4189 4666 4243 4667 4244 4612 4189 4667 4244 4646 4223 4648 4225 4668 4245 4612 4189 4612 4189 4668 4245 4669 4246 4612 4189 4669 4246 4102 3712 4102 3712 4669 4246 4670 4247 4102 3712 4670 4247 4658 4235 4657 4234 4671 4248 4493 4070 4493 4070 4671 4248 4672 4249 4493 4070 4672 4249 4673 4250 4643 4220 4674 4251 4100 3710 4100 3710 4674 4251 4675 4252 4100 3710 4675 4252 4222 3832 4109 3719 4108 3718 4676 4253 4644 4221 4105 3715 4676 4253 4676 4253 4105 3715 4104 3714 4676 4253 4104 3714 4109 3719 4108 3718 4107 3717 4676 4253 4676 4253 4107 3717 4103 3713 4676 4253 4103 3713 4677 4254 4677 4254 4103 3713 3907 3517 4677 4254 3907 3517 4675 4252 4675 4252 3907 3517 4225 3835 4675 4252 4225 3835 4224 3834 4224 3834 4223 3833 4675 4252 4675 4252 4223 3833 4221 3831 4675 4252 4221 3831 4222 3832 3869 3479 3836 3447 3870 3480 3870 3480 3836 3447 3834 3445 3870 3480 3834 3445 3832 3443 3971 3581 3961 3571 3820 3431 3820 3431 3961 3571 3866 3477 3820 3431 3866 3477 3822 3433 3822 3433 3866 3477 3824 3435 3832 3443 3830 3441 3870 3480 3870 3480 3830 3441 3828 3439 3870 3480 3828 3439 3866 3477 3866 3477 3828 3439 3826 3437 3866 3477 3826 3437 3824 3435 3852 3463 3850 3461 4578 4155 4578 4155 3850 3461 3848 3459 4578 4155 3848 3459 4584 4161 4584 4161 3848 3459 3846 3457 4584 4161 3846 3457 3844 3455 3798 3409 3796 3407 4678 4255 3860 3471 3858 3469 4679 4256 4679 4256 3858 3469 3856 3467 4679 4256 3856 3467 4578 4155 4578 4155 3856 3467 3854 3465 4578 4155 3854 3465 3852 3463 3796 3407 3794 3405 4678 4255 4678 4255 3794 3405 3864 3475 4678 4255 3864 3475 4679 4256 4679 4256 3864 3475 3862 3473 4679 4256 3862 3473 3860 3471 3808 3419 3806 3417 4608 4185 3810 3421 3808 3419 4492 4069 4492 4069 3808 3419 4608 4185 4492 4069 4608 4185 4219 3829 4219 3829 4608 4185 4624 4201 4219 3829 4624 4201 4625 4202 3806 3417 3804 3415 4608 4185 4608 4185 3804 3415 3802 3413 4608 4185 3802 3413 4678 4255 4678 4255 3802 3413 3800 3411 4678 4255 3800 3411 3798 3409 4551 4128 4532 4109 4546 4123 4546 4123 4532 4109 4512 4089 4546 4123 4512 4089 4680 4257 4680 4257 4512 4089 4494 4071 4680 4257 4494 4071 4681 4257 4681 4257 4494 4071 4493 4070 4681 4257 4493 4070 4612 4189 4612 4189 4493 4070 4673 4250 4612 4189 4673 4250 4665 4242 4086 3696 4546 4123 4578 4155 4578 4155 4546 4123 4680 4257 4578 4155 4680 4257 4679 4256 4679 4256 4680 4257 4681 4257 4679 4256 4681 4257 4678 4255 4678 4255 4681 4257 4612 4189 4678 4255 4612 4189 4608 4185 4608 4185 4612 4189 4611 4188 4608 4185 4611 4188 4606 4183 4682 4258 4683 4259 4684 4260 4684 4260 4683 4259 4685 4261 4684 4260 4685 4261 4686 4262 4687 4263 4688 4264 4689 4265 4689 4265 4688 4264 4690 4266 4689 4265 4690 4266 4691 4267 4691 4267 4690 4266 4692 4268 4691 4267 4692 4268 4693 4269 4693 4269 4692 4268 4694 4270 4693 4269 4694 4270 4695 4271 4695 4271 4694 4270 4696 4272 4695 4271 4696 4272 4697 4273 4697 4273 4696 4272 4698 4274 4697 4273 4698 4274 4699 4275 4699 4275 4698 4274 4700 4276 4699 4275 4700 4276 4701 4277 4701 4277 4700 4276 4702 4278 4701 4277 4702 4278 4703 4279 4703 4279 4702 4278 4704 4280 4703 4279 4704 4280 4705 4281 4705 4281 4704 4280 4706 4282 4705 4281 4706 4282 4707 4283 4707 4283 4706 4282 4708 4284 4707 4283 4708 4284 4709 4285 4709 4285 4708 4284 4710 4286 4709 4285 4710 4286 4711 4287 4711 4287 4710 4286 4712 4288 4711 4287 4712 4288 4713 4289 4713 4289 4712 4288 4714 4290 4713 4289 4714 4290 4715 4291 4715 4291 4714 4290 4716 4292 4715 4291 4716 4292 4717 4293 4717 4293 4716 4292 4718 4294 4717 4293 4718 4294 4719 4295 4719 4295 4718 4294 4720 4296 4719 4295 4720 4296 4721 4297 4721 4297 4720 4296 4686 4262 4721 4297 4686 4262 4722 4298 4722 4298 4686 4262 4685 4261 4682 4258 4684 4260 4723 4299 4723 4299 4684 4260 4724 4300 4723 4299 4724 4300 4725 4301 4725 4301 4724 4300 4726 4302 4725 4301 4726 4302 4727 4303 4727 4303 4726 4302 4728 4304 4727 4303 4728 4304 4729 4305 4729 4305 4728 4304 4730 4306 4729 4305 4730 4306 4731 4307 4731 4307 4730 4306 4732 4308 4731 4307 4732 4308 4733 4309 4733 4309 4732 4308 4734 4310 4733 4309 4734 4310 4735 4311 4735 4311 4734 4310 4736 4312 4735 4311 4736 4312 4737 4313 4737 4313 4736 4312 4738 4314 4737 4313 4738 4314 4739 4315 4739 4315 4738 4314 4740 4316 4739 4315 4740 4316 4741 4317 4741 4317 4740 4316 4742 4318 4741 4317 4742 4318 4743 4319 4743 4319 4742 4318 4744 4320 4743 4319 4744 4320 4745 4321 4745 4321 4744 4320 4746 4322 4745 4321 4746 4322 4747 4323 4747 4323 4746 4322 4748 4324 4747 4323 4748 4324 4749 4325 4749 4325 4748 4324 4750 4326 4749 4325 4750 4326 4687 4263 4687 4263 4750 4326 4751 4327 4687 4263 4751 4327 4688 4264 4618 4195 4686 4262 4630 4207 4630 4207 4686 4262 4720 4296 4630 4207 4720 4296 4631 4208 4631 4208 4720 4296 4718 4294 4631 4208 4718 4294 4632 4209 4632 4209 4718 4294 4716 4292 4632 4209 4716 4292 4633 4210 4633 4210 4716 4292 4714 4290 4633 4210 4714 4290 4610 4187 4610 4187 4714 4290 4712 4288 4610 4187 4712 4288 4627 4204 4627 4204 4712 4288 4710 4286 4627 4204 4710 4286 4628 4205 4628 4205 4710 4286 4708 4284 4628 4205 4708 4284 4629 4206 4629 4206 4708 4284 4706 4282 4629 4206 4706 4282 4634 4211 4634 4211 4706 4282 4704 4280 4634 4211 4704 4280 4635 4212 4635 4212 4704 4280 4702 4278 4635 4212 4702 4278 4636 4213 4636 4213 4702 4278 4700 4276 4636 4213 4700 4276 4637 4214 4637 4214 4700 4276 4698 4274 4637 4214 4698 4274 4638 4215 4638 4215 4698 4274 4696 4272 4638 4215 4696 4272 4614 4191 4614 4191 4696 4272 4694 4270 4614 4191 4694 4270 4613 4190 4613 4190 4694 4270 4692 4268 4613 4190 4692 4268 4611 4188 4611 4188 4692 4268 4690 4266 4611 4188 4690 4266 4606 4183 4606 4183 4690 4266 4688 4264 4606 4183 4688 4264 4607 4184 4607 4184 4688 4264 4751 4327 4607 4184 4751 4327 4609 4186 4609 4186 4751 4327 4750 4326 4609 4186 4750 4326 4619 4196 4619 4196 4750 4326 4748 4324 4619 4196 4748 4324 4620 4197 4620 4197 4748 4324 4746 4322 4620 4197 4746 4322 4621 4198 4621 4198 4746 4322 4744 4320 4621 4198 4744 4320 4622 4199 4622 4199 4744 4320 4742 4318 4622 4199 4742 4318 4623 4200 4623 4200 4742 4318 4740 4316 4623 4200 4740 4316 4624 4201 4624 4201 4740 4316 4738 4314 4624 4201 4738 4314 4625 4202 4625 4202 4738 4314 4736 4312 4625 4202 4736 4312 4626 4203 4626 4203 4736 4312 4734 4310 4626 4203 4734 4310 4639 4216 4639 4216 4734 4310 4732 4308 4639 4216 4732 4308 4640 4217 4640 4217 4732 4308 4730 4306 4640 4217 4730 4306 4641 4218 4641 4218 4730 4306 4728 4304 4641 4218 4728 4304 4615 4192 4615 4192 4728 4304 4726 4302 4615 4192 4726 4302 4616 4193 4616 4193 4726 4302 4724 4300 4616 4193 4724 4300 4617 4194 4617 4194 4724 4300 4684 4260 4684 4260 4686 4262 4617 4194 4617 4194 4686 4262 4618 4195 4707 4283 4476 4053 4705 4281 4705 4281 4476 4053 4475 4052 4705 4281 4475 4052 4703 4279 4703 4279 4475 4052 4480 4057 4703 4279 4480 4057 4701 4277 4701 4277 4480 4057 4479 4056 4701 4277 4479 4056 4699 4275 4699 4275 4479 4056 4478 4055 4699 4275 4478 4055 4697 4273 4697 4273 4478 4055 4483 4060 4697 4273 4483 4060 4695 4271 4695 4271 4483 4060 4482 4059 4695 4271 4482 4059 4693 4269 4693 4269 4482 4059 4481 4058 4693 4269 4481 4058 4691 4267 4691 4267 4481 4058 4486 4063 4691 4267 4486 4063 4689 4265 4689 4265 4486 4063 4485 4062 4689 4265 4485 4062 4687 4263 4687 4263 4485 4062 4484 4061 4687 4263 4484 4061 4749 4325 4749 4325 4484 4061 4489 4066 4749 4325 4489 4066 4747 4323 4747 4323 4489 4066 4488 4065 4747 4323 4488 4065 4745 4321 4745 4321 4488 4065 4487 4064 4745 4321 4487 4064 4743 4319 4743 4319 4487 4064 4491 4068 4743 4319 4491 4068 4741 4317 4741 4317 4491 4068 4490 4067 4741 4317 4490 4067 4739 4315 4739 4315 4490 4067 4459 4036 4739 4315 4459 4036 4737 4313 4737 4313 4459 4036 4458 4035 4737 4313 4458 4035 4735 4311 4735 4311 4458 4035 4456 4033 4735 4311 4456 4033 4733 4309 4733 4309 4456 4033 4455 4032 4733 4309 4455 4032 4731 4307 4731 4307 4455 4032 4462 4039 4731 4307 4462 4039 4729 4305 4729 4305 4462 4039 4461 4038 4729 4305 4461 4038 4727 4303 4727 4303 4461 4038 4460 4037 4727 4303 4460 4037 4725 4301 4725 4301 4460 4037 4465 4042 4725 4301 4465 4042 4723 4299 4723 4299 4465 4042 4464 4041 4723 4299 4464 4041 4682 4258 4682 4258 4464 4041 4463 4040 4682 4258 4463 4040 4683 4259 4683 4259 4463 4040 4468 4045 4683 4259 4468 4045 4685 4261 4685 4261 4468 4045 4467 4044 4685 4261 4467 4044 4722 4298 4722 4298 4467 4044 4466 4043 4722 4298 4466 4043 4721 4297 4721 4297 4466 4043 4471 4048 4721 4297 4471 4048 4719 4295 4719 4295 4471 4048 4470 4047 4719 4295 4470 4047 4717 4293 4717 4293 4470 4047 4469 4046 4717 4293 4469 4046 4715 4291 4715 4291 4469 4046 4474 4051 4715 4291 4474 4051 4713 4289 4713 4289 4474 4051 4473 4050 4713 4289 4473 4050 4711 4287 4711 4287 4473 4050 4472 4049 4711 4287 4472 4049 4709 4285 4709 4285 4472 4049 4477 4054 4709 4285 4477 4054 4707 4283 4707 4283 4477 4054 4476 4053 4752 4328 4753 4329 4754 4330 4754 4330 4753 4329 4755 4331 4754 4330 4755 4331 4756 4332 4752 4328 4754 4330 4757 4333 4757 4333 4754 4330 4758 4334 4757 4333 4758 4334 4759 4335 4759 4335 4758 4334 4760 4336 4759 4335 4760 4336 4761 4337 4761 4337 4760 4336 4762 4338 4761 4337 4762 4338 4763 4339 4763 4339 4762 4338 4764 4340 4763 4339 4764 4340 4765 4341 4765 4341 4764 4340 4766 4342 4765 4341 4766 4342 4767 4343 4767 4343 4766 4342 4768 4344 4767 4343 4768 4344 4769 4345 4769 4345 4768 4344 4770 4346 4769 4345 4770 4346 4771 4347 4771 4347 4770 4346 4772 4348 4771 4347 4772 4348 4773 4349 4773 4349 4772 4348 4774 4350 4773 4349 4774 4350 4775 4351 4775 4351 4774 4350 4776 4352 4775 4351 4776 4352 4777 4353 4777 4353 4776 4352 4778 4354 4777 4353 4778 4354 4779 4355 4779 4355 4778 4354 4780 4356 4779 4355 4780 4356 4781 4357 4781 4357 4780 4356 4782 4358 4781 4357 4782 4358 4783 4359 4783 4359 4782 4358 4784 4360 4783 4359 4784 4360 4785 4361 4755 4331 4786 4362 4756 4332 4756 4332 4786 4362 4787 4363 4756 4332 4787 4363 4788 4364 4788 4364 4787 4363 4789 4365 4788 4364 4789 4365 4790 4366 4790 4366 4789 4365 4791 4367 4790 4366 4791 4367 4792 4368 4792 4368 4791 4367 4793 4369 4792 4368 4793 4369 4794 4370 4794 4370 4793 4369 4795 4371 4794 4370 4795 4371 4796 4372 4796 4372 4795 4371 4797 4373 4796 4372 4797 4373 4798 4374 4798 4374 4797 4373 4799 4375 4798 4374 4799 4375 4800 4376 4800 4376 4799 4375 4801 4377 4800 4376 4801 4377 4802 4378 4802 4378 4801 4377 4803 4379 4802 4378 4803 4379 4804 4380 4804 4380 4803 4379 4805 4381 4804 4380 4805 4381 4806 4382 4806 4382 4805 4381 4807 4383 4806 4382 4807 4383 4808 4384 4808 4384 4807 4383 4809 4385 4808 4384 4809 4385 4810 4386 4810 4386 4809 4385 4811 4387 4810 4386 4811 4387 4812 4388 4812 4388 4811 4387 4813 4389 4812 4388 4813 4389 4814 4390 4814 4390 4813 4389 4815 4391 4814 4390 4815 4391 4816 4392 4816 4392 4815 4391 4817 4393 4816 4392 4817 4393 4818 4394 4818 4394 4817 4393 4819 4395 4818 4394 4819 4395 4820 4396 4820 4396 4819 4395 4785 4361 4820 4396 4785 4361 4821 4397 4821 4397 4785 4361 4784 4360 4580 4157 4756 4332 4581 4158 4581 4158 4756 4332 4788 4364 4581 4158 4788 4364 4592 4169 4592 4169 4788 4364 4790 4366 4592 4169 4790 4366 4593 4170 4593 4170 4790 4366 4792 4368 4593 4170 4792 4368 4594 4171 4594 4171 4792 4368 4794 4370 4594 4171 4794 4370 4573 4150 4573 4150 4794 4370 4796 4372 4573 4150 4796 4372 4582 4159 4582 4159 4796 4372 4798 4374 4582 4159 4798 4374 4583 4160 4583 4160 4798 4374 4800 4376 4583 4160 4800 4376 4601 4178 4601 4178 4800 4376 4802 4378 4601 4178 4802 4378 4602 4179 4602 4179 4802 4378 4804 4380 4602 4179 4804 4380 4603 4180 4603 4180 4804 4380 4806 4382 4603 4180 4806 4382 4604 4181 4604 4181 4806 4382 4808 4384 4604 4181 4808 4384 4605 4182 4605 4182 4808 4384 4810 4386 4605 4182 4810 4386 4585 4162 4585 4162 4810 4386 4812 4388 4585 4162 4812 4388 4586 4163 4586 4163 4812 4388 4814 4390 4586 4163 4814 4390 4595 4172 4595 4172 4814 4390 4816 4392 4595 4172 4816 4392 4596 4173 4596 4173 4816 4392 4818 4394 4596 4173 4818 4394 4597 4174 4597 4174 4818 4394 4820 4396 4597 4174 4820 4396 4576 4153 4576 4153 4820 4396 4821 4397 4576 4153 4821 4397 4577 4154 4577 4154 4821 4397 4784 4360 4577 4154 4784 4360 4579 4156 4579 4156 4784 4360 4782 4358 4579 4156 4782 4358 4587 4164 4587 4164 4782 4358 4780 4356 4587 4164 4780 4356 4588 4165 4588 4165 4780 4356 4778 4354 4588 4165 4778 4354 4589 4166 4589 4166 4778 4354 4776 4352 4589 4166 4776 4352 4598 4175 4598 4175 4776 4352 4774 4350 4598 4175 4774 4350 4599 4176 4599 4176 4774 4350 4772 4348 4599 4176 4772 4348 4600 4177 4600 4177 4772 4348 4770 4346 4600 4177 4770 4346 4590 4167 4590 4167 4770 4346 4768 4344 4590 4167 4768 4344 4591 4168 4591 4168 4768 4344 4766 4342 4591 4168 4766 4342 4574 4151 4574 4151 4766 4342 4764 4340 4574 4151 4764 4340 4575 4152 4575 4152 4764 4340 4762 4338 4575 4152 4762 4338 4572 4149 4572 4149 4762 4338 4760 4336 4572 4149 4760 4336 4570 4147 4570 4147 4760 4336 4758 4334 4570 4147 4758 4334 4571 4148 4571 4148 4758 4334 4754 4330 4754 4330 4756 4332 4571 4148 4571 4148 4756 4332 4580 4157 4769 4345 4063 3673 4767 4343 4767 4343 4063 3673 4062 3672 4767 4343 4062 3672 4765 4341 4765 4341 4062 3672 4067 3677 4765 4341 4067 3677 4763 4339 4763 4339 4067 3677 4066 3676 4763 4339 4066 3676 4761 4337 4761 4337 4066 3676 4065 3675 4761 4337 4065 3675 4759 4335 4759 4335 4065 3675 4070 3680 4759 4335 4070 3680 4757 4333 4757 4333 4070 3680 4069 3679 4757 4333 4069 3679 4752 4328 4752 4328 4069 3679 4068 3678 4752 4328 4068 3678 4753 4329 4753 4329 4068 3678 4073 3683 4753 4329 4073 3683 4755 4331 4755 4331 4073 3683 4072 3682 4755 4331 4072 3682 4786 4362 4786 4362 4072 3682 4071 3681 4786 4362 4071 3681 4787 4363 4787 4363 4071 3681 4076 3686 4787 4363 4076 3686 4789 4365 4789 4365 4076 3686 4075 3685 4789 4365 4075 3685 4791 4367 4791 4367 4075 3685 4074 3684 4791 4367 4074 3684 4793 4369 4793 4369 4074 3684 4078 3688 4793 4369 4078 3688 4795 4371 4795 4371 4078 3688 4077 3687 4795 4371 4077 3687 4797 4373 4797 4373 4077 3687 4046 3656 4797 4373 4046 3656 4799 4375 4799 4375 4046 3656 4045 3655 4799 4375 4045 3655 4801 4377 4801 4377 4045 3655 4043 3653 4801 4377 4043 3653 4803 4379 4803 4379 4043 3653 4042 3652 4803 4379 4042 3652 4805 4381 4805 4381 4042 3652 4049 3659 4805 4381 4049 3659 4807 4383 4807 4383 4049 3659 4048 3658 4807 4383 4048 3658 4809 4385 4809 4385 4048 3658 4047 3657 4809 4385 4047 3657 4811 4387 4811 4387 4047 3657 4052 3662 4811 4387 4052 3662 4813 4389 4813 4389 4052 3662 4051 3661 4813 4389 4051 3661 4815 4391 4815 4391 4051 3661 4050 3660 4815 4391 4050 3660 4817 4393 4817 4393 4050 3660 4055 3665 4817 4393 4055 3665 4819 4395 4819 4395 4055 3665 4054 3664 4819 4395 4054 3664 4785 4361 4785 4361 4054 3664 4053 3663 4785 4361 4053 3663 4783 4359 4783 4359 4053 3663 4058 3668 4783 4359 4058 3668 4781 4357 4781 4357 4058 3668 4057 3667 4781 4357 4057 3667 4779 4355 4779 4355 4057 3667 4056 3666 4779 4355 4056 3666 4777 4353 4777 4353 4056 3666 4061 3671 4777 4353 4061 3671 4775 4351 4775 4351 4061 3671 4060 3670 4775 4351 4060 3670 4773 4349 4773 4349 4060 3670 4059 3669 4773 4349 4059 3669 4771 4347 4771 4347 4059 3669 4064 3674 4771 4347 4064 3674 4769 4345 4769 4345 4064 3674 4063 3673 4269 3879 4822 4398 4268 3878 4268 3878 4822 4398 4823 4399 4268 3878 4823 4399 4267 3877 4267 3877 4823 4399 4824 4400 4267 3877 4824 4400 4266 3876 4266 3876 4824 4400 4825 4401 4266 3876 4825 4401 4265 3875 4265 3875 4825 4401 4826 4402 4265 3875 4826 4402 4264 3874 4264 3874 4826 4402 4827 4403 4264 3874 4827 4403 4299 3909 4299 3909 4827 4403 4828 4404 4299 3909 4828 4404 4298 3908 4298 3908 4828 4404 4829 4405 4298 3908 4829 4405 4297 3907 4297 3907 4829 4405 4830 4406 4297 3907 4830 4406 4296 3906 4296 3906 4830 4406 4831 4407 4296 3906 4831 4407 4295 3905 4295 3905 4831 4407 4832 4408 4295 3905 4832 4408 4294 3904 4294 3904 4832 4408 4833 4409 4294 3904 4833 4409 4293 3903 4293 3903 4833 4409 4834 4410 4293 3903 4834 4410 4292 3902 4292 3902 4834 4410 4835 4411 4292 3902 4835 4411 4291 3901 4291 3901 4835 4411 4836 4412 4291 3901 4836 4412 4290 3900 4290 3900 4836 4412 4837 4413 4290 3900 4837 4413 4289 3899 4289 3899 4837 4413 4838 4414 4289 3899 4838 4414 4288 3898 4288 3898 4838 4414 4839 4415 4288 3898 4839 4415 4287 3897 4287 3897 4839 4415 4840 4416 4287 3897 4840 4416 4286 3896 4286 3896 4840 4416 4841 4417 4286 3896 4841 4417 4285 3895 4285 3895 4841 4417 4842 4418 4285 3895 4842 4418 4284 3894 4284 3894 4842 4418 4843 4419 4284 3894 4843 4419 4283 3893 4283 3893 4843 4419 4844 4420 4283 3893 4844 4420 4282 3892 4282 3892 4844 4420 4845 4421 4282 3892 4845 4421 4281 3891 4281 3891 4845 4421 4846 4422 4281 3891 4846 4422 4280 3890 4280 3890 4846 4422 4847 4423 4280 3890 4847 4423 4279 3889 4279 3889 4847 4423 4848 4424 4279 3889 4848 4424 4278 3888 4278 3888 4848 4424 4849 4425 4278 3888 4849 4425 4277 3887 4277 3887 4849 4425 4850 4426 4277 3887 4850 4426 4276 3886 4276 3886 4850 4426 4851 4427 4276 3886 4851 4427 4275 3885 4275 3885 4851 4427 4852 4428 4275 3885 4852 4428 4274 3884 4274 3884 4852 4428 4853 4429 4274 3884 4853 4429 4273 3883 4273 3883 4853 4429 4854 4430 4273 3883 4854 4430 4272 3882 4272 3882 4854 4430 4855 4431 4272 3882 4855 4431 4271 3881 4271 3881 4855 4431 4856 4432 4271 3881 4856 4432 4270 3880 4270 3880 4856 4432 4857 4433 4270 3880 4857 4433 4269 3879 4269 3879 4857 4433 4822 4398 4827 4403 4508 4085 4828 4404 4828 4404 4508 4085 4509 4086 4828 4404 4509 4086 4829 4405 4829 4405 4509 4086 4518 4095 4829 4405 4518 4095 4830 4406 4830 4406 4518 4095 4519 4096 4830 4406 4519 4096 4831 4407 4831 4407 4519 4096 4520 4097 4831 4407 4520 4097 4832 4408 4832 4408 4520 4097 4521 4098 4832 4408 4521 4098 4833 4409 4833 4409 4521 4098 4507 4084 4833 4409 4507 4084 4834 4410 4834 4410 4507 4084 4506 4083 4834 4410 4506 4083 4835 4411 4835 4411 4506 4083 4531 4108 4835 4411 4531 4108 4836 4412 4836 4412 4531 4108 4530 4107 4836 4412 4530 4107 4837 4413 4837 4413 4530 4107 4529 4106 4837 4413 4529 4106 4838 4414 4838 4414 4529 4106 4528 4105 4838 4414 4528 4105 4839 4415 4839 4415 4528 4105 4527 4104 4839 4415 4527 4104 4840 4416 4840 4416 4527 4104 4526 4103 4840 4416 4526 4103 4841 4417 4841 4417 4526 4103 4525 4102 4841 4417 4525 4102 4842 4418 4842 4418 4525 4102 4502 4079 4842 4418 4502 4079 4843 4419 4843 4419 4502 4079 4501 4078 4843 4419 4501 4078 4844 4420 4844 4420 4501 4078 4524 4101 4844 4420 4524 4101 4845 4421 4845 4421 4524 4101 4523 4100 4845 4421 4523 4100 4846 4422 4846 4422 4523 4100 4522 4099 4846 4422 4522 4099 4847 4423 4847 4423 4522 4099 4517 4094 4847 4423 4517 4094 4848 4424 4848 4424 4517 4094 4516 4093 4848 4424 4516 4093 4849 4425 4849 4425 4516 4093 4515 4092 4849 4425 4515 4092 4850 4426 4850 4426 4515 4092 4514 4091 4850 4426 4514 4091 4851 4427 4851 4427 4514 4091 4513 4090 4851 4427 4513 4090 4852 4428 4852 4428 4513 4090 4511 4088 4852 4428 4511 4088 4853 4429 4853 4429 4511 4088 4510 4087 4853 4429 4510 4087 4854 4430 4854 4430 4510 4087 4500 4077 4854 4430 4500 4077 4855 4431 4855 4431 4500 4077 4499 4076 4855 4431 4499 4076 4856 4432 4856 4432 4499 4076 4505 4082 4856 4432 4505 4082 4857 4433 4857 4433 4505 4082 4504 4081 4857 4433 4504 4081 4822 4398 4822 4398 4504 4081 4503 4080 4822 4398 4503 4080 4823 4399 4823 4399 4503 4080 4498 4075 4823 4399 4498 4075 4824 4400 4824 4400 4498 4075 4497 4074 4824 4400 4497 4074 4825 4401 4825 4401 4497 4074 4496 4073 4825 4401 4496 4073 4826 4402 4826 4402 4496 4073 4495 4072 4826 4402 4495 4072 4827 4403 4827 4403 4495 4072 4508 4085 4345 3954 4858 4434 4344 3953 4344 3953 4858 4434 4859 4435 4344 3953 4859 4435 4343 3952 4343 3952 4859 4435 4860 4436 4343 3952 4860 4436 4342 3951 4342 3951 4860 4436 4861 4437 4342 3951 4861 4437 4341 3950 4341 3950 4861 4437 4862 4438 4341 3950 4862 4438 4340 3949 4340 3949 4862 4438 4863 4439 4340 3949 4863 4439 4339 3948 4339 3948 4863 4439 4864 4440 4339 3948 4864 4440 4338 3947 4338 3947 4864 4440 4865 4441 4338 3947 4865 4441 4337 3946 4337 3946 4865 4441 4866 4442 4337 3946 4866 4442 4372 3981 4372 3981 4866 4442 4867 4443 4372 3981 4867 4443 4371 3980 4371 3980 4867 4443 4868 4444 4371 3980 4868 4444 4370 3979 4370 3979 4868 4444 4869 4445 4370 3979 4869 4445 4369 3978 4369 3978 4869 4445 4870 4446 4369 3978 4870 4446 4368 3977 4368 3977 4870 4446 4871 4447 4368 3977 4871 4447 4367 3976 4367 3976 4871 4447 4872 4448 4367 3976 4872 4448 4366 3975 4366 3975 4872 4448 4873 4449 4366 3975 4873 4449 4365 3974 4365 3974 4873 4449 4874 4450 4365 3974 4874 4450 4364 3973 4364 3973 4874 4450 4875 4451 4364 3973 4875 4451 4363 3972 4363 3972 4875 4451 4876 4452 4363 3972 4876 4452 4362 3971 4362 3971 4876 4452 4877 4453 4362 3971 4877 4453 4361 3970 4361 3970 4877 4453 4878 4454 4361 3970 4878 4454 4360 3969 4360 3969 4878 4454 4879 4455 4360 3969 4879 4455 4359 3968 4359 3968 4879 4455 4880 4456 4359 3968 4880 4456 4358 3967 4358 3967 4880 4456 4881 4457 4358 3967 4881 4457 4357 3966 4357 3966 4881 4457 4882 4458 4357 3966 4882 4458 4356 3965 4356 3965 4882 4458 4883 4459 4356 3965 4883 4459 4355 3964 4355 3964 4883 4459 4884 4460 4355 3964 4884 4460 4354 3963 4354 3963 4884 4460 4885 4461 4354 3963 4885 4461 4353 3962 4353 3962 4885 4461 4886 4462 4353 3962 4886 4462 4352 3961 4352 3961 4886 4462 4887 4463 4352 3961 4887 4463 4351 3960 4351 3960 4887 4463 4888 4464 4351 3960 4888 4464 4350 3959 4350 3959 4888 4464 4889 4465 4350 3959 4889 4465 4349 3958 4349 3958 4889 4465 4890 4466 4349 3958 4890 4466 4348 3957 4348 3957 4890 4466 4891 4467 4348 3957 4891 4467 4347 3956 4347 3956 4891 4467 4892 4468 4347 3956 4892 4468 4346 3955 4346 3955 4892 4468 4893 4469 4346 3955 4893 4469 4345 3954 4345 3954 4893 4469 4858 4434 4866 4442 4562 4139 4867 4443 4867 4443 4562 4139 4561 4138 4867 4443 4561 4138 4868 4444 4868 4444 4561 4138 4557 4134 4868 4444 4557 4134 4869 4445 4869 4445 4557 4134 4556 4133 4869 4445 4556 4133 4870 4446 4870 4446 4556 4133 4555 4132 4870 4446 4555 4132 4871 4447 4871 4447 4555 4132 4554 4131 4871 4447 4554 4131 4872 4448 4872 4448 4554 4131 4553 4130 4872 4448 4553 4130 4873 4449 4873 4449 4553 4130 4552 4129 4873 4449 4552 4129 4874 4450 4874 4450 4552 4129 4551 4128 4874 4450 4551 4128 4875 4451 4875 4451 4551 4128 4550 4127 4875 4451 4550 4127 4876 4452 4876 4452 4550 4127 4549 4126 4876 4452 4549 4126 4877 4453 4877 4453 4549 4126 4548 4125 4877 4453 4548 4125 4878 4454 4878 4454 4548 4125 4547 4124 4878 4454 4547 4124 4879 4455 4879 4455 4547 4124 4545 4122 4879 4455 4545 4122 4880 4456 4880 4456 4545 4122 4544 4121 4880 4456 4544 4121 4881 4457 4881 4457 4544 4121 4560 4137 4881 4457 4560 4137 4882 4458 4882 4458 4560 4137 4559 4136 4882 4458 4559 4136 4883 4459 4883 4459 4559 4136 4558 4135 4883 4459 4558 4135 4884 4460 4884 4460 4558 4135 4543 4120 4884 4460 4543 4120 4885 4461 4885 4461 4543 4120 4542 4119 4885 4461 4542 4119 4886 4462 4886 4462 4542 4119 4541 4118 4886 4462 4541 4118 4887 4463 4887 4463 4541 4118 4536 4113 4887 4463 4536 4113 4888 4464 4888 4464 4536 4113 4535 4112 4888 4464 4535 4112 4889 4465 4889 4465 4535 4112 4534 4111 4889 4465 4534 4111 4890 4466 4890 4466 4534 4111 4533 4110 4890 4466 4533 4110 4891 4467 4891 4467 4533 4110 4568 4145 4891 4467 4568 4145 4892 4468 4892 4468 4568 4145 4569 4146 4892 4468 4569 4146 4893 4469 4893 4469 4569 4146 4540 4117 4893 4469 4540 4117 4858 4434 4858 4434 4540 4117 4539 4116 4858 4434 4539 4116 4859 4435 4859 4435 4539 4116 4538 4115 4859 4435 4538 4115 4860 4436 4860 4436 4538 4115 4537 4114 4860 4436 4537 4114 4861 4437 4861 4437 4537 4114 4567 4144 4861 4437 4567 4144 4862 4438 4862 4438 4567 4144 4566 4143 4862 4438 4566 4143 4863 4439 4863 4439 4566 4143 4565 4142 4863 4439 4565 4142 4864 4440 4864 4440 4565 4142 4564 4141 4864 4440 4564 4141 4865 4441 4865 4441 4564 4141 4563 4140 4865 4441 4563 4140 4866 4442 4866 4442 4563 4140 4562 4139 4418 4005 4894 4470 4417 4004 4417 4004 4894 4470 4895 4471 4417 4004 4895 4471 4416 3952 4416 3952 4895 4471 4896 4472 4416 3952 4896 4472 4415 4003 4415 4003 4896 4472 4897 4473 4415 4003 4897 4473 4414 3950 4414 3950 4897 4473 4898 4474 4414 3950 4898 4474 4413 4002 4413 4002 4898 4474 4899 4475 4413 4002 4899 4475 4412 4001 4412 4001 4899 4475 4900 4476 4412 4001 4900 4476 4411 4000 4411 4000 4900 4476 4901 4477 4411 4000 4901 4477 4410 3999 4410 3999 4901 4477 4902 4478 4410 3999 4902 4478 4445 3981 4445 3981 4902 4478 4903 4479 4445 3981 4903 4479 4444 4022 4444 4022 4903 4479 4904 4480 4444 4022 4904 4480 4443 4021 4443 4021 4904 4480 4905 4481 4443 4021 4905 4481 4442 4020 4442 4020 4905 4481 4906 4482 4442 4020 4906 4482 4441 4019 4441 4019 4906 4482 4907 4483 4441 4019 4907 4483 4440 4018 4440 4018 4907 4483 4908 4484 4440 4018 4908 4484 4439 3975 4439 3975 4908 4484 4909 4485 4439 3975 4909 4485 4438 4017 4438 4017 4909 4485 4910 4486 4438 4017 4910 4486 4437 4016 4437 4016 4910 4486 4911 4412 4437 4016 4911 4412 4436 4015 4436 4015 4911 4412 4912 4487 4436 4015 4912 4487 4435 3971 4435 3971 4912 4487 4913 4488 4435 3971 4913 4488 4434 4014 4434 4014 4913 4488 4914 4489 4434 4014 4914 4489 4433 4013 4433 4013 4914 4489 4915 4490 4433 4013 4915 4490 4432 4012 4432 4012 4915 4490 4916 4491 4432 4012 4916 4491 4431 4011 4431 4011 4916 4491 4917 4492 4431 4011 4917 4492 4430 3966 4430 3966 4917 4492 4918 4493 4430 3966 4918 4493 4429 3965 4429 3965 4918 4493 4919 4494 4429 3965 4919 4494 4428 3964 4428 3964 4919 4494 4920 4495 4428 3964 4920 4495 4427 4010 4427 4010 4920 4495 4921 4496 4427 4010 4921 4496 4426 4009 4426 4009 4921 4496 4922 4497 4426 4009 4922 4497 4425 4008 4425 4008 4922 4497 4923 4498 4425 4008 4923 4498 4424 3960 4424 3960 4923 4498 4924 4499 4424 3960 4924 4499 4423 3959 4423 3959 4924 4499 4925 4500 4423 3959 4925 4500 4422 4007 4422 4007 4925 4500 4926 4501 4422 4007 4926 4501 4421 4006 4421 4006 4926 4501 4927 4502 4421 4006 4927 4502 4420 3956 4420 3956 4927 4502 4928 4503 4420 3956 4928 4503 4419 3955 4419 3955 4928 4503 4929 4504 4419 3955 4929 4504 4418 4005 4418 4005 4929 4504 4894 4470 4902 4478 4662 4239 4903 4479 4903 4479 4662 4239 4652 4229 4903 4479 4652 4229 4904 4480 4904 4480 4652 4229 4651 4228 4904 4480 4651 4228 4905 4481 4905 4481 4651 4228 4650 4227 4905 4481 4650 4227 4906 4482 4906 4482 4650 4227 4649 4226 4906 4482 4649 4226 4907 4483 4907 4483 4649 4226 4645 4222 4907 4483 4645 4222 4908 4484 4908 4484 4645 4222 4644 4221 4908 4484 4644 4221 4909 4485 4909 4485 4644 4221 4676 4253 4909 4485 4676 4253 4910 4486 4910 4486 4676 4253 4677 4254 4910 4486 4677 4254 4911 4412 4911 4412 4677 4254 4675 4252 4911 4412 4675 4252 4912 4487 4912 4487 4675 4252 4674 4251 4912 4487 4674 4251 4913 4488 4913 4488 4674 4251 4643 4220 4913 4488 4643 4220 4914 4489 4914 4489 4643 4220 4642 4219 4914 4489 4642 4219 4915 4490 4915 4490 4642 4219 4661 4238 4915 4490 4661 4238 4916 4491 4916 4491 4661 4238 4660 4237 4916 4491 4660 4237 4917 4492 4917 4492 4660 4237 4659 4236 4917 4492 4659 4236 4918 4493 4918 4493 4659 4236 4658 4235 4918 4493 4658 4235 4919 4494 4919 4494 4658 4235 4670 4247 4919 4494 4670 4247 4920 4495 4920 4495 4670 4247 4669 4246 4920 4495 4669 4246 4921 4496 4921 4496 4669 4246 4668 4245 4921 4496 4668 4245 4922 4497 4922 4497 4668 4245 4648 4225 4922 4497 4648 4225 4923 4498 4923 4498 4648 4225 4647 4224 4923 4498 4647 4224 4924 4499 4924 4499 4647 4224 4646 4223 4924 4499 4646 4223 4925 4500 4925 4500 4646 4223 4667 4244 4925 4500 4667 4244 4926 4501 4926 4501 4667 4244 4666 4243 4926 4501 4666 4243 4927 4502 4927 4502 4666 4243 4665 4242 4927 4502 4665 4242 4928 4503 4928 4503 4665 4242 4673 4250 4928 4503 4673 4250 4929 4504 4929 4504 4673 4250 4672 4249 4929 4504 4672 4249 4894 4470 4894 4470 4672 4249 4671 4248 4894 4470 4671 4248 4895 4471 4895 4471 4671 4248 4657 4234 4895 4471 4657 4234 4896 4472 4896 4472 4657 4234 4656 4233 4896 4472 4656 4233 4897 4473 4897 4473 4656 4233 4655 4232 4897 4473 4655 4232 4898 4474 4898 4474 4655 4232 4654 4231 4898 4474 4654 4231 4899 4475 4899 4475 4654 4231 4653 4230 4899 4475 4653 4230 4900 4476 4900 4476 4653 4230 4664 4241 4900 4476 4664 4241 4901 4477 4901 4477 4664 4241 4663 4240 4901 4477 4663 4240 4902 4478 4902 4478 4663 4240 4662 4239 4930 4505 4931 4506 2846 2520 2846 2520 4932 4507 4930 4505 4930 4505 4932 4507 4933 4508 4930 4505 4933 4508 4934 4509 4934 4509 4933 4508 4935 4510 4934 4509 4935 4510 4936 4511 4936 4511 4935 4510 4937 4512 4936 4511 4937 4512 4938 4513 4938 4513 4937 4512 4939 4514 4938 4513 4939 4514 4940 4515 4940 4515 4939 4514 4941 4516 4940 4515 4941 4516 4942 4517 4942 4517 4941 4516 4943 4518 4942 4517 4943 4518 4944 4519 4944 4519 4943 4518 4945 4520 4944 4519 4945 4520 4946 4521 4946 4521 4945 4520 4947 4522 4946 4521 4947 4522 4948 4523 4948 4523 4947 4522 2844 2518 4948 4523 2844 2518 4949 4524 4950 4525 4951 4526 2883 2557 4952 4527 4953 4528 2846 2520 2846 2520 4953 4528 4954 4529 2883 2557 2846 2520 4950 4525 4950 4525 2846 2520 4954 4529 4950 4525 4954 4529 4955 4530 4955 4530 4954 4529 4956 4531 4957 4532 4958 4533 2846 2520 2846 2520 4958 4533 4959 4534 2846 2520 4959 4534 4952 4527 4951 4526 4960 4535 2883 2557 2883 2557 4960 4535 4961 4536 2883 2557 4961 4536 4962 4537 4931 4506 4963 4538 2846 2520 2846 2520 4963 4538 4964 4539 2846 2520 4964 4539 4965 4540 4966 4541 4967 4542 4968 4543 4967 4542 4966 4541 4954 4529 4954 4529 4966 4541 4969 4544 4954 4529 4969 4544 4956 4531 4965 4540 4970 4545 2846 2520 2846 2520 4970 4545 4971 4546 2846 2520 4971 4546 4957 4532 4962 4537 4972 4547 2883 2557 2883 2557 4972 4547 4973 4548 2883 2557 4973 4548 4974 4549 4974 4549 4975 4550 2883 2557 2883 2557 4975 4550 4976 4551 2883 2557 4976 4551 4977 4552 4978 4553 4968 4543 4979 4554 4979 4554 4968 4543 4980 4555 4979 4554 4980 4555 4981 4556 4978 4553 4982 4557 4968 4543 4968 4543 4982 4557 4983 4558 4968 4543 4983 4558 4984 4559 4981 4556 4985 4560 4979 4554 4979 4554 4985 4560 4986 4561 4979 4554 4986 4561 4987 4562 4984 4559 4988 4563 4968 4543 4968 4543 4988 4563 4989 4564 4968 4543 4989 4564 4966 4541 4990 4565 4991 4566 4992 4567 4992 4567 4991 4566 4993 4568 4992 4567 4993 4568 4994 4569 4994 4569 4993 4568 4995 4570 4994 4569 4995 4570 4996 4571 4996 4571 4995 4570 4997 4572 4996 4571 4997 4572 4998 4573 4998 4573 4997 4572 4999 4574 4998 4573 4999 4574 5000 4575 5000 4575 4999 4574 5001 4576 5000 4575 5001 4576 5002 4577 5002 4577 5001 4576 5003 4578 5002 4577 5003 4578 5004 4579 5004 4579 5003 4578 5005 4580 5004 4579 5005 4580 5006 4581 5006 4581 5005 4580 5007 4582 5006 4581 5007 4582 5008 4583 5008 4583 5007 4582 5009 4584 5008 4583 5009 4584 5010 4585 5010 4585 5009 4584 5011 4586 5010 4585 5011 4586 5012 4587 5012 4587 5011 4586 5013 4588 5012 4587 5013 4588 5014 4589 5014 4589 5013 4588 5015 4590 5014 4589 5015 4590 5016 4591 5016 4591 5015 4590 5017 4592 5016 4591 5017 4592 5018 4593 5018 4593 5017 4592 5019 4594 5018 4593 5019 4594 5020 4595 5020 4595 5019 4594 5021 4596 5020 4595 5021 4596 5022 4597 5022 4597 5021 4596 5023 4598 5022 4597 5023 4598 5024 4599 5024 4599 5023 4598 5025 4600 5024 4599 5025 4600 5026 4601 5026 4601 5025 4600 5027 4602 5026 4601 5027 4602 5028 4603 5028 4603 5027 4602 5029 4604 5028 4603 5029 4604 5030 4605 5030 4605 5029 4604 5031 4606 5030 4605 5031 4606 5032 4607 5032 4607 5031 4606 5033 4608 5032 4607 5033 4608 5034 4609 5034 4609 5033 4608 5035 4610 5034 4609 5035 4610 5036 4611 5036 4611 5035 4610 5037 4612 5036 4611 5037 4612 5038 4613 5038 4613 5037 4612 5039 4614 5038 4613 5039 4614 5040 4615 5040 4615 5039 4614 5041 4616 5040 4615 5041 4616 5042 4617 5042 4617 5041 4616 5043 4618 5042 4617 5043 4618 5044 4619 5044 4619 5043 4618 5045 4620 5044 4619 5045 4620 5046 4621 5046 4621 5045 4620 5047 4622 5046 4621 5047 4622 5048 4623 5048 4623 5047 4622 5049 4624 5048 4623 5049 4624 5050 4625 5050 4625 5049 4624 5051 4626 5050 4625 5051 4626 5052 4627 5052 4627 5051 4626 5053 4628 5052 4627 5053 4628 5054 4629 5054 4629 5053 4628 5055 4630 5054 4629 5055 4630 5056 4631 5056 4631 5055 4630 5057 4632 5056 4631 5057 4632 5058 4633 5058 4633 5057 4632 5059 4634 5058 4633 5059 4634 5060 4635 5060 4635 5059 4634 5061 4636 5060 4635 5061 4636 4990 4565 4990 4565 5061 4636 4991 4566 5031 4606 5029 4604 5062 4637 5062 4637 5029 4604 5027 4602 5062 4637 5027 4602 5025 4600 5037 4612 5035 4610 5062 4637 5062 4637 5035 4610 5033 4608 5062 4637 5033 4608 5031 4606 5043 4618 5041 4616 5062 4637 5062 4637 5041 4616 5039 4614 5062 4637 5039 4614 5037 4612 5049 4624 5047 4622 5062 4637 5062 4637 5047 4622 5045 4620 5062 4637 5045 4620 5043 4618 5055 4630 5053 4628 5062 4637 5062 4637 5053 4628 5051 4626 5062 4637 5051 4626 5049 4624 5061 4636 5059 4634 5062 4637 5062 4637 5059 4634 5057 4632 5062 4637 5057 4632 5055 4630 4995 4570 4993 4568 5062 4637 5062 4637 4993 4568 4991 4566 5062 4637 4991 4566 5061 4636 5001 4576 4999 4574 5062 4637 5062 4637 4999 4574 4997 4572 5062 4637 4997 4572 4995 4570 5007 4582 5005 4580 5062 4637 5062 4637 5005 4580 5003 4578 5062 4637 5003 4578 5001 4576 5013 4588 5011 4586 5062 4637 5062 4637 5011 4586 5009 4584 5062 4637 5009 4584 5007 4582 5019 4594 5017 4592 5062 4637 5062 4637 5017 4592 5015 4590 5062 4637 5015 4590 5013 4588 5025 4600 5023 4598 5062 4637 5062 4637 5023 4598 5021 4596 5062 4637 5021 4596 5019 4594 5063 4638 5064 4566 5065 4567 5065 4567 5064 4566 5066 4568 5065 4567 5066 4568 5067 4569 5067 4569 5066 4568 5068 4570 5067 4569 5068 4570 5069 4639 5069 4639 5068 4570 5070 4640 5069 4639 5070 4640 5071 4641 5071 4641 5070 4640 5072 4642 5071 4641 5072 4642 5073 4643 5073 4643 5072 4642 5074 4644 5073 4643 5074 4644 5075 4645 5075 4645 5074 4644 5076 4646 5075 4645 5076 4646 5077 4647 5077 4647 5076 4646 5078 4648 5077 4647 5078 4648 5079 4649 5079 4649 5078 4648 5080 4650 5079 4649 5080 4650 5081 4651 5081 4651 5080 4650 5082 4652 5081 4651 5082 4652 5083 4653 5083 4653 5082 4652 5084 4654 5083 4653 5084 4654 5085 4655 5085 4655 5084 4654 5086 4588 5085 4655 5086 4588 5087 4656 5087 4656 5086 4588 5088 4657 5087 4656 5088 4657 5089 4658 5089 4658 5088 4657 5090 4659 5089 4658 5090 4659 5091 4660 5091 4660 5090 4659 5092 4661 5091 4660 5092 4661 5093 4662 5093 4662 5092 4661 5094 4596 5093 4662 5094 4596 5095 4663 5095 4663 5094 4596 5096 4664 5095 4663 5096 4664 5097 4665 5097 4665 5096 4664 5098 4666 5097 4665 5098 4666 5099 4667 5099 4667 5098 4666 5100 4668 5099 4667 5100 4668 5101 4669 5101 4669 5100 4668 5102 4670 5101 4669 5102 4670 5103 4671 5103 4671 5102 4670 5104 4672 5103 4671 5104 4672 5105 4673 5105 4673 5104 4672 5106 4608 5105 4673 5106 4608 5107 4674 5107 4674 5106 4608 5108 4675 5107 4674 5108 4675 5109 4676 5109 4676 5108 4675 5110 4677 5109 4676 5110 4677 5111 4678 5111 4678 5110 4677 5112 4679 5111 4678 5112 4679 5113 4680 5113 4680 5112 4679 5114 4616 5113 4680 5114 4616 5115 4617 5115 4617 5114 4616 5116 4681 5115 4617 5116 4681 5117 4619 5117 4619 5116 4681 5118 4682 5117 4619 5118 4682 5119 4683 5119 4683 5118 4682 5120 4684 5119 4683 5120 4684 5121 4685 5121 4685 5120 4684 5122 4686 5121 4685 5122 4686 5123 4687 5123 4687 5122 4686 5124 4688 5123 4687 5124 4688 5125 4689 5125 4689 5124 4688 5126 4690 5125 4689 5126 4690 5127 4691 5127 4691 5126 4690 5128 4692 5127 4691 5128 4692 5129 4693 5129 4693 5128 4692 5130 4694 5129 4693 5130 4694 5131 4633 5131 4633 5130 4694 5132 4634 5131 4633 5132 4634 5133 4695 5133 4695 5132 4634 5134 4636 5133 4695 5134 4636 5063 4638 5063 4638 5134 4636 5064 4566 5104 4672 5102 4670 5135 4696 5135 4696 5102 4670 5100 4668 5135 4696 5100 4668 5098 4666 5110 4677 5108 4675 5135 4696 5135 4696 5108 4675 5106 4608 5135 4696 5106 4608 5104 4672 5116 4681 5114 4616 5135 4696 5135 4696 5114 4616 5112 4679 5135 4696 5112 4679 5110 4677 5122 4686 5120 4684 5135 4696 5135 4696 5120 4684 5118 4682 5135 4696 5118 4682 5116 4681 5128 4692 5126 4690 5135 4696 5135 4696 5126 4690 5124 4688 5135 4696 5124 4688 5122 4686 5134 4636 5132 4634 5135 4696 5135 4696 5132 4634 5130 4694 5135 4696 5130 4694 5128 4692 5068 4570 5066 4568 5135 4696 5135 4696 5066 4568 5064 4566 5135 4696 5064 4566 5134 4636 5074 4644 5072 4642 5135 4696 5135 4696 5072 4642 5070 4640 5135 4696 5070 4640 5068 4570 5080 4650 5078 4648 5135 4696 5135 4696 5078 4648 5076 4646 5135 4696 5076 4646 5074 4644 5086 4588 5084 4654 5135 4696 5135 4696 5084 4654 5082 4652 5135 4696 5082 4652 5080 4650 5092 4661 5090 4659 5135 4696 5135 4696 5090 4659 5088 4657 5135 4696 5088 4657 5086 4588 5098 4666 5096 4664 5135 4696 5135 4696 5096 4664 5094 4596 5135 4696 5094 4596 5092 4661 5136 4638 5137 4566 5138 4567 5138 4567 5137 4566 5139 4568 5138 4567 5139 4568 5140 4569 5140 4569 5139 4568 5141 4570 5140 4569 5141 4570 5142 4639 5142 4639 5141 4570 5143 4640 5142 4639 5143 4640 5144 4641 5144 4641 5143 4640 5145 4642 5144 4641 5145 4642 5146 4643 5146 4643 5145 4642 5147 4644 5146 4643 5147 4644 5148 4697 5148 4697 5147 4644 5149 4578 5148 4697 5149 4578 5150 4698 5150 4698 5149 4578 5151 4580 5150 4698 5151 4580 5152 4699 5152 4699 5151 4580 5153 4582 5152 4699 5153 4582 5154 4583 5154 4583 5153 4582 5155 4584 5154 4583 5155 4584 5156 4700 5156 4700 5155 4584 5157 4586 5156 4700 5157 4586 5158 4655 5158 4655 5157 4586 5159 4588 5158 4655 5159 4588 5160 4701 5160 4701 5159 4588 5161 4590 5160 4701 5161 4590 5162 4702 5162 4702 5161 4590 5163 4592 5162 4702 5163 4592 5164 4703 5164 4703 5163 4592 5165 4594 5164 4703 5165 4594 5166 4595 5166 4595 5165 4594 5167 4596 5166 4595 5167 4596 5168 4704 5168 4704 5167 4596 5169 4664 5168 4704 5169 4664 5170 4705 5170 4705 5169 4664 5171 4666 5170 4705 5171 4666 5172 4706 5172 4706 5171 4666 5173 4668 5172 4706 5173 4668 5174 4707 5174 4707 5173 4668 5175 4670 5174 4707 5175 4670 5176 4708 5176 4708 5175 4670 5177 4672 5176 4708 5177 4672 5178 4709 5178 4709 5177 4672 5179 4608 5178 4709 5179 4608 5180 4710 5180 4710 5179 4608 5181 4610 5180 4710 5181 4610 5182 4711 5182 4711 5181 4610 5183 4612 5182 4711 5183 4612 5184 4712 5184 4712 5183 4612 5185 4614 5184 4712 5185 4614 5186 4680 5186 4680 5185 4614 5187 4616 5186 4680 5187 4616 5188 4617 5188 4617 5187 4616 5189 4618 5188 4617 5189 4618 5190 4713 5190 4713 5189 4618 5191 4620 5190 4713 5191 4620 5192 4621 5192 4621 5191 4620 5193 4622 5192 4621 5193 4622 5194 4623 5194 4623 5193 4622 5195 4624 5194 4623 5195 4624 5196 4625 5196 4625 5195 4624 5197 4626 5196 4625 5197 4626 5198 4689 5198 4689 5197 4626 5199 4690 5198 4689 5199 4690 5200 4691 5200 4691 5199 4690 5201 4692 5200 4691 5201 4692 5202 4693 5202 4693 5201 4692 5203 4694 5202 4693 5203 4694 5204 4633 5204 4633 5203 4694 5205 4634 5204 4633 5205 4634 5206 4695 5206 4695 5205 4634 5207 4636 5206 4695 5207 4636 5136 4638 5136 4638 5207 4636 5137 4566 5177 4672 5175 4670 5208 4714 5208 4714 5175 4670 5173 4668 5208 4714 5173 4668 5171 4666 5183 4612 5181 4610 5208 4714 5208 4714 5181 4610 5179 4608 5208 4714 5179 4608 5177 4672 5189 4618 5187 4616 5208 4714 5208 4714 5187 4616 5185 4614 5208 4714 5185 4614 5183 4612 5195 4624 5193 4622 5208 4714 5208 4714 5193 4622 5191 4620 5208 4714 5191 4620 5189 4618 5201 4692 5199 4690 5208 4714 5208 4714 5199 4690 5197 4626 5208 4714 5197 4626 5195 4624 5207 4636 5205 4634 5208 4714 5208 4714 5205 4634 5203 4694 5208 4714 5203 4694 5201 4692 5141 4570 5139 4568 5208 4714 5208 4714 5139 4568 5137 4566 5208 4714 5137 4566 5207 4636 5147 4644 5145 4642 5208 4714 5208 4714 5145 4642 5143 4640 5208 4714 5143 4640 5141 4570 5153 4582 5151 4580 5208 4714 5208 4714 5151 4580 5149 4578 5208 4714 5149 4578 5147 4644 5159 4588 5157 4586 5208 4714 5208 4714 5157 4586 5155 4584 5208 4714 5155 4584 5153 4582 5165 4594 5163 4592 5208 4714 5208 4714 5163 4592 5161 4590 5208 4714 5161 4590 5159 4588 5171 4666 5169 4664 5208 4714 5208 4714 5169 4664 5167 4596 5208 4714 5167 4596 5165 4594 5209 4715 5210 4566 5211 4716 5211 4716 5210 4566 5212 4717 5211 4716 5212 4717 5213 4718 5213 4718 5212 4717 5214 4719 5213 4718 5214 4719 5215 4720 5215 4720 5214 4719 5216 4721 5215 4720 5216 4721 5217 4722 5217 4722 5216 4721 5218 4723 5217 4722 5218 4723 5219 4724 5219 4724 5218 4723 5220 4725 5219 4724 5220 4725 5221 4697 5221 4697 5220 4725 5222 4726 5221 4697 5222 4726 5223 4727 5223 4727 5222 4726 5224 4728 5223 4727 5224 4728 5225 4729 5225 4729 5224 4728 5226 4730 5225 4729 5226 4730 5227 4731 5227 4731 5226 4730 5228 4732 5227 4731 5228 4732 5229 4733 5229 4733 5228 4732 5230 4734 5229 4733 5230 4734 5231 4735 5231 4735 5230 4734 5232 4736 5231 4735 5232 4736 5233 4737 5233 4737 5232 4736 5234 4590 5233 4737 5234 4590 5235 4738 5235 4738 5234 4590 5236 4739 5235 4738 5236 4739 5237 4740 5237 4740 5236 4739 5238 4741 5237 4740 5238 4741 5239 4742 5239 4742 5238 4741 5240 4743 5239 4742 5240 4743 5241 4744 5241 4744 5240 4743 5242 4745 5241 4744 5242 4745 5243 4746 5243 4746 5242 4745 5244 4747 5243 4746 5244 4747 5245 4601 5245 4601 5244 4747 5246 4748 5245 4601 5246 4748 5247 4749 5247 4749 5246 4748 5248 4750 5247 4749 5248 4750 5249 4751 5249 4751 5248 4750 5250 4752 5249 4751 5250 4752 5251 4753 5251 4753 5250 4752 5252 4754 5251 4753 5252 4754 5253 4755 5253 4755 5252 4754 5254 4756 5253 4755 5254 4756 5255 4757 5255 4757 5254 4756 5256 4758 5255 4757 5256 4758 5257 4759 5257 4759 5256 4758 5258 4760 5257 4759 5258 4760 5259 4761 5259 4761 5258 4760 5260 4762 5259 4761 5260 4762 5261 4763 5261 4763 5260 4762 5262 4764 5261 4763 5262 4764 5263 4765 5263 4765 5262 4764 5264 4766 5263 4765 5264 4766 5265 4767 5265 4767 5264 4766 5266 4768 5265 4767 5266 4768 5267 4769 5267 4769 5266 4768 5268 4770 5267 4769 5268 4770 5269 4771 5269 4771 5268 4770 5270 4772 5269 4771 5270 4772 5271 4773 5271 4773 5270 4772 5272 4774 5271 4773 5272 4774 5273 4775 5273 4775 5272 4774 5274 4776 5273 4775 5274 4776 5275 4777 5275 4777 5274 4776 5276 4778 5275 4777 5276 4778 5277 4779 5277 4779 5276 4778 5278 4780 5277 4779 5278 4780 5279 4781 5279 4781 5278 4780 5280 4782 5279 4781 5280 4782 5209 4715 5209 4715 5280 4782 5210 4566 5250 4752 5248 4750 5281 4783 5281 4783 5248 4750 5246 4748 5281 4783 5246 4748 5244 4747 5256 4758 5254 4756 5281 4783 5281 4783 5254 4756 5252 4754 5281 4783 5252 4754 5250 4752 5262 4764 5260 4762 5281 4783 5281 4783 5260 4762 5258 4760 5281 4783 5258 4760 5256 4758 5268 4770 5266 4768 5281 4783 5281 4783 5266 4768 5264 4766 5281 4783 5264 4766 5262 4764 5274 4776 5272 4774 5281 4783 5281 4783 5272 4774 5270 4772 5281 4783 5270 4772 5268 4770 5280 4782 5278 4780 5281 4783 5281 4783 5278 4780 5276 4778 5281 4783 5276 4778 5274 4776 5214 4719 5212 4717 5281 4783 5281 4783 5212 4717 5210 4566 5281 4783 5210 4566 5280 4782 5220 4725 5218 4723 5281 4783 5281 4783 5218 4723 5216 4721 5281 4783 5216 4721 5214 4719 5226 4730 5224 4728 5281 4783 5281 4783 5224 4728 5222 4726 5281 4783 5222 4726 5220 4725 5232 4736 5230 4734 5281 4783 5281 4783 5230 4734 5228 4732 5281 4783 5228 4732 5226 4730 5238 4741 5236 4739 5281 4783 5281 4783 5236 4739 5234 4590 5281 4783 5234 4590 5232 4736 5244 4747 5242 4745 5281 4783 5281 4783 5242 4745 5240 4743 5281 4783 5240 4743 5238 4741 5282 4784 5283 4566 5284 4716 5284 4716 5283 4566 5285 4717 5284 4716 5285 4717 5286 4718 5286 4718 5285 4717 5287 4719 5286 4718 5287 4719 5288 4785 5288 4785 5287 4719 5289 4786 5288 4785 5289 4786 5290 4787 5290 4787 5289 4786 5291 4788 5290 4787 5291 4788 5292 4789 5292 4789 5291 4788 5293 4790 5292 4789 5293 4790 5294 4791 5294 4791 5293 4790 5295 4792 5294 4791 5295 4792 5296 4793 5296 4793 5295 4792 5297 4794 5296 4793 5297 4794 5298 4795 5298 4795 5297 4794 5299 4796 5298 4795 5299 4796 5300 4797 5300 4797 5299 4796 5301 4798 5300 4797 5301 4798 5302 4799 5302 4799 5301 4798 5303 4800 5302 4799 5303 4800 5304 4801 5304 4801 5303 4800 5305 4736 5304 4801 5305 4736 5306 4802 5306 4802 5305 4736 5307 4657 5306 4802 5307 4657 5308 4803 5308 4803 5307 4657 5309 4804 5308 4803 5309 4804 5310 4805 5310 4805 5309 4804 5311 4806 5310 4805 5311 4806 5312 4807 5312 4807 5311 4806 5313 4743 5312 4807 5313 4743 5314 4808 5314 4808 5313 4743 5315 4809 5314 4808 5315 4809 5316 4810 5316 4810 5315 4809 5317 4811 5316 4810 5317 4811 5318 4667 5318 4667 5317 4811 5319 4812 5318 4667 5319 4812 5320 4813 5320 4813 5319 4812 5321 4814 5320 4813 5321 4814 5322 4815 5322 4815 5321 4814 5323 4816 5322 4815 5323 4816 5324 4817 5324 4817 5323 4816 5325 4754 5324 4817 5325 4754 5326 4818 5326 4818 5325 4754 5327 4819 5326 4818 5327 4819 5328 4820 5328 4820 5327 4819 5329 4821 5328 4820 5329 4821 5330 4822 5330 4822 5329 4821 5331 4823 5330 4822 5331 4823 5332 4824 5332 4824 5331 4823 5333 4762 5332 4824 5333 4762 5334 4825 5334 4825 5333 4762 5335 4826 5334 4825 5335 4826 5336 4827 5336 4827 5335 4826 5337 4828 5336 4827 5337 4828 5338 4829 5338 4829 5337 4828 5339 4830 5338 4829 5339 4830 5340 4831 5340 4831 5339 4830 5341 4832 5340 4831 5341 4832 5342 4833 5342 4833 5341 4832 5343 4834 5342 4833 5343 4834 5344 4835 5344 4835 5343 4834 5345 4836 5344 4835 5345 4836 5346 4837 5346 4837 5345 4836 5347 4838 5346 4837 5347 4838 5348 4839 5348 4839 5347 4838 5349 4840 5348 4839 5349 4840 5350 4779 5350 4779 5349 4840 5351 4780 5350 4779 5351 4780 5352 4841 5352 4841 5351 4780 5353 4782 5352 4841 5353 4782 5282 4784 5282 4784 5353 4782 5283 4566 5323 4816 5321 4814 5354 4842 5354 4842 5321 4814 5319 4812 5354 4842 5319 4812 5317 4811 5329 4821 5327 4819 5354 4842 5354 4842 5327 4819 5325 4754 5354 4842 5325 4754 5323 4816 5335 4826 5333 4762 5354 4842 5354 4842 5333 4762 5331 4823 5354 4842 5331 4823 5329 4821 5341 4832 5339 4830 5354 4842 5354 4842 5339 4830 5337 4828 5354 4842 5337 4828 5335 4826 5347 4838 5345 4836 5354 4842 5354 4842 5345 4836 5343 4834 5354 4842 5343 4834 5341 4832 5353 4782 5351 4780 5354 4842 5354 4842 5351 4780 5349 4840 5354 4842 5349 4840 5347 4838 5287 4719 5285 4717 5354 4842 5354 4842 5285 4717 5283 4566 5354 4842 5283 4566 5353 4782 5293 4790 5291 4788 5354 4842 5354 4842 5291 4788 5289 4786 5354 4842 5289 4786 5287 4719 5299 4796 5297 4794 5354 4842 5354 4842 5297 4794 5295 4792 5354 4842 5295 4792 5293 4790 5305 4736 5303 4800 5354 4842 5354 4842 5303 4800 5301 4798 5354 4842 5301 4798 5299 4796 5311 4806 5309 4804 5354 4842 5354 4842 5309 4804 5307 4657 5354 4842 5307 4657 5305 4736 5317 4811 5315 4809 5354 4842 5354 4842 5315 4809 5313 4743 5354 4842 5313 4743 5311 4806 5355 4843 5356 4566 5357 4716 5357 4716 5356 4566 5358 4717 5357 4716 5358 4717 5359 4718 5359 4718 5358 4717 5360 4719 5359 4718 5360 4719 5361 4844 5361 4844 5360 4719 5362 4786 5361 4844 5362 4786 5363 4787 5363 4787 5362 4786 5364 4788 5363 4787 5364 4788 5365 4789 5365 4789 5364 4788 5366 4790 5365 4789 5366 4790 5367 4697 5367 4697 5366 4790 5368 4726 5367 4697 5368 4726 5369 4845 5369 4845 5368 4726 5370 4728 5369 4845 5370 4728 5371 4846 5371 4846 5370 4728 5372 4730 5371 4846 5372 4730 5373 4731 5373 4731 5372 4730 5374 4732 5373 4731 5374 4732 5375 4847 5375 4847 5374 4732 5376 4734 5375 4847 5376 4734 5377 4801 5377 4801 5376 4734 5378 4736 5377 4801 5378 4736 5379 4848 5379 4848 5378 4736 5380 4590 5379 4848 5380 4590 5381 4849 5381 4849 5380 4590 5382 4739 5381 4849 5382 4739 5383 4850 5383 4850 5382 4739 5384 4741 5383 4850 5384 4741 5385 4851 5385 4851 5384 4741 5386 4743 5385 4851 5386 4743 5387 4852 5387 4852 5386 4743 5388 4809 5387 4852 5388 4809 5389 4853 5389 4853 5388 4809 5390 4811 5389 4853 5390 4811 5391 4706 5391 4706 5390 4811 5392 4812 5391 4706 5392 4812 5393 4854 5393 4854 5392 4812 5394 4814 5393 4854 5394 4814 5395 4855 5395 4855 5394 4814 5396 4816 5395 4855 5396 4816 5397 4856 5397 4856 5396 4816 5398 4754 5397 4856 5398 4754 5399 4857 5399 4857 5398 4754 5400 4858 5399 4857 5400 4858 5401 4859 5401 4859 5400 4858 5402 4758 5401 4859 5402 4758 5403 4860 5403 4860 5402 4758 5404 4760 5403 4860 5404 4760 5405 4824 5405 4824 5404 4760 5406 4762 5405 4824 5406 4762 5407 4861 5407 4861 5406 4762 5408 4764 5407 4861 5408 4764 5409 4862 5409 4862 5408 4764 5410 4766 5409 4862 5410 4766 5411 4863 5411 4863 5410 4766 5412 4768 5411 4863 5412 4768 5413 4769 5413 4769 5412 4768 5414 4770 5413 4769 5414 4770 5415 4771 5415 4771 5414 4770 5416 4772 5415 4771 5416 4772 5417 4835 5417 4835 5416 4772 5418 4836 5417 4835 5418 4836 5419 4837 5419 4837 5418 4836 5420 4838 5419 4837 5420 4838 5421 4839 5421 4839 5420 4838 5422 4840 5421 4839 5422 4840 5423 4779 5423 4779 5422 4840 5424 4780 5423 4779 5424 4780 5425 4841 5425 4841 5424 4780 5426 4782 5425 4841 5426 4782 5355 4843 5355 4843 5426 4782 5356 4566 5396 4816 5394 4814 5427 4864 5427 4864 5394 4814 5392 4812 5427 4864 5392 4812 5390 4811 5402 4758 5400 4858 5427 4864 5427 4864 5400 4858 5398 4754 5427 4864 5398 4754 5396 4816 5408 4764 5406 4762 5427 4864 5427 4864 5406 4762 5404 4760 5427 4864 5404 4760 5402 4758 5414 4770 5412 4768 5427 4864 5427 4864 5412 4768 5410 4766 5427 4864 5410 4766 5408 4764 5420 4838 5418 4836 5427 4864 5427 4864 5418 4836 5416 4772 5427 4864 5416 4772 5414 4770 5426 4782 5424 4780 5427 4864 5427 4864 5424 4780 5422 4840 5427 4864 5422 4840 5420 4838 5360 4719 5358 4717 5427 4864 5427 4864 5358 4717 5356 4566 5427 4864 5356 4566 5426 4782 5366 4790 5364 4788 5427 4864 5427 4864 5364 4788 5362 4786 5427 4864 5362 4786 5360 4719 5372 4730 5370 4728 5427 4864 5427 4864 5370 4728 5368 4726 5427 4864 5368 4726 5366 4790 5378 4736 5376 4734 5427 4864 5427 4864 5376 4734 5374 4732 5427 4864 5374 4732 5372 4730 5384 4741 5382 4739 5427 4864 5427 4864 5382 4739 5380 4590 5427 4864 5380 4590 5378 4736 5390 4811 5388 4809 5427 4864 5427 4864 5388 4809 5386 4743 5427 4864 5386 4743 5384 4741 5428 4865 5429 4866 5430 4867 5431 4868 5432 4869 5433 4870 5434 4871 5435 4872 5430 4867 5430 4867 5435 4872 5436 4873 5430 4867 5436 4873 5428 4865 5437 4874 5438 4875 5434 4871 5434 4871 5438 4875 5439 4876 5434 4871 5439 4876 5435 4872 5440 4877 5441 4878 5437 4874 5437 4874 5441 4878 5442 4879 5437 4874 5442 4879 5438 4875 5433 4870 5443 4880 5431 4868 5431 4868 5443 4880 5444 4881 5431 4868 5444 4881 5440 4877 5440 4877 5444 4881 5445 4882 5440 4877 5445 4882 5441 4878 5446 4883 5447 4884 5448 4885 5433 4870 5432 4869 5449 4886 5450 4887 5443 4880 5448 4885 5448 4885 5443 4880 5433 4870 5448 4885 5433 4870 5446 4883 5446 4883 5433 4870 5449 4886 5451 4888 4951 4526 5452 4889 5452 4889 4951 4526 5453 4890 5452 4889 5453 4890 5454 4891 4962 4537 4961 4536 5451 4888 5451 4888 4961 4536 4960 4535 5451 4888 4960 4535 4951 4526 5451 4888 5455 4892 4962 4537 4962 4537 5455 4892 5456 4893 4962 4537 5456 4893 4972 4547 5457 4894 4974 4549 5456 4893 5456 4893 4974 4549 4973 4548 5456 4893 4973 4548 4972 4547 4977 4552 4976 4551 5457 4894 5457 4894 4976 4551 4975 4550 5457 4894 4975 4550 4974 4549 4963 4538 4931 4506 5458 4895 5459 4896 5460 4897 5461 4898 5462 4899 4965 4540 5458 4895 5458 4895 4965 4540 4964 4539 5458 4895 4964 4539 4963 4538 5463 4900 4971 4546 5462 4899 5462 4899 4971 4546 4970 4545 5462 4899 4970 4545 4965 4540 5464 4901 4958 4533 5463 4900 5463 4900 4958 4533 4957 4532 5463 4900 4957 4532 4971 4546 5461 4898 4953 4528 5459 4896 5459 4896 4953 4528 4952 4527 5459 4896 4952 4527 5464 4901 5464 4901 4952 4527 4959 4534 5464 4901 4959 4534 4958 4533 5461 4898 5460 4897 5465 4902 5466 4903 5467 4904 5468 4905 5468 4905 5467 4904 4954 4529 5468 4905 4954 4529 5465 4902 5465 4902 4954 4529 4953 4528 5465 4902 4953 4528 5461 4898 5469 4906 4954 4529 5470 4907 5470 4907 4954 4529 5467 4904 5470 4907 5467 4904 5466 4903 4980 4555 4968 4543 5469 4906 5469 4906 4968 4543 4967 4542 5469 4906 4967 4542 4954 4529 5469 4906 5471 4908 4980 4555 4980 4555 5471 4908 5472 4909 4980 4555 5472 4909 4981 4556 5473 4910 4986 4561 5472 4909 5472 4909 4986 4561 4985 4560 5472 4909 4985 4560 4981 4556 4978 4553 4979 4554 5473 4910 5473 4910 4979 4554 4987 4562 5473 4910 4987 4562 4986 4561 5474 4911 5475 4912 5476 4913 5477 4914 5478 4915 5479 4916 5480 4917 5481 4918 5476 4913 5476 4913 5481 4918 5482 4919 5476 4913 5482 4919 5474 4911 5483 4920 5484 4921 5480 4917 5480 4917 5484 4921 5485 4922 5480 4917 5485 4922 5481 4918 5486 4923 5487 4924 5483 4920 5483 4920 5487 4924 5488 4925 5483 4920 5488 4925 5484 4921 5479 4916 5489 4926 5477 4914 5477 4914 5489 4926 5490 4927 5477 4914 5490 4927 5486 4923 5486 4923 5490 4927 5491 4928 5486 4923 5491 4928 5487 4924 5492 4929 5493 4930 5494 4931 5479 4916 5478 4915 5495 4932 5496 4933 5489 4926 5494 4931 5494 4931 5489 4926 5479 4916 5494 4931 5479 4916 5492 4929 5492 4929 5479 4916 5495 4932 5497 4934 5498 4935 5499 4936 5499 4936 5500 4937 5501 4938 5501 4938 5502 4939 5499 4936 5499 4936 5502 4939 5503 4940 5499 4936 5503 4940 5497 4934 5504 4941 5505 4942 5506 4943 5506 4943 5505 4942 5507 4944 5507 4944 5505 4942 5508 4945 5508 4945 5505 4942 5509 4946 5508 4945 5509 4946 5510 4947 5510 4947 5509 4946 5511 4948 5511 4948 5509 4946 5512 4949 5511 4948 5512 4949 5513 4950 5513 4950 5512 4949 5514 4951 5514 4951 5512 4949 5515 4952 5514 4951 5515 4952 5516 4953 5517 4935 5518 4954 5519 4955 5519 4955 5518 4954 5520 4956 5519 4955 5520 4956 5521 4957 5516 4953 5515 4952 5521 4957 5521 4957 5515 4952 5522 4958 5521 4957 5522 4958 5519 4955 5523 4959 5502 4939 5524 4960 5524 4960 5502 4939 5501 4938 5524 4960 5501 4938 5500 4937 5524 4960 5525 4961 5523 4959 5523 4959 5525 4961 5526 4962 5523 4959 5526 4962 5527 4963 5527 4963 5526 4962 5528 4964 5526 4962 5529 4965 5528 4964 5528 4964 5529 4965 5530 4966 5528 4964 5530 4966 5531 4967 5532 4968 5533 4969 5530 4966 5530 4966 5533 4969 5534 4970 5530 4966 5534 4970 5531 4967 5504 4941 5535 4971 5532 4968 5532 4968 5535 4971 5536 4972 5532 4968 5536 4972 5533 4969 5518 4954 5517 4935 5537 4973 5538 4974 5539 4975 5540 4976 5540 4976 5539 4975 5541 4977 5540 4976 5541 4977 5537 4973 5537 4973 5541 4977 5520 4956 5537 4973 5520 4956 5518 4954 5542 4978 5543 4979 5544 4980 5545 4981 5498 4935 5497 4934 5546 4982 5547 4983 5544 4980 5544 4980 5547 4983 5548 4984 5544 4980 5548 4984 5542 4978 5549 4985 5550 4986 5546 4982 5546 4982 5550 4986 5551 4987 5546 4982 5551 4987 5547 4983 5552 4988 5553 4989 5549 4985 5549 4985 5553 4989 5554 4990 5549 4985 5554 4990 5550 4986 5497 4934 5503 4940 5545 4981 5545 4981 5503 4940 5555 4991 5545 4981 5555 4991 5552 4988 5552 4988 5555 4991 5556 4992 5552 4988 5556 4992 5553 4989 5557 4993 5450 4887 5558 4994 5558 4994 5450 4887 5448 4885 5558 4994 5448 4885 5447 4884 5559 4995 5560 4996 5557 4993 5557 4993 5560 4996 5561 4997 5557 4993 5561 4997 5450 4887 5557 4993 5562 4998 5559 4995 5559 4995 5562 4998 5563 4999 5559 4995 5563 4999 5564 5000 5565 5001 5566 5002 5563 4999 5563 4999 5566 5002 5567 5003 5563 4999 5567 5003 5564 5000 5568 5004 5569 5005 5565 5001 5565 5001 5569 5005 5570 5006 5565 5001 5570 5006 5566 5002 5571 5007 5572 5008 5573 5009 4950 4525 5571 5007 4951 4526 4951 4526 5571 5007 5573 5009 4951 4526 5573 5009 5453 4890 5453 4890 5573 5009 5454 4891 4982 4557 4978 4553 5574 5010 5575 5011 5572 5008 5571 5007 5576 5012 4984 4559 5574 5010 5574 5010 4984 4559 4983 4558 5574 5010 4983 4558 4982 4557 5577 5013 4989 4564 5576 5012 5576 5012 4989 4564 4988 4563 5576 5012 4988 4563 4984 4559 5578 5014 4969 4544 5577 5013 5577 5013 4969 4544 4966 4541 5577 5013 4966 4541 4989 4564 5571 5007 4950 4525 5575 5011 5575 5011 4950 4525 4955 4530 5575 5011 4955 4530 5578 5014 5578 5014 4955 4530 4956 4531 5578 5014 4956 4531 4969 4544 5579 5015 5496 4933 5580 5016 5580 5016 5496 4933 5494 4931 5580 5016 5494 4931 5493 4930 5581 5017 5582 5018 5579 5015 5579 5015 5582 5018 5583 5019 5579 5015 5583 5019 5496 4933 5579 5015 5584 5020 5581 5017 5581 5017 5584 5020 5585 5021 5581 5017 5585 5021 5586 5022 5587 5023 5588 5024 5585 5021 5585 5021 5588 5024 5589 5025 5585 5021 5589 5025 5586 5022 4949 4524 5590 5026 5587 5023 5587 5023 5590 5026 5591 5027 5587 5023 5591 5027 5588 5024 5592 5028 5541 4977 5593 5029 5593 5029 5541 4977 5539 4975 5593 5029 5539 4975 5538 4974 5594 5030 5595 5031 5592 5028 5592 5028 5595 5031 5596 5032 5592 5028 5596 5032 5541 4977 5592 5028 5597 5033 5594 5030 5594 5030 5597 5033 5598 5034 5594 5030 5598 5034 5599 5035 5600 5036 5601 5037 5598 5034 5598 5034 5601 5037 5602 5038 5598 5034 5602 5038 5599 5035 5603 5039 5604 5040 5600 5036 5600 5036 5604 5040 5605 5041 5600 5036 5605 5041 5601 5037 5429 4866 2864 2538 5606 5042 5429 4866 5606 5042 5607 5043 5607 5043 5606 5042 5608 5044 5607 5043 5608 5044 5609 5045 5609 5045 5608 5044 5610 5046 5609 5045 5610 5046 5611 5047 5611 5047 5610 5046 5612 5048 5611 5047 5612 5048 5613 5049 5613 5049 5612 5048 5614 5050 5613 5049 5614 5050 5615 5051 5615 5051 5614 5050 5616 5052 5615 5051 5616 5052 5617 5053 5617 5053 5616 5052 5618 5054 5617 5053 5618 5054 5619 5055 5619 5055 5618 5054 5620 5056 5619 5055 5620 5056 5621 5057 5621 5057 5620 5056 5622 5058 5621 5057 5622 5058 5623 5059 5623 5059 5622 5058 2883 2557 5623 5059 2883 2557 4977 4552 5624 5060 5625 5061 5626 5062 5626 5062 5625 5061 5627 5063 5626 5062 5627 5063 5628 5064 5628 5064 5627 5063 5629 5065 5628 5064 5629 5065 5630 5066 5630 5066 5629 5065 5631 5067 5630 5066 5631 5067 5632 5068 5632 5068 5631 5067 5633 5069 5632 5068 5633 5069 5634 5070 5634 5070 5633 5069 5635 5071 5634 5070 5635 5071 5636 5072 5636 5072 5635 5071 5637 5073 5636 5072 5637 5073 5638 5074 5638 5074 5637 5073 5639 5075 5638 5074 5639 5075 5640 5076 5640 5076 5639 5075 5641 5077 5640 5076 5641 5077 5642 5078 5642 5078 5641 5077 5643 5079 5642 5078 5643 5079 5644 5080 5644 5080 5643 5079 5645 5081 5644 5080 5645 5081 5646 5082 5646 5082 5645 5081 5647 5083 5646 5082 5647 5083 5648 5084 5648 5084 5647 5083 5649 5085 5648 5084 5649 5085 5650 5086 5650 5086 5649 5085 5651 5087 5650 5086 5651 5087 5652 5088 5652 5088 5651 5087 5653 5089 5652 5088 5653 5089 5654 5090 5654 5090 5653 5089 5655 5091 5654 5090 5655 5091 5656 5092 5656 5092 5655 5091 5657 5093 5656 5092 5657 5093 5658 5094 5658 5094 5657 5093 5659 5095 5658 5094 5659 5095 5660 5096 5660 5096 5659 5095 5661 5097 5660 5096 5661 5097 5662 5098 5662 5098 5661 5097 5663 5099 5662 5098 5663 5099 5664 5100 5664 5100 5663 5099 5665 5101 5664 5100 5665 5101 5666 5102 5666 5102 5665 5101 5667 5103 5666 5102 5667 5103 5668 5104 5668 5104 5667 5103 5669 5105 5668 5104 5669 5105 5670 5106 5670 5106 5669 5105 5671 5107 5670 5106 5671 5107 5672 5108 5672 5108 5671 5107 5673 5109 5672 5108 5673 5109 5674 5110 5674 5110 5673 5109 5675 5111 5674 5110 5675 5111 5676 5112 5676 5112 5675 5111 5677 5113 5676 5112 5677 5113 5678 5114 5678 5114 5677 5113 5679 5115 5678 5114 5679 5115 5680 5116 5680 5116 5679 5115 5681 5117 5680 5116 5681 5117 5682 5118 5682 5118 5681 5117 5683 5119 5682 5118 5683 5119 5684 5120 5684 5120 5683 5119 5685 5121 5684 5120 5685 5121 5686 5122 5686 5122 5685 5121 5687 5123 5686 5122 5687 5123 5688 5124 5688 5124 5687 5123 5689 5125 5688 5124 5689 5125 5690 5126 5690 5126 5689 5125 5691 5127 5690 5126 5691 5127 5692 5128 5692 5128 5691 5127 5693 5129 5692 5128 5693 5129 5694 5130 5694 5130 5693 5129 5695 5131 5694 5130 5695 5131 5624 5060 5624 5060 5695 5131 5625 5061 5696 5132 5658 5094 5697 5133 5697 5133 5658 5094 5660 5096 5697 5133 5660 5096 5698 5134 5698 5134 5660 5096 5662 5098 5698 5134 5662 5098 5699 5135 5699 5135 5662 5098 5664 5100 5699 5135 5664 5100 5700 5136 5700 5136 5664 5100 5666 5102 5700 5136 5666 5102 5701 5137 5701 5137 5666 5102 5668 5104 5701 5137 5668 5104 5702 5138 5702 5138 5668 5104 5670 5106 5702 5138 5670 5106 5703 5139 5703 5139 5670 5106 5672 5108 5703 5139 5672 5108 5704 5140 5704 5140 5672 5108 5674 5110 5704 5140 5674 5110 5705 5141 5705 5141 5674 5110 5676 5112 5705 5141 5676 5112 5706 5142 5706 5142 5676 5112 5678 5114 5706 5142 5678 5114 5707 5143 5707 5143 5678 5114 5680 5116 5707 5143 5680 5116 5708 5144 5708 5144 5680 5116 5682 5118 5708 5144 5682 5118 5709 5145 5709 5145 5682 5118 5684 5120 5709 5145 5684 5120 5710 5146 5710 5146 5684 5120 5686 5122 5710 5146 5686 5122 5711 5147 5711 5147 5686 5122 5688 5124 5711 5147 5688 5124 5712 5148 5712 5148 5688 5124 5690 5126 5712 5148 5690 5126 5713 5149 5713 5149 5690 5126 5692 5128 5713 5149 5692 5128 5714 5150 5714 5150 5692 5128 5694 5130 5714 5150 5694 5130 5715 5151 5715 5151 5694 5130 5624 5060 5715 5151 5624 5060 5716 5152 5716 5152 5624 5060 5626 5062 5716 5152 5626 5062 5717 5153 5717 5153 5626 5062 5628 5064 5717 5153 5628 5064 5718 5154 5718 5154 5628 5064 5630 5066 5718 5154 5630 5066 5719 5155 5719 5155 5630 5066 5632 5068 5719 5155 5632 5068 5720 5156 5720 5156 5632 5068 5634 5070 5720 5156 5634 5070 5721 5157 5721 5157 5634 5070 5636 5072 5721 5157 5636 5072 5722 5158 5722 5158 5636 5072 5638 5074 5722 5158 5638 5074 5723 5159 5723 5159 5638 5074 5640 5076 5723 5159 5640 5076 5724 5160 5724 5160 5640 5076 5642 5078 5724 5160 5642 5078 5725 5161 5725 5161 5642 5078 5644 5080 5725 5161 5644 5080 5726 5162 5726 5162 5644 5080 5646 5082 5726 5162 5646 5082 5727 5163 5727 5163 5646 5082 5648 5084 5727 5163 5648 5084 5728 5164 5728 5164 5648 5084 5650 5086 5728 5164 5650 5086 5729 5165 5729 5165 5650 5086 5652 5088 5729 5165 5652 5088 5730 5166 5730 5166 5652 5088 5654 5090 5730 5166 5654 5090 5731 5167 5731 5167 5654 5090 5656 5092 5731 5167 5656 5092 5696 5132 5696 5132 5656 5092 5658 5094 5732 5168 5733 5169 5734 5170 5734 5170 5733 5169 5735 5171 5734 5170 5735 5171 5736 5172 5736 5172 5735 5171 5737 5173 5736 5172 5737 5173 5738 5174 5738 5174 5737 5173 5739 5175 5738 5174 5739 5175 5740 5176 5740 5176 5739 5175 5741 5177 5740 5176 5741 5177 5742 5178 5742 5178 5741 5177 5743 5179 5742 5178 5743 5179 5744 5180 5744 5180 5743 5179 5745 5181 5744 5180 5745 5181 5746 5182 5746 5182 5745 5181 5747 5183 5746 5182 5747 5183 5748 5184 5748 5184 5747 5183 5749 5185 5748 5184 5749 5185 5750 5186 5750 5186 5749 5185 5751 5187 5750 5186 5751 5187 5752 5188 5752 5188 5751 5187 5753 5189 5752 5188 5753 5189 5754 5190 5754 5190 5753 5189 5755 5191 5754 5190 5755 5191 5756 5192 5756 5192 5755 5191 5757 5193 5756 5192 5757 5193 5758 5194 5758 5194 5757 5193 5759 5195 5758 5194 5759 5195 5760 5196 5760 5196 5759 5195 5761 5197 5760 5196 5761 5197 5762 5198 5762 5198 5761 5197 5763 5199 5762 5198 5763 5199 5764 5200 5764 5200 5763 5199 5765 5201 5764 5200 5765 5201 5766 5202 5766 5202 5765 5201 5767 5203 5766 5202 5767 5203 5768 5204 5768 5204 5767 5203 5769 5205 5768 5204 5769 5205 5770 5206 5770 5206 5769 5205 5771 5207 5770 5206 5771 5207 5772 5208 5772 5208 5771 5207 5773 5209 5772 5208 5773 5209 5774 5210 5774 5210 5773 5209 5775 5211 5774 5210 5775 5211 5776 5212 5776 5212 5775 5211 5777 5213 5776 5212 5777 5213 5778 5214 5778 5214 5777 5213 5779 5215 5778 5214 5779 5215 5780 5216 5780 5216 5779 5215 5781 5217 5780 5216 5781 5217 5782 5218 5782 5218 5781 5217 5783 5219 5782 5218 5783 5219 5784 5220 5784 5220 5783 5219 5785 5221 5784 5220 5785 5221 5786 5222 5786 5222 5785 5221 5787 5223 5786 5222 5787 5223 5788 5224 5788 5224 5787 5223 5789 5225 5788 5224 5789 5225 5790 5226 5790 5226 5789 5225 5791 5227 5790 5226 5791 5227 5792 5228 5792 5228 5791 5227 5793 5229 5792 5228 5793 5229 5794 5230 5794 5230 5793 5229 5795 5231 5794 5230 5795 5231 5796 5232 5796 5232 5795 5231 5797 5233 5796 5232 5797 5233 5798 5234 5798 5234 5797 5233 5799 5235 5798 5234 5799 5235 5800 5236 5800 5236 5799 5235 5801 5237 5800 5236 5801 5237 5802 5238 5802 5238 5801 5237 5803 5239 5802 5238 5803 5239 5732 5168 5732 5168 5803 5239 5733 5169 5804 5240 5716 5152 5805 5241 5805 5241 5716 5152 5717 5153 5805 5241 5717 5153 5806 5242 5806 5242 5717 5153 5718 5154 5806 5242 5718 5154 5807 5243 5807 5243 5718 5154 5719 5155 5807 5243 5719 5155 5808 5244 5808 5244 5719 5155 5720 5156 5808 5244 5720 5156 5809 5245 5809 5245 5720 5156 5721 5157 5809 5245 5721 5157 5810 5246 5810 5246 5721 5157 5722 5158 5810 5246 5722 5158 5811 5247 5811 5247 5722 5158 5723 5159 5811 5247 5723 5159 5812 5248 5812 5248 5723 5159 5724 5160 5812 5248 5724 5160 5813 5249 5813 5249 5724 5160 5725 5161 5813 5249 5725 5161 5814 5250 5814 5250 5725 5161 5726 5162 5814 5250 5726 5162 5815 5251 5815 5251 5726 5162 5727 5163 5815 5251 5727 5163 5816 5252 5816 5252 5727 5163 5728 5164 5816 5252 5728 5164 5817 5253 5817 5253 5728 5164 5729 5165 5817 5253 5729 5165 5818 5254 5818 5254 5729 5165 5730 5166 5818 5254 5730 5166 5819 5255 5819 5255 5730 5166 5731 5167 5819 5255 5731 5167 5820 5256 5820 5256 5731 5167 5696 5132 5820 5256 5696 5132 5821 5257 5821 5257 5696 5132 5697 5133 5821 5257 5697 5133 5822 5258 5822 5258 5697 5133 5698 5134 5822 5258 5698 5134 5823 5259 5823 5259 5698 5134 5699 5135 5823 5259 5699 5135 5824 5260 5824 5260 5699 5135 5700 5136 5824 5260 5700 5136 5825 5261 5825 5261 5700 5136 5701 5137 5825 5261 5701 5137 5826 5262 5826 5262 5701 5137 5702 5138 5826 5262 5702 5138 5827 5263 5827 5263 5702 5138 5703 5139 5827 5263 5703 5139 5828 5264 5828 5264 5703 5139 5704 5140 5828 5264 5704 5140 5829 5265 5829 5265 5704 5140 5705 5141 5829 5265 5705 5141 5830 5266 5830 5266 5705 5141 5706 5142 5830 5266 5706 5142 5831 5267 5831 5267 5706 5142 5707 5143 5831 5267 5707 5143 5832 5268 5832 5268 5707 5143 5708 5144 5832 5268 5708 5144 5833 5269 5833 5269 5708 5144 5709 5145 5833 5269 5709 5145 5834 5270 5834 5270 5709 5145 5710 5146 5834 5270 5710 5146 5835 5271 5835 5271 5710 5146 5711 5147 5835 5271 5711 5147 5836 5272 5836 5272 5711 5147 5712 5148 5836 5272 5712 5148 5837 5273 5837 5273 5712 5148 5713 5149 5837 5273 5713 5149 5838 5274 5838 5274 5713 5149 5714 5150 5838 5274 5714 5150 5839 5275 5839 5275 5714 5150 5715 5151 5839 5275 5715 5151 5804 5240 5804 5240 5715 5151 5716 5152 5779 5215 5827 5263 5781 5217 5781 5217 5827 5263 5828 5264 5781 5217 5828 5264 5783 5219 5783 5219 5828 5264 5829 5265 5783 5219 5829 5265 5785 5221 5785 5221 5829 5265 5830 5266 5785 5221 5830 5266 5787 5223 5787 5223 5830 5266 5831 5267 5787 5223 5831 5267 5789 5225 5789 5225 5831 5267 5832 5268 5789 5225 5832 5268 5791 5227 5791 5227 5832 5268 5833 5269 5791 5227 5833 5269 5793 5229 5793 5229 5833 5269 5834 5270 5793 5229 5834 5270 5795 5231 5795 5231 5834 5270 5835 5271 5795 5231 5835 5271 5797 5233 5797 5233 5835 5271 5836 5272 5797 5233 5836 5272 5799 5235 5799 5235 5836 5272 5837 5273 5799 5235 5837 5273 5801 5237 5801 5237 5837 5273 5838 5274 5801 5237 5838 5274 5803 5239 5803 5239 5838 5274 5839 5275 5803 5239 5839 5275 5733 5169 5733 5169 5839 5275 5804 5240 5733 5169 5804 5240 5735 5171 5735 5171 5804 5240 5805 5241 5735 5171 5805 5241 5737 5173 5737 5173 5805 5241 5806 5242 5737 5173 5806 5242 5739 5175 5739 5175 5806 5242 5807 5243 5739 5175 5807 5243 5741 5177 5741 5177 5807 5243 5808 5244 5741 5177 5808 5244 5743 5179 5743 5179 5808 5244 5809 5245 5743 5179 5809 5245 5745 5181 5745 5181 5809 5245 5810 5246 5745 5181 5810 5246 5747 5183 5747 5183 5810 5246 5811 5247 5747 5183 5811 5247 5749 5185 5749 5185 5811 5247 5812 5248 5749 5185 5812 5248 5751 5187 5751 5187 5812 5248 5813 5249 5751 5187 5813 5249 5753 5189 5753 5189 5813 5249 5814 5250 5753 5189 5814 5250 5755 5191 5755 5191 5814 5250 5815 5251 5755 5191 5815 5251 5757 5193 5757 5193 5815 5251 5816 5252 5757 5193 5816 5252 5759 5195 5759 5195 5816 5252 5817 5253 5759 5195 5817 5253 5761 5197 5761 5197 5817 5253 5818 5254 5761 5197 5818 5254 5763 5199 5763 5199 5818 5254 5819 5255 5763 5199 5819 5255 5765 5201 5765 5201 5819 5255 5820 5256 5765 5201 5820 5256 5767 5203 5767 5203 5820 5256 5821 5257 5767 5203 5821 5257 5769 5205 5769 5205 5821 5257 5822 5258 5769 5205 5822 5258 5771 5207 5771 5207 5822 5258 5823 5259 5771 5207 5823 5259 5773 5209 5773 5209 5823 5259 5824 5260 5773 5209 5824 5260 5775 5211 5775 5211 5824 5260 5825 5261 5775 5211 5825 5261 5777 5213 5777 5213 5825 5261 5826 5262 5777 5213 5826 5262 5779 5215 5779 5215 5826 5262 5827 5263 5673 5109 5840 5276 5675 5111 5675 5111 5840 5276 5841 5277 5675 5111 5841 5277 5677 5113 5677 5113 5841 5277 5842 5278 5677 5113 5842 5278 5679 5115 5679 5115 5842 5278 5843 5279 5679 5115 5843 5279 5681 5117 5681 5117 5843 5279 5844 5280 5681 5117 5844 5280 5683 5119 5683 5119 5844 5280 5845 5281 5683 5119 5845 5281 5685 5121 5685 5121 5845 5281 5846 5282 5685 5121 5846 5282 5687 5123 5687 5123 5846 5282 5847 5283 5687 5123 5847 5283 5689 5125 5689 5125 5847 5283 5848 5284 5689 5125 5848 5284 5691 5127 5691 5127 5848 5284 5849 5285 5691 5127 5849 5285 5693 5129 5693 5129 5849 5285 5850 5286 5693 5129 5850 5286 5695 5131 5695 5131 5850 5286 5851 5287 5695 5131 5851 5287 5625 5061 5625 5061 5851 5287 5852 5288 5625 5061 5852 5288 5627 5063 5627 5063 5852 5288 5853 5289 5627 5063 5853 5289 5629 5065 5629 5065 5853 5289 5854 5290 5629 5065 5854 5290 5631 5067 5631 5067 5854 5290 5855 5291 5631 5067 5855 5291 5633 5069 5633 5069 5855 5291 5856 5292 5633 5069 5856 5292 5635 5071 5635 5071 5856 5292 5857 5293 5635 5071 5857 5293 5637 5073 5637 5073 5857 5293 5858 5294 5637 5073 5858 5294 5639 5075 5639 5075 5858 5294 5859 5295 5639 5075 5859 5295 5641 5077 5641 5077 5859 5295 5860 5296 5641 5077 5860 5296 5643 5079 5643 5079 5860 5296 5861 5297 5643 5079 5861 5297 5645 5081 5645 5081 5861 5297 5862 5298 5645 5081 5862 5298 5647 5083 5647 5083 5862 5298 5863 5299 5647 5083 5863 5299 5649 5085 5649 5085 5863 5299 5864 5300 5649 5085 5864 5300 5651 5087 5651 5087 5864 5300 5865 5301 5651 5087 5865 5301 5653 5089 5653 5089 5865 5301 5866 5302 5653 5089 5866 5302 5655 5091 5655 5091 5866 5302 5867 5303 5655 5091 5867 5303 5657 5093 5657 5093 5867 5303 5868 5304 5657 5093 5868 5304 5659 5095 5659 5095 5868 5304 5869 5305 5659 5095 5869 5305 5661 5097 5661 5097 5869 5305 5870 5306 5661 5097 5870 5306 5663 5099 5663 5099 5870 5306 5871 5307 5663 5099 5871 5307 5665 5101 5665 5101 5871 5307 5872 5308 5665 5101 5872 5308 5667 5103 5667 5103 5872 5308 5873 5309 5667 5103 5873 5309 5669 5105 5669 5105 5873 5309 5874 5310 5669 5105 5874 5310 5671 5107 5671 5107 5874 5310 5875 5311 5671 5107 5875 5311 5673 5109 5673 5109 5875 5311 5840 5276 5851 5287 5876 5312 5852 5288 5852 5288 5876 5312 5877 5313 5852 5288 5877 5313 5853 5289 5853 5289 5877 5313 5878 5314 5853 5289 5878 5314 5854 5290 5854 5290 5878 5314 5879 5315 5854 5290 5879 5315 5855 5291 5855 5291 5879 5315 5880 5316 5855 5291 5880 5316 5856 5292 5856 5292 5880 5316 5881 5317 5856 5292 5881 5317 5857 5293 5857 5293 5881 5317 5882 5318 5857 5293 5882 5318 5858 5294 5858 5294 5882 5318 5883 5319 5858 5294 5883 5319 5859 5295 5859 5295 5883 5319 5884 5320 5859 5295 5884 5320 5860 5296 5860 5296 5884 5320 5885 5321 5860 5296 5885 5321 5861 5297 5861 5297 5885 5321 5886 5322 5861 5297 5886 5322 5862 5298 5862 5298 5886 5322 5887 5323 5862 5298 5887 5323 5863 5299 5863 5299 5887 5323 5888 5324 5863 5299 5888 5324 5864 5300 5864 5300 5888 5324 5889 5325 5864 5300 5889 5325 5865 5301 5865 5301 5889 5325 5890 5326 5865 5301 5890 5326 5866 5302 5866 5302 5890 5326 5891 5327 5866 5302 5891 5327 5867 5303 5867 5303 5891 5327 5892 5328 5867 5303 5892 5328 5868 5304 5868 5304 5892 5328 5893 5329 5868 5304 5893 5329 5869 5305 5869 5305 5893 5329 5894 5330 5869 5305 5894 5330 5870 5306 5870 5306 5894 5330 5895 5331 5870 5306 5895 5331 5871 5307 5871 5307 5895 5331 5896 5332 5871 5307 5896 5332 5872 5308 5872 5308 5896 5332 5897 5333 5872 5308 5897 5333 5873 5309 5873 5309 5897 5333 5898 5334 5873 5309 5898 5334 5874 5310 5874 5310 5898 5334 5899 5335 5874 5310 5899 5335 5875 5311 5875 5311 5899 5335 5900 5336 5875 5311 5900 5336 5840 5276 5840 5276 5900 5336 5901 5337 5840 5276 5901 5337 5841 5277 5841 5277 5901 5337 5902 5338 5841 5277 5902 5338 5842 5278 5842 5278 5902 5338 5903 5339 5842 5278 5903 5339 5843 5279 5843 5279 5903 5339 5904 5340 5843 5279 5904 5340 5844 5280 5844 5280 5904 5340 5905 5341 5844 5280 5905 5341 5845 5281 5845 5281 5905 5341 5906 5342 5845 5281 5906 5342 5846 5282 5846 5282 5906 5342 5907 5343 5846 5282 5907 5343 5847 5283 5847 5283 5907 5343 5908 5344 5847 5283 5908 5344 5848 5284 5848 5284 5908 5344 5909 5345 5848 5284 5909 5345 5849 5285 5849 5285 5909 5345 5910 5346 5849 5285 5910 5346 5850 5286 5850 5286 5910 5346 5911 5347 5850 5286 5911 5347 5851 5287 5851 5287 5911 5347 5876 5312 5764 5200 5766 5202 5912 5348 5912 5348 5766 5202 5768 5204 5912 5348 5768 5204 5770 5206 5758 5194 5760 5196 5912 5348 5912 5348 5760 5196 5762 5198 5912 5348 5762 5198 5764 5200 5752 5188 5754 5190 5912 5348 5912 5348 5754 5190 5756 5192 5912 5348 5756 5192 5758 5194 5746 5182 5748 5184 5912 5348 5912 5348 5748 5184 5750 5186 5912 5348 5750 5186 5752 5188 5740 5176 5742 5178 5912 5348 5912 5348 5742 5178 5744 5180 5912 5348 5744 5180 5746 5182 5734 5170 5736 5172 5912 5348 5912 5348 5736 5172 5738 5174 5912 5348 5738 5174 5740 5176 5800 5236 5802 5238 5912 5348 5912 5348 5802 5238 5732 5168 5912 5348 5732 5168 5734 5170 5794 5230 5796 5232 5912 5348 5912 5348 5796 5232 5798 5234 5912 5348 5798 5234 5800 5236 5788 5224 5790 5226 5912 5348 5912 5348 5790 5226 5792 5228 5912 5348 5792 5228 5794 5230 5782 5218 5784 5220 5912 5348 5912 5348 5784 5220 5786 5222 5912 5348 5786 5222 5788 5224 5776 5212 5778 5214 5912 5348 5912 5348 5778 5214 5780 5216 5912 5348 5780 5216 5782 5218 5770 5206 5772 5208 5912 5348 5912 5348 5772 5208 5774 5210 5912 5348 5774 5210 5776 5212 5913 5349 5914 5350 5432 4869 5432 4869 5914 5350 5449 4886 5449 4886 5914 5350 5915 5351 5449 4886 5915 5351 5916 5352 5917 5353 5918 5354 5431 4868 5919 5355 5920 5356 5921 5357 5921 5357 5920 5356 5922 5358 5923 5359 5924 5360 5454 4891 5925 5361 5921 5357 5926 5362 5926 5362 5921 5357 5927 5363 5925 5361 5928 5364 5921 5357 5921 5357 5928 5364 5929 5365 5921 5357 5929 5365 5919 5355 5431 4868 5918 5354 5432 4869 5432 4869 5918 5354 5930 5366 5432 4869 5930 5366 5913 5349 5924 5360 5931 5367 5454 4891 5454 4891 5931 5367 5932 5368 5454 4891 5932 5368 5452 4889 5452 4889 5932 5368 5933 5369 5452 4889 5933 5369 5451 4888 5451 4888 5933 5369 5934 5370 5451 4888 5934 5370 5455 4892 5455 4892 5934 5370 5935 5371 5936 5372 5615 5051 5937 5373 5937 5373 5615 5051 5617 5053 5937 5373 5617 5053 5938 5374 5938 5374 5617 5053 5619 5055 5938 5374 5619 5055 5939 5375 5939 5375 5619 5055 5621 5057 5939 5375 5621 5057 5940 5376 5940 5376 5621 5057 5623 5059 5940 5376 5623 5059 5941 5377 5941 5377 5623 5059 4977 4552 5941 5377 4977 4552 5942 5378 5942 5378 4977 4552 5457 4894 5942 5378 5457 4894 5935 5371 5935 5371 5457 4894 5456 4893 5935 5371 5456 4893 5455 4892 5431 4868 5440 4877 5917 5353 5917 5353 5440 4877 5437 4874 5917 5353 5437 4874 5943 5379 5943 5379 5437 4874 5434 4871 5943 5379 5434 4871 5944 5380 5944 5380 5434 4871 5430 4867 5944 5380 5430 4867 5945 5381 5945 5381 5430 4867 5429 4866 5945 5381 5429 4866 5946 5382 5946 5382 5429 4866 5607 5043 5946 5382 5607 5043 5947 5383 5947 5383 5607 5043 5609 5045 5947 5383 5609 5045 5948 5384 5948 5384 5609 5045 5611 5047 5948 5384 5611 5047 5936 5372 5936 5372 5611 5047 5613 5049 5936 5372 5613 5049 5615 5051 5949 5385 5447 4884 5446 4883 5950 5386 5951 5387 5952 5388 5953 5389 5954 5390 5498 4935 5955 5391 5956 5392 5957 5393 5949 5385 5958 5394 5447 4884 5447 4884 5958 5394 5959 5395 5447 4884 5959 5395 5960 5396 5951 5387 5961 5397 5952 5388 5952 5388 5961 5397 5962 5398 5952 5388 5962 5398 5963 5399 5957 5393 5949 5385 5955 5391 5955 5391 5949 5385 5446 4883 5955 5391 5446 4883 5921 5357 5921 5357 5446 4883 5449 4886 5921 5357 5449 4886 5927 5363 5927 5363 5449 4886 5916 5352 5960 5396 5964 5400 5447 4884 5447 4884 5964 5400 5965 5401 5447 4884 5965 5401 5558 4994 5558 4994 5965 5401 5966 5402 5558 4994 5966 5402 5557 4993 5557 4993 5966 5402 5967 5403 5557 4993 5967 5403 5562 4998 5562 4998 5967 5403 5968 5404 5952 5388 5969 5405 5950 5386 5950 5386 5969 5405 5970 5406 5950 5386 5970 5406 5971 5407 5971 5407 5970 5406 5972 5408 5971 5407 5972 5408 5973 5409 5973 5409 5972 5408 5974 5410 5973 5409 5974 5410 5975 5411 5975 5411 5974 5410 5976 5412 5975 5411 5976 5412 5977 5413 5977 5413 5976 5412 5978 5414 5977 5413 5978 5414 5979 5415 5979 5415 5978 5414 5568 5004 5979 5415 5568 5004 5980 5416 5980 5416 5568 5004 5565 5001 5980 5416 5565 5001 5968 5404 5968 5404 5565 5001 5563 4999 5968 5404 5563 4999 5562 4998 5954 5390 5981 5417 5498 4935 5498 4935 5981 5417 5982 5418 5498 4935 5982 5418 5499 4936 5499 4936 5982 5418 5983 5419 5983 5419 5984 5420 5499 4936 5499 4936 5984 5420 5985 5421 5499 4936 5985 5421 5986 5422 5987 5423 5988 5424 5955 5391 5955 5391 5988 5424 5989 5425 5955 5391 5989 5425 5956 5392 5986 5422 5990 5426 5955 5391 5955 5391 5990 5426 5991 5427 5955 5391 5991 5427 5987 5423 5552 4988 5543 4979 5992 5428 5549 4985 5546 4982 5552 4988 5552 4988 5546 4982 5544 4980 5552 4988 5544 4980 5543 4979 5992 5428 5993 5429 5552 4988 5552 4988 5993 5429 5952 5388 5552 4988 5952 5388 5545 4981 5545 4981 5952 5388 5963 5399 5545 4981 5963 5399 5498 4935 5498 4935 5963 5399 5994 5430 5498 4935 5994 5430 5953 5389 5995 5431 5996 5432 5500 4937 5997 5433 5525 4961 5998 5434 5998 5434 5525 4961 5524 4960 5998 5434 5524 4960 5999 5435 5999 5435 5524 4960 5500 4937 5999 5435 5500 4937 6000 5436 6000 5436 5500 4937 5996 5432 5997 5433 6001 5437 5525 4961 5525 4961 6001 5437 6002 5438 5525 4961 6002 5438 6003 5439 6004 5440 6005 5441 5955 5391 5955 5391 6005 5441 6006 5442 6006 5442 6007 5443 5955 5391 5955 5391 6007 5443 6008 5444 5955 5391 6008 5444 6009 5445 6009 5445 6010 5446 5955 5391 5955 5391 6010 5446 6011 5447 5955 5391 6011 5447 6012 5448 5517 4935 6013 5449 6014 5450 6015 5451 6016 5452 6017 5453 6017 5453 6016 5452 6018 5454 5986 5422 5955 5391 5499 4936 5499 4936 5955 5391 6012 5448 5499 4936 6012 5448 5500 4937 5500 4937 6012 5448 6019 5455 5500 4937 6019 5455 5995 5431 6020 5456 5537 4973 6021 5457 6021 5457 5537 4973 6022 5458 6020 5456 6023 5459 6017 5453 6017 5453 6023 5459 6024 5460 6017 5453 6024 5460 6025 5461 6014 5450 6026 5417 5517 4935 5517 4935 6026 5417 6027 5462 5517 4935 6027 5462 5537 4973 5537 4973 6027 5462 6028 5463 5537 4973 6028 5463 6022 5458 6025 5461 6029 5464 6017 5453 6017 5453 6029 5464 6030 5465 6017 5453 6030 5465 6015 5451 5509 4946 5505 4942 5512 4949 5512 4949 5505 4942 5515 4952 5505 4942 5504 4941 5515 4952 5515 4952 5504 4941 5532 4968 5515 4952 5532 4968 5530 4966 5530 4966 5529 4965 5515 4952 5515 4952 5529 4965 5526 4962 5515 4952 5526 4962 5522 4958 5522 4958 5526 4962 5525 4961 5522 4958 5525 4961 5519 4955 5519 4955 5525 4961 6003 5439 5519 4955 6003 5439 5517 4935 5517 4935 6003 5439 6031 5466 5517 4935 6031 5466 6013 5449 6032 5467 6033 5468 6034 5469 6035 5470 6036 5471 5538 4974 6037 5472 6038 5473 6039 5474 6033 5468 6040 5475 6034 5469 6034 5469 6040 5475 6041 5476 6034 5469 6041 5476 6042 5477 6043 5478 6044 5479 6045 5480 6045 5480 6044 5479 6046 5481 6047 5482 6048 5483 6034 5469 6034 5469 6048 5483 6049 5484 6034 5469 6049 5484 6032 5467 6020 5456 6017 5453 5537 4973 5537 4973 6017 5453 6034 5469 5537 4973 6034 5469 5540 4976 5540 4976 6034 5469 6042 5477 5540 4976 6042 5477 5538 4974 5538 4974 6042 5477 6050 5485 5538 4974 6050 5485 6035 5470 6036 5471 6051 5486 5538 4974 5538 4974 6051 5486 6052 5487 5538 4974 6052 5487 5593 5029 5593 5029 6052 5487 6053 5488 5593 5029 6053 5488 5592 5028 5592 5028 6053 5488 6054 5489 5592 5028 6054 5489 6055 5490 5603 5039 5600 5036 6039 5474 6039 5474 5600 5036 5598 5034 6055 5490 6037 5472 5592 5028 5592 5028 6037 5472 6039 5474 5592 5028 6039 5474 5597 5033 5597 5033 6039 5474 5598 5034 6056 5491 6057 5492 6039 5474 6039 5474 6057 5492 6058 5493 6039 5474 6058 5493 5603 5039 6059 5494 5478 4915 6060 5495 6060 5495 5478 4915 5477 4914 6060 5495 5477 4914 6061 5496 6038 5473 6062 5497 6039 5474 6039 5474 6062 5497 6063 5498 6039 5474 6063 5498 6056 5491 6056 5491 6063 5498 6064 5499 6056 5491 6064 5499 6065 5500 6065 5500 6064 5499 6066 5501 6065 5500 6066 5501 6067 5502 6067 5502 6066 5501 6068 5503 6067 5502 6068 5503 6069 5504 6069 5504 6068 5503 6070 5505 6069 5504 6070 5505 6071 5506 6071 5506 6070 5505 6072 5507 6071 5506 6072 5507 6073 5508 6073 5508 6072 5507 6074 5509 6073 5508 6074 5509 5475 4912 5475 4912 6074 5509 6075 5510 5475 4912 6075 5510 5476 4913 5476 4913 6075 5510 6076 5511 5476 4913 6076 5511 5480 4917 5480 4917 6076 5511 6077 5512 5480 4917 6077 5512 5483 4920 5483 4920 6077 5512 6061 5496 5483 4920 6061 5496 5486 4923 5486 4923 6061 5496 5477 4914 6059 5494 6078 5513 5478 4915 5478 4915 6078 5513 6046 5481 5478 4915 6046 5481 5495 4932 5495 4932 6046 5481 6044 5479 5495 4932 6044 5479 5492 4929 5492 4929 6044 5479 6079 5514 5492 4929 6079 5514 5493 4930 5493 4930 6080 5515 5580 5016 5580 5016 6080 5515 6081 5516 5580 5016 6081 5516 5579 5015 5579 5015 6081 5516 6082 5517 5579 5015 6082 5517 5584 5020 5584 5020 6082 5517 6083 5518 6084 5519 4940 4515 6085 5520 6085 5520 4940 4515 4942 4517 6085 5520 4942 4517 6086 5521 6086 5521 4942 4517 4944 4519 6086 5521 4944 4519 6087 5522 6087 5522 4944 4519 4946 4521 6087 5522 4946 4521 6088 5523 6088 5523 4946 4521 4948 4523 6088 5523 4948 4523 6089 5524 6089 5524 4948 4523 4949 4524 6089 5524 4949 4524 6090 5525 6090 5525 4949 4524 5587 5023 6090 5525 5587 5023 6083 5518 6083 5518 5587 5023 5585 5021 6083 5518 5585 5021 5584 5020 6091 5526 6092 5527 6079 5514 6079 5514 6092 5527 6093 5528 6079 5514 6093 5528 5493 4930 5493 4930 6093 5528 6094 5529 5493 4930 6094 5529 6080 5515 6095 5530 6096 5531 6097 5532 6097 5532 6096 5531 6098 5533 6099 5534 5460 4897 6100 5535 6100 5535 5460 4897 5459 4896 6100 5535 5459 4896 6101 5536 6099 5534 6102 5537 5460 4897 5460 4897 6102 5537 6103 5538 5460 4897 6103 5538 5465 4902 5465 4902 6103 5538 6104 5539 5465 4902 6104 5539 6105 5540 6105 5540 6106 5541 6097 5532 6097 5532 6106 5541 6107 5542 6097 5532 6107 5542 6095 5530 6098 5533 6108 5543 6097 5532 6097 5532 6108 5543 6109 5544 6097 5532 6109 5544 6079 5514 6079 5514 6109 5544 6110 5545 6079 5514 6110 5545 6091 5526 5459 4896 5464 4901 6101 5536 6101 5536 5464 4901 5463 4900 6101 5536 5463 4900 6111 5546 6111 5546 5463 4900 5462 4899 6111 5546 5462 4899 6112 5547 6112 5547 5462 4899 5458 4895 6112 5547 5458 4895 6113 5548 6113 5548 5458 4895 4931 4506 6113 5548 4931 4506 6114 5549 6114 5549 4931 4506 4930 4505 6114 5549 4930 4505 6115 5550 6115 5550 4930 4505 4934 4509 6115 5550 4934 4509 6116 5551 6116 5551 4934 4509 4936 4511 6116 5551 4936 4511 6084 5519 6084 5519 4936 4511 4938 4513 6084 5519 4938 4513 4940 4515 6117 5552 6118 5553 5572 5008 5572 5008 5921 5357 5573 5009 5573 5009 5921 5357 5922 5358 5573 5009 5922 5358 5454 4891 5454 4891 5922 5358 6119 5554 5454 4891 6119 5554 5923 5359 6120 5555 6121 5556 6122 5557 6120 5555 6123 5558 6124 5559 6122 5557 6125 5560 6120 5555 6120 5555 6125 5560 6126 5561 6120 5555 6126 5561 6127 5562 6105 5540 6097 5532 5465 4902 5465 4902 6097 5532 6120 5555 5465 4902 6120 5555 5468 4905 5468 4905 6120 5555 6124 5559 5468 4905 6124 5559 5466 4903 6128 5563 6129 5564 5921 5357 6130 5565 6131 5566 5921 5357 5921 5357 6131 5566 6132 5567 6127 5562 6133 5568 6120 5555 6120 5555 6133 5568 6134 5569 6120 5555 6134 5569 6123 5558 6129 5564 6135 5570 5921 5357 5921 5357 6135 5570 6136 5571 5921 5357 6136 5571 6130 5565 6132 5567 6137 5572 5921 5357 5921 5357 6137 5572 6138 5573 5921 5357 6138 5573 6139 5574 6124 5559 6140 5575 5466 4903 5466 4903 6140 5575 6141 5576 5466 4903 6141 5576 6142 5577 5572 5008 6118 5553 5921 5357 5921 5357 6118 5553 6143 5578 5921 5357 6143 5578 6128 5563 6117 5552 5572 5008 6144 5579 6144 5579 5572 5008 5575 5011 6144 5579 5575 5011 6145 5580 5575 5011 5578 5014 6145 5580 6145 5580 5578 5014 5577 5013 6145 5580 5577 5013 6146 5581 6146 5581 5577 5013 5576 5012 6146 5581 5576 5012 6147 5582 6147 5582 5576 5012 5574 5010 6147 5582 5574 5010 6148 5583 6148 5583 5574 5010 4978 4553 6148 5583 4978 4553 6149 5584 6149 5584 4978 4553 5473 4910 6149 5584 5473 4910 6150 5585 5473 4910 5472 4909 6150 5585 6150 5585 5472 4909 5471 4908 6150 5585 5471 4908 6151 5586 6151 5586 5471 4908 5469 4906 6151 5586 5469 4906 6152 5587 6152 5587 5469 4906 5470 4907 6152 5587 5470 4907 6153 5588 6153 5588 5470 4907 5466 4903 6153 5588 5466 4903 6154 5367 6154 5367 5466 4903 6142 5577 6017 5453 5889 5325 5888 5324 6097 5532 5901 5337 6120 5555 6120 5555 5901 5337 5900 5336 6120 5555 5900 5336 5899 5335 5892 5328 5891 5327 6017 5453 6017 5453 5891 5327 5890 5326 6017 5453 5890 5326 5889 5325 5899 5335 5898 5334 6120 5555 6120 5555 5898 5334 5897 5333 6120 5555 5897 5333 5896 5332 5896 5332 5895 5331 6120 5555 6120 5555 5895 5331 5894 5330 6120 5555 5894 5330 6017 5453 6017 5453 5894 5330 5893 5329 6017 5453 5893 5329 5892 5328 5888 5324 5887 5323 6017 5453 6017 5453 5887 5323 5886 5322 6017 5453 5886 5322 6034 5469 6034 5469 5886 5322 5885 5321 6034 5469 5885 5321 5884 5320 5909 5345 5908 5344 6079 5514 6043 5478 6047 5482 6044 5479 6044 5479 6047 5482 6034 5469 6044 5479 6034 5469 5883 5319 5883 5319 6034 5469 5884 5320 5908 5344 5907 5343 6079 5514 6079 5514 5907 5343 5906 5342 6079 5514 5906 5342 5905 5341 5883 5319 5882 5318 6044 5479 6044 5479 5882 5318 5881 5317 6044 5479 5881 5317 5880 5316 5877 5313 5876 5312 6044 5479 6044 5479 5876 5312 5911 5347 6044 5479 5911 5347 6079 5514 6079 5514 5911 5347 5910 5346 6079 5514 5910 5346 5909 5345 5905 5341 5904 5340 6079 5514 6079 5514 5904 5340 5903 5339 6079 5514 5903 5339 6097 5532 6097 5532 5903 5339 5902 5338 6097 5532 5902 5338 5901 5337 5880 5316 5879 5315 6044 5479 6044 5479 5879 5315 5878 5314 6044 5479 5878 5314 5877 5313 6139 5574 6121 5556 5921 5357 5921 5357 6121 5556 6120 5555 5921 5357 6120 5555 5955 5391 5955 5391 6120 5555 6017 5453 5955 5391 6017 5453 6004 5440 6004 5440 6017 5453 6018 5454 5450 4887 2903 2577 5443 4880 5443 4880 2903 2577 2864 2538 5443 4880 2864 2538 5444 4881 5442 4879 5441 4878 2864 2538 2864 2538 5441 4878 5445 4882 2864 2538 5445 4882 5444 4881 5429 4866 5428 4865 2864 2538 2864 2538 5428 4865 5436 4873 2864 2538 5436 4873 5435 4872 5450 4887 5561 4997 2903 2577 2903 2577 5561 4997 5560 4996 2903 2577 5560 4996 5559 4995 5435 4872 5439 4876 2864 2538 2864 2538 5439 4876 5438 4875 2864 2538 5438 4875 5442 4879 5559 4995 5564 5000 2903 2577 2903 2577 5564 5000 5567 5003 2903 2577 5567 5003 5566 5002 5566 5002 5570 5006 2903 2577 2903 2577 5570 5006 5569 5005 2903 2577 5569 5005 5568 5004 5992 5428 5543 4979 2884 2558 2884 2558 6155 5589 5992 5428 5992 5428 6155 5589 6156 5590 5992 5428 6156 5590 5993 5429 5993 5429 6156 5590 6157 5591 5993 5429 6157 5591 5952 5388 5952 5388 6157 5591 6158 5592 5952 5388 6158 5592 5969 5405 5969 5405 6158 5592 6159 5593 5969 5405 6159 5593 5970 5406 5970 5406 6159 5593 6160 5594 5970 5406 6160 5594 5972 5408 5972 5408 6160 5594 6161 5595 5972 5408 6161 5595 5974 5410 5974 5410 6161 5595 6162 5596 5974 5410 6162 5596 5976 5412 5976 5412 6162 5596 6163 5597 5976 5412 6163 5597 5978 5414 5978 5414 6163 5597 2903 2577 5978 5414 2903 2577 5568 5004 5520 4956 5541 4977 2921 2595 5555 4991 5503 4940 2884 2558 2884 2558 5503 4940 5502 4939 2921 2595 2884 2558 5520 4956 5520 4956 2884 2558 5502 4939 5520 4956 5502 4939 5521 4957 5521 4957 5502 4939 5516 4953 5554 4990 5553 4989 2884 2558 2884 2558 5553 4989 5556 4992 2884 2558 5556 4992 5555 4991 5541 4977 5596 5032 2921 2595 2921 2595 5596 5032 5595 5031 2921 2595 5595 5031 5594 5030 5543 4979 5542 4978 2884 2558 2884 2558 5542 4978 5548 4984 2884 2558 5548 4984 5547 4983 5513 4950 5523 4959 5527 4963 5523 4959 5513 4950 5502 4939 5502 4939 5513 4950 5514 4951 5502 4939 5514 4951 5516 4953 5547 4983 5551 4987 2884 2558 2884 2558 5551 4987 5550 4986 2884 2558 5550 4986 5554 4990 5594 5030 5599 5035 2921 2595 2921 2595 5599 5035 5602 5038 2921 2595 5602 5038 5601 5037 5601 5037 5605 5041 2921 2595 2921 2595 5605 5041 5604 5040 2921 2595 5604 5040 5603 5039 5504 4941 5527 4963 5535 4971 5535 4971 5527 4963 5528 4964 5535 4971 5528 4964 5531 4967 5504 4941 5506 4943 5527 4963 5527 4963 5506 4943 5507 4944 5527 4963 5507 4944 5508 4945 5531 4967 5534 4970 5535 4971 5535 4971 5534 4970 5533 4969 5535 4971 5533 4969 5536 4972 5508 4945 5510 4947 5527 4963 5527 4963 5510 4947 5511 4948 5527 4963 5511 4948 5513 4950 5475 4912 2845 2519 2905 2579 5475 4912 2905 2579 6073 5508 6073 5508 2905 2579 2907 2581 6073 5508 2907 2581 6071 5506 6071 5506 2907 2581 2909 2583 6071 5506 2909 2583 6069 5504 6069 5504 2909 2583 2911 2585 6069 5504 2911 2585 6067 5502 6067 5502 2911 2585 2913 2587 6067 5502 2913 2587 6065 5500 6065 5500 2913 2587 2915 2589 6065 5500 2915 2589 6056 5491 6056 5491 2915 2589 2917 2591 6056 5491 2917 2591 6057 5492 6057 5492 2917 2591 2919 2593 6057 5492 2919 2593 6058 5493 6058 5493 2919 2593 2921 2595 6058 5493 2921 2595 5603 5039 2845 2519 6164 5598 6165 5599 2883 2557 5622 5058 2864 2538 2846 2520 2883 2557 6166 5600 6166 5600 2883 2557 2864 2538 6166 5600 2864 2538 6165 5599 6165 5599 2864 2538 2903 2577 6156 5590 6155 5589 6161 5595 5612 5048 5610 5046 5622 5058 6161 5595 6155 5589 6162 5596 6166 5600 6167 5601 2846 2520 2846 2520 6167 5601 2844 2518 2846 2520 2844 2518 4932 4507 4932 4507 2844 2518 4947 4522 2919 2593 2917 2591 2915 2589 5618 5054 5616 5052 5614 5050 5610 5046 5608 5044 5622 5058 5622 5058 5608 5044 5606 5042 5622 5058 5606 5042 2864 2538 6160 5594 6159 5593 6158 5592 2915 2589 2913 2587 2919 2593 2919 2593 2913 2587 2911 2585 2921 2595 2845 2519 6165 5599 2921 2595 6165 5599 2884 2558 2884 2558 6165 5599 2903 2577 2884 2558 2903 2577 6155 5589 6155 5589 2903 2577 6163 5597 6155 5589 6163 5597 6162 5596 5612 5048 5622 5058 5614 5050 5614 5050 5622 5058 5620 5056 5614 5050 5620 5056 5618 5054 6160 5594 6158 5592 6161 5595 6161 5595 6158 5592 6157 5591 6161 5595 6157 5591 6156 5590 4947 4522 4945 4520 4932 4507 4932 4507 4945 4520 4943 4518 4932 4507 4943 4518 4933 4508 4933 4508 4943 4518 4941 4516 4941 4516 4939 4514 4933 4508 4933 4508 4939 4514 4937 4512 4933 4508 4937 4512 4935 4510 5008 4583 6168 5602 5006 4581 5006 4581 6168 5602 6169 5603 5006 4581 6169 5603 5004 4579 5004 4579 6169 5603 6170 5604 5004 4579 6170 5604 5002 4577 5002 4577 6170 5604 6171 5605 5002 4577 6171 5605 5000 4575 5000 4575 6171 5605 6172 5606 5000 4575 6172 5606 4998 4573 4998 4573 6172 5606 6173 5607 4998 4573 6173 5607 4996 4571 4996 4571 6173 5607 6174 5608 4996 4571 6174 5608 4994 4569 4994 4569 6174 5608 6175 5609 4994 4569 6175 5609 4992 4567 4992 4567 6175 5609 6176 5610 4992 4567 6176 5610 4990 4565 4990 4565 6176 5610 6177 5611 4990 4565 6177 5611 5060 4635 5060 4635 6177 5611 6178 5612 5060 4635 6178 5612 5058 4633 5058 4633 6178 5612 6179 5613 5058 4633 6179 5613 5056 4631 5056 4631 6179 5613 6180 5614 5056 4631 6180 5614 5054 4629 5054 4629 6180 5614 6181 5615 5054 4629 6181 5615 5052 4627 5052 4627 6181 5615 6182 5616 5052 4627 6182 5616 5050 4625 5050 4625 6182 5616 6183 5617 5050 4625 6183 5617 5048 4623 5048 4623 6183 5617 6184 5618 5048 4623 6184 5618 5046 4621 5046 4621 6184 5618 6185 5619 5046 4621 6185 5619 5044 4619 5044 4619 6185 5619 6186 5620 5044 4619 6186 5620 5042 4617 5042 4617 6186 5620 6187 5621 5042 4617 6187 5621 5040 4615 5040 4615 6187 5621 6188 5622 5040 4615 6188 5622 5038 4613 5038 4613 6188 5622 6189 5623 5038 4613 6189 5623 5036 4611 5036 4611 6189 5623 6190 5624 5036 4611 6190 5624 5034 4609 5034 4609 6190 5624 6191 5625 5034 4609 6191 5625 5032 4607 5032 4607 6191 5625 6192 5626 5032 4607 6192 5626 5030 4605 5030 4605 6192 5626 6193 5627 5030 4605 6193 5627 5028 4603 5028 4603 6193 5627 6194 5628 5028 4603 6194 5628 5026 4601 5026 4601 6194 5628 6195 5629 5026 4601 6195 5629 5024 4599 5024 4599 6195 5629 6196 5630 5024 4599 6196 5630 5022 4597 5022 4597 6196 5630 6197 5631 5022 4597 6197 5631 5020 4595 5020 4595 6197 5631 6198 5632 5020 4595 6198 5632 5018 4593 5018 4593 6198 5632 6199 5633 5018 4593 6199 5633 5016 4591 5016 4591 6199 5633 6200 5634 5016 4591 6200 5634 5014 4589 5014 4589 6200 5634 6201 5635 5014 4589 6201 5635 5012 4587 5012 4587 6201 5635 6202 5636 5012 4587 6202 5636 5010 4585 5010 4585 6202 5636 6203 5637 5010 4585 6203 5637 5008 4583 5008 4583 6203 5637 6168 5602 6177 5611 6124 5559 6178 5612 6178 5612 6124 5559 6123 5558 6178 5612 6123 5558 6179 5613 6179 5613 6123 5558 6134 5569 6179 5613 6134 5569 6180 5614 6180 5614 6134 5569 6133 5568 6180 5614 6133 5568 6181 5615 6181 5615 6133 5568 6127 5562 6181 5615 6127 5562 6182 5616 6182 5616 6127 5562 6126 5561 6182 5616 6126 5561 6183 5617 6183 5617 6126 5561 6125 5560 6183 5617 6125 5560 6184 5618 6184 5618 6125 5560 6122 5557 6184 5618 6122 5557 6185 5619 6185 5619 6122 5557 6121 5556 6185 5619 6121 5556 6186 5620 6186 5620 6121 5556 6139 5574 6186 5620 6139 5574 6187 5621 6187 5621 6139 5574 6138 5573 6187 5621 6138 5573 6188 5622 6188 5622 6138 5573 6137 5572 6188 5622 6137 5572 6189 5623 6189 5623 6137 5572 6132 5567 6189 5623 6132 5567 6190 5624 6190 5624 6132 5567 6131 5566 6190 5624 6131 5566 6191 5625 6191 5625 6131 5566 6130 5565 6191 5625 6130 5565 6192 5626 6192 5626 6130 5565 6136 5571 6192 5626 6136 5571 6193 5627 6193 5627 6136 5571 6135 5570 6193 5627 6135 5570 6194 5628 6194 5628 6135 5570 6129 5564 6194 5628 6129 5564 6195 5629 6195 5629 6129 5564 6128 5563 6195 5629 6128 5563 6196 5630 6196 5630 6128 5563 6143 5578 6196 5630 6143 5578 6197 5631 6197 5631 6143 5578 6118 5553 6197 5631 6118 5553 6198 5632 6198 5632 6118 5553 6117 5552 6198 5632 6117 5552 6199 5633 6199 5633 6117 5552 6144 5579 6199 5633 6144 5579 6200 5634 6200 5634 6144 5579 6145 5580 6200 5634 6145 5580 6201 5635 6201 5635 6145 5580 6146 5581 6201 5635 6146 5581 6202 5636 6202 5636 6146 5581 6147 5582 6202 5636 6147 5582 6203 5637 6203 5637 6147 5582 6148 5583 6203 5637 6148 5583 6168 5602 6168 5602 6148 5583 6149 5584 6168 5602 6149 5584 6169 5603 6169 5603 6149 5584 6150 5585 6169 5603 6150 5585 6170 5604 6170 5604 6150 5585 6151 5586 6170 5604 6151 5586 6171 5605 6171 5605 6151 5586 6152 5587 6171 5605 6152 5587 6172 5606 6172 5606 6152 5587 6153 5588 6172 5606 6153 5588 6173 5607 6173 5607 6153 5588 6154 5367 6173 5607 6154 5367 6174 5608 6174 5608 6154 5367 6142 5577 6174 5608 6142 5577 6175 5609 6175 5609 6142 5577 6141 5576 6175 5609 6141 5576 6176 5610 6176 5610 6141 5576 6140 5575 6176 5610 6140 5575 6177 5611 6177 5611 6140 5575 6124 5559 5154 4583 6204 5638 5152 4699 5152 4699 6204 5638 6205 5639 5152 4699 6205 5639 5150 4698 5150 4698 6205 5639 6206 5640 5150 4698 6206 5640 5148 4697 5148 4697 6206 5640 6207 5605 5148 4697 6207 5605 5146 4643 5146 4643 6207 5605 6208 5641 5146 4643 6208 5641 5144 4641 5144 4641 6208 5641 6209 5642 5144 4641 6209 5642 5142 4639 5142 4639 6209 5642 6210 5608 5142 4639 6210 5608 5140 4569 5140 4569 6210 5608 6211 5609 5140 4569 6211 5609 5138 4567 5138 4567 6211 5609 6212 5643 5138 4567 6212 5643 5136 4638 5136 4638 6212 5643 6213 5644 5136 4638 6213 5644 5206 4695 5206 4695 6213 5644 6214 5645 5206 4695 6214 5645 5204 4633 5204 4633 6214 5645 6215 5613 5204 4633 6215 5613 5202 4693 5202 4693 6215 5613 6216 5646 5202 4693 6216 5646 5200 4691 5200 4691 6216 5646 6217 5647 5200 4691 6217 5647 5198 4689 5198 4689 6217 5647 6218 5616 5198 4689 6218 5616 5196 4625 5196 4625 6218 5616 6219 5617 5196 4625 6219 5617 5194 4623 5194 4623 6219 5617 6220 5648 5194 4623 6220 5648 5192 4621 5192 4621 6220 5648 6221 5649 5192 4621 6221 5649 5190 4713 5190 4713 6221 5649 6222 5650 5190 4713 6222 5650 5188 4617 5188 4617 6222 5650 6223 5651 5188 4617 6223 5651 5186 4680 5186 4680 6223 5651 6224 5652 5186 4680 6224 5652 5184 4712 5184 4712 6224 5652 6225 5653 5184 4712 6225 5653 5182 4711 5182 4711 6225 5653 6226 5654 5182 4711 6226 5654 5180 4710 5180 4710 6226 5654 6227 5655 5180 4710 6227 5655 5178 4709 5178 4709 6227 5655 6228 5656 5178 4709 6228 5656 5176 4708 5176 4708 6228 5656 6229 5627 5176 4708 6229 5627 5174 4707 5174 4707 6229 5627 6230 5657 5174 4707 6230 5657 5172 4706 5172 4706 6230 5657 6231 5658 5172 4706 6231 5658 5170 4705 5170 4705 6231 5658 6232 5659 5170 4705 6232 5659 5168 4704 5168 4704 6232 5659 6233 5631 5168 4704 6233 5631 5166 4595 5166 4595 6233 5631 6234 5660 5166 4595 6234 5660 5164 4703 5164 4703 6234 5660 6235 5661 5164 4703 6235 5661 5162 4702 5162 4702 6235 5661 6236 5662 5162 4702 6236 5662 5160 4701 5160 4701 6236 5662 6237 5663 5160 4701 6237 5663 5158 4655 5158 4655 6237 5663 6238 5664 5158 4655 6238 5664 5156 4700 5156 4700 6238 5664 6239 5665 5156 4700 6239 5665 5154 4583 5154 4583 6239 5665 6204 5638 6213 5644 6090 5525 6214 5645 6214 5645 6090 5525 6083 5518 6214 5645 6083 5518 6215 5613 6215 5613 6083 5518 6082 5517 6215 5613 6082 5517 6216 5646 6216 5646 6082 5517 6081 5516 6216 5646 6081 5516 6217 5647 6217 5647 6081 5516 6080 5515 6217 5647 6080 5515 6218 5616 6218 5616 6080 5515 6094 5529 6218 5616 6094 5529 6219 5617 6219 5617 6094 5529 6093 5528 6219 5617 6093 5528 6220 5648 6220 5648 6093 5528 6092 5527 6220 5648 6092 5527 6221 5649 6221 5649 6092 5527 6091 5526 6221 5649 6091 5526 6222 5650 6222 5650 6091 5526 6110 5545 6222 5650 6110 5545 6223 5651 6223 5651 6110 5545 6109 5544 6223 5651 6109 5544 6224 5652 6224 5652 6109 5544 6108 5543 6224 5652 6108 5543 6225 5653 6225 5653 6108 5543 6098 5533 6225 5653 6098 5533 6226 5654 6226 5654 6098 5533 6096 5531 6226 5654 6096 5531 6227 5655 6227 5655 6096 5531 6095 5530 6227 5655 6095 5530 6228 5656 6228 5656 6095 5530 6107 5542 6228 5656 6107 5542 6229 5627 6229 5627 6107 5542 6106 5541 6229 5627 6106 5541 6230 5657 6230 5657 6106 5541 6105 5540 6230 5657 6105 5540 6231 5658 6231 5658 6105 5540 6104 5539 6231 5658 6104 5539 6232 5659 6232 5659 6104 5539 6103 5538 6232 5659 6103 5538 6233 5631 6233 5631 6103 5538 6102 5537 6233 5631 6102 5537 6234 5660 6234 5660 6102 5537 6099 5534 6234 5660 6099 5534 6235 5661 6235 5661 6099 5534 6100 5535 6235 5661 6100 5535 6236 5662 6236 5662 6100 5535 6101 5536 6236 5662 6101 5536 6237 5663 6237 5663 6101 5536 6111 5546 6237 5663 6111 5546 6238 5664 6238 5664 6111 5546 6112 5547 6238 5664 6112 5547 6239 5665 6239 5665 6112 5547 6113 5548 6239 5665 6113 5548 6204 5638 6204 5638 6113 5548 6114 5549 6204 5638 6114 5549 6205 5639 6205 5639 6114 5549 6115 5550 6205 5639 6115 5550 6206 5640 6206 5640 6115 5550 6116 5551 6206 5640 6116 5551 6207 5605 6207 5605 6116 5551 6084 5519 6207 5605 6084 5519 6208 5641 6208 5641 6084 5519 6085 5520 6208 5641 6085 5520 6209 5642 6209 5642 6085 5520 6086 5521 6209 5642 6086 5521 6210 5608 6210 5608 6086 5521 6087 5522 6210 5608 6087 5522 6211 5609 6211 5609 6087 5522 6088 5523 6211 5609 6088 5523 6212 5643 6212 5643 6088 5523 6089 5524 6212 5643 6089 5524 6213 5644 6213 5644 6089 5524 6090 5525 5300 4797 6240 5666 5298 4795 5298 4795 6240 5666 6241 5667 5298 4795 6241 5667 5296 4793 5296 4793 6241 5667 6242 5668 5296 4793 6242 5668 5294 4791 5294 4791 6242 5668 6243 5669 5294 4791 6243 5669 5292 4789 5292 4789 6243 5669 6244 5670 5292 4789 6244 5670 5290 4787 5290 4787 6244 5670 6245 5671 5290 4787 6245 5671 5288 4785 5288 4785 6245 5671 6246 5672 5288 4785 6246 5672 5286 4718 5286 4718 6246 5672 6247 5673 5286 4718 6247 5673 5284 4716 5284 4716 6247 5673 6248 5674 5284 4716 6248 5674 5282 4784 5282 4784 6248 5674 6249 5675 5282 4784 6249 5675 5352 4841 5352 4841 6249 5675 6250 5676 5352 4841 6250 5676 5350 4779 5350 4779 6250 5676 6251 5677 5350 4779 6251 5677 5348 4839 5348 4839 6251 5677 6252 5678 5348 4839 6252 5678 5346 4837 5346 4837 6252 5678 6253 5679 5346 4837 6253 5679 5344 4835 5344 4835 6253 5679 6254 5680 5344 4835 6254 5680 5342 4833 5342 4833 6254 5680 6255 5681 5342 4833 6255 5681 5340 4831 5340 4831 6255 5681 6256 5682 5340 4831 6256 5682 5338 4829 5338 4829 6256 5682 6257 5683 5338 4829 6257 5683 5336 4827 5336 4827 6257 5683 6258 5684 5336 4827 6258 5684 5334 4825 5334 4825 6258 5684 6259 5685 5334 4825 6259 5685 5332 4824 5332 4824 6259 5685 6260 5686 5332 4824 6260 5686 5330 4822 5330 4822 6260 5686 6261 5687 5330 4822 6261 5687 5328 4820 5328 4820 6261 5687 6262 5688 5328 4820 6262 5688 5326 4818 5326 4818 6262 5688 6263 5689 5326 4818 6263 5689 5324 4817 5324 4817 6263 5689 6264 5690 5324 4817 6264 5690 5322 4815 5322 4815 6264 5690 6265 5691 5322 4815 6265 5691 5320 4813 5320 4813 6265 5691 6266 5692 5320 4813 6266 5692 5318 4667 5318 4667 6266 5692 6267 5693 5318 4667 6267 5693 5316 4810 5316 4810 6267 5693 6268 5694 5316 4810 6268 5694 5314 4808 5314 4808 6268 5694 6269 5695 5314 4808 6269 5695 5312 4807 5312 4807 6269 5695 6270 5696 5312 4807 6270 5696 5310 4805 5310 4805 6270 5696 6271 5697 5310 4805 6271 5697 5308 4803 5308 4803 6271 5697 6272 5698 5308 4803 6272 5698 5306 4802 5306 4802 6272 5698 6273 5699 5306 4802 6273 5699 5304 4801 5304 4801 6273 5699 6274 5700 5304 4801 6274 5700 5302 4799 5302 4799 6274 5700 6275 5701 5302 4799 6275 5701 5300 4797 5300 4797 6275 5701 6240 5666 6249 5675 5985 5421 6250 5676 6250 5676 5985 5421 5984 5420 6250 5676 5984 5420 6251 5677 6251 5677 5984 5420 5983 5419 6251 5677 5983 5419 6252 5678 6252 5678 5983 5419 5982 5418 6252 5678 5982 5418 6253 5679 6253 5679 5982 5418 5981 5417 6253 5679 5981 5417 6254 5680 6254 5680 5981 5417 5954 5390 6254 5680 5954 5390 6255 5681 6255 5681 5954 5390 5953 5389 6255 5681 5953 5389 6256 5682 6256 5682 5953 5389 5994 5430 6256 5682 5994 5430 6257 5683 6257 5683 5994 5430 5963 5399 6257 5683 5963 5399 6258 5684 6258 5684 5963 5399 5962 5398 6258 5684 5962 5398 6259 5685 6259 5685 5962 5398 5961 5397 6259 5685 5961 5397 6260 5686 6260 5686 5961 5397 5951 5387 6260 5686 5951 5387 6261 5687 6261 5687 5951 5387 5950 5386 6261 5687 5950 5386 6262 5688 6262 5688 5950 5386 5971 5407 6262 5688 5971 5407 6263 5689 6263 5689 5971 5407 5973 5409 6263 5689 5973 5409 6264 5690 6264 5690 5973 5409 5975 5411 6264 5690 5975 5411 6265 5691 6265 5691 5975 5411 5977 5413 6265 5691 5977 5413 6266 5692 6266 5692 5977 5413 5979 5415 6266 5692 5979 5415 6267 5693 6267 5693 5979 5415 5980 5416 6267 5693 5980 5416 6268 5694 6268 5694 5980 5416 5968 5404 6268 5694 5968 5404 6269 5695 6269 5695 5968 5404 5967 5403 6269 5695 5967 5403 6270 5696 6270 5696 5967 5403 5966 5402 6270 5696 5966 5402 6271 5697 6271 5697 5966 5402 5965 5401 6271 5697 5965 5401 6272 5698 6272 5698 5965 5401 5964 5400 6272 5698 5964 5400 6273 5699 6273 5699 5964 5400 5960 5396 6273 5699 5960 5396 6274 5700 6274 5700 5960 5396 5959 5395 6274 5700 5959 5395 6275 5701 6275 5701 5959 5395 5958 5394 6275 5701 5958 5394 6240 5666 6240 5666 5958 5394 5949 5385 6240 5666 5949 5385 6241 5667 6241 5667 5949 5385 5957 5393 6241 5667 5957 5393 6242 5668 6242 5668 5957 5393 5956 5392 6242 5668 5956 5392 6243 5669 6243 5669 5956 5392 5989 5425 6243 5669 5989 5425 6244 5670 6244 5670 5989 5425 5988 5424 6244 5670 5988 5424 6245 5671 6245 5671 5988 5424 5987 5423 6245 5671 5987 5423 6246 5672 6246 5672 5987 5423 5991 5427 6246 5672 5991 5427 6247 5673 6247 5673 5991 5427 5990 5426 6247 5673 5990 5426 6248 5674 6248 5674 5990 5426 5986 5422 6248 5674 5986 5422 6249 5675 6249 5675 5986 5422 5985 5421 5227 4731 6276 5702 5225 4729 5225 4729 6276 5702 6277 5703 5225 4729 6277 5703 5223 4727 5223 4727 6277 5703 6278 5704 5223 4727 6278 5704 5221 4697 5221 4697 6278 5704 6279 5669 5221 4697 6279 5669 5219 4724 5219 4724 6279 5669 6280 5705 5219 4724 6280 5705 5217 4722 5217 4722 6280 5705 6281 5706 5217 4722 6281 5706 5215 4720 5215 4720 6281 5706 6282 5672 5215 4720 6282 5672 5213 4718 5213 4718 6282 5672 6283 5707 5213 4718 6283 5707 5211 4716 5211 4716 6283 5707 6284 5708 5211 4716 6284 5708 5209 4715 5209 4715 6284 5708 6285 5709 5209 4715 6285 5709 5279 4781 5279 4781 6285 5709 6286 5710 5279 4781 6286 5710 5277 4779 5277 4779 6286 5710 6287 5677 5277 4779 6287 5677 5275 4777 5275 4777 6287 5677 6288 5711 5275 4777 6288 5711 5273 4775 5273 4775 6288 5711 6289 5712 5273 4775 6289 5712 5271 4773 5271 4773 6289 5712 6290 5713 5271 4773 6290 5713 5269 4771 5269 4771 6290 5713 6291 5714 5269 4771 6291 5714 5267 4769 5267 4769 6291 5714 6292 5715 5267 4769 6292 5715 5265 4767 5265 4767 6292 5715 6293 5716 5265 4767 6293 5716 5263 4765 5263 4765 6293 5716 6294 5717 5263 4765 6294 5717 5261 4763 5261 4763 6294 5717 6295 5718 5261 4763 6295 5718 5259 4761 5259 4761 6295 5718 6296 5719 5259 4761 6296 5719 5257 4759 5257 4759 6296 5719 6297 5720 5257 4759 6297 5720 5255 4757 5255 4757 6297 5720 6298 5721 5255 4757 6298 5721 5253 4755 5253 4755 6298 5721 6299 5722 5253 4755 6299 5722 5251 4753 5251 4753 6299 5722 6300 5723 5251 4753 6300 5723 5249 4751 5249 4751 6300 5723 6301 5724 5249 4751 6301 5724 5247 4749 5247 4749 6301 5724 6302 5725 5247 4749 6302 5725 5245 4601 5245 4601 6302 5725 6303 5726 5245 4601 6303 5726 5243 4746 5243 4746 6303 5726 6304 5727 5243 4746 6304 5727 5241 4744 5241 4744 6304 5727 6305 5728 5241 4744 6305 5728 5239 4742 5239 4742 6305 5728 6306 5729 5239 4742 6306 5729 5237 4740 5237 4740 6306 5729 6307 5730 5237 4740 6307 5730 5235 4738 5235 4738 6307 5730 6308 5698 5235 4738 6308 5698 5233 4737 5233 4737 6308 5698 6309 5731 5233 4737 6309 5731 5231 4735 5231 4735 6309 5731 6310 5732 5231 4735 6310 5732 5229 4733 5229 4733 6310 5732 6311 5733 5229 4733 6311 5733 5227 4731 5227 4731 6311 5733 6276 5702 6285 5709 6021 5457 6286 5710 6286 5710 6021 5457 6022 5458 6286 5710 6022 5458 6287 5677 6287 5677 6022 5458 6028 5463 6287 5677 6028 5463 6288 5711 6288 5711 6028 5463 6027 5462 6288 5711 6027 5462 6289 5712 6289 5712 6027 5462 6026 5417 6289 5712 6026 5417 6290 5713 6290 5713 6026 5417 6014 5450 6290 5713 6014 5450 6291 5714 6291 5714 6014 5450 6013 5449 6291 5714 6013 5449 6292 5715 6292 5715 6013 5449 6031 5466 6292 5715 6031 5466 6293 5716 6293 5716 6031 5466 6003 5439 6293 5716 6003 5439 6294 5717 6294 5717 6003 5439 6002 5438 6294 5717 6002 5438 6295 5718 6295 5718 6002 5438 6001 5437 6295 5718 6001 5437 6296 5719 6296 5719 6001 5437 5997 5433 6296 5719 5997 5433 6297 5720 6297 5720 5997 5433 5998 5434 6297 5720 5998 5434 6298 5721 6298 5721 5998 5434 5999 5435 6298 5721 5999 5435 6299 5722 6299 5722 5999 5435 6000 5436 6299 5722 6000 5436 6300 5723 6300 5723 6000 5436 5996 5432 6300 5723 5996 5432 6301 5724 6301 5724 5996 5432 5995 5431 6301 5724 5995 5431 6302 5725 6302 5725 5995 5431 6019 5455 6302 5725 6019 5455 6303 5726 6303 5726 6019 5455 6012 5448 6303 5726 6012 5448 6304 5727 6304 5727 6012 5448 6011 5447 6304 5727 6011 5447 6305 5728 6305 5728 6011 5447 6010 5446 6305 5728 6010 5446 6306 5729 6306 5729 6010 5446 6009 5445 6306 5729 6009 5445 6307 5730 6307 5730 6009 5445 6008 5444 6307 5730 6008 5444 6308 5698 6308 5698 6008 5444 6007 5443 6308 5698 6007 5443 6309 5731 6309 5731 6007 5443 6006 5442 6309 5731 6006 5442 6310 5732 6310 5732 6006 5442 6005 5441 6310 5732 6005 5441 6311 5733 6311 5733 6005 5441 6004 5440 6311 5733 6004 5440 6276 5702 6276 5702 6004 5440 6018 5454 6276 5702 6018 5454 6277 5703 6277 5703 6018 5454 6016 5452 6277 5703 6016 5452 6278 5704 6278 5704 6016 5452 6015 5451 6278 5704 6015 5451 6279 5669 6279 5669 6015 5451 6030 5465 6279 5669 6030 5465 6280 5705 6280 5705 6030 5465 6029 5464 6280 5705 6029 5464 6281 5706 6281 5706 6029 5464 6025 5461 6281 5706 6025 5461 6282 5672 6282 5672 6025 5461 6024 5460 6282 5672 6024 5460 6283 5707 6283 5707 6024 5460 6023 5459 6283 5707 6023 5459 6284 5708 6284 5708 6023 5459 6020 5456 6284 5708 6020 5456 6285 5709 6285 5709 6020 5456 6021 5457 5373 4731 6312 5666 5371 4846 5371 4846 6312 5666 6313 5734 5371 4846 6313 5734 5369 4845 5369 4845 6313 5734 6314 5668 5369 4845 6314 5668 5367 4697 5367 4697 6314 5668 6315 5669 5367 4697 6315 5669 5365 4789 5365 4789 6315 5669 6316 5670 5365 4789 6316 5670 5363 4787 5363 4787 6316 5670 6317 5735 5363 4787 6317 5735 5361 4844 5361 4844 6317 5735 6318 5672 5361 4844 6318 5672 5359 4718 5359 4718 6318 5672 6319 5673 5359 4718 6319 5673 5357 4716 5357 4716 6319 5673 6320 5674 5357 4716 6320 5674 5355 4843 5355 4843 6320 5674 6321 5675 5355 4843 6321 5675 5425 4841 5425 4841 6321 5675 6322 5676 5425 4841 6322 5676 5423 4779 5423 4779 6322 5676 6323 5677 5423 4779 6323 5677 5421 4839 5421 4839 6323 5677 6324 5678 5421 4839 6324 5678 5419 4837 5419 4837 6324 5678 6325 5679 5419 4837 6325 5679 5417 4835 5417 4835 6325 5679 6326 5713 5417 4835 6326 5713 5415 4771 5415 4771 6326 5713 6327 5714 5415 4771 6327 5714 5413 4769 5413 4769 6327 5714 6328 5736 5413 4769 6328 5736 5411 4863 5411 4863 6328 5736 6329 5683 5411 4863 6329 5683 5409 4862 5409 4862 6329 5683 6330 5684 5409 4862 6330 5684 5407 4861 5407 4861 6330 5684 6331 5685 5407 4861 6331 5685 5405 4824 5405 4824 6331 5685 6332 5737 5405 4824 6332 5737 5403 4860 5403 4860 6332 5737 6333 5738 5403 4860 6333 5738 5401 4859 5401 4859 6333 5738 6334 5739 5401 4859 6334 5739 5399 4857 5399 4857 6334 5739 6335 5740 5399 4857 6335 5740 5397 4856 5397 4856 6335 5740 6336 5741 5397 4856 6336 5741 5395 4855 5395 4855 6336 5741 6337 5724 5395 4855 6337 5724 5393 4854 5393 4854 6337 5724 6338 5742 5393 4854 6338 5742 5391 4706 5391 4706 6338 5742 6339 5743 5391 4706 6339 5743 5389 4853 5389 4853 6339 5743 6340 5727 5389 4853 6340 5727 5387 4852 5387 4852 6340 5727 6341 5728 5387 4852 6341 5728 5385 4851 5385 4851 6341 5728 6342 5744 5385 4851 6342 5744 5383 4850 5383 4850 6342 5744 6343 5745 5383 4850 6343 5745 5381 4849 5381 4849 6343 5745 6344 5746 5381 4849 6344 5746 5379 4848 5379 4848 6344 5746 6345 5747 5379 4848 6345 5747 5377 4801 5377 4801 6345 5747 6346 5748 5377 4801 6346 5748 5375 4847 5375 4847 6346 5748 6347 5701 5375 4847 6347 5701 5373 4731 5373 4731 6347 5701 6312 5666 6321 5675 6074 5509 6322 5676 6322 5676 6074 5509 6072 5507 6322 5676 6072 5507 6323 5677 6323 5677 6072 5507 6070 5505 6323 5677 6070 5505 6324 5678 6324 5678 6070 5505 6068 5503 6324 5678 6068 5503 6325 5679 6325 5679 6068 5503 6066 5501 6325 5679 6066 5501 6326 5713 6326 5713 6066 5501 6064 5499 6326 5713 6064 5499 6327 5714 6327 5714 6064 5499 6063 5498 6327 5714 6063 5498 6328 5736 6328 5736 6063 5498 6062 5497 6328 5736 6062 5497 6329 5683 6329 5683 6062 5497 6038 5473 6329 5683 6038 5473 6330 5684 6330 5684 6038 5473 6037 5472 6330 5684 6037 5472 6331 5685 6331 5685 6037 5472 6055 5490 6331 5685 6055 5490 6332 5737 6332 5737 6055 5490 6054 5489 6332 5737 6054 5489 6333 5738 6333 5738 6054 5489 6053 5488 6333 5738 6053 5488 6334 5739 6334 5739 6053 5488 6052 5487 6334 5739 6052 5487 6335 5740 6335 5740 6052 5487 6051 5486 6335 5740 6051 5486 6336 5741 6336 5741 6051 5486 6036 5471 6336 5741 6036 5471 6337 5724 6337 5724 6036 5471 6035 5470 6337 5724 6035 5470 6338 5742 6338 5742 6035 5470 6050 5485 6338 5742 6050 5485 6339 5743 6339 5743 6050 5485 6042 5477 6339 5743 6042 5477 6340 5727 6340 5727 6042 5477 6041 5476 6340 5727 6041 5476 6341 5728 6341 5728 6041 5476 6040 5475 6341 5728 6040 5475 6342 5744 6342 5744 6040 5475 6033 5468 6342 5744 6033 5468 6343 5745 6343 5745 6033 5468 6032 5467 6343 5745 6032 5467 6344 5746 6344 5746 6032 5467 6049 5484 6344 5746 6049 5484 6345 5747 6345 5747 6049 5484 6048 5483 6345 5747 6048 5483 6346 5748 6346 5748 6048 5483 6047 5482 6346 5748 6047 5482 6347 5701 6347 5701 6047 5482 6043 5478 6347 5701 6043 5478 6312 5666 6312 5666 6043 5478 6045 5480 6312 5666 6045 5480 6313 5734 6313 5734 6045 5480 6046 5481 6313 5734 6046 5481 6314 5668 6314 5668 6046 5481 6078 5513 6314 5668 6078 5513 6315 5669 6315 5669 6078 5513 6059 5494 6315 5669 6059 5494 6316 5670 6316 5670 6059 5494 6060 5495 6316 5670 6060 5495 6317 5735 6317 5735 6060 5495 6061 5496 6317 5735 6061 5496 6318 5672 6318 5672 6061 5496 6077 5512 6318 5672 6077 5512 6319 5673 6319 5673 6077 5512 6076 5511 6319 5673 6076 5511 6320 5674 6320 5674 6076 5511 6075 5510 6320 5674 6075 5510 6321 5675 6321 5675 6075 5510 6074 5509 5081 4651 6348 5638 5079 4649 5079 4649 6348 5638 6349 5749 5079 4649 6349 5749 5077 4647 5077 4647 6349 5749 6350 5750 5077 4647 6350 5750 5075 4645 5075 4645 6350 5750 6351 5605 5075 4645 6351 5605 5073 4643 5073 4643 6351 5605 6352 5641 5073 4643 6352 5641 5071 4641 5071 4641 6352 5641 6353 5751 5071 4641 6353 5751 5069 4639 5069 4639 6353 5751 6354 5752 5069 4639 6354 5752 5067 4569 5067 4569 6354 5752 6355 5609 5067 4569 6355 5609 5065 4567 5065 4567 6355 5609 6356 5643 5065 4567 6356 5643 5063 4638 5063 4638 6356 5643 6357 5644 5063 4638 6357 5644 5133 4695 5133 4695 6357 5644 6358 5645 5133 4695 6358 5645 5131 4633 5131 4633 6358 5645 6359 5613 5131 4633 6359 5613 5129 4693 5129 4693 6359 5613 6360 5646 5129 4693 6360 5646 5127 4691 5127 4691 6360 5646 6361 5647 5127 4691 6361 5647 5125 4689 5125 4689 6361 5647 6362 5616 5125 4689 6362 5616 5123 4687 5123 4687 6362 5616 6363 5753 5123 4687 6363 5753 5121 4685 5121 4685 6363 5753 6364 5754 5121 4685 6364 5754 5119 4683 5119 4683 6364 5754 6365 5649 5119 4683 6365 5649 5117 4619 5117 4619 6365 5649 6366 5755 5117 4619 6366 5755 5115 4617 5115 4617 6366 5755 6367 5651 5115 4617 6367 5651 5113 4680 5113 4680 6367 5651 6368 5756 5113 4680 6368 5756 5111 4678 5111 4678 6368 5756 6369 5757 5111 4678 6369 5757 5109 4676 5109 4676 6369 5757 6370 5758 5109 4676 6370 5758 5107 4674 5107 4674 6370 5758 6371 5759 5107 4674 6371 5759 5105 4673 5105 4673 6371 5759 6372 5760 5105 4673 6372 5760 5103 4671 5103 4671 6372 5760 6373 5761 5103 4671 6373 5761 5101 4669 5101 4669 6373 5761 6374 5762 5101 4669 6374 5762 5099 4667 5099 4667 6374 5762 6375 5763 5099 4667 6375 5763 5097 4665 5097 4665 6375 5763 6376 5764 5097 4665 6376 5764 5095 4663 5095 4663 6376 5764 6377 5765 5095 4663 6377 5765 5093 4662 5093 4662 6377 5765 6378 5766 5093 4662 6378 5766 5091 4660 5091 4660 6378 5766 6379 5767 5091 4660 6379 5767 5089 4658 5089 4658 6379 5767 6380 5634 5089 4658 6380 5634 5087 4656 5087 4656 6380 5634 6381 5768 5087 4656 6381 5768 5085 4655 5085 4655 6381 5768 6382 5769 5085 4655 6382 5769 5083 4653 5083 4653 6382 5769 6383 5665 5083 4653 6383 5665 5081 4651 5081 4651 6383 5665 6348 5638 6357 5644 5922 5358 6358 5645 6358 5645 5922 5358 5920 5356 6358 5645 5920 5356 6359 5613 6359 5613 5920 5356 5919 5355 6359 5613 5919 5355 6360 5646 6360 5646 5919 5355 5929 5365 6360 5646 5929 5365 6361 5647 6361 5647 5929 5365 5928 5364 6361 5647 5928 5364 6362 5616 6362 5616 5928 5364 5925 5361 6362 5616 5925 5361 6363 5753 6363 5753 5925 5361 5926 5362 6363 5753 5926 5362 6364 5754 6364 5754 5926 5362 5927 5363 6364 5754 5927 5363 6365 5649 6365 5649 5927 5363 5916 5352 6365 5649 5916 5352 6366 5755 6366 5755 5916 5352 5915 5351 6366 5755 5915 5351 6367 5651 6367 5651 5915 5351 5914 5350 6367 5651 5914 5350 6368 5756 6368 5756 5914 5350 5913 5349 6368 5756 5913 5349 6369 5757 6369 5757 5913 5349 5930 5366 6369 5757 5930 5366 6370 5758 6370 5758 5930 5366 5918 5354 6370 5758 5918 5354 6371 5759 6371 5759 5918 5354 5917 5353 6371 5759 5917 5353 6372 5760 6372 5760 5917 5353 5943 5379 6372 5760 5943 5379 6373 5761 6373 5761 5943 5379 5944 5380 6373 5761 5944 5380 6374 5762 6374 5762 5944 5380 5945 5381 6374 5762 5945 5381 6375 5763 6375 5763 5945 5381 5946 5382 6375 5763 5946 5382 6376 5764 6376 5764 5946 5382 5947 5383 6376 5764 5947 5383 6377 5765 6377 5765 5947 5383 5948 5384 6377 5765 5948 5384 6378 5766 6378 5766 5948 5384 5936 5372 6378 5766 5936 5372 6379 5767 6379 5767 5936 5372 5937 5373 6379 5767 5937 5373 6380 5634 6380 5634 5937 5373 5938 5374 6380 5634 5938 5374 6381 5768 6381 5768 5938 5374 5939 5375 6381 5768 5939 5375 6382 5769 6382 5769 5939 5375 5940 5376 6382 5769 5940 5376 6383 5665 6383 5665 5940 5376 5941 5377 6383 5665 5941 5377 6348 5638 6348 5638 5941 5377 5942 5378 6348 5638 5942 5378 6349 5749 6349 5749 5942 5378 5935 5371 6349 5749 5935 5371 6350 5750 6350 5750 5935 5371 5934 5370 6350 5750 5934 5370 6351 5605 6351 5605 5934 5370 5933 5369 6351 5605 5933 5369 6352 5641 6352 5641 5933 5369 5932 5368 6352 5641 5932 5368 6353 5751 6353 5751 5932 5368 5931 5367 6353 5751 5931 5367 6354 5752 6354 5752 5931 5367 5924 5360 6354 5752 5924 5360 6355 5609 6355 5609 5924 5360 5923 5359 6355 5609 5923 5359 6356 5643 6356 5643 5923 5359 6119 5554 6356 5643 6119 5554 6357 5644 6357 5644 6119 5554 5922 5358 2844 2518 6167 5601 6384 5770 6385 5771 5489 4926 6384 5770 6384 5770 5489 4926 5496 4933 6384 5770 5496 4933 2844 2518 6385 5771 6164 5598 5489 4926 5489 4926 6164 5598 2845 2519 5489 4926 2845 2519 5490 4927 5496 4933 5583 5019 2844 2518 2844 2518 5583 5019 5582 5018 2844 2518 5582 5018 5581 5017 5488 4925 5487 4924 2845 2519 2845 2519 5487 4924 5491 4928 2845 2519 5491 4928 5490 4927 5475 4912 5474 4911 2845 2519 2845 2519 5474 4911 5482 4919 2845 2519 5482 4919 5481 4918 5581 5017 5586 5022 2844 2518 2844 2518 5586 5022 5589 5025 2844 2518 5589 5025 5588 5024 5481 4918 5485 4922 2845 2519 2845 2519 5485 4922 5484 4921 2845 2519 5484 4921 5488 4925 5588 5024 5591 5027 2844 2518 2844 2518 5591 5027 5590 5026 2844 2518 5590 5026 4949 4524 6165 5599 6386 5772 6166 5600 6166 5600 6386 5772 6387 5773 6166 5600 6387 5773 6167 5601 6167 5601 6387 5773 6384 5770 6387 5773 6386 5772 6384 5770 6384 5770 6386 5772 6385 5771 6386 5772 6165 5599 6385 5771 6385 5771 6165 5599 6164 5598 6388 5774 6389 5775 2926 2599 2926 2599 6389 5775 6390 5776 6391 5777 6392 5778 6393 5779 6390 5776 6394 5780 2926 2599 2926 2599 6394 5780 6391 5777 2926 2599 6391 5777 6395 5781 6395 5781 6391 5777 6393 5779 6395 5781 6393 5779 6396 5782 6397 5783 6398 5784 6399 5785 6399 5785 6398 5784 6400 5786 6399 5785 6400 5786 6401 5787 6401 5787 6400 5786 6395 5781 6401 5787 6395 5781 6402 5788 6402 5788 6395 5781 6396 5782 6402 5788 6396 5782 6403 5789 6404 5790 2925 2598 6405 5791 6406 5792 6407 5793 6408 5794 6408 5794 6407 5793 2925 2598 6408 5794 2925 2598 6409 5795 6409 5795 2925 2598 6410 5796 6411 5797 6412 5798 6413 5799 6413 5799 6412 5798 6414 5800 6413 5799 6414 5800 6405 5791 6405 5791 6414 5800 6415 5801 6405 5791 6415 5801 6404 5790 6416 5802 6410 5796 6417 5803 6417 5803 6410 5796 2925 2598 6417 5803 2925 2598 6418 5804 6418 5804 2925 2598 6404 5790 6418 5804 6404 5790 6419 5805 6392 5778 6391 5777 6416 5802 6416 5802 6391 5777 6410 5796 6393 5779 6392 5778 6417 5803 6417 5803 6392 5778 6416 5802 6396 5782 6393 5779 6418 5804 6418 5804 6393 5779 6417 5803 6403 5789 6396 5782 6419 5805 6419 5805 6396 5782 6418 5804 6402 5788 6403 5789 6404 5790 6404 5790 6403 5789 6419 5805 6401 5787 6402 5788 6415 5801 6415 5801 6402 5788 6404 5790 6399 5785 6401 5787 6414 5800 6414 5800 6401 5787 6415 5801 6397 5783 6399 5785 6412 5798 6412 5798 6399 5785 6414 5800 6398 5784 6397 5783 6411 5797 6411 5797 6397 5783 6412 5798 6400 5786 6398 5784 6413 5799 6413 5799 6398 5784 6411 5797 6395 5781 6400 5786 6405 5791 6405 5791 6400 5786 6413 5799 2926 2599 6395 5781 2925 2598 2925 2598 6395 5781 6405 5791 6388 5774 2926 2599 6407 5793 6407 5793 2926 2599 2925 2598 6389 5775 6388 5774 6406 5792 6406 5792 6388 5774 6407 5793 6390 5776 6389 5775 6408 5794 6408 5794 6389 5775 6406 5792 6394 5780 6390 5776 6409 5795 6409 5795 6390 5776 6408 5794 6391 5777 6394 5780 6410 5796 6410 5796 6394 5780 6409 5795 6420 5806 6421 5807 6422 5808 6422 5808 6421 5807 2927 2600 6422 5808 2927 2600 6423 5809 6423 5809 2927 2600 2928 2601 6423 5809 2928 2601 6424 5810 6424 5810 2928 2601 6425 5811 6426 5812 6427 5813 6428 5814 6428 5814 6427 5813 2923 2596 6428 5814 2923 2596 6429 5815 6429 5815 2923 2596 2924 2597 6429 5815 2924 2597 6430 5816 6430 5816 2924 2597 6431 5817 6424 5810 6425 5811 6426 5812 6426 5812 6425 5811 6427 5813 6423 5809 6424 5810 6428 5814 6428 5814 6424 5810 6426 5812 6422 5808 6423 5809 6429 5815 6429 5815 6423 5809 6428 5814 6420 5806 6422 5808 6430 5816 6430 5816 6422 5808 6429 5815 6421 5807 6420 5806 6431 5817 6431 5817 6420 5806 6430 5816 2927 2600 6421 5807 2924 2597 2924 2597 6421 5807 6431 5817 2928 2601 2927 2600 2923 2596 2923 2596 2927 2600 2924 2597 6425 5811 2928 2601 6427 5813 6427 5813 2928 2601 2923 2596 6432 5818 6433 5819 6434 5820 6434 5820 6433 5819 6435 5821 6436 5822 6437 5823 6438 5824 6438 5824 6437 5823 6439 5825 6434 5820 6435 5821 6439 5825 6439 5825 6435 5821 6438 5824 6432 5818 6434 5820 6437 5823 6437 5823 6434 5820 6439 5825 6433 5819 6432 5818 6436 5822 6436 5822 6432 5818 6437 5823 6435 5821 6433 5819 6438 5824 6438 5824 6433 5819 6436 5822 6440 5818 6441 5819 6442 5820 6442 5820 6441 5819 6443 5821 6444 5822 6445 5823 6446 5824 6446 5824 6445 5823 6447 5825 6442 5820 6443 5821 6447 5825 6447 5825 6443 5821 6446 5824 6440 5818 6442 5820 6445 5823 6445 5823 6442 5820 6447 5825 6441 5819 6440 5818 6444 5822 6444 5822 6440 5818 6445 5823 6443 5821 6441 5819 6446 5824 6446 5824 6441 5819 6444 5822 6448 5818 6449 5819 6450 5820 6450 5820 6449 5819 6451 5821 6452 5822 6453 5823 6454 5824 6454 5824 6453 5823 6455 5825 6450 5820 6451 5821 6455 5825 6455 5825 6451 5821 6454 5824 6448 5818 6450 5820 6453 5823 6453 5823 6450 5820 6455 5825 6449 5819 6448 5818 6452 5822 6452 5822 6448 5818 6453 5823 6451 5821 6449 5819 6454 5824 6454 5824 6449 5819 6452 5822 6456 5826 2931 2604 6457 5827 6458 5828 6459 5829 6460 5830 6460 5830 6459 5829 2931 2604 6460 5830 2931 2604 6461 5831 6461 5831 2931 2604 6462 5832 6463 5833 6464 5834 6465 5835 6465 5835 6464 5834 6466 5836 6465 5835 6466 5836 6457 5827 6457 5827 6466 5836 6467 5837 6457 5827 6467 5837 6456 5826 6468 5838 6462 5832 6469 5839 6469 5839 6462 5832 2931 2604 6469 5839 2931 2604 6470 5840 6470 5840 2931 2604 6456 5826 6470 5840 6456 5826 6471 5841 6472 5842 6473 5843 2930 2603 2930 2603 6473 5843 6474 5844 6475 5845 6476 5846 6477 5847 6474 5844 6478 5848 2930 2603 2930 2603 6478 5848 6475 5845 2930 2603 6475 5845 6479 5849 6479 5849 6475 5845 6477 5847 6479 5849 6477 5847 6480 5850 6481 5851 6482 5852 6483 5853 6483 5853 6482 5852 6484 5854 6483 5853 6484 5854 6485 5855 6485 5855 6484 5854 6479 5849 6485 5855 6479 5849 6486 5856 6486 5856 6479 5849 6480 5850 6486 5856 6480 5850 6487 5857 6462 5832 6468 5838 6475 5845 6475 5845 6468 5838 6476 5846 6468 5838 6469 5839 6476 5846 6476 5846 6469 5839 6477 5847 6469 5839 6470 5840 6477 5847 6477 5847 6470 5840 6480 5850 6470 5840 6471 5841 6480 5850 6480 5850 6471 5841 6487 5857 6471 5841 6456 5826 6487 5857 6487 5857 6456 5826 6486 5856 6456 5826 6467 5837 6486 5856 6486 5856 6467 5837 6485 5855 6467 5837 6466 5836 6485 5855 6485 5855 6466 5836 6483 5853 6466 5836 6464 5834 6483 5853 6483 5853 6464 5834 6481 5851 6464 5834 6463 5833 6481 5851 6481 5851 6463 5833 6482 5852 6463 5833 6465 5835 6482 5852 6482 5852 6465 5835 6484 5854 6465 5835 6457 5827 6484 5854 6484 5854 6457 5827 6479 5849 6457 5827 2931 2604 6479 5849 6479 5849 2931 2604 2930 2603 2931 2604 6459 5829 2930 2603 2930 2603 6459 5829 6472 5842 6459 5829 6458 5828 6472 5842 6472 5842 6458 5828 6473 5843 6458 5828 6460 5830 6473 5843 6473 5843 6460 5830 6474 5844 6460 5830 6461 5831 6474 5844 6474 5844 6461 5831 6478 5848 6461 5831 6462 5832 6478 5848 6478 5848 6462 5832 6475 5845 6488 5858 6489 5859 6490 5860 6490 5860 6489 5859 2936 2609 6490 5860 2936 2609 6491 5861 6491 5861 2936 2609 2937 2610 6491 5861 2937 2610 6492 5862 6492 5862 2937 2610 6493 5863 6494 5864 6495 5865 6496 5866 6496 5866 6495 5865 2934 2607 6496 5866 2934 2607 6497 5867 6497 5867 2934 2607 2935 2608 6497 5867 2935 2608 6498 5868 6498 5868 2935 2608 6499 5869 6489 5859 6488 5858 6499 5869 6499 5869 6488 5858 6498 5868 6488 5858 6490 5860 6498 5868 6498 5868 6490 5860 6497 5867 6490 5860 6491 5861 6497 5867 6497 5867 6491 5861 6496 5866 6491 5861 6492 5862 6496 5866 6496 5866 6492 5862 6494 5864 6492 5862 6493 5863 6494 5864 6494 5864 6493 5863 6495 5865 6493 5863 2937 2610 6495 5865 6495 5865 2937 2610 2934 2607 2937 2610 2936 2609 2934 2607 2934 2607 2936 2609 2935 2608 2936 2609 6489 5859 2935 2608 2935 2608 6489 5859 6499 5869 6500 5870 6501 5871 6502 5872 6502 5872 6501 5871 6503 5873 6504 5874 6505 5875 6506 5876 6506 5876 6505 5875 6507 5877 6502 5872 6503 5873 6507 5877 6507 5877 6503 5873 6506 5876 6503 5873 6501 5871 6506 5876 6506 5876 6501 5871 6504 5874 6501 5871 6500 5870 6504 5874 6504 5874 6500 5870 6505 5875 6500 5870 6502 5872 6505 5875 6505 5875 6502 5872 6507 5877 6508 5870 6509 5871 6510 5872 6510 5872 6509 5871 6511 5873 6512 5874 6513 5875 6514 5876 6514 5876 6513 5875 6515 5877 6510 5872 6511 5873 6515 5877 6515 5877 6511 5873 6514 5876 6511 5873 6509 5871 6514 5876 6514 5876 6509 5871 6512 5874 6509 5871 6508 5870 6512 5874 6512 5874 6508 5870 6513 5875 6508 5870 6510 5872 6513 5875 6513 5875 6510 5872 6515 5877 6516 5870 6517 5871 6518 5872 6518 5872 6517 5871 6519 5873 6520 5874 6521 5875 6522 5876 6522 5876 6521 5875 6523 5877 6518 5872 6519 5873 6523 5877 6523 5877 6519 5873 6522 5876 6519 5873 6517 5871 6522 5876 6522 5876 6517 5871 6520 5874 6517 5871 6516 5870 6520 5874 6520 5874 6516 5870 6521 5875 6516 5870 6518 5872 6521 5875 6521 5875 6518 5872 6523 5877 2928 2601 2929 2602 2927 2600 2927 2600 2929 2602 2926 2599 6524 5878 6525 5879 6526 5880 6526 5880 6525 5879 6527 5881 6526 5880 6527 5881 2926 2599 2926 2599 6527 5881 2927 2600 6524 5878 6526 5880 2929 2602 2929 2602 6526 5880 2926 2599 6525 5879 6524 5878 2928 2601 2928 2601 6524 5878 2929 2602 6527 5881 6525 5879 2927 2600 2927 2600 6525 5879 2928 2601 2932 2605 2936 2609 2931 2604 2931 2604 2936 2609 2937 2610 6528 5882 6529 5883 6530 5884 6530 5884 6529 5883 6531 5885 6530 5884 6531 5885 2937 2610 2937 2610 6531 5885 2931 2604 6531 5885 6529 5883 2931 2604 2931 2604 6529 5883 2932 2605 6529 5883 6528 5882 2932 2605 2932 2605 6528 5882 2936 2609 6528 5882 6530 5884 2936 2609 2936 2609 6530 5884 2937 2610</p>
        </triangles>
      </mesh>
    </geometry>
  </library_geometries>
  <library_visual_scenes>
    <visual_scene id="Scene" name="Scene">
      <node id="ID2_001" name="ID2.001" type="NODE">
        <matrix sid="transform">0.001 0 0 0 0 -0.001 8.74228e-11 0 0 -8.74228e-11 -0.001 0 0 0 0 1</matrix>
        <instance_geometry url="#ID2_001-mesh" name="ID2.001">
          <bind_material>
            <technique_common>
              <instance_material symbol="Material_002-material" target="#Material_002-material"/>
            </technique_common>
          </bind_material>
        </instance_geometry>
      </node>
    </visual_scene>
  </library_visual_scenes>
  <scene>
    <instance_visual_scene url="#Scene"/>
  </scene>
</COLLADA>