<?xml version="1.0" encoding="utf-8"?>
<COLLADA xmlns="http://www.collada.org/2005/11/COLLADASchema" version="1.4.1" xmlns:xsi="http://www.w3.org/2001/XMLSchema-instance">
  <asset>
    <contributor>
      <author>Blender User</author>
      <authoring_tool>Blender 4.1.1 commit date:2024-04-15, commit time:15:11, hash:e1743a0317bc</authoring_tool>
    </contributor>
    <created>2026-06-09T10:40:38</created>
    <modified>2026-06-09T10:40:38</modified>
    <unit name="meter" meter="1"/>
    <up_axis>Z_UP</up_axis>
  </asset>
  <library_effects>
    <effect id="Material_001-effect">
      <profile_COMMON>
        <technique sid="common">
          <lambert>
            <emission>
              <color sid="emission">0 0 0 1</color>
            </emission>
            <diffuse>
              <color sid="diffuse">0.8 0 0 1</color>
            </diffuse>
            <reflectivity>
              <float sid="specular">1</float>
            </reflectivity>
            <index_of_refraction>
              <float sid="ior">1.5</float>
            </index_of_refraction>
          </lambert>
        </technique>
      </profile_COMMON>
    </effect>
  </library_effects>
  <library_images/>
  <library_materials>
    <material id="Material_001-material" name="Material.001">
      <instance_effect url="#Material_001-effect"/>
    </material>
  </library_materials>
  <library_geometries>
    <geometry id="ID4-mesh" name="ID4">
      <mesh>
        <source id="ID4-mesh-positions">
          <float_array id="ID4-mesh-positions-array" count="12480">12.54999 5.00003 -12.05005 12.54999 5.00003 12.04993 12.54999 -13.30002 -12.05005 12.54999 -13.30002 12.04993 9.600037 -13.30002 -15 9.600037 5.00003 -15 10.1123 5.00003 -14.9552 10.1123 -13.30002 -14.9552 10.60895 5.00003 -14.82214 10.60895 -13.30002 -14.82214 11.07501 5.00003 -14.60486 11.07501 -13.30002 -14.60486 11.49622 5.00003 -14.30981 11.49622 -13.30002 -14.30981 11.85986 5.00003 -13.94629 11.85986 -13.30002 -13.94629 12.15478 5.00003 -13.52502 12.15478 -13.30002 -13.52502 12.37213 5.00003 -13.05896 12.37213 -13.30002 -13.05896 12.50519 5.00003 -12.56226 12.50519 -13.30002 -12.56226 -52.79999 -13.30002 -12.05005 -52.79999 5.00003 -12.05005 -52.75519 5.00003 -12.56226 -52.75519 -13.30002 -12.56226 -52.62207 5.00003 -13.05896 -52.62207 -13.30002 -13.05896 -52.40478 5.00003 -13.52502 -52.40478 -13.30002 -13.52502 -52.1098 5.00003 -13.94629 -52.1098 -13.30002 -13.94629 -51.74621 5.00003 -14.30981 -51.74621 -13.30002 -14.30981 -51.32501 5.00003 -14.60486 -51.32501 -13.30002 -14.60486 -50.85895 5.00003 -14.82214 -50.85895 -13.30002 -14.82214 -50.36224 5.00003 -14.9552 -50.36224 -13.30002 -14.9552 -49.84997 5.00003 -15 -49.84997 -13.30002 -15 -49.84997 -13.30002 15 -49.84997 5.00003 15 -50.36224 5.00003 14.9552 -50.36224 -13.30002 14.9552 -50.85895 5.00003 14.82202 -50.85895 -13.30002 14.82202 -51.32501 5.00003 14.60474 -51.32501 -13.30002 14.60474 -51.74621 5.00003 14.30981 -51.74621 -13.30002 14.30981 -52.1098 5.00003 13.94617 -52.1098 -13.30002 13.94617 -52.40478 5.00003 13.52502 -52.40478 -13.30002 13.52502 -52.62207 5.00003 13.05896 -52.62207 -13.30002 13.05896 -52.75519 5.00003 12.56226 -52.75519 -13.30002 12.56226 -52.79999 5.00003 12.04993 -52.79999 -13.30002 12.04993 12.50519 5.00003 12.56226 12.50519 -13.30002 12.56226 12.37213 5.00003 13.05896 12.37213 -13.30002 13.05896 12.15478 5.00003 13.52502 12.15478 -13.30002 13.52502 11.85986 5.00003 13.94617 11.85986 -13.30002 13.94617 11.49622 5.00003 14.30981 11.49622 -13.30002 14.30981 11.07501 5.00003 14.60474 11.07501 -13.30002 14.60474 10.60895 5.00003 14.82202 10.60895 -13.30002 14.82202 10.1123 5.00003 14.9552 10.1123 -13.30002 14.9552 9.600037 5.00003 15 9.600037 -13.30002 15 4.549988 -13.30002 15 4.549988 -8.300019 15 -5.450012 -8.300019 15 -5.450012 -13.30002 15 -5.450012 -13.30002 10.84998 -5.450012 -8.300019 10.84998 4.549988 -8.300019 10.84998 4.549988 -13.30002 10.84998 -5.450012 -13.30002 -15 -5.450012 -13.30002 -10.84998 4.549988 -13.30002 -10.84998 4.549988 -13.30002 -15 -5.450012 -8.300019 -15 4.549988 -8.300019 -15 4.549988 -8.300019 -10.84998 -5.450012 -8.300019 -10.84998 0.2604981 24.35001 1.477173 0.3220825 24.35001 3.886597 0 24.35001 1.5 -0.1074218 24.35001 3.898437 -0.260437 24.35001 1.477173 0.75 24.35001 1.299072 1.56665 24.35001 3.571533 0.5130615 24.35001 1.409546 1.164246 24.35001 3.722168 0.7476807 24.35001 3.827637 1.477234 24.35001 0.2604981 3.752869 24.35001 1.061157 1.409546 24.35001 0.5130615 3.613342 24.35001 1.467529 1.299072 24.35001 0.75 1.5 24.35001 0 3.894104 24.35001 0.2148437 3.846802 24.35001 0.6418457 -1.299011 24.35001 0.75 -3.526978 24.35001 1.664429 -1.409546 24.35001 0.5130615 -3.68866 24.35001 1.266357 -1.477173 24.35001 0.2604981 0.9641724 24.35001 1.149048 2.309753 24.35001 3.142456 1.950012 24.35001 3.377441 1.477234 24.35001 -0.2604981 3.894104 24.35001 -0.2148437 3.900024 24.35001 0 -1.409546 24.35001 -0.5130615 -3.526978 24.35001 -1.664429 -1.299011 24.35001 -0.75 -3.322449 24.35001 -2.042358 -1.149048 24.35001 -0.9642334 -1.5 24.35001 0 -3.876343 24.35001 -0.4290772 -1.477173 24.35001 -0.2604981 -3.805603 24.35001 -0.8529053 -3.68866 24.35001 -1.266357 -3.805603 24.35001 0.8527832 -3.876343 24.35001 0.4289551 -3.899963 24.35001 0 -0.5356445 24.35001 3.863037 -0.9573975 24.35001 3.78064 -0.5130005 24.35001 1.409546 3.429993 24.35001 1.856201 3.204956 24.35001 2.222168 1.149109 24.35001 0.9641113 2.94104 24.35001 2.561279 2.641418 24.35001 2.869263 1.409546 24.35001 -0.5130615 3.752869 24.35001 -1.061279 3.846802 24.35001 -0.6419678 0.75 24.35001 -1.299072 2.309753 24.35001 -3.142456 0.9641724 24.35001 -1.149048 2.641418 24.35001 -2.869385 1.149109 24.35001 -0.9642334 -0.5130005 24.35001 -1.409546 -0.9573975 24.35001 -3.78064 -0.260437 24.35001 -1.477295 -0.5356445 24.35001 -3.863037 0 24.35001 -1.5 -3.077637 24.35001 -2.395508 -2.79541 24.35001 -2.719482 -0.9641724 24.35001 -1.149048 -2.479309 24.35001 -3.010498 -0.75 24.35001 -1.299072 -0.9641724 24.35001 1.149048 -2.79541 24.35001 2.719482 -1.149048 24.35001 0.9641113 -3.077637 24.35001 2.395386 -3.322449 24.35001 2.042358 -1.367493 24.35001 3.652344 -1.760986 24.35001 3.479736 -0.75 24.35001 1.299072 -2.133057 24.35001 3.264893 -2.479309 24.35001 3.010498 2.94104 24.35001 -2.561401 3.204956 24.35001 -2.22229 1.299072 24.35001 -0.75 3.429993 24.35001 -1.856201 3.613342 24.35001 -1.467651 -0.1074218 24.35001 -3.89856 0.3220825 24.35001 -3.886719 0.2604981 24.35001 -1.477295 0.7476807 24.35001 -3.827637 0.5130615 24.35001 -1.409546 -2.133057 24.35001 -3.265015 -1.760986 24.35001 -3.479858 -1.367493 24.35001 -3.652466 1.164246 24.35001 -3.722168 1.56665 24.35001 -3.571533 1.950012 24.35001 -3.377563 -3.899963 30.00003 0 -3.876343 30.00003 0.4289551 -3.805603 30.00003 0.8527832 -3.68866 30.00003 1.266357 -3.526978 30.00003 1.664429 -3.322449 30.00003 2.042358 -3.077637 30.00003 2.395386 -2.79541 30.00003 2.719482 -2.479309 30.00003 3.010498 -2.133057 30.00003 3.264893 -1.760986 30.00003 3.479736 -1.367493 30.00003 3.652344 -0.9573975 30.00003 3.78064 -0.5356445 30.00003 3.863037 -0.1074218 30.00003 3.898437 0.3220825 30.00003 3.886597 0.7476807 30.00003 3.827637 1.164246 30.00003 3.722168 1.56665 30.00003 3.571533 1.950012 30.00003 3.377441 2.309753 30.00003 3.142456 2.641418 30.00003 2.869263 2.94104 30.00003 2.561279 3.204956 30.00003 2.222168 3.429993 30.00003 1.856201 3.613342 30.00003 1.467529 3.752869 30.00003 1.061157 3.846802 30.00003 0.6418457 3.894104 30.00003 0.2148437 3.900024 30.00003 0 3.894104 30.00003 -0.2148437 3.846802 30.00003 -0.6419678 3.752869 30.00003 -1.061279 3.613342 30.00003 -1.467651 3.429993 30.00003 -1.856201 3.204956 30.00003 -2.22229 2.94104 30.00003 -2.561401 2.641418 30.00003 -2.869385 2.309753 30.00003 -3.142456 1.950012 30.00003 -3.377563 1.56665 30.00003 -3.571533 1.164246 30.00003 -3.722168 0.7476807 30.00003 -3.827637 0.3220825 30.00003 -3.886719 -0.1074218 30.00003 -3.89856 -0.5356445 30.00003 -3.863037 -0.9573975 30.00003 -3.78064 -1.367493 30.00003 -3.652466 -1.760986 30.00003 -3.479858 -2.133057 30.00003 -3.265015 -2.479309 30.00003 -3.010498 -2.79541 30.00003 -2.719482 -3.077637 30.00003 -2.395508 -3.322449 30.00003 -2.042358 -3.526978 30.00003 -1.664429 -3.68866 30.00003 -1.266357 -3.805603 30.00003 -0.8529053 -3.876343 30.00003 -0.4290772 -2.461975 30.00003 0.434082 -2.490478 30.00003 0.2178955 -2.5 30.00003 0 -2.490478 30.00003 -0.2178955 -2.461975 30.00003 -0.4342041 -2.414795 30.00003 -0.6470947 -2.349243 30.00003 -0.8551025 -2.265747 30.00003 -1.056519 -2.165039 30.00003 -1.25 -2.047852 30.00003 -1.43396 -1.9151 30.00003 -1.606934 -1.767761 30.00003 -1.767822 -1.606934 30.00003 -1.915161 -0.2178955 30.00003 -2.490478 0 30.00003 -2.5 0.2178955 30.00003 -2.490478 0.4341431 30.00003 -2.462036 2.349243 30.00003 -0.8551025 2.414856 30.00003 -0.6470947 2.462036 30.00003 -0.4342041 2.490478 30.00003 -0.2178955 2.5 30.00003 0 2.490478 30.00003 0.2178955 2.462036 30.00003 0.434082 2.414856 30.00003 0.6469727 -1.433899 30.00003 -2.047852 -1.25 30.00003 -2.165039 -1.056519 30.00003 -2.265747 -0.8550415 30.00003 -2.349243 -0.6470337 30.00003 -2.414795 -0.434082 30.00003 -2.462036 0.6470337 30.00003 -2.414795 0.8550415 30.00003 -2.349243 1.05658 30.00003 -2.265747 1.25 30.00003 -2.165039 1.43396 30.00003 -2.047852 2.349243 30.00003 0.8549805 2.265808 30.00003 1.056519 2.1651 30.00003 1.25 2.047913 30.00003 1.43396 1.9151 30.00003 1.606934 1.606995 30.00003 -1.915161 1.767761 30.00003 -1.767822 1.9151 30.00003 -1.606934 2.047913 30.00003 -1.43396 2.1651 30.00003 -1.25 2.265808 30.00003 -1.056519 -2.047852 30.00003 1.43396 -2.165039 30.00003 1.25 -2.265747 30.00003 1.056519 -2.349243 30.00003 0.8549805 -2.414795 30.00003 0.6469727 -1.433899 30.00003 2.047852 -1.606934 30.00003 1.915039 -1.767761 30.00003 1.7677 -1.9151 30.00003 1.606934 0.6470337 30.00003 2.414795 0.4341431 30.00003 2.462036 0.2178955 30.00003 2.490478 0 30.00003 2.5 -0.2178955 30.00003 2.490478 -0.434082 30.00003 2.462036 -0.6470337 30.00003 2.414795 -0.8550415 30.00003 2.349243 -1.056519 30.00003 2.265747 -1.25 30.00003 2.165039 1.767761 30.00003 1.7677 1.606995 30.00003 1.915039 1.43396 30.00003 2.047852 1.25 30.00003 2.165039 1.05658 30.00003 2.265747 0.8550415 30.00003 2.349243 -1.494263 29.00003 0.1307373 -1.477173 29.00003 0.2604981 -1.448853 29.00003 0.3881836 -1.409546 29.00003 0.5130615 -1.359436 29.00003 0.6339111 -1.299011 29.00003 0.75 -1.228699 29.00003 0.8603516 -1.149048 29.00003 0.9641113 -1.060669 29.00003 1.060669 -0.9641724 29.00003 1.149048 -0.8603516 29.00003 1.22876 -0.75 29.00003 1.299072 -0.6339111 29.00003 1.359497 -0.5130005 29.00003 1.409546 -0.3882446 29.00003 1.448853 -0.260437 29.00003 1.477173 -0.1307373 29.00003 1.494263 0 29.00003 1.5 0.1307373 29.00003 1.494263 0.2604981 29.00003 1.477173 0.3882446 29.00003 1.448853 0.5130615 29.00003 1.409546 0.6339722 29.00003 1.359497 0.75 29.00003 1.299072 0.8603516 29.00003 1.22876 0.9641724 29.00003 1.149048 1.060669 29.00003 1.060669 1.149109 29.00003 0.9641113 1.22876 29.00003 0.8603516 1.299072 29.00003 0.75 1.359497 29.00003 0.6339111 1.409546 29.00003 0.5130615 1.448914 29.00003 0.3881836 1.477234 29.00003 0.2604981 1.494324 29.00003 0.1307373 1.5 29.00003 0 1.494324 29.00003 -0.1307373 1.477234 29.00003 -0.2604981 1.448914 29.00003 -0.3883057 1.409546 29.00003 -0.5130615 1.359497 29.00003 -0.6339111 1.299072 29.00003 -0.75 1.22876 29.00003 -0.8603516 1.149109 29.00003 -0.9642334 1.060669 29.00003 -1.060669 0.9641724 29.00003 -1.149048 0.8603516 29.00003 -1.22876 0.75 29.00003 -1.299072 0.6339722 29.00003 -1.359497 0.5130615 29.00003 -1.409546 0.3882446 29.00003 -1.448853 0.2604981 29.00003 -1.477295 0.1307373 29.00003 -1.494263 0 29.00003 -1.5 -0.1307373 29.00003 -1.494263 -0.260437 29.00003 -1.477295 -0.3882446 29.00003 -1.448853 -0.5130005 29.00003 -1.409546 -0.6339111 29.00003 -1.359497 -0.75 29.00003 -1.299072 -0.8603516 29.00003 -1.22876 -0.9641724 29.00003 -1.149048 -1.060669 29.00003 -1.060669 -1.149048 29.00003 -0.9642334 -1.228699 29.00003 -0.8603516 -1.299011 29.00003 -0.75 -1.359436 29.00003 -0.6339111 -1.409546 29.00003 -0.5130615 -1.448853 29.00003 -0.3883057 -1.477173 29.00003 -0.2604981 -1.494263 29.00003 -0.1307373 -1.5 29.00003 0 -52.04156 20.80002 -11.51257 -52.08533 20.80002 -11.77978 -50.7547 20.80002 -12.05005 -48.93115 20.80002 -9.641114 -49.02264 20.80002 -11.05005 -48.67462 20.80002 -9.72754 -48.42895 20.80002 -9.841187 -47.15845 20.80002 -12.5874 -47.11462 20.80002 -12.32031 -48.44531 20.80002 -12.05005 -50.77099 20.80002 -9.841187 -51.00293 20.80002 -9.980835 -50.17731 20.80002 -11.05005 -51.21844 20.80002 -10.14465 -47.60974 20.80002 -10.53711 -47.78497 20.80002 -10.33081 -50.17731 20.80002 -13.05005 -50.52533 20.80002 -14.37244 -50.2688 20.80002 -14.45886 -49.19556 20.80002 -14.51709 -48.93115 20.80002 -14.45886 -49.02264 20.80002 -13.05005 -51.41498 20.80002 -13.76929 -51.21844 20.80002 -13.95544 -51.74213 20.80002 -10.76111 -51.8689 20.80002 -11.00024 -51.96912 20.80002 -11.25171 -47.09997 20.80002 -12.05005 -47.11462 20.80002 -11.77978 -47.15845 20.80002 -11.51257 -47.98151 20.80002 -10.14465 -48.19702 20.80002 -9.980835 -48.19702 20.80002 -14.11926 -47.98151 20.80002 -13.95544 -47.78497 20.80002 -13.76929 -47.60974 20.80002 -13.56299 -47.45782 20.80002 -13.33887 -47.33105 20.80002 -13.09973 -47.23083 20.80002 -12.84827 -50.00445 20.80002 -14.51709 -49.73535 20.80002 -14.54639 -49.46466 20.80002 -14.54639 -48.67462 20.80002 -14.37244 -48.42895 20.80002 -14.25879 -52.09997 20.80002 -12.05005 -52.08533 20.80002 -12.32031 -52.04156 20.80002 -12.5874 -51.59021 20.80002 -13.56299 -51.00293 20.80002 -14.11926 -50.77099 20.80002 -14.25879 -51.41498 20.80002 -10.33081 -51.59021 20.80002 -10.53711 -50.00445 20.80002 -9.583008 -50.2688 20.80002 -9.641114 -50.52533 20.80002 -9.72754 -47.23083 20.80002 -11.25171 -47.33105 20.80002 -11.00024 -47.45782 20.80002 -10.76111 -51.96912 20.80002 -12.84827 -51.8689 20.80002 -13.09973 -51.74213 20.80002 -13.33887 -49.19556 20.80002 -9.583008 -49.46466 20.80002 -9.553711 -49.73535 20.80002 -9.553711 -48.67462 23.89999 -14.37244 -48.93115 23.89999 -14.45886 -49.02264 23.89999 -13.05005 -49.19556 23.89999 -9.583008 -48.93115 23.89999 -9.641114 -49.02264 23.89999 -11.05005 -50.77099 23.89999 -14.25879 -51.00293 23.89999 -14.11926 -50.17731 23.89999 -13.05005 -51.21844 23.89999 -13.95544 -51.41498 23.89999 -13.76929 -51.8689 23.89999 -13.09973 -50.7547 23.89999 -12.05005 -51.96912 23.89999 -12.84827 -52.04156 23.89999 -12.5874 -52.08533 23.89999 -12.32031 -50.00445 23.89999 -14.51709 -50.2688 23.89999 -14.45886 -50.52533 23.89999 -14.37244 -47.78497 23.89999 -13.76929 -47.98151 23.89999 -13.95544 -47.15845 23.89999 -11.51257 -47.11462 23.89999 -11.77978 -48.44531 23.89999 -12.05005 -48.67462 23.89999 -9.72754 -48.42895 23.89999 -9.841187 -48.19702 23.89999 -9.980835 -51.59021 23.89999 -13.56299 -51.74213 23.89999 -13.33887 -49.19556 23.89999 -14.51709 -49.46466 23.89999 -14.54639 -49.73535 23.89999 -14.54639 -47.60974 23.89999 -13.56299 -48.19702 23.89999 -14.11926 -48.42895 23.89999 -14.25879 -47.09997 23.89999 -12.05005 -47.11462 23.89999 -12.32031 -47.15845 23.89999 -12.5874 -47.98151 23.89999 -10.14465 -47.78497 23.89999 -10.33081 -47.60974 23.89999 -10.53711 -47.45782 23.89999 -10.76111 -47.33105 23.89999 -11.00024 -47.23083 23.89999 -11.25171 -51.00293 23.89999 -9.980835 -50.77099 23.89999 -9.841187 -50.17731 23.89999 -11.05005 -50.52533 23.89999 -9.72754 -50.2688 23.89999 -9.641114 -52.09997 23.89999 -12.05005 -52.08533 23.89999 -11.77978 -52.04156 23.89999 -11.51257 -47.23083 23.89999 -12.84827 -47.33105 23.89999 -13.09973 -47.45782 23.89999 -13.33887 -50.00445 23.89999 -9.583008 -49.73535 23.89999 -9.553711 -49.46466 23.89999 -9.553711 -51.96912 23.89999 -11.25171 -51.8689 23.89999 -11.00024 -51.74213 23.89999 -10.76111 -51.59021 23.89999 -10.53711 -51.41498 23.89999 -10.33081 -51.21844 23.89999 -10.14465 -48.44531 20.80002 11.79993 -47.11462 20.80002 12.07031 -47.15845 20.80002 12.3374 -47.60974 20.80002 13.31287 -47.78497 20.80002 13.51916 -49.02264 20.80002 12.79993 -47.98151 20.80002 13.70532 -48.19702 20.80002 13.86914 -47.15845 20.80002 11.26257 -47.11462 20.80002 11.52966 -47.09997 20.80002 11.79993 -52.04156 20.80002 12.3374 -52.08533 20.80002 12.07031 -50.7547 20.80002 11.79993 -48.42895 20.80002 14.00879 -48.67462 20.80002 14.12244 -48.93115 20.80002 14.20886 -47.23083 20.80002 12.59827 -47.33105 20.80002 12.84973 -47.45782 20.80002 13.08887 -50.77099 20.80002 14.00879 -51.00293 20.80002 13.86914 -50.17731 20.80002 12.79993 -51.21844 20.80002 13.70532 -48.19702 20.80002 9.730713 -47.98151 20.80002 9.894532 -49.02264 20.80002 10.79993 -47.78497 20.80002 10.08069 -47.60974 20.80002 10.28699 -47.45782 20.80002 10.51111 -47.33105 20.80002 10.75024 -47.23083 20.80002 11.00171 -50.17731 20.80002 10.79993 -50.52533 20.80002 9.47754 -50.2688 20.80002 9.391114 -49.19556 20.80002 9.332886 -48.93115 20.80002 9.391114 -51.41498 20.80002 10.08069 -51.21844 20.80002 9.894532 -51.74213 20.80002 13.08887 -51.8689 20.80002 12.84973 -51.96912 20.80002 12.59827 -50.00445 20.80002 9.332886 -49.73535 20.80002 9.303589 -49.46466 20.80002 9.303589 -48.67462 20.80002 9.47754 -48.42895 20.80002 9.591187 -52.09997 20.80002 11.79993 -52.08533 20.80002 11.52966 -52.04156 20.80002 11.26257 -51.59021 20.80002 10.28699 -51.00293 20.80002 9.730713 -50.77099 20.80002 9.591187 -51.41498 20.80002 13.51916 -51.59021 20.80002 13.31287 -50.00445 20.80002 14.26709 -50.2688 20.80002 14.20886 -50.52533 20.80002 14.12244 -51.96912 20.80002 11.00171 -51.8689 20.80002 10.75024 -51.74213 20.80002 10.51111 -49.19556 20.80002 14.26709 -49.46466 20.80002 14.29626 -49.73535 20.80002 14.29626 -48.67462 23.89999 9.47754 -48.93115 23.89999 9.391114 -49.02264 23.89999 10.79993 -47.78497 23.89999 10.08069 -47.98151 23.89999 9.894532 -47.15845 23.89999 12.3374 -47.11462 23.89999 12.07031 -48.44531 23.89999 11.79993 -49.19556 23.89999 14.26709 -48.93115 23.89999 14.20886 -49.02264 23.89999 12.79993 -50.77099 23.89999 9.591187 -51.00293 23.89999 9.730713 -50.17731 23.89999 10.79993 -51.21844 23.89999 9.894532 -51.41498 23.89999 10.08069 -51.8689 23.89999 10.75024 -50.7547 23.89999 11.79993 -51.96912 23.89999 11.00171 -52.04156 23.89999 11.26257 -52.08533 23.89999 11.52966 -47.60974 23.89999 10.28699 -48.19702 23.89999 9.730713 -48.42895 23.89999 9.591187 -48.67462 23.89999 14.12244 -48.42895 23.89999 14.00879 -48.19702 23.89999 13.86914 -51.59021 23.89999 10.28699 -51.74213 23.89999 10.51111 -50.00445 23.89999 9.332886 -50.2688 23.89999 9.391114 -50.52533 23.89999 9.47754 -47.09997 23.89999 11.79993 -47.11462 23.89999 11.52966 -47.15845 23.89999 11.26257 -47.98151 23.89999 13.70532 -47.78497 23.89999 13.51916 -47.60974 23.89999 13.31287 -47.45782 23.89999 13.08887 -47.33105 23.89999 12.84973 -47.23083 23.89999 12.59827 -49.19556 23.89999 9.332886 -49.46466 23.89999 9.303589 -49.73535 23.89999 9.303589 -47.23083 23.89999 11.00171 -47.33105 23.89999 10.75024 -47.45782 23.89999 10.51111 -51.00293 23.89999 13.86914 -50.77099 23.89999 14.00879 -50.17731 23.89999 12.79993 -50.52533 23.89999 14.12244 -50.2688 23.89999 14.20886 -52.09997 23.89999 11.79993 -52.08533 23.89999 12.07031 -52.04156 23.89999 12.3374 -50.00445 23.89999 14.26709 -49.73535 23.89999 14.29626 -49.46466 23.89999 14.29626 -51.96912 23.89999 12.59827 -51.8689 23.89999 12.84973 -51.74213 23.89999 13.08887 -51.59021 23.89999 13.31287 -51.41498 23.89999 13.51916 -51.21844 23.89999 13.70532 12.04156 20.80002 11.26257 12.08539 20.80002 11.52966 10.7547 20.80002 11.79993 9.022644 20.80002 12.79993 8.429017 20.80002 14.00879 8.197022 20.80002 13.86914 7.158447 20.80002 12.3374 7.114685 20.80002 12.07031 8.445313 20.80002 11.79993 10.26886 20.80002 14.20886 10.17737 20.80002 12.79993 10.52539 20.80002 14.12244 10.77106 20.80002 14.00879 7.785034 20.80002 10.08069 7.981567 20.80002 9.894532 9.022644 20.80002 10.79993 12.10004 20.80002 11.79993 12.08539 20.80002 12.07031 12.04156 20.80002 12.3374 8.674683 20.80002 9.47754 8.931214 20.80002 9.391114 7.609802 20.80002 10.28699 8.197022 20.80002 9.730713 8.429017 20.80002 9.591187 11.59027 20.80002 13.31287 11.41498 20.80002 13.51916 10.17737 20.80002 10.79993 11.41498 20.80002 10.08069 11.59027 20.80002 10.28699 11.74219 20.80002 10.51111 11.86896 20.80002 10.75024 11.96918 20.80002 11.00171 9.195557 20.80002 9.332886 9.464661 20.80002 9.303589 9.735352 20.80002 9.303589 10.00446 20.80002 9.332886 10.26886 20.80002 9.391114 10.52539 20.80002 9.47754 10.77106 20.80002 9.591187 7.100037 20.80002 11.79993 7.114685 20.80002 11.52966 7.158447 20.80002 11.26257 7.981567 20.80002 13.70532 7.785034 20.80002 13.51916 7.609802 20.80002 13.31287 7.457886 20.80002 13.08887 7.331055 20.80002 12.84973 7.230896 20.80002 12.59827 9.195557 20.80002 14.26709 8.931214 20.80002 14.20886 8.674683 20.80002 14.12244 11.21851 20.80002 13.70532 11.00299 20.80002 13.86914 11.00299 20.80002 9.730713 11.21851 20.80002 9.894532 7.230896 20.80002 11.00171 7.331055 20.80002 10.75024 7.457886 20.80002 10.51111 10.00446 20.80002 14.26709 9.735352 20.80002 14.29626 9.464661 20.80002 14.29626 11.96918 20.80002 12.59827 11.86896 20.80002 12.84973 11.74219 20.80002 13.08887 7.158447 23.89999 11.26257 7.114685 23.89999 11.52966 8.445313 23.89999 11.79993 10.52539 23.89999 9.47754 10.26886 23.89999 9.391114 10.17737 23.89999 10.79993 9.022644 23.89999 10.79993 8.429017 23.89999 9.591187 8.197022 23.89999 9.730713 12.04156 23.89999 12.3374 12.08539 23.89999 12.07031 10.7547 23.89999 11.79993 7.981567 23.89999 9.894532 7.785034 23.89999 10.08069 7.609802 23.89999 10.28699 7.457886 23.89999 10.51111 7.331055 23.89999 10.75024 7.230896 23.89999 11.00171 9.195557 23.89999 9.332886 8.931214 23.89999 9.391114 8.674683 23.89999 9.47754 10.00446 23.89999 14.26709 10.26886 23.89999 14.20886 10.17737 23.89999 12.79993 10.52539 23.89999 14.12244 10.77106 23.89999 14.00879 10.00446 23.89999 9.332886 9.735352 23.89999 9.303589 9.464661 23.89999 9.303589 11.96918 23.89999 12.59827 7.100037 23.89999 11.79993 7.114685 23.89999 12.07031 7.158447 23.89999 12.3374 12.10004 23.89999 11.79993 12.08539 23.89999 11.52966 12.04156 23.89999 11.26257 11.59027 23.89999 10.28699 11.41498 23.89999 10.08069 11.21851 23.89999 9.894532 8.197022 23.89999 13.86914 8.429017 23.89999 14.00879 9.022644 23.89999 12.79993 8.674683 23.89999 14.12244 8.931214 23.89999 14.20886 7.609802 23.89999 13.31287 7.785034 23.89999 13.51916 7.981567 23.89999 13.70532 11.96918 23.89999 11.00171 11.86896 23.89999 10.75024 11.74219 23.89999 10.51111 11.00299 23.89999 9.730713 10.77106 23.89999 9.591187 11.00299 23.89999 13.86914 11.21851 23.89999 13.70532 11.41498 23.89999 13.51916 9.195557 23.89999 14.26709 9.464661 23.89999 14.29626 9.735352 23.89999 14.29626 11.59027 23.89999 13.31287 11.74219 23.89999 13.08887 11.86896 23.89999 12.84973 7.230896 23.89999 12.59827 7.331055 23.89999 12.84973 7.457886 23.89999 13.08887 8.674683 20.80002 -9.802613 8.429017 20.80002 -9.91626 9.022644 20.80002 -11.125 12.04156 20.80002 -12.66248 12.08539 20.80002 -12.39526 10.7547 20.80002 -12.125 8.197022 20.80002 -14.19421 8.429017 20.80002 -14.33386 9.022644 20.80002 -13.125 8.674683 20.80002 -14.44751 8.931214 20.80002 -14.53394 10.77106 20.80002 -9.91626 10.52539 20.80002 -9.802613 10.17737 20.80002 -11.125 10.26886 20.80002 -9.716187 10.00446 20.80002 -9.657959 8.931214 20.80002 -9.716187 10.00446 20.80002 -14.59204 10.26886 20.80002 -14.53394 10.17737 20.80002 -13.125 10.52539 20.80002 -14.44751 8.197022 20.80002 -10.05579 7.981567 20.80002 -10.2196 7.785034 20.80002 -10.40576 7.331055 20.80002 -11.07532 8.445313 20.80002 -12.125 7.230896 20.80002 -11.32678 7.158447 20.80002 -11.58765 7.114685 20.80002 -11.85474 9.735352 20.80002 -9.628663 9.464661 20.80002 -9.628663 9.195557 20.80002 -9.657959 12.10004 20.80002 -12.125 12.08539 20.80002 -11.85474 12.04156 20.80002 -11.58765 10.77106 20.80002 -14.33386 11.00299 20.80002 -14.19421 11.21851 20.80002 -14.0304 11.74219 20.80002 -13.41394 11.86896 20.80002 -13.1748 11.96918 20.80002 -12.92322 7.100037 20.80002 -12.125 7.114685 20.80002 -12.39526 7.158447 20.80002 -12.66248 7.609802 20.80002 -13.63794 7.785034 20.80002 -13.84424 7.981567 20.80002 -14.0304 7.609802 20.80002 -10.61206 7.457886 20.80002 -10.83618 11.59027 20.80002 -10.61206 11.41498 20.80002 -10.40576 11.41498 20.80002 -13.84424 11.59027 20.80002 -13.63794 7.230896 20.80002 -12.92322 7.331055 20.80002 -13.1748 7.457886 20.80002 -13.41394 11.96918 20.80002 -11.32678 11.86896 20.80002 -11.07532 11.74219 20.80002 -10.83618 11.21851 20.80002 -10.2196 11.00299 20.80002 -10.05579 9.195557 20.80002 -14.59204 9.464661 20.80002 -14.62134 9.735352 20.80002 -14.62134 8.197022 23.89999 -10.05579 8.429017 23.89999 -9.91626 9.022644 23.89999 -11.125 8.931214 23.89999 -14.53394 8.674683 23.89999 -14.44751 9.022644 23.89999 -13.125 8.429017 23.89999 -14.33386 8.197022 23.89999 -14.19421 11.00299 23.89999 -14.19421 10.77106 23.89999 -14.33386 10.17737 23.89999 -13.125 10.52539 23.89999 -9.802613 10.77106 23.89999 -9.91626 10.17737 23.89999 -11.125 7.158447 23.89999 -12.66248 7.114685 23.89999 -12.39526 8.445313 23.89999 -12.125 7.981567 23.89999 -14.0304 7.785034 23.89999 -13.84424 7.609802 23.89999 -13.63794 10.26886 23.89999 -9.716187 7.457886 23.89999 -13.41394 7.331055 23.89999 -13.1748 7.230896 23.89999 -12.92322 10.52539 23.89999 -14.44751 10.26886 23.89999 -14.53394 10.00446 23.89999 -14.59204 9.735352 23.89999 -14.62134 9.464661 23.89999 -14.62134 9.195557 23.89999 -14.59204 12.10004 23.89999 -12.125 12.08539 23.89999 -12.39526 10.7547 23.89999 -12.125 12.04156 23.89999 -12.66248 11.96918 23.89999 -11.32678 12.04156 23.89999 -11.58765 12.08539 23.89999 -11.85474 8.674683 23.89999 -9.802613 8.931214 23.89999 -9.716187 9.195557 23.89999 -9.657959 9.464661 23.89999 -9.628663 9.735352 23.89999 -9.628663 10.00446 23.89999 -9.657959 7.100037 23.89999 -12.125 7.114685 23.89999 -11.85474 7.158447 23.89999 -11.58765 7.609802 23.89999 -10.61206 7.785034 23.89999 -10.40576 7.981567 23.89999 -10.2196 11.96918 23.89999 -12.92322 11.86896 23.89999 -13.1748 11.74219 23.89999 -13.41394 11.59027 23.89999 -13.63794 11.41498 23.89999 -13.84424 11.21851 23.89999 -14.0304 7.230896 23.89999 -11.32678 7.331055 23.89999 -11.07532 7.457886 23.89999 -10.83618 11.00299 23.89999 -10.05579 11.21851 23.89999 -10.2196 11.41498 23.89999 -10.40576 11.59027 23.89999 -10.61206 11.74219 23.89999 -10.83618 11.86896 23.89999 -11.07532 12.54999 20.80002 12.04993 12.50519 20.80002 12.56226 12.37213 20.80002 13.05896 12.15478 20.80002 13.52502 11.85986 20.80002 13.94617 11.49622 20.80002 14.30981 11.07501 20.80002 14.60474 10.60895 20.80002 14.82202 10.1123 20.80002 14.9552 9.600037 20.80002 15 8.316285 24.35001 3.026855 8.715577 24.35001 1.536743 0 24.35001 0 8.850037 24.35001 0 8.715577 24.35001 -1.536865 5.68866 24.35001 6.779419 6.77948 24.35001 5.688599 7.664368 24.35001 4.424927 1.536804 24.35001 8.715577 3.026916 24.35001 8.316285 4.424988 24.35001 7.664307 -3.026855 24.35001 8.316285 -1.536743 24.35001 8.715577 0 24.35001 8.849976 -6.77948 24.35001 5.688599 -5.68866 24.35001 6.779419 -4.424988 24.35001 7.664307 -8.715516 24.35001 1.536743 -8.316285 24.35001 3.026855 -7.664307 24.35001 4.424927 -8.316285 24.35001 -3.026855 -8.715516 24.35001 -1.536865 -8.849976 24.35001 0 -5.68866 24.35001 -6.779541 -6.77948 24.35001 -5.688721 -7.664307 24.35001 -4.425049 -1.536743 24.35001 -8.715577 -3.026855 24.35001 -8.316285 -4.424988 24.35001 -7.664307 3.026916 24.35001 -8.316285 1.536804 24.35001 -8.715577 0 24.35001 -8.849976 6.77948 24.35001 -5.688721 5.68866 24.35001 -6.779541 4.424988 24.35001 -7.664307 8.316285 24.35001 -3.026855 7.664368 24.35001 -4.425049 -8.950013 24.25003 0 -8.814026 23.89999 1.554077 -8.814026 24.25003 1.554077 -8.410218 23.89999 3.061035 -8.410218 24.25003 3.061035 -7.750916 23.89999 4.474976 -7.750916 24.25003 4.474976 -6.856079 23.89999 5.75293 -6.856079 24.25003 5.75293 -5.75293 23.89999 6.856079 -5.75293 24.25003 6.856079 -4.474976 23.89999 7.750854 -4.474976 24.25003 7.750854 -3.061035 23.89999 8.410279 -3.061035 24.25003 8.410279 -1.554138 23.89999 8.813965 -1.554138 24.25003 8.813965 0 23.89999 8.949952 0 24.25003 8.949952 1.554138 23.89999 8.813965 1.554138 24.25003 8.813965 3.061096 23.89999 8.410279 3.061096 24.25003 8.410279 4.475037 23.89999 7.750854 4.475037 24.25003 7.750854 5.752991 23.89999 6.856079 5.752991 24.25003 6.856079 6.85614 23.89999 5.75293 6.85614 24.25003 5.75293 7.750916 23.89999 4.474976 7.750916 24.25003 4.474976 8.410279 23.89999 3.061035 8.410279 24.25003 3.061035 8.814026 23.89999 1.554077 8.814026 24.25003 1.554077 8.950013 23.89999 0 8.950013 24.25003 0 8.814026 23.89999 -1.554199 8.814026 24.25003 -1.554199 8.410279 23.89999 -3.061157 8.410279 24.25003 -3.061157 7.750916 23.89999 -4.474976 7.750916 24.25003 -4.474976 6.85614 23.89999 -5.75293 6.85614 24.25003 -5.75293 5.752991 23.89999 -6.856079 5.752991 24.25003 -6.856079 4.475037 23.89999 -7.750977 4.475037 24.25003 -7.750977 3.061096 23.89999 -8.410279 3.061096 24.25003 -8.410279 1.554138 23.89999 -8.814087 1.554138 24.25003 -8.814087 0 23.89999 -8.950074 0 24.25003 -8.950074 -1.554138 23.89999 -8.814087 -1.554138 24.25003 -8.814087 -3.061035 23.89999 -8.410279 -3.061035 24.25003 -8.410279 -4.474976 23.89999 -7.750977 -4.474976 24.25003 -7.750977 -5.75293 23.89999 -6.856079 -5.75293 24.25003 -6.856079 -6.856079 23.89999 -5.75293 -6.856079 24.25003 -5.75293 -7.750916 23.89999 -4.474976 -7.750916 24.25003 -4.474976 -8.410218 23.89999 -3.061157 -8.410218 24.25003 -3.061157 -8.814026 23.89999 -1.554199 -8.814026 24.25003 -1.554199 -8.950013 23.89999 0 12.54999 20.80002 8.924927 12.54999 23.89999 5.449951 12.54999 23.89999 8.924927 12.54999 20.80002 -8.925049 12.54999 23.89999 -8.925049 12.54999 23.89999 -5.450073 12.54999 20.80002 -12.05005 9.600037 20.80002 -15 10.1123 20.80002 -14.9552 10.60895 20.80002 -14.82214 11.07501 20.80002 -14.60486 11.49622 20.80002 -14.30981 11.85986 20.80002 -13.94629 12.15478 20.80002 -13.52502 12.37213 20.80002 -13.05896 12.50519 20.80002 -12.56226 -46.72497 20.80002 15 -49.84997 20.80002 15 6.475037 20.80002 15 -45.64996 20.94644 15 -46.72497 23.89999 15 -21.33673 20.94644 15 -22.06854 22.20297 15 -22.25476 22.48129 15 -40.51324 20.94644 15 6.475037 23.89999 15 5.400024 20.94644 15 -35.76855 22.20297 15 -35.95477 22.48129 15 -35.03674 20.94644 15 -36.51538 23.19205 15 -22.81537 23.19205 15 -23.15241 23.51291 15 -23.41657 23.70059 15 -36.85242 23.51291 15 -37.11658 23.70059 15 -37.3327 23.80942 15 -23.63269 23.80942 15 -23.82062 23.86997 15 -23.99396 23.89694 15 -37.52063 23.86997 15 -37.69397 23.89694 15 -37.77496 23.89999 15 -24.07501 23.89999 15 -24.25354 23.88516 15 -24.43213 23.84079 15 -37.95355 23.88516 15 -38.13214 23.84079 15 -38.32336 23.76114 15 -24.62335 23.76114 15 -24.88275 23.60165 15 -25.232 23.29892 15 -38.5827 23.60165 15 -38.93201 23.29892 15 -39.17932 23.02847 15 -25.47931 23.02847 15 -25.65094 22.81595 15 -26.09033 22.18918 15 -39.35089 22.81595 15 -39.79028 22.18918 15 -40.14545 21.60751 15 -26.44544 21.60751 15 -26.81323 20.94644 15 6.475037 20.80002 -15 6.475037 20.80002 -11.92505 6.520569 20.80002 -11.40405 9.475037 20.80002 -8.925049 6.655945 20.80002 -10.89893 6.876953 20.80002 -10.42505 7.17688 20.80002 -9.996705 7.546631 20.80002 -9.626832 7.975037 20.80002 -9.326905 8.448975 20.80002 -9.105957 8.954041 20.80002 -8.970582 9.475037 23.89999 -8.925049 8.954041 23.89999 -8.970582 8.448975 23.89999 -9.105957 7.975037 23.89999 -9.326905 7.546631 23.89999 -9.626832 7.17688 23.89999 -9.996705 6.876953 23.89999 -10.42505 6.655945 23.89999 -10.89893 6.520569 23.89999 -11.40405 6.475037 23.89999 -11.92505 6.475037 23.89999 -13.92505 6.475037 23.89999 -15 6.475037 20.80002 11.92493 9.475037 20.80002 8.924927 6.876953 20.80002 10.42493 6.655945 20.80002 10.89893 6.520569 20.80002 11.40405 8.448975 20.80002 9.105957 7.975037 20.80002 9.326905 7.546631 20.80002 9.626832 7.17688 20.80002 9.996582 8.954041 20.80002 8.970582 9.475037 23.89999 8.924927 6.475037 23.89999 13.92493 6.475037 23.89999 11.92493 6.520569 23.89999 11.40405 6.655945 23.89999 10.89893 6.876953 23.89999 10.42493 7.17688 23.89999 9.996582 7.546631 23.89999 9.626832 7.975037 23.89999 9.326905 8.448975 23.89999 9.105957 8.954041 23.89999 8.970582 -52.79999 20.80002 -12.05005 -52.79999 20.80002 -8.925049 -49.72497 20.80002 -8.925049 -46.72497 20.80002 -11.92505 -46.72497 20.80002 -15 -49.84997 20.80002 -15 -52.23657 20.80002 -13.78394 -52.47845 20.80002 -13.38928 -47.12689 20.80002 -10.42505 -46.90588 20.80002 -10.89893 -46.77057 20.80002 -11.40405 -52.65558 20.80002 -12.96167 -52.76367 20.80002 -12.51147 -48.69891 20.80002 -9.105957 -48.22497 20.80002 -9.326905 -47.79663 20.80002 -9.626832 -47.42688 20.80002 -9.996705 -50.31146 20.80002 -14.96374 -50.7616 20.80002 -14.85559 -51.18927 20.80002 -14.67847 -49.20404 20.80002 -8.970582 -51.58392 20.80002 -14.43665 -51.93597 20.80002 -14.13599 -49.72497 23.89999 -8.925049 -51.72497 23.89999 -8.925049 -52.79999 23.89999 -8.925049 -46.72497 23.89999 -15 -46.72497 23.89999 -13.92505 -46.72497 23.89999 -11.92505 -46.77057 23.89999 -11.40405 -46.90588 23.89999 -10.89893 -47.12689 23.89999 -10.42505 -47.42688 23.89999 -9.996705 -47.79663 23.89999 -9.626832 -48.22497 23.89999 -9.326905 -48.69891 23.89999 -9.105957 -49.20404 23.89999 -8.970582 -46.72497 20.80002 11.92493 -49.72497 20.80002 8.924927 -52.79999 20.80002 8.924927 -52.79999 20.80002 12.04993 -48.22497 20.80002 9.326905 -48.69891 20.80002 9.105957 -49.20404 20.80002 8.970582 -52.75519 20.80002 12.56226 -52.62207 20.80002 13.05896 -52.40478 20.80002 13.52502 -46.77057 20.80002 11.40405 -46.90588 20.80002 10.89893 -47.12689 20.80002 10.42493 -52.1098 20.80002 13.94617 -51.74621 20.80002 14.30981 -51.32501 20.80002 14.60474 -50.85895 20.80002 14.82202 -50.36224 20.80002 14.9552 -47.42688 20.80002 9.996582 -47.79663 20.80002 9.626832 -49.72497 23.89999 8.924927 -49.20404 23.89999 8.970582 -48.69891 23.89999 9.105957 -48.22497 23.89999 9.326905 -47.79663 23.89999 9.626832 -47.42688 23.89999 9.996582 -47.12689 23.89999 10.42493 -46.90588 23.89999 10.89893 -46.77057 23.89999 11.40405 -46.72497 23.89999 11.92493 -46.72497 23.89999 13.92493 -52.79999 23.89999 8.924927 -51.72497 23.89999 8.924927 -9.935303 23.89999 -11.70801 -9.890198 23.89999 -11.87634 -10.875 23.89999 -12.05005 -9.875 23.89999 -12.05005 -9.890198 23.89999 -12.22363 -10.23218 23.89999 -11.28394 -10.10895 23.89999 -11.40723 -10.00897 23.89999 -11.55005 -10.70135 23.89999 -11.06519 -10.53296 23.89999 -11.11035 -10.375 23.89999 -11.18396 -11.21698 23.89999 -11.11035 -11.04864 23.89999 -11.06519 -10.875 23.89999 -11.05005 -11.64105 23.89999 -11.40723 -11.51776 23.89999 -11.28394 -11.375 23.89999 -11.18396 -11.8598 23.89999 -11.87634 -11.8147 23.89999 -11.70801 -11.74103 23.89999 -11.55005 -11.8147 23.89999 -12.39209 -11.8598 23.89999 -12.22363 -11.875 23.89999 -12.05005 -11.51776 23.89999 -12.81604 -11.64105 23.89999 -12.69287 -11.74103 23.89999 -12.55005 -11.04864 23.89999 -13.03479 -11.21698 23.89999 -12.98975 -11.375 23.89999 -12.91602 -10.53296 23.89999 -12.98975 -10.70135 23.89999 -13.03479 -10.875 23.89999 -13.05005 -10.10895 23.89999 -12.69287 -10.23218 23.89999 -12.81604 -10.375 23.89999 -12.91602 -9.935303 23.89999 -12.39209 -10.00897 23.89999 -12.55005 -45.64996 20.94644 -15 -43.8125 23.89999 -13.92505 -40.05243 23.89999 -13.92505 -40.28284 22.49106 -14.43787 -40.51324 20.94644 -15 -13.15247 23.89999 -13.92505 -13.38287 22.49106 -14.43787 -17.47498 23.89999 -13.92505 -30.92499 23.89999 -13.92505 -13.61328 20.94644 -15 -35.03674 20.94644 -15 -35.26709 22.49106 -14.43787 -35.4975 23.89999 -13.92505 -24.49677 23.89999 14.9696 -26.31915 23.89999 13.96472 -26.35248 23.89999 13.92493 -26.58289 22.49106 14.43774 -26.06097 23.89999 14.23132 -24.92487 23.89999 14.87488 -25.33423 23.89999 14.71777 -25.7157 23.89999 14.50159 -35.4975 23.89999 13.92493 -35.26709 22.49106 14.43774 -30.92499 23.89999 13.92493 -38.19678 23.89999 14.9696 -39.76099 23.89999 14.23132 -40.05243 23.89999 13.92493 -40.28284 22.49106 14.43774 -38.62488 23.89999 14.87488 -39.03418 23.89999 14.71777 -39.41571 23.89999 14.50159 -52.79999 20.94644 7.849976 -51.72497 23.89999 5.449951 -51.72497 23.89999 2.277466 -52.23779 22.49106 2.507812 -52.79999 20.94644 2.738281 -52.79999 20.94644 -7.849976 -52.30163 23.89999 1.640747 -52.03137 23.89999 1.985962 -52.79999 23.19205 1.259644 -52.79999 22.48129 1.82019 -52.79999 22.20297 2.00647 -52.51776 23.89999 1.259155 -52.67493 23.89999 0.8498535 -52.79999 23.51291 0.9224854 -52.76965 23.89999 0.4217529 -52.79999 23.80942 0.4422608 -52.79999 23.70059 0.6584473 -52.79999 23.89999 0 -52.79999 23.89694 0.08105468 -52.79999 23.86997 0.2542725 -52.79999 23.88516 -0.1785888 -52.76776 23.89999 -0.4346924 -52.0296 23.89999 -1.987915 -51.72497 23.89999 -2.277466 -52.23779 22.49106 -2.507935 -52.67187 23.89999 -0.8598633 -52.79999 23.76114 -0.5484619 -52.79999 23.84079 -0.3571777 -52.5144 23.89999 -1.266235 -52.79999 23.29892 -1.156982 -52.79999 23.60165 -0.8077393 -52.2987 23.89999 -1.64502 -52.79999 22.81595 -1.575928 -52.79999 23.01743 -1.413696 -52.79999 20.94644 -2.738281 -52.79999 21.60751 -2.370483 -52.79999 22.1777 -2.022827 -51.72497 23.89999 -5.450073 5.400024 20.94644 -15 -12.51569 23.89999 -14.50171 -12.86096 23.89999 -14.23145 -13.11914 23.89999 -13.96472 -12.13464 23.19205 -15 -12.69519 22.48129 -15 -12.88141 22.20297 -15 -12.13422 23.89999 -14.71777 -11.72485 23.89999 -14.875 -11.79755 23.51291 -15 -11.29681 23.89999 -14.96973 -11.31732 23.80942 -15 -11.53339 23.70059 -15 -10.875 23.89999 -15 -10.95605 23.89694 -15 -11.12933 23.86997 -15 -10.69641 23.88516 -15 -10.45319 23.89999 -14.96973 -8.630799 23.89999 -13.96472 -8.597535 23.89999 -13.92505 -8.367127 22.49106 -14.43787 -8.889039 23.89999 -14.23145 -10.02509 23.89999 -14.875 -10.3266 23.76114 -15 -10.51782 23.84079 -15 -9.615784 23.89999 -14.71777 -9.717957 23.29892 -15 -10.06726 23.60165 -15 -9.234253 23.89999 -14.50171 -9.299073 22.81595 -15 -9.470643 23.02847 -15 -8.136719 20.94644 -15 -8.504517 21.60751 -15 -8.859681 22.18918 -15 0.0125122 23.89999 -13.92505 -39.41571 23.89999 -14.50171 -39.76099 23.89999 -14.23145 -39.03461 23.19205 -15 -39.59521 22.48129 -15 -39.78143 22.20297 -15 -39.03418 23.89999 -14.71777 -38.62488 23.89999 -14.875 -38.69757 23.51291 -15 -38.19678 23.89999 -14.96973 -38.21728 23.80942 -15 -38.43341 23.70059 -15 -37.77496 23.89999 -15 -37.85602 23.89694 -15 -38.02936 23.86997 -15 -37.59643 23.88516 -15 -37.35321 23.89999 -14.96973 -35.789 23.89999 -14.23145 -36.92511 23.89999 -14.875 -37.22662 23.76114 -15 -37.41778 23.84079 -15 -36.51575 23.89999 -14.71777 -36.61798 23.29892 -15 -36.96722 23.60165 -15 -36.13428 23.89999 -14.50171 -36.19903 22.81595 -15 -36.37067 23.02847 -15 -35.40454 21.60751 -15 -35.75964 22.18918 -15 -22.43427 23.89999 14.50159 -22.08899 23.89999 14.23132 -21.56714 22.49106 14.43774 -21.83081 23.89999 13.96472 -21.79749 23.89999 13.92493 -22.8158 23.89999 14.71777 -23.2251 23.89999 14.87488 -23.6532 23.89999 14.9696 -17.47498 23.89999 13.92493 0.0125122 23.89999 13.92493 -36.13428 23.89999 14.50159 -35.789 23.89999 14.23132 -36.51575 23.89999 14.71777 -36.92511 23.89999 14.87488 -37.35321 23.89999 14.9696 -43.8125 23.89999 13.92493 -48.91028 14.89999 0.342041 -48.86517 14.89999 0.1735839 -49.84997 14.89999 0 -48.84997 14.89999 0 -48.86517 14.89999 -0.173706 -49.20721 14.89999 0.7659912 -49.08392 14.89999 0.6428223 -48.98395 14.89999 0.5 -49.67633 14.89999 0.9847412 -49.50793 14.89999 0.9396973 -49.34997 14.89999 0.8659668 -50.19202 14.89999 0.9396973 -50.02362 14.89999 0.9847412 -49.84997 14.89999 1 -50.61603 14.89999 0.6428223 -50.4928 14.89999 0.7659912 -50.34997 14.89999 0.8659668 -50.83478 14.89999 0.1735839 -50.78967 14.89999 0.342041 -50.716 14.89999 0.5 -50.78967 14.89999 -0.342041 -50.83478 14.89999 -0.173706 -50.84997 14.89999 0 -50.4928 14.89999 -0.7661133 -50.61603 14.89999 -0.6428223 -50.716 14.89999 -0.5 -50.02362 14.89999 -0.9848633 -50.19202 14.89999 -0.9396973 -50.34997 14.89999 -0.8660889 -49.50793 14.89999 -0.9396973 -49.67633 14.89999 -0.9848633 -49.84997 14.89999 -1 -49.08392 14.89999 -0.6428223 -49.20721 14.89999 -0.7661133 -49.34997 14.89999 -0.8660889 -48.91028 14.89999 -0.342041 -48.98395 14.89999 -0.5 -50.84997 24.00003 0 -50.83478 24.00003 -0.173706 -50.78967 24.00003 -0.342041 -50.716 24.00003 -0.5 -50.61603 24.00003 -0.6428223 -50.4928 24.00003 -0.7661133 -50.34997 24.00003 -0.8660889 -50.19202 24.00003 -0.9396973 -50.02362 24.00003 -0.9848633 -49.84997 24.00003 -1 -49.67633 24.00003 -0.9848633 -49.50793 24.00003 -0.9396973 -49.34997 24.00003 -0.8660889 -49.20721 24.00003 -0.7661133 -49.08392 24.00003 -0.6428223 -48.98395 24.00003 -0.5 -48.91028 24.00003 -0.342041 -48.86517 24.00003 -0.173706 -48.84997 24.00003 0 -48.86517 24.00003 0.1735839 -48.91028 24.00003 0.342041 -48.98395 24.00003 0.5 -49.08392 24.00003 0.6428223 -49.20721 24.00003 0.7659912 -49.34997 24.00003 0.8659668 -49.50793 24.00003 0.9396973 -49.67633 24.00003 0.9847412 -49.84997 24.00003 1 -50.02362 24.00003 0.9847412 -50.19202 24.00003 0.9396973 -50.34997 24.00003 0.8659668 -50.4928 24.00003 0.7659912 -50.61603 24.00003 0.6428223 -50.716 24.00003 0.5 -50.78967 24.00003 0.342041 -50.83478 24.00003 0.1735839 -36.83526 14.89999 -11.70801 -36.79016 14.89999 -11.87634 -37.77496 14.89999 -12.05005 -36.77496 14.89999 -12.05005 -36.79016 14.89999 -12.22363 -37.1322 14.89999 -11.28394 -37.00891 14.89999 -11.40723 -36.90893 14.89999 -11.55005 -37.60132 14.89999 -11.06519 -37.43298 14.89999 -11.11035 -37.27496 14.89999 -11.18396 -38.117 14.89999 -11.11035 -37.94861 14.89999 -11.06519 -37.77496 14.89999 -11.05005 -38.54101 14.89999 -11.40723 -38.41778 14.89999 -11.28394 -38.27496 14.89999 -11.18396 -38.75976 14.89999 -11.87634 -38.71466 14.89999 -11.70801 -38.64099 14.89999 -11.55005 -38.71466 14.89999 -12.39209 -38.75976 14.89999 -12.22363 -38.77496 14.89999 -12.05005 -38.41778 14.89999 -12.81604 -38.54101 14.89999 -12.69287 -38.64099 14.89999 -12.55005 -37.94861 14.89999 -13.03479 -38.117 14.89999 -12.98975 -38.27496 14.89999 -12.91602 -37.43298 14.89999 -12.98975 -37.60132 14.89999 -13.03479 -37.77496 14.89999 -13.05005 -37.00891 14.89999 -12.69287 -37.1322 14.89999 -12.81604 -37.27496 14.89999 -12.91602 -36.83526 14.89999 -12.39209 -36.90893 14.89999 -12.55005 -38.77496 24.00003 -12.05005 -38.75976 24.00003 -12.22363 -38.71466 24.00003 -12.39209 -38.64099 24.00003 -12.55005 -38.54101 24.00003 -12.69287 -38.41778 24.00003 -12.81604 -38.27496 24.00003 -12.91602 -38.117 24.00003 -12.98975 -37.94861 24.00003 -13.03479 -37.77496 24.00003 -13.05005 -37.60132 24.00003 -13.03479 -37.43298 24.00003 -12.98975 -37.27496 24.00003 -12.91602 -37.1322 24.00003 -12.81604 -37.00891 24.00003 -12.69287 -36.90893 24.00003 -12.55005 -36.83526 24.00003 -12.39209 -36.79016 24.00003 -12.22363 -36.77496 24.00003 -12.05005 -36.79016 24.00003 -11.87634 -36.83526 24.00003 -11.70801 -36.90893 24.00003 -11.55005 -37.00891 24.00003 -11.40723 -37.1322 24.00003 -11.28394 -37.27496 24.00003 -11.18396 -37.43298 24.00003 -11.11035 -37.60132 24.00003 -11.06519 -37.77496 24.00003 -11.05005 -37.94861 24.00003 -11.06519 -38.117 24.00003 -11.11035 -38.27496 24.00003 -11.18396 -38.41778 24.00003 -11.28394 -38.54101 24.00003 -11.40723 -38.64099 24.00003 -11.55005 -38.71466 24.00003 -11.70801 -38.75976 24.00003 -11.87634 -36.83526 14.89999 12.39197 -36.79016 14.89999 12.22363 -37.77496 14.89999 12.04993 -36.77496 14.89999 12.04993 -36.79016 14.89999 11.87634 -37.1322 14.89999 12.81604 -37.00891 14.89999 12.69275 -36.90893 14.89999 12.54993 -37.60132 14.89999 13.03479 -37.43298 14.89999 12.98962 -37.27496 14.89999 12.91602 -38.117 14.89999 12.98962 -37.94861 14.89999 13.03479 -37.77496 14.89999 13.04993 -38.54101 14.89999 12.69275 -38.41778 14.89999 12.81604 -38.27496 14.89999 12.91602 -38.75976 14.89999 12.22363 -38.71466 14.89999 12.39197 -38.64099 14.89999 12.54993 -38.71466 14.89999 11.70801 -38.75976 14.89999 11.87634 -38.77496 14.89999 12.04993 -38.41778 14.89999 11.28394 -38.54101 14.89999 11.40723 -38.64099 14.89999 11.54993 -37.94861 14.89999 11.06519 -38.117 14.89999 11.11023 -38.27496 14.89999 11.18396 -37.43298 14.89999 11.11023 -37.60132 14.89999 11.06519 -37.77496 14.89999 11.04993 -37.00891 14.89999 11.40723 -37.1322 14.89999 11.28394 -37.27496 14.89999 11.18396 -36.83526 14.89999 11.70801 -36.90893 14.89999 11.54993 -38.77496 24.00003 12.04993 -38.75976 24.00003 11.87634 -38.71466 24.00003 11.70801 -38.64099 24.00003 11.54993 -38.54101 24.00003 11.40723 -38.41778 24.00003 11.28394 -38.27496 24.00003 11.18396 -38.117 24.00003 11.11023 -37.94861 24.00003 11.06519 -37.77496 24.00003 11.04993 -37.60132 24.00003 11.06519 -37.43298 24.00003 11.11023 -37.27496 24.00003 11.18396 -37.1322 24.00003 11.28394 -37.00891 24.00003 11.40723 -36.90893 24.00003 11.54993 -36.83526 24.00003 11.70801 -36.79016 24.00003 11.87634 -36.77496 24.00003 12.04993 -36.79016 24.00003 12.22363 -36.83526 24.00003 12.39197 -36.90893 24.00003 12.54993 -37.00891 24.00003 12.69275 -37.1322 24.00003 12.81604 -37.27496 24.00003 12.91602 -37.43298 24.00003 12.98962 -37.60132 24.00003 13.03479 -37.77496 24.00003 13.04993 -37.94861 24.00003 13.03479 -38.117 24.00003 12.98962 -38.27496 24.00003 12.91602 -38.41778 24.00003 12.81604 -38.54101 24.00003 12.69275 -38.64099 24.00003 12.54993 -38.71466 24.00003 12.39197 -38.75976 24.00003 12.22363 -52.76367 5.00003 -12.51147 -52.65558 5.00003 -12.96167 -52.47845 5.00003 -13.38928 -52.23657 5.00003 -13.78394 -51.93597 5.00003 -14.13599 -51.58392 5.00003 -14.43665 -51.18927 5.00003 -14.67847 -50.7616 5.00003 -14.85559 -50.31146 5.00003 -14.96374 -23.13532 23.89999 12.39197 -23.09015 23.89999 12.22363 -24.07501 23.89999 12.04993 -23.07501 23.89999 12.04993 -23.09015 23.89999 11.87634 -23.43219 23.89999 12.81604 -23.30896 23.89999 12.69275 -23.20899 23.89999 12.54993 -23.90137 23.89999 13.03479 -23.73297 23.89999 12.98962 -23.57501 23.89999 12.91602 -24.41699 23.89999 12.98962 -24.24866 23.89999 13.03479 -24.07501 23.89999 13.04993 -24.841 23.89999 12.69275 -24.71777 23.89999 12.81604 -24.57501 23.89999 12.91602 -25.05982 23.89999 12.22363 -25.01465 23.89999 12.39197 -24.94104 23.89999 12.54993 -25.01465 23.89999 11.70801 -25.05982 23.89999 11.87634 -25.07501 23.89999 12.04993 -24.71777 23.89999 11.28394 -24.841 23.89999 11.40723 -24.94104 23.89999 11.54993 -24.24866 23.89999 11.06519 -24.41699 23.89999 11.11023 -24.57501 23.89999 11.18396 -23.73297 23.89999 11.11023 -23.90137 23.89999 11.06519 -24.07501 23.89999 11.04993 -23.30896 23.89999 11.40723 -23.43219 23.89999 11.28394 -23.57501 23.89999 11.18396 -23.13532 23.89999 11.70801 -23.20899 23.89999 11.54993 0.0125122 23.89999 9.525025 -43.8125 23.89999 9.525025 -43.8125 23.89999 5.449951 -51.79999 23.89999 0 -51.77038 23.89999 -0.3386231 -51.68237 23.89999 -0.6669922 -51.53876 23.89999 -0.9749756 -50.51691 23.89999 -1.832397 -50.1886 23.89999 -1.92041 -47.92963 23.89999 0.3386231 -48.01758 23.89999 0.6668701 -51.34375 23.89999 -1.253418 -51.10339 23.89999 -1.493774 -50.82501 23.89999 -1.688721 -50.1886 23.89999 1.92041 -50.51691 23.89999 1.832397 -51.77038 23.89999 0.3386231 -51.68237 23.89999 0.6668701 -49.84997 23.89999 -1.950073 -49.51135 23.89999 -1.92041 -43.8125 23.89999 -5.450073 -49.18304 23.89999 -1.832397 -48.875 23.89999 -1.688721 -48.59656 23.89999 -1.493774 -48.3562 23.89999 -1.253418 -48.16125 23.89999 -0.9749756 -51.53876 23.89999 0.9749756 -51.34375 23.89999 1.253418 -51.10339 23.89999 1.493774 -50.82501 23.89999 1.688721 -48.01758 23.89999 -0.6669922 -47.92963 23.89999 -0.3386231 -47.89996 23.89999 0 -48.16125 23.89999 0.9749756 -48.3562 23.89999 1.253418 -48.59656 23.89999 1.493774 -48.875 23.89999 1.688721 -49.18304 23.89999 1.832397 -49.51135 23.89999 1.92041 -49.84997 23.89999 1.949951 -43.8125 23.89999 -9.525025 -37.10803 23.89999 -13.88245 -36.79999 23.89999 -13.73877 -36.52154 23.89999 -13.54382 -36.28119 23.89999 -13.30347 -39.02844 23.89999 -13.54382 -38.75 23.89999 -13.73877 -38.44189 23.89999 -13.88245 -38.11359 23.89999 -13.97046 -36.08624 23.89999 -13.02502 -35.94256 23.89999 -12.71692 -35.85461 23.89999 -12.38867 -36.08624 23.89999 -11.07507 -36.28119 23.89999 -10.79663 -30.92499 23.89999 -9.525025 -36.52154 23.89999 -10.55627 -36.79999 23.89999 -10.36133 -37.10803 23.89999 -10.21765 -37.4364 23.89999 -10.12964 -37.77496 23.89999 -10.09998 -38.11359 23.89999 -10.12964 -38.44189 23.89999 -10.21765 -38.75 23.89999 -10.36133 -39.02844 23.89999 -10.55627 -39.2688 23.89999 -10.79663 -39.46374 23.89999 -11.07507 -35.82501 23.89999 -12.05005 -35.85461 23.89999 -11.71143 -35.94256 23.89999 -11.38306 -39.60736 23.89999 -11.38306 -39.69537 23.89999 -11.71143 -39.72497 23.89999 -12.05005 -39.69537 23.89999 -12.38867 -39.60736 23.89999 -12.71692 -39.46374 23.89999 -13.02502 -39.2688 23.89999 -13.30347 -37.4364 23.89999 -13.97046 -37.77496 23.89999 -14 -11.72632 23.89999 -13.80432 -11.41058 23.89999 -13.92505 -12.01642 23.89999 -13.63098 -9.098328 23.89999 -12.85376 -12.48614 23.89999 -13.14856 -12.27228 23.89999 -13.41016 -11.37689 23.89999 -10.16577 -11.6947 23.89999 -10.28064 -17.47498 23.89999 -9.525025 -11.98785 23.89999 -10.44873 -10.33936 23.89999 -13.92505 -10.02368 23.89999 -13.80432 -8.986268 23.89999 -12.53503 -8.930909 23.89999 -12.20154 0.0125122 23.89999 -9.525025 -9.762085 23.89999 -10.44873 -10.0553 23.89999 -10.28064 -12.24762 23.89999 -10.66504 -12.46619 23.89999 -10.92285 -12.6369 23.89999 -11.21448 -12.76373 23.89999 -12.53503 -12.65161 23.89999 -12.85376 -9.733521 23.89999 -13.63098 -9.477723 23.89999 -13.41016 -9.263855 23.89999 -13.14856 -10.37311 23.89999 -10.16577 -10.70599 23.89999 -10.1073 -11.04395 23.89999 -10.1073 -12.7547 23.89999 -11.53125 -12.81604 23.89999 -11.86365 -12.81909 23.89999 -12.20154 -8.933899 23.89999 -11.86365 -8.99524 23.89999 -11.53125 -9.113038 23.89999 -11.21448 -9.283814 23.89999 -10.92285 -9.50232 23.89999 -10.66504 -23.90601 23.89999 10.1073 -23.57312 23.89999 10.16565 -17.47498 23.89999 9.525025 -23.25531 23.89999 10.28064 -25.85162 23.89999 12.85376 -24.24396 23.89999 10.1073 -30.92499 23.89999 9.525025 -24.57684 23.89999 10.16565 -24.89465 23.89999 10.28064 -22.93353 23.89999 13.63098 -23.22369 23.89999 13.80432 -23.53937 23.89999 13.92493 -24.6106 23.89999 13.92493 -22.9621 23.89999 10.44873 -22.70233 23.89999 10.66492 -22.48377 23.89999 10.92273 -22.31305 23.89999 11.21448 -22.19525 23.89999 11.53125 -22.13391 23.89999 11.86353 -22.13086 23.89999 12.20154 -22.18628 23.89999 12.53491 -25.96375 23.89999 12.53491 -26.0191 23.89999 12.20154 -26.01605 23.89999 11.86353 -24.92627 23.89999 13.80432 -25.21643 23.89999 13.63098 -25.47229 23.89999 13.41016 -25.68616 23.89999 13.14844 -25.95471 23.89999 11.53125 -25.83691 23.89999 11.21448 -25.6662 23.89999 10.92273 -25.44763 23.89999 10.66492 -25.18787 23.89999 10.44873 -22.29834 23.89999 12.85376 -22.46381 23.89999 13.14844 -22.67767 23.89999 13.41016 -36.52154 23.89999 13.54382 -36.79999 23.89999 13.73877 -38.44189 23.89999 13.88232 -38.75 23.89999 13.73877 -36.52154 23.89999 10.55615 -36.28119 23.89999 10.79651 -36.08624 23.89999 11.07495 -39.02844 23.89999 13.54382 -39.2688 23.89999 13.30347 -39.46374 23.89999 13.02502 -39.60736 23.89999 12.71692 -39.60736 23.89999 11.38306 -39.46374 23.89999 11.07495 -39.2688 23.89999 10.79651 -39.02844 23.89999 10.55615 -38.75 23.89999 10.36121 -35.85461 23.89999 12.38855 -35.94256 23.89999 12.71692 -36.08624 23.89999 13.02502 -36.28119 23.89999 13.30347 -39.69537 23.89999 12.38855 -39.72497 23.89999 12.04993 -39.69537 23.89999 11.7113 -37.4364 23.89999 10.12964 -37.10803 23.89999 10.21753 -36.79999 23.89999 10.36121 -35.94256 23.89999 11.38306 -35.85461 23.89999 11.7113 -35.82501 23.89999 12.04993 -38.44189 23.89999 10.21753 -38.11359 23.89999 10.12964 -37.77496 23.89999 10.09998 -37.10803 23.89999 13.88232 -37.4364 23.89999 13.97034 -38.11359 23.89999 13.97034 -37.77496 23.89999 14 -17.47498 23.89999 5.449951 -17.47498 23.89999 -5.450073 -30.92499 23.89999 -5.450073 -30.92499 23.89999 5.449951 -23.73297 23.69998 12.98962 -23.90137 23.69998 13.03479 -23.53937 23.69998 13.92493 -24.07501 23.69998 13.04993 -24.6106 23.69998 13.92493 -23.90137 23.69998 11.06519 -23.90601 23.69998 10.1073 -24.07501 23.69998 11.04993 -24.24396 23.69998 10.1073 -24.24866 23.69998 11.06519 -24.57684 23.69998 10.16565 -24.41699 23.69998 11.11023 -24.89465 23.69998 10.28064 -24.57501 23.69998 11.18396 -25.18787 23.69998 10.44873 -24.71777 23.69998 11.28394 -25.44763 23.69998 10.66492 -24.841 23.69998 11.40723 -25.6662 23.69998 10.92273 -24.94104 23.69998 11.54993 -25.83691 23.69998 11.21448 -25.01465 23.69998 11.70801 -25.95471 23.69998 11.53125 -25.05982 23.69998 11.87634 -26.01605 23.69998 11.86353 -25.07501 23.69998 12.04993 -26.0191 23.69998 12.20154 -25.05982 23.69998 12.22363 -25.96375 23.69998 12.53491 -25.01465 23.69998 12.39197 -25.85162 23.69998 12.85376 -24.94104 23.69998 12.54993 -25.68616 23.69998 13.14844 -24.841 23.69998 12.69275 -25.47229 23.69998 13.41016 -24.71777 23.69998 12.81604 -25.21643 23.69998 13.63098 -24.57501 23.69998 12.91602 -24.92627 23.69998 13.80432 -24.41699 23.69998 12.98962 -24.24866 23.69998 13.03479 -23.57501 23.69998 12.91602 -23.22369 23.69998 13.80432 -23.43219 23.69998 12.81604 -22.93353 23.69998 13.63098 -23.30896 23.69998 12.69275 -22.67767 23.69998 13.41016 -23.20899 23.69998 12.54993 -22.46381 23.69998 13.14844 -23.13532 23.69998 12.39197 -22.29834 23.69998 12.85376 -23.09015 23.69998 12.22363 -22.18628 23.69998 12.53491 -23.07501 23.69998 12.04993 -22.13086 23.69998 12.20154 -23.09015 23.69998 11.87634 -22.13391 23.69998 11.86353 -23.13532 23.69998 11.70801 -22.19525 23.69998 11.53125 -23.20899 23.69998 11.54993 -22.31305 23.69998 11.21448 -23.30896 23.69998 11.40723 -22.48377 23.69998 10.92273 -23.43219 23.69998 11.28394 -22.70233 23.69998 10.66492 -23.57501 23.69998 11.18396 -22.9621 23.69998 10.44873 -23.73297 23.69998 11.11023 -23.25531 23.69998 10.28064 -23.57312 23.69998 10.16565 -11.21698 23.69998 -12.98975 -11.04864 23.69998 -13.03479 -11.41058 23.69998 -13.92505 -10.875 23.69998 -13.05005 -10.33936 23.69998 -13.92505 -11.375 23.69998 -12.91602 -11.72632 23.69998 -13.80432 -11.51776 23.69998 -12.81604 -12.01642 23.69998 -13.63098 -11.64105 23.69998 -12.69287 -12.27228 23.69998 -13.41016 -11.74103 23.69998 -12.55005 -12.48614 23.69998 -13.14856 -11.8147 23.69998 -12.39209 -12.65161 23.69998 -12.85376 -11.8598 23.69998 -12.22363 -12.76373 23.69998 -12.53503 -11.875 23.69998 -12.05005 -12.81909 23.69998 -12.20154 -11.8598 23.69998 -11.87634 -12.81604 23.69998 -11.86365 -11.8147 23.69998 -11.70801 -12.7547 23.69998 -11.53125 -11.74103 23.69998 -11.55005 -12.6369 23.69998 -11.21448 -11.64105 23.69998 -11.40723 -12.46619 23.69998 -10.92285 -11.51776 23.69998 -11.28394 -12.24762 23.69998 -10.66504 -11.375 23.69998 -11.18396 -11.98785 23.69998 -10.44873 -11.21698 23.69998 -11.11035 -11.6947 23.69998 -10.28064 -11.04864 23.69998 -11.06519 -10.70135 23.69998 -13.03479 -10.53296 23.69998 -12.98975 -10.02368 23.69998 -13.80432 -10.375 23.69998 -12.91602 -9.733521 23.69998 -13.63098 -10.23218 23.69998 -12.81604 -9.477723 23.69998 -13.41016 -10.10895 23.69998 -12.69287 -9.263855 23.69998 -13.14856 -10.00897 23.69998 -12.55005 -9.098328 23.69998 -12.85376 -9.935303 23.69998 -12.39209 -8.986268 23.69998 -12.53503 -9.890198 23.69998 -12.22363 -8.930909 23.69998 -12.20154 -9.875 23.69998 -12.05005 -8.933899 23.69998 -11.86365 -9.890198 23.69998 -11.87634 -8.99524 23.69998 -11.53125 -9.935303 23.69998 -11.70801 -9.113038 23.69998 -11.21448 -10.00897 23.69998 -11.55005 -9.283814 23.69998 -10.92285 -10.10895 23.69998 -11.40723 -9.50232 23.69998 -10.66504 -10.23218 23.69998 -11.28394 -9.762085 23.69998 -10.44873 -10.375 23.69998 -11.18396 -10.0553 23.69998 -10.28064 -10.53296 23.69998 -11.11035 -10.37311 23.69998 -10.16577 -10.70135 23.69998 -11.06519 -10.70599 23.69998 -10.1073 -10.875 23.69998 -11.05005 -11.04395 23.69998 -10.1073 -11.37689 23.69998 -10.16577 -51.10339 24.00003 -1.493774 -51.34375 24.00003 -1.253418 -51.53876 24.00003 -0.9749756 -51.68237 24.00003 -0.6669922 -51.77038 24.00003 -0.3386231 -51.79999 24.00003 0 -51.77038 24.00003 0.3386231 -51.68237 24.00003 0.6668701 -51.53876 24.00003 0.9749756 -51.34375 24.00003 1.253418 -51.10339 24.00003 1.493774 -50.82501 24.00003 1.688721 -50.51691 24.00003 1.832397 -50.1886 24.00003 1.92041 -49.84997 24.00003 1.949951 -49.51135 24.00003 1.92041 -49.18304 24.00003 1.832397 -48.875 24.00003 1.688721 -48.59656 24.00003 1.493774 -48.3562 24.00003 1.253418 -48.16125 24.00003 0.9749756 -48.01758 24.00003 0.6668701 -47.92963 24.00003 0.3386231 -47.89996 24.00003 0 -47.92963 24.00003 -0.3386231 -48.01758 24.00003 -0.6669922 -48.16125 24.00003 -0.9749756 -48.3562 24.00003 -1.253418 -48.59656 24.00003 -1.493774 -48.875 24.00003 -1.688721 -49.18304 24.00003 -1.832397 -49.51135 24.00003 -1.92041 -49.84997 24.00003 -1.950073 -50.1886 24.00003 -1.92041 -50.51691 24.00003 -1.832397 -50.82501 24.00003 -1.688721 -38.11359 24.00003 -13.97046 -38.44189 24.00003 -13.88245 -38.75 24.00003 -13.73877 -39.02844 24.00003 -13.54382 -39.2688 24.00003 -13.30347 -39.46374 24.00003 -13.02502 -39.60736 24.00003 -12.71692 -39.69537 24.00003 -12.38867 -39.72497 24.00003 -12.05005 -39.69537 24.00003 -11.71143 -39.60736 24.00003 -11.38306 -39.46374 24.00003 -11.07507 -39.2688 24.00003 -10.79663 -39.02844 24.00003 -10.55627 -38.75 24.00003 -10.36133 -38.44189 24.00003 -10.21765 -38.11359 24.00003 -10.12964 -37.77496 24.00003 -10.09998 -37.4364 24.00003 -10.12964 -37.10803 24.00003 -10.21765 -36.79999 24.00003 -10.36133 -36.52154 24.00003 -10.55627 -36.28119 24.00003 -10.79663 -36.08624 24.00003 -11.07507 -35.94256 24.00003 -11.38306 -35.85461 24.00003 -11.71143 -35.82501 24.00003 -12.05005 -35.85461 24.00003 -12.38867 -35.94256 24.00003 -12.71692 -36.08624 24.00003 -13.02502 -36.28119 24.00003 -13.30347 -36.52154 24.00003 -13.54382 -36.79999 24.00003 -13.73877 -37.10803 24.00003 -13.88245 -37.4364 24.00003 -13.97046 -37.77496 24.00003 -14 -38.11359 24.00003 10.12964 -38.44189 24.00003 10.21753 -38.75 24.00003 10.36121 -39.02844 24.00003 10.55615 -39.2688 24.00003 10.79651 -39.46374 24.00003 11.07495 -39.60736 24.00003 11.38306 -39.69537 24.00003 11.7113 -39.72497 24.00003 12.04993 -39.69537 24.00003 12.38855 -39.60736 24.00003 12.71692 -39.46374 24.00003 13.02502 -39.2688 24.00003 13.30347 -39.02844 24.00003 13.54382 -38.75 24.00003 13.73877 -38.44189 24.00003 13.88232 -38.11359 24.00003 13.97034 -37.77496 24.00003 14 -37.4364 24.00003 13.97034 -37.10803 24.00003 13.88232 -36.79999 24.00003 13.73877 -36.52154 24.00003 13.54382 -36.28119 24.00003 13.30347 -36.08624 24.00003 13.02502 -35.94256 24.00003 12.71692 -35.85461 24.00003 12.38855 -35.82501 24.00003 12.04993 -35.85461 24.00003 11.7113 -35.94256 24.00003 11.38306 -36.08624 24.00003 11.07495 -36.28119 24.00003 10.79651 -36.52154 24.00003 10.55615 -36.79999 24.00003 10.36121 -37.10803 24.00003 10.21753 -37.4364 24.00003 10.12964 -37.77496 24.00003 10.09998 10.03674 -23.80002 -14.96753 9.600037 -23.80002 -15 10.03674 -13.30002 -14.96753 10.49042 -13.30002 -14.86243 10.49042 -23.80002 -14.86243 10.92194 -13.30002 -14.68726 10.92194 -23.80002 -14.68726 11.32043 -13.30002 -14.44641 11.32043 -23.80002 -14.44641 11.67615 -13.30002 -14.14575 11.67615 -23.80002 -14.14575 11.98004 -13.30002 -13.79297 11.98004 -23.80002 -13.79297 12.22467 -13.30002 -13.39673 12.22467 -23.80002 -13.39673 12.40393 -13.30002 -12.96692 12.40393 -23.80002 -12.96692 12.51324 -13.30002 -12.51428 12.51324 -23.80002 -12.51428 12.54999 -23.80002 -12.05005 -27.93823 -20.84647 -15 -47.11169 -20.84647 -15 7.233398 -21.51413 -15 6.861755 -20.84647 -15 -22.46173 -20.84647 -15 -27.56665 -21.51413 -15 -27.21491 -22.08981 -15 8.195679 -22.92844 -15 8.023987 -22.71579 -15 7.585083 -22.08981 -15 -47.8443 -22.1041 -15 -48.02606 -22.37589 -15 -48.59033 -23.09201 -15 9.421448 -23.78519 -15 9.242859 -23.74081 -15 9.051636 -23.66116 -15 -26.60431 -22.92844 -15 -23.19434 -22.1041 -15 -23.37604 -22.37589 -15 -26.776 -22.71579 -15 8.792298 -23.50168 -15 8.443055 -23.19894 -15 -48.92731 -23.41275 -15 -49.19147 -23.6005 -15 -49.40759 -23.70938 -15 -49.59558 -23.76993 -15 -49.76886 -23.79691 -15 -49.84997 -23.80002 -15 -25.20001 -23.80002 -15 -25.11884 -23.79691 -15 -23.94037 -23.09201 -15 -24.27728 -23.41275 -15 -25.37854 -23.78519 -15 -25.55713 -23.74081 -15 -25.74835 -23.66116 -15 -24.54144 -23.6005 -15 -24.75757 -23.70938 -15 -24.94556 -23.76993 -15 -26.00769 -23.50168 -15 -26.35693 -23.19894 -15 -24.20001 -23.89999 -12.05005 -24.20001 -18.80002 -12.05005 -24.21515 -23.89999 -12.22363 -24.21515 -18.80002 -12.22363 -24.26032 -23.89999 -12.39209 -24.26032 -18.80002 -12.39209 -24.33399 -23.89999 -12.55005 -24.33399 -18.80002 -12.55005 -24.43396 -23.89999 -12.69287 -24.43396 -18.80002 -12.69287 -24.55719 -23.89999 -12.81604 -24.55719 -18.80002 -12.81604 -24.70001 -23.89999 -12.91602 -24.70001 -18.80002 -12.91602 -24.85797 -23.89999 -12.98975 -24.85797 -18.80002 -12.98975 -25.02637 -23.89999 -13.03479 -25.02637 -18.80002 -13.03479 -25.20001 -23.89999 -13.05005 -25.20001 -18.80002 -13.05005 -25.37366 -23.89999 -13.03479 -25.37366 -18.80002 -13.03479 -25.54199 -23.89999 -12.98975 -25.54199 -18.80002 -12.98975 -25.70001 -23.89999 -12.91602 -25.70001 -18.80002 -12.91602 -25.84277 -23.89999 -12.81604 -25.84277 -18.80002 -12.81604 -25.966 -23.89999 -12.69287 -25.966 -18.80002 -12.69287 -26.06604 -23.89999 -12.55005 -26.06604 -18.80002 -12.55005 -26.13965 -23.89999 -12.39209 -26.13965 -18.80002 -12.39209 -26.18482 -23.89999 -12.22363 -26.18482 -18.80002 -12.22363 -26.20001 -23.89999 -12.05005 -26.20001 -18.80002 -12.05005 -26.18482 -23.89999 -11.87634 -26.18482 -18.80002 -11.87634 -26.13965 -23.89999 -11.70801 -26.13965 -18.80002 -11.70801 -26.06604 -23.89999 -11.55005 -26.06604 -18.80002 -11.55005 -25.966 -23.89999 -11.40723 -25.966 -18.80002 -11.40723 -25.84277 -23.89999 -11.28394 -25.84277 -18.80002 -11.28394 -25.70001 -23.89999 -11.18396 -25.70001 -18.80002 -11.18396 -25.54199 -23.89999 -11.11035 -25.54199 -18.80002 -11.11035 -25.37366 -23.89999 -11.06519 -25.37366 -18.80002 -11.06519 -25.20001 -23.89999 -11.05005 -25.20001 -18.80002 -11.05005 -25.02637 -23.89999 -11.06519 -25.02637 -18.80002 -11.06519 -24.85797 -23.89999 -11.11035 -24.85797 -18.80002 -11.11035 -24.70001 -23.89999 -11.18396 -24.70001 -18.80002 -11.18396 -24.55719 -23.89999 -11.28394 -24.55719 -18.80002 -11.28394 -24.43396 -23.89999 -11.40723 -24.43396 -18.80002 -11.40723 -24.33399 -23.89999 -11.55005 -24.33399 -18.80002 -11.55005 -24.26032 -23.89999 -11.70801 -24.26032 -18.80002 -11.70801 -24.21515 -23.89999 -11.87634 -24.21515 -18.80002 -11.87634 -25.20001 -18.80002 -12.05005 -48.84997 -23.89999 -12.05005 -48.84997 -18.80002 -12.05005 -48.86517 -23.89999 -12.22363 -48.86517 -18.80002 -12.22363 -48.91028 -23.89999 -12.39209 -48.91028 -18.80002 -12.39209 -48.98395 -23.89999 -12.55005 -48.98395 -18.80002 -12.55005 -49.08392 -23.89999 -12.69287 -49.08392 -18.80002 -12.69287 -49.20721 -23.89999 -12.81604 -49.20721 -18.80002 -12.81604 -49.34997 -23.89999 -12.91602 -49.34997 -18.80002 -12.91602 -49.50793 -23.89999 -12.98975 -49.50793 -18.80002 -12.98975 -49.67633 -23.89999 -13.03479 -49.67633 -18.80002 -13.03479 -49.84997 -23.89999 -13.05005 -49.84997 -18.80002 -13.05005 -50.02362 -23.89999 -13.03479 -50.02362 -18.80002 -13.03479 -50.19202 -23.89999 -12.98975 -50.19202 -18.80002 -12.98975 -50.34997 -23.89999 -12.91602 -50.34997 -18.80002 -12.91602 -50.4928 -23.89999 -12.81604 -50.4928 -18.80002 -12.81604 -50.61603 -23.89999 -12.69287 -50.61603 -18.80002 -12.69287 -50.716 -23.89999 -12.55005 -50.716 -18.80002 -12.55005 -50.78967 -23.89999 -12.39209 -50.78967 -18.80002 -12.39209 -50.83478 -23.89999 -12.22363 -50.83478 -18.80002 -12.22363 -50.84997 -23.89999 -12.05005 -50.84997 -18.80002 -12.05005 -50.83478 -23.89999 -11.87634 -50.83478 -18.80002 -11.87634 -50.78967 -23.89999 -11.70801 -50.78967 -18.80002 -11.70801 -50.716 -23.89999 -11.55005 -50.716 -18.80002 -11.55005 -50.61603 -23.89999 -11.40723 -50.61603 -18.80002 -11.40723 -50.4928 -23.89999 -11.28394 -50.4928 -18.80002 -11.28394 -50.34997 -23.89999 -11.18396 -50.34997 -18.80002 -11.18396 -50.19202 -23.89999 -11.11035 -50.19202 -18.80002 -11.11035 -50.02362 -23.89999 -11.06519 -50.02362 -18.80002 -11.06519 -49.84997 -23.89999 -11.05005 -49.84997 -18.80002 -11.05005 -49.67633 -23.89999 -11.06519 -49.67633 -18.80002 -11.06519 -49.50793 -23.89999 -11.11035 -49.50793 -18.80002 -11.11035 -49.34997 -23.89999 -11.18396 -49.34997 -18.80002 -11.18396 -49.20721 -23.89999 -11.28394 -49.20721 -18.80002 -11.28394 -49.08392 -23.89999 -11.40723 -49.08392 -18.80002 -11.40723 -48.98395 -23.89999 -11.55005 -48.98395 -18.80002 -11.55005 -48.91028 -23.89999 -11.70801 -48.91028 -18.80002 -11.70801 -48.86517 -23.89999 -11.87634 -48.86517 -18.80002 -11.87634 -49.84997 -18.80002 -12.05005 10.60004 -23.89999 -12.05005 10.60004 -18.80002 -12.05005 10.58484 -23.89999 -12.22363 10.58484 -18.80002 -12.22363 10.53973 -23.89999 -12.39209 10.53973 -18.80002 -12.39209 10.46606 -23.89999 -12.55005 10.46606 -18.80002 -12.55005 10.36609 -23.89999 -12.69287 10.36609 -18.80002 -12.69287 10.2428 -23.89999 -12.81604 10.2428 -18.80002 -12.81604 10.10004 -23.89999 -12.91602 10.10004 -18.80002 -12.91602 9.942017 -23.89999 -12.98975 9.942017 -18.80002 -12.98975 9.773682 -23.89999 -13.03479 9.773682 -18.80002 -13.03479 9.600037 -23.89999 -13.05005 9.600037 -18.80002 -13.05005 9.426392 -23.89999 -13.03479 9.426392 -18.80002 -13.03479 9.257996 -23.89999 -12.98975 9.257996 -18.80002 -12.98975 9.100037 -23.89999 -12.91602 9.100037 -18.80002 -12.91602 8.957215 -23.89999 -12.81604 8.957215 -18.80002 -12.81604 8.833985 -23.89999 -12.69287 8.833985 -18.80002 -12.69287 8.734009 -23.89999 -12.55005 8.734009 -18.80002 -12.55005 8.66034 -23.89999 -12.39209 8.66034 -18.80002 -12.39209 8.615235 -23.89999 -12.22363 8.615235 -18.80002 -12.22363 8.600037 -23.89999 -12.05005 8.600037 -18.80002 -12.05005 8.615235 -23.89999 -11.87634 8.615235 -18.80002 -11.87634 8.66034 -23.89999 -11.70801 8.66034 -18.80002 -11.70801 8.734009 -23.89999 -11.55005 8.734009 -18.80002 -11.55005 8.833985 -23.89999 -11.40723 8.833985 -18.80002 -11.40723 8.957215 -23.89999 -11.28394 8.957215 -18.80002 -11.28394 9.100037 -23.89999 -11.18396 9.100037 -18.80002 -11.18396 9.257996 -23.89999 -11.11035 9.257996 -18.80002 -11.11035 9.426392 -23.89999 -11.06519 9.426392 -18.80002 -11.06519 9.600037 -23.89999 -11.05005 9.600037 -18.80002 -11.05005 9.773682 -23.89999 -11.06519 9.773682 -18.80002 -11.06519 9.942017 -23.89999 -11.11035 9.942017 -18.80002 -11.11035 10.10004 -23.89999 -11.18396 10.10004 -18.80002 -11.18396 10.2428 -23.89999 -11.28394 10.2428 -18.80002 -11.28394 10.36609 -23.89999 -11.40723 10.36609 -18.80002 -11.40723 10.46606 -23.89999 -11.55005 10.46606 -18.80002 -11.55005 10.53973 -23.89999 -11.70801 10.53973 -18.80002 -11.70801 10.58484 -23.89999 -11.87634 10.58484 -18.80002 -11.87634 9.600037 -18.80002 -12.05005 -24.20001 -23.89999 12.04993 -24.20001 -18.80002 12.04993 -24.21515 -23.89999 11.87634 -24.21515 -18.80002 11.87634 -24.26032 -23.89999 11.70801 -24.26032 -18.80002 11.70801 -24.33399 -23.89999 11.54993 -24.33399 -18.80002 11.54993 -24.43396 -23.89999 11.40723 -24.43396 -18.80002 11.40723 -24.55719 -23.89999 11.28394 -24.55719 -18.80002 11.28394 -24.70001 -23.89999 11.18396 -24.70001 -18.80002 11.18396 -24.85797 -23.89999 11.11023 -24.85797 -18.80002 11.11023 -25.02637 -23.89999 11.06519 -25.02637 -18.80002 11.06519 -25.20001 -23.89999 11.04993 -25.20001 -18.80002 11.04993 -25.37366 -23.89999 11.06519 -25.37366 -18.80002 11.06519 -25.54199 -23.89999 11.11023 -25.54199 -18.80002 11.11023 -25.70001 -23.89999 11.18396 -25.70001 -18.80002 11.18396 -25.84277 -23.89999 11.28394 -25.84277 -18.80002 11.28394 -25.966 -23.89999 11.40723 -25.966 -18.80002 11.40723 -26.06604 -23.89999 11.54993 -26.06604 -18.80002 11.54993 -26.13965 -23.89999 11.70801 -26.13965 -18.80002 11.70801 -26.18482 -23.89999 11.87634 -26.18482 -18.80002 11.87634 -26.20001 -23.89999 12.04993 -26.20001 -18.80002 12.04993 -26.18482 -23.89999 12.22363 -26.18482 -18.80002 12.22363 -26.13965 -23.89999 12.39197 -26.13965 -18.80002 12.39197 -26.06604 -23.89999 12.54993 -26.06604 -18.80002 12.54993 -25.966 -23.89999 12.69275 -25.966 -18.80002 12.69275 -25.84277 -23.89999 12.81604 -25.84277 -18.80002 12.81604 -25.70001 -23.89999 12.91602 -25.70001 -18.80002 12.91602 -25.54199 -23.89999 12.98962 -25.54199 -18.80002 12.98962 -25.37366 -23.89999 13.03479 -25.37366 -18.80002 13.03479 -25.20001 -23.89999 13.04993 -25.20001 -18.80002 13.04993 -25.02637 -23.89999 13.03479 -25.02637 -18.80002 13.03479 -24.85797 -23.89999 12.98962 -24.85797 -18.80002 12.98962 -24.70001 -23.89999 12.91602 -24.70001 -18.80002 12.91602 -24.55719 -23.89999 12.81604 -24.55719 -18.80002 12.81604 -24.43396 -23.89999 12.69275 -24.43396 -18.80002 12.69275 -24.33399 -23.89999 12.54993 -24.33399 -18.80002 12.54993 -24.26032 -23.89999 12.39197 -24.26032 -18.80002 12.39197 -24.21515 -23.89999 12.22363 -24.21515 -18.80002 12.22363 -25.20001 -18.80002 12.04993 -48.84997 -23.89999 12.04993 -48.84997 -18.80002 12.04993 -48.86517 -23.89999 11.87634 -48.86517 -18.80002 11.87634 -48.91028 -23.89999 11.70801 -48.91028 -18.80002 11.70801 -48.98395 -23.89999 11.54993 -48.98395 -18.80002 11.54993 -49.08392 -23.89999 11.40723 -49.08392 -18.80002 11.40723 -49.20721 -23.89999 11.28394 -49.20721 -18.80002 11.28394 -49.34997 -23.89999 11.18396 -49.34997 -18.80002 11.18396 -49.50793 -23.89999 11.11023 -49.50793 -18.80002 11.11023 -49.67633 -23.89999 11.06519 -49.67633 -18.80002 11.06519 -49.84997 -23.89999 11.04993 -49.84997 -18.80002 11.04993 -50.02362 -23.89999 11.06519 -50.02362 -18.80002 11.06519 -50.19202 -23.89999 11.11023 -50.19202 -18.80002 11.11023 -50.34997 -23.89999 11.18396 -50.34997 -18.80002 11.18396 -50.4928 -23.89999 11.28394 -50.4928 -18.80002 11.28394 -50.61603 -23.89999 11.40723 -50.61603 -18.80002 11.40723 -50.716 -23.89999 11.54993 -50.716 -18.80002 11.54993 -50.78967 -23.89999 11.70801 -50.78967 -18.80002 11.70801 -50.83478 -23.89999 11.87634 -50.83478 -18.80002 11.87634 -50.84997 -23.89999 12.04993 -50.84997 -18.80002 12.04993 -50.83478 -23.89999 12.22363 -50.83478 -18.80002 12.22363 -50.78967 -23.89999 12.39197 -50.78967 -18.80002 12.39197 -50.716 -23.89999 12.54993 -50.716 -18.80002 12.54993 -50.61603 -23.89999 12.69275 -50.61603 -18.80002 12.69275 -50.4928 -23.89999 12.81604 -50.4928 -18.80002 12.81604 -50.34997 -23.89999 12.91602 -50.34997 -18.80002 12.91602 -50.19202 -23.89999 12.98962 -50.19202 -18.80002 12.98962 -50.02362 -23.89999 13.03479 -50.02362 -18.80002 13.03479 -49.84997 -23.89999 13.04993 -49.84997 -18.80002 13.04993 -49.67633 -23.89999 13.03479 -49.67633 -18.80002 13.03479 -49.50793 -23.89999 12.98962 -49.50793 -18.80002 12.98962 -49.34997 -23.89999 12.91602 -49.34997 -18.80002 12.91602 -49.20721 -23.89999 12.81604 -49.20721 -18.80002 12.81604 -49.08392 -23.89999 12.69275 -49.08392 -18.80002 12.69275 -48.98395 -23.89999 12.54993 -48.98395 -18.80002 12.54993 -48.91028 -23.89999 12.39197 -48.91028 -18.80002 12.39197 -48.86517 -23.89999 12.22363 -48.86517 -18.80002 12.22363 -49.84997 -18.80002 12.04993 10.60004 -23.89999 12.04993 10.60004 -18.80002 12.04993 10.58484 -23.89999 11.87634 10.58484 -18.80002 11.87634 10.53973 -23.89999 11.70801 10.53973 -18.80002 11.70801 10.46606 -23.89999 11.54993 10.46606 -18.80002 11.54993 10.36609 -23.89999 11.40723 10.36609 -18.80002 11.40723 10.2428 -23.89999 11.28394 10.2428 -18.80002 11.28394 10.10004 -23.89999 11.18396 10.10004 -18.80002 11.18396 9.942017 -23.89999 11.11023 9.942017 -18.80002 11.11023 9.773682 -23.89999 11.06519 9.773682 -18.80002 11.06519 9.600037 -23.89999 11.04993 9.600037 -18.80002 11.04993 9.426392 -23.89999 11.06519 9.426392 -18.80002 11.06519 9.257996 -23.89999 11.11023 9.257996 -18.80002 11.11023 9.100037 -23.89999 11.18396 9.100037 -18.80002 11.18396 8.957215 -23.89999 11.28394 8.957215 -18.80002 11.28394 8.833985 -23.89999 11.40723 8.833985 -18.80002 11.40723 8.734009 -23.89999 11.54993 8.734009 -18.80002 11.54993 8.66034 -23.89999 11.70801 8.66034 -18.80002 11.70801 8.615235 -23.89999 11.87634 8.615235 -18.80002 11.87634 8.600037 -23.89999 12.04993 8.600037 -18.80002 12.04993 8.615235 -23.89999 12.22363 8.615235 -18.80002 12.22363 8.66034 -23.89999 12.39197 8.66034 -18.80002 12.39197 8.734009 -23.89999 12.54993 8.734009 -18.80002 12.54993 8.833985 -23.89999 12.69275 8.833985 -18.80002 12.69275 8.957215 -23.89999 12.81604 8.957215 -18.80002 12.81604 9.100037 -23.89999 12.91602 9.100037 -18.80002 12.91602 9.257996 -23.89999 12.98962 9.257996 -18.80002 12.98962 9.426392 -23.89999 13.03479 9.426392 -18.80002 13.03479 9.600037 -23.89999 13.04993 9.600037 -18.80002 13.04993 9.773682 -23.89999 13.03479 9.773682 -18.80002 13.03479 9.942017 -23.89999 12.98962 9.942017 -18.80002 12.98962 10.10004 -23.89999 12.91602 10.10004 -18.80002 12.91602 10.2428 -23.89999 12.81604 10.2428 -18.80002 12.81604 10.36609 -23.89999 12.69275 10.36609 -18.80002 12.69275 10.46606 -23.89999 12.54993 10.46606 -18.80002 12.54993 10.53973 -23.89999 12.39197 10.53973 -18.80002 12.39197 10.58484 -23.89999 12.22363 10.58484 -18.80002 12.22363 9.600037 -18.80002 12.04993 -52.79999 -23.78519 -11.87146 -52.79999 -23.80002 -12.05005 -52.76965 -23.80002 -11.62817 -52.03137 -23.80002 -10.06409 -51.72497 -23.80002 -9.772583 -52.23779 -22.39108 -9.542115 -52.67493 -23.80002 -11.20007 -52.79999 -23.66116 -11.50171 -52.79999 -23.74081 -11.69287 -52.51776 -23.80002 -10.79077 -52.79999 -23.19894 -10.89307 -52.79999 -23.50168 -11.24231 -52.30163 -23.80002 -10.4093 -52.79999 -22.71579 -10.474 -52.79999 -22.92844 -10.64563 -52.79999 -20.84647 -9.311768 -52.79999 -21.51413 -9.68335 -52.79999 -22.08981 -10.03516 -51.72497 -23.80002 9.449952 -51.72497 -23.80002 9.772461 -52.23779 -22.39108 9.542115 -51.72497 -23.80002 -9.450074 -52.79999 -20.84647 9.311646 -48.20929 -23.80002 -14.50171 -47.86401 -23.80002 -14.23145 -47.3421 -22.39108 -14.43787 -47.57251 -23.80002 -13.92505 -48.59076 -23.80002 -14.71777 -49.00006 -23.80002 -14.875 -49.42816 -23.80002 -14.96973 9.178223 -23.80002 -14.96973 7.614014 -23.80002 -14.23145 7.322571 -23.80002 -13.92505 7.092163 -22.39108 -14.43787 8.750123 -23.80002 -14.875 8.340821 -23.80002 -14.71777 7.95929 -23.80002 -14.50171 -0.5750122 -23.80002 -13.92505 -22.92249 -23.80002 -13.92505 -22.69214 -22.39108 -14.43787 -16.02496 -23.80002 -13.92505 -23.55927 -23.80002 -14.50171 -23.21399 -23.80002 -14.23145 -23.9408 -23.80002 -14.71777 -24.3501 -23.80002 -14.875 -24.7782 -23.80002 -14.96973 12.54999 -23.78519 11.87146 12.54999 -23.80002 12.04993 12.51782 -23.80002 11.61536 11.77966 -23.80002 10.06213 11.47504 -23.80002 9.772461 11.98785 -22.39108 9.542115 12.42194 -23.80002 11.19006 12.54999 -23.66116 11.50159 12.54999 -23.74081 11.69287 12.2644 -23.80002 10.78369 12.54999 -23.19894 10.89294 12.54999 -23.50168 11.24231 12.04877 -23.80002 10.40491 12.54999 -22.71579 10.47388 12.54999 -22.91739 10.63623 12.54999 -20.84647 9.311646 12.54999 -21.51413 9.68335 12.54999 -22.07834 10.02759 11.47504 -23.80002 -9.450074 11.47504 -23.80002 -9.772583 11.98785 -22.39108 -9.542115 11.47504 -23.80002 9.449952 12.54999 -20.84647 -9.311768 -47.3421 -22.39108 14.43774 -47.57251 -23.80002 13.92493 -37.52496 -23.80002 13.92493 -27.47748 -23.80002 13.92493 -27.70789 -22.39108 14.43774 -27.93823 -20.84647 15 -47.11169 -20.84647 15 -25.20001 -23.80002 15 -24.7782 -23.80002 14.9696 -25.02142 -23.78519 15 -24.84284 -23.74081 15 -24.65161 -23.66116 15 -24.3501 -23.80002 14.87488 -24.39227 -23.50168 15 -24.04303 -23.19894 15 -23.9408 -23.80002 14.71777 -23.79566 -22.92844 15 -23.62396 -22.71579 15 -23.55927 -23.80002 14.50159 -23.18506 -22.08981 15 -22.92249 -23.80002 13.92493 -22.69214 -22.39108 14.43774 -23.21399 -23.80002 14.23132 -22.46173 -20.84647 15 -22.83337 -21.51413 15 -23.55707 -23.80002 14.50012 -27.20569 -22.1041 15 -27.18597 -23.80002 14.23132 -26.8429 -23.80002 14.50012 -26.8407 -23.80002 14.50159 -27.02393 -22.37589 15 -26.4596 -23.09201 15 -26.45923 -23.80002 14.71777 -26.04987 -23.80002 14.87488 -26.12268 -23.41275 15 -25.62177 -23.80002 14.9696 -25.6424 -23.70938 15 -25.85852 -23.6005 15 -25.28113 -23.79691 15 -25.45441 -23.76993 15 -16.02496 -23.80002 13.92493 7.322571 -23.80002 13.92493 7.092163 -22.39108 14.43774 -0.5750122 -23.80002 13.92493 6.861755 -20.84647 15 -49.67145 -23.78519 15 -49.84997 -23.80002 15 -49.42816 -23.80002 14.9696 -47.86401 -23.80002 14.23132 -49.00006 -23.80002 14.87488 -49.30163 -23.66116 15 -49.49286 -23.74081 15 -48.59076 -23.80002 14.71777 -48.69299 -23.19894 15 -49.0423 -23.50168 15 -48.20929 -23.80002 14.50159 -48.27392 -22.71579 15 -48.44562 -22.92844 15 -47.48334 -21.51413 15 -47.83508 -22.08981 15 -52.30163 -23.80002 10.4093 -52.03137 -23.80002 10.06396 -52.79999 -23.09201 10.79041 -52.79999 -22.37589 10.22607 -52.79999 -22.1041 10.04431 -52.51776 -23.80002 10.79077 -52.67493 -23.80002 11.20007 -52.79999 -23.41275 11.12732 -52.76965 -23.80002 11.62817 -52.79999 -23.70938 11.60754 -52.79999 -23.6005 11.39148 -52.79999 -23.80002 12.04993 -52.79999 -23.79691 11.96887 -52.79999 -23.76993 11.79553 -27.70789 -22.39108 -14.43787 -27.47748 -23.80002 -13.92505 -37.52496 -23.80002 -13.92505 -25.62177 -23.80002 -14.96973 -27.18597 -23.80002 -14.23145 -26.04987 -23.80002 -14.875 -26.45923 -23.80002 -14.71777 -26.8407 -23.80002 -14.50171 12.05164 -23.80002 -10.4093 11.78137 -23.80002 -10.06409 12.54999 -23.09201 -10.79041 12.54999 -22.37589 -10.22607 12.54999 -22.1041 -10.04431 12.26776 -23.80002 -10.79077 12.42493 -23.80002 -11.20007 12.54999 -23.41275 -11.12732 12.51971 -23.80002 -11.62817 12.54999 -23.70938 -11.60767 12.54999 -23.6005 -11.39148 12.54999 -23.79691 -11.96887 12.54999 -23.76993 -11.79565 7.95929 -23.80002 14.50159 7.614014 -23.80002 14.23132 8.340394 -23.09201 15 7.776062 -22.37589 15 7.59436 -22.1041 15 8.340821 -23.80002 14.71777 8.750123 -23.80002 14.87488 8.677308 -23.41275 15 9.178223 -23.80002 14.9696 9.157593 -23.70938 15 8.941468 -23.6005 15 9.600037 -23.80002 15 9.518921 -23.79691 15 9.345582 -23.76993 15 -52.76367 -13.30002 -12.51147 -52.76367 -23.80002 -12.51147 -52.65558 -13.30002 -12.96167 -52.65558 -23.80002 -12.96167 -52.47845 -13.30002 -13.38928 -52.47845 -23.80002 -13.38928 -52.23657 -13.30002 -13.78394 -52.23657 -23.80002 -13.78394 -51.93597 -13.30002 -14.13599 -51.93597 -23.80002 -14.13599 -51.58392 -13.30002 -14.43665 -51.58392 -23.80002 -14.43665 -51.18927 -13.30002 -14.67847 -51.18927 -23.80002 -14.67847 -50.7616 -13.30002 -14.85559 -50.7616 -23.80002 -14.85559 -50.31146 -13.30002 -14.96374 -50.31146 -23.80002 -14.96374 4 -24.39999 0 3.93927 -24.35001 0.6945801 3.93927 -24.39999 0.6945801 3.758789 -24.35001 1.368042 3.758789 -24.39999 1.368042 3.464111 -24.35001 2 3.464111 -24.39999 2 3.064209 -24.35001 2.571167 3.064209 -24.39999 2.571167 2.571167 -24.35001 3.064209 2.571167 -24.39999 3.064209 2 -24.35001 3.464111 2 -24.39999 3.464111 1.368103 -24.35001 3.758789 1.368103 -24.39999 3.758789 0.6945801 -24.35001 3.939209 0.6945801 -24.39999 3.939209 0 -24.35001 4 0 -24.39999 4 -0.6945801 -24.35001 3.939209 -0.6945801 -24.39999 3.939209 -1.368042 -24.35001 3.758789 -1.368042 -24.39999 3.758789 -2 -24.35001 3.464111 -2 -24.39999 3.464111 -2.571106 -24.35001 3.064209 -2.571106 -24.39999 3.064209 -3.064148 -24.35001 2.571167 -3.064148 -24.39999 2.571167 -3.464111 -24.35001 2 -3.464111 -24.39999 2 -3.758728 -24.35001 1.368042 -3.758728 -24.39999 1.368042 -3.939209 -24.35001 0.6945801 -3.939209 -24.39999 0.6945801 -4 -24.35001 0 -4 -24.39999 0 -3.939209 -24.35001 -0.6945801 -3.939209 -24.39999 -0.6945801 -3.758728 -24.35001 -1.368164 -3.758728 -24.39999 -1.368164 -3.464111 -24.35001 -2 -3.464111 -24.39999 -2 -3.064148 -24.35001 -2.571167 -3.064148 -24.39999 -2.571167 -2.571106 -24.35001 -3.064209 -2.571106 -24.39999 -3.064209 -2 -24.35001 -3.464111 -2 -24.39999 -3.464111 -1.368042 -24.35001 -3.758789 -1.368042 -24.39999 -3.758789 -0.6945801 -24.35001 -3.939209 -0.6945801 -24.39999 -3.939209 0 -24.35001 -4 0 -24.39999 -4 0.6945801 -24.35001 -3.939209 0.6945801 -24.39999 -3.939209 1.368103 -24.35001 -3.758789 1.368103 -24.39999 -3.758789 2 -24.35001 -3.464111 2 -24.39999 -3.464111 2.571167 -24.35001 -3.064209 2.571167 -24.39999 -3.064209 3.064209 -24.35001 -2.571167 3.064209 -24.39999 -2.571167 3.464111 -24.35001 -2 3.464111 -24.39999 -2 3.758789 -24.35001 -1.368164 3.758789 -24.39999 -1.368164 3.93927 -24.35001 -0.6945801 3.93927 -24.39999 -0.6945801 4 -24.35001 0 -2.954407 -24.39999 0.520874 -3 -24.39999 0 -2.954407 -24.39999 -0.5209961 -2.819092 -24.39999 -1.026123 -2.598083 -24.39999 -1.5 -2.298096 -24.39999 -1.928345 -1.928345 -24.39999 -2.298096 -1.5 -24.39999 -2.598145 -1.026062 -24.39999 -2.819092 -0.5209351 -24.39999 -2.954468 0 -24.39999 -3 0.5209351 -24.39999 -2.954468 1.026062 -24.39999 -2.819092 1.5 -24.39999 -2.598145 1.928406 -24.39999 -2.298096 2.298157 -24.39999 -1.928345 2.598083 -24.39999 -1.5 2.819092 -24.39999 -1.026123 2.954468 -24.39999 -0.5209961 3 -24.39999 0 2.954468 -24.39999 0.520874 2.819092 -24.39999 1.026001 2.598083 -24.39999 1.5 2.298157 -24.39999 1.928345 1.928406 -24.39999 2.298096 1.5 -24.39999 2.598022 1.026062 -24.39999 2.819092 0.5209351 -24.39999 2.954346 0 -24.39999 3 -0.5209351 -24.39999 2.954346 -1.026062 -24.39999 2.819092 -1.5 -24.39999 2.598022 -1.928345 -24.39999 2.298096 -2.298096 -24.39999 1.928345 -2.598083 -24.39999 1.5 -2.819092 -24.39999 1.026001 1 -24.35001 0 1 -29.80002 0 0.9848023 -24.35001 0.1735839 0.9848023 -29.80002 0.1735839 0.9396973 -24.35001 0.342041 0.9396973 -29.80002 0.342041 0.8660278 -24.35001 0.5 0.8660278 -29.80002 0.5 0.7660523 -24.35001 0.6428223 0.7660523 -29.80002 0.6428223 0.6428223 -24.35001 0.7659912 0.6428223 -29.80002 0.7659912 0.5 -24.35001 0.8659668 0.5 -29.80002 0.8659668 0.342041 -24.35001 0.9396973 0.342041 -29.80002 0.9396973 0.173645 -24.35001 0.9847412 0.173645 -29.80002 0.9847412 0 -24.35001 1 0 -29.80002 1 -0.173645 -24.35001 0.9847412 -0.173645 -29.80002 0.9847412 -0.34198 -24.35001 0.9396973 -0.34198 -29.80002 0.9396973 -0.5 -24.35001 0.8659668 -0.5 -29.80002 0.8659668 -0.6427612 -24.35001 0.7659912 -0.6427612 -29.80002 0.7659912 -0.7660523 -24.35001 0.6428223 -0.7660523 -29.80002 0.6428223 -0.8660278 -24.35001 0.5 -0.8660278 -29.80002 0.5 -0.9396973 -24.35001 0.342041 -0.9396973 -29.80002 0.342041 -0.9848023 -24.35001 0.1735839 -0.9848023 -29.80002 0.1735839 -1 -24.35001 0 -1 -29.80002 0 -0.9848023 -24.35001 -0.173706 -0.9848023 -29.80002 -0.173706 -0.9396973 -24.35001 -0.342041 -0.9396973 -29.80002 -0.342041 -0.8660278 -24.35001 -0.5 -0.8660278 -29.80002 -0.5 -0.7660523 -24.35001 -0.6428223 -0.7660523 -29.80002 -0.6428223 -0.6427612 -24.35001 -0.7661133 -0.6427612 -29.80002 -0.7661133 -0.5 -24.35001 -0.8660889 -0.5 -29.80002 -0.8660889 -0.34198 -24.35001 -0.9396973 -0.34198 -29.80002 -0.9396973 -0.173645 -24.35001 -0.9848633 -0.173645 -29.80002 -0.9848633 0 -24.35001 -1 0 -29.80002 -1 0.173645 -24.35001 -0.9848633 0.173645 -29.80002 -0.9848633 0.342041 -24.35001 -0.9396973 0.342041 -29.80002 -0.9396973 0.5 -24.35001 -0.8660889 0.5 -29.80002 -0.8660889 0.6428223 -24.35001 -0.7661133 0.6428223 -29.80002 -0.7661133 0.7660523 -24.35001 -0.6428223 0.7660523 -29.80002 -0.6428223 0.8660278 -24.35001 -0.5 0.8660278 -29.80002 -0.5 0.9396973 -24.35001 -0.342041 0.9396973 -29.80002 -0.342041 0.9848023 -24.35001 -0.173706 0.9848023 -29.80002 -0.173706 3 -29.80002 0 2.954468 -29.80002 0.520874 2.819092 -29.80002 1.026001 2.598083 -29.80002 1.5 2.298157 -29.80002 1.928345 1.928406 -29.80002 2.298096 1.5 -29.80002 2.598022 1.026062 -29.80002 2.819092 0.5209351 -29.80002 2.954346 0 -29.80002 3 -0.5209351 -29.80002 2.954346 -1.026062 -29.80002 2.819092 -1.5 -29.80002 2.598022 -1.928345 -29.80002 2.298096 -2.298096 -29.80002 1.928345 -2.598083 -29.80002 1.5 -2.819092 -29.80002 1.026001 -2.954407 -29.80002 0.520874 -3 -29.80002 0 -2.954407 -29.80002 -0.5209961 -2.819092 -29.80002 -1.026123 -2.598083 -29.80002 -1.5 -2.298096 -29.80002 -1.928345 -1.928345 -29.80002 -2.298096 -1.5 -29.80002 -2.598145 -1.026062 -29.80002 -2.819092 -0.5209351 -29.80002 -2.954468 0 -29.80002 -3 0.5209351 -29.80002 -2.954468 1.026062 -29.80002 -2.819092 1.5 -29.80002 -2.598145 1.928406 -29.80002 -2.298096 2.298157 -29.80002 -1.928345 2.598083 -29.80002 -1.5 2.819092 -29.80002 -1.026123 2.954468 -29.80002 -0.5209961 -3.009766 -24.35001 -8.269288 -1.528076 -24.35001 -8.666382 0 -24.35001 -8.800049 1.528137 -24.35001 -8.666382 3.009766 -24.35001 -8.269288 4.400024 -24.35001 -7.621094 5.656555 -24.35001 -6.741211 6.741211 -24.35001 -5.656494 7.621033 -24.35001 -4.400024 8.269288 -24.35001 -3.009766 8.666321 -24.35001 -1.528076 8.799988 -24.35001 0 8.666321 -24.35001 1.528076 8.269288 -24.35001 3.009766 7.621033 -24.35001 4.400024 6.741211 -24.35001 5.656494 5.656555 -24.35001 6.741211 4.400024 -24.35001 7.620972 3.009766 -24.35001 8.269288 1.528137 -24.35001 8.66626 0 -24.35001 8.799927 -1.528076 -24.35001 8.66626 -3.009766 -24.35001 8.269288 -4.399963 -24.35001 7.620972 -5.656494 -24.35001 6.741211 -6.74115 -24.35001 5.656494 -7.621033 -24.35001 4.400024 -8.269288 -24.35001 3.009766 -8.666321 -24.35001 1.528076 -8.799988 -24.35001 0 -8.666321 -24.35001 -1.528076 -8.269288 -24.35001 -3.009766 -7.621033 -24.35001 -4.400024 -6.74115 -24.35001 -5.656494 -5.656494 -24.35001 -6.741211 -4.399963 -24.35001 -7.621094 8.666321 -23.80002 1.528076 8.269288 -23.80002 3.009766 7.621033 -23.80002 4.400024 6.741211 -23.80002 5.656494 5.656555 -23.80002 6.741211 4.400024 -23.80002 7.620972 3.009766 -23.80002 8.269288 1.528137 -23.80002 8.66626 0 -23.80002 8.799927 -1.528076 -23.80002 8.66626 -3.009766 -23.80002 8.269288 -4.399963 -23.80002 7.620972 -5.656494 -23.80002 6.741211 -6.74115 -23.80002 5.656494 -7.621033 -23.80002 4.400024 -8.269288 -23.80002 3.009766 -8.666321 -23.80002 1.528076 -8.799988 -23.80002 0 -8.666321 -23.80002 -1.528076 -8.269288 -23.80002 -3.009766 -7.621033 -23.80002 -4.400024 -6.74115 -23.80002 -5.656494 -5.656494 -23.80002 -6.741211 -4.399963 -23.80002 -7.621094 -3.009766 -23.80002 -8.269288 -1.528076 -23.80002 -8.666382 0 -23.80002 -8.800049 1.528137 -23.80002 -8.666382 3.009766 -23.80002 -8.269288 4.400024 -23.80002 -7.621094 5.656555 -23.80002 -6.741211 6.741211 -23.80002 -5.656494 7.621033 -23.80002 -4.400024 8.269288 -23.80002 -3.009766 8.666321 -23.80002 -1.528076 8.799988 -23.80002 0 0 -24.35001 0 -50.82501 -23.80002 -10.36133 -50.51691 -23.80002 -10.21765 -50.1886 -23.80002 -10.12964 -49.84997 -23.80002 -10.09998 -51.53876 -23.80002 -11.07507 -51.34375 -23.80002 -10.79663 -48.16125 -23.80002 -11.07507 -48.01758 -23.80002 -11.38306 -37.52496 -23.80002 -9.450074 -47.92963 -23.80002 -11.71143 -47.92963 -23.80002 -12.38867 -48.01758 -23.80002 -12.71692 -48.875 -23.80002 -10.36133 -49.18304 -23.80002 -10.21765 -49.51135 -23.80002 -10.12964 -48.59656 -23.80002 -10.55627 -48.3562 -23.80002 -10.79663 -51.10339 -23.80002 -10.55627 -48.16125 -23.80002 -13.02502 -48.3562 -23.80002 -13.30347 -48.59656 -23.80002 -13.54382 -48.875 -23.80002 -13.73877 -49.18304 -23.80002 -13.88245 -51.34375 -23.80002 -13.30347 -51.10339 -23.80002 -13.54382 -50.82501 -23.80002 -13.73877 -50.51691 -23.80002 -13.88245 -50.1886 -23.80002 -13.97046 -49.84997 -23.80002 -14 -49.51135 -23.80002 -13.97046 -51.68237 -23.80002 -11.38306 -51.77038 -23.80002 -11.71143 -51.79999 -23.80002 -12.05005 -51.77038 -23.80002 -12.38867 -51.68237 -23.80002 -12.71692 -51.53876 -23.80002 -13.02502 -49.51135 -23.80002 10.12964 -51.10339 -23.80002 13.54382 -50.82501 -23.80002 13.73877 -51.17187 -23.80002 14.68726 -49.18304 -23.80002 13.88232 -48.875 -23.80002 13.73877 -37.52496 -23.80002 9.449952 -48.875 -23.80002 10.36121 -49.18304 -23.80002 10.21753 -49.84997 -23.80002 10.09998 -50.1886 -23.80002 10.12964 -50.51691 -23.80002 10.21753 -50.51691 -23.80002 13.88232 -50.1886 -23.80002 13.97034 -49.84997 -23.80002 14 -50.82501 -23.80002 10.36121 -51.10339 -23.80002 10.55615 -51.34375 -23.80002 10.79651 -51.53876 -23.80002 11.07495 -51.68237 -23.80002 11.38306 -51.57043 -23.80002 14.44629 -51.92609 -23.80002 14.14575 -51.34375 -23.80002 13.30347 -52.23004 -23.80002 13.79297 -51.53876 -23.80002 13.02502 -52.47467 -23.80002 13.39673 -51.68237 -23.80002 12.71692 -52.65387 -23.80002 12.96692 -51.77038 -23.80002 12.38855 -52.76324 -23.80002 12.51416 -51.79999 -23.80002 12.04993 -51.77038 -23.80002 11.7113 -48.59656 -23.80002 13.54382 -48.3562 -23.80002 13.30347 -48.16125 -23.80002 13.02502 -48.01758 -23.80002 12.71692 -47.92963 -23.80002 12.38855 -47.89996 -23.80002 12.04993 -48.16125 -23.80002 11.07495 -48.3562 -23.80002 10.79651 -48.59656 -23.80002 10.55615 -47.92963 -23.80002 11.7113 -48.01758 -23.80002 11.38306 -50.28674 -23.80002 14.96741 -50.74042 -23.80002 14.86243 -49.51135 -23.80002 13.97034 -27.12036 -23.80002 12.38855 -27.03241 -23.80002 12.71692 -26.17499 -23.80002 13.73877 -26.45343 -23.80002 13.54382 -26.69379 -23.80002 13.30347 -26.88873 -23.80002 13.02502 -25.86694 -23.80002 13.88232 -25.53857 -23.80002 13.97034 -25.20001 -23.80002 14 -25.20001 -23.80002 10.09998 -25.53857 -23.80002 10.12964 -25.86694 -23.80002 10.21753 -26.17499 -23.80002 10.36121 -26.45343 -23.80002 10.55615 -26.69379 -23.80002 10.79651 -26.88873 -23.80002 11.07495 -27.03241 -23.80002 11.38306 -27.12036 -23.80002 11.7113 -24.53302 -23.80002 13.88232 -24.22498 -23.80002 13.73877 -24.22498 -23.80002 10.36121 -24.53302 -23.80002 10.21753 -16.02496 -23.80002 9.449952 -24.86139 -23.80002 10.12964 -27.14996 -23.80002 12.04993 -23.25 -23.80002 12.04993 -23.2796 -23.80002 12.38855 -23.36755 -23.80002 12.71692 -23.2796 -23.80002 11.7113 -23.36755 -23.80002 11.38306 -23.51123 -23.80002 11.07495 -23.94653 -23.80002 13.54382 -23.70618 -23.80002 13.30347 -23.51123 -23.80002 13.02502 -23.70618 -23.80002 10.79651 -23.94653 -23.80002 10.55615 -24.86139 -23.80002 13.97034 8.346558 -23.80002 10.55615 8.106202 -23.80002 10.79651 -0.5750122 -23.80002 9.449952 7.679626 -23.80002 12.38855 7.767639 -23.80002 12.71692 9.261414 -23.80002 13.97034 9.600037 -23.80002 14 10.17499 -23.80002 14.5 7.911255 -23.80002 11.07495 7.767639 -23.80002 11.38306 7.679626 -23.80002 11.7113 9.600037 -23.80002 10.09998 10.17499 -23.80002 9.449952 9.93866 -23.80002 10.12964 10.26697 -23.80002 10.21753 9.261414 -23.80002 10.12964 8.933106 -23.80002 10.21753 8.625 -23.80002 10.36121 7.650024 -23.80002 12.04993 7.911255 -23.80002 13.02502 8.106202 -23.80002 13.30347 8.346558 -23.80002 13.54382 8.625 -23.80002 13.73877 8.933106 -23.80002 13.88232 11.07501 -23.80002 14.60474 10.60895 -23.80002 14.82202 10.1123 -23.80002 14.9552 10.85345 -23.80002 10.55615 11.09381 -23.80002 10.79651 11.28876 -23.80002 11.07495 9.93866 -23.80002 13.97034 10.26697 -23.80002 13.88232 10.57501 -23.80002 13.73877 11.49622 -23.80002 14.30981 10.85345 -23.80002 13.54382 11.85986 -23.80002 13.94617 11.09381 -23.80002 13.30347 12.15478 -23.80002 13.52502 11.28876 -23.80002 13.02502 12.37213 -23.80002 13.05896 11.43243 -23.80002 12.71692 12.50519 -23.80002 12.56226 11.52039 -23.80002 12.38855 11.54999 -23.80002 12.04993 11.52039 -23.80002 11.7113 11.43243 -23.80002 11.38306 10.57501 -23.80002 10.36121 10.17499 -23.80002 -9.450074 10.85345 -23.80002 -10.55627 11.09381 -23.80002 -10.79663 11.28876 -23.80002 -11.07507 11.43243 -23.80002 -11.38306 10.85345 -23.80002 -13.54382 11.09381 -23.80002 -13.30347 11.28876 -23.80002 -13.02502 11.43243 -23.80002 -12.71692 11.52039 -23.80002 -12.38867 11.54999 -23.80002 -12.05005 11.52039 -23.80002 -11.71143 9.600037 -23.80002 -10.09998 9.93866 -23.80002 -10.12964 10.26697 -23.80002 -10.21765 10.57501 -23.80002 -10.36133 7.911255 -23.80002 -11.07507 8.106202 -23.80002 -10.79663 -0.5750122 -23.80002 -9.450074 8.346558 -23.80002 -10.55627 8.106202 -23.80002 -13.30347 8.346558 -23.80002 -13.54382 8.625 -23.80002 -13.73877 7.911255 -23.80002 -13.02502 7.767639 -23.80002 -12.71692 7.679626 -23.80002 -12.38867 7.650024 -23.80002 -12.05005 7.679626 -23.80002 -11.71143 7.767639 -23.80002 -11.38306 8.625 -23.80002 -10.36133 8.933106 -23.80002 -10.21765 9.261414 -23.80002 -10.12964 8.933106 -23.80002 -13.88245 9.261414 -23.80002 -13.97046 9.600037 -23.80002 -14 9.93866 -23.80002 -13.97046 10.26697 -23.80002 -13.88245 10.57501 -23.80002 -13.73877 -26.69379 -23.80002 -13.30347 -26.88873 -23.80002 -13.02502 -47.89996 -23.80002 -12.05005 -16.02496 -23.80002 -9.450074 -25.20001 -23.80002 -10.09998 -24.86139 -23.80002 -10.12964 -23.36755 -23.80002 -11.38306 -23.2796 -23.80002 -11.71143 -24.53302 -23.80002 -10.21765 -24.22498 -23.80002 -10.36133 -23.94653 -23.80002 -10.55627 -27.12036 -23.80002 -12.38867 -27.14996 -23.80002 -12.05005 -26.88873 -23.80002 -11.07507 -26.69379 -23.80002 -10.79663 -26.45343 -23.80002 -10.55627 -23.70618 -23.80002 -10.79663 -23.51123 -23.80002 -11.07507 -27.12036 -23.80002 -11.71143 -27.03241 -23.80002 -11.38306 -26.17499 -23.80002 -10.36133 -25.86694 -23.80002 -10.21765 -25.53857 -23.80002 -10.12964 -23.25 -23.80002 -12.05005 -23.2796 -23.80002 -12.38867 -23.36755 -23.80002 -12.71692 -27.03241 -23.80002 -12.71692 -26.45343 -23.80002 -13.54382 -26.17499 -23.80002 -13.73877 -25.86694 -23.80002 -13.88245 -25.53857 -23.80002 -13.97046 -25.20001 -23.80002 -14 -24.86139 -23.80002 -13.97046 -24.53302 -23.80002 -13.88245 -24.22498 -23.80002 -13.73877 -23.94653 -23.80002 -13.54382 -23.70618 -23.80002 -13.30347 -23.51123 -23.80002 -13.02502 -50.28674 -13.30002 14.96741 -50.74042 -13.30002 14.86243 -51.17187 -13.30002 14.68726 -51.57043 -13.30002 14.44629 -51.92609 -13.30002 14.14575 -52.23004 -13.30002 13.79297 -52.47467 -13.30002 13.39673 -52.65387 -13.30002 12.96692 -52.76324 -13.30002 12.51416 12.54999 -13.30002 1.199951 12.04999 -13.30002 1.199951 12.04999 -13.30002 -1.200073 12.54999 -13.30002 -1.200073 -25.20001 -23.89999 -14 -24.86139 -23.89999 -13.97046 -24.53302 -23.89999 -13.88245 -24.22498 -23.89999 -13.73877 -23.94653 -23.89999 -13.54382 -23.70618 -23.89999 -13.30347 -23.51123 -23.89999 -13.02502 -23.36755 -23.89999 -12.71692 -23.2796 -23.89999 -12.38867 -23.25 -23.89999 -12.05005 -23.2796 -23.89999 -11.71143 -23.36755 -23.89999 -11.38306 -23.51123 -23.89999 -11.07507 -23.70618 -23.89999 -10.79663 -23.94653 -23.89999 -10.55627 -24.22498 -23.89999 -10.36133 -24.53302 -23.89999 -10.21765 -24.86139 -23.89999 -10.12964 -25.20001 -23.89999 -10.09998 -25.53857 -23.89999 -10.12964 -25.86694 -23.89999 -10.21765 -26.17499 -23.89999 -10.36133 -26.45343 -23.89999 -10.55627 -26.69379 -23.89999 -10.79663 -26.88873 -23.89999 -11.07507 -27.03241 -23.89999 -11.38306 -27.12036 -23.89999 -11.71143 -27.14996 -23.89999 -12.05005 -27.12036 -23.89999 -12.38867 -27.03241 -23.89999 -12.71692 -26.88873 -23.89999 -13.02502 -26.69379 -23.89999 -13.30347 -26.45343 -23.89999 -13.54382 -26.17499 -23.89999 -13.73877 -25.86694 -23.89999 -13.88245 -25.53857 -23.89999 -13.97046 9.600037 -23.89999 -14 9.93866 -23.89999 -13.97046 10.26697 -23.89999 -13.88245 10.57501 -23.89999 -13.73877 10.85345 -23.89999 -13.54382 11.09381 -23.89999 -13.30347 11.28876 -23.89999 -13.02502 11.43243 -23.89999 -12.71692 11.52039 -23.89999 -12.38867 11.54999 -23.89999 -12.05005 11.52039 -23.89999 -11.71143 11.43243 -23.89999 -11.38306 11.28876 -23.89999 -11.07507 11.09381 -23.89999 -10.79663 10.85345 -23.89999 -10.55627 10.57501 -23.89999 -10.36133 10.26697 -23.89999 -10.21765 9.93866 -23.89999 -10.12964 9.600037 -23.89999 -10.09998 9.261414 -23.89999 -10.12964 8.933106 -23.89999 -10.21765 8.625 -23.89999 -10.36133 8.346558 -23.89999 -10.55627 8.106202 -23.89999 -10.79663 7.911255 -23.89999 -11.07507 7.767639 -23.89999 -11.38306 7.679626 -23.89999 -11.71143 7.650024 -23.89999 -12.05005 7.679626 -23.89999 -12.38867 7.767639 -23.89999 -12.71692 7.911255 -23.89999 -13.02502 8.106202 -23.89999 -13.30347 8.346558 -23.89999 -13.54382 8.625 -23.89999 -13.73877 8.933106 -23.89999 -13.88245 9.261414 -23.89999 -13.97046 -49.84997 -23.89999 10.09998 -49.51135 -23.89999 10.12964 -49.18304 -23.89999 10.21753 -48.875 -23.89999 10.36121 -48.59656 -23.89999 10.55615 -48.3562 -23.89999 10.79651 -48.16125 -23.89999 11.07495 -48.01758 -23.89999 11.38306 -47.92963 -23.89999 11.7113 -47.89996 -23.89999 12.04993 -47.92963 -23.89999 12.38855 -48.01758 -23.89999 12.71692 -48.16125 -23.89999 13.02502 -48.3562 -23.89999 13.30347 -48.59656 -23.89999 13.54382 -48.875 -23.89999 13.73877 -49.18304 -23.89999 13.88232 -49.51135 -23.89999 13.97034 -49.84997 -23.89999 14 -50.1886 -23.89999 13.97034 -50.51691 -23.89999 13.88232 -50.82501 -23.89999 13.73877 -51.10339 -23.89999 13.54382 -51.34375 -23.89999 13.30347 -51.53876 -23.89999 13.02502 -51.68237 -23.89999 12.71692 -51.77038 -23.89999 12.38855 -51.79999 -23.89999 12.04993 -51.77038 -23.89999 11.7113 -51.68237 -23.89999 11.38306 -51.53876 -23.89999 11.07495 -51.34375 -23.89999 10.79651 -51.10339 -23.89999 10.55615 -50.82501 -23.89999 10.36121 -50.51691 -23.89999 10.21753 -50.1886 -23.89999 10.12964 -25.20001 -23.89999 10.09998 -24.86139 -23.89999 10.12964 -24.53302 -23.89999 10.21753 -24.22498 -23.89999 10.36121 -23.94653 -23.89999 10.55615 -23.70618 -23.89999 10.79651 -23.51123 -23.89999 11.07495 -23.36755 -23.89999 11.38306 -23.2796 -23.89999 11.7113 -23.25 -23.89999 12.04993 -23.2796 -23.89999 12.38855 -23.36755 -23.89999 12.71692 -23.51123 -23.89999 13.02502 -23.70618 -23.89999 13.30347 -23.94653 -23.89999 13.54382 -24.22498 -23.89999 13.73877 -24.53302 -23.89999 13.88232 -24.86139 -23.89999 13.97034 -25.20001 -23.89999 14 -25.53857 -23.89999 13.97034 -25.86694 -23.89999 13.88232 -26.17499 -23.89999 13.73877 -26.45343 -23.89999 13.54382 -26.69379 -23.89999 13.30347 -26.88873 -23.89999 13.02502 -27.03241 -23.89999 12.71692 -27.12036 -23.89999 12.38855 -27.14996 -23.89999 12.04993 -27.12036 -23.89999 11.7113 -27.03241 -23.89999 11.38306 -26.88873 -23.89999 11.07495 -26.69379 -23.89999 10.79651 -26.45343 -23.89999 10.55615 -26.17499 -23.89999 10.36121 -25.86694 -23.89999 10.21753 -25.53857 -23.89999 10.12964 9.600037 -23.89999 10.09998 9.93866 -23.89999 10.12964 10.26697 -23.89999 10.21753 10.57501 -23.89999 10.36121 10.85345 -23.89999 10.55615 11.09381 -23.89999 10.79651 11.28876 -23.89999 11.07495 11.43243 -23.89999 11.38306 11.52039 -23.89999 11.7113 11.54999 -23.89999 12.04993 11.52039 -23.89999 12.38855 11.43243 -23.89999 12.71692 11.28876 -23.89999 13.02502 11.09381 -23.89999 13.30347 10.85345 -23.89999 13.54382 10.57501 -23.89999 13.73877 10.26697 -23.89999 13.88232 9.93866 -23.89999 13.97034 9.600037 -23.89999 14 9.261414 -23.89999 13.97034 8.933106 -23.89999 13.88232 8.625 -23.89999 13.73877 8.346558 -23.89999 13.54382 8.106202 -23.89999 13.30347 7.911255 -23.89999 13.02502 7.767639 -23.89999 12.71692 7.679626 -23.89999 12.38855 7.650024 -23.89999 12.04993 7.679626 -23.89999 11.7113 7.767639 -23.89999 11.38306 7.911255 -23.89999 11.07495 8.106202 -23.89999 10.79651 8.346558 -23.89999 10.55615 8.625 -23.89999 10.36121 8.933106 -23.89999 10.21753 9.261414 -23.89999 10.12964 -49.84997 -23.89999 -14 -49.51135 -23.89999 -13.97046 -49.18304 -23.89999 -13.88245 -48.875 -23.89999 -13.73877 -48.59656 -23.89999 -13.54382 -48.3562 -23.89999 -13.30347 -48.16125 -23.89999 -13.02502 -48.01758 -23.89999 -12.71692 -47.92963 -23.89999 -12.38867 -47.89996 -23.89999 -12.05005 -47.92963 -23.89999 -11.71143 -48.01758 -23.89999 -11.38306 -48.16125 -23.89999 -11.07507 -48.3562 -23.89999 -10.79663 -48.59656 -23.89999 -10.55627 -48.875 -23.89999 -10.36133 -49.18304 -23.89999 -10.21765 -49.51135 -23.89999 -10.12964 -49.84997 -23.89999 -10.09998 -50.1886 -23.89999 -10.12964 -50.51691 -23.89999 -10.21765 -50.82501 -23.89999 -10.36133 -51.10339 -23.89999 -10.55627 -51.34375 -23.89999 -10.79663 -51.53876 -23.89999 -11.07507 -51.68237 -23.89999 -11.38306 -51.77038 -23.89999 -11.71143 -51.79999 -23.89999 -12.05005 -51.77038 -23.89999 -12.38867 -51.68237 -23.89999 -12.71692 -51.53876 -23.89999 -13.02502 -51.34375 -23.89999 -13.30347 -51.10339 -23.89999 -13.54382 -50.82501 -23.89999 -13.73877 -50.51691 -23.89999 -13.88245 -50.1886 -23.89999 -13.97046 12.54999 -15.03452 -1.200073 12.54999 -15.03452 1.199951 12.04999 -15.03452 1.199951 12.04999 -15.03452 -1.200073 -5.450012 -10.19998 10.84998 -4.649963 -10.19998 10.84998 -4.649963 -11.92001 10.84998 -1.859436 -12.79636 10.84998 -1.583313 -12.52023 10.84998 -1.30719 -12.79636 10.84998 -3.849976 -12.79636 10.84998 3.5849 -13.30002 10.84998 0.4072266 -12.79636 10.84998 3.75 -10.19998 10.84998 4.549988 -10.19998 10.84998 3.75 -12.06607 10.84998 4.549988 -12.41898 10.84998 2.950012 -12.79636 10.84998 0.9594727 -12.79636 10.84998 0.6833496 -12.52023 10.84998 0.9594727 -12.79636 15 3.5849 -13.30002 15 -4.649963 -10.19998 15 -5.450012 -10.19998 15 -4.649963 -11.92001 15 -3.849976 -12.79636 15 -1.859436 -12.79636 15 4.549988 -10.19998 15 3.75 -10.19998 15 4.549988 -12.41898 15 3.75 -12.06607 15 2.950012 -12.79636 15 -1.583313 -12.52023 15 -1.30719 -12.79636 15 0.4072266 -12.79636 15 0.6833496 -12.52023 15 -4.649963 -9.819855 10.84998 -5.450012 -9.819855 10.84998 -4.649963 -9.100007 10.84998 3.75 -9.100007 10.84998 3.75 -9.819855 10.84998 4.549988 -9.819855 10.84998 3.75 -9.819855 15 4.549988 -9.819855 15 3.75 -9.100007 15 -4.649963 -9.100007 15 -4.649963 -9.819855 15 -5.450012 -9.819855 15 -3.116638 -12.33127 10.84998 -3.116638 -11.53128 10.84998 -2.31665 -12.33127 10.84998 -2.31665 -11.53128 10.84998 -3.116638 -11.53128 15 -3.116638 -12.33127 15 -2.31665 -11.53128 15 -2.31665 -12.33127 15 -0.8499756 -12.33127 10.84998 -0.8499756 -11.53128 10.84998 -0.04998779 -12.33127 10.84998 -0.04998779 -11.53128 10.84998 -0.8499756 -11.53128 15 -0.8499756 -12.33127 15 -0.04998779 -11.53128 15 -0.04998779 -12.33127 15 1.416687 -12.33127 10.84998 1.416687 -11.53128 10.84998 2.216675 -12.33127 10.84998 2.216675 -11.53128 10.84998 1.416687 -11.53128 15 1.416687 -12.33127 15 2.216675 -11.53128 15 2.216675 -12.33127 15 0.9594727 -12.79636 -10.84998 3.5849 -13.30002 -10.84998 -4.649963 -10.19998 -10.84998 -5.450012 -10.19998 -10.84998 -4.649963 -11.92001 -10.84998 -3.849976 -12.79636 -10.84998 -1.859436 -12.79636 -10.84998 4.549988 -10.19998 -10.84998 3.75 -10.19998 -10.84998 4.549988 -12.41898 -10.84998 3.75 -12.06607 -10.84998 2.950012 -12.79636 -10.84998 -1.583313 -12.52023 -10.84998 -1.30719 -12.79636 -10.84998 0.4072266 -12.79636 -10.84998 0.6833496 -12.52023 -10.84998 -5.450012 -10.19998 -15 -4.649963 -10.19998 -15 -4.649963 -11.92001 -15 -1.859436 -12.79636 -15 -1.583313 -12.52023 -15 -1.30719 -12.79636 -15 -3.849976 -12.79636 -15 3.5849 -13.30002 -15 0.4072266 -12.79636 -15 3.75 -10.19998 -15 4.549988 -10.19998 -15 3.75 -12.06607 -15 4.549988 -12.41898 -15 2.950012 -12.79636 -15 0.9594727 -12.79636 -15 0.6833496 -12.52023 -15 3.75 -9.819855 -10.84998 4.549988 -9.819855 -10.84998 3.75 -9.100007 -10.84998 -4.649963 -9.100007 -10.84998 -4.649963 -9.819855 -10.84998 -5.450012 -9.819855 -10.84998 -4.649963 -9.819855 -15 -5.450012 -9.819855 -15 -4.649963 -9.100007 -15 3.75 -9.100007 -15 3.75 -9.819855 -15 4.549988 -9.819855 -15 -3.116638 -11.53128 -10.84998 -3.116638 -12.33127 -10.84998 -2.31665 -11.53128 -10.84998 -2.31665 -12.33127 -10.84998 -3.116638 -12.33127 -15 -3.116638 -11.53128 -15 -2.31665 -12.33127 -15 -2.31665 -11.53128 -15 -0.8499756 -11.53128 -10.84998 -0.8499756 -12.33127 -10.84998 -0.04998779 -11.53128 -10.84998 -0.04998779 -12.33127 -10.84998 -0.8499756 -12.33127 -15 -0.8499756 -11.53128 -15 -0.04998779 -12.33127 -15 -0.04998779 -11.53128 -15 1.416687 -11.53128 -10.84998 1.416687 -12.33127 -10.84998 2.216675 -11.53128 -10.84998 2.216675 -12.33127 -10.84998 1.416687 -12.33127 -15 1.416687 -11.53128 -15 2.216675 -12.33127 -15 2.216675 -11.53128 -15 4.549988 -13.30002 11.84998 4.549988 -8.300019 11.84998 -5.450012 -13.30002 11.84998 -5.450012 -8.300019 11.84998 4.549988 -8.300019 -11.84998 4.549988 -13.30002 -11.84998 -5.450012 -8.300019 -11.84998 -5.450012 -13.30002 -11.84998 -33.79999 25.89999 -15 -33.79999 23.89999 -15 -59.79999 25.89999 -15 -57.79999 23.89999 -15 -59.79999 6.274994 -15 -57.79999 -6.475006 -15 -59.79999 -26.10001 -15 -57.79999 -24.10001 -15 -33.79999 -26.10001 -15 -33.79999 -24.10001 -15 -57.79999 23.89999 15 -33.79999 23.89999 15 -33.79999 25.89999 15 -59.79999 -26.10001 15 -33.79999 -26.10001 15 -33.79999 -24.10001 15 -57.79999 -24.10001 15 -57.79999 -6.475006 15 -59.79999 6.274994 15 -59.79999 25.89999 15 -57.79999 9.740571 7.375122 -57.79999 9.524872 7.159424 -57.79999 23.89999 -6.375 -57.79999 9.915558 7.625 -57.79999 6.884491 9.375 -57.79999 7.059418 9.624878 -57.79999 9.915558 9.375 -57.79999 10.04446 9.098511 -57.79999 10.12344 8.803833 -57.79999 10.14999 8.5 -57.79999 10.12344 8.196045 -57.79999 10.04446 7.901489 -57.79999 6.676605 8.196045 -57.79999 -2.15213 5.638184 -57.79999 -1.141876 5.908813 -57.79999 5.899994 0 -57.79999 5.808868 -1.04187 -57.79999 0.9419251 5.908813 -57.79999 1.952118 5.638184 -57.79999 6.755524 7.901489 -57.79999 2.899994 5.196167 -57.79999 -4.696259 3.856689 -57.79999 -5.296173 3 -57.79999 -5.738129 2.052124 -57.79999 9.274994 6.984375 -57.79999 8.998566 6.855469 -57.79999 -0.1000061 6 -57.79999 -5.738129 -2.052124 -57.79999 -6.00882 -1.04187 -57.79999 -6.475006 -6.375 -57.79999 -6.100006 0 -57.79999 -6.00882 1.04187 -57.79999 7.275116 9.840577 -57.79999 7.524994 10.0155 -57.79999 7.801483 10.14441 -57.79999 8.998566 10.14441 -57.79999 9.274994 10.0155 -57.79999 -3.956696 4.596191 -57.79999 -3.100006 5.196167 -57.79999 9.524872 9.840577 -57.79999 9.740571 9.624878 -57.79999 5.538177 -2.052124 -57.79999 5.096161 -3 -57.79999 4.496246 -3.856689 -57.79999 -2.15213 -5.638184 -57.79999 -3.100006 -5.196167 -57.79999 -3.956696 -4.596313 -57.79999 6.649994 8.5 -57.79999 6.676605 8.803833 -57.79999 6.755524 9.098511 -57.79999 8.0961 10.22339 -57.79999 8.399994 10.25 -57.79999 8.703888 10.22339 -57.79999 8.703888 6.776611 -57.79999 8.399994 6.75 -57.79999 5.808868 1.04187 -57.79999 8.0961 6.776611 -57.79999 5.538177 2.052124 -57.79999 7.801483 6.855469 -57.79999 5.096161 3 -57.79999 7.524994 6.984375 -57.79999 4.496246 3.856689 -57.79999 7.275116 7.159424 -57.79999 3.756744 4.596191 -57.79999 7.059418 7.375122 -57.79999 6.884491 7.625 -57.79999 3.756744 -4.596313 -57.79999 2.899994 -5.196167 -57.79999 1.952118 -5.638184 -57.79999 -4.696259 -3.856689 -57.79999 -5.296173 -3 -57.79999 0.9419251 -5.908813 -57.79999 -0.1000061 -6 -57.79999 -1.141876 -5.908813 -57.79999 -7.475128 7.159424 -57.79999 -7.725006 6.984375 -57.79999 -6.955536 7.901489 -57.79999 -7.084442 7.625 -57.79999 -7.25943 7.375122 -57.79999 -8.001435 6.855469 -57.79999 -8.296113 6.776611 -57.79999 -8.600007 6.75 -57.79999 -8.903901 6.776611 -57.79999 -9.198517 6.855469 -57.79999 -24.10001 -6.375 -57.79999 -9.475007 6.984375 -57.79999 -9.724884 7.159424 -57.79999 -9.940583 7.375122 -57.79999 -10.35001 8.5 -57.79999 -10.32339 8.803833 -57.79999 -10.24448 9.098511 -57.79999 -10.11551 9.375 -57.79999 -9.940583 9.624878 -57.79999 -8.903901 10.22339 -57.79999 -8.600007 10.25 -57.79999 -8.296113 10.22339 -57.79999 -8.001435 10.14441 -57.79999 -7.725006 10.0155 -57.79999 -7.475128 9.840577 -57.79999 -10.11551 7.625 -57.79999 -10.24448 7.901489 -57.79999 -10.32339 8.196045 -57.79999 -7.25943 9.624878 -57.79999 -7.084442 9.375 -57.79999 -6.955536 9.098511 -57.79999 -6.876556 8.803833 -57.79999 -6.850006 8.5 -57.79999 -6.876556 8.196045 -57.79999 -9.724884 9.840577 -57.79999 -9.475007 10.0155 -57.79999 -9.198517 10.14441 -57.79999 10.12344 -8.803956 -57.79999 10.14999 -8.5 -57.79999 10.12344 -8.196167 -57.79999 10.04446 -9.098511 -57.79999 9.915558 -9.375 -57.79999 9.740571 -9.624878 -57.79999 7.059418 -9.624878 -57.79999 6.884491 -9.375 -57.79999 6.755524 -9.098511 -57.79999 6.676605 -8.803956 -57.79999 6.649994 -8.5 -57.79999 6.676605 -8.196167 -57.79999 6.755524 -7.901489 -57.79999 6.884491 -7.625 -57.79999 7.059418 -7.375122 -57.79999 8.998566 -6.855591 -57.79999 9.274994 -6.984497 -57.79999 9.524872 -7.159424 -57.79999 9.740571 -7.375122 -57.79999 9.915558 -7.625 -57.79999 10.04446 -7.901489 -57.79999 9.524872 -9.840577 -57.79999 9.274994 -10.01562 -57.79999 8.998566 -10.14453 -57.79999 7.801483 -10.14453 -57.79999 7.524994 -10.01562 -57.79999 7.275116 -9.840577 -57.79999 7.275116 -7.159424 -57.79999 7.524994 -6.984497 -57.79999 7.801483 -6.855591 -57.79999 8.0961 -6.776611 -57.79999 8.399994 -6.75 -57.79999 8.703888 -6.776611 -57.79999 8.703888 -10.22339 -57.79999 8.399994 -10.25 -57.79999 8.0961 -10.22339 -57.79999 -6.955536 -9.098511 -57.79999 -7.084442 -9.375 -57.79999 -7.25943 -9.624878 -57.79999 -7.475128 -9.840577 -57.79999 -7.725006 -10.01562 -57.79999 -10.11551 -9.375 -57.79999 -9.940583 -9.624878 -57.79999 -9.724884 -9.840577 -57.79999 -8.001435 -10.14453 -57.79999 -8.296113 -10.22339 -57.79999 -8.600007 -10.25 -57.79999 -10.32339 -8.196167 -57.79999 -10.24448 -7.901489 -57.79999 -8.600007 -6.75 -57.79999 -8.296113 -6.776611 -57.79999 -8.903901 -10.22339 -57.79999 -9.198517 -10.14453 -57.79999 -9.475007 -10.01562 -57.79999 -10.24448 -9.098511 -57.79999 -10.32339 -8.803956 -57.79999 -10.35001 -8.5 -57.79999 -6.955536 -7.901489 -57.79999 -6.876556 -8.196167 -57.79999 -6.850006 -8.5 -57.79999 -6.876556 -8.803956 -57.79999 -10.11551 -7.625 -57.79999 -9.940583 -7.375122 -57.79999 -9.724884 -7.159424 -57.79999 -9.475007 -6.984497 -57.79999 -9.198517 -6.855591 -57.79999 -8.903901 -6.776611 -57.79999 -8.001435 -6.855591 -57.79999 -7.725006 -6.984497 -57.79999 -7.475128 -7.159424 -57.79999 -7.25943 -7.375122 -57.79999 -7.084442 -7.625 -33.79999 23.89999 -7 -33.79999 25.89999 -7 -59.79999 -10.32339 -8.803956 -59.79999 -10.24448 -9.098511 -59.79999 -10.11551 -9.375 -59.79999 -9.940583 -9.624878 -59.79999 -5.296173 3 -59.79999 -5.738129 2.052124 -59.79999 -26.10001 6.375 -59.79999 -6.00882 1.04187 -59.79999 -6.100006 0 -59.79999 -8.001435 -10.14453 -59.79999 -7.725006 -10.01562 -59.79999 -7.084442 -7.625 -59.79999 -7.25943 -7.375122 -59.79999 -7.475128 -7.159424 -59.79999 -10.11551 -7.625 -59.79999 -10.24448 -7.901489 -59.79999 -10.32339 -8.196167 -59.79999 -10.35001 -8.5 -59.79999 -9.724884 -9.840577 -59.79999 -9.475007 -10.01562 -59.79999 -9.198517 -10.14453 -59.79999 -7.475128 -9.840577 -59.79999 -7.25943 -9.624878 -59.79999 -7.084442 -9.375 -59.79999 3.756744 -4.596313 -59.79999 4.496246 -3.856689 -59.79999 -6.955536 -7.901489 -59.79999 -6.00882 -1.04187 -59.79999 -5.738129 -2.052124 -59.79999 -7.725006 -6.984497 -59.79999 -8.001435 -6.855591 -59.79999 -8.296113 -6.776611 -59.79999 -9.475007 -6.984497 -59.79999 -9.724884 -7.159424 -59.79999 -9.940583 -7.375122 -59.79999 -8.903901 -10.22339 -59.79999 -8.600007 -10.25 -59.79999 -8.296113 -10.22339 -59.79999 -8.600007 -6.75 -59.79999 -8.903901 -6.776611 -59.79999 -9.198517 -6.855591 -59.79999 -6.955536 -9.098511 -59.79999 -6.876556 -8.803956 -59.79999 -6.850006 -8.5 -59.79999 5.096161 -3 -59.79999 5.538177 -2.052124 -59.79999 5.808868 -1.04187 -59.79999 5.899994 0 -59.79999 5.808868 1.04187 -59.79999 6.274994 6.375 -59.79999 5.538177 2.052124 -59.79999 0.9419251 5.908813 -59.79999 -0.1000061 6 -59.79999 -2.15213 5.638184 -59.79999 -3.100006 5.196167 -59.79999 -3.100006 -5.196167 -59.79999 -3.956696 -4.596313 -59.79999 -6.876556 -8.196167 -59.79999 -4.696259 -3.856689 -59.79999 -5.296173 -3 -59.79999 -2.15213 -5.638184 -59.79999 -1.141876 -5.908813 -59.79999 -0.1000061 -6 -59.79999 0.9419251 -5.908813 -59.79999 1.952118 -5.638184 -59.79999 2.899994 -5.196167 -59.79999 5.096161 3 -59.79999 4.496246 3.856689 -59.79999 3.756744 4.596191 -59.79999 -1.141876 5.908813 -59.79999 -3.956696 4.596191 -59.79999 -4.696259 3.856689 -59.79999 2.899994 5.196167 -59.79999 1.952118 5.638184 -59.79999 -10.35001 8.5 -59.79999 -10.32339 8.196045 -59.79999 -8.001435 6.855469 -59.79999 -7.725006 6.984375 -59.79999 -7.475128 7.159424 -59.79999 -7.25943 7.375122 -59.79999 -9.198517 10.14441 -59.79999 -9.475007 10.0155 -59.79999 -9.724884 9.840577 -59.79999 -10.32339 8.803833 -59.79999 -10.24448 9.098511 -59.79999 -10.24448 7.901489 -59.79999 -10.11551 7.625 -59.79999 -9.940583 7.375122 -59.79999 -9.724884 7.159424 -59.79999 -9.475007 6.984375 -59.79999 -9.198517 6.855469 -59.79999 -8.903901 6.776611 -59.79999 -8.600007 6.75 -59.79999 -8.296113 6.776611 -59.79999 -7.084442 7.625 -59.79999 -6.955536 7.901489 -59.79999 -6.876556 8.196045 -59.79999 -7.084442 9.375 -59.79999 -7.25943 9.624878 -59.79999 -7.475128 9.840577 -59.79999 -7.725006 10.0155 -59.79999 -8.001435 10.14441 -59.79999 -8.296113 10.22339 -59.79999 -8.600007 10.25 -59.79999 -8.903901 10.22339 -59.79999 -9.940583 9.624878 -59.79999 -10.11551 9.375 -59.79999 -6.850006 8.5 -59.79999 -6.876556 8.803833 -59.79999 -6.955536 9.098511 -59.79999 6.649994 -8.5 -59.79999 6.676605 -8.803956 -59.79999 6.755524 -9.098511 -59.79999 6.884491 -9.375 -59.79999 9.524872 -9.840577 -59.79999 9.740571 -9.624878 -59.79999 9.915558 -9.375 -59.79999 10.04446 -9.098511 -59.79999 10.12344 -8.803956 -59.79999 10.14999 -8.5 -59.79999 25.89999 6.375 -59.79999 7.059418 -9.624878 -59.79999 7.275116 -9.840577 -59.79999 7.524994 -10.01562 -59.79999 6.676605 -8.196167 -59.79999 7.059418 -7.375122 -59.79999 6.884491 -7.625 -59.79999 6.755524 -7.901489 -59.79999 10.12344 -8.196167 -59.79999 10.04446 -7.901489 -59.79999 9.915558 -7.625 -59.79999 9.740571 -7.375122 -59.79999 9.524872 -7.159424 -59.79999 9.274994 -6.984497 -59.79999 7.801483 -10.14453 -59.79999 8.0961 -10.22339 -59.79999 8.399994 -10.25 -59.79999 8.998566 -6.855591 -59.79999 8.703888 -6.776611 -59.79999 8.399994 -6.75 -59.79999 8.0961 -6.776611 -59.79999 7.801483 -6.855591 -59.79999 7.524994 -6.984497 -59.79999 7.275116 -7.159424 -59.79999 8.703888 -10.22339 -59.79999 8.998566 -10.14453 -59.79999 9.274994 -10.01562 -59.79999 9.524872 7.159424 -59.79999 9.740571 7.375122 -59.79999 9.915558 7.625 -59.79999 10.04446 7.901489 -59.79999 6.649994 8.5 -59.79999 6.676605 8.196045 -59.79999 6.755524 7.901489 -59.79999 6.884491 7.625 -59.79999 10.12344 8.196045 -59.79999 10.14999 8.5 -59.79999 10.12344 8.803833 -59.79999 10.04446 9.098511 -59.79999 9.915558 9.375 -59.79999 9.740571 9.624878 -59.79999 6.676605 8.803833 -59.79999 7.059418 7.375122 -59.79999 7.275116 7.159424 -59.79999 7.524994 6.984375 -59.79999 8.399994 6.75 -59.79999 8.703888 6.776611 -59.79999 8.998566 6.855469 -59.79999 9.274994 6.984375 -59.79999 7.059418 9.624878 -59.79999 6.884491 9.375 -59.79999 6.755524 9.098511 -59.79999 7.801483 6.855469 -59.79999 8.0961 6.776611 -59.79999 8.703888 10.22339 -59.79999 8.399994 10.25 -59.79999 8.0961 10.22339 -59.79999 7.801483 10.14441 -59.79999 7.524994 10.0155 -59.79999 7.275116 9.840577 -59.79999 9.524872 9.840577 -59.79999 9.274994 10.0155 -59.79999 8.998566 10.14441 -38.79999 -26.10001 7 -33.79999 -26.10001 7 -44.86218 -26.10001 3.5 -44.16229 -26.10001 4.499512 -43.2995 -26.10001 5.362305 -42.29999 -26.10001 -6.062256 -43.2995 -26.10001 -5.362305 -44.16229 -26.10001 -4.499512 -44.86218 -26.10001 -3.5 -42.29999 -26.10001 6.062134 -41.19415 -26.10001 6.577881 -40.0155 -26.10001 6.893677 -45.37781 -26.10001 2.394165 -45.69366 -26.10001 1.215454 -33.79999 -26.10001 -7 -38.79999 -26.10001 -7 -40.0155 -26.10001 -6.893677 -41.19415 -26.10001 -6.577881 -45.37781 -26.10001 -2.394165 -45.69366 -26.10001 -1.215576 -45.79999 -26.10001 0 -33.79999 -24.10001 7 -38.79999 25.89999 -7 -33.79999 25.89999 7 -38.79999 25.89999 7 -40.0155 25.89999 6.893677 -41.19415 25.89999 6.577881 -42.29999 25.89999 6.062134 -43.2995 25.89999 5.362305 -45.37781 25.89999 -2.394165 -44.86218 25.89999 -3.5 -44.16229 25.89999 -4.499512 -43.2995 25.89999 -5.362305 -44.16229 25.89999 4.499512 -44.86218 25.89999 3.5 -45.37781 25.89999 2.394165 -45.69366 25.89999 1.215454 -45.79999 25.89999 0 -45.69366 25.89999 -1.215576 -42.29999 25.89999 -6.062256 -41.19415 25.89999 -6.577881 -40.0155 25.89999 -6.893677 -33.79999 23.89999 7 -38.79999 23.89999 7 -43.2995 23.89999 5.362305 -42.29999 23.89999 6.062134 -41.19415 23.89999 6.577881 -40.0155 23.89999 6.893677 -38.79999 23.89999 -7 -40.0155 23.89999 -6.893677 -45.37781 23.89999 2.394165 -44.86218 23.89999 3.5 -44.16229 23.89999 4.499512 -41.19415 23.89999 -6.577881 -42.29999 23.89999 -6.062256 -43.2995 23.89999 -5.362305 -44.16229 23.89999 -4.499512 -44.86218 23.89999 -3.5 -45.37781 23.89999 -2.394165 -45.69366 23.89999 -1.215576 -45.79999 23.89999 0 -45.69366 23.89999 1.215454 -33.79999 -24.10001 -7 -38.79999 -24.10001 -7 -38.79999 -24.10001 7 -40.0155 -24.10001 6.893677 -41.19415 -24.10001 6.577881 -42.29999 -24.10001 6.062134 -43.2995 -24.10001 5.362305 -44.16229 -24.10001 4.499512 -44.86218 -24.10001 3.5 -45.37781 -24.10001 2.394165 -45.69366 -24.10001 1.215454 -45.79999 -24.10001 0 -44.16229 -24.10001 -4.499512 -43.2995 -24.10001 -5.362305 -42.29999 -24.10001 -6.062256 -41.19415 -24.10001 -6.577881 -40.0155 -24.10001 -6.893677 -45.69366 -24.10001 -1.215576 -45.37781 -24.10001 -2.394165 -44.86218 -24.10001 -3.5</float_array>
          <technique_common>
            <accessor source="#ID4-mesh-positions-array" count="4160" stride="3">
              <param name="X" type="float"/>
              <param name="Y" type="float"/>
              <param name="Z" type="float"/>
            </accessor>
          </technique_common>
        </source>
        <source id="ID4-mesh-normals">
          <float_array id="ID4-mesh-normals-array" count="11325">0.9929255 0.1105471 -0.04334008 0.9929265 0.1105423 0.04332947 0.9991357 0.001323997 -0.04154539 0.9929257 -0.1105486 0.04333102 0.04035151 0.002113461 -0.9991834 0.04333645 0.1105026 -0.9929306 0.1568821 0.4283409 -0.8898944 0.1259944 -0.6880226 -0.714668 0.3090082 0.4283442 -0.8491379 0.2481639 -0.6880071 -0.6819537 0.4518548 0.4283093 -0.7825463 0.3629014 -0.6879794 -0.62848 0.5808296 0.4283699 -0.6921967 0.4664582 -0.6880365 -0.5558982 0.692198 0.4283061 -0.5808752 0.5559263 -0.6879724 -0.466519 0.7825667 0.4283422 -0.4517881 0.6284856 -0.6880094 -0.3628348 0.8491366 0.4283217 -0.3090429 0.6819603 -0.6879895 -0.2481948 0.8898977 0.4283382 -0.1568716 0.7146859 -0.6880054 -0.1259869 -0.9991403 0.001389324 -0.04143482 -0.9991403 -0.001382589 -0.04143339 -0.7146903 0.6879935 -0.1260275 -0.7146896 -0.6879935 -0.1260314 -0.6819376 0.6880127 -0.248193 -0.6819374 -0.688013 -0.2481929 -0.6285052 0.6879882 -0.362841 -0.6285048 -0.6879881 -0.3628419 -0.5559095 0.6879914 -0.4665111 -0.5559091 -0.6879914 -0.4665114 -0.4664902 0.6880275 -0.5558823 -0.4664871 -0.6880269 -0.5558856 -0.3628987 0.6879792 -0.6284817 -0.3628976 -0.687981 -0.6284804 -0.2481553 0.68801 -0.681954 -0.2481567 -0.6880099 -0.6819536 -0.1259813 0.688006 -0.7146863 -0.1259827 -0.6880062 -0.7146859 -0.04139596 -0.001425087 -0.9991418 -0.04139626 0.00143963 -0.9991419 -0.0404182 0.00204879 0.9991809 -0.04333698 0.1105087 0.9929299 -0.1569716 0.4283154 0.889891 -0.1260679 -0.6879824 0.7146937 -0.3090879 0.4283659 0.849098 -0.2482264 -0.6880344 0.6819035 -0.4517751 0.4283323 0.7825796 -0.3628283 -0.6880018 0.6284977 -0.580865 0.4283218 0.6921967 -0.4665046 -0.6879881 0.5559189 -0.6921856 0.4283558 0.5808532 -0.555893 -0.6880236 0.4664832 -0.7825524 0.4283072 0.4518458 -0.6284924 -0.6879737 0.3628906 -0.8491253 0.4283449 0.3090422 -0.6819379 -0.688013 0.2481914 -0.8898967 0.4283242 0.1569147 -0.7146934 -0.6879912 0.1260221 -0.9929258 0.1105485 0.04332989 -0.999136 0.001321434 0.04153966 0.8899003 0.428336 0.1568627 0.8899002 -0.4283357 0.1568633 0.8491364 0.4283218 0.3090432 0.8491372 -0.4283218 0.3090413 0.7825418 0.428328 0.4518446 0.7825414 -0.4283277 0.4518457 0.7031599 0.3967393 0.5900545 0.7031618 -0.3967335 0.590056 0.642783 -6.17061e-6 0.7660483 0.6427825 -6.1706e-6 0.7660489 0.4999606 0 0.8660482 0.4999607 0 0.8660481 0.3420751 6.17054e-6 0.9396727 0.3420752 6.17053e-6 0.9396727 0.1594702 0.3967245 0.9039795 0.1594702 -0.396729 0.9039776 0.04333454 0.1105371 0.9929268 0.04333508 -0.110535 0.9929271 -0.5773503 -0.5773503 0.5773503 -1.15351e-5 -1.21042e-5 1 1.31859e-5 1.21045e-5 1 1.62871e-5 -0.7071139 0.7070997 -0.1924521 -0.9622517 -0.1924421 -0.5773379 0.5773432 -0.5773697 0.5773068 0.5773786 -0.5773656 -1.15165e-5 -1 7.87845e-6 -1.14036e-5 -0.7071198 -0.7070938 -0.1924444 -0.9622529 0.192444 -5.80566e-6 -1 7.87369e-6 -0.5773868 -0.5773298 -0.5773342 1.15352e-5 -1.21044e-5 -1 -1.31859e-5 1.21045e-5 -1 0.5773379 0.5773432 0.5773698 -0.5773068 0.5773786 0.5773655 -0.1192576 -0.7268045 -0.6764118 0.05933499 -0.6949338 0.7166216 6.86966e-6 -0.7268731 -0.6867718 -0.01974284 -0.6949387 0.718798 0.119265 -0.7268003 -0.6764149 -0.3434306 -0.7268662 -0.5947445 0.2889041 -0.6948921 0.6585283 -0.2348245 -0.7268517 -0.6454024 0.2146207 -0.6949203 0.6863117 0.1377958 -0.6949125 0.7057684 -0.6763557 -0.7268593 -0.1192424 0.6919724 -0.6949055 0.1956543 -0.6454005 -0.7268274 -0.2349047 0.6662274 -0.6949387 0.2705575 -0.5947588 -0.7268608 -0.3434172 -0.6868355 -0.726813 0 0.7144801 -0.6979143 0.049335 0.7092581 -0.6949419 0.1183582 0.5947451 -0.7268366 -0.3434921 -0.650312 -0.6949181 0.3068929 0.6453476 -0.7268797 -0.2348881 -0.6801289 -0.6949166 0.2334859 0.6764147 -0.7268021 -0.1192551 -0.4415369 -0.7268135 -0.5261058 0.4258774 -0.6949 0.5794329 0.359557 -0.694951 0.6227054 -0.6763567 -0.7268577 0.1192451 0.7144773 -0.6979181 -0.04932314 0.7131979 -0.7009629 1.37902e-7 0.6453439 -0.7268829 0.2348884 -0.6503117 -0.6949181 -0.3068934 0.5948212 -0.7268032 0.3434313 -0.6126143 -0.6949305 -0.3765307 0.5260922 -0.7268767 0.4414491 0.686769 -0.7268758 0 -0.7147436 -0.6949019 -0.07907658 0.6764156 -0.7268016 0.1192538 -0.7016792 -0.6949152 -0.1572865 -0.680108 -0.6949295 -0.2335083 -0.7016752 -0.694926 0.1572569 -0.7147412 -0.6949037 0.07908129 -0.7190609 -0.6949471 5.30641e-6 -0.09871602 -0.6948968 0.7123016 -0.1765602 -0.6949164 0.697078 0.2347968 -0.7268455 -0.6454194 0.6324424 -0.6948891 0.3422657 0.5908908 -0.6949405 0.4097632 -0.5261139 -0.7268218 -0.4415137 0.5422814 -0.694911 0.4722601 0.4870334 -0.694932 0.5290255 -0.6453989 -0.7268271 0.2349098 0.6919724 -0.6949058 -0.1956534 0.7092633 -0.6949386 -0.1183471 -0.3434305 -0.7268663 0.5947444 0.4258551 -0.6949498 -0.5793896 -0.4414769 -0.7267767 0.5262071 0.4869931 -0.6949056 -0.5290974 -0.5260363 -0.7268999 0.4414775 0.2349582 -0.7267942 0.6454184 -0.1764579 -0.6949455 -0.6970749 0.1192396 -0.7269109 0.6763006 -0.09881216 -0.6949242 -0.7122615 6.8345e-6 -0.7267705 0.6868804 -0.5674735 -0.6948953 -0.4416949 -0.5153929 -0.6949384 -0.5014289 0.4415072 -0.726795 0.5261564 -0.4571657 -0.6949183 -0.5550568 0.3433988 -0.7268727 0.594755 0.4415631 -0.7268366 -0.5260519 -0.5154542 -0.6949183 0.5013937 0.5261674 -0.7268016 -0.4414831 -0.567453 -0.6949298 0.441667 -0.6125955 -0.694917 0.3765863 -0.2521608 -0.6949282 0.6734166 -0.3247169 -0.6949131 0.6416032 0.3433969 -0.7268747 -0.5947535 -0.3932515 -0.6949455 0.602 -0.4571145 -0.6948979 0.5551246 0.5422787 -0.6949154 -0.4722569 0.5909343 -0.6949244 -0.4097276 -0.5948347 -0.7268273 0.3433567 0.6324256 -0.6949149 -0.3422442 0.6662203 -0.6949288 -0.2706004 -0.0198453 -0.6949117 -0.7188212 0.05943793 -0.6949033 -0.7166426 -0.1192327 -0.7269142 0.6762983 0.1378905 -0.694939 -0.7057238 -0.2349864 -0.7268009 0.6454005 -0.3933327 -0.6949232 -0.6019728 -0.3247163 -0.6949132 -0.6416035 -0.2520791 -0.6948984 -0.6734778 0.2146206 -0.694923 -0.686309 0.2888099 -0.6949197 -0.6585404 0.359578 -0.6948977 -0.6227527 -0.7190697 0.694938 6.00228e-6 -0.7147447 0.6949005 0.07907879 -0.7016909 0.69491 0.1572581 -0.6801363 0.6949087 0.2334879 -0.6503165 0.6949132 0.3068944 -0.6126 0.6949109 0.3765901 -0.5674629 0.6949161 0.4416759 -0.5154596 0.6949097 0.5014001 -0.4571178 0.6948887 0.5551334 -0.3932562 0.6949294 0.6020157 -0.3247215 0.694898 0.6416173 -0.2521648 0.6949173 0.6734263 -0.1765605 0.6949114 0.6970829 -0.09871762 0.6948795 0.7123183 -0.01974302 0.6949277 0.7188085 0.0593357 0.6949279 0.7166272 0.1377971 0.694906 0.7057746 0.2146252 0.6949066 0.6863242 0.2889087 0.6948817 0.6585372 0.3595626 0.694943 0.622711 0.42588 0.6948969 0.5794348 0.4870444 0.6949156 0.529037 0.5422884 0.6949033 0.4722635 0.5908957 0.6949361 0.4097634 0.6324476 0.6948829 0.3422687 0.666239 0.6949239 0.2705668 0.6919802 0.6948971 0.1956566 0.7092657 0.694934 0.1183601 0.7144809 0.6979136 0.04933345 0.7132036 0.7009571 -2.05943e-7 0.7144933 0.6979015 -0.04932367 0.7092737 0.6949281 -0.1183469 0.6919765 0.6949018 -0.1956529 0.6662347 0.6949121 -0.2706076 0.6324351 0.6949038 -0.3422493 0.5909396 0.6949179 -0.4097311 0.542284 0.6949098 -0.4722589 0.4870025 0.6948934 -0.5291048 0.4258608 0.6949395 -0.5793977 0.3595831 0.6948894 -0.6227589 0.2888117 0.6949173 -0.6585422 0.214625 0.6949077 -0.6863231 0.1378919 0.6949307 -0.7057316 0.05943882 0.6948979 -0.7166478 -0.01984554 0.6949059 -0.7188268 -0.0988152 0.6949107 -0.7122744 -0.1764611 0.6949368 -0.6970828 -0.2520827 0.694891 -0.6734841 -0.324718 0.6949114 -0.6416045 -0.3933404 0.6949061 -0.6019874 -0.457169 0.6949117 -0.5550624 -0.5153962 0.6949341 -0.5014314 -0.5674871 0.6948789 -0.4417033 -0.6126242 0.69492 -0.3765339 -0.6503173 0.6949109 -0.3068979 -0.6801142 0.6949222 -0.2335123 -0.7016928 0.6949015 -0.1572872 -0.7147539 0.6948916 -0.07907301 0.367889 0.927603 -0.06488937 0.3720979 0.9276211 -0.03259444 0.3735367 0.9276155 -1.77525e-6 0.3721135 0.9276151 0.0325849 0.3678812 0.9276073 0.06487071 0.3608264 0.9276126 0.09664124 0.3509609 0.9276319 0.1277717 0.3385637 0.9275963 0.1579236 0.3235079 0.9276128 0.1867544 0.3059661 0.9276216 0.21425 0.2862111 0.9275959 0.2401022 0.2641261 0.9276292 0.2640862 0.2400345 0.9276208 0.2861871 0.03254061 0.9276072 0.3721371 1.90371e-6 0.9276179 0.3735306 -0.03254413 0.9276056 0.3721407 -0.06486666 0.9276225 0.3678435 -0.3510118 0.9276106 0.1277859 -0.3607902 0.9276227 0.09667789 -0.3678709 0.927615 0.06481885 -0.3721516 0.9276015 0.03253829 -0.3735389 0.9276145 -3.14709e-6 -0.3721379 0.9276069 -0.03254252 -0.3678797 0.9276102 -0.06483811 -0.3607975 0.9276191 -0.09668481 0.2142608 0.9275929 0.3060451 0.1867773 0.927617 0.3234827 0.1579016 0.9275997 0.3385647 0.1277512 0.9276247 0.3509875 0.09668701 0.9275991 0.3608484 0.06487768 0.9276214 0.3678445 -0.09670746 0.927596 0.3608509 -0.1277348 0.9276241 0.3509951 -0.1578908 0.9276108 0.3385391 -0.1867946 0.9276015 0.3235171 -0.2142311 0.9275959 0.3060572 -0.3510531 0.9275995 -0.1277534 -0.3385473 0.9276193 -0.1578229 -0.3235014 0.9276151 -0.1867542 -0.3059296 0.9276279 -0.2142748 -0.2861297 0.9275997 -0.2401846 -0.2400482 0.9276343 0.286132 -0.2641558 0.927628 0.2640609 -0.2862035 0.9275828 0.2401626 -0.3059418 0.9276236 0.2142764 -0.3235054 0.9276118 0.1867633 -0.33855 0.9276105 0.1578695 0.3059631 0.927622 -0.2142519 0.3234991 0.9276149 -0.1867598 0.3385577 0.9276065 -0.1578761 0.3510058 0.9276189 -0.1277427 0.360833 0.92761 -0.09663993 0.2142995 0.9276092 -0.3059689 0.2401426 0.9275943 -0.2861824 0.2641201 0.9276066 -0.2641716 0.286136 0.9276132 -0.2401248 -0.09669613 0.9275994 -0.3608452 -0.06486886 0.9276305 -0.3678232 -0.03254354 0.9276074 -0.3721364 -1.90375e-6 0.9276148 -0.3735383 0.03254979 0.9276095 -0.3721306 0.06486999 0.9276276 -0.3678303 0.09668302 0.9276016 -0.360843 0.1277533 0.9276255 -0.3509845 0.1578986 0.9275982 -0.3385699 0.1867774 0.927616 -0.3234853 -0.2641533 0.9276026 -0.2641524 -0.2401435 0.9276076 -0.2861386 -0.2142651 0.9276185 -0.3059645 -0.1867933 0.927603 -0.3235134 -0.1578985 0.9276067 -0.3385468 -0.1277363 0.927621 -0.3510026 0.9187728 0.3864912 -0.08050554 0.9082686 0.3864922 -0.160225 0.8909233 0.3864703 -0.23853 0.8666735 0.3865296 -0.3153917 0.8358296 0.3864738 -0.3899063 0.7987242 0.3864979 -0.4611496 0.7554222 0.3865061 -0.5291033 0.7066348 0.3864586 -0.5927202 0.6522377 0.3865296 -0.6520591 0.5928642 0.3864479 -0.7065197 0.5291385 0.3864959 -0.755403 0.4611576 0.3864828 -0.798727 0.3896559 0.3864933 -0.8359375 0.3152551 0.3864824 -0.8667443 0.2385673 0.3864941 -0.890903 0.1601622 0.3864883 -0.9082814 0.08053338 0.3865029 -0.9187654 -3.44357e-6 0.3865149 -0.9222833 -0.08050549 0.3864914 -0.9187727 -0.1601717 0.3864973 -0.9082759 -0.2385523 0.3864891 -0.8909091 -0.3151877 0.3864977 -0.866762 -0.3897489 0.3865099 -0.8358863 -0.4612439 0.3864725 -0.7986822 -0.5291379 0.3864985 -0.755402 -0.5928611 0.3864617 -0.7065148 -0.65215 0.3865137 -0.6521562 -0.7065287 0.386461 -0.592845 -0.7554197 0.3865062 -0.5291069 -0.7987226 0.3864991 -0.4611517 -0.8359003 0.3864985 -0.3897301 -0.8666917 0.3864858 -0.3153956 -0.8908599 0.3864901 -0.2387343 -0.9082686 0.3864924 -0.1602246 -0.9187856 0.3865047 -0.08029526 -0.9223051 0.3864627 -5.63738e-6 -0.9187838 0.3865083 0.080298 -0.9082912 0.3864802 0.1601257 -0.8908407 0.386516 0.2387639 -0.8666506 0.3864776 0.3155184 -0.8359005 0.386502 0.3897263 -0.7987242 0.3864979 0.4611496 -0.7555823 0.3864809 0.5288931 -0.706485 0.3865157 0.5928615 -0.6519525 0.3864753 0.6523763 -0.5928599 0.3864747 0.7065085 -0.5291265 0.3865145 0.7554017 -0.461243 0.3864769 0.7986806 -0.3897431 0.3865047 0.8358914 -0.3151918 0.3864861 0.8667657 -0.2389671 0.3864396 0.8908193 -0.1601502 0.3865703 0.9082486 -0.08009797 0.386437 0.9188312 3.44357e-6 0.3865149 0.9222833 0.08010697 0.386453 0.9188237 0.1601591 0.386564 0.9082497 0.2389678 0.3864392 0.8908194 0.3152466 0.3864933 0.8667426 0.3896611 0.3865029 0.8359304 0.4611562 0.386484 0.7987272 0.5291419 0.3864933 0.7554017 0.5928545 0.3864641 0.706519 0.6520528 0.3865171 0.6522514 0.7066059 0.3865065 0.5927233 0.7555786 0.3864729 0.5289041 0.7987227 0.3864989 0.4611517 0.8358229 0.3864793 0.3899152 0.8666354 0.386521 0.3155072 0.8909029 0.3864941 0.2385675 0.908288 0.3864837 0.1601357 0.918771 0.3864935 0.0805155 0.9222832 0.3865147 -3.39079e-6 -0.7021237 -0.6950877 0.1545168 -0.7146726 -0.6951346 0.07765942 0.5447136 -0.8386222 7.67955e-6 0.1922053 -0.6950802 0.6927632 -0.272363 -0.8386093 -0.4717552 0.2660681 -0.6951161 0.6678485 0.3368371 -0.6950897 0.6351309 0.7020652 -0.6951442 -0.1545283 0.7146921 -0.6951025 -0.07776832 -0.5447322 -0.8386101 -8.151e-6 -0.3368381 -0.6950904 0.6351295 -0.4034933 -0.6951612 0.5949322 0.272373 -0.8386003 -0.4717653 -0.4653903 -0.6951134 0.5479318 0.5722705 -0.6951301 0.4350872 0.5219132 -0.6951113 0.4943956 0.2723568 -0.8386032 0.4717695 -0.2660696 -0.6951164 -0.6678476 -0.192362 -0.6951332 -0.6926664 0.1163797 -0.6951164 -0.7094145 0.1923443 -0.695128 -0.6926765 -0.2723792 -0.8386069 0.4717502 -0.5219125 -0.6951113 -0.4943963 -0.4653897 -0.6951131 -0.5479328 -0.6159881 -0.6951003 0.3706672 -0.6524334 -0.6951292 0.3018712 -0.6812503 -0.6951122 0.2296019 0.7188811 -0.695133 7.80274e-7 0.7146872 -0.6951102 0.07774358 0.7020784 -0.6951361 0.1545047 0.4653908 -0.6951134 0.5479313 0.4034946 -0.6951608 0.5949316 0.4034019 -0.6951184 -0.595044 0.4653919 -0.6951131 -0.5479309 0.5219142 -0.6951109 -0.4943951 0.572347 -0.6951022 -0.4350308 0.6160126 -0.6951278 -0.3705752 0.6524338 -0.695129 -0.3018705 0.6812974 -0.6950888 -0.2295333 -0.1163973 -0.695111 -0.709417 -0.03896063 -0.6951028 -0.7178539 0.03896105 -0.6951059 -0.7178509 0.2660699 -0.6951165 -0.6678472 0.3366976 -0.695132 -0.6351584 -0.7188811 -0.695133 -8.0055e-7 -0.7146773 -0.6951268 -0.07768607 -0.7021104 -0.6950957 -0.1545416 -0.572347 -0.6951026 -0.4350304 -0.4034013 -0.6951184 -0.5950443 -0.3366946 -0.695132 -0.63516 -0.5219147 -0.695111 0.4943944 -0.5722718 -0.6951298 0.4350857 -0.1162344 -0.6951588 0.7093968 -0.1922212 -0.6950852 0.6927537 -0.26607 -0.6951165 0.6678472 0.6812971 -0.6950892 0.2295329 0.6524343 -0.695129 0.3018698 0.6159886 -0.6951004 0.3706664 -0.6812497 -0.6951124 -0.2296035 -0.6524338 -0.6951289 -0.3018709 -0.6160131 -0.6951279 -0.3705742 0.1162158 -0.6951644 0.7093944 0.03896063 -0.6951028 0.7178539 -0.03896105 -0.6951059 0.7178509 0.2660695 0.6951161 -0.6678478 0.1923468 0.6951284 -0.6926754 -0.2723629 0.8386093 0.4717553 0.1162165 0.6951645 0.7093942 0.192206 0.6950805 0.6927627 -0.2723792 0.838607 -0.4717498 -0.3366978 0.6951324 -0.6351579 -0.4034022 0.6951188 -0.5950433 0.2723731 0.8386006 0.4717649 -0.4653925 0.6951135 -0.5479299 -0.5219148 0.6951116 -0.4943935 -0.6524341 0.6951293 -0.3018692 0.5447137 0.8386222 -8.53283e-6 -0.6812502 0.6951118 -0.229604 -0.7021105 0.695096 -0.1545394 -0.7146773 0.6951265 -0.07768839 -0.1163977 0.6951109 -0.709417 -0.1923599 0.6951336 -0.6926667 -0.26607 0.6951165 -0.6678472 0.5219126 0.6951113 -0.4943961 0.4653902 0.6951131 -0.5479324 0.7020787 0.695136 0.1545038 0.7146869 0.69511 0.07774782 -0.5447322 0.8386101 9.48763e-6 0.2660702 0.6951165 0.6678472 0.3368378 0.69509 0.6351301 0.403493 0.6951604 0.5949332 -0.5723459 0.6951009 -0.4350345 -0.6160132 0.6951286 -0.3705727 0.1163793 0.6951168 -0.7094143 0.03896063 0.6951025 -0.7178542 -0.03896099 0.695105 -0.7178518 0.5723456 0.6951009 -0.435035 0.4034016 0.6951185 -0.5950441 0.3366946 0.695132 -0.63516 0.7188811 0.695133 3.18769e-6 0.7146918 0.6951023 -0.0777713 0.7020655 0.6951442 -0.1545269 0.4653908 0.6951135 0.5479314 0.5219156 0.695112 0.4943922 0.5722699 0.6951276 0.4350916 0.6159882 0.6951006 0.3706666 0.6524337 0.6951295 0.3018699 0.6812968 0.6950884 0.2295361 -0.4034944 0.6951601 0.5949326 -0.3368371 0.6950897 0.6351308 0.272357 0.8386034 -0.471769 -0.2660683 0.6951164 0.6678479 -0.1922208 0.6950854 0.6927536 -0.7188811 0.695133 -3.20817e-6 -0.7146726 0.6951346 0.07765913 -0.7021235 0.6950878 0.1545177 0.6812964 0.6950888 -0.2295361 0.6524342 0.6951294 -0.3018689 0.6160135 0.6951287 -0.3705719 -0.1162338 0.6951586 0.7093971 -0.03896063 0.6951026 0.7178541 0.03896111 0.6951064 0.7178505 -0.6812497 0.6951119 0.2296047 -0.6524347 0.6951295 0.3018678 -0.615989 0.6951012 0.3706641 -0.572269 0.6951284 0.4350919 -0.5219136 0.6951115 0.4943947 -0.4653912 0.6951135 0.547931 -0.5447322 -0.8386101 -8.19874e-6 0.7146953 -0.6950998 0.0777617 0.7020654 -0.695144 0.1545284 0.5722714 -0.6951301 0.4350858 0.5219125 -0.6951113 0.4943963 -0.272363 -0.8386092 -0.4717554 0.465388 -0.6951135 0.5479337 0.4034928 -0.6951611 0.5949324 0.7020655 -0.6951442 -0.1545276 0.7146921 -0.6951025 -0.0777688 0.7188787 -0.6951356 -8.5642e-6 -0.7021102 -0.6950957 0.1545417 -0.714681 -0.6951239 0.07767796 0.5447137 -0.8386222 7.67955e-6 0.3368375 -0.6950904 0.6351297 0.2660696 -0.6951164 0.6678476 0.1923465 -0.6951281 0.6926758 0.6812967 -0.6950892 0.2295339 0.6524338 -0.6951289 0.3018709 0.6159895 -0.6951004 0.370665 -0.3368405 -0.6950904 0.6351282 -0.4034953 -0.6951611 0.5949308 0.272373 -0.8386003 -0.4717653 -0.4653921 -0.6951134 0.5479303 0.4034031 -0.6951184 -0.5950433 0.4653903 -0.695113 -0.5479323 0.5219132 -0.695111 -0.4943959 0.5723477 -0.6951022 -0.4350301 0.6524333 -0.695129 -0.3018715 0.6812972 -0.6950889 -0.2295336 -0.2660683 -0.6951164 -0.667848 -0.1923605 -0.6951332 -0.6926668 0.1923456 -0.6951281 -0.6926761 -0.5219139 -0.6951113 -0.4943948 -0.4653897 -0.6951131 -0.5479327 -0.6524338 -0.6951292 0.3018702 -0.6812505 -0.6951121 0.2296016 0.2660701 -0.6951165 -0.6678472 0.3366975 -0.6951321 -0.6351585 -0.7188786 -0.6951357 -9.63964e-6 -0.7146773 -0.6951268 -0.07768654 -0.7021104 -0.6950957 -0.1545421 -0.5723471 -0.6951026 -0.4350303 -0.4034004 -0.6951184 -0.595045 -0.3366945 -0.6951321 -0.63516 -0.5219142 -0.6951109 0.4943951 -0.5722706 -0.6951299 0.4350873 -0.1162451 -0.6950623 0.7094895 -0.1923597 -0.6951331 0.6926671 -0.2660699 -0.6951165 0.6678472 -0.6812501 -0.6951123 -0.2296024 -0.6524343 -0.6951289 -0.3018698 -0.6160126 -0.6951279 -0.3705749 0.1162296 -0.6950676 0.709487 0.0387991 -0.6951516 0.7178153 -0.03879648 -0.6951545 0.7178127 0.2660683 0.6951161 -0.6678482 0.1923453 0.6951284 -0.6926759 0.5219141 0.6951113 -0.4943946 0.46539 0.6951132 -0.5479323 0.7020652 0.6951441 0.1545288 0.7146953 0.6950994 0.07776641 -0.5447321 0.8386101 9.48763e-6 0.1162272 0.6950679 0.709487 0.1923444 0.6951283 0.6926762 -0.2723792 0.8386071 -0.4717498 -0.3366976 0.6951324 -0.635158 -0.4034035 0.6951187 -0.5950427 -0.465391 0.6951134 -0.5479313 -0.5219138 0.6951116 -0.4943944 -0.6524336 0.6951293 -0.3018702 0.5447138 0.8386222 -8.53283e-6 -0.68125 0.6951118 -0.2296044 -0.7021108 0.695096 -0.1545386 0.5723456 0.6951008 -0.4350349 0.4034006 0.6951184 -0.5950449 0.3366946 0.6951321 -0.63516 0.26607 0.6951166 0.6678472 0.3368403 0.6950901 0.6351287 0.403495 0.6951603 0.5949319 -0.5723465 0.6951009 -0.4350337 -0.1923612 0.6951336 -0.6926662 -0.2660702 0.6951164 -0.6678472 0.7188786 0.6951357 -5.65654e-6 0.7146917 0.6951024 -0.07777178 0.7020654 0.6951442 -0.1545274 0.4653925 0.6951135 0.5479299 0.5219151 0.6951119 0.4943927 0.5722687 0.6951277 0.4350932 0.6524341 0.6951295 0.3018689 0.681297 0.6950884 0.2295358 0.6812968 0.6950888 -0.2295352 0.6524347 0.6951294 -0.3018678 0.6160131 0.6951287 -0.3705726 -0.4034923 0.69516 0.5949341 -0.3368372 0.6950897 0.6351308 0.272357 0.8386034 -0.471769 -0.2660697 0.6951164 0.6678475 -0.192362 0.6951335 0.6926661 -0.7188787 0.6951356 -1.20387e-5 -0.7146809 0.6951242 0.07767719 -0.7021104 0.6950957 0.1545414 -0.1162475 0.6950618 0.7094897 -0.03879916 0.6951515 0.7178156 0.03879654 0.695155 0.7178122 -0.6812494 0.6951119 0.2296056 -0.6524342 0.6951294 0.3018689 -0.61599 0.6951012 0.3706627 -0.57227 0.6951284 0.4350904 -0.5219129 0.6951116 0.4943956 -0.4653885 0.6951135 0.5479333 0.2723793 -0.8386068 -0.4717501 -0.3367977 -0.6951025 0.6351376 -0.4035156 -0.695133 0.59495 -0.714681 -0.6951239 0.07767796 0.5447322 -0.8386101 8.22261e-6 -0.272363 -0.8386095 -0.4717549 0.2660694 -0.6951159 0.6678481 0.3368372 -0.6950896 0.6351309 -0.5219139 -0.6951113 -0.4943948 -0.4654177 -0.695128 -0.54789 0.272363 -0.8386093 0.4717551 0.7188787 -0.6951356 -8.05199e-6 -0.2660683 -0.6951164 -0.6678481 -0.1923605 -0.6951334 -0.6926666 -0.4034211 -0.695091 -0.595063 -0.3366519 -0.6951447 -0.6351689 0.5722483 -0.6951115 0.4351459 0.5218832 -0.695147 0.4943771 -0.2723791 -0.838607 0.4717501 0.5218842 -0.6951469 -0.4943761 0.5723248 -0.6950839 -0.4350894 -0.1163973 -0.6951112 -0.7094168 -0.03896063 -0.6951028 -0.7178539 0.3366976 -0.6951324 -0.635158 -0.46542 -0.6951279 0.5478883 -0.5219141 -0.6951109 0.4943951 -0.5722705 -0.6951297 0.4350877 -0.6159336 -0.6951223 0.3707168 -0.6524749 -0.6950851 0.3018829 -0.6812542 -0.6951353 0.2295207 -0.1162451 -0.6950625 0.7094895 -0.1923598 -0.6951332 0.692667 -0.2660699 -0.6951165 0.6678472 0.465441 -0.6950966 0.5479101 0.4034926 -0.6951608 0.5949331 0.4034034 -0.6951191 -0.5950421 0.4654431 -0.6950961 -0.5479089 -0.6812537 -0.6951354 -0.2295216 -0.6524753 -0.6950851 -0.3018822 -0.615958 -0.6951499 -0.3706242 0.0387991 -0.6951516 0.7178155 0.6812968 -0.6950892 0.2295339 -0.7021105 0.6950958 -0.1545399 -0.7146772 0.6951264 -0.07769006 0.5447322 0.8386101 -9.26088e-6 -0.2723629 0.8386095 0.4717548 0.2723792 0.8386072 0.4717496 -0.3366547 0.6951443 -0.6351678 -0.4034243 0.6950913 -0.5950605 0.7020655 0.6951443 0.1545271 -0.5447385 0.8386061 8.65234e-6 -0.4654179 0.6951267 -0.5478914 -0.5219132 0.695111 -0.4943959 -0.5723479 0.6951026 -0.435029 -0.615958 0.6951497 -0.3706247 -0.6524738 0.6950845 -0.3018867 -0.6812534 0.6951349 -0.2295242 -0.1163978 0.6951114 -0.7094165 -0.26607 0.6951157 -0.6678481 -0.2723782 0.838608 -0.4717487 0.3368405 0.6950904 0.6351282 0.03896069 0.6951029 -0.7178537 -0.03896111 0.6951064 -0.7178505 0.6812972 0.6950886 0.2295346 -0.7146809 0.6951242 0.07767719 0.5723235 0.695083 -0.4350926 0.5218855 0.6951479 -0.4943734 0.4654425 0.6950955 -0.5479101 -0.4035139 0.6951336 0.5949503 -0.3367946 0.6951023 0.6351396 0.2723631 0.8386094 -0.471755 -0.2660694 0.6951155 0.6678485 -0.1923622 0.6951339 0.6926656 -0.572272 0.6951308 0.4350839 -0.521912 0.6951105 0.4943978 -0.4654157 0.6951272 0.5478928 0.4034953 0.6951607 0.5949313 0.4654448 0.6950955 0.5479083 0.5218871 0.6951491 0.4943699 -0.1162477 0.6950627 0.7094888 -0.03879916 0.6951518 0.7178152 0.5722477 0.6951115 0.4351469 0.6159909 0.6950961 0.3706707 0.652432 0.6951312 0.3018695 -0.6812527 0.6951348 0.2295265 -0.6524744 0.6950845 0.3018857 -0.6159353 0.6951228 0.370713 -0.2660703 -0.6951169 0.6678467 -0.3366551 -0.6951455 0.6351663 0.2723772 -0.8386093 -0.471747 0.7020818 -0.695123 -0.1545488 0.7146873 -0.6951104 -0.07774108 -0.5447323 -0.8386101 -8.15101e-6 -0.403515 -0.6951325 -0.5949508 -0.3367943 -0.6951023 -0.6351397 0.2723631 -0.8386093 0.4717551 -0.266067 -0.6951164 -0.6678485 -0.1922178 -0.6950854 -0.6927544 0.3366945 -0.6951321 0.63516 0.2660683 -0.6951164 0.667848 -0.2723649 -0.8386069 -0.4717583 0.1923451 -0.6951281 0.6926763 0.1163792 -0.6951165 0.7094146 -0.1923611 -0.6951335 0.6926664 0.1162178 -0.6951643 -0.7093941 0.1922087 -0.6950802 -0.6927622 -0.2723792 -0.838607 0.4717501 0.2660701 -0.695116 -0.6678477 -0.4034239 -0.6950913 0.5950608 -0.4654183 -0.6951279 0.5478897 -0.5219128 -0.6951114 0.4943959 -0.6524752 -0.6950854 0.3018813 0.5447321 -0.8386101 7.90039e-6 -0.681254 -0.6951357 0.22952 -0.7021104 -0.6950959 0.1545405 -0.7146775 -0.6951267 0.07768505 0.03896045 -0.6951059 0.7178509 -0.03896117 -0.6951028 0.717854 -0.1163979 -0.6951113 0.7094166 0.7188811 -0.695133 9.57842e-7 0.7146919 -0.6951025 0.07777023 0.7020655 -0.6951441 0.1545276 0.3368375 -0.6950896 -0.6351306 0.4034932 -0.6951606 -0.5949327 0.4654414 -0.6950966 -0.5479097 0.6159889 -0.6951004 -0.3706659 0.6524749 -0.6951107 -0.3018238 0.6812735 -0.6951202 -0.2295091 -0.7188811 -0.695133 -9.58056e-7 -0.7146726 -0.6951346 -0.07765966 -0.7021265 -0.6950747 -0.1545625 -0.5722716 -0.69513 -0.4350857 -0.5219154 -0.6951113 -0.4943932 -0.4654194 -0.695128 -0.5478885 -0.5723473 -0.6951026 0.4350299 -0.6159588 -0.6951498 0.3706231 0.5723252 -0.6950839 0.4350889 0.5218853 -0.695147 0.4943748 0.5218837 -0.6951472 -0.4943763 0.5722477 -0.6951116 -0.4351467 -0.6812303 -0.6951667 -0.2294965 -0.6525162 -0.6950669 -0.3018357 -0.615934 -0.6951224 -0.3707157 0.681297 -0.6950892 0.2295331 0.6524332 -0.695129 0.3018721 0.6160123 -0.6951279 0.3705755 0.4654429 -0.6950966 0.5479086 0.4034007 -0.6951188 0.5950444 -0.1162323 -0.6951591 -0.7093969 -0.4034219 0.6950917 0.5950616 -0.3366516 0.6951438 0.6351699 0.272365 0.8386069 -0.4717583 -0.1922242 0.6950855 -0.6927526 -0.2660701 0.6951155 -0.6678481 0.2723774 0.8386097 0.4717462 -0.336795 0.6951022 -0.6351395 -0.4035143 0.6951333 -0.5949505 0.4034945 0.6951601 -0.5949326 0.3368372 0.6950901 -0.6351304 -0.2723649 0.8386069 0.4717585 0.2660703 0.6951166 0.667847 0.3366979 0.6951329 0.6351574 -0.2723762 0.8386107 -0.4717453 -0.7021269 0.6950747 -0.1545612 -0.7146725 0.6951344 -0.07766282 0.5447321 0.8386102 -9.26088e-6 -0.465416 0.6951268 -0.5478931 -0.5219127 0.6951109 -0.4943966 -0.5722706 0.6951301 -0.4350868 0.1923458 0.6951284 0.6926758 -0.6159342 0.6951223 -0.3707157 -0.6525154 0.6950662 -0.3018389 -0.6812295 0.6951663 -0.2294998 0.2660672 0.6951168 -0.6678481 0.1922026 0.6950806 -0.6927634 0.1162144 0.6951647 -0.7093944 0.03896051 0.6951064 -0.7178504 -0.03896123 0.6951029 -0.7178537 -0.1162358 0.6951591 -0.7093963 0.7188811 0.695133 -2.74889e-7 0.7146871 0.6951102 -0.07774472 -0.5447386 0.8386059 8.17497e-6 0.7020818 0.6951232 -0.1545478 0.6812968 0.6950886 0.2295356 0.7020655 0.6951444 0.1545263 0.7146919 0.6951023 0.07777076 -0.2660679 0.6951152 0.6678494 -0.1923606 0.6951335 0.6926666 -0.1163973 0.6951112 0.7094168 -0.03896051 0.6951064 0.7178504 0.03896123 0.6951029 0.7178537 0.1163799 0.6951168 0.7094141 -0.7188811 0.695133 -3.03061e-6 -0.7146774 0.6951268 0.07768571 -0.7021106 0.6950957 0.1545406 -0.5723488 0.6951033 0.4350269 -0.5219142 0.6951106 0.4943955 -0.4654175 0.6951273 0.5478912 0.6812735 0.6951199 -0.2295099 0.6524755 0.6951112 -0.3018213 0.615989 0.6951012 -0.3706641 0.5722478 0.6951105 -0.4351481 0.521887 0.6951479 -0.4943718 0.4654443 0.6950955 -0.5479087 -0.6812529 0.6951348 0.2295257 -0.6524737 0.6950845 0.3018869 -0.615958 0.6951503 0.3706235 0.4034035 0.6951187 0.5950427 0.4654431 0.6950955 0.5479097 0.5218856 0.6951492 0.4943714 0.5723243 0.695084 0.43509 0.616016 0.6951236 0.3705772 0.6524322 0.6951312 0.3018692 0.7159758 0.6974256 0.03124541 0.7146838 0.6880097 0.1259753 0.6819502 0.6879999 0.2481939 0.6284633 0.6880069 0.3628779 0.5559049 0.6880124 0.4664856 0.4664745 0.6879994 0.5559301 0.3628326 0.6879888 0.6285094 0.2482396 0.688025 0.6819082 0.1260792 0.6879844 0.7146898 0.03124952 0.6974079 0.7159929 0.3762848 0.9163259 0.1369555 0.3944677 0.916273 0.06956315 0 1 0 0.4005278 0.9162847 -2.59017e-7 0.3944662 0.9162743 -0.06955528 0.2573022 0.9163922 0.3066285 0.3066446 0.916388 0.2572976 0.3468657 0.9162859 0.2002609 0.06956297 0.9162114 0.3946108 0.1369742 0.9163247 0.3762807 0.2002488 0.916289 0.3468644 -0.1369544 0.9163249 0.3762875 -0.06957107 0.9162188 0.3945924 8.1888e-6 0.916286 0.4005247 -0.3067286 0.916342 0.2573617 -0.2573608 0.9163461 0.3067169 -0.2003079 0.9162566 0.346916 -0.3943257 0.9163359 0.06954079 -0.3764134 0.9162672 0.1369942 -0.3467512 0.9163424 0.2002009 -0.3763221 0.9163114 -0.1369497 -0.3943254 0.9163364 -0.06953573 -0.4003841 0.9163475 3.71016e-6 -0.257496 0.9162512 -0.3068871 -0.3068595 0.9162586 -0.2575022 -0.3468726 0.916279 -0.2002804 -0.06952142 0.9163443 -0.3943095 -0.1369584 0.9163278 -0.3762786 -0.2001886 0.9163659 -0.346696 0.1369667 0.9163246 -0.3762836 0.06953924 0.9163321 -0.3943345 -9.18473e-6 0.9164124 -0.4002355 0.3067649 0.9163097 -0.2574337 0.257434 0.916294 -0.3068112 0.2001236 0.9163966 -0.3466527 0.3761903 0.9163695 -0.1369233 0.3469927 0.9162225 -0.2003315 -0.9268172 0.375513 4.57195e-6 -0.6759203 0.7272723 0.1191923 -0.9127452 0.3754891 0.1609477 -0.6449683 0.7272615 0.2347479 -0.8709905 0.3753468 0.3170024 -0.5944039 0.7272658 0.3431741 -0.8026495 0.3754943 0.4634199 -0.5257808 0.7272629 0.4411841 -0.7099854 0.3755022 0.5957506 -0.4411731 0.7272647 0.5257873 -0.5957287 0.3755118 0.7099988 -0.3431876 0.7272603 0.594403 -0.4634665 0.3753246 0.802702 -0.2347404 0.7272804 0.6449498 -0.3169886 0.3754621 0.8709458 -0.1191725 0.7272521 0.6759455 -0.1609558 0.3752458 0.9128438 6.37267e-7 0.7272596 0.6863626 5.92493e-6 0.3753734 0.9268737 0.1191715 0.7272483 0.6759497 0.1609267 0.3752254 0.9128574 0.2347382 0.7272824 0.6449483 0.3170007 0.3754556 0.8709442 0.3431944 0.7272512 0.59441 0.4634474 0.3753876 0.8026835 0.4411748 0.727265 0.5257857 0.595723 0.3755989 0.7099574 0.5257899 0.7272612 0.441176 0.709963 0.3756023 0.5957145 0.5944075 0.7272633 0.3431732 0.8026831 0.3753899 0.4634461 0.6449528 0.7272779 0.2347398 0.8709455 0.3754636 0.3169873 0.6759396 0.727256 0.1191824 0.9127988 0.3753584 0.1609484 0.6863405 0.7272804 1.14053e-6 0.9268718 0.3753781 2.1583e-6 0.6759388 0.7272569 -0.1191816 0.9128019 0.3753553 -0.1609386 0.6449444 0.7272818 -0.2347512 0.8708972 0.3755534 -0.3170142 0.5944035 0.7272594 -0.3431885 0.8027403 0.3752586 -0.4634532 0.5257915 0.7272589 -0.4411777 0.710023 0.3754218 -0.5957565 0.4411939 0.727259 -0.5257778 0.5957975 0.3753966 -0.710002 0.3431809 0.727267 -0.5943984 0.4633855 0.3756076 -0.8026162 0.2347458 0.7272652 -0.644965 0.3169965 0.3754716 -0.8709388 0.1191932 0.7272568 -0.6759368 0.1609464 0.3754798 -0.9127492 -5.98051e-7 0.7272596 -0.6863626 -6.7727e-6 0.3756439 -0.9267641 -0.1191977 0.727261 -0.6759316 -0.1609505 0.3755143 -0.9127344 -0.2347494 0.7272629 -0.6449663 -0.3169914 0.3754706 -0.8709411 -0.3431799 0.7272748 -0.5943896 -0.4634099 0.3755493 -0.8026294 -0.4411967 0.727257 -0.5257784 -0.5958061 0.3753183 -0.7100361 -0.525778 0.7272678 -0.4411792 -0.7100437 0.3753226 -0.5957943 -0.5944028 0.7272619 -0.3431844 -0.8027008 0.3753642 -0.4634362 -0.6449612 0.7272653 -0.2347556 -0.8709464 0.3754312 -0.3170233 -0.6759201 0.7272731 -0.1191884 -0.9127474 0.3754856 -0.1609435 -0.6863643 0.727258 3.53601e-6 0.9045292 0.30151 0.3015271 0.7071142 0.7070994 -1.25928e-7 0.5773503 0.5773503 0.5773503 0.9045369 0.3015072 -0.301507 0.5773425 0.5773332 -0.5773753 0.7071176 0.707096 0 0.715982 0.6974189 -0.03125309 0.03124791 0.6974105 -0.7159904 0.1259912 0.688009 -0.7146816 0.2481688 0.6880006 -0.6819586 0.3629033 0.6879681 -0.6284911 0.4664592 0.6880378 -0.5558956 0.555921 0.6879799 -0.4665142 0.6284753 0.6880214 -0.3628297 0.6819495 0.6879998 -0.2481958 0.7146801 0.6880121 -0.1259835 -0.3014968 0.3015127 0.9045385 -0.03124791 0.6974102 0.7159907 0.3014819 0.3014976 0.9045484 0.04991197 0.1229391 0.9911584 -0.1462746 0.8295549 0.5389273 0.04943805 0.1221145 0.991284 0.3141155 0.1864669 0.9308929 0.2680462 0.1849099 0.9454944 -0.04978942 0.1213375 0.9913619 0.1462735 0.8295537 0.5389292 -0.04991227 0.1229379 0.9911584 0.3141155 0.1864666 0.9308929 0.2680458 0.1849129 0.9454939 0.04943871 0.1221142 0.991284 0.2254779 0.1871011 0.9561135 0.2254783 0.1871061 0.9561124 0.1650574 0.1849039 0.9687965 0.1145186 0.1947013 0.9741545 0.1650573 0.1849048 0.9687964 0.1145187 0.1947003 0.9741547 0.09084343 0.1896749 0.9776355 0.0908432 0.1896785 0.9776348 0.04290544 0.24487 0.9686061 0.02143329 0.5177798 0.8552455 0.04290533 0.2448735 0.9686052 0.02144205 0.5176531 0.8553219 -7.31656e-4 0.7070989 0.7071143 -7.32939e-4 0.7071015 0.7071118 -0.0324406 0.3491033 0.9365227 -0.05781435 0.190617 0.9799606 -0.03243213 0.3491164 0.936518 -0.0578143 0.1906182 0.9799603 -0.1051493 0.1951347 0.9751237 -0.1051422 0.1951361 0.9751241 -0.1417813 0.1835151 0.9727386 -0.1898944 0.1835578 0.9644929 -0.1417469 0.1834824 0.9727498 -0.1899083 0.1835693 0.9644881 -0.2193582 0.1813734 0.9586375 -0.2192609 0.1813467 0.9586648 -0.2542217 0.1831701 0.9496421 -0.2981725 0.1856185 0.93629 -0.2542113 0.1831561 0.9496477 -0.2980979 0.1856017 0.9363172 -0.3310194 0.186519 0.9250065 -0.3310207 0.1865163 0.9250065 -0.04979056 0.1213403 0.9913614 0.3014971 0.301513 -0.9045383 0.7159727 0.6974298 -0.03122425 0.7146907 0.6879975 -0.1260033 0.03122609 0.6974096 -0.7159922 0.681919 0.6880134 -0.248242 0.6284565 0.6880213 -0.3628624 0.5559461 0.6880277 -0.4664139 0.4665155 0.6879797 -0.5559201 0.3628046 0.6879979 -0.6285154 0.2481973 0.6880193 -0.6819292 0.1260142 0.6879952 -0.7146909 0.0303719 0.7170438 -0.6963661 0.1191781 0.727281 -0.6759135 0.2347553 0.7272342 -0.6449964 0.3431296 0.7272647 -0.5944309 0.4411913 0.7272898 -0.5257375 0.5258401 0.7272395 -0.4411517 0.5944025 0.7272529 -0.343204 0.6449472 0.7272695 -0.2347812 0.6759158 0.7272812 -0.1191636 0.6963638 0.7170462 -0.03036844 0.592396 0.7257417 -0.3498086 0.1462736 0.8295536 -0.5389296 0.7159726 0.6974295 0.03123128 0.03131091 0.697392 0.7160056 0.6284832 0.6880108 0.3628361 0.6819223 0.6880238 0.2482042 0.7146875 0.6879996 0.1260095 0.2481974 0.6880192 0.6819294 0.3628041 0.687998 0.6285157 0.466459 0.6879973 0.5559457 0.5559207 0.6880101 0.4664702 0.1260939 0.6880199 0.7146531 0.03045028 0.7170732 0.6963325 0.5923954 0.7257468 0.349799 0.6963582 0.7170514 0.03037673 0.6759168 0.7272787 0.1191732 0.64497 0.7272576 0.2347557 0.5944083 0.7272646 0.3431692 0.5257871 0.7272585 0.4411838 0.4411625 0.7272664 0.5257939 0.3431268 0.7272697 0.5944265 0.2347525 0.7272415 0.6449892 0.119261 0.7272534 0.6759285 -0.7151784 0.6983768 -0.02810227 -0.9045383 0.301513 -0.3014971 -0.03123122 0.6974149 -0.7159868 -0.7159811 0.6974191 -0.03126776 -0.3014969 0.3015128 -0.9045384 -0.02805054 0.6983757 -0.7151815 -0.5856733 0.6898903 -0.425486 -0.6450241 0.6898626 -0.3286846 -0.6284471 0.6880109 -0.3628987 -0.6819438 0.6880015 -0.248207 -0.714668 0.6880217 -0.125999 -0.6884976 0.6898716 -0.2237151 -0.7150236 0.6898652 -0.1132575 -0.248188 0.688016 -0.681936 -0.3628283 0.6879906 -0.6285099 -0.4665302 0.6879868 -0.5558991 -0.5559172 0.6880379 -0.4664332 -0.1132693 0.6898359 -0.71505 -0.2237499 0.6898826 -0.6884752 -0.3286373 0.6898553 -0.645056 -0.1260077 0.6879994 -0.714688 -0.4255034 0.6898586 -0.5856979 -0.5119409 0.6898464 -0.5118871 -0.03037446 0.7170473 -0.6963623 -0.3497982 0.7257455 -0.5923975 -0.5389301 0.8295519 -0.1462809 -0.1462735 0.8295537 -0.5389293 -0.5923976 0.7257419 -0.3498057 -0.6963489 0.7170588 -0.03041321 -0.6759453 0.7272514 -0.1191784 -0.6449571 0.7272723 -0.2347453 -0.59437 0.7272717 -0.3432205 -0.5258277 0.7272269 -0.4411876 -0.4412075 0.727289 -0.5257251 -0.3431435 0.7272753 -0.59441 -0.2347429 0.727241 -0.6449933 -0.119171 0.7272787 -0.6759172 -0.715985 0.6974148 0.03127604 -0.03131502 0.6973918 0.7160056 -0.9045391 0.3015106 0.3014971 -0.7159807 0.6974206 0.03124666 -0.362829 0.6879909 0.6285091 -0.248188 0.6880162 0.6819358 -0.126086 0.6880241 0.7146504 -0.7146874 0.6879978 0.1260209 -0.6819275 0.6880234 0.2481907 -0.6284825 0.687985 0.3628864 -0.7146645 0.6880239 0.126007 -0.6819466 0.688012 0.2481703 -0.6284733 0.6880006 0.3628727 -0.5558879 0.6880317 0.4664773 -0.4665032 0.6879906 0.5559171 -0.3628315 0.6879885 0.6285102 -0.2482293 0.6880216 0.6819154 -0.1260654 0.6879879 0.7146888 -0.5558909 0.6880205 0.4664902 -0.4664738 0.6880046 0.5559245 -0.03045421 0.7170722 0.6963333 -0.1192543 0.7272546 0.6759284 -0.2347433 0.7272393 0.6449951 -0.3431392 0.7272829 0.5944032 -0.4411813 0.7272651 0.52578 -0.5257756 0.7272464 0.4412173 -0.5943764 0.7272834 0.3431845 -0.6449807 0.7272609 0.234716 -0.6759493 0.7272472 0.1191817 -0.6963452 0.7170621 0.03042131 -0.5923987 0.7257434 0.3498004 -0.5389292 0.8295552 0.1462662 -0.3498085 0.7257398 0.5923984 0.6819366 0.6880003 0.2482302 0.7146783 0.6880083 0.1260145 0 1 3.05125e-7 0.72571 0.6880007 -2.35959e-5 0.7146613 0.688034 -0.1259706 0.4665297 0.6879667 0.5559245 0.5560052 0.6880195 0.4663553 0.6284725 0.6880283 0.3628216 0.1260017 0.6879481 0.7147384 0.2481834 0.6880607 0.6818925 0.3627333 0.6879951 0.6285597 -0.2481567 0.6880865 0.6818763 -0.1260338 0.6879376 0.7147429 1.21264e-6 0.6880749 0.7256398 -0.5559625 0.6879932 0.4664452 -0.4664862 0.6880151 0.5559011 -0.3627696 0.6879602 0.6285771 -0.7146777 0.6880083 0.1260177 -0.6819347 0.6880003 0.2482352 -0.6284717 0.6880282 0.362823 -0.6819764 0.687981 -0.2481742 -0.714662 0.688034 -0.1259667 -0.72571 0.6880007 -2.14053e-5 -0.4663177 0.6880678 -0.5559771 -0.5558879 0.6879406 -0.4666117 -0.6284713 0.6880284 -0.3628233 -0.1260201 0.6880828 -0.7146056 -0.2481918 0.6879462 -0.6820051 -0.3629365 0.6880274 -0.6284071 0.2482151 0.6879222 -0.6820207 0.1259833 0.6880949 -0.7146003 1.46867e-6 0.6879268 -0.7257801 0.5559251 0.6879681 -0.4665268 0.4663591 0.6880209 -0.5560005 0.3629007 0.6880625 -0.6283894 0.6819747 0.687981 -0.2481789 0.628472 0.6880283 -0.3628222 0.04990625 0.1229211 -0.9911608 0 0.8191461 -0.5735849 -0.1763831 0.8950403 -0.4096242 -0.352307 0.3664374 -0.861164 -0.04942685 0.1220877 -0.991288 -0.1836577 0.8999754 -0.3953658 -0.3522865 0.3663486 -0.8612101 0 0.8191403 -0.5735932 0 0.8191468 -0.5735841 -0.04942756 0.122093 -0.9912872 0.04978072 0.1213149 -0.991365 0.3522213 0.3664244 -0.8612047 0.1763698 0.8950341 -0.4096435 -0.08976417 0.8130422 0.5752433 -0.4338452 0.8128358 0.3886855 -0.1838266 0.9001014 0.3950003 -0.3523083 0.3663725 0.8611911 -0.3935414 0.8085555 0.4374508 -0.171737 0.8100748 0.5606115 -0.2520319 0.8088943 0.5311968 -0.3282791 0.807852 0.4894977 0.1763697 0.8950326 0.4096468 0.3522939 0.3664627 0.8611587 0 0.8191361 0.5735992 -0.08976447 0.8130394 0.5752473 -0.3958337 0.8080033 0.4364019 -0.176383 0.8950406 0.4096235 -0.3523684 0.3664752 0.8611229 -0.1717486 0.8100618 0.5606268 -0.2520197 0.8088881 0.5312121 -0.3282666 0.8078506 0.4895084 -0.99116 0.1229268 -0.04991072 -0.5735737 0.8191541 -1.60195e-7 -0.4096533 0.8950302 0.1763672 -0.8611235 0.3664663 0.3523762 -0.991286 0.1221011 0.04943192 -0.9911589 0.1229355 0.04990875 -0.4935401 0.8055697 0.3278349 -0.4377529 0.8073278 0.39572 -0.9561171 0.1870946 0.2254682 -0.9455346 0.1848707 0.2679313 -0.9309038 0.1864587 0.314088 -0.5341974 0.8053004 0.257147 -0.5608637 0.8098258 0.1720874 -0.9688455 0.1847752 0.1649136 -0.5772918 0.8112229 0.09301435 -0.9776887 0.1894203 0.09080016 -0.9741672 0.1946505 0.1144968 -0.7070731 0.70714 -7.69728e-4 -0.8555091 0.5173448 0.02141636 -0.9687597 0.2442743 0.0428344 -0.9340113 0.355715 -0.03301179 -0.5753163 0.812726 -0.0921297 -0.4360105 0.8080717 -0.396125 -0.4095339 0.8950727 -0.1764287 -0.8611541 0.3664442 -0.3523241 -0.5601294 0.8100332 -0.1734977 -0.9752684 0.1940493 -0.1058134 -0.9794796 0.1931227 -0.05765104 -0.5304834 0.8089261 -0.2534286 -0.9643723 0.1835956 -0.1904702 -0.9727588 0.1836776 -0.1414315 -0.4889265 0.8078899 -0.3290361 -0.9495569 0.1831236 -0.2545733 -0.9584861 0.1814013 -0.2199958 -0.9913629 0.1213304 -0.04978555 -0.9249972 0.1865043 -0.3310533 -0.9361456 0.1856458 -0.2986085 -0.5735881 0.8191439 0 -0.0499072 0.1229232 -0.9911605 -0.3278131 0.8055733 -0.4935486 -0.3934813 0.80787 -0.4387695 -0.4333758 0.8130213 -0.3888213 -0.2254627 0.1870778 -0.9561216 -0.2680058 0.1848739 -0.945513 -0.3140367 0.1864347 -0.9309259 -0.2571764 0.8052965 -0.5341889 -0.1720778 0.809781 -0.5609315 -0.1648966 0.1847454 -0.9688541 -0.09299123 0.8110347 -0.5775599 -0.09079045 0.1891726 -0.9777376 -0.1144281 0.1945197 -0.9742014 7.2921e-4 0.7071015 -0.7071117 -0.02139866 0.5170733 -0.8556736 -0.04275476 0.243993 -0.9688341 0.03233933 0.3481866 -0.9368672 0.08962601 0.812677 -0.5757806 0.4336574 0.8129134 -0.388733 0.1837565 0.900048 -0.3951548 0.3522828 0.3663473 -0.8612123 0.3935819 0.8085514 -0.4374218 0.1717745 0.8099696 -0.5607521 0.1050965 0.1947918 -0.975198 0.0576058 0.1899368 -0.9801049 0.251999 0.8089175 -0.531177 0.1899182 0.1835458 -0.9644905 0.1416324 0.1833292 -0.9727953 0.328256 0.807809 -0.4895842 0.2541655 0.1831295 -0.949665 0.2193582 0.1813728 -0.9586375 0.04978007 0.1213176 -0.9913647 0.3310026 0.1865054 -0.9250152 0.2980467 0.1855701 -0.9363397 1.31177e-6 0.8191463 -0.5735846 -0.3278008 0.8055714 -0.49356 -0.395731 0.8073164 -0.4377639 -0.2254436 0.1870716 -0.9561273 -0.2680139 0.1848865 -0.9455081 -0.314066 0.1864386 -0.9309152 -0.2571599 0.80531 -0.5341765 -0.1720905 0.8097738 -0.560938 -0.1649277 0.184753 -0.9688475 -0.09298861 0.8110384 -0.5775551 -0.09077709 0.1891539 -0.9777425 -0.1144202 0.1945365 -0.9741989 7.29983e-4 0.7071046 -0.7071087 -0.02139836 0.5170869 -0.8556655 -0.04275774 0.2440592 -0.9688173 0.03234612 0.3481803 -0.9368694 0.08963781 0.812688 -0.5757632 0.3957974 0.8080075 -0.4364269 0.1717656 0.8099691 -0.5607554 0.1050907 0.1947898 -0.9751989 0.05762124 0.1899817 -0.9800953 0.2520065 0.808905 -0.5311926 0.1899024 0.1835283 -0.964497 0.1416648 0.1833591 -0.9727849 0.3282447 0.8078282 -0.48956 0.2541759 0.1831437 -0.9496595 0.2192622 0.1813473 -0.9586643 0.3309904 0.1864964 -0.9250214 0.298121 0.1855884 -0.9363124 0.3278352 0.805593 0.4935019 0.3934291 0.8078846 0.4387894 0.3523871 0.366382 0.8611549 0.4338551 0.8128265 0.3886937 0.1838243 0.9000923 0.3950225 0.2571967 0.8052637 0.5342287 0.1720787 0.8098746 0.560796 0.09304916 0.8114393 0.5769819 0 0.8191416 0.5735914 0 0.8191626 0.5735614 0.32784 0.8055984 0.4934897 0.3956944 0.8073311 0.4377701 0.2572171 0.8052464 0.534245 0.1720684 0.8098737 0.5608004 0.09304779 0.8114358 0.5769872 0 0.819146 0.573585 -0.6819695 0.6879895 -0.2481694 -0.714655 0.6880404 -0.1259707 0 1 0 -0.7257031 0.6880081 -2.2487e-5 -0.7146712 0.6880151 0.126017 -0.4663122 0.6880752 -0.5559726 -0.5558822 0.6879491 -0.4666061 -0.6284679 0.6880367 -0.3628136 -0.1259837 0.6881012 -0.7145942 -0.2482131 0.6879294 -0.6820144 -0.3629702 0.6880484 -0.6283646 0.2482138 0.6879289 -0.6820145 0.1259852 0.6881008 -0.7145944 8.05184e-7 0.6879338 -0.7257736 0.5559203 0.6879739 -0.466524 0.4663544 0.6880264 -0.5559975 0.3628978 0.6880708 -0.628382 0.7146545 0.6880412 -0.1259698 0.6819706 0.6879886 -0.2481691 0.6284679 0.6880369 -0.3628131 0.6819298 0.6880088 0.2482249 0.7146708 0.6880154 0.1260176 0.7257033 0.6880078 -2.17821e-5 0.4665236 0.6879741 0.5559204 0.555997 0.688027 0.4663544 0.6284679 0.6880367 0.3628136 0.1260006 0.6879557 0.7147313 0.248182 0.688069 0.6818847 0.3627298 0.6880034 0.6285526 -0.2481825 0.6880687 0.6818848 -0.1260011 0.6879552 0.7147318 -2.66023e-7 0.6880826 0.7256324 -0.5559599 0.6880015 0.466436 -0.4664823 0.6880227 0.5558948 -0.3628032 0.6879812 0.6285346 -0.6819303 0.6880085 0.2482244 -0.6284679 0.6880369 0.3628131 0.686367 0.7272553 -2.0837e-5 0.675949 0.7272473 0.1191818 0.6449686 0.7272564 0.2347632 0.5944528 0.727223 0.3431801 0.525889 0.7272335 0.4411036 0.4411908 0.7272939 0.5257323 0.3430633 0.7272612 0.5944735 0.234773 0.7271886 0.6450414 0.1191524 0.7273145 0.675882 2.5166e-7 0.727173 0.6864542 -0.1191518 0.7273144 0.6758821 -0.2347722 0.7271882 0.6450421 -0.3431098 0.7272852 0.5944172 -0.4412145 0.7272404 0.5257863 -0.5258109 0.7272642 0.4411458 -0.5944534 0.7272236 0.3431778 -0.644967 0.7272554 0.2347708 -0.6759482 0.7272469 0.1191891 -0.6863673 0.7272551 -2.10279e-5 -0.6759858 0.7272189 -0.1191465 -0.6449692 0.7272772 -0.2346971 -0.5944528 0.727223 -0.3431801 -0.5256537 0.7273214 -0.4412391 -0.4411244 0.727182 -0.5259426 -0.3433387 0.7272099 -0.5943773 -0.2347036 0.7273433 -0.6448922 -0.11919 0.7271515 -0.6760507 -7.61369e-7 0.7273377 -0.6862798 0.1191886 0.7271513 -0.6760511 0.2347027 0.727343 -0.6448929 0.3432914 0.727186 -0.5944339 0.4411003 0.7272348 -0.5258898 0.5257329 0.7272931 -0.4411913 0.5944535 0.7272236 -0.3431778 0.644967 0.7272768 -0.2347046 0.6759858 0.7272177 -0.119154 -0.6819303 0.6880087 -0.2482241 -0.714671 0.6880154 -0.1260175 0 1 -1.52534e-7 -0.7257033 0.6880078 2.15368e-5 -0.7146546 0.6880412 0.1259693 -0.4664827 0.6880224 -0.5558949 -0.5559585 0.6880018 -0.4664374 -0.6284677 0.6880367 -0.3628137 -0.1260332 0.6879452 -0.7147356 -0.2481549 0.6880931 -0.6818702 -0.3627661 0.6879647 -0.628574 0.2481806 0.6880686 -0.6818857 0.1260033 0.687955 -0.7147315 3.70014e-6 0.6880827 -0.7256323 0.5559984 0.6880264 -0.4663534 0.466524 0.6879746 -0.5559194 0.3627278 0.6880033 -0.6285539 0.7146713 0.6880152 -0.1260166 0.6819301 0.6880086 -0.2482249 0.6284673 0.6880369 -0.3628143 0.6819691 0.6879895 0.2481706 0.7146549 0.6880404 0.125971 0.7257031 0.6880081 2.25492e-5 0.466356 0.6880267 0.555996 0.5559205 0.6879735 0.4665243 0.6284671 0.6880366 0.3628149 0.1259829 0.6881012 0.7145944 0.2482141 0.6879295 0.6820139 0.3629006 0.6880705 0.6283807 -0.2481837 0.6879538 0.6820003 -0.1260173 0.6880915 0.7145977 -3.69763e-7 0.6879338 0.7257736 -0.5558826 0.6879489 0.4666057 -0.4663106 0.6880754 0.5559737 -0.3629294 0.6880325 0.6284056 -0.681971 0.6879886 0.248168 -0.6284691 0.6880369 0.3628114 0.6863673 0.7272551 2.0805e-5 0.6759859 0.7272189 0.1191461 0.6449695 0.7272772 0.234696 0.5944538 0.727223 0.3431784 0.5257321 0.7272921 0.4411938 0.4410992 0.7272345 0.5258911 0.3432898 0.7271861 0.5944346 0.2347016 0.7273433 0.6448929 0.1191885 0.7271515 0.676051 3.49642e-7 0.7273377 0.6862798 -0.1192164 0.7271619 0.6760348 -0.2346952 0.7273152 0.644927 -0.3432881 0.7272272 0.5943853 -0.4411262 0.7271818 0.5259414 -0.5256545 0.7273228 0.4412357 -0.5944527 0.7272236 0.3431791 -0.6449666 0.7272768 0.2347056 -0.6759858 0.7272177 0.1191543 -0.6863671 0.7272553 2.09004e-5 -0.6759492 0.7272473 -0.1191815 -0.6449684 0.7272564 -0.2347635 -0.5944521 0.7272231 -0.3431813 -0.5258113 0.7272626 -0.4411481 -0.441215 0.7272408 -0.5257855 -0.3430547 0.7273025 -0.594428 -0.2347631 0.72716 -0.6450773 -0.1191832 0.7273251 -0.6758651 -3.50036e-6 0.7271732 -0.6864541 0.1191506 0.7273145 -0.6758822 0.2347732 0.7271883 -0.6450417 0.3430652 0.7272615 -0.5944721 0.4411913 0.7272933 -0.5257326 0.5258884 0.7272352 -0.4411015 0.5944533 0.7272237 -0.3431779 0.6449674 0.7272553 -0.2347699 0.6759482 0.7272469 -0.119189 -0.68193 0.6880087 -0.2482249 -0.7146708 0.6880154 -0.1260181 0 1 -1.52564e-7 -0.7257033 0.6880078 2.18374e-5 -0.7146611 0.6880219 0.1260374 -0.1260366 0.6879451 -0.7147352 0.1259998 0.6879552 -0.714732 -3.16809e-6 0.6880827 -0.7256323 0.7146713 0.6880151 -0.1260169 0.6819307 0.6880086 -0.2482236 0.628468 0.6880369 -0.362813 0.6819385 0.6880401 0.2481141 0.7146611 0.6880218 0.126038 0.7257031 0.6880081 2.22417e-5 0.4665243 0.6879739 0.55592 0.555871 0.6880697 0.4664413 0.6285088 0.6879624 0.3628836 -0.5558372 0.688044 0.4665198 -0.4664826 0.6880229 0.5558945 -0.681939 0.6880399 0.2481135 -0.62851 0.6879626 0.3628811 0.6863673 0.7272551 2.10858e-5 0.6759527 0.7272404 0.1192035 0.6450381 0.7272214 0.2346805 0.5943592 0.7273055 0.3431675 0.5258407 0.7271857 0.4412398 0.441191 0.7272939 0.525732 -0.4412151 0.7272403 0.5257859 -0.5257598 0.7272167 0.4412851 -0.5943588 0.727306 0.3431671 -0.6450365 0.7272203 0.2346882 -0.6759521 0.7272397 0.1192107 -0.6863671 0.7272553 2.06096e-5 -0.6759492 0.7272472 -0.1191818 -0.644969 0.7272564 -0.2347623 -0.5944528 0.727223 -0.3431801 -0.5258113 0.7272627 -0.4411481 -0.441215 0.7272407 -0.5257855 -0.1191799 0.7273252 -0.6758656 2.99704e-6 0.7271732 -0.6864541 0.1191539 0.7273143 -0.6758819 0.2347732 0.7271883 -0.6450416 0.3430652 0.7272615 -0.5944721 0.4411913 0.7272933 -0.5257326 0.5258884 0.7272351 -0.4411015 0.5944532 0.7272237 -0.3431779 0.6449671 0.7272552 -0.2347707 0.675948 0.727247 -0.1191895 -0.7150306 -0.6898577 -0.1132587 -0.6885064 -0.6898611 -0.2237203 -0.6450322 -0.6898518 -0.3286915 -0.585677 -0.6898816 -0.425495 -0.5119418 -0.6898428 -0.5118912 -0.4254969 -0.6898697 -0.5856896 -0.3286303 -0.6898648 -0.6450494 -0.2237473 -0.6898893 -0.6884692 -0.1132714 -0.6898059 -0.7150786 0.6818623 0.6880362 0.2483347 0.7147468 0.6879355 0.126023 0 1 0 0.7256398 0.6880748 -2.35791e-5 0.7147366 0.687942 -0.1260457 0.466531 0.6879667 0.5559232 0.5560069 0.6880193 0.4663538 0.6284729 0.6880283 0.3628208 0.1260042 0.6879482 0.7147379 0.2481883 0.6880605 0.6818909 0.3627357 0.6879949 0.6285586 -0.2481546 0.6880862 0.6818773 1.21264e-6 0.6880749 0.7256397 -0.5559133 0.6880505 0.4664193 -0.4665694 0.6879874 0.5558655 -0.3627658 0.68796 0.6285794 -0.7146897 0.6879724 0.1261458 -0.6818703 0.6880701 0.2482187 -0.6285319 0.6879658 0.362837 -0.6818802 0.6881016 -0.248104 -0.7146802 0.6879789 -0.126164 -0.72571 0.6880007 -2.07384e-5 -0.4665696 0.6879859 -0.5558671 -0.5557907 0.6880922 -0.466504 -0.6285746 0.6878917 -0.3629037 -0.2481895 0.6879461 -0.682006 -0.3629341 0.6880277 -0.6284082 0.5558776 0.6880635 -0.4664427 0.46653 0.6879681 -0.5559222 0.3629023 0.6880628 -0.6283881 0.681869 0.6880676 -0.248229 0.6285138 0.6879542 -0.3628906 0 1 -3.78881e-7 0 1 0 0 1 0 -0.6864014 0.7272229 1.6145e-6 -0.6759108 0.7272824 -0.1191841 -0.6449589 0.7272626 -0.2347706 -0.5943729 0.7272823 -0.3431929 -0.2347992 0.7272465 -0.6449666 -0.1192625 0.7272762 -0.6759038 0.6759374 0.727252 0.1192196 0.6449629 0.7272659 0.2347496 -0.5257734 0.7272511 -0.4412122 -0.4412058 0.7272542 -0.5257745 -0.3431926 0.7272784 -0.5943778 -0.1191323 0.7273187 0.675881 -0.2347921 0.7272548 0.6449599 -0.6759004 0.727288 0.1192096 -0.6450043 0.7272244 0.2347644 -1.4477e-6 0.7272905 -0.6863299 0.1192602 0.7272772 -0.675903 0 1 0 0.234816 0.7272617 -0.6449434 0.3431923 0.7272489 -0.5944141 0.4411602 0.7272824 -0.5257738 0.5257904 0.7272675 -0.441165 0.5943978 0.7272483 -0.3432219 -0.5943796 0.7273023 0.3431389 -0.5257678 0.727256 0.4412109 -0.441205 0.7272506 0.5257802 -0.3431959 0.7272719 0.594384 0.6449271 0.727295 -0.2347577 0.675945 0.727249 -0.1191949 0.6863219 0.727298 -2.43785e-6 0.5944088 0.7272663 0.3431647 0.5257923 0.7272675 0.4411628 0.4411588 0.7272826 0.5257746 0.3431986 0.7272492 0.5944102 0.2348155 0.7272645 0.6449404 0.1191359 0.7273097 0.67589 1.38903e-6 0.7272194 0.6864052 0 1 -1.79027e-7 0.2347955 0.7272732 -0.6449378 0.3431906 0.7272552 -0.5944074 0.441168 0.72727 -0.5257844 0.5257886 0.7272689 -0.4411648 -0.4411665 0.7272691 -0.5257869 -0.3431709 0.7272623 -0.59441 -0.2347946 0.7272567 -0.6449568 -0.1191418 0.7272807 -0.6759202 0.5944101 0.7272612 -0.3431732 0.6449562 0.7272731 -0.2347452 0.6759175 0.7272806 -0.1191575 0.5943977 0.7272498 0.3432187 0.5257903 0.7272717 0.4411582 0 1 0 0.4411659 0.7272711 0.5257846 0.3431959 0.7272551 0.5944045 0.2347984 0.7272761 0.6449335 0.1192552 0.7272615 0.6759209 6.0522e-6 0.7272922 0.6863279 -0.1192617 0.7272699 0.6759107 -0.2347922 0.7272565 0.6449579 -0.3431633 0.727262 0.5944147 -0.4411686 0.7272707 0.525783 -0.5257871 0.7272727 0.4411603 -0.5944074 0.7272697 0.3431597 0.6863741 0.7272487 -1.27783e-6 0.6759331 0.7272722 0.1191209 0.6449316 0.7272905 0.2347593 -0.6449663 0.7272555 0.2347723 -0.6759082 0.7272852 0.1191831 -0.6863729 0.7272499 1.60463e-6 -0.6758836 0.7273039 -0.1192077 -0.6450029 0.7272268 -0.2347606 -0.5944263 0.7272799 -0.3431054 -0.5257926 0.7272658 -0.4411652 0.1191266 0.7272817 -0.6759217 3.57224e-6 0.7272002 -0.6864255 0.2997843 0.7271384 0.6175753 0.1200414 0.7503585 0.6500402 0.4018441 0.7271276 0.556603 -0.6254557 0.7271431 0.282963 0.5671601 0.727187 0.3866893 0.4918566 0.7271367 0.4789044 0.1767235 0.7270786 -0.6634196 0.2884833 0.7271788 -0.6228873 0 1 0 0.3918405 0.7271669 -0.5636395 -0.1200476 0.7502744 0.6501362 -0.2997827 0.727113 0.6176059 -0.6649171 0.7271508 0.170696 -0.6844329 0.7271198 0.05337166 0 1 3.12647e-7 -0.3918047 0.7271777 -0.5636504 -0.2884594 0.7271677 -0.6229112 0.4833046 0.7271035 -0.4875829 0.5601389 0.7271524 -0.396855 0.620267 0.7271512 -0.2941429 0.6648839 0.7271687 0.1707485 0.6254948 0.7271013 0.282984 -0.4018373 0.7271528 0.5565748 -0.4918986 0.7271192 0.4788878 -0.5671419 0.7271721 0.3867438 -0.1767382 0.7270904 -0.6634027 -0.05960345 0.7271799 -0.6838544 0.05959218 0.7271808 -0.6838544 0.6617465 0.7271481 -0.1826125 0.683355 0.7271298 -0.06563782 0.6844079 0.7271481 0.05330669 -0.6833272 0.7271617 -0.06557321 -0.6617578 0.7271369 -0.1826162 -0.6202218 0.7271739 -0.2941819 -0.5601696 0.7271116 -0.3968864 -0.4833241 0.7271202 -0.4875388 -0.05948537 0.7271427 0.6839042 -0.1767085 0.7271594 0.6633351 0 1 0 -0.2885833 0.7271273 0.622901 0.6254425 0.7271463 -0.2829839 0.05948537 0.7271388 0.6839085 0 1 0 0.1767019 0.7271433 0.6633544 0.2885832 0.7271289 0.6228992 -0.4018111 0.7271385 -0.5566125 -0.2996585 0.7271528 -0.6176192 -0.1199451 0.7502369 -0.6501982 0.1199609 0.7503197 -0.6500997 -0.3917481 0.7271409 0.5637372 -0.4832128 0.7271363 0.4876251 -0.5601555 0.7271737 0.3967925 -0.6203144 0.7271293 0.294097 -0.6617484 0.7271403 0.1826366 -0.6833443 0.7271379 0.06565821 -0.6843721 0.7271758 -0.0533874 -0.6649525 0.7271066 -0.1707465 0.6649181 0.7271409 -0.1707343 0.6844018 0.7271522 -0.05332833 0.6833381 0.7271438 0.06565791 0.2996591 0.7271529 -0.6176189 0.4018125 0.7271385 -0.5566114 0.4918929 0.7271599 -0.4788318 0.5672079 0.7271424 -0.3867028 0.6617503 0.7271384 0.1826373 0.6203116 0.7271314 0.2940979 0.560161 0.7271756 0.3967813 0.4832095 0.7271341 0.4876317 0.39175 0.7271466 0.5637285 -0.6254581 0.727157 -0.2829223 -0.567212 0.7271391 -0.3867033 -0.4918906 0.7271637 -0.4788284 0.4411672 0.7272701 0.5257849 0.3430805 0.7272939 0.5944237 -0.2347016 0.7272194 0.6450327 -0.3430463 0.7272987 0.5944374 0.4411669 0.7272706 -0.5257844 0.5257878 0.7272704 -0.4411634 0.5944052 0.727267 -0.3431696 -0.4411674 0.7272689 0.5257865 -0.5257883 0.7272662 0.4411695 -0.59442 0.7272835 0.343109 -0.6450018 0.7272378 0.2347293 -0.6450026 0.7272263 -0.2347629 -0.5944177 0.727287 -0.3431056 -0.5257887 0.7272725 -0.4411589 -0.4411664 0.7272705 -0.525785 -0.3431716 0.7272633 -0.5944085 0.675936 0.7272694 0.1191213 0.6449561 0.727284 0.2347121 0.5944161 0.7272577 0.3431703 0.5257926 0.7272658 0.441165 -0.6759001 0.727293 0.1191813 -0.6863784 0.7272446 1.44451e-6 -0.6758872 0.7273003 -0.1192093 0.1191419 0.7272201 -0.6759853 0.2346696 0.7273154 -0.644936 0.3431909 0.7272545 -0.5944082 0.6449672 0.7272616 -0.2347509 0.6759172 0.7272809 -0.1191576 0.6863694 0.7272531 -1.41181e-6 -0.2346667 0.7272979 -0.6449568 -0.1191558 0.727237 -0.6759647 4.01956e-6 0.7272942 -0.6863259 0.2347086 0.7272418 0.6450048 0.1192616 0.7272319 0.6759516 -0.1192656 0.7272467 0.6759349 6.49018e-6 0.7272847 0.686336 0 1 0 0 1 0 0 1 0 0.2347669 0.7271983 0.6450328 0.1191477 0.7273268 0.6758695 -0.1349658 0.6684314 -0.7314258 -1.88907e-6 0.7271669 0.6864608 0.1349641 0.6684492 -0.7314099 0.1191889 0.7271479 -0.6760547 -0.06287419 0.6881129 0.7228745 -6.35542e-7 0.7273474 -0.6862695 0.06287527 0.6881136 0.7228738 -0.1192154 0.7271716 -0.6760246 0.1867837 0.6881008 0.7011628 -0.2346931 0.7273253 -0.6449164 0.305015 0.6881301 0.6583638 -0.3432803 0.7272361 -0.5943789 0.4140766 0.6881092 0.5958576 -0.44125 0.727276 -0.5257073 0.5107346 0.6881142 0.5154117 -0.5257951 0.7271615 -0.441334 0.5921267 0.6880871 0.4194308 -0.5942898 0.7273868 -0.3431153 0.6556366 0.6881266 0.3108415 -0.645102 0.7271517 -0.234721 0.6994485 0.6881191 0.1930384 -0.6758809 0.7272896 -0.1193103 0.7222772 0.6881132 0.06939756 -0.6863575 0.7272644 -2.28703e-5 0.7234165 0.6881071 -0.05636852 -0.6758778 0.7272967 0.1192851 0.7028102 0.688107 -0.1804621 -0.6450335 0.7271863 0.2348017 0.6610838 0.688116 -0.2991066 -0.5943863 0.727304 0.3431237 0.5995259 0.6881188 -0.4087312 -0.5258502 0.7272117 0.4411855 0.5199454 0.6881019 -0.5061351 -0.4412575 0.7272823 0.5256923 0.4247061 0.6881133 -0.5883238 -0.3430562 0.7273123 0.5944151 0.3167361 0.6881099 -0.652827 -0.2347669 0.7271683 0.6450665 -0.119181 0.7273365 0.6758532 0.3430614 0.7272582 0.5944783 -0.3167415 0.6881028 -0.6528319 0.4411885 0.7272884 0.5257418 -0.42471 0.6881046 -0.5883311 0.5258911 0.7272307 0.4411056 -0.5199487 0.6880926 -0.5061442 0.5944536 0.7272197 0.343186 -0.5995298 0.6881101 -0.4087401 0.6449679 0.7272101 0.2349085 -0.6611307 0.6880899 -0.2990626 0.6758661 0.7273251 0.1191776 -0.7027818 0.6881362 -0.1804618 0.6864573 0.7271701 -1.89968e-5 -0.7234367 0.6880804 -0.05643427 0.6758702 0.7273177 -0.119199 -0.7222843 0.6881055 0.06940042 0.6450383 0.7271767 -0.2348188 -0.6994552 0.6881107 0.1930448 0.5943623 0.7273038 -0.3431658 -0.6556442 0.6881176 0.3108455 0.525841 0.7271851 -0.4412406 -0.5921289 0.6880778 0.4194429 0.4411913 0.7272913 -0.5257353 -0.510742 0.6881064 0.5154147 0.3432916 0.7271843 -0.5944358 -0.4140808 0.6881015 0.5958636 0.234705 0.7273412 -0.6448942 -0.3050159 0.6881218 0.6583721 -0.1867833 0.6881032 0.7011604 -0.2346928 0.7273249 -0.644917 -0.1192151 0.7271749 -0.676021 0.1350711 0.6684045 0.7314311 -6.35557e-7 0.7273321 -0.6862857 -0.1350931 0.6684153 0.7314171 -0.343286 0.7272241 -0.5943904 0.3168535 0.6881219 0.6527574 -0.4411239 0.7271768 -0.5259503 0.4247323 0.6881144 0.5883036 -0.5256562 0.7273172 -0.4412429 0.5198752 0.6881177 0.5061858 -0.594454 0.7272199 -0.3431848 0.5995539 0.688068 0.4087758 -0.6449693 0.7272735 -0.2347081 0.6610705 0.6881396 0.2990817 -0.6759881 0.7272157 -0.1191537 0.7028278 0.6880795 0.1804984 -0.6863699 0.7272526 -3.20324e-5 0.7234199 0.6881052 0.05634659 -0.6759517 0.727245 0.1191812 0.7222797 0.6881128 -0.06937491 -0.6449696 0.7272525 0.2347722 0.699468 0.6881037 -0.1930228 -0.5944573 0.7272214 0.3431759 0.6556311 0.6880974 -0.310918 -0.5258123 0.7272588 0.4411531 0.5920762 0.6880976 -0.419485 -0.441215 0.727236 0.525792 0.510793 0.6881353 -0.5153254 -0.3430589 0.7273007 0.5944278 0.4142009 0.6880811 -0.5958037 -0.2347667 0.72716 0.645076 0.3049528 0.688076 -0.6584492 -0.1191816 0.7273226 0.675868 0.1191861 0.7271631 -0.6760389 0.2347034 0.7273516 -0.6448831 -0.3168327 0.6881448 0.6527433 0.3432887 0.7271954 -0.5944239 -0.4247473 0.6880993 0.5883104 0.441095 0.7272449 -0.5258803 -0.519892 0.6881374 0.5061416 0.5257251 0.7273018 -0.4411861 -0.5995031 0.6880918 0.4088103 0.5944453 0.727232 -0.3431742 -0.6610969 0.6881123 0.2990862 0.6449581 0.7272852 -0.2347028 -0.7028211 0.6881061 0.1804233 0.6759765 0.7272275 -0.1191474 -0.7233896 0.6881324 0.05640375 0.6863575 0.7272644 -1.31794e-5 -0.7222965 0.6881012 -0.06931573 0.6759381 0.7272558 0.1191921 -0.6994609 0.6881119 -0.1930198 0.6449567 0.727264 0.2347723 -0.6556152 0.6880908 -0.3109661 0.5944439 0.7272338 0.3431727 -0.5920433 0.688138 -0.4194649 0.5258829 0.7272451 0.4410916 -0.5108347 0.6881297 -0.5152918 0.4411819 0.7273012 0.5257295 -0.4141749 0.6880795 -0.5958237 0.3430581 0.7272706 0.594465 -0.3049173 0.6880937 -0.6584471 0.2347688 0.7271976 0.6450328 -0.1867704 0.6881742 -0.7010942 0.1191478 0.7273231 0.6758735 -0.0630064 0.6880753 -0.7228988 -1.88902e-6 0.7271821 0.6864446 0.06299453 0.6880789 -0.7228963 0.1867616 0.6881735 -0.7010973 -0.4664822 0.6880174 -0.5559014 -0.5558914 0.6880224 -0.4664868 -0.6284667 0.6880026 -0.3628803 -0.6819184 0.6880205 -0.248224 -0.7146883 0.6879974 -0.1260174 -0.7256849 0.6880272 -1.30264e-6 -0.7146918 0.6879872 0.1260527 -0.6819031 0.688046 0.2481955 -0.628509 0.6879866 0.3628376 -0.5558932 0.6880224 0.4664847 -0.4664849 0.6880177 0.5558989 -0.362874 0.6880087 0.6284636 -0.2482477 0.6880241 0.6819062 -0.1259799 0.6879727 0.7147186 -1.46969e-6 0.6880653 0.7256488 0.125977 0.6879732 0.7147186 0.2482719 0.6880164 0.6819052 0.3628532 0.6880276 0.628455 0.4664576 0.6880066 0.5559355 0.5559349 0.6880068 0.4664581 0.6284753 0.6880195 0.3628333 0.6819344 0.6880107 0.2482072 0.7146565 0.6880249 0.1260468 0.725721 0.6879892 1.30445e-6 0.7146526 0.6880347 -0.1260164 0.681952 0.6879843 -0.2482318 0.6284361 0.6880357 -0.3628705 0.5559368 0.6880067 -0.466456 0.4664639 0.6880067 -0.55593 0.3628519 0.6880277 -0.6284556 0.2482746 0.6880159 -0.6819046 0.1261012 0.6880108 -0.7146606 1.53035e-6 0.6879892 -0.7257209 -0.1260983 0.6880111 -0.7146607 -0.248245 0.6880244 -0.6819068 -0.3628711 0.6880084 -0.6284656 -0.1259771 0.6879732 -0.7147186 -0.2482441 0.6880246 -0.6819069 -0.3628344 0.6880196 -0.6284746 -0.4664572 0.6880066 -0.5559358 -0.555934 0.6880069 -0.466459 -0.6285195 0.6880024 -0.3627893 -0.6819028 0.6880465 -0.2481948 -0.7146915 0.6879876 -0.1260523 -0.7256849 0.6880272 -1.12296e-6 -0.7146884 0.6879971 0.1260176 -0.6819189 0.6880199 0.2482241 -0.6284803 0.6880185 0.3628266 -0.5559368 0.6880068 0.4664558 -0.4664638 0.6880067 0.5559302 -0.3628322 0.6880195 0.6284759 -0.2482492 0.6880242 0.6819056 -0.1261012 0.6880106 0.7146608 4.25027e-6 0.6879876 0.7257225 0.1260873 0.6880177 0.7146564 0.2482576 0.6880114 0.6819154 0.3628518 0.6880277 0.6284557 0.466458 0.6880065 0.5559353 0.5559352 0.6880068 0.4664577 0.6284346 0.6880357 0.3628731 0.6819503 0.6879847 0.2482358 0.7146823 0.6880158 0.1259511 0.7256849 0.6880273 1.52809e-6 0.7146849 0.6880058 -0.1259908 0.6819365 0.6880102 -0.2482028 0.6284769 0.6880196 -0.3628305 0.555936 0.6880068 -0.4664567 0.4664642 0.6880067 -0.5559298 0.3628525 0.6880277 -0.6284552 0.2482609 0.6880111 -0.6819145 0.1259665 0.6879794 -0.7147146 6.83366e-6 0.6880637 -0.7256504 -0.1259697 0.688048 -0.714648 -0.2481393 0.6879875 -0.6819825 -0.362835 0.6880193 -0.6284745 -0.4664575 0.6880067 -0.5559356 -0.5559352 0.6880069 -0.4664576 -0.6285194 0.6880023 -0.3627895 -0.6819025 0.6880465 -0.2481957 -0.7256849 0.6880272 -1.30609e-6 -0.7146884 0.6879972 0.1260181 -0.6819235 0.6880362 0.2481665 -0.628521 0.6880023 0.3627868 -0.555936 0.6880068 0.4664567 -0.4664642 0.6880068 0.5559298 -0.3627481 0.687985 0.6285622 -0.2481257 0.6880586 0.6819157 -0.1261015 0.6880108 0.7146605 3.78853e-6 0.6879876 0.7257226 0.1260867 0.6880179 0.7146562 0.2481341 0.688046 0.6819254 0.3627675 0.6879931 0.6285422 0.4664572 0.6880067 0.5559358 0.555934 0.6880069 0.466459 0.6284755 0.6880195 0.3628331 0.681955 0.6880007 0.2481781 0.7146821 0.6880157 0.1259517 0.7256849 0.6880273 1.30696e-6 0.7146848 0.6880058 -0.1259908 0.6819361 0.6880103 -0.2482036 0.6284768 0.6880196 -0.3628305 0.5559371 0.6880068 -0.4664556 0.4664638 0.6880068 -0.55593 0.362852 0.6880276 -0.6284557 0.2481545 0.687974 -0.6819906 0.1259577 0.688054 -0.7146441 6.40089e-6 0.6879876 -0.7257225 0.1087991 -0.6902434 -0.7153509 0.02518624 -0.6988653 -0.7148097 0.1087997 0.6902393 -0.7153548 0.2185521 0.6897608 -0.6902645 0.2185535 -0.6897587 -0.6902661 0.3244293 0.6897676 -0.6472761 0.3244373 -0.6897505 -0.6472903 0.4222657 0.6897567 -0.588156 0.4222732 -0.6897498 -0.5881586 0.5095654 0.6897689 -0.514356 0.5095707 -0.689756 -0.5143679 0.5841453 0.6897644 -0.4277843 0.584151 -0.6897578 -0.4277873 0.6441739 0.6897605 -0.3305609 0.6441737 -0.6897609 -0.3305602 0.6881929 0.6897421 -0.2250478 0.6881942 -0.6897407 -0.2250482 0.7150195 0.689763 -0.1139041 0.715021 -0.6897612 -0.1139056 0.7152389 -0.6983334 -0.02763646 -0.04977893 -0.1213225 -0.9913643 0.04942619 -0.122089 -0.9912877 -0.3307952 -0.186482 -0.9250941 -0.04977852 -0.121324 -0.991364 0.04942822 -0.1220882 -0.9912877 -0.3308587 -0.1864947 -0.9250687 -0.297831 -0.1855462 -0.9364131 -0.2193162 -0.1813556 -0.9586504 -0.2541338 -0.1831308 -0.9496732 -0.2978873 -0.1855531 -0.9363937 0.313969 -0.1864061 -0.9309545 0.268159 -0.1848585 -0.9454724 0.225556 -0.1870408 -0.9561069 -0.03234511 -0.348257 -0.936841 -0.05760324 -0.189928 -0.9801068 -0.1050965 -0.1947914 -0.975198 -0.2193003 -0.1813429 -0.9586564 0.313953 -0.1863874 -0.9309637 0.2682521 -0.1848718 -0.9454434 -0.2541361 -0.183129 -0.9496729 -0.1416499 -0.1833294 -0.9727928 -0.1899012 -0.1835251 -0.9644979 0.1648456 -0.184676 -0.9688761 0.1144286 -0.1944507 -0.9742151 0.09078192 -0.1891057 -0.9777513 0.04272288 -0.2437782 -0.9688896 0.02163171 -0.5138195 -0.8576256 -0.02742356 -0.6984001 -0.715182 -7.18443e-4 -0.7071056 -0.7071076 0.02162432 -0.513954 -0.8575451 0.2255353 -0.187038 -0.9561123 0.1649035 -0.184711 -0.9688595 -0.03234195 -0.3481125 -0.9368947 -0.05760258 -0.1899238 -0.9801077 -0.1050961 -0.1947898 -0.9751983 0.1144418 -0.1944696 -0.9742098 0.09079658 -0.189161 -0.9777393 0.04272723 -0.2437999 -0.9688839 -0.14165 -0.1833294 -0.9727927 -0.189886 -0.1835142 -0.964503 -0.6864553 -0.727172 2.04506e-5 -0.7256335 -0.6880815 2.26324e-5 -0.6759018 -0.727299 0.119135 -0.714724 -0.6879677 0.1259768 -0.644968 -0.7272359 0.2348282 -0.6818966 -0.6880244 0.2482734 -0.5944548 -0.7272228 0.3431771 -0.6284676 -0.6880365 0.3628146 -0.5257344 -0.7272927 0.4411904 -0.5559195 -0.6879735 0.4665255 -0.4411011 -0.7272331 0.5258916 -0.4663543 -0.6880263 0.555998 -0.3432961 -0.7271839 0.5944336 -0.362897 -0.6880695 0.6283838 -0.2347075 -0.7273426 0.6448917 -0.2482122 -0.6879287 0.6820153 -0.1191892 -0.7271509 0.6760514 -0.1259836 -0.6881014 0.714594 -4.67278e-7 -0.727337 0.6862806 4.90712e-7 -0.687933 0.7257742 0.1192169 -0.7271612 0.6760355 0.1260184 -0.6880908 0.7145982 0.2346936 -0.7273142 0.6449287 0.2481903 -0.6879543 0.6819974 0.3432849 -0.7272267 0.5943877 0.3629374 -0.6880336 0.6283998 0.4411695 -0.7272105 0.5258654 0.4663981 -0.6880477 0.5559344 0.5256976 -0.7272603 0.4412875 0.5558329 -0.688004 0.4665838 0.5943954 -0.727298 0.3431205 0.6285272 -0.6879712 0.3628349 0.6450439 -0.7271996 0.2347323 0.6819053 -0.6880577 0.2481569 0.6759241 -0.7272577 0.1192598 0.7146677 -0.6880049 0.1260926 0.6863678 -0.7272546 2.15893e-5 0.7257037 -0.6880074 2.18178e-5 0.675887 -0.7272864 -0.1192951 0.7146843 -0.687979 -0.1261402 0.6450427 -0.7271767 -0.2348065 0.6818655 -0.688077 -0.2482129 0.5943942 -0.7272945 -0.3431302 0.6285259 -0.6879712 -0.3628373 0.5258562 -0.7272 -0.4411979 0.5559092 -0.6880565 -0.4664155 0.4412612 -0.7272688 -0.5257079 0.4665676 -0.6879956 -0.5558568 0.343056 -0.727302 -0.5944277 0.3627657 -0.6879662 -0.6285728 0.234764 -0.7271587 -0.6450784 0.2481562 -0.6880934 -0.6818696 0.1191806 -0.7273234 -0.6758674 0.1260338 -0.6879451 -0.7147357 4.37953e-7 -0.727172 -0.6864554 -4.59494e-7 -0.6880815 -0.7256335 -0.1191511 -0.7273133 -0.6758834 -0.1260008 -0.6879552 -0.7147318 -0.2347741 -0.7271875 -0.6450423 -0.2481821 -0.6880676 -0.6818861 -0.3430641 -0.7272605 -0.5944738 -0.3627293 -0.688002 -0.6285545 -0.4411917 -0.7272925 -0.5257332 -0.4665254 -0.6879736 -0.5559195 -0.5258901 -0.7272337 -0.441102 -0.5560001 -0.6880264 -0.4663515 -0.5944536 -0.727223 -0.3431787 -0.6284694 -0.6880362 -0.362812 -0.6449679 -0.7272142 -0.2348956 -0.6818566 -0.6880436 -0.2483297 -0.6758648 -0.7273275 -0.1191703 -0.7147407 -0.6879417 -0.1260234 0 -1 0 -0.6863678 -0.7272547 2.03802e-5 -0.7257038 -0.6880073 2.27335e-5 -0.6759861 -0.7272176 0.1191537 -0.7146549 -0.6880401 0.1259731 -0.644967 -0.7272745 0.234711 -0.6819692 -0.6879872 0.2481769 -0.5944533 -0.727221 0.3431837 -0.5256558 -0.7273218 0.4412359 -0.5558807 -0.6879474 0.4666103 -0.4411251 -0.7271808 0.5259437 -0.4663123 -0.6880746 0.5559734 -0.3433437 -0.7272095 0.5943749 -0.3629704 -0.6880486 0.6283643 -0.2347077 -0.7273434 0.6448906 -4.67278e-7 -0.727337 0.6862806 0.1191883 -0.7271503 0.6760522 0.1259844 -0.6881009 0.7145943 0.2347019 -0.7273426 0.6448937 0.248218 -0.6879286 0.6820133 0.3432899 -0.7271825 0.594439 0.3629028 -0.6880692 0.6283808 0.4410988 -0.7272308 0.5258967 0.466355 -0.688026 0.5559974 0.5257317 -0.7272921 0.4411943 0.5559221 -0.6879738 0.4665219 0.5944528 -0.7272229 0.3431803 0.6284699 -0.6880363 0.3628109 0.6449679 -0.7272757 0.2347054 0.6819693 -0.6879872 0.2481768 0.6759861 -0.7272176 0.119153 0.7146549 -0.6880401 0.1259732 0.6863678 -0.7272546 2.15893e-5 0.6759489 -0.7272464 -0.1191881 0.7146714 -0.6880143 -0.1260208 0.6449678 -0.7272543 -0.2347719 0.6819295 -0.6880064 -0.2482327 0.5944542 -0.7272228 -0.3431782 0.6284685 -0.6880364 -0.3628131 0.5258925 -0.7272348 -0.4410971 0.5559984 -0.6880263 -0.4663536 0.4411929 -0.7272933 -0.5257312 0.4665246 -0.6879736 -0.5559201 0.3430622 -0.72726 -0.5944756 0.3627309 -0.6880019 -0.6285536 0.2347727 -0.727188 -0.6450422 0.2481839 -0.6880681 -0.681885 0.119152 -0.7273137 -0.6758829 0.126 -0.6879556 -0.7147315 -0.1191511 -0.7273132 -0.6758835 -0.2347741 -0.7271875 -0.6450422 -0.3431111 -0.7272843 -0.5944177 -0.3628026 -0.6879814 -0.6285348 -0.4412152 -0.7272399 -0.5257865 -0.4664836 -0.6880216 -0.5558952 -0.5258118 -0.7272632 -0.4411466 -0.5559614 -0.6880001 -0.4664363 -0.5944535 -0.7272228 -0.3431795 -0.6449679 -0.7272542 -0.234772 -0.6819294 -0.6880064 -0.2482331 -0.675949 -0.7272462 -0.1191886 -0.7146714 -0.6880145 -0.1260196 0 -1 0 -0.6863678 -0.7272546 2.05521e-5 -0.6759861 -0.7272175 0.1191537 -0.6819692 -0.6879872 0.2481769 -0.3432902 -0.7272267 0.5943848 -0.3629318 -0.6880336 0.628403 -0.2346991 -0.7273142 0.6449267 -0.2481844 -0.6879539 0.682 -0.1192178 -0.7271606 0.6760359 -0.1260173 -0.6880908 0.7145982 0.3432913 -0.7271854 0.5944346 0.4411008 -0.727234 0.5258906 0.5258918 -0.7272339 -0.4410994 0.5559984 -0.6880263 -0.4663536 0.4411919 -0.7272918 -0.525734 -4.59494e-7 -0.6880814 -0.7256335 -0.1191799 -0.727324 -0.6758669 -0.1260347 -0.687945 -0.7147356 -0.2347659 -0.7271592 -0.6450772 -0.2481545 -0.6880934 -0.6818701 -0.3430578 -0.7273018 -0.594427 -0.3627639 -0.6879665 -0.6285734 -0.675949 -0.7272462 -0.1191888 0 -1 0 -0.6758686 -0.7273204 0.1191919 -0.7147307 -0.6879482 0.1260451 -0.6450378 -0.7271792 0.2348121 -0.6818656 -0.6880751 0.2482178 -0.5943592 -0.7273055 0.3431675 -0.628511 -0.6879621 0.3628803 -0.5258404 -0.7271863 0.4412393 -0.5558743 -0.6880691 0.4664384 -0.441192 -0.7272918 0.525734 -0.4665246 -0.6879736 0.5559201 -0.3432913 -0.7271842 0.5944361 -0.3628969 -0.6880695 0.6283839 -0.2347026 -0.7273423 0.6448937 -0.248215 -0.6879286 0.6820144 -0.1191893 -0.7271509 0.6760514 -0.1259865 -0.6881015 0.7145934 0.1192197 -0.7271613 0.6760349 0.1260184 -0.6880908 0.7145982 0.2346962 -0.7273141 0.6449278 0.2481852 -0.6879541 0.6819995 0.3432848 -0.7272268 0.5943878 0.3629324 -0.6880338 0.6284024 0.4412605 -0.7272691 0.525708 0.4665685 -0.6879953 0.5558565 0.5258066 -0.7271543 0.4413323 0.5557844 -0.6880994 0.4665009 0.594303 -0.7273806 0.3431056 0.6285671 -0.6878972 0.3629062 0.6451135 -0.7271432 0.2347157 0.6818743 -0.6881083 0.2481017 0.675891 -0.727279 0.1193175 0.7146745 -0.6879855 0.1261601 0.6450431 -0.7271767 -0.2348054 0.6818651 -0.688077 -0.248214 0.5943948 -0.7272945 -0.3431292 0.6285263 -0.687971 -0.362837 0.5258562 -0.7272 -0.4411978 0.5559074 -0.6880567 -0.4664173 0.4412612 -0.7272687 -0.525708 0.4665643 -0.6879954 -0.5558598 0.3430608 -0.7273018 -0.5944253 0.3627634 -0.6879663 -0.628574 0.2347689 -0.7271589 -0.6450765 0.2481536 -0.6880933 -0.6818706 -0.2347717 -0.7271875 -0.6450432 -0.2481871 -0.6880678 -0.6818841 -0.3430619 -0.7272606 -0.594475 -0.3627343 -0.6880018 -0.6285519 -0.4411886 -0.7272924 -0.525736 -0.4665253 -0.6879736 -0.5559196 -0.5258883 -0.7272338 -0.4411037 -0.594454 -0.7272229 -0.3431784 -0.6284699 -0.6880363 -0.3628109 -0.6449674 -0.7272142 -0.2348967 -0.6818571 -0.6880435 -0.2483285 0 -1 0 -0.675953 -0.727239 0.1192105 -0.7146614 -0.6880208 0.1260414 -0.6450366 -0.7272182 0.2346947 -0.6819384 -0.6880379 0.2481212 -0.5943577 -0.7273037 0.3431741 -0.5257617 -0.7272155 0.4412848 -0.5558357 -0.6880427 0.4665234 -0.4412161 -0.7272394 0.5257864 -0.4664826 -0.6880219 0.5558955 -0.3433389 -0.7272098 0.5943773 -0.3629703 -0.6880486 0.6283643 -0.2347029 -0.7273432 0.6448926 0.1191911 -0.7271505 0.6760516 0.1259845 -0.688101 0.7145943 0.2347046 -0.7273424 0.6448928 0.2482129 -0.6879283 0.6820154 0.3432897 -0.7271825 0.594439 0.3628977 -0.6880695 0.6283834 0.4411898 -0.7272894 0.5257393 0.4665253 -0.6879736 0.5559195 0.5258406 -0.7271862 0.4412393 0.5558739 -0.688069 0.4664391 0.5943605 -0.7273054 0.3431655 0.6285098 -0.6879623 0.362882 0.6450375 -0.7272192 0.2346887 0.6819383 -0.6880378 0.2481215 0.6759529 -0.727239 0.1192106 0.7146615 -0.6880208 0.1260407 0.6449682 -0.7272542 -0.2347707 0.681929 -0.6880064 -0.2482339 0.5944548 -0.7272228 -0.3431771 0.6284689 -0.6880362 -0.3628128 0.5258924 -0.7272348 -0.441097 0.5559966 -0.6880266 -0.4663555 0.4411929 -0.7272933 -0.5257313 0.4665214 -0.6879734 -0.5559231 0.343067 -0.7272598 -0.5944731 0.3627285 -0.6880021 -0.6285549 0.2347775 -0.7271882 -0.6450402 0.2481813 -0.688068 -0.681886 -0.3431088 -0.7272844 -0.5944188 -0.3628075 -0.6879811 -0.6285322 -0.4412122 -0.7272397 -0.5257893 -0.4664835 -0.6880215 -0.5558953 -0.5258101 -0.7272634 -0.4411481 -0.5944538 -0.7272226 -0.3431792 -0.6449673 -0.7272542 -0.2347731 -0.6819298 -0.6880064 -0.2482318 0 -1 0 -0.5558356 -0.6880427 0.4665233 -0.3432854 -0.7272269 0.5943873 -0.3629317 -0.6880336 0.628403 -0.2346942 -0.727314 0.6449287 -0.2481872 -0.6879538 0.6819992 -0.1192179 -0.7271607 0.6760359 -0.1260203 -0.688091 0.7145977 0.3432912 -0.7271854 0.5944346 0.4411917 -0.7272925 0.5257332 0.5943605 -0.7273054 0.3431655 0.6450376 -0.7272192 0.2346887 0.5944548 -0.7272228 -0.3431771 0.5559965 -0.6880266 -0.4663554 0.4411919 -0.7272918 -0.5257341 -0.2347634 -0.7271592 -0.6450782 -0.2481595 -0.6880936 -0.681868 -0.3430556 -0.727302 -0.5944281 -0.3627689 -0.6879662 -0.6285708 -0.6819298 -0.6880063 -0.2482318 0 -1 0 -0.9367125 -0.3485988 0.0323829 -0.7152221 -0.6983853 -0.02674806 -0.5755797 -0.8128103 0.08970856 -0.4363945 -0.8080185 0.3958105 -0.4096426 -0.8950344 0.1763704 -0.8612004 -0.3664454 0.3522098 -0.5607244 -0.8099913 0.1717624 -0.9751788 -0.1948842 0.1051034 -0.9800433 -0.1902246 0.05770546 -0.5312191 -0.808879 0.252034 -0.9645077 -0.1835246 0.189852 -0.9727754 -0.1833966 0.1416819 -0.489529 -0.8078334 0.3282781 -0.9496586 -0.1831347 0.2541854 -0.9586306 -0.1813749 0.2193865 -0.9913625 -0.1213344 0.049784 -0.925055 -0.1865127 0.3308872 -0.93643 -0.1855384 0.2977827 -0.573581 -0.819149 0 -0.4096531 -0.8950305 -0.1763659 -0.8611267 -0.366465 -0.3523695 -0.573586 -0.8191455 0 -0.9912859 -0.1221031 -0.04942917 0.3278163 -0.8055592 -0.4935697 0.3957011 -0.8073215 -0.4377818 0.3522613 -0.3664345 -0.8611839 0.1763689 -0.8950325 -0.4096474 0.2571931 -0.8052893 -0.534192 0.1720806 -0.809749 -0.5609767 0.09295701 -0.8109821 -0.5776394 -0.08962452 -0.8126712 -0.5757891 -0.3958406 -0.8079906 -0.4364189 -0.1763827 -0.8950404 -0.409624 -0.3523033 -0.366436 -0.8611661 -0.1717834 -0.8099558 -0.5607694 -0.2520014 -0.8089048 -0.5311952 -0.3282297 -0.8078188 -0.4895856 -2.9582e-7 -0.8191466 -0.5735843 0.1763678 -0.8950294 -0.4096543 0.3523045 -0.3664342 -0.8611664 3.81912e-7 -0.8191469 -0.5735837 0.3278074 -0.8055527 -0.4935861 0.3957083 -0.8073155 -0.4377864 0.2571672 -0.8052973 -0.5341924 0.1720888 -0.8097601 -0.5609582 0.09294801 -0.8110172 -0.5775915 0.9342302 -0.3551431 -0.03297811 0.716023 -0.6974383 0.02984923 0.5755695 -0.8125553 -0.09205353 0.4359951 -0.8080909 -0.3961031 0.4095963 -0.8950497 -0.1764 0.8611398 -0.3664434 -0.35236 0.5602366 -0.8099594 -0.1734958 0.9753204 -0.1938142 -0.1057646 0.9795464 -0.1928132 -0.05755013 0.5304772 -0.8089315 -0.2534243 0.964369 -0.1835847 -0.1904973 0.9728002 -0.1835583 -0.1413016 0.4889578 -0.8078578 -0.3290686 0.9495602 -0.1831156 -0.2545669 0.9585028 -0.1813825 -0.2199381 0.9913634 -0.1213313 -0.04977595 0.9250905 -0.1864795 -0.3308068 0.9362465 -0.1855822 -0.2983318 0.573576 -0.8191523 0 0.4096586 -0.89503 0.1763556 0.8612387 -0.3664259 0.3521366 0.5735737 -0.819154 0 0.9912878 -0.1220891 0.04942548 0.3523207 -0.3664746 0.8611426 0.1763688 -0.8950327 0.4096468 0 -0.8191638 0.5735598 -0.1763689 -0.8950326 0.4096472 -0.3522859 -0.3664636 0.8611615 -0.04945856 -0.1220637 0.9912892 0.04978585 -0.1213464 0.9913609 7.20397e-4 -0.7071024 0.7071108 0.08976155 -0.8130411 0.5752452 0.03243499 -0.3491512 0.9365049 0.05781209 -0.19061 0.9799621 0.1051484 -0.1951345 0.9751238 0.1717541 -0.8100643 0.5606216 0.1417646 -0.183482 0.9727472 0.189891 -0.1835509 0.964495 0.2520218 -0.8088939 0.5312023 0.2193182 -0.1813572 0.9586496 0.2541828 -0.1831579 0.9496548 0.3069506 -0.812951 0.4948659 0.2979407 -0.1855841 0.9363707 0.176368 -0.8950296 0.4096542 0.352364 -0.3664731 0.8611255 0.3958776 -0.8080392 0.4362953 0.0497868 -0.1213467 0.9913609 0.3308283 -0.1865026 0.925078 0.3403085 -0.8122051 0.4738282 -0.3124378 -0.1856871 0.9316132 -0.3958249 -0.8075878 0.4371783 -0.3416327 -0.8125713 0.4722447 -0.3038643 -0.8116576 0.4988774 -0.2682111 -0.1848965 0.9454502 -0.2255715 -0.1870685 0.9560978 -0.2572241 -0.8052338 0.5342605 -0.1720677 -0.8098602 0.5608202 -0.1650333 -0.1848605 0.9688089 -0.09300923 -0.811416 0.5770213 -0.09086322 -0.1896772 0.9776331 -0.1145395 -0.1946333 0.9741656 -0.02166932 -0.5145394 0.857193 -0.04287499 -0.2446071 0.9686739 -3.05532e-7 -0.8191565 0.5735701 -0.1763822 -0.8950411 0.4096228 -0.3523643 -0.3664744 0.8611248 2.36648e-7 -0.819157 0.5735694 -0.04943484 -0.1221079 0.991285 0.03243446 -0.3490403 0.9365462 -0.02527707 -0.6988372 0.714834 0.08976054 -0.8130107 0.5752885 0.3958045 -0.8080125 0.4364113 0.1717443 -0.8100481 0.5606479 0.1051421 -0.1950962 0.9751321 0.05779761 -0.1905805 0.9799687 0.2520374 -0.8088795 0.5312167 0.1898893 -0.183551 0.9644953 0.1417248 -0.1834575 0.9727577 0.3282799 -0.8078548 0.4894927 0.2542207 -0.1831626 0.9496439 0.2193163 -0.1813552 0.9586505 0.3308382 -0.18651 0.925073 0.2978814 -0.1855733 0.9363917 -0.4935534 -0.8055759 -0.3277999 -0.4378019 -0.8073141 -0.3956937 -0.9561067 -0.1870449 -0.2255535 -0.9454621 -0.1848765 -0.2681832 -0.9309535 -0.1864149 -0.3139668 -0.5342298 -0.8052563 -0.2572176 -0.5609071 -0.809796 -0.1720867 -0.9688438 -0.1847593 -0.1649417 -0.5773112 -0.811213 -0.09297925 -0.9776862 -0.1894151 -0.09083783 -0.9741945 -0.1945214 -0.1144844 -0.7152436 -0.6983287 0.02763479 -0.8576245 -0.5138201 -0.02166354 -0.9687597 -0.2442803 -0.04279875 -0.3522245 -0.3664244 -0.8612034 -0.1763708 -0.8950301 -0.4096519 -9.09418e-7 -0.8191527 -0.5735757 -0.08962458 -0.812669 -0.5757923 -0.3958063 -0.8080027 -0.4364278 -0.1717717 -0.8099579 -0.56077 -0.2520152 -0.8088893 -0.5312123 -0.3282373 -0.8078238 -0.4895725 0.4935407 -0.8055625 0.3278517 0.4377642 -0.8073451 0.3956725 0.9561064 -0.1870461 0.2255534 0.9454622 -0.1848761 0.2681832 0.9309331 -0.1864224 0.3140227 0.5342292 -0.8052574 0.2572155 0.5609081 -0.809796 0.1720831 0.9688442 -0.1847574 0.164942 0.5776832 -0.8109447 0.09301054 0.9777528 -0.1890864 0.09080678 0.9741907 -0.1945492 0.114469 0.8576176 -0.513834 0.02160632 0.9689 -0.2437365 0.04272437 -0.327844 -0.8055699 0.4935338 -0.395734 -0.8073144 0.4377649 -0.2255696 -0.1870722 0.9560976 -0.268285 -0.184899 0.9454287 -0.3140033 -0.1864161 0.930941 -0.2572018 -0.8052585 0.5342341 -0.1720784 -0.8098575 0.5608209 -0.1650321 -0.1848603 0.9688092 -0.09300869 -0.8114145 0.5770233 -0.09086382 -0.1896787 0.9776327 -0.114539 -0.1946321 0.9741659 0.03061908 -0.6974365 0.7159923 -0.02166742 -0.5145305 0.8571983 -0.04287159 -0.2446606 0.9686605 -0.7150315 0.6898574 -0.1132555 -0.7150326 -0.6898556 -0.1132594 -0.688507 0.6898605 -0.2237203 -0.68851 -0.6898573 -0.2237209 -0.6450335 0.6898512 -0.3286901 -0.6450389 -0.689844 -0.3286948 -0.5856789 0.6898819 -0.4254917 -0.5856801 -0.6898806 -0.4254924 -0.5119429 0.6898419 -0.5118913 -0.511946 -0.6898367 -0.5118952 -0.4254924 0.6898593 -0.5857052 -0.4255036 -0.6898533 -0.585704 -0.3286336 0.6898682 -0.6450442 -0.3286362 -0.6898555 -0.6450563 -0.2237482 0.6898875 -0.6884708 -0.2237502 -0.6898823 -0.6884754 -0.1132732 0.6898057 -0.7150785 -0.1132696 -0.6898236 -0.7150619 0.7256948 -0.6880168 4.49371e-7 0.6759378 -0.7272581 0.1191793 0.7146907 -0.6879956 0.1260135 0.6449843 -0.7272414 0.2347664 0.6819316 -0.6880108 0.2482149 0.5944265 -0.7272442 0.343181 0.6284821 -0.6880083 0.362843 0.5257928 -0.7272519 0.4411877 0.5559273 -0.688001 0.4664756 0.4411783 -0.7272518 0.5258009 0.4664632 -0.6880007 0.5559381 0.3431878 -0.72724 0.5944276 0.3628444 -0.6880123 0.6284767 0.2347328 -0.7272587 0.6449769 0.2481901 -0.6879959 0.6819555 0.119176 -0.7272355 0.6759628 0.1259998 -0.6880162 0.7146732 4.93466e-7 -0.7272552 0.6863672 -5.20133e-7 -0.6879983 0.7257123 -0.1191842 -0.7272381 0.6759586 -0.1260113 -0.688014 0.7146733 -0.2347361 -0.7272516 0.6449838 -0.2481906 -0.6880019 0.6819492 -0.3431841 -0.7272499 0.5944178 -0.3628528 -0.6880028 0.6284823 -0.4411895 -0.7272458 0.5257998 -0.46647 -0.6880073 0.5559244 -0.5257887 -0.7272437 0.4412062 -0.5559122 -0.6880097 0.4664806 -0.5944152 -0.727262 0.3431627 -0.6285017 -0.6879923 0.3628391 -0.6450018 -0.7272323 0.2347466 -0.6819338 -0.6880195 0.2481847 -0.6759428 -0.7272479 0.1192134 -0.7146767 -0.6880048 0.126042 -0.6863671 -0.7272553 4.89736e-7 -0.7257122 -0.6879984 9.89435e-7 -0.6759514 -0.7272427 -0.1191968 -0.7146748 -0.6880099 -0.1260251 -0.644985 -0.7272466 -0.2347484 -0.681941 -0.6880066 -0.2482002 -0.5944111 -0.7272531 -0.3431884 -0.628481 -0.6879998 -0.3628607 -0.5257893 -0.7272441 -0.4412049 -0.5559113 -0.6880094 -0.4664824 -0.4411904 -0.7272461 -0.5257986 -0.4664685 -0.6880062 -0.5559268 -0.343185 -0.7272499 -0.5944172 -0.3628519 -0.688003 -0.6284827 -0.2347372 -0.7272521 -0.6449828 -0.24819 -0.688003 -0.6819484 -0.1191852 -0.7272385 -0.6759579 -0.1260105 -0.6880149 -0.7146726 -4.93466e-7 -0.7272552 -0.6863672 5.20133e-7 -0.6879983 -0.7257123 0.1191751 -0.7272354 -0.6759631 0.1260008 -0.6880164 -0.7146728 0.2347319 -0.7272588 -0.6449772 0.2481909 -0.6879953 -0.6819558 0.3431869 -0.7272401 -0.5944281 0.3628454 -0.6880123 -0.6284763 0.4411774 -0.7272514 -0.5258021 0.4664644 -0.6880013 -0.5559363 0.525792 -0.7272518 -0.4411889 0.5559288 -0.6880018 -0.4664729 0.5944216 -0.7272356 -0.3432074 0.628463 -0.6880165 -0.3628604 0.6449667 -0.7272559 -0.2347699 0.6819397 -0.6879982 -0.2482271 0.6759456 -0.7272531 -0.1191658 0.7146894 -0.6880003 -0.1259954 0.6863891 -0.7272345 -5.15892e-7 -0.6759533 -0.7272436 0.1191801 -0.6863582 -0.7272636 5.99015e-6 -0.675952 -0.7272459 -0.1191742 -0.644959 -0.7272704 -0.2347458 -0.5943819 -0.727259 -0.3432268 -0.5257768 -0.7272459 -0.4412167 -0.4412522 -0.7272343 -0.5257631 -0.3431938 -0.7272887 -0.5943645 -0.2347441 -0.727239 -0.6449952 -0.1191728 -0.7272721 -0.675924 -1.50331e-7 -0.7272361 -0.6863874 0.1191722 -0.7272717 -0.6759245 0.2347434 -0.7272387 -0.6449958 0.3431772 -0.7272806 -0.5943841 0.4412283 -0.7272416 -0.5257731 0.5257877 -0.7272565 -0.4411862 0.594408 -0.7272476 -0.3432056 0.6449589 -0.7272569 -0.2347884 0.6759237 -0.7272729 -0.1191691 0.6863874 -0.7272362 6.46422e-6 0.6759251 -0.7272705 0.1191759 0.6449823 -0.7272455 0.2347593 0.5944153 -0.7272601 0.3431667 0.525789 -0.7272577 0.4411828 0.4411642 -0.7272658 0.5257933 0.3432098 -0.7272338 0.5944226 0.2347211 -0.7272906 0.6449452 0.1191855 -0.7272175 0.6759805 7.97354e-7 -0.7272911 0.6863291 -0.1191841 -0.7272175 0.6759807 -0.2347201 -0.7272906 0.6449457 -0.3432243 -0.7272412 0.5944051 -0.4411857 -0.7272565 0.5257881 -0.5257755 -0.7272448 0.4412201 -0.5943874 -0.7272703 0.3431933 -0.6449819 -0.7272586 0.2347194 -0.7257037 -0.6880075 -2.17128e-5 -0.6863639 -0.7272583 -2.1353e-5 -0.7146552 -0.6880408 -0.1259676 -0.6759816 -0.7272205 -0.1191608 -0.6819698 -0.6879875 -0.2481744 -0.6449629 -0.7272784 -0.2347104 -0.6284677 -0.6880351 -0.362817 -0.5944507 -0.7272267 -0.3431761 -0.5559223 -0.6879749 -0.4665202 -0.5257304 -0.7272962 -0.4411892 -0.4663558 -0.6880273 -0.5559952 -0.4411002 -0.7272406 -0.5258818 -0.3628978 -0.6880692 -0.6283837 -0.3432914 -0.7271919 -0.5944265 -0.248214 -0.687929 -0.6820144 -0.2347019 -0.7273462 -0.6448895 -0.125985 -0.6881017 -0.7145935 -0.1191881 -0.7271543 -0.6760479 -4.527e-7 -0.6879332 -0.7257741 4.31331e-7 -0.7273408 -0.6862766 0.1260176 -0.6880893 -0.7145997 0.1192176 -0.7271648 -0.6760314 0.2481853 -0.6879528 -0.6820008 0.2346943 -0.7273188 -0.6449233 0.3629328 -0.6880341 -0.6284019 0.3432841 -0.7272311 -0.5943829 0.4663127 -0.6880744 -0.5559731 0.4411226 -0.7271846 -0.5259405 0.555882 -0.6879473 -0.4666088 0.5256525 -0.7273255 -0.4412336 0.6284673 -0.688035 -0.3628179 0.5944511 -0.7272269 -0.3431751 0.6819692 -0.6879879 -0.2481751 0.6449633 -0.7272779 -0.2347109 0.7146553 -0.6880406 -0.1259685 0.6759817 -0.7272208 -0.1191588 0.7257036 -0.6880075 -2.25864e-5 0.6863639 -0.7272583 -2.04608e-5 0.7146717 -0.6880151 0.1260147 0.6759445 -0.7272492 0.1191959 0.68193 -0.6880069 0.2482299 0.644963 -0.7272569 0.2347767 0.6284677 -0.6880351 0.362817 0.5944507 -0.7272267 0.3431761 0.5559598 -0.688 0.4664383 0.5258089 -0.7272668 0.4411439 0.4664829 -0.6880216 0.5558956 0.4412144 -0.7272462 0.5257784 0.3627657 -0.6879667 0.6285721 0.3430564 -0.7273084 0.5944197 0.2481552 -0.6880933 0.68187 0.2347632 -0.7271629 0.645074 0.1260348 -0.6879442 0.7147363 0.11918 -0.7273276 0.6758629 0 -0.6880816 0.7256335 0 -0.7271756 0.6864516 -0.1260007 -0.6879547 0.7147323 -0.1191515 -0.7273165 0.67588 -0.2481822 -0.6880673 0.6818864 -0.2347718 -0.7271897 0.6450407 -0.36273 -0.6880016 0.6285545 -0.3430616 -0.7272635 0.5944718 -0.4665241 -0.6879734 0.5559208 -0.4411891 -0.7272962 0.5257304 -0.555998 -0.6880263 0.4663541 -0.5258877 -0.7272376 0.4410983 -0.6284673 -0.688035 0.3628179 -0.5944511 -0.7272267 0.3431752 -0.6819295 -0.6880071 0.2482306 -0.6449634 -0.7272565 0.2347772 -0.7146717 -0.6880149 0.1260156 -0.6759446 -0.7272494 0.119194 0.7256856 -0.6880265 7.75621e-6 0.7146911 -0.6879956 0.126011 0.681927 -0.688018 0.2482073 0.6284869 -0.6880051 0.3628407 0.5559218 -0.6880082 0.4664717 0.4664571 -0.6880011 0.5559427 0.362856 -0.6880295 0.6284512 0.2481954 -0.6879779 0.6819717 0.1260015 -0.6880431 0.7146471 -8.43132e-7 -0.687977 0.7257326 -0.126003 -0.6880434 0.7146465 -0.2481966 -0.6879775 0.6819717 -0.3628807 -0.6880214 0.6284459 -0.4664716 -0.6880078 0.5559224 -0.5558923 -0.6880183 0.4664918 -0.6284779 -0.6879949 0.3628755 -0.6819522 -0.6880061 0.2481712 -0.7146683 -0.6880199 0.1260078 -0.7257091 -0.6880017 7.0314e-6 -0.7146716 -0.6880177 -0.1260013 -0.6819491 -0.6879953 -0.2482093 -0.6284512 -0.6880052 -0.3629022 -0.5558918 -0.6880182 -0.4664925 -0.4665121 -0.688029 -0.5558621 -0.3628941 -0.6879794 -0.6284841 -0.2481852 -0.6880236 -0.6819294 -0.1260074 -0.6879944 -0.7146928 1.55482e-7 -0.6880264 -0.7256856 0.1260079 -0.6879942 -0.714693 0.2481859 -0.6880238 -0.681929 0.3628703 -0.6879858 -0.6284908 0.4664982 -0.6880213 -0.5558833 0.5559224 -0.688008 -0.4664711 0.6284607 -0.6880156 -0.3628661 0.6819246 -0.6880074 -0.2482433 0.7146946 -0.6879934 -0.1260038 -0.2482051 -0.6880253 -0.6819205 -0.1260306 -0.688009 -0.7146748 -2.9651e-6 -0.6880192 -0.7256925 0.1260296 -0.6880074 -0.7146764 0.2481985 -0.6880278 -0.6819204 0.3628413 -0.6880071 -0.6284844 0.4664829 -0.6880158 -0.555903 0.5559122 -0.6880206 -0.4664648 0.6284739 -0.6880117 -0.3628504 0.6819285 -0.6880191 -0.2482001 0.7146733 -0.688013 -0.1260164 0.7256929 -0.6880188 -1.50134e-6 0.7146738 -0.6880133 0.1260123 0.6819298 -0.6880191 0.2481964 0.628475 -0.6880118 0.3628484 0.5559155 -0.6880205 0.466461 0.4664703 -0.6880087 0.5559223 0.3628402 -0.6880217 0.6284689 0.2482045 -0.6880124 0.6819337 0.126005 -0.6880158 0.7146727 1.49443e-7 -0.6880192 0.7256925 -0.1259986 -0.6880173 0.7146724 -0.2482045 -0.6880093 0.6819368 -0.3628418 -0.6880233 0.6284663 -0.466469 -0.6880087 0.5559233 -0.5559025 -0.688024 0.4664713 -0.6284709 -0.6880083 0.3628622 -0.6819287 -0.688019 0.2481996 -0.7146732 -0.6880132 0.1260164 -0.7256928 -0.6880189 1.50091e-6 -0.7146738 -0.6880133 -0.126013 -0.6819298 -0.6880189 -0.248197 -0.6284723 -0.6880083 -0.3628598 -0.5559052 -0.6880239 -0.4664683 -0.4664842 -0.6880155 -0.5559022 -0.362849 -0.6880087 -0.6284781 0.6759192 -0.727275 0.1191819 0.6449606 -0.7272695 0.2347447 0.5943984 -0.7272682 0.3431786 0.5257784 -0.727269 0.4411768 0.4411668 -0.7272796 0.525772 0.3431733 -0.7272614 0.5944097 0.2347401 -0.7272766 0.6449542 0.1191717 -0.7272624 0.6759346 -2.78764e-6 -0.7272617 0.6863603 -0.1191703 -0.7272725 0.675924 -0.2347478 -0.727272 0.6449566 -0.3431791 -0.7272636 0.5944038 -0.4411761 -0.7272721 0.5257747 -0.5257766 -0.7272642 0.441187 -0.5943949 -0.7272686 0.3431838 -0.6449633 -0.7272679 0.234742 -0.6759274 -0.7272678 0.1191804 -0.6863523 -0.7272692 -5.83816e-7 -0.675922 -0.7272723 -0.1191829 -0.6449621 -0.7272678 -0.2347455 -0.594393 -0.7272687 -0.343187 -0.5257751 -0.7272641 -0.4411887 -0.4411946 -0.7272639 -0.5257706 -0.3431652 -0.7272797 -0.5943921 -0.2347509 -0.7272645 -0.6449639 -0.1191933 -0.727269 -0.6759237 5.81711e-7 -0.7272607 -0.6863614 0.1191982 -0.7272715 -0.6759201 0.2347518 -0.7272594 -0.6449693 0.3431649 -0.727278 -0.5943945 0.4411928 -0.7272719 -0.5257608 0.5257791 -0.7272689 -0.4411761 0.5944008 -0.7272681 -0.3431747 0.6449617 -0.7272695 -0.2347416 0.6759195 -0.7272751 -0.1191795 0.6863606 -0.7272614 1.73207e-6 0 -1 3.05126e-7 -0.3431945 -0.7272673 0.5943902 -0.2347971 -0.727252 0.6449611 -0.1192607 -0.7272749 0.6759055 -3.26137e-6 -0.7272967 0.6863234 -0.5943745 -0.727275 0.3432055 -0.5257685 -0.7272502 0.4412196 0.5944001 -0.7272436 0.3432278 0.6449153 -0.7273069 0.2347533 0 -1 0 0.6759647 -0.7272308 0.1191936 0.6759304 -0.7272584 -0.11922 0.6449568 -0.727273 -0.234744 0.343195 -0.7272641 0.5943939 0.2348131 -0.7272564 0.6449504 0.1192585 -0.7272633 0.6759183 0.4411567 -0.7272735 0.5257892 0.5257892 -0.7272695 0.441163 -0.4412024 -0.7272545 0.5257771 0.594419 -0.727258 -0.3431646 0.5257871 -0.7272641 -0.4411745 0.4411625 -0.7272751 -0.525782 0.3431963 -0.7272567 -0.5944023 0.2348179 -0.7272574 -0.6449475 -0.5257623 -0.7272524 -0.4412233 -0.4411902 -0.7272665 -0.5257706 -0.3431887 -0.7272756 -0.5943836 -0.2347928 -0.7272543 -0.6449602 -0.1191335 -0.7273037 -0.6758968 2.37605e-6 -0.7271987 -0.6864272 0.1191364 -0.7273033 -0.6758968 -0.644956 -0.7272637 0.2347752 -0.6759112 -0.7272819 0.119185 -0.6863827 -0.7272406 -1.8563e-6 -0.6759007 -0.7272868 -0.119215 -0.6450027 -0.7272245 -0.2347685 -0.5943827 -0.7272933 -0.3431526 0.1191529 -0.7272216 -0.6759818 -0.4411985 -0.7272601 0.5257725 -0.3430731 -0.727319 0.5943971 -0.3245176 -0.6897186 0.6472842 0.2347273 -0.727232 0.6450092 0.3430725 -0.7272898 0.5944333 0 -1 0 0.3431984 -0.7272603 -0.5943966 0.2346837 -0.7272968 -0.6449519 3.26139e-6 -0.7272922 -0.686328 -0.1191477 -0.7272329 -0.6759705 -0.2346652 -0.7272997 -0.6449555 -0.2347037 -0.7272186 0.6450328 -0.1192616 -0.7272682 0.6759126 -3.2614e-6 -0.7272884 0.686332 -0.3431916 -0.7272669 -0.5943925 -0.4412011 -0.7272521 -0.5257812 -0.5257605 -0.7272571 -0.4412177 -0.5943751 -0.7273026 -0.343146 -0.6450015 -0.7272236 -0.2347741 -0.4222694 -0.6897795 0.5881265 -0.5095169 -0.6897553 0.5144223 -0.5257585 -0.7272615 0.4412128 -0.5841381 -0.6897475 0.4278214 -0.5943773 -0.7272999 0.3431479 -0.6442041 -0.6897482 0.3305276 -0.6449994 -0.7272394 0.2347313 -0.6881822 -0.68976 0.2250252 -0.6759174 -0.727277 0.1191804 -0.7150239 -0.689754 0.1139312 -0.6863822 -0.7272411 -4.24204e-6 -0.6758998 -0.7272877 -0.1192147 0.4411588 -0.7272695 0.5257927 0.5257858 -0.7272724 0.4411623 0.5944126 -0.7272583 0.3431748 0.6449509 -0.7272892 0.2347101 0.6759596 -0.7272356 0.1191935 0.6863208 -0.727299 9.08474e-7 0.5944144 -0.7272614 -0.3431652 0.5257836 -0.7272695 -0.4411697 0.4411616 -0.727272 -0.5257869 0.6759425 -0.7272474 -0.1192183 0.644952 -0.7272779 -0.2347419 -0.1087949 -0.6903035 0.7152935 -0.2184893 -0.6897292 0.690316 0.1192585 -0.7272675 0.6759138 -0.6759361 -0.7272687 0.1191253 -0.6449568 -0.727284 0.2347101 -0.3430774 -0.7272971 0.5944215 -0.4411619 -0.7272744 0.5257835 -0.5257873 -0.7272644 0.4411737 -0.5944192 -0.7272582 0.3431639 -0.2347111 -0.7272295 0.6450179 -0.1192525 -0.7272607 0.6759223 -8.30708e-6 -0.7272897 0.6863307 -3.15355e-6 -0.7272926 -0.6863276 -0.1191455 -0.7272542 -0.675948 -0.2346732 -0.7273124 -0.6449382 -0.3431915 -0.7272573 -0.5944044 -0.4411582 -0.7272768 -0.5257833 -0.5257886 -0.7272688 -0.441165 -0.5944085 -0.7272607 -0.3431773 -0.6449509 -0.7272779 -0.2347449 -0.6759363 -0.727263 -0.1191583 0.2347117 -0.7272391 0.6450068 0.3430721 -0.7272889 0.5944347 0.3431945 -0.7272506 -0.5944107 0.234673 -0.7273196 -0.6449301 0 -1 0 0.1191387 -0.727224 -0.6759817 -0.6863728 -0.7272499 -3.02298e-6 0.6863682 -0.7272542 1.2386e-6 0.6759477 -0.727257 0.1191298 0.6449505 -0.7272891 0.2347116 0.6759185 -0.72728 -0.1191552 0.6449591 -0.7272698 -0.2347477 0.5944113 -0.7272649 -0.3431634 0.5257869 -0.727271 0.4411633 0.5944112 -0.7272599 0.343174 0.5257834 -0.7272699 -0.4411694 0.4411642 -0.7272735 -0.5257827 0.1192448 -0.7272623 0.6759219 -0.4411572 -0.7272735 -0.5257887 -0.5257888 -0.7272695 -0.4411636 0 -1 2.79085e-7 -0.6759032 -0.7272894 0.1191847 -0.6449936 -0.7272441 0.2347323 -0.1192618 -0.7272695 0.675911 -3.26139e-6 -0.7272996 0.6863201 0 -1 -2.16949e-7 -0.5944164 -0.7272831 -0.3431157 -0.6449912 -0.727234 -0.2347703 -0.6758958 -0.7272912 -0.119216 3.26139e-6 -0.7272918 -0.6863284 0 -1 -3.59051e-7 0.1191511 -0.7272358 -0.6759668 0.2346922 -0.7272974 -0.6449481 -0.1191495 -0.7272202 -0.6759838 -0.2346642 -0.7273008 -0.6449545 -0.3431655 -0.7272652 -0.5944097 -0.6863728 -0.7272499 -3.02298e-6 -0.5944291 -0.7272766 0.3431077 -0.5257872 -0.7272643 0.4411742 -0.4411625 -0.7272751 0.525782 -0.3430459 -0.727307 0.5944276 -0.2347075 -0.7272155 0.6450348 0.3628261 -0.6880003 0.6285004 0.2482345 -0.6880384 0.6818965 0.1260793 -0.6879742 0.7146997 0.4411677 -0.7272663 -0.5257897 0.5257855 -0.7272681 -0.4411698 0.5944191 -0.7272558 -0.3431689 0.1192567 -0.7272768 0.6759042 0.2347306 -0.727217 0.6450249 0.3430811 -0.7272806 0.5944396 0.466476 -0.6879966 0.5559324 0.4411624 -0.7272651 0.5257959 0.5559107 -0.6880038 0.4664914 0.5257918 -0.7272647 0.441168 0.6284728 -0.6879959 0.3628827 0.5944187 -0.7272506 0.3431807 0.6819604 -0.687988 0.2481986 0.6449673 -0.7272716 0.2347195 0.7146923 -0.6880002 0.125979 0.6759497 -0.7272554 0.1191289 0.6863826 -0.7272406 4.57539e-6 0.6759294 -0.7272706 -0.1191515 0.6449552 -0.7272738 -0.2347458 0.3432004 -0.7272474 -0.5944113 0 -1 1.27715e-7 0.4411629 -0.7272633 0.5257979 0.5257844 -0.7272745 0.4411604 0.5943957 -0.7272472 0.3432278 0.6449288 -0.7272928 0.2347597 0.4411639 -0.727272 -0.5257849 0.5257756 -0.7272797 -0.4411625 0.5944131 -0.7272627 -0.3431649 0.6449615 -0.727267 -0.2347499 0.675933 -0.727267 -0.1191529 0.6863822 -0.7272411 4.06883e-6 0.6759492 -0.7272565 0.1191252 -3.2614e-6 -0.7272943 0.6863257 0.1192568 -0.7272765 0.6759044 0.2348188 -0.7272632 0.6449406 0.3431951 -0.7272472 0.5944145 -0.5944139 -0.727265 0.3431586 -0.5257833 -0.7272697 0.4411698 0 -1 -1.15139e-6 -0.4411633 -0.727273 0.5257843 -0.5257913 -0.7272669 -0.4411648 -0.4411604 -0.727267 -0.5257949 -0.3431696 -0.727256 -0.5944185 -0.5944228 -0.7272767 -0.3431184 -0.6449888 -0.7272364 -0.2347695 -0.6758997 -0.7272874 -0.1192171 -0.686367 -0.7272554 -1.56867e-6 -0.6759077 -0.727285 0.1191864 -0.6449562 -0.7272633 0.2347756 -0.3431646 -0.7272651 0.5944104 -0.234798 -0.7272468 0.6449666 -0.1192601 -0.7272712 0.6759095 -0.2347903 -0.7272593 -0.6449553 -0.1191324 -0.7273083 -0.6758921 2.37605e-6 -0.7271982 -0.6864276 0.1191365 -0.7273029 -0.6758973 0.2348175 -0.727259 -0.6449458 0.3431999 -0.7272492 -0.5944094 -0.5257913 -0.7272669 -0.4411648 -0.5944126 -0.7272592 -0.3431732 0.686328 -0.7272922 6.09142e-6 0 -1 0 -8.30708e-6 -0.7272925 0.6863276 0.1192445 -0.7272653 0.6759186 0.6449223 -0.7272987 0.2347589 0.6759392 -0.7272652 0.1191288 0.2348034 -0.7272822 0.6449248 0.3431898 -0.727252 0.5944118 0.4411581 -0.727273 0.5257886 -0.6759259 -0.7272732 -0.1191552 -0.6863632 -0.727259 -1.44774e-6 -0.5944033 -0.7272413 0.343227 -0.5257824 -0.7272681 0.4411735 -0.4411658 -0.7272787 0.5257742 0.5257888 -0.7272697 0.4411634 0.5943969 -0.7272471 0.3432259 -0.6759482 -0.7272576 0.1191244 -0.6449162 -0.7273069 0.2347505 -0.3431954 -0.7272546 0.5944054 -0.2347968 -0.7272705 0.6449405 -0.11926 -0.7272953 0.6758835 0.6863728 -0.7272499 1.40855e-6 0.6759191 -0.7272797 -0.1191545 -0.6449626 -0.7272664 -0.2347484 -0.4411604 -0.727267 -0.5257951 -0.3431954 -0.7272469 -0.5944147 -0.2348001 -0.7272741 -0.6449353 -0.119124 -0.727301 -0.6759015 -4.01019e-6 -0.7272002 -0.6864256 0.1191227 -0.7272979 -0.6759051 0.2348021 -0.7272633 -0.6449467 0.3431968 -0.7272576 -0.5944009 0.4411627 -0.7272754 -0.5257814 0.5257873 -0.7272644 -0.4411737 0.5944191 -0.7272582 -0.3431639 -0.1087961 0.6902956 0.715301 -0.2184889 0.6897327 0.6903126 -0.3245027 0.689749 0.6472592 -0.4222671 0.689789 0.5881171 -0.5095074 0.6897685 0.514414 -0.5841286 0.6897588 0.4278162 -0.6442091 0.6897442 0.3305265 -0.6881806 0.6897625 0.2250228 -0.7150226 0.6897557 0.1139289 0.5773715 0.5773397 -0.5773398 0.3015176 0.9045346 -0.3015033 0.3015236 0.9045286 0.3015154 0.5773648 0.5773486 0.5773375 -6.69848e-6 -0.6880636 -0.7256504 0.1259595 -0.6879781 -0.714717 0.2482575 -0.6880108 -0.6819159 0.3628539 -0.6880269 -0.6284554 0.4664559 -0.6880069 -0.5559366 0.5559263 -0.6880076 -0.4664672 0.6284772 -0.6880193 -0.3628305 0.6819347 -0.6880108 -0.2482061 0.7146851 -0.6880058 -0.1259893 0.7256849 -0.6880273 -1.57733e-6 0.7146823 -0.6880156 0.1259514 0.6819513 -0.6879848 0.2482324 0.628434 -0.6880357 0.362874 0.5559372 -0.6880078 0.4664538 0.4664538 -0.6880061 0.5559393 0.3628534 -0.6880264 0.6284562 0.2482659 -0.6880105 0.6819132 0.1260809 -0.6880162 0.714659 -5.11242e-6 -0.6879876 0.7257224 -0.1260853 -0.688018 0.7146565 -0.2482587 -0.688011 0.6819154 -0.362855 -0.6880271 0.6284545 -0.4664564 -0.6880068 0.5559363 -0.5559261 -0.6880065 0.4664691 -0.6284354 -0.6880344 0.3628742 -0.6819502 -0.6879849 0.2482355 -0.7146818 -0.6880157 0.125954 -0.7256848 -0.6880273 1.5769e-6 -0.7146856 -0.6880058 -0.1259866 -0.6819362 -0.6880112 -0.2482007 -0.6284754 -0.6880204 -0.3628317 -0.5559365 -0.6880077 -0.4664547 -0.4664541 -0.6880062 -0.5559389 -0.3628538 -0.6880265 -0.6284558 -0.2482662 -0.6880107 -0.681913 -0.1259667 -0.6879797 -0.7147142 3.80919e-7 -0.6880652 -0.7256489 0.1259759 -0.6879733 -0.7147188 0.2482709 -0.6880162 -0.6819056 0.362854 -0.6880272 -0.6284549 0.4664563 -0.6880075 -0.5559354 0.5559259 -0.688007 -0.4664684 0.6284765 -0.6880185 -0.3628333 0.6819347 -0.6880107 -0.2482061 0.714685 -0.6880058 -0.1259893 0.681952 -0.6879854 0.248229 0.6284342 -0.6880357 0.3628736 0.5559362 -0.6880065 0.466457 0.4664539 -0.6880061 0.5559394 0.2482793 -0.688016 0.6819028 0.1260974 -0.6880117 0.7146604 5.41649e-7 -0.6879893 0.7257209 -0.126095 -0.6880117 0.7146608 -0.2482437 -0.6880245 0.6819072 -0.3628289 -0.6880195 0.6284779 -0.555927 -0.6880077 0.4664662 -0.6284803 -0.6880184 0.3628267 -0.6819152 -0.6880207 0.2482322 -0.7146868 -0.6879975 0.1260253 -0.7256849 -0.6880273 1.5769e-6 -0.7146915 -0.6879873 -0.1260539 -0.6819009 -0.6880463 -0.2482004 -0.6285169 -0.6880024 -0.3627938 -0.4664542 -0.6880062 -0.555939 -0.3628339 -0.6880185 -0.6284761 -0.2482447 -0.6880239 -0.6819075 -0.1259779 -0.6879735 -0.7147182 -5.41649e-7 -0.6879893 -0.7257209 0.1259649 -0.6880487 -0.7146481 0.2481656 -0.6879798 -0.6819807 0.3628546 -0.688027 -0.6284548 0.4664563 -0.6880076 -0.5559354 0.5559264 -0.6880071 -0.4664676 0.628476 -0.6880186 -0.3628339 0.6819344 -0.6880108 -0.2482072 0.714656 -0.6880248 -0.1260508 0.725721 -0.6879893 -2.88879e-6 0.714653 -0.6880345 0.1260145 0.6819567 -0.6880015 0.2481713 0.6284748 -0.6880196 0.362834 0.5559355 -0.6880065 0.4664579 0.4664541 -0.6880062 0.5559389 0.3627679 -0.6879919 0.6285433 0.2481575 -0.6880506 0.6819122 -0.126095 -0.6880117 0.7146608 -0.2481216 -0.6880591 0.6819168 -0.3627823 -0.6879744 0.6285541 -0.4664766 -0.6880189 0.5559045 -0.5558813 -0.6880239 0.4664967 -0.6285001 -0.6879872 0.3628517 -0.68192 -0.6880367 0.2481745 -0.7146866 -0.6879975 0.1260259 -0.7256849 -0.6880272 1.35576e-6 -0.7146914 -0.6879875 -0.1260539 -0.6819006 -0.6880465 -0.248201 -0.6285032 -0.6879867 -0.362847 -0.5558836 -0.6880227 -0.4664956 -0.4664782 -0.6880178 -0.5559044 -0.3628697 -0.6880076 -0.6284673 -0.2481387 -0.687987 -0.6819832 -0.1259678 -0.6880486 -0.7146477 -7.65308e-6 -0.6879878 -0.7257224 0.1259485 -0.6880531 -0.7146467 0.248152 -0.6879739 -0.6819915 0.3628545 -0.6880267 -0.6284552 0.5559267 -0.6880077 -0.4664664 0.6284767 -0.6880193 -0.3628312 0.6819343 -0.6880109 -0.2482072 0.7256849 -0.6880272 -1.75873e-6 0.7146822 -0.6880156 0.1259519 0.6819561 -0.6880009 0.2481747 0.6284747 -0.6880195 0.3628344 0.5559365 -0.6880077 0.4664547 0.4664542 -0.6880062 0.555939 0.362768 -0.6879919 0.6285433 0.2481441 -0.6880452 0.6819226 -0.2481365 -0.6880456 0.681925 -0.3627685 -0.6879926 0.6285422 -0.4664559 -0.6880069 0.5559366 -0.5559253 -0.6880064 0.46647 -0.6284762 -0.6880183 0.3628341 -0.681955 -0.6880009 0.2481778 -0.7146817 -0.6880157 0.1259546 -0.7256849 -0.6880273 1.35576e-6 -0.7146855 -0.6880058 -0.1259866 -0.681936 -0.6880113 -0.2482013 -0.6284754 -0.6880204 -0.3628315 -0.5559374 -0.6880078 -0.4664536 -0.4664539 -0.6880062 -0.5559391 -0.3628538 -0.6880263 -0.6284561 -0.2481603 -0.6879739 -0.6819887 -0.1259566 -0.6880547 -0.7146438 0.1259649 -0.6880483 -0.7146486 0.2481654 -0.6879794 -0.6819813 0.628476 -0.6880186 -0.3628339 0.6819343 -0.6880108 -0.2482072 0.2481575 -0.6880506 0.6819122 -0.3627424 -0.687985 0.6285656 -0.5559263 -0.6880076 0.4664672 -0.628521 -0.6880023 0.3627868 -0.6819006 -0.6880465 -0.248201 -0.6285169 -0.6880024 -0.3627936 -0.4664539 -0.6880062 -0.5559392 -0.3628339 -0.6880183 -0.6284763 3.80919e-7 -0.6880652 -0.7256489 0.1259759 -0.6879736 -0.7147184 0.2482711 -0.6880166 -0.6819052 0.725721 -0.6879893 -2.70738e-6 0.7146531 -0.6880345 0.1260139 0.5559362 -0.6880065 0.466457 0.2482793 -0.688016 0.6819028 -0.2482438 -0.6880245 0.6819072 -0.3628687 -0.6880089 0.6284664 -0.4664771 -0.6880187 0.5559042 -0.5558822 -0.6880239 0.4664958 -0.6284593 -0.6880034 0.3628917 -0.7146914 -0.6879873 -0.1260539 -0.6285032 -0.6879867 -0.3628472 -0.5558827 -0.6880227 -0.4664967 -0.4664785 -0.6880177 -0.5559042 -0.3628697 -0.6880078 -0.628467 0.9045398 0.3014988 0.3015067 0.9045366 0.3015148 -0.3015005 0.5773658 0.577335 -0.5773501 0.5773594 0.5773594 0.5773321 -0.5773543 0.5773423 -0.5773543 0.5773393 0.5773677 -0.577344 0.5616062 0.2177826 -0.7982288 -0.2274595 0.5491318 -0.8041869 5.41121e-6 0.8164985 -0.5773476 0.2274585 0.5491179 -0.8041966 0.2365975 0.5363262 -0.8101704 0.2796037 -0.7209695 -0.6340543 -0.2274591 0.5491306 -0.8041878 -0.5773543 0.5773423 -0.5773543 0.5773506 0.5773636 -0.5773368 -0.5363252 0.2365978 -0.8101708 0.713084 -0.3145472 -0.6265552 -0.2177829 0.5616057 -0.7982291 0.2274581 0.5491207 -0.8041949 5.36466e-6 0.8164984 -0.5773477 0.2274596 0.549132 0.8041868 0.2795884 -0.7209662 0.6340649 0.5773543 0.5773423 0.5773543 -0.5773704 0.5773518 0.5773289 0.5616059 0.2177938 0.798226 0.2365869 0.5363286 0.8101718 -0.2274581 0.5491206 0.8041949 0.5773543 0.5773423 0.5773543 -0.577344 0.5773686 0.5773382 0.7130861 -0.3145618 0.6265454 -0.5363248 0.236586 0.8101746 -0.2177913 0.5616036 0.7982283 -5.34549e-6 0.8164984 0.5773479 0.2274591 0.5491305 0.8041878 -0.2274586 0.549118 0.8041966 -5.43312e-6 0.8164983 0.5773478 0.5773543 -0.5773423 -0.5773543 -0.5773198 -0.5773503 -0.5773808 0.3015057 -0.3015098 -0.9045364 -0.3015175 -0.3015075 -0.9045333 -0.5773497 -0.5773577 -0.5773434 0.5773543 -0.5773423 -0.5773543 -0.5773543 -0.5773423 0.5773543 0.5773198 -0.5773501 0.5773809 -0.3015057 -0.3015098 0.9045364 0.3015175 -0.3015075 0.9045333 0.5773497 -0.5773577 0.5773434 -0.5773543 -0.5773423 0.5773543 -0.5773423 -0.5773543 -0.5773543 -0.5773434 0.5773314 -0.5773761 0.5773434 -0.5773314 -0.5773761 0.5773423 0.5773543 -0.5773543 -0.5773423 0.5773543 0.5773543 -0.5773434 -0.5773314 0.5773761 0.5773434 0.5773314 0.5773761 0.5773423 -0.5773543 0.5773543 0.2795881 -0.7209661 0.6340649 0.5616058 0.2177938 0.798226 0.2365868 0.5363286 0.8101718 -0.2274581 0.5491206 0.8041949 0.7130862 -0.3145617 0.6265454 -0.5363249 0.236586 0.8101745 -0.2177916 0.5616034 0.7982282 0.5773395 0.5773676 -0.5773438 0.5616073 0.2177824 -0.7982282 5.3893e-6 0.8164985 -0.5773477 0.2365975 0.536326 -0.8101703 0.2796043 -0.7209694 -0.6340541 -0.5363248 0.236598 -0.8101711 0.7130842 -0.3145471 -0.626555 -0.2177824 0.5616058 -0.7982291 5.34549e-6 0.8164983 -0.5773478 0.5773413 -0.5773547 0.5773547 0.5773541 0.5773608 0.577336 -0.5773541 -0.5773608 0.577336 -0.5773413 0.5773547 0.5773547 0.5773413 0.5773547 -0.5773547 0.5773541 -0.5773608 -0.577336 -0.5773541 0.5773608 -0.577336 -0.5773413 -0.5773547 -0.5773547 0.5773342 0.5773598 -0.5773568 0.5773459 -0.5773499 -0.577355 -0.577319 0.5773398 -0.5773921 0.3014957 -0.301508 -0.9045404 -0.7070744 3.17171e-7 -0.7071392 0.7070798 4.04189e-7 -0.7071338 -0.5773217 -0.5773389 -0.5773903 0.3014988 0.3015096 -0.9045388 0.5773462 -0.57735 -0.5773547 0.301496 -0.3015044 0.9045414 0.5773342 -0.5773598 0.5773568 0.5773462 0.57735 0.5773546 -0.577331 -0.5773425 0.5773774 0.577346 0.5773499 0.577355 0.3015 0.3015015 0.9045412 0.7070792 1.23566e-7 0.7071344 -0.7070803 1.24864e-7 0.7071334 -0.5773233 0.5773336 0.577394 0.7272505 -0.5257788 0.4412068 0.7272406 -0.4412516 0.5257549 0.7071039 -0.7071098 0 0.7272826 -0.5943879 0.3431664 0.7272416 0.5944211 -0.3431957 0.7272789 0.5257903 -0.4411464 0.727283 -0.5943869 -0.3431673 0.7272375 -0.6449926 -0.234756 0.7272866 -0.6759093 -0.1191673 0.7272304 -0.6863936 -1.17783e-5 0.7272929 -0.6758984 0.1191905 0.7272315 -0.6449854 0.234794 0.7272515 0.6759415 0.1191988 0.7272663 0.2347289 -0.6449699 0.7272534 0.119131 -0.6759514 0.7272564 -0.6863659 7.71253e-7 0.7272689 -0.6759271 0.1191742 0.7272606 -0.1191813 -0.6759348 0.7272709 -0.2347356 -0.6449623 0.7272722 0.6449467 0.2347746 0.7272652 -0.3431996 -0.5943899 0.7272605 0.5257656 -0.441206 0.7272784 0.5943894 -0.3431727 0.7272611 0.6449741 -0.2347331 0.7272898 -0.3432354 0.5943392 0.7272958 -0.2346413 0.6449685 0.7272723 3.96405e-6 -0.6863491 0.727266 0.6449689 0.2347325 0.7272477 0.6759468 0.119192 1 -4.37569e-7 0 0.7272679 0.6863538 -7.74513e-7 0.7272627 0.6759299 -0.1191965 0.7272675 0.4411543 -0.5257994 0.7272551 0.3431268 -0.5944443 0.7272425 0.2347695 -0.6449819 0.7272582 -0.2347788 -0.6449609 0.7272454 -0.3431574 -0.5944385 0.7272439 0.4412116 -0.525784 0.7272819 0.3431976 -0.5943707 0.7272659 -0.4411584 -0.5257982 0.7272573 -0.5257732 -0.4412022 0.7272701 -0.6449582 0.2347493 0.7272701 -0.5943879 0.3431928 0.7272443 -0.525805 0.4411856 0.7272783 0.2347286 0.6449565 0.7272595 0.3431842 0.5944059 0.7272766 0.4411838 0.525762 0.7272834 0.6863373 -1.21351e-5 0.7272362 0.6759614 -0.1191793 0.7272841 0.6449474 -0.2347357 0.7272713 0.1192417 -0.6759127 0.7272709 -2.18953e-7 -0.6863506 0.7272651 -0.1192268 -0.675922 0.7272089 -0.1191101 0.676003 0.7272777 1.69605e-6 0.6863433 0.727264 -0.6759328 -0.1191718 0.7272198 0.1191251 0.6759887 0.7272641 -0.6449647 -0.2347499 0.7272806 0.2346379 0.6449869 0.7272639 -0.5943943 -0.3431947 0.7272896 0.3432099 0.594354 0.7272623 -0.5257723 -0.441195 0.7272307 0.4412591 0.5257622 0.7272617 -0.4411983 -0.5257705 0.7272694 0.5257989 0.4411517 0.727227 0.5944359 0.3432009 0.7272784 -0.4411834 0.5257598 0.7272633 -0.3431706 0.5944091 0.7272749 -0.2347325 0.6449588 0.7272604 0.5257847 0.4411835 0.7272729 0.5943943 0.3431758 0.7272541 -0.1191794 0.6759421 0.7272678 2.49184e-6 0.6863539 0.7272536 0.1191772 0.675943 0.7272315 -0.4412598 0.5257607 0.727285 -0.3432331 0.5943465 0.7272434 -0.6449722 0.2347935 0.7272803 -0.5943903 0.3431669 0.7272529 -0.525779 0.4412027 0.7273067 -0.2346428 0.6449556 0.7272068 -0.1191067 0.676006 0.7272863 2.20582e-6 0.6863342 0.7272165 0.1191294 0.6759914 0.7272796 0.2346391 0.6449875 0.7071104 0.7071031 0 0.7272982 0.3432107 0.5943432 0.7272394 0.441255 0.5257537 0.7272694 0.5258003 0.44115 0.727278 0.6863431 -1.21353e-5 0.7272404 0.6759571 -0.1191783 0.7272813 0.6449502 -0.2347362 0.7272423 0.5944209 -0.3431945 0.7272775 0.525792 -0.4411466 0.7272602 0.1192609 -0.6759212 0.7272779 4.35614e-6 -0.6863431 0.7272678 -0.1192265 -0.6759191 0.7272503 -0.2347689 -0.6449733 0.7272524 -0.343158 -0.5944296 0.7272673 -0.4411555 -0.5257986 0.7272417 0.5944226 0.3431929 0.7272729 0.6449462 0.2347733 0.7272443 0.675949 0.1192002 0.7272593 -0.525764 -0.44121 0.7272846 -0.5943837 -0.3431695 0.7272211 -0.6450155 -0.2347435 0.7272986 -0.6758956 -0.1191718 0.7272246 -0.6863996 -1.17782e-5 0.7273018 -0.6758889 0.1191906 0.7272673 0.4411544 -0.5257996 0.727262 0.3431243 -0.5944374 0.7272454 0.2347485 -0.6449863 0.7273045 -0.6758865 0.1191881 0.7272348 -0.6863888 -1.17782e-5 0.7272734 -0.6759231 -0.1191701 0.727227 -0.6449902 0.2347948 0.7272832 -0.5943864 0.3431677 0.7272581 -0.5257715 0.4412029 0.7272775 0.5257929 0.4411454 0.7272407 0.5944226 0.3431949 0.7272719 0.6449474 0.2347733 0.7272515 0.6759414 0.119199 0.7272861 0.6863345 -1.21351e-5 0.7272264 0.6759716 -0.119181 0.7272968 0.6449344 -0.234732 0.7272328 0.5944306 -0.3431977 0.7272691 0.5257995 -0.4411514 0.7272586 -0.234777 -0.6449611 0.7272514 -0.3431592 -0.5944302 0.7272742 -0.4411476 -0.5257956 0.7272497 -0.5257795 -0.4412074 0.7272738 -0.5943961 -0.3431707 0.7272524 -0.6449773 -0.2347517 0.7272306 -0.4412619 0.5257601 0.7272825 -0.3432402 0.5943454 0.7273042 -0.234636 0.644961 0.7272875 0.2346333 0.6449808 0.7272924 0.3432089 0.5943512 0.7272305 0.4412629 0.5257595 0.7272742 0.4411472 -0.525796 0.7272615 0.343128 -0.5944359 0.7272426 0.2347719 -0.644981 0.727264 0.119253 -0.6759185 0.7272755 -1.732e-7 -0.6863458 0.727258 -0.1192369 -0.6759278 0.7272194 -0.1191031 0.6759929 0.7272709 1.2745e-7 0.6863506 0.7272256 0.1191202 0.6759833 0.7272229 -0.644998 0.2347862 0.7272835 -0.594385 0.3431693 0.7272616 -0.5257595 0.4412117 0.7272291 -0.4412665 0.5257585 0.7272923 -0.3432308 0.5943388 0.7272428 0.5944203 0.3431944 0.7272779 0.5257914 0.4411467 0.7272307 0.4412621 0.5257599 0.7272935 -0.2346415 0.644971 0.7272219 -0.1191061 0.6759898 0.7272779 4.70254e-6 0.6863431 0.7272269 0.6759711 -0.119181 0.7272963 0.644935 -0.2347319 0.7272767 -7.35283e-7 -0.6863444 0.7272627 -0.1192399 -0.6759222 0.7272151 0.1191338 0.6759921 0.7272934 0.2346309 0.644975 0.7272924 0.3432101 0.5943506 0.7272699 0.6449494 0.2347741 0.7272521 0.6759409 0.119199 0.7272857 0.6863349 -1.21351e-5 0.7272351 -0.6449979 -0.2347486 0.7272886 -0.675907 -0.1191688 0.7272302 -0.6863937 -1.17783e-5 0.7273039 -0.6758866 0.1191906 0.7272325 0.5944311 -0.3431977 0.7272689 0.5257998 -0.4411513 0.7272744 0.441147 -0.525796 0.7272615 0.3431279 -0.5944359 0.7272425 0.2347719 -0.644981 0.7272642 0.1192509 -0.6759187 0.7272589 -0.2347761 -0.6449611 0.7272417 -0.343163 -0.5944399 0.7272807 -0.4411443 -0.5257894 0.7272604 -0.5257728 -0.4411978 0.7272747 -0.5943932 -0.343174 0.5773449 -0.5773675 0.5773385 -0.7272583 0.6759343 0.1191985 -0.7272681 0.6449508 0.2347757 -0.7272408 0.5944243 0.3431918 -0.7272732 0.5257975 0.441147 -0.7272756 0.5943926 -0.343173 -0.7272657 0.6449694 -0.2347322 -0.7070974 -0.7071161 0 -0.7272584 0.6759349 -0.1191945 -0.727265 0.6863568 7.737e-7 -0.7273044 -0.2346333 0.6449617 -0.7272826 -0.3432388 0.5943461 -0.7272768 -0.5943949 -0.3431665 -0.7272447 -0.5257909 -0.4412019 -0.727273 -0.4411408 -0.5258032 -0.7272431 0.5944212 -0.3431923 -0.7272911 0.6449397 -0.2347348 -0.7272253 0.6759728 -0.1191813 -0.7272781 0.6863429 -1.1807e-5 -0.727229 0.4412655 0.5257594 -0.727294 0.343208 0.5943498 -0.727289 0.2346301 0.6449803 -0.7272306 -0.4412627 0.5257595 -0.7272575 -0.5257737 0.4412013 -0.7272783 -0.5943931 0.3431665 -0.7272763 -0.4411847 0.5257617 -0.7272472 -0.5258034 0.441183 -0.7272346 -0.6449942 -0.2347603 -0.7272569 0.6759365 0.1191946 -0.727265 0.6449697 0.2347337 -0.7272528 -0.3431538 -0.5944315 -0.7272514 -0.2347841 -0.6449666 -0.7272651 -0.1192298 -0.6759214 -0.7272563 0.3431344 -0.5944386 -0.7272815 0.441142 -0.5257904 -0.7272655 0.5258021 -0.4411543 -0.7272239 0.1191354 0.6759825 -0.7272712 -3.44769e-7 0.6863502 -0.7272182 -0.119119 0.6759914 -0.7272813 5.74334e-6 -0.6863395 -0.7272627 0.1192536 -0.6759198 -0.7272338 0.2347754 -0.6449896 -0.7272301 -0.644987 0.234794 -0.7273044 -0.6758865 0.119188 -0.7272233 -0.686401 -1.21248e-5 -0.7272713 -0.5943881 0.3431899 -0.7272735 -0.6449546 0.2347484 -0.727266 -0.6759304 0.1191735 -0.7272558 -0.6863666 -7.71259e-7 -0.7272869 -0.6759072 -0.1191779 -1 9.32861e-7 0 -0.7272688 -0.6449603 -0.2347476 -0.727256 -0.1191799 -0.67594 -0.7272677 2.49021e-6 -0.6863539 -0.7272767 0.2347284 -0.6449583 -0.7272785 0.3432025 -0.594372 -0.7272657 0.3431796 0.594401 -0.7272619 0.4411926 0.5257749 -0.7272807 -0.6759151 -0.1191706 -0.7272532 0.5257887 0.4411905 -0.7272754 0.59439 0.343178 -0.7272698 0.2347278 0.6449663 -0.7272577 0.1191765 0.6759388 -0.7272745 1.22875e-6 0.6863468 -0.7272551 -0.1191565 0.6759451 -0.7272657 -0.234739 0.6449669 -0.7272659 -0.3431714 0.5944055 -0.727263 -0.5943957 -0.3431944 -0.7272669 -0.5257676 -0.4411932 -0.7272644 -0.4411964 -0.5257683 -0.7272517 0.1191786 -0.6759449 -0.7272487 0.4412062 -0.5257818 -0.7272592 0.5257666 -0.4412072 -0.7272664 -0.3431988 -0.5943889 -0.7272767 -0.2347315 -0.6449572 -0.7272842 0.6863365 -1.18069e-5 -0.7272458 0.6759473 0.119201 -0.7273043 -0.2346362 0.6449607 -0.7272901 -0.343236 0.5943384 -0.7272353 -0.4412606 0.5257547 -0.7272492 -0.5257804 0.4412072 -0.7272434 0.2347702 -0.6449806 -0.7272531 0.3431388 -0.5944399 -0.7272696 0.4411484 -0.5258013 -0.7272397 0.6759576 -0.1191791 -0.7272824 0.6449484 -0.2347382 -0.7272842 0.6449347 0.2347701 -0.7272322 0.5944313 0.343198 -0.7272686 0.5258006 0.4411509 -0.7272355 0.4412602 0.5257548 -0.7273004 0.3432048 0.5943439 -0.7272881 0.2346307 0.644981 -0.7272188 0.1191267 0.6759895 -0.7272755 -1.61763e-7 0.6863457 -0.7272127 -0.1191105 0.6759988 -0.7272735 -0.5943965 0.3431704 -0.7272405 -0.6449769 0.2347896 -0.7272899 -0.6759017 0.1191905 -0.727278 -0.5943933 -0.3431667 -0.7272568 -0.5257749 -0.4412011 -0.7272702 -0.4411475 -0.5258013 -0.7272418 -0.3431688 -0.5944364 -0.7272577 -0.2347794 -0.6449612 -0.7272638 -0.1192414 -0.6759207 -0.7272712 0 -0.6863502 -0.7272696 0.119257 -0.6759118 -0.7272732 0.5257978 -0.4411468 -0.7272409 0.5944245 -0.3431915 -0.7272348 -0.6863887 -1.21246e-5 -0.7272889 -0.6759068 -0.1191682 -0.7272426 -0.6449866 -0.2347566 -0.7272778 0.6863432 -1.18071e-5 -0.7272524 0.6759403 0.1192003 -0.7272956 0.6449199 0.2347755 -0.7272332 0.5944336 0.3431917 -0.7272291 -0.4412656 0.5257591 -0.7272538 -0.5257774 0.4412031 -0.7272818 -0.5943899 0.3431646 -0.7272259 -0.6449911 0.2347959 -0.7273068 -0.675884 0.1191879 -0.727225 -0.6863992 -1.21247e-5 -0.7071153 0.7070984 0 -0.7272617 0.5258163 0.4411437 -0.7272315 0.4412603 0.5257602 -0.7272998 0.3432092 0.5943421 -0.7271562 0.6760496 -0.119167 -0.7272746 0.5257952 -0.4411475 -0.727239 0.5944258 -0.3431932 -0.7273024 0.6449265 -0.2347362 -0.7272711 -0.6759257 -0.1191693 -0.7272467 -0.6449825 -0.234755 -0.7272834 -0.5943875 -0.3431655 -0.7272458 -0.5257822 -0.4412105 -0.7272808 -0.4411433 -0.5257902 -0.7272421 -0.3431647 -0.5944384 -0.7272781 0.2346323 0.6449916 -0.7272273 0.1191315 0.6759795 -0.7272779 4.3545e-6 0.6863431 -0.7272503 -0.2347784 -0.6449699 -0.7272613 -0.1192313 -0.6759253 -0.7272863 2.20745e-6 -0.6863341 -0.727258 0.1192525 -0.6759251 -0.7272467 0.2347692 -0.6449773 -0.7272534 0.3431357 -0.5944413 -0.7272692 0.4411503 -0.5258005 -0.7272098 -0.1191089 0.6760023 -0.7273116 -0.2346314 0.6449543 -0.727284 -0.3432388 0.5943444 -0.7272357 -0.4412601 0.5257546 -0.7272496 -0.5257797 0.4412072 -0.7272731 -0.5943969 0.3431709 -0.7272399 -0.6449776 0.2347897 -0.7272737 0.6863476 -1.1807e-5 -0.7272303 0.6759651 0.1191953 -0.7272945 0.6449211 0.2347757 -0.7272249 0.5944409 0.3431969 -0.7272923 -0.6758992 0.1191901 -0.7272324 -0.6863914 -1.21246e-5 -0.72729 -0.6759057 -0.1191679 -0.7272381 -0.644991 -0.2347584 -0.7272818 -0.5943897 -0.3431649 -0.7272539 -0.5257771 -0.4412033 -0.7272368 0.6759607 -0.1191799 -0.7272801 0.5257923 0.441142 -0.7272409 0.4412593 0.5257481 -0.7272898 0.3432116 0.5943529 -0.7272766 -6.68291e-7 0.6863445 -0.7272126 -0.1191107 0.6759989 -0.7273043 -0.2346357 0.6449609 -0.7272903 -0.3432356 0.5943385 -0.7272616 0.5258166 -0.4411434 -0.7272332 0.5944338 -0.3431914 -0.7273132 0.6449133 -0.2347391 -0.727288 0.2346326 0.6449804 -0.7272242 0.1191221 0.6759845 -0.7272558 -0.1192257 -0.6759321 -0.7272779 4.70417e-6 -0.6863431 -0.7272731 0.1192516 -0.675909 -0.7272304 0.2347851 -0.64499 -0.7272616 0.3431305 -0.5944343 -0.7272731 0.441141 -0.5258028 -0.7272696 -0.4411482 -0.5258016 -0.7272523 -0.3431623 -0.5944274 -0.7272529 -0.2348012 -0.6449587 0.03039801 -0.7170623 -0.6963459 0.5773503 -0.5773503 -0.5773503 0.5943993 -0.7272701 -0.3431731 0.5257802 -0.7272603 -0.4411889 0.4411746 -0.7272651 -0.5257855 0.3431881 -0.7272652 0.5943967 0.4412028 -0.7272555 0.5257752 0.5257801 -0.7272602 0.4411892 0.5943993 -0.72727 0.3431733 0.3432015 -0.7272447 -0.5944139 0.2347579 -0.7272797 -0.6449441 0.1191736 -0.7272612 -0.6759355 0.6449808 -0.7272495 -0.2347509 0.6759228 -0.7272713 -0.1191847 0.03039771 -0.7170533 0.6963552 0.1191719 -0.7272706 0.6759257 0.2347359 -0.727259 0.6449756 0.6449743 -0.7272531 0.2347579 0.6759309 -0.7272625 0.1191922 0.686368 -0.7272544 -3.35951e-6 0.5773449 0.5773675 -0.5773385 0.03039801 0.7170615 0.6963468 0.03039765 0.7170525 -0.6963561 0.1191719 0.7272709 -0.6759255 0.2347615 0.7272709 -0.6449529 0.3432012 0.7272441 -0.5944148 0.4411751 0.7272658 -0.5257843 0.6449742 0.7272531 0.2347581 0.5943994 0.7272701 0.3431727 0.5257801 0.7272602 0.4411893 0.4412032 0.7272562 0.525774 0.5257802 0.7272604 -0.4411889 0.594403 0.7272664 -0.3431744 0.6449779 0.7272526 -0.2347494 0.6759226 0.7272712 -0.1191858 0.6863704 0.7272522 -3.08337e-6 0.6759304 0.7272628 0.1191933 0.3431878 0.7272647 0.5943974 0.2347324 0.7272686 0.644966 0.1191736 0.7272612 0.6759356 0.4411725 -0.7272682 -0.5257831 0.3432012 -0.7272451 -0.5944136 0.2347588 -0.7272772 -0.6449467 0.119172 -0.7272695 0.6759268 0.6449778 -0.7272526 -0.2347497 0.5943965 -0.7272729 -0.3431718 0.5257874 -0.7272511 -0.4411955 0.2347363 -0.7272571 0.6449775 0.3431879 -0.7272657 0.5943961 0.4412007 -0.7272586 0.5257726 0.5257874 -0.7272511 0.4411957 0.5944004 -0.7272687 0.3431743 0.6449825 -0.7272446 0.2347614 0.6759173 -0.7272755 0.1191895 0.6863644 -0.7272579 -3.19936e-6 0.6759344 -0.7272601 -0.1191865 0.1191721 0.7272697 -0.6759266 0.234762 0.7272689 -0.6449549 0.3432011 0.7272446 -0.5944143 0.441173 0.7272689 -0.5257816 0.5257875 0.7272512 -0.4411954 0.5943968 0.7272732 -0.3431711 0.6449778 0.7272526 -0.2347499 0.6759251 0.7272689 -0.119186 0.6863704 0.7272523 -3.81868e-6 0.5257874 0.7272511 0.4411954 0.4412011 0.7272593 0.5257714 0.3431876 0.727265 0.5943971 0.2347334 0.7272661 0.6449685 0.6759173 0.7272754 0.1191903 0.6449845 0.7272428 0.2347616 0.5943968 0.7272732 0.3431708</float_array>
          <technique_common>
            <accessor source="#ID4-mesh-normals-array" count="3775" stride="3">
              <param name="X" type="float"/>
              <param name="Y" type="float"/>
              <param name="Z" type="float"/>
            </accessor>
          </technique_common>
        </source>
        <vertices id="ID4-mesh-vertices">
          <input semantic="POSITION" source="#ID4-mesh-positions"/>
        </vertices>
        <triangles material="Material_001-material" count="8386">
          <input semantic="VERTEX" source="#ID4-mesh-vertices" offset="0"/>
          <input semantic="NORMAL" source="#ID4-mesh-normals" offset="1"/>
          <p>0 0 1 1 2 2 2 2 1 1 3 3 4 4 5 5 6 6 4 4 6 6 7 7 7 7 6 6 8 8 7 7 8 8 9 9 9 9 8 8 10 10 9 9 10 10 11 11 11 11 10 10 12 12 11 11 12 12 13 13 13 13 12 12 14 14 13 13 14 14 15 15 15 15 14 14 16 16 15 15 16 16 17 17 17 17 16 16 18 18 17 17 18 18 19 19 19 19 18 18 20 20 19 19 20 20 21 21 21 21 20 20 0 0 21 21 0 0 2 2 22 22 23 23 24 24 22 22 24 24 25 25 25 25 24 24 26 26 25 25 26 26 27 27 27 27 26 26 28 28 27 27 28 28 29 29 29 29 28 28 30 30 29 29 30 30 31 31 31 31 30 30 32 32 31 31 32 32 33 33 33 33 32 32 34 34 33 33 34 34 35 35 35 35 34 34 36 36 35 35 36 36 37 37 37 37 36 36 38 38 37 37 38 38 39 39 39 39 38 38 40 40 39 39 40 40 41 41 42 42 43 43 44 44 42 42 44 44 45 45 45 45 44 44 46 46 45 45 46 46 47 47 47 47 46 46 48 48 47 47 48 48 49 49 49 49 48 48 50 50 49 49 50 50 51 51 51 51 50 50 52 52 51 51 52 52 53 53 53 53 52 52 54 54 53 53 54 54 55 55 55 55 54 54 56 56 55 55 56 56 57 57 57 57 56 56 58 58 57 57 58 58 59 59 59 59 58 58 60 60 59 59 60 60 61 61 60 60 23 23 61 61 61 61 23 23 22 22 3 3 1 1 62 62 3 3 62 62 63 63 63 63 62 62 64 64 63 63 64 64 65 65 65 65 64 64 66 66 65 65 66 66 67 67 67 67 66 66 68 68 67 67 68 68 69 69 69 69 68 68 70 70 69 69 70 70 71 71 71 71 70 70 72 72 71 71 72 72 73 73 73 73 72 72 74 74 73 73 74 74 75 75 75 75 74 74 76 76 75 75 76 76 77 77 77 77 76 76 78 78 77 77 78 78 79 79 78 78 5 5 43 43 43 43 5 5 40 40 28 28 26 26 40 40 64 64 62 62 78 78 78 78 62 62 1 1 78 78 1 1 5 5 26 26 24 24 40 40 40 40 24 24 23 23 40 40 23 23 43 43 43 43 23 23 60 60 1 1 0 0 5 5 5 5 0 0 20 20 5 5 20 20 18 18 76 76 74 74 72 72 36 36 34 34 38 38 38 38 34 34 32 32 38 38 32 32 40 40 40 40 32 32 30 30 40 40 30 30 28 28 60 60 58 58 43 43 43 43 58 58 56 56 43 43 56 56 54 54 72 72 70 70 76 76 76 76 70 70 68 68 76 76 68 68 78 78 78 78 68 68 66 66 78 78 66 66 64 64 18 18 16 16 5 5 5 5 16 16 14 14 5 5 14 14 12 12 12 12 10 10 5 5 5 5 10 10 8 8 5 5 8 8 6 6 54 54 52 52 43 43 43 43 52 52 50 50 43 43 50 50 44 44 44 44 50 50 48 48 44 44 48 48 46 46 80 80 79 79 81 81 81 81 79 79 78 78 81 81 78 78 82 82 82 82 78 78 43 43 82 82 43 43 83 83 83 83 43 43 42 42 84 84 85 85 83 83 83 83 85 85 82 82 85 85 86 86 82 82 82 82 86 86 81 81 86 86 87 87 81 81 81 81 87 87 80 80 79 79 80 80 87 87 41 41 88 88 89 89 87 87 2 2 79 79 79 79 2 2 3 3 79 79 3 3 63 63 83 83 41 41 84 84 84 84 41 41 89 89 84 84 89 89 87 87 87 87 89 89 90 90 87 87 90 90 2 2 63 63 65 65 79 79 79 79 65 65 67 67 79 79 67 67 69 69 83 83 42 42 41 41 41 41 42 42 61 61 41 41 61 61 22 22 69 69 71 71 73 73 90 90 91 91 2 2 2 2 91 91 4 4 2 2 4 4 21 21 21 21 4 4 19 19 55 55 57 57 42 42 42 42 57 57 59 59 42 42 59 59 61 61 73 73 75 75 69 69 69 69 75 75 77 77 69 69 77 77 79 79 47 47 49 49 45 45 45 45 49 49 51 51 45 45 51 51 42 42 42 42 51 51 53 53 42 42 53 53 55 55 22 22 25 25 41 41 41 41 25 25 27 27 41 41 27 27 29 29 29 29 31 31 41 41 41 41 31 31 33 33 41 41 33 33 39 39 39 39 33 33 35 35 39 39 35 35 37 37 7 7 9 9 4 4 4 4 9 9 11 11 4 4 11 11 13 13 13 13 15 15 4 4 4 4 15 15 17 17 4 4 17 17 19 19 87 87 86 86 84 84 84 84 86 86 85 85 92 92 88 88 41 41 5 5 4 4 91 91 91 91 93 93 5 5 5 5 93 93 92 92 5 5 92 92 40 40 40 40 92 92 41 41 94 94 90 90 95 95 95 95 90 90 89 89 95 95 89 89 92 92 92 92 89 89 88 88 94 94 95 95 93 93 93 93 95 95 92 92 90 90 94 94 91 91 91 91 94 94 93 93 96 96 97 97 98 98 98 98 97 97 99 99 98 98 99 99 100 100 101 101 102 102 103 103 103 103 102 102 104 104 103 103 104 104 96 96 96 96 104 104 105 105 96 96 105 105 97 97 106 106 107 107 108 108 108 108 107 107 109 109 108 108 109 109 110 110 111 111 112 112 106 106 106 106 112 112 113 113 106 106 113 113 107 107 114 114 115 115 116 116 116 116 115 115 117 117 116 116 117 117 118 118 119 119 120 120 101 101 101 101 120 120 121 121 101 101 121 121 102 102 122 122 123 123 111 111 111 111 123 123 124 124 111 111 124 124 112 112 125 125 126 126 127 127 127 127 126 126 128 128 127 127 128 128 129 129 130 130 131 131 132 132 132 132 131 131 133 133 132 132 133 133 125 125 125 125 133 133 134 134 125 125 134 134 126 126 117 117 135 135 118 118 118 118 135 135 136 136 118 118 136 136 130 130 130 130 136 136 137 137 130 130 137 137 131 131 99 99 138 138 100 100 100 100 138 138 139 139 100 100 139 139 140 140 109 109 141 141 110 110 110 110 141 141 142 142 110 110 142 142 143 143 143 143 142 142 144 144 143 143 144 144 119 119 119 119 144 144 145 145 119 119 145 145 120 120 146 146 147 147 122 122 122 122 147 147 148 148 122 122 148 148 123 123 149 149 150 150 151 151 151 151 150 150 152 152 151 151 152 152 153 153 154 154 155 155 156 156 156 156 155 155 157 157 156 156 157 157 158 158 128 128 159 159 129 129 129 129 159 159 160 160 129 129 160 160 161 161 161 161 160 160 162 162 161 161 162 162 163 163 164 164 165 165 166 166 166 166 165 165 167 167 166 166 167 167 114 114 114 114 167 167 168 168 114 114 168 168 115 115 139 139 169 169 140 140 140 140 169 169 170 170 140 140 170 170 171 171 171 171 170 170 172 172 171 171 172 172 164 164 164 164 172 172 173 173 164 164 173 173 165 165 152 152 174 174 153 153 153 153 174 174 175 175 153 153 175 175 176 176 176 176 175 175 177 177 176 176 177 177 146 146 146 146 177 177 178 178 146 146 178 178 147 147 157 157 179 179 158 158 158 158 179 179 180 180 158 158 180 180 181 181 181 181 180 180 182 182 181 181 182 182 183 183 162 162 184 184 163 163 163 163 184 184 185 185 163 163 185 185 154 154 154 154 185 185 186 186 154 154 186 186 155 155 182 182 187 187 183 183 183 183 187 187 188 188 183 183 188 188 149 149 149 149 188 188 189 189 149 149 189 189 150 150 190 190 136 136 191 191 191 191 136 136 135 135 191 191 135 135 192 192 192 192 135 135 117 117 192 192 117 117 193 193 193 193 117 117 115 115 193 193 115 115 194 194 194 194 115 115 168 168 194 194 168 168 195 195 195 195 168 168 167 167 195 195 167 167 196 196 196 196 167 167 165 165 196 196 165 165 197 197 197 197 165 165 173 173 197 197 173 173 198 198 198 198 173 173 172 172 198 198 172 172 199 199 199 199 172 172 170 170 199 199 170 170 200 200 200 200 170 170 169 169 200 200 169 169 201 201 201 201 169 169 139 139 201 201 139 139 202 202 202 202 139 139 138 138 202 202 138 138 203 203 203 203 138 138 99 99 203 203 99 99 204 204 204 204 99 99 97 97 204 204 97 97 205 205 205 205 97 97 105 105 205 205 105 105 206 206 206 206 105 105 104 104 206 206 104 104 207 207 207 207 104 104 102 102 207 207 102 102 208 208 208 208 102 102 121 121 208 208 121 121 209 209 209 209 121 121 120 120 209 209 120 120 210 210 210 210 120 120 145 145 210 210 145 145 211 211 211 211 145 145 144 144 211 211 144 144 212 212 212 212 144 144 142 142 212 212 142 142 213 213 213 213 142 142 141 141 213 213 141 141 214 214 214 214 141 141 109 109 214 214 109 109 215 215 215 215 109 109 107 107 215 215 107 107 216 216 216 216 107 107 113 113 216 216 113 113 217 217 217 217 113 113 112 112 217 217 112 112 218 218 218 218 112 112 124 124 218 218 124 124 219 219 219 219 124 124 123 123 219 219 123 123 220 220 220 220 123 123 148 148 220 220 148 148 221 221 221 221 148 148 147 147 221 221 147 147 222 222 222 222 147 147 178 178 222 222 178 178 223 223 223 223 178 178 177 177 223 223 177 177 224 224 224 224 177 177 175 175 224 224 175 175 225 225 225 225 175 175 174 174 225 225 174 174 226 226 226 226 174 174 152 152 226 226 152 152 227 227 227 227 152 152 150 150 227 227 150 150 228 228 228 228 150 150 189 189 228 228 189 189 229 229 229 229 189 189 188 188 229 229 188 188 230 230 230 230 188 188 187 187 230 230 187 187 231 231 231 231 187 187 182 182 231 231 182 182 232 232 232 232 182 182 180 180 232 232 180 180 233 233 233 233 180 180 179 179 233 233 179 179 234 234 234 234 179 179 157 157 234 234 157 157 235 235 235 235 157 157 155 155 235 235 155 155 236 236 236 236 155 155 186 186 236 236 186 186 237 237 237 237 186 186 185 185 237 237 185 185 238 238 238 238 185 185 184 184 238 238 184 184 239 239 239 239 184 184 162 162 239 239 162 162 240 240 240 240 162 162 160 160 240 240 160 160 241 241 241 241 160 160 159 159 241 241 159 159 242 242 242 242 159 159 128 128 242 242 128 128 243 243 243 243 128 128 126 126 243 243 126 126 244 244 244 244 126 126 134 134 244 244 134 134 245 245 245 245 134 134 133 133 245 245 133 133 246 246 246 246 133 133 131 131 246 246 131 131 247 247 247 247 131 131 137 137 247 247 137 137 190 190 190 190 137 137 136 136 192 192 248 248 191 191 191 191 248 248 249 249 191 191 249 249 190 190 190 190 249 249 250 250 190 190 250 250 247 247 247 247 250 250 251 251 247 247 251 251 246 246 251 251 252 252 246 246 246 246 252 252 253 253 246 246 253 253 245 245 245 245 253 253 254 254 245 245 254 254 244 244 244 244 254 254 255 255 244 244 255 255 243 243 243 243 255 255 256 256 243 243 256 256 242 242 256 256 257 257 242 242 242 242 257 257 258 258 242 242 258 258 241 241 241 241 258 258 259 259 241 241 259 259 240 240 240 240 259 259 260 260 240 240 260 260 239 239 235 235 261 261 234 234 234 234 261 261 262 262 234 234 262 262 233 233 233 233 262 262 263 263 233 233 263 263 232 232 232 232 263 263 264 264 232 232 264 264 231 231 223 223 265 265 222 222 222 222 265 265 266 266 222 222 266 266 221 221 221 221 266 266 267 267 221 221 267 267 220 220 220 220 267 267 268 268 220 220 268 268 219 219 219 219 268 268 269 269 219 219 269 269 218 218 218 218 269 269 270 270 218 218 270 270 217 217 217 217 270 270 271 271 217 217 271 271 216 216 216 216 271 271 272 272 216 216 272 272 215 215 260 260 273 273 239 239 239 239 273 273 274 274 239 239 274 274 238 238 238 238 274 274 275 275 238 238 275 275 237 237 237 237 275 275 276 276 237 237 276 276 236 236 236 236 276 276 277 277 236 236 277 277 235 235 235 235 277 277 278 278 235 235 278 278 261 261 264 264 279 279 231 231 231 231 279 279 280 280 231 231 280 280 230 230 230 230 280 280 281 281 230 230 281 281 229 229 229 229 281 281 282 282 229 229 282 282 228 228 228 228 282 282 283 283 228 228 283 283 227 227 272 272 284 284 215 215 215 215 284 284 285 285 215 215 285 285 214 214 214 214 285 285 286 286 214 214 286 286 213 213 213 213 286 286 287 287 213 213 287 287 212 212 212 212 287 287 288 288 212 212 288 288 211 211 283 283 289 289 227 227 227 227 289 289 290 290 227 227 290 290 226 226 226 226 290 290 291 291 226 226 291 291 225 225 225 225 291 291 292 292 225 225 292 292 224 224 224 224 292 292 293 293 224 224 293 293 223 223 223 223 293 293 294 294 223 223 294 294 265 265 196 196 295 295 195 195 195 195 295 295 296 296 195 195 296 296 194 194 194 194 296 296 297 297 194 194 297 297 193 193 193 193 297 297 298 298 193 193 298 298 192 192 192 192 298 298 299 299 192 192 299 299 248 248 199 199 300 300 198 198 198 198 300 300 301 301 198 198 301 301 197 197 197 197 301 301 302 302 197 197 302 302 196 196 196 196 302 302 303 303 196 196 303 303 295 295 207 207 304 304 206 206 206 206 304 304 305 305 206 206 305 305 205 205 205 205 305 305 306 306 205 205 306 306 204 204 204 204 306 306 307 307 204 204 307 307 203 203 307 307 308 308 203 203 203 203 308 308 309 309 203 203 309 309 202 202 202 202 309 309 310 310 202 202 310 310 201 201 201 201 310 310 311 311 201 201 311 311 200 200 200 200 311 311 312 312 200 200 312 312 199 199 199 199 312 312 313 313 199 199 313 313 300 300 288 288 314 314 211 211 211 211 314 314 315 315 211 211 315 315 210 210 210 210 315 315 316 316 210 210 316 316 209 209 209 209 316 316 317 317 209 209 317 317 208 208 208 208 317 317 318 318 208 208 318 318 207 207 207 207 318 318 319 319 207 207 319 319 304 304 118 118 130 130 320 320 320 320 321 321 118 118 118 118 321 321 322 322 118 118 322 322 116 116 322 322 323 323 116 116 116 116 323 323 324 324 116 116 324 324 114 114 324 324 325 325 114 114 114 114 325 325 326 326 114 114 326 326 166 166 326 326 327 327 166 166 166 166 327 327 328 328 166 166 328 328 164 164 328 328 329 329 164 164 164 164 329 329 330 330 164 164 330 330 171 171 330 330 331 331 171 171 171 171 331 331 332 332 171 171 332 332 140 140 332 332 333 333 140 140 140 140 333 333 334 334 140 140 334 334 100 100 334 334 335 335 100 100 100 100 335 335 336 336 100 100 336 336 98 98 336 336 337 337 98 98 98 98 337 337 338 338 98 98 338 338 96 96 338 338 339 339 96 96 96 96 339 339 340 340 96 96 340 340 103 103 340 340 341 341 103 103 103 103 341 341 342 342 103 103 342 342 101 101 342 342 343 343 101 101 101 101 343 343 344 344 101 101 344 344 119 119 344 344 345 345 119 119 119 119 345 345 346 346 119 119 346 346 143 143 346 346 347 347 143 143 143 143 347 347 348 348 143 143 348 348 110 110 348 348 349 349 110 110 110 110 349 349 350 350 110 110 350 350 108 108 350 350 351 351 108 108 108 108 351 351 352 352 108 108 352 352 106 106 352 352 353 353 106 106 106 106 353 353 354 354 106 106 354 354 111 111 354 354 355 355 111 111 111 111 355 355 356 356 111 111 356 356 122 122 356 356 357 357 122 122 122 122 357 357 358 358 122 122 358 358 146 146 358 358 359 359 146 146 146 146 359 359 360 360 146 146 360 360 176 176 360 360 361 361 176 176 176 176 361 361 362 362 176 176 362 362 153 153 362 362 363 363 153 153 153 153 363 363 364 364 153 153 364 364 151 151 364 364 365 365 151 151 151 151 365 365 366 366 151 151 366 366 149 149 366 366 367 367 149 149 149 149 367 367 368 368 149 149 368 368 183 183 368 368 369 369 183 183 183 183 369 369 370 370 183 183 370 370 181 181 370 370 371 371 181 181 181 181 371 371 372 372 181 181 372 372 158 158 372 372 373 373 158 158 158 158 373 373 374 374 158 158 374 374 156 156 374 374 375 375 156 156 156 156 375 375 376 376 156 156 376 376 154 154 376 376 377 377 154 154 154 154 377 377 378 378 154 154 378 378 163 163 378 378 379 379 163 163 163 163 379 379 380 380 163 163 380 380 161 161 380 380 381 381 161 161 161 161 381 381 382 382 161 161 382 382 129 129 382 382 383 383 129 129 129 129 383 383 384 384 129 129 384 384 127 127 384 384 385 385 127 127 127 127 385 385 386 386 127 127 386 386 125 125 386 386 387 387 125 125 125 125 387 387 388 388 125 125 388 388 132 132 388 388 389 389 132 132 132 132 389 389 390 390 132 132 390 390 130 130 130 130 390 390 391 391 130 130 391 391 320 320 320 320 249 249 321 321 321 321 249 249 248 248 321 321 248 248 322 322 322 322 248 248 299 299 322 322 299 299 323 323 323 323 299 299 298 298 323 323 298 298 324 324 324 324 298 298 297 297 324 324 297 297 325 325 325 325 297 297 296 296 325 325 296 296 326 326 326 326 296 296 295 295 326 326 295 295 327 327 327 327 295 295 303 303 327 327 303 303 328 328 328 328 303 303 302 302 328 328 302 302 329 329 329 329 302 302 301 301 329 329 301 301 330 330 330 330 301 301 300 300 330 330 300 300 331 331 331 331 300 300 313 313 331 331 313 313 332 332 332 332 313 313 312 312 332 332 312 312 333 333 333 333 312 312 311 311 333 333 311 311 334 334 334 334 311 311 310 310 334 334 310 310 335 335 335 335 310 310 309 309 335 335 309 309 336 336 336 336 309 309 308 308 336 336 308 308 337 337 337 337 308 308 307 307 337 337 307 307 338 338 338 338 307 307 306 306 338 338 306 306 339 339 339 339 306 306 305 305 339 339 305 305 340 340 340 340 305 305 304 304 340 340 304 304 341 341 341 341 304 304 319 319 341 341 319 319 342 342 342 342 319 319 318 318 342 342 318 318 343 343 343 343 318 318 317 317 343 343 317 317 344 344 344 344 317 317 316 316 344 344 316 316 345 345 345 345 316 316 315 315 345 345 315 315 346 346 346 346 315 315 314 314 346 346 314 314 347 347 347 347 314 314 288 288 347 347 288 288 348 348 348 348 288 288 287 287 348 348 287 287 349 349 349 349 287 287 286 286 349 349 286 286 350 350 350 350 286 286 285 285 350 350 285 285 351 351 351 351 285 285 284 284 351 351 284 284 352 352 352 352 284 284 272 272 352 352 272 272 353 353 353 353 272 272 271 271 353 353 271 271 354 354 354 354 271 271 270 270 354 354 270 270 355 355 355 355 270 270 269 269 355 355 269 269 356 356 356 356 269 269 268 268 356 356 268 268 357 357 357 357 268 268 267 267 357 357 267 267 358 358 358 358 267 267 266 266 358 358 266 266 359 359 359 359 266 266 265 265 359 359 265 265 360 360 360 360 265 265 294 294 360 360 294 294 361 361 361 361 294 294 293 293 361 361 293 293 362 362 362 362 293 293 292 292 362 362 292 292 363 363 363 363 292 292 291 291 363 363 291 291 364 364 364 364 291 291 290 290 364 364 290 290 365 365 365 365 290 290 289 289 365 365 289 289 366 366 366 366 289 289 283 283 366 366 283 283 367 367 367 367 283 283 282 282 367 367 282 282 368 368 368 368 282 282 281 281 368 368 281 281 369 369 369 369 281 281 280 280 369 369 280 280 370 370 370 370 280 280 279 279 370 370 279 279 371 371 371 371 279 279 264 264 371 371 264 264 372 372 372 372 264 264 263 263 372 372 263 263 373 373 373 373 263 263 262 262 373 373 262 262 374 374 374 374 262 262 261 261 374 374 261 261 375 375 375 375 261 261 278 278 375 375 278 278 376 376 376 376 278 278 277 277 376 376 277 277 377 377 377 377 277 277 276 276 377 377 276 276 378 378 378 378 276 276 275 275 378 378 275 275 379 379 379 379 275 275 274 274 379 379 274 274 380 380 380 380 274 274 273 273 380 380 273 273 381 381 381 381 273 273 260 260 381 381 260 260 382 382 382 382 260 260 259 259 382 382 259 259 383 383 383 383 259 259 258 258 383 383 258 258 384 384 384 384 258 258 257 257 384 384 257 257 385 385 385 385 257 257 256 256 385 385 256 256 386 386 386 386 256 256 255 255 386 386 255 255 387 387 387 387 255 255 254 254 387 387 254 254 388 388 388 388 254 254 253 253 388 388 253 253 389 389 389 389 253 253 252 252 389 389 252 252 390 390 390 390 252 252 251 251 390 390 251 251 391 391 391 391 251 251 250 250 391 391 250 250 320 320 320 320 250 250 249 249 392 392 393 393 394 394 395 395 396 396 397 397 397 397 396 396 398 398 399 399 400 400 401 401 402 402 403 403 404 404 404 404 403 403 405 405 406 406 407 407 396 396 408 408 409 409 410 410 411 411 412 412 413 413 414 414 415 415 408 408 404 404 416 416 417 417 404 404 417 417 394 394 394 394 417 417 418 418 394 394 418 418 392 392 400 400 419 419 401 401 401 401 419 419 420 420 401 401 420 420 421 421 407 407 422 422 396 396 396 396 422 422 423 423 396 396 423 423 398 398 424 424 425 425 413 413 413 413 425 425 426 426 413 413 426 426 427 427 427 427 428 428 413 413 413 413 428 428 429 429 413 413 429 429 401 401 401 401 429 429 430 430 401 401 430 430 399 399 410 410 431 431 408 408 408 408 431 431 432 432 408 408 432 432 413 413 413 413 432 432 433 433 413 413 433 433 411 411 412 412 434 434 413 413 413 413 434 434 435 435 413 413 435 435 424 424 393 393 436 436 394 394 394 394 436 436 437 437 394 394 437 437 438 438 414 414 408 408 439 439 415 415 440 440 408 408 408 408 440 440 441 441 408 408 441 441 409 409 405 405 442 442 404 404 404 404 442 442 443 443 404 404 443 443 416 416 444 444 445 445 404 404 404 404 445 445 446 446 404 404 446 446 402 402 421 421 447 447 401 401 401 401 447 447 448 448 401 401 448 448 396 396 396 396 448 448 449 449 396 396 449 449 406 406 438 438 450 450 394 394 394 394 450 450 451 451 394 394 451 451 408 408 408 408 451 451 452 452 408 408 452 452 439 439 395 395 453 453 396 396 396 396 453 453 454 454 396 396 454 454 404 404 404 404 454 454 455 455 404 404 455 455 444 444 456 456 457 457 458 458 459 459 460 460 461 461 462 462 463 463 464 464 464 464 463 463 465 465 464 464 465 465 466 466 467 467 468 468 464 464 467 467 469 469 468 468 468 468 469 469 470 470 468 468 470 470 471 471 472 472 473 473 464 464 464 464 473 473 474 474 464 464 474 474 462 462 475 475 476 476 458 458 477 477 478 478 479 479 460 460 480 480 461 461 461 461 480 480 481 481 461 461 481 481 482 482 466 466 483 483 464 464 464 464 483 483 484 484 464 464 484 484 467 467 457 457 485 485 458 458 458 458 485 485 486 486 458 458 486 486 464 464 464 464 486 486 487 487 464 464 487 487 472 472 475 475 458 458 488 488 476 476 489 489 458 458 458 458 489 489 490 490 458 458 490 490 456 456 478 478 491 491 479 479 479 479 491 491 492 492 479 479 492 492 493 493 482 482 494 494 461 461 461 461 494 494 495 495 461 461 495 495 496 496 496 496 497 497 461 461 461 461 497 497 498 498 461 461 498 498 479 479 479 479 498 498 499 499 479 479 499 499 477 477 500 500 501 501 502 502 502 502 501 501 503 503 502 502 503 503 504 504 471 471 505 505 468 468 468 468 505 505 506 506 468 468 506 506 507 507 493 493 508 508 479 479 479 479 508 508 509 509 479 479 509 509 458 458 458 458 509 509 510 510 458 458 510 510 488 488 504 504 511 511 502 502 502 502 511 511 512 512 502 502 512 512 461 461 461 461 512 512 513 513 461 461 513 513 459 459 507 507 514 514 468 468 468 468 514 514 515 515 468 468 515 515 502 502 502 502 515 515 516 516 502 502 516 516 517 517 517 517 518 518 502 502 502 502 518 518 519 519 502 502 519 519 500 500 436 436 471 471 437 437 437 437 471 471 470 470 437 437 470 470 438 438 438 438 470 470 469 469 438 438 469 469 450 450 450 450 469 469 467 467 450 450 467 467 451 451 451 451 467 467 484 484 451 451 484 484 452 452 452 452 484 484 483 483 452 452 483 483 439 439 439 439 483 483 466 466 439 439 466 466 414 414 414 414 466 466 465 465 414 414 465 465 415 415 415 415 465 465 463 463 415 415 463 463 440 440 440 440 463 463 462 462 440 440 462 462 441 441 441 441 462 462 474 474 441 441 474 474 409 409 409 409 474 474 473 473 409 409 473 473 410 410 410 410 473 473 472 472 410 410 472 472 431 431 431 431 472 472 487 487 431 431 487 487 432 432 432 432 487 487 486 486 432 432 486 486 433 433 433 433 486 486 485 485 433 433 485 485 411 411 411 411 485 485 457 457 411 411 457 457 412 412 412 412 457 457 456 456 412 412 456 456 434 434 434 434 456 456 490 490 434 434 490 490 435 435 435 435 490 490 489 489 435 435 489 489 424 424 424 424 489 489 476 476 424 424 476 476 425 425 425 425 476 476 475 475 425 425 475 475 426 426 426 426 475 475 488 488 426 426 488 488 427 427 427 427 488 488 510 510 427 427 510 510 428 428 428 428 510 510 509 509 428 428 509 509 429 429 429 429 509 509 508 508 429 429 508 508 430 430 430 430 508 508 493 493 430 430 493 493 399 399 399 399 493 493 492 492 399 399 492 492 400 400 400 400 492 492 491 491 400 400 491 491 419 419 419 419 491 491 478 478 419 419 478 478 420 420 420 420 478 478 477 477 420 420 477 477 421 421 421 421 477 477 499 499 421 421 499 499 447 447 447 447 499 499 498 498 447 447 498 498 448 448 448 448 498 498 497 497 448 448 497 497 449 449 449 449 497 497 496 496 449 449 496 496 406 406 406 406 496 496 495 495 406 406 495 495 407 407 407 407 495 495 494 494 407 407 494 494 422 422 422 422 494 494 482 482 422 422 482 482 423 423 423 423 482 482 481 481 423 423 481 481 398 398 398 398 481 481 480 480 398 398 480 480 397 397 397 397 480 480 460 460 397 397 460 460 395 395 395 395 460 460 459 459 395 395 459 459 453 453 453 453 459 459 513 513 453 453 513 513 454 454 454 454 513 513 512 512 454 454 512 512 455 455 455 455 512 512 511 511 455 455 511 511 444 444 444 444 511 511 504 504 444 444 504 504 445 445 445 445 504 504 503 503 445 445 503 503 446 446 446 446 503 503 501 501 446 446 501 501 402 402 402 402 501 501 500 500 402 402 500 500 403 403 403 403 500 500 519 519 403 403 519 519 405 405 405 405 519 519 518 518 405 405 518 518 442 442 442 442 518 518 517 517 442 442 517 517 443 443 443 443 517 517 516 516 443 443 516 516 416 416 416 416 516 516 515 515 416 416 515 515 417 417 417 417 515 515 514 514 417 417 514 514 418 418 418 418 514 514 507 507 418 418 507 507 392 392 392 392 507 507 506 506 392 392 506 506 393 393 393 393 506 506 505 505 393 393 505 505 436 436 436 436 505 505 471 471 396 396 404 404 461 461 461 461 404 404 502 502 401 401 396 396 479 479 479 479 396 396 461 461 413 413 401 401 458 458 458 458 401 401 479 479 408 408 413 413 464 464 464 464 413 413 458 458 394 394 408 408 468 468 468 468 408 408 464 464 404 404 394 394 502 502 502 502 394 394 468 468 520 520 521 521 522 522 523 523 524 524 525 525 525 525 524 524 526 526 525 525 526 526 527 527 528 528 529 529 520 520 520 520 529 529 530 530 520 520 530 530 521 521 531 531 532 532 533 533 527 527 534 534 525 525 525 525 534 534 535 535 525 525 535 535 536 536 522 522 537 537 520 520 520 520 537 537 538 538 520 520 538 538 525 525 525 525 538 538 539 539 525 525 539 539 523 523 540 540 541 541 542 542 542 542 541 541 543 543 544 544 545 545 546 413 546 413 545 545 547 546 546 413 547 546 548 547 548 547 549 428 546 413 546 413 549 428 550 548 546 413 550 548 520 520 520 520 550 548 551 549 520 520 551 549 528 528 552 408 553 550 554 551 555 411 556 552 546 413 557 553 558 554 552 408 542 542 559 416 560 555 542 542 560 555 533 533 533 533 560 555 561 556 533 533 561 556 531 531 554 551 562 431 552 408 552 408 562 431 563 432 552 408 563 432 546 413 546 413 563 432 564 433 546 413 564 433 555 411 556 552 565 557 546 413 546 413 565 557 566 558 546 413 566 558 544 544 532 532 567 559 533 533 533 533 567 559 568 560 533 533 568 560 569 561 557 553 552 408 570 562 558 554 571 563 552 408 552 408 571 563 572 564 552 408 572 564 553 550 543 543 573 565 542 542 542 542 573 565 574 566 542 542 574 566 559 416 575 567 576 568 542 542 542 542 576 568 577 569 542 542 577 569 540 540 569 561 578 570 533 533 533 533 578 570 579 571 533 533 579 571 552 408 552 408 579 571 580 572 552 408 580 572 570 562 536 536 581 573 525 525 525 525 581 573 582 574 525 525 582 574 542 542 542 542 582 574 583 575 542 542 583 575 575 567 584 576 585 577 586 458 587 578 588 579 586 458 589 580 590 581 591 582 592 583 593 584 594 585 595 586 596 587 597 464 597 464 596 587 598 588 597 464 598 588 599 589 600 590 601 591 597 464 600 590 602 592 601 591 601 591 602 592 603 593 601 591 603 593 604 471 587 578 586 458 605 594 588 579 606 595 586 458 586 458 606 595 607 596 586 458 607 596 584 576 593 584 608 597 594 585 594 585 608 597 609 598 594 585 609 598 610 599 599 589 611 600 597 464 597 464 611 600 612 484 597 464 612 484 600 590 613 472 614 601 597 464 597 464 614 601 615 602 597 464 615 602 595 586 590 581 616 603 591 582 591 582 616 603 617 604 591 582 617 604 618 605 610 599 619 606 594 585 594 585 619 606 620 607 594 585 620 607 621 608 621 608 622 497 594 585 594 585 622 497 623 609 594 585 623 609 591 582 591 582 623 609 624 610 591 582 624 610 589 580 585 577 625 485 586 458 586 458 625 485 626 486 586 458 626 486 597 464 597 464 626 486 627 487 597 464 627 487 613 472 618 605 628 611 591 582 591 582 628 611 629 612 591 582 629 612 586 458 586 458 629 612 630 613 586 458 630 613 605 594 631 614 632 615 633 616 633 616 632 615 634 617 633 616 634 617 635 618 604 471 636 619 601 591 601 591 636 619 637 620 601 591 637 620 638 621 635 618 639 622 633 616 633 616 639 622 640 623 633 616 640 623 594 585 594 585 640 623 641 624 594 585 641 624 592 583 638 621 642 625 601 591 601 591 642 625 643 626 601 591 643 626 633 616 633 616 643 626 644 627 633 616 644 627 645 628 645 628 646 629 633 616 633 616 646 629 647 630 633 616 647 630 631 614 567 559 604 471 568 560 568 560 604 471 603 593 568 560 603 593 569 561 569 561 603 593 602 592 569 561 602 592 578 570 578 570 602 592 600 590 578 570 600 590 579 571 579 571 600 590 612 484 579 571 612 484 580 572 580 572 612 484 611 600 580 572 611 600 570 562 570 562 611 600 599 589 570 562 599 589 557 553 557 553 599 589 598 588 557 553 598 588 558 554 558 554 598 588 596 587 558 554 596 587 571 563 571 563 596 587 595 586 571 563 595 586 572 564 572 564 595 586 615 602 572 564 615 602 553 550 553 550 615 602 614 601 553 550 614 601 554 551 554 551 614 601 613 472 554 551 613 472 562 431 562 431 613 472 627 487 562 431 627 487 563 432 563 432 627 487 626 486 563 432 626 486 564 433 564 433 626 486 625 485 564 433 625 485 555 411 555 411 625 485 585 577 555 411 585 577 556 552 556 552 585 577 584 576 556 552 584 576 565 557 565 557 584 576 607 596 565 557 607 596 566 558 566 558 607 596 606 595 566 558 606 595 544 544 544 544 606 595 588 579 544 544 588 579 545 545 545 545 588 579 587 578 545 545 587 578 547 546 547 546 587 578 605 594 547 546 605 594 548 547 548 547 605 594 630 613 548 547 630 613 549 428 549 428 630 613 629 612 549 428 629 612 550 548 550 548 629 612 628 611 550 548 628 611 551 549 551 549 628 611 618 605 551 549 618 605 528 528 528 528 618 605 617 604 528 528 617 604 529 529 529 529 617 604 616 603 529 529 616 603 530 530 530 530 616 603 590 581 530 530 590 581 521 521 521 521 590 581 589 580 521 521 589 580 522 522 522 522 589 580 624 610 522 522 624 610 537 537 537 537 624 610 623 609 537 537 623 609 538 538 538 538 623 609 622 497 538 538 622 497 539 539 539 539 622 497 621 608 539 539 621 608 523 523 523 523 621 608 620 607 523 523 620 607 524 524 524 524 620 607 619 606 524 524 619 606 526 526 526 526 619 606 610 599 526 526 610 599 527 527 527 527 610 599 609 598 527 527 609 598 534 534 534 534 609 598 608 597 534 534 608 597 535 535 535 535 608 597 593 584 535 535 593 584 536 536 536 536 593 584 592 583 536 536 592 583 581 573 581 573 592 583 641 624 581 573 641 624 582 574 582 574 641 624 640 623 582 574 640 623 583 575 583 575 640 623 639 622 583 575 639 622 575 567 575 567 639 622 635 618 575 567 635 618 576 568 576 568 635 618 634 617 576 568 634 617 577 569 577 569 634 617 632 615 577 569 632 615 540 540 540 540 632 615 631 614 540 540 631 614 541 541 541 541 631 614 647 630 541 541 647 630 543 543 543 543 647 630 646 629 543 543 646 629 573 565 573 565 646 629 645 628 573 565 645 628 574 566 574 566 645 628 644 627 574 566 644 627 559 416 559 416 644 627 643 626 559 416 643 626 560 555 560 555 643 626 642 625 560 555 642 625 561 556 561 556 642 625 638 621 561 556 638 621 531 531 531 531 638 621 637 620 531 531 637 620 532 532 532 532 637 620 636 619 532 532 636 619 567 559 567 559 636 619 604 471 525 525 542 542 594 585 594 585 542 542 633 616 520 520 525 525 591 582 591 582 525 525 594 585 546 413 520 520 586 458 586 458 520 520 591 582 552 408 546 413 597 464 597 464 546 413 586 458 533 533 552 408 601 591 601 591 552 408 597 464 542 542 533 533 633 616 633 616 533 533 601 591 648 528 649 400 650 401 651 631 652 632 653 633 654 531 655 634 656 635 657 536 658 636 659 637 659 637 658 636 660 638 661 639 662 640 663 641 649 400 664 642 650 401 650 401 664 642 665 521 650 401 665 521 666 522 663 641 667 643 668 644 661 639 663 641 669 562 662 640 670 645 663 641 663 641 670 645 671 646 663 641 671 646 667 643 672 647 673 648 658 636 674 649 675 650 676 651 676 651 677 428 674 649 674 649 677 428 678 548 674 649 678 548 650 401 650 401 678 548 679 549 650 401 679 549 648 528 668 644 680 652 663 641 663 641 680 652 681 653 663 641 681 653 674 649 674 649 681 653 682 433 674 649 682 433 683 411 683 411 684 552 674 649 674 649 684 552 685 557 674 649 685 557 686 654 655 634 687 559 656 635 656 635 687 559 688 560 656 635 688 560 689 561 653 633 690 655 651 631 651 631 690 655 691 656 651 631 691 656 692 657 692 657 693 658 651 631 651 631 693 658 694 659 651 631 694 659 656 635 656 635 694 659 695 660 656 635 695 660 654 531 696 661 697 662 651 631 651 631 697 662 698 663 651 631 698 663 652 632 673 648 699 664 658 636 658 636 699 664 700 665 658 636 700 665 660 638 686 654 701 666 674 649 674 649 701 666 702 667 674 649 702 667 675 650 689 561 703 668 656 635 656 635 703 668 704 669 656 635 704 669 663 641 663 641 704 669 705 670 663 641 705 670 669 562 657 536 706 573 658 636 658 636 706 573 707 671 658 636 707 671 651 631 651 631 707 671 708 575 651 631 708 575 696 661 666 522 709 672 650 401 650 401 709 672 710 538 650 401 710 538 658 636 658 636 710 538 711 539 658 636 711 539 672 647 712 673 713 674 714 675 715 576 716 577 717 676 718 677 719 678 720 679 721 680 722 581 723 681 720 679 724 682 718 677 718 677 724 682 725 683 718 677 725 683 726 684 726 684 727 685 718 677 718 677 727 685 728 686 718 677 728 686 714 675 714 675 728 686 729 687 714 675 729 687 712 673 730 688 731 601 718 677 718 677 731 601 732 689 718 677 732 689 719 678 733 583 734 584 735 690 735 690 734 584 736 597 735 690 736 597 737 691 716 577 738 485 717 676 717 676 738 485 739 692 717 676 739 692 718 677 718 677 739 692 740 693 718 677 740 693 730 688 721 680 723 681 741 694 713 674 742 619 714 675 714 675 742 619 743 695 714 675 743 695 744 621 722 581 745 603 723 681 723 681 745 603 746 604 723 681 746 604 747 605 748 696 749 697 717 676 717 676 749 697 750 698 751 699 752 700 753 701 753 701 752 700 754 702 753 701 754 702 755 703 756 704 757 705 753 701 753 701 757 705 758 706 753 701 758 706 751 699 747 605 759 611 723 681 723 681 759 611 760 612 723 681 760 612 717 676 717 676 760 612 761 613 717 676 761 613 748 696 750 698 762 595 717 676 717 676 762 595 763 596 717 676 763 596 715 576 737 691 764 707 735 690 735 690 764 707 765 708 735 690 765 708 766 709 755 703 767 710 753 701 753 701 767 710 768 711 753 701 768 711 735 690 735 690 768 711 769 624 735 690 769 624 733 583 766 709 770 712 735 690 735 690 770 712 771 713 735 690 771 713 723 681 723 681 771 713 772 714 723 681 772 714 741 694 744 621 773 715 714 675 714 675 773 715 774 716 714 675 774 716 753 701 753 701 774 716 775 717 753 701 775 717 756 704 687 559 713 674 688 560 688 560 713 674 712 673 688 560 712 673 689 561 689 561 712 673 729 687 689 561 729 687 703 668 703 668 729 687 728 686 703 668 728 686 704 669 704 669 728 686 727 685 704 669 727 685 705 670 705 670 727 685 726 684 705 670 726 684 669 562 669 562 726 684 725 683 669 562 725 683 661 639 661 639 725 683 724 682 661 639 724 682 662 640 662 640 724 682 720 679 662 640 720 679 670 645 670 645 720 679 719 678 670 645 719 678 671 646 671 646 719 678 732 689 671 646 732 689 667 643 667 643 732 689 731 601 667 643 731 601 668 644 668 644 731 601 730 688 668 644 730 688 680 652 680 652 730 688 740 693 680 652 740 693 681 653 681 653 740 693 739 692 681 653 739 692 682 433 682 433 739 692 738 485 682 433 738 485 683 411 683 411 738 485 716 577 683 411 716 577 684 552 684 552 716 577 715 576 684 552 715 576 685 557 685 557 715 576 763 596 685 557 763 596 686 654 686 654 763 596 762 595 686 654 762 595 701 666 701 666 762 595 750 698 701 666 750 698 702 667 702 667 750 698 749 697 702 667 749 697 675 650 675 650 749 697 748 696 675 650 748 696 676 651 676 651 748 696 761 613 676 651 761 613 677 428 677 428 761 613 760 612 677 428 760 612 678 548 678 548 760 612 759 611 678 548 759 611 679 549 679 549 759 611 747 605 679 549 747 605 648 528 648 528 747 605 746 604 648 528 746 604 649 400 649 400 746 604 745 603 649 400 745 603 664 642 664 642 745 603 722 581 664 642 722 581 665 521 665 521 722 581 721 680 665 521 721 680 666 522 666 522 721 680 741 694 666 522 741 694 709 672 709 672 741 694 772 714 709 672 772 714 710 538 710 538 772 714 771 713 710 538 771 713 711 539 711 539 771 713 770 712 711 539 770 712 672 647 672 647 770 712 766 709 672 647 766 709 673 648 673 648 766 709 765 708 673 648 765 708 699 664 699 664 765 708 764 707 699 664 764 707 700 665 700 665 764 707 737 691 700 665 737 691 660 638 660 638 737 691 736 597 660 638 736 597 659 637 659 637 736 597 734 584 659 637 734 584 657 536 657 536 734 584 733 583 657 536 733 583 706 573 706 573 733 583 769 624 706 573 769 624 707 671 707 671 769 624 768 711 707 671 768 711 708 575 708 575 768 711 767 710 708 575 767 710 696 661 696 661 767 710 755 703 696 661 755 703 697 662 697 662 755 703 754 702 697 662 754 702 698 663 698 663 754 702 752 700 698 663 752 700 652 632 652 632 752 700 751 699 652 632 751 699 653 633 653 633 751 699 758 706 653 633 758 706 690 655 690 655 758 706 757 705 690 655 757 705 691 656 691 656 757 705 756 704 691 656 756 704 692 657 692 657 756 704 775 717 692 657 775 717 693 658 693 658 775 717 774 716 693 658 774 716 694 659 694 659 774 716 773 715 694 659 773 715 695 660 695 660 773 715 744 621 695 660 744 621 654 531 654 531 744 621 743 695 654 531 743 695 655 634 655 634 743 695 742 619 655 634 742 619 687 559 687 559 742 619 713 674 658 636 651 631 735 690 735 690 651 631 753 701 650 401 658 636 723 681 723 681 658 636 735 690 674 649 650 401 717 676 717 676 650 401 723 681 663 641 674 649 718 677 718 677 674 649 717 676 656 635 663 641 714 675 714 675 663 641 718 677 651 631 656 635 753 701 753 701 656 635 714 675 776 718 777 719 778 720 779 721 780 722 781 723 782 724 783 725 784 726 784 726 783 725 785 727 784 726 785 727 786 728 787 729 788 730 789 731 789 731 788 730 790 732 789 731 790 732 791 733 776 718 778 720 792 734 793 735 794 736 795 737 795 737 794 736 796 738 777 719 797 739 778 720 778 720 797 739 798 740 778 720 798 740 799 741 800 742 801 743 778 720 800 742 802 744 801 743 801 743 802 744 803 745 801 743 803 745 804 746 791 733 805 747 789 731 789 731 805 747 806 748 789 731 806 748 778 720 778 720 806 748 807 749 778 720 807 749 792 734 780 722 808 750 781 723 781 723 808 750 809 751 781 723 809 751 810 752 796 738 811 753 795 737 795 737 811 753 812 754 795 737 812 754 813 755 795 737 814 756 815 757 795 737 815 757 781 723 781 723 815 757 816 758 781 723 816 758 779 721 804 746 817 759 801 743 801 743 817 759 818 760 801 743 818 760 819 761 820 762 821 763 784 726 784 726 821 763 822 764 784 726 822 764 782 724 799 741 823 765 778 720 778 720 823 765 824 766 778 720 824 766 800 742 825 767 826 768 789 731 813 755 827 769 795 737 795 737 827 769 828 770 795 737 828 770 814 756 819 761 829 771 801 743 801 743 829 771 830 772 801 743 830 772 784 726 784 726 830 772 831 773 784 726 831 773 820 762 810 752 832 774 781 723 781 723 832 774 833 775 781 723 833 775 789 731 789 731 833 775 834 776 789 731 834 776 825 767 826 768 835 777 789 731 789 731 835 777 836 778 789 731 836 778 787 729 786 728 837 779 784 726 784 726 837 779 838 653 784 726 838 653 795 737 795 737 838 653 839 433 795 737 839 433 793 735 840 780 841 781 842 782 843 783 844 784 845 785 845 785 844 784 846 786 845 785 846 786 847 787 848 788 849 789 850 790 851 791 852 792 853 793 854 794 855 795 856 796 847 787 857 797 845 785 845 785 857 797 858 798 845 785 858 798 859 799 851 791 853 793 860 800 859 799 861 801 845 785 845 785 861 801 862 802 845 785 862 802 856 796 856 796 862 802 863 803 856 796 863 803 854 794 849 789 864 804 850 790 850 790 864 804 865 805 850 790 865 805 866 806 866 806 867 807 850 790 850 790 867 807 868 808 850 790 868 808 845 785 845 785 868 808 869 809 845 785 869 809 843 783 870 810 871 811 872 812 872 812 871 811 873 813 874 814 875 815 872 812 872 812 875 815 876 816 872 812 876 816 870 810 841 781 877 817 842 782 842 782 877 817 878 818 842 782 878 818 879 819 879 819 880 820 842 782 842 782 880 820 881 821 842 782 881 821 853 793 853 793 881 821 882 822 853 793 882 822 860 800 855 795 883 823 856 796 856 796 883 823 884 824 856 796 884 824 885 825 886 826 887 827 842 782 842 782 887 827 888 828 842 782 888 828 840 780 873 813 889 829 872 812 872 812 889 829 890 830 872 812 890 830 850 790 850 790 890 830 891 831 850 790 891 831 892 832 892 832 893 833 850 790 850 790 893 833 894 834 850 790 894 834 848 788 885 825 895 835 856 796 856 796 895 835 896 836 856 796 896 836 842 782 842 782 896 836 897 837 842 782 897 837 886 826 852 792 898 838 853 793 853 793 898 838 899 839 853 793 899 839 900 840 900 840 901 841 853 793 853 793 901 841 902 842 853 793 902 842 872 812 872 812 902 842 903 843 872 812 903 843 874 814 817 759 855 795 818 760 818 760 855 795 854 794 818 760 854 794 819 761 819 761 854 794 863 803 819 761 863 803 829 771 829 771 863 803 862 802 829 771 862 802 830 772 830 772 862 802 861 801 830 772 861 801 831 773 831 773 861 801 859 799 831 773 859 799 820 762 820 762 859 799 858 798 820 762 858 798 821 763 821 763 858 798 857 797 821 763 857 797 822 764 822 764 857 797 847 787 822 764 847 787 782 724 782 724 847 787 846 786 782 724 846 786 783 725 783 725 846 786 844 784 783 725 844 784 785 727 785 727 844 784 843 783 785 727 843 783 786 728 786 728 843 783 869 809 786 728 869 809 837 779 837 779 869 809 868 808 837 779 868 808 838 653 838 653 868 808 867 807 838 653 867 807 839 433 839 433 867 807 866 806 839 433 866 806 793 735 793 735 866 806 865 805 793 735 865 805 794 736 794 736 865 805 864 804 794 736 864 804 796 738 796 738 864 804 849 789 796 738 849 789 811 753 811 753 849 789 848 788 811 753 848 788 812 754 812 754 848 788 894 834 812 754 894 834 813 755 813 755 894 834 893 833 813 755 893 833 827 769 827 769 893 833 892 832 827 769 892 832 828 770 828 770 892 832 891 831 828 770 891 831 814 756 814 756 891 831 890 830 814 756 890 830 815 757 815 757 890 830 889 829 815 757 889 829 816 758 816 758 889 829 873 813 816 758 873 813 779 721 779 721 873 813 871 811 779 721 871 811 780 722 780 722 871 811 870 810 780 722 870 810 808 750 808 750 870 810 876 816 808 750 876 816 809 751 809 751 876 816 875 815 809 751 875 815 810 752 810 752 875 815 874 814 810 752 874 814 832 774 832 774 874 814 903 843 832 774 903 843 833 775 833 775 903 843 902 842 833 775 902 842 834 776 834 776 902 842 901 841 834 776 901 841 825 767 825 767 901 841 900 840 825 767 900 840 826 768 826 768 900 840 899 839 826 768 899 839 835 777 835 777 899 839 898 838 835 777 898 838 836 778 836 778 898 838 852 792 836 778 852 792 787 729 787 729 852 792 851 791 787 729 851 791 788 730 788 730 851 791 860 800 788 730 860 800 790 732 790 732 860 800 882 822 790 732 882 822 791 733 791 733 882 822 881 821 791 733 881 821 805 747 805 747 881 821 880 820 805 747 880 820 806 748 806 748 880 820 879 819 806 748 879 819 807 749 807 749 879 819 878 818 807 749 878 818 792 734 792 734 878 818 877 817 792 734 877 817 776 718 776 718 877 817 841 781 776 718 841 781 777 719 777 719 841 781 840 780 777 719 840 780 797 739 797 739 840 780 888 828 797 739 888 828 798 740 798 740 888 828 887 827 798 740 887 827 799 741 799 741 887 827 886 826 799 741 886 826 823 765 823 765 886 826 897 837 823 765 897 837 824 766 824 766 897 837 896 836 824 766 896 836 800 742 800 742 896 836 895 835 800 742 895 835 802 744 802 744 895 835 885 825 802 744 885 825 803 745 803 745 885 825 884 824 803 745 884 824 804 746 804 746 884 824 883 823 804 746 883 823 817 759 817 759 883 823 855 795 789 731 778 720 853 793 853 793 778 720 842 782 781 723 789 731 872 812 872 812 789 731 853 793 795 737 781 723 850 790 850 790 781 723 872 812 784 726 795 737 845 785 845 785 795 737 850 790 801 743 784 726 856 796 856 796 784 726 845 785 778 720 801 743 842 782 842 782 801 743 856 796 1 1 904 844 905 845 1 1 905 845 62 62 62 62 905 845 906 846 62 62 906 846 64 64 64 64 906 846 907 847 64 64 907 847 66 66 66 66 907 847 908 848 66 66 908 848 68 68 68 68 908 848 909 849 68 68 909 849 70 70 70 70 909 849 910 850 70 70 910 850 72 72 72 72 910 850 911 851 72 72 911 851 74 74 74 74 911 851 912 852 74 74 912 852 76 76 76 76 912 852 913 853 76 76 913 853 78 78 914 854 915 855 916 856 916 856 915 855 917 857 916 856 917 857 918 858 919 859 920 860 916 856 916 856 920 860 921 861 916 856 921 861 914 854 922 862 923 863 916 856 916 856 923 863 924 864 916 856 924 864 919 859 925 865 926 866 916 856 916 856 926 866 927 867 916 856 927 867 922 862 928 868 929 869 916 856 916 856 929 869 930 870 916 856 930 870 925 865 931 871 932 872 916 856 916 856 932 872 933 873 916 856 933 873 928 868 934 874 935 875 916 856 916 856 935 875 936 876 916 856 936 876 931 871 937 877 938 878 916 856 916 856 938 878 939 879 916 856 939 879 934 874 940 880 941 881 916 856 916 856 941 881 942 882 916 856 942 882 937 877 943 883 944 884 916 856 916 856 944 884 945 885 916 856 945 885 940 880 946 886 947 887 916 856 916 856 947 887 948 888 916 856 948 888 943 883 918 858 949 889 916 856 916 856 949 889 950 890 916 856 950 890 946 886 951 891 952 892 953 893 953 893 952 892 954 894 953 893 954 894 955 895 955 895 954 894 956 896 955 895 956 896 957 897 957 897 956 896 958 898 957 897 958 898 959 899 959 899 958 898 960 900 959 899 960 900 961 901 961 901 960 900 962 902 961 901 962 902 963 903 963 903 962 902 964 904 963 903 964 904 965 905 965 905 964 904 966 906 965 905 966 906 967 907 967 907 966 906 968 908 967 907 968 908 969 909 969 909 968 908 970 910 969 909 970 910 971 911 971 911 970 910 972 912 971 911 972 912 973 913 973 913 972 912 974 914 973 913 974 914 975 915 975 915 974 914 976 916 975 915 976 916 977 917 977 917 976 916 978 918 977 917 978 918 979 919 979 919 978 918 980 920 979 919 980 920 981 921 981 921 980 920 982 922 981 921 982 922 983 923 983 923 982 922 984 924 983 923 984 924 985 925 985 925 984 924 986 926 985 925 986 926 987 927 987 927 986 926 988 928 987 927 988 928 989 929 989 929 988 928 990 930 989 929 990 930 991 931 991 931 990 930 992 932 991 931 992 932 993 933 993 933 992 932 994 934 993 933 994 934 995 935 995 935 994 934 996 936 995 935 996 936 997 937 997 937 996 936 998 938 997 937 998 938 999 939 999 939 998 938 1000 940 999 939 1000 940 1001 941 1001 941 1000 940 1002 942 1001 941 1002 942 1003 943 1003 943 1002 942 1004 944 1003 943 1004 944 1005 945 1005 945 1004 944 1006 946 1005 945 1006 946 1007 947 1007 947 1006 946 1008 948 1007 947 1008 948 1009 949 1009 949 1008 948 1010 950 1009 949 1010 950 1011 951 1011 951 1010 950 1012 952 1011 951 1012 952 1013 953 1013 953 1012 952 1014 954 1013 953 1014 954 1015 955 1015 955 1014 954 1016 956 1015 955 1016 956 1017 957 1017 957 1016 956 1018 958 1017 957 1018 958 1019 959 1019 959 1018 958 1020 960 1019 959 1020 960 1021 961 1021 961 1020 960 1022 962 1021 961 1022 962 951 891 951 891 1022 962 952 892 951 891 935 875 1021 961 1021 961 935 875 934 874 1021 961 934 874 1019 959 1019 959 934 874 939 879 1019 959 939 879 1017 957 1017 957 939 879 938 878 1017 957 938 878 1015 955 1015 955 938 878 937 877 1015 955 937 877 1013 953 1013 953 937 877 942 882 1013 953 942 882 1011 951 1011 951 942 882 941 881 1011 951 941 881 1009 949 1009 949 941 881 940 880 1009 949 940 880 1007 947 1007 947 940 880 945 885 1007 947 945 885 1005 945 1005 945 945 885 944 884 1005 945 944 884 1003 943 1003 943 944 884 943 883 1003 943 943 883 1001 941 1001 941 943 883 948 888 1001 941 948 888 999 939 999 939 948 888 947 887 999 939 947 887 997 937 997 937 947 887 946 886 997 937 946 886 995 935 995 935 946 886 950 890 995 935 950 890 993 933 993 933 950 890 949 889 993 933 949 889 991 931 991 931 949 889 918 858 991 931 918 858 989 929 989 929 918 858 917 857 989 929 917 857 987 927 987 927 917 857 915 855 987 927 915 855 985 925 985 925 915 855 914 854 985 925 914 854 983 923 983 923 914 854 921 861 983 923 921 861 981 921 981 921 921 861 920 860 981 921 920 860 979 919 979 919 920 860 919 859 979 919 919 859 977 917 977 917 919 859 924 864 977 917 924 864 975 915 975 915 924 864 923 863 975 915 923 863 973 913 973 913 923 863 922 862 973 913 922 862 971 911 971 911 922 862 927 867 971 911 927 867 969 909 969 909 927 867 926 866 969 909 926 866 967 907 967 907 926 866 925 865 967 907 925 865 965 905 965 905 925 865 930 870 965 905 930 870 963 903 963 903 930 870 929 869 963 903 929 869 961 901 961 901 929 869 928 868 961 901 928 868 959 899 959 899 928 868 933 873 959 899 933 873 957 897 957 897 933 873 932 872 957 897 932 872 955 895 955 895 932 872 931 871 955 895 931 871 953 893 953 893 931 871 936 876 953 893 936 876 951 891 951 891 936 876 935 875 1023 963 904 844 1 1 1024 964 1025 965 1023 963 1026 966 1027 967 1028 968 0 0 1029 969 1 1 1 1 1029 969 1026 966 1 1 1026 966 1023 963 1023 963 1026 966 1028 968 1023 963 1028 968 1024 964 5 5 1030 970 1031 971 5 5 1031 971 6 6 6 6 1031 971 1032 972 6 6 1032 972 8 8 8 8 1032 972 1033 973 8 8 1033 973 10 10 10 10 1033 973 1034 974 10 10 1034 974 12 12 12 12 1034 974 1035 975 12 12 1035 975 14 14 14 14 1035 975 1036 976 14 14 1036 976 16 16 16 16 1036 976 1037 977 16 16 1037 977 18 18 18 18 1037 977 1038 978 18 18 1038 978 20 20 20 20 1038 978 1029 969 20 20 1029 969 0 0 1039 979 1040 980 43 43 43 43 78 78 1041 981 1041 981 78 78 913 853 1042 982 1043 983 1039 979 1044 984 1045 985 1046 986 43 43 1041 981 1039 979 1039 979 1041 981 1047 987 1039 979 1047 987 1042 982 1048 988 1049 989 1041 981 1041 981 1049 989 1044 984 1050 990 1051 991 1052 992 1052 992 1051 991 1053 993 1046 986 1054 994 1044 984 1044 984 1054 994 1055 995 1044 984 1055 995 1056 996 1053 993 1057 997 1052 992 1052 992 1057 997 1058 998 1052 992 1058 998 1059 999 1056 996 1060 1000 1044 984 1044 984 1060 1000 1061 1001 1044 984 1061 1001 1062 1002 1059 999 1063 1003 1052 992 1052 992 1063 1003 1064 1004 1052 992 1064 1004 1065 1005 1062 1002 1066 1006 1044 984 1044 984 1066 1006 1067 1007 1044 984 1067 1007 1068 1008 1065 1005 1069 1009 1052 992 1052 992 1069 1009 1070 1010 1052 992 1070 1010 1071 1011 1068 1008 1072 1012 1044 984 1044 984 1072 1012 1073 1013 1044 984 1073 1013 1074 1014 1071 1011 1075 1015 1052 992 1052 992 1075 1015 1076 1016 1052 992 1076 1016 1077 1017 1074 1014 1078 1018 1044 984 1044 984 1078 1018 1079 1019 1044 984 1079 1019 1080 1020 1077 1017 1081 1021 1052 992 1052 992 1081 1021 1082 1022 1052 992 1082 1022 1083 1023 1080 1020 1084 1024 1044 984 1044 984 1084 1024 1085 1025 1044 984 1085 1025 1041 981 1041 981 1085 1025 1052 992 1041 981 1052 992 1047 987 1047 987 1052 992 1083 1023 1086 1026 1087 1027 1030 970 1030 970 1087 1027 1088 1028 1026 966 1029 969 1089 1029 1089 1029 1029 969 1038 978 1088 1028 1090 1030 1030 970 1030 970 1090 1030 1091 1031 1030 970 1091 1031 1092 1032 1038 978 1037 977 1089 1029 1089 1029 1037 977 1036 976 1089 1029 1036 976 1035 975 1035 975 1034 974 1089 1029 1089 1029 1034 974 1033 973 1089 1029 1033 973 1032 972 1092 1032 1093 1033 1030 970 1030 970 1093 1033 1094 1034 1030 970 1094 1034 1095 1035 1095 1035 1096 1036 1030 970 1030 970 1096 1036 1089 1029 1030 970 1089 1029 1031 971 1031 971 1089 1029 1032 972 1097 1037 1089 1029 1098 1038 1098 1038 1089 1029 1096 1036 1098 1038 1096 1036 1099 1039 1099 1039 1096 1036 1095 1035 1099 1039 1095 1035 1100 1040 1100 1040 1095 1035 1094 1034 1100 1040 1094 1034 1101 1041 1101 1041 1094 1034 1093 1033 1101 1041 1093 1033 1102 1042 1102 1042 1093 1033 1092 1032 1102 1042 1092 1032 1103 1043 1103 1043 1092 1032 1091 1031 1103 1043 1091 1031 1104 1044 1104 1044 1091 1031 1090 1030 1104 1044 1090 1030 1105 1045 1105 1045 1090 1030 1088 1028 1105 1045 1088 1028 1106 1046 1106 1046 1088 1028 1087 1027 1106 1046 1087 1027 1107 1047 1107 1047 1087 1027 1086 1026 1107 1047 1086 1026 1108 1048 1026 966 1089 1029 1027 967 1027 967 1089 1029 1097 1037 1109 1049 1041 981 913 853 907 847 906 846 1110 1050 906 846 905 845 1110 1050 1110 1050 905 845 904 844 1110 1050 904 844 1023 963 1111 1051 1112 1052 913 853 913 853 1112 1052 1113 1053 913 853 1113 1053 1109 1049 1114 1054 1115 1055 913 853 1115 1055 1116 1056 913 853 913 853 1116 1056 1117 1057 913 853 1117 1057 1111 1051 910 850 1110 1050 911 851 911 851 1110 1050 912 852 910 850 909 849 1110 1050 1110 1050 909 849 908 848 1110 1050 908 848 907 847 912 852 1110 1050 913 853 913 853 1110 1050 1118 1058 913 853 1118 1058 1114 1054 1110 1050 1023 963 1119 1059 1119 1059 1023 963 1025 965 1048 988 1041 981 1120 1060 1120 1060 1041 981 1109 1049 1120 1060 1109 1049 1121 1061 1121 1061 1109 1049 1122 1062 1122 1062 1109 1049 1113 1053 1122 1062 1113 1053 1123 1063 1123 1063 1113 1053 1112 1052 1123 1063 1112 1052 1124 1064 1124 1064 1112 1052 1111 1051 1124 1064 1111 1051 1125 1065 1125 1065 1111 1051 1117 1057 1125 1065 1117 1057 1126 1066 1126 1066 1117 1057 1116 1056 1126 1066 1116 1056 1127 1067 1127 1067 1116 1056 1115 1055 1127 1067 1115 1055 1128 1068 1128 1068 1115 1055 1114 1054 1128 1068 1114 1054 1129 1069 1129 1069 1114 1054 1118 1058 1129 1069 1118 1058 1119 1059 1119 1059 1118 1058 1110 1050 1130 1070 1131 1071 1132 1072 1133 1073 1134 1074 1135 1075 1136 1076 1137 1077 1132 1072 1138 1078 1139 1079 1135 1075 1135 1075 1139 1079 1140 1080 1135 1075 1140 1080 1133 1073 1137 1077 1141 1081 1132 1072 1132 1072 1141 1081 1142 1082 1132 1072 1142 1082 1130 1070 1143 1083 1144 1084 1135 1075 1144 1084 1145 1085 1135 1075 1135 1075 1145 1085 1146 1086 1135 1075 1146 1086 1138 1078 1147 1087 1148 1088 1132 1072 1132 1072 1148 1088 1149 1089 1147 1087 1132 1072 1135 1075 1135 1075 1132 1072 1150 1090 1135 1075 1150 1090 1143 1083 1149 1089 1151 1091 1132 1072 1132 1072 1151 1091 1152 1092 1132 1072 1152 1092 1136 1076 1153 1093 1132 1072 1154 1094 1154 1094 1132 1072 1131 1071 1154 1094 1131 1071 1155 1095 1156 1096 1134 1074 1157 1097 1157 1097 1134 1074 1133 1073 1157 1097 1133 1073 1158 1098 1158 1098 1133 1073 1159 1099 1159 1099 1133 1073 1140 1080 1159 1099 1140 1080 1160 1100 1160 1100 1140 1080 1139 1079 1160 1100 1139 1079 1161 1101 1161 1101 1139 1079 1138 1078 1161 1101 1138 1078 1162 1102 1162 1102 1138 1078 1146 1086 1162 1102 1146 1086 1163 1103 1163 1103 1146 1086 1145 1085 1163 1103 1145 1085 1164 1104 1164 1104 1145 1085 1144 1084 1164 1104 1144 1084 1165 1105 1165 1105 1144 1084 1143 1083 1165 1105 1143 1083 1166 1106 1166 1106 1143 1083 1150 1090 1166 1106 1150 1090 1153 1093 1153 1093 1150 1090 1132 1072 1040 980 1039 979 1167 1107 1168 1108 1169 1109 1170 1110 1171 1111 1172 1112 1040 980 1040 980 1172 1112 1173 1113 1040 980 1173 1113 1168 1108 1170 1110 1174 1114 1168 1108 1168 1108 1174 1114 1175 1115 1168 1108 1175 1115 1176 1116 1167 1107 1177 1117 1040 980 1040 980 1177 1117 1178 1118 1040 980 1178 1118 1179 1119 1176 1116 1180 1120 1168 1108 1168 1108 1180 1120 1181 1121 1168 1108 1181 1121 1182 1122 1182 1122 1183 1123 1168 1108 1168 1108 1183 1123 1184 1124 1168 1108 1184 1124 1040 980 1179 1119 1185 1125 1040 980 1040 980 1185 1125 1186 1126 1040 980 1186 1126 1171 1111 1187 1127 1168 1108 1188 1128 1188 1128 1168 1108 1173 1113 1188 1128 1173 1113 1189 1129 1189 1129 1173 1113 1172 1112 1189 1129 1172 1112 1190 1130 1190 1130 1172 1112 1171 1111 1190 1130 1171 1111 1191 1131 1191 1131 1171 1111 1186 1126 1191 1131 1186 1126 1192 1132 1192 1132 1186 1126 1185 1125 1192 1132 1185 1125 1193 1133 1193 1133 1185 1125 1179 1119 1193 1133 1179 1119 1194 1134 1194 1134 1179 1119 1178 1118 1194 1134 1178 1118 1195 1135 1195 1135 1178 1118 1177 1117 1195 1135 1177 1117 1196 1136 1196 1136 1177 1117 1167 1107 1196 1136 1167 1107 1197 1137 1197 1137 1167 1107 1039 979 1197 1137 1039 979 1043 983 1198 1138 1169 1109 1199 1139 1199 1139 1169 1109 1168 1108 1199 1139 1168 1108 1187 1127 1200 1140 1201 1141 1202 1142 1202 1142 1201 1141 1203 1143 1202 1142 1203 1143 1204 1144 1205 1145 1206 1146 1202 1142 1202 1142 1206 1146 1207 1147 1202 1142 1207 1147 1200 1140 1208 1148 1209 1149 1202 1142 1202 1142 1209 1149 1210 1150 1202 1142 1210 1150 1205 1145 1211 1151 1212 1152 1202 1142 1202 1142 1212 1152 1213 1153 1202 1142 1213 1153 1208 1148 1214 1154 1215 1155 1202 1142 1202 1142 1215 1155 1216 1156 1202 1142 1216 1156 1211 1151 1217 1157 1218 1158 1202 1142 1202 1142 1218 1158 1219 1159 1202 1142 1219 1159 1214 1154 1220 1160 1221 1161 1202 1142 1202 1142 1221 1161 1222 1162 1202 1142 1222 1162 1217 1157 1223 1163 1224 1164 1202 1142 1202 1142 1224 1164 1225 1165 1202 1142 1225 1165 1220 1160 1226 1166 1227 1167 1202 1142 1202 1142 1227 1167 1228 1168 1202 1142 1228 1168 1223 1163 1229 1169 1230 1170 1202 1142 1202 1142 1230 1170 1231 1171 1202 1142 1231 1171 1226 1166 1232 1172 1233 1173 1202 1142 1202 1142 1233 1173 1234 1174 1202 1142 1234 1174 1229 1169 1204 1144 1235 1175 1202 1142 1202 1142 1235 1175 1236 1176 1202 1142 1236 1176 1232 1172 1156 1096 1157 1097 1237 1177 1238 1178 1239 1179 1240 1180 1241 1181 1237 1177 1240 1180 1240 1180 1237 1177 1157 1097 1240 1180 1157 1097 1238 1178 1242 1182 1243 1183 1244 1184 1244 1184 1243 1183 1245 1185 1246 1186 1247 1187 1243 1183 1243 1183 1247 1187 1248 1188 1243 1183 1248 1188 1245 1185 1245 1185 1248 1188 1249 1189 1067 1007 1066 1006 1250 1190 1251 1191 1252 1192 1253 1193 1251 1191 1253 1193 1254 1194 1255 1195 1072 1012 1250 1190 1250 1190 1072 1012 1068 1008 1250 1190 1068 1008 1067 1007 1256 1196 1074 1014 1255 1195 1255 1195 1074 1014 1073 1013 1255 1195 1073 1013 1072 1012 1257 1197 1079 1019 1256 1196 1256 1196 1079 1019 1078 1018 1256 1196 1078 1018 1074 1014 1253 1193 1085 1025 1254 1194 1254 1194 1085 1025 1084 1024 1254 1194 1084 1024 1257 1197 1257 1197 1084 1024 1080 1020 1257 1197 1080 1020 1079 1019 1258 1198 1259 1199 1260 1200 1260 1200 1259 1199 1252 1192 1052 992 1085 1025 1259 1199 1259 1199 1085 1025 1253 1193 1259 1199 1253 1193 1252 1192 1069 1009 1065 1005 1261 1201 1262 1202 1263 1203 1264 1204 1265 1205 1071 1011 1261 1201 1261 1201 1071 1011 1070 1010 1261 1201 1070 1010 1069 1009 1266 1206 1076 1016 1265 1205 1265 1205 1076 1016 1075 1015 1265 1205 1075 1015 1071 1011 1267 1207 1081 1021 1266 1206 1266 1206 1081 1021 1077 1017 1266 1206 1077 1017 1076 1016 1264 1204 1047 987 1262 1202 1262 1202 1047 987 1083 1023 1262 1202 1083 1023 1267 1207 1267 1207 1083 1023 1082 1022 1267 1207 1082 1022 1081 1021 1198 1138 1199 1139 1268 1208 1269 1209 1270 1210 1271 1211 1272 1212 1268 1208 1271 1211 1271 1211 1268 1208 1199 1139 1271 1211 1199 1139 1269 1209 1273 1213 1154 1094 1155 1095 1274 1214 1272 1212 1275 1215 1275 1215 1272 1212 1271 1211 1275 1215 1271 1211 1270 1210 1276 1216 1277 1217 1274 1214 1274 1214 1277 1217 1278 1218 1274 1214 1278 1218 1272 1212 1274 1214 1279 1219 1276 1216 1276 1216 1279 1219 1280 1220 1276 1216 1280 1220 1281 1221 1282 1222 1283 1223 1280 1220 1280 1220 1283 1223 1284 1224 1280 1220 1284 1224 1281 1221 1285 1225 1286 1226 1282 1222 1282 1222 1286 1226 1287 1227 1282 1222 1287 1227 1283 1223 1288 1228 1285 1225 1289 1229 1290 1230 1291 1231 1292 1232 1293 1233 1294 1234 1289 1229 1289 1229 1294 1234 1295 1235 1289 1229 1295 1235 1288 1228 1296 1236 1297 1237 1293 1233 1293 1233 1297 1237 1298 1238 1293 1233 1298 1238 1294 1234 1299 1239 1300 1240 1296 1236 1296 1236 1300 1240 1301 1241 1296 1236 1301 1241 1297 1237 1292 1232 1302 1242 1290 1230 1290 1230 1302 1242 1303 1243 1290 1230 1303 1243 1299 1239 1299 1239 1303 1243 1304 1244 1299 1239 1304 1244 1300 1240 1273 1213 1302 1242 1154 1094 1154 1094 1302 1242 1292 1232 1154 1094 1292 1232 1305 1245 1305 1245 1292 1232 1291 1231 1306 1246 1107 1047 1108 1048 1307 1247 1246 1186 1308 1248 1308 1248 1246 1186 1243 1183 1308 1248 1243 1183 1309 1249 1309 1249 1243 1183 1242 1182 1310 1250 1311 1251 1307 1247 1307 1247 1311 1251 1312 1252 1307 1247 1312 1252 1246 1186 1307 1247 1313 1253 1310 1250 1310 1250 1313 1253 1314 1254 1310 1250 1314 1254 1315 1255 1316 1256 1317 1257 1314 1254 1314 1254 1317 1257 1318 1258 1314 1254 1318 1258 1315 1255 1319 1259 1320 1260 1316 1256 1316 1256 1320 1260 1321 1261 1316 1256 1321 1261 1317 1257 1322 1262 1319 1259 1323 1263 1324 1264 1325 1265 1326 1266 1324 1264 1326 1266 1327 1267 1328 1268 1329 1269 1323 1263 1323 1263 1329 1269 1330 1270 1323 1263 1330 1270 1322 1262 1331 1271 1332 1272 1328 1268 1328 1268 1332 1272 1333 1273 1328 1268 1333 1273 1329 1269 1334 1274 1335 1275 1331 1271 1331 1271 1335 1275 1336 1276 1331 1271 1336 1276 1332 1272 1326 1266 1337 1277 1327 1267 1327 1267 1337 1277 1338 1278 1327 1267 1338 1278 1334 1274 1334 1274 1338 1278 1339 1279 1334 1274 1339 1279 1335 1275 1326 1266 1325 1265 1340 1280 1337 1277 1326 1266 1306 1246 1306 1246 1326 1266 1340 1280 1306 1246 1340 1280 1107 1047 1341 1281 1241 1181 1342 1282 1342 1282 1241 1181 1240 1180 1342 1282 1240 1180 1239 1179 1343 1283 1344 1284 1341 1281 1341 1281 1344 1284 1345 1285 1341 1281 1345 1285 1241 1181 1341 1281 1346 1286 1343 1283 1343 1283 1346 1286 1347 1287 1343 1283 1347 1287 1348 1288 1349 1289 1350 1290 1347 1287 1347 1287 1350 1290 1351 1291 1347 1287 1351 1291 1348 1288 1352 1292 1353 1293 1349 1289 1349 1289 1353 1293 1354 1294 1349 1289 1354 1294 1350 1290 1355 1295 1352 1292 1356 1296 1357 1297 1249 1189 1248 1188 1358 1298 1359 1299 1356 1296 1356 1296 1359 1299 1360 1300 1356 1296 1360 1300 1355 1295 1361 1301 1362 1302 1358 1298 1358 1298 1362 1302 1363 1303 1358 1298 1363 1303 1359 1299 1364 1304 1365 1305 1361 1301 1361 1301 1365 1305 1366 1306 1361 1301 1366 1306 1362 1302 1248 1188 1247 1187 1357 1297 1357 1297 1247 1187 1367 1307 1357 1297 1367 1307 1364 1304 1364 1304 1367 1307 1368 1308 1364 1304 1368 1308 1365 1305 1369 1309 1044 984 1370 1310 1370 1310 1044 984 1371 1311 1370 1310 1371 1311 1372 1312 1372 1312 1371 1311 1373 1313 1054 994 1046 986 1369 1309 1369 1309 1046 986 1045 985 1369 1309 1045 985 1044 984 1369 1309 1374 1314 1054 994 1054 994 1374 1314 1375 1315 1054 994 1375 1315 1055 995 1376 1316 1060 1000 1375 1315 1375 1315 1060 1000 1056 996 1375 1315 1056 996 1055 995 1066 1006 1062 1002 1376 1316 1376 1316 1062 1002 1061 1001 1376 1316 1061 1001 1060 1000 1377 1317 1373 1313 1371 1311 1049 989 1120 1060 1378 1318 1377 1317 1371 1311 1378 1318 1378 1318 1371 1311 1044 984 1378 1318 1044 984 1049 989 1048 988 1120 1060 1049 989 1379 1319 1052 992 1380 1320 1380 1320 1052 992 1259 1199 1380 1320 1259 1199 1258 1198 1053 993 1051 991 1379 1319 1379 1319 1051 991 1050 990 1379 1319 1050 990 1052 992 1379 1319 1381 1321 1053 993 1053 993 1381 1321 1382 1322 1053 993 1382 1322 1057 997 1383 1323 1059 999 1382 1322 1382 1322 1059 999 1058 998 1382 1322 1058 998 1057 997 1065 1005 1064 1004 1383 1323 1383 1323 1064 1004 1063 1003 1383 1323 1063 1003 1059 999 1042 982 1197 1137 1043 983 1042 982 1047 987 1197 1137 1197 1137 1047 987 1264 1204 1197 1137 1264 1204 1384 1324 1384 1324 1264 1204 1263 1203 1385 1325 1386 1326 1387 1327 1387 1327 1386 1326 1388 1328 1387 1327 1388 1328 1389 1329 1390 1330 1391 1331 1387 1327 1387 1327 1391 1331 1392 1332 1387 1327 1392 1332 1385 1325 1393 1333 1394 1334 1387 1327 1387 1327 1394 1334 1395 1335 1387 1327 1395 1335 1390 1330 1396 1336 1397 1337 1387 1327 1387 1327 1397 1337 1398 1338 1387 1327 1398 1338 1393 1333 1399 1339 1400 1340 1387 1327 1387 1327 1400 1340 1401 1341 1387 1327 1401 1341 1396 1336 1402 1342 1403 1343 1387 1327 1387 1327 1403 1343 1404 1344 1387 1327 1404 1344 1399 1339 1405 1345 1406 1346 1387 1327 1387 1327 1406 1346 1407 1347 1387 1327 1407 1347 1402 1342 1408 1348 1409 1349 1387 1327 1387 1327 1409 1349 1410 1350 1387 1327 1410 1350 1405 1345 1411 1351 1412 1352 1387 1327 1387 1327 1412 1352 1413 1353 1387 1327 1413 1353 1408 1348 1414 1354 1415 1355 1387 1327 1387 1327 1415 1355 1416 1356 1387 1327 1416 1356 1411 1351 1417 1357 1418 1358 1387 1327 1387 1327 1418 1358 1419 1359 1387 1327 1419 1359 1414 1354 1389 1329 1420 1360 1387 1327 1387 1327 1420 1360 1421 1361 1387 1327 1421 1361 1417 1357 1422 1362 1407 1347 1423 1363 1423 1363 1407 1347 1406 1346 1423 1363 1406 1346 1424 1364 1424 1364 1406 1346 1405 1345 1424 1364 1405 1345 1425 1365 1425 1365 1405 1345 1410 1350 1425 1365 1410 1350 1426 1366 1426 1366 1410 1350 1409 1349 1426 1366 1409 1349 1427 1367 1427 1367 1409 1349 1408 1348 1427 1367 1408 1348 1428 1368 1428 1368 1408 1348 1413 1353 1428 1368 1413 1353 1429 1369 1429 1369 1413 1353 1412 1352 1429 1369 1412 1352 1430 1370 1430 1370 1412 1352 1411 1351 1430 1370 1411 1351 1431 1371 1431 1371 1411 1351 1416 1356 1431 1371 1416 1356 1432 1372 1432 1372 1416 1356 1415 1355 1432 1372 1415 1355 1433 1373 1433 1373 1415 1355 1414 1354 1433 1373 1414 1354 1434 1374 1434 1374 1414 1354 1419 1359 1434 1374 1419 1359 1435 1375 1435 1375 1419 1359 1418 1358 1435 1375 1418 1358 1436 1376 1436 1376 1418 1358 1417 1357 1436 1376 1417 1357 1437 1377 1437 1377 1417 1357 1421 1361 1437 1377 1421 1361 1438 1378 1438 1378 1421 1361 1420 1360 1438 1378 1420 1360 1439 1379 1439 1379 1420 1360 1389 1329 1439 1379 1389 1329 1440 1380 1440 1380 1389 1329 1388 1328 1440 1380 1388 1328 1441 1381 1441 1381 1388 1328 1386 1326 1441 1381 1386 1326 1442 1382 1442 1382 1386 1326 1385 1325 1442 1382 1385 1325 1443 1383 1443 1383 1385 1325 1392 1332 1443 1383 1392 1332 1444 1384 1444 1384 1392 1332 1391 1331 1444 1384 1391 1331 1445 1385 1445 1385 1391 1331 1390 1330 1445 1385 1390 1330 1446 1386 1446 1386 1390 1330 1395 1335 1446 1386 1395 1335 1447 1387 1447 1387 1395 1335 1394 1334 1447 1387 1394 1334 1448 1388 1448 1388 1394 1334 1393 1333 1448 1388 1393 1333 1449 1389 1449 1389 1393 1333 1398 1338 1449 1389 1398 1338 1450 1390 1450 1390 1398 1338 1397 1337 1450 1390 1397 1337 1451 1391 1451 1391 1397 1337 1396 1336 1451 1391 1396 1336 1452 1392 1452 1392 1396 1336 1401 1341 1452 1392 1401 1341 1453 1393 1453 1393 1401 1341 1400 1340 1453 1393 1400 1340 1454 1394 1454 1394 1400 1340 1399 1339 1454 1394 1399 1339 1455 1395 1455 1395 1399 1339 1404 1344 1455 1395 1404 1344 1456 1396 1456 1396 1404 1344 1403 1343 1456 1396 1403 1343 1457 1397 1457 1397 1403 1343 1402 1342 1457 1397 1402 1342 1422 1362 1422 1362 1402 1342 1407 1347 1458 1398 1459 1399 1460 1400 1460 1400 1459 1399 1461 1401 1460 1400 1461 1401 1462 1402 1463 1403 1464 1404 1460 1400 1460 1400 1464 1404 1465 1405 1460 1400 1465 1405 1458 1398 1466 1406 1467 1407 1460 1400 1460 1400 1467 1407 1468 1408 1460 1400 1468 1408 1463 1403 1469 1409 1470 1410 1460 1400 1460 1400 1470 1410 1471 1411 1460 1400 1471 1411 1466 1406 1472 1412 1473 1413 1460 1400 1460 1400 1473 1413 1474 1414 1460 1400 1474 1414 1469 1409 1475 1415 1476 1416 1460 1400 1460 1400 1476 1416 1477 1417 1460 1400 1477 1417 1472 1412 1478 1418 1479 1419 1460 1400 1460 1400 1479 1419 1480 1420 1460 1400 1480 1420 1475 1415 1481 1421 1482 1422 1460 1400 1460 1400 1482 1422 1483 1423 1460 1400 1483 1423 1478 1418 1484 1424 1485 1425 1460 1400 1460 1400 1485 1425 1486 1426 1460 1400 1486 1426 1481 1421 1487 1427 1488 1428 1460 1400 1460 1400 1488 1428 1489 1429 1460 1400 1489 1429 1484 1424 1490 1430 1491 1431 1460 1400 1460 1400 1491 1431 1492 1432 1460 1400 1492 1432 1487 1427 1462 1402 1493 1433 1460 1400 1460 1400 1493 1433 1494 1434 1460 1400 1494 1434 1490 1430 1495 1435 1480 1420 1496 1436 1496 1436 1480 1420 1479 1419 1496 1436 1479 1419 1497 1437 1497 1437 1479 1419 1478 1418 1497 1437 1478 1418 1498 1438 1498 1438 1478 1418 1483 1423 1498 1438 1483 1423 1499 1439 1499 1439 1483 1423 1482 1422 1499 1439 1482 1422 1500 1440 1500 1440 1482 1422 1481 1421 1500 1440 1481 1421 1501 1441 1501 1441 1481 1421 1486 1426 1501 1441 1486 1426 1502 1442 1502 1442 1486 1426 1485 1425 1502 1442 1485 1425 1503 1443 1503 1443 1485 1425 1484 1424 1503 1443 1484 1424 1504 1444 1504 1444 1484 1424 1489 1429 1504 1444 1489 1429 1505 1445 1505 1445 1489 1429 1488 1428 1505 1445 1488 1428 1506 1446 1506 1446 1488 1428 1487 1427 1506 1446 1487 1427 1507 1447 1507 1447 1487 1427 1492 1432 1507 1447 1492 1432 1508 1448 1508 1448 1492 1432 1491 1431 1508 1448 1491 1431 1509 1449 1509 1449 1491 1431 1490 1430 1509 1449 1490 1430 1510 1450 1510 1450 1490 1430 1494 1434 1510 1450 1494 1434 1511 1451 1511 1451 1494 1434 1493 1433 1511 1451 1493 1433 1512 1452 1512 1452 1493 1433 1462 1402 1512 1452 1462 1402 1513 1453 1513 1453 1462 1402 1461 1401 1513 1453 1461 1401 1514 1454 1514 1454 1461 1401 1459 1399 1514 1454 1459 1399 1515 1455 1515 1455 1459 1399 1458 1398 1515 1455 1458 1398 1516 1456 1516 1456 1458 1398 1465 1405 1516 1456 1465 1405 1517 1457 1517 1457 1465 1405 1464 1404 1517 1457 1464 1404 1518 1458 1518 1458 1464 1404 1463 1403 1518 1458 1463 1403 1519 1459 1519 1459 1463 1403 1468 1408 1519 1459 1468 1408 1520 1460 1520 1460 1468 1408 1467 1407 1520 1460 1467 1407 1521 1461 1521 1461 1467 1407 1466 1406 1521 1461 1466 1406 1522 1462 1522 1462 1466 1406 1471 1411 1522 1462 1471 1411 1523 1463 1523 1463 1471 1411 1470 1410 1523 1463 1470 1410 1524 1464 1524 1464 1470 1410 1469 1409 1524 1464 1469 1409 1525 1465 1525 1465 1469 1409 1474 1414 1525 1465 1474 1414 1526 1466 1526 1466 1474 1414 1473 1413 1526 1466 1473 1413 1527 1467 1527 1467 1473 1413 1472 1412 1527 1467 1472 1412 1528 1468 1528 1468 1472 1412 1477 1417 1528 1468 1477 1417 1529 1469 1529 1469 1477 1417 1476 1416 1529 1469 1476 1416 1530 1470 1530 1470 1476 1416 1475 1415 1530 1470 1475 1415 1495 1435 1495 1435 1475 1415 1480 1420 1531 1471 1532 1472 1533 1473 1533 1473 1532 1472 1534 1474 1533 1473 1534 1474 1535 1475 1536 1403 1537 1404 1533 1473 1533 1473 1537 1404 1538 1405 1533 1473 1538 1405 1531 1471 1539 1476 1540 1407 1533 1473 1533 1473 1540 1407 1541 1408 1533 1473 1541 1408 1536 1403 1542 1409 1543 1477 1533 1473 1533 1473 1543 1477 1544 1478 1533 1473 1544 1478 1539 1476 1545 1412 1546 1413 1533 1473 1533 1473 1546 1413 1547 1414 1533 1473 1547 1414 1542 1409 1548 1479 1549 1480 1533 1473 1533 1473 1549 1480 1550 1481 1533 1473 1550 1481 1545 1412 1551 1482 1552 1483 1533 1473 1533 1473 1552 1483 1553 1484 1533 1473 1553 1484 1548 1479 1554 1485 1555 1486 1533 1473 1533 1473 1555 1486 1556 1487 1533 1473 1556 1487 1551 1482 1557 1424 1558 1425 1533 1473 1533 1473 1558 1425 1559 1426 1533 1473 1559 1426 1554 1485 1560 1427 1561 1428 1533 1473 1533 1473 1561 1428 1562 1429 1533 1473 1562 1429 1557 1424 1563 1488 1564 1489 1533 1473 1533 1473 1564 1489 1565 1432 1533 1473 1565 1432 1560 1427 1535 1475 1566 1490 1533 1473 1533 1473 1566 1490 1567 1491 1533 1473 1567 1491 1563 1488 1568 1492 1553 1484 1569 1493 1569 1493 1553 1484 1552 1483 1569 1493 1552 1483 1570 1494 1570 1494 1552 1483 1551 1482 1570 1494 1551 1482 1571 1495 1571 1495 1551 1482 1556 1487 1571 1495 1556 1487 1572 1496 1572 1496 1556 1487 1555 1486 1572 1496 1555 1486 1573 1497 1573 1497 1555 1486 1554 1485 1573 1497 1554 1485 1574 1441 1574 1441 1554 1485 1559 1426 1574 1441 1559 1426 1575 1442 1575 1442 1559 1426 1558 1425 1575 1442 1558 1425 1576 1443 1576 1443 1558 1425 1557 1424 1576 1443 1557 1424 1577 1444 1577 1444 1557 1424 1562 1429 1577 1444 1562 1429 1578 1445 1578 1445 1562 1429 1561 1428 1578 1445 1561 1428 1579 1446 1579 1446 1561 1428 1560 1427 1579 1446 1560 1427 1580 1447 1580 1447 1560 1427 1565 1432 1580 1447 1565 1432 1581 1498 1581 1498 1565 1432 1564 1489 1581 1498 1564 1489 1582 1499 1582 1499 1564 1489 1563 1488 1582 1499 1563 1488 1583 1500 1583 1500 1563 1488 1567 1491 1583 1500 1567 1491 1584 1501 1584 1501 1567 1491 1566 1490 1584 1501 1566 1490 1585 1502 1585 1502 1566 1490 1535 1475 1585 1502 1535 1475 1586 1503 1586 1503 1535 1475 1534 1474 1586 1503 1534 1474 1587 1504 1587 1504 1534 1474 1532 1472 1587 1504 1532 1472 1588 1505 1588 1505 1532 1472 1531 1471 1588 1505 1531 1471 1589 1506 1589 1506 1531 1471 1538 1405 1589 1506 1538 1405 1590 1507 1590 1507 1538 1405 1537 1404 1590 1507 1537 1404 1591 1508 1591 1508 1537 1404 1536 1403 1591 1508 1536 1403 1592 1459 1592 1459 1536 1403 1541 1408 1592 1459 1541 1408 1593 1460 1593 1460 1541 1408 1540 1407 1593 1460 1540 1407 1594 1509 1594 1509 1540 1407 1539 1476 1594 1509 1539 1476 1595 1510 1595 1510 1539 1476 1544 1478 1595 1510 1544 1478 1596 1511 1596 1511 1544 1478 1543 1477 1596 1511 1543 1477 1597 1512 1597 1512 1543 1477 1542 1409 1597 1512 1542 1409 1598 1513 1598 1513 1542 1409 1547 1414 1598 1513 1547 1414 1599 1514 1599 1514 1547 1414 1546 1413 1599 1514 1546 1413 1600 1515 1600 1515 1546 1413 1545 1412 1600 1515 1545 1412 1601 1516 1601 1516 1545 1412 1550 1481 1601 1516 1550 1481 1602 1517 1602 1517 1550 1481 1549 1480 1602 1517 1549 1480 1603 1518 1603 1518 1549 1480 1548 1479 1603 1518 1548 1479 1568 1492 1568 1492 1548 1479 1553 1484 43 43 1040 980 1184 1124 43 43 1184 1124 44 44 44 44 1184 1124 1183 1123 44 44 1183 1123 46 46 46 46 1183 1123 1182 1122 46 46 1182 1122 48 48 48 48 1182 1122 1181 1121 48 48 1181 1121 50 50 50 50 1181 1121 1180 1120 50 50 1180 1120 52 52 52 52 1180 1120 1176 1116 52 52 1176 1116 54 54 54 54 1176 1116 1175 1115 54 54 1175 1115 56 56 56 56 1175 1115 1174 1114 56 56 1174 1114 58 58 58 58 1174 1114 1170 1110 58 58 1170 1110 60 60 23 23 60 60 1170 1110 1170 1110 1169 1109 23 23 23 23 1169 1109 1131 1071 23 23 1131 1071 1130 1070 1169 1109 1198 1138 1268 1208 1303 1243 1302 1242 1272 1212 1268 1208 1272 1212 1169 1109 1169 1109 1272 1212 1302 1242 1169 1109 1302 1242 1131 1071 1131 1071 1302 1242 1273 1213 1131 1071 1273 1213 1155 1095 1301 1241 1300 1240 1272 1212 1272 1212 1300 1240 1304 1244 1272 1212 1304 1244 1303 1243 1272 1212 1278 1218 1301 1241 1301 1241 1278 1218 1277 1217 1301 1241 1277 1217 1276 1216 1276 1216 1281 1221 1301 1241 1301 1241 1281 1221 1284 1224 1301 1241 1284 1224 1283 1223 1288 1228 1295 1235 1297 1237 1297 1237 1295 1235 1294 1234 1297 1237 1294 1234 1298 1238 1283 1223 1287 1227 1301 1241 1301 1241 1287 1227 1286 1226 1301 1241 1286 1226 1297 1237 1297 1237 1286 1226 1285 1225 1297 1237 1285 1225 1288 1228 23 23 1130 1070 1142 1082 23 23 1142 1082 1604 1519 1604 1519 1142 1082 1141 1081 1604 1519 1141 1081 1605 1520 1605 1520 1141 1081 1137 1077 1605 1520 1137 1077 1606 1521 1606 1521 1137 1077 1136 1076 1606 1521 1136 1076 1607 1522 1607 1522 1136 1076 1152 1092 1607 1522 1152 1092 1608 1523 1608 1523 1152 1092 1151 1091 1608 1523 1151 1091 1609 1524 1609 1524 1151 1091 1149 1089 1609 1524 1149 1089 1610 1525 1610 1525 1149 1089 1148 1088 1610 1525 1148 1088 1611 1526 1611 1526 1148 1088 1147 1087 1611 1526 1147 1087 1612 1527 1612 1527 1147 1087 1135 1075 1612 1527 1135 1075 40 40 1086 1026 1030 970 5 5 5 5 40 40 1134 1074 1134 1074 40 40 1135 1075 1306 1246 1108 1048 1086 1026 5 5 1134 1074 1086 1026 1086 1026 1134 1074 1337 1277 1086 1026 1337 1277 1306 1246 1156 1096 1237 1177 1134 1074 1134 1074 1237 1177 1241 1181 1312 1252 1311 1251 1246 1186 1246 1186 1311 1251 1310 1250 1366 1306 1345 1285 1344 1284 1345 1285 1366 1306 1241 1181 1241 1181 1366 1306 1365 1305 1241 1181 1365 1305 1368 1308 1310 1250 1315 1255 1246 1186 1246 1186 1315 1255 1318 1258 1246 1186 1318 1258 1317 1257 1317 1257 1321 1261 1246 1186 1246 1186 1321 1261 1320 1260 1246 1186 1320 1260 1319 1259 1352 1292 1344 1284 1353 1293 1353 1293 1344 1284 1343 1283 1353 1293 1343 1283 1348 1288 1352 1292 1355 1295 1344 1284 1344 1284 1355 1295 1360 1300 1344 1284 1360 1300 1359 1299 1348 1288 1351 1291 1353 1293 1353 1293 1351 1291 1350 1290 1353 1293 1350 1290 1354 1294 1359 1299 1363 1303 1344 1284 1344 1284 1363 1303 1362 1302 1344 1284 1362 1302 1366 1306 1319 1259 1322 1262 1246 1186 1246 1186 1322 1262 1330 1270 1246 1186 1330 1270 1329 1269 1329 1269 1333 1273 1246 1186 1246 1186 1333 1273 1332 1272 1246 1186 1332 1272 1336 1276 1336 1276 1335 1275 1246 1186 1246 1186 1335 1275 1339 1279 1246 1186 1339 1279 1338 1278 1338 1278 1337 1277 1246 1186 1246 1186 1337 1277 1134 1074 1246 1186 1134 1074 1247 1187 1247 1187 1134 1074 1241 1181 1247 1187 1241 1181 1367 1307 1367 1307 1241 1181 1368 1308 43 43 40 40 78 78 78 78 40 40 5 5 1605 1520 1606 1521 1612 1527 5 5 0 0 78 78 78 78 0 0 1 1 43 43 60 60 40 40 40 40 60 60 23 23 40 40 23 23 1612 1527 1612 1527 23 23 1604 1519 1612 1527 1604 1519 1605 1520 1608 1523 1609 1524 1610 1525 68 68 70 70 72 72 1606 1521 1607 1522 1612 1527 1612 1527 1607 1522 1608 1523 1612 1527 1608 1523 1611 1526 1611 1526 1608 1523 1610 1525 72 72 74 74 68 68 68 68 74 74 76 76 1613 1528 1614 1529 1615 1530 1615 1530 1614 1529 1616 1531 1615 1530 1616 1531 1617 1532 1618 1533 1619 1534 1615 1530 1615 1530 1619 1534 1620 1535 1615 1530 1620 1535 1613 1528 1621 1536 1622 1537 1615 1530 1615 1530 1622 1537 1623 1538 1615 1530 1623 1538 1618 1533 1624 1539 1625 1152 1615 1530 1615 1530 1625 1152 1626 1540 1615 1530 1626 1540 1621 1536 1627 1541 1628 1542 1615 1530 1615 1530 1628 1542 1629 1543 1615 1530 1629 1543 1624 1539 1630 1544 1631 1545 1615 1530 1615 1530 1631 1545 1632 1546 1615 1530 1632 1546 1627 1541 1633 1547 1634 1548 1615 1530 1615 1530 1634 1548 1635 1549 1615 1530 1635 1549 1630 1544 1636 1550 1637 1551 1615 1530 1615 1530 1637 1551 1638 1552 1615 1530 1638 1552 1633 1547 1639 1166 1640 1553 1615 1530 1615 1530 1640 1553 1641 1554 1615 1530 1641 1554 1636 1550 1642 1169 1643 1170 1615 1530 1615 1530 1643 1170 1644 1171 1615 1530 1644 1171 1639 1166 1645 1555 1646 1556 1615 1530 1615 1530 1646 1556 1647 1557 1615 1530 1647 1557 1642 1169 1617 1532 1648 1558 1615 1530 1615 1530 1648 1558 1649 1559 1615 1530 1649 1559 1645 1555 1377 1317 1378 1318 1650 1560 1153 1093 1154 1094 1305 1245 1651 1561 1192 1132 1193 1133 1193 1133 1194 1134 1651 1561 1651 1561 1194 1134 1195 1135 1651 1561 1195 1135 1384 1324 1384 1324 1195 1135 1196 1136 1384 1324 1196 1136 1197 1137 1652 1562 1190 1130 1651 1561 1651 1561 1190 1130 1191 1131 1651 1561 1191 1131 1192 1132 1199 1139 1187 1127 1269 1209 1269 1209 1187 1127 1188 1128 1269 1209 1188 1128 1652 1562 1652 1562 1188 1128 1189 1129 1652 1562 1189 1129 1190 1130 1653 1563 1654 1564 1291 1231 1291 1231 1654 1564 1655 1565 1291 1231 1655 1565 1656 1566 1657 1567 1658 1568 1305 1245 1659 1569 1660 1570 1652 1562 1656 1566 1661 1571 1291 1231 1291 1231 1661 1571 1662 1572 1291 1231 1662 1572 1305 1245 1305 1245 1662 1572 1663 1573 1305 1245 1663 1573 1657 1567 1664 1574 1665 1575 1270 1210 1653 1563 1285 1225 1666 1576 1666 1576 1285 1225 1282 1222 1666 1576 1282 1222 1667 1577 1658 1568 1668 1578 1305 1245 1305 1245 1668 1578 1669 1579 1305 1245 1669 1579 1670 1580 1670 1580 1669 1579 1671 1581 1670 1580 1671 1581 1672 1582 1672 1582 1673 1583 1670 1580 1670 1580 1673 1583 1674 1584 1670 1580 1674 1584 1675 1585 1282 1222 1280 1220 1667 1577 1667 1577 1280 1220 1279 1219 1667 1577 1279 1219 1676 1586 1676 1586 1279 1219 1274 1214 1676 1586 1274 1214 1677 1587 1677 1587 1274 1214 1275 1215 1677 1587 1275 1215 1678 1588 1678 1588 1275 1215 1270 1210 1678 1588 1270 1210 1679 1589 1679 1589 1270 1210 1665 1575 1675 1585 1680 1590 1670 1580 1670 1580 1680 1590 1681 1591 1670 1580 1681 1591 1652 1562 1652 1562 1681 1591 1682 1592 1652 1562 1682 1592 1659 1569 1660 1570 1683 1593 1652 1562 1652 1562 1683 1593 1684 1594 1652 1562 1684 1594 1685 1595 1685 1595 1686 1596 1652 1562 1652 1562 1686 1596 1687 1597 1652 1562 1687 1597 1269 1209 1269 1209 1687 1597 1688 1598 1269 1209 1688 1598 1270 1210 1270 1210 1688 1598 1689 1599 1270 1210 1689 1599 1664 1574 1291 1231 1290 1230 1653 1563 1653 1563 1290 1230 1299 1239 1653 1563 1299 1239 1296 1236 1296 1236 1293 1233 1653 1563 1653 1563 1293 1233 1289 1229 1653 1563 1289 1229 1285 1225 1670 1580 1690 1600 1163 1103 1163 1103 1164 1104 1670 1580 1670 1580 1164 1104 1165 1105 1670 1580 1165 1105 1305 1245 1305 1245 1165 1105 1166 1106 1305 1245 1166 1106 1153 1093 1159 1099 1160 1100 1690 1600 1160 1100 1161 1101 1690 1600 1690 1600 1161 1101 1162 1102 1690 1600 1162 1102 1163 1103 1159 1099 1690 1600 1158 1098 1158 1098 1690 1600 1238 1178 1158 1098 1238 1178 1157 1097 1691 1601 1692 1602 1249 1189 1692 1602 1693 1603 1249 1189 1249 1189 1693 1603 1694 1604 1249 1189 1694 1604 1245 1185 1695 1605 1696 1606 1239 1179 1239 1179 1696 1606 1697 1607 1239 1179 1697 1607 1698 1608 1694 1604 1699 1609 1245 1185 1245 1185 1699 1609 1700 1610 1245 1185 1700 1610 1701 1611 1702 1612 1703 1613 1704 1614 1704 1614 1703 1613 1705 1615 1704 1614 1705 1615 1706 1616 1706 1616 1707 1617 1704 1614 1704 1614 1707 1617 1708 1618 1704 1614 1708 1618 1709 1619 1709 1619 1710 1620 1690 1600 1690 1600 1710 1620 1711 1621 1690 1600 1711 1621 1712 1622 1712 1622 1713 1623 1690 1600 1690 1600 1713 1623 1714 1624 1690 1600 1714 1624 1715 1625 1716 1626 1717 1627 1704 1614 1704 1614 1717 1627 1718 1628 1704 1614 1718 1628 1702 1612 1715 1625 1719 1629 1690 1600 1690 1600 1719 1629 1720 1630 1690 1600 1720 1630 1238 1178 1238 1178 1720 1630 1721 1631 1238 1178 1721 1631 1722 1632 1722 1632 1723 1633 1238 1178 1238 1178 1723 1633 1724 1634 1238 1178 1724 1634 1239 1179 1239 1179 1724 1634 1725 1635 1239 1179 1725 1635 1695 1605 1726 1636 1356 1296 1727 1637 1727 1637 1356 1296 1352 1292 1727 1637 1352 1292 1698 1608 1352 1292 1349 1289 1698 1608 1698 1608 1349 1289 1347 1287 1698 1608 1347 1287 1346 1286 1691 1601 1249 1189 1726 1636 1726 1636 1249 1189 1357 1297 1726 1636 1357 1297 1364 1304 1346 1286 1341 1281 1698 1608 1698 1608 1341 1281 1342 1282 1698 1608 1342 1282 1239 1179 1364 1304 1361 1301 1726 1636 1726 1636 1361 1301 1358 1298 1726 1636 1358 1298 1356 1296 1701 1611 1716 1626 1245 1185 1245 1185 1716 1626 1704 1614 1245 1185 1704 1614 1244 1184 1728 1638 1729 1639 1309 1249 1728 1638 1309 1249 1730 1640 1340 1280 1325 1265 1731 1641 1242 1182 1732 1642 1309 1249 1309 1249 1732 1642 1733 1643 1309 1249 1733 1643 1730 1640 1734 1644 1735 1645 1736 1646 1736 1646 1735 1645 1737 1647 1324 1264 1738 1648 1739 1649 1731 1641 1740 1650 1340 1280 1340 1280 1740 1650 1741 1651 1340 1280 1741 1651 1742 1652 1743 1653 1744 1654 1742 1652 1737 1647 1745 1655 1736 1646 1736 1646 1745 1655 1746 1656 1736 1646 1746 1656 1747 1657 1244 1184 1748 1658 1242 1182 1242 1182 1748 1658 1749 1659 1242 1182 1749 1659 1732 1642 1739 1649 1750 1660 1324 1264 1324 1264 1750 1660 1751 1661 1324 1264 1751 1661 1325 1265 1325 1265 1751 1661 1752 1662 1325 1265 1752 1662 1731 1641 1744 1654 1753 1663 1742 1652 1742 1652 1753 1663 1754 1664 1742 1652 1754 1664 1736 1646 1736 1646 1754 1664 1755 1665 1736 1646 1755 1665 1734 1644 1747 1657 1756 1666 1736 1646 1736 1646 1756 1666 1757 1667 1736 1646 1757 1667 1244 1184 1244 1184 1757 1667 1758 1668 1244 1184 1758 1668 1748 1658 1741 1651 1759 1669 1742 1652 1742 1652 1759 1669 1760 1670 1742 1652 1760 1670 1761 1671 1761 1671 1762 1672 1742 1652 1742 1652 1762 1672 1763 1673 1742 1652 1763 1673 1743 1653 1327 1267 1309 1249 1324 1264 1324 1264 1309 1249 1729 1639 1324 1264 1729 1639 1738 1648 1323 1263 1319 1259 1327 1267 1323 1263 1327 1267 1328 1268 1328 1268 1327 1267 1334 1274 1328 1268 1334 1274 1331 1271 1319 1259 1316 1256 1327 1267 1327 1267 1316 1256 1314 1254 1327 1267 1314 1254 1313 1253 1313 1253 1307 1247 1327 1267 1327 1267 1307 1247 1308 1248 1327 1267 1308 1248 1309 1249 1102 1042 1103 1043 1742 1652 1742 1652 1103 1043 1104 1044 1107 1047 1340 1280 1106 1046 1106 1046 1340 1280 1742 1652 1106 1046 1742 1652 1105 1045 1105 1045 1742 1652 1104 1044 1027 967 1097 1037 994 934 1097 1037 1098 1038 994 934 994 934 1098 1038 1099 1039 994 934 1099 1039 996 936 996 936 1099 1039 1100 1040 996 936 1100 1040 998 938 998 938 1100 1040 1101 1041 998 938 1101 1041 1000 940 1102 1042 1742 1652 1101 1041 1101 1041 1742 1652 1002 942 1101 1041 1002 942 1000 940 1119 1059 1025 965 1024 964 968 908 1650 1560 970 910 970 910 1650 1560 1126 1066 970 910 1126 1066 972 912 978 918 1128 1068 1129 1069 1128 1068 978 918 1127 1067 1127 1067 978 918 976 916 1127 1067 976 916 1126 1066 1126 1066 976 916 974 914 1126 1066 974 914 972 912 1122 1062 1123 1063 1650 1560 1123 1063 1124 1064 1650 1560 1650 1560 1124 1064 1125 1065 1650 1560 1125 1065 1126 1066 1378 1318 1120 1060 1650 1560 1650 1560 1120 1060 1121 1061 1650 1560 1121 1061 1122 1062 1764 1674 1765 1675 1766 1676 1766 1676 1765 1675 1767 1677 1260 1200 1252 1192 1768 1678 1769 1679 1770 1680 1771 1681 1771 1681 1770 1680 1772 1682 1773 1683 1774 1684 1372 1312 1372 1312 1774 1684 1775 1685 1372 1312 1775 1685 1776 1686 1767 1677 1777 1687 1766 1676 1766 1676 1777 1687 1778 1688 1766 1676 1778 1688 1779 1689 1779 1689 1780 1690 1766 1676 1766 1676 1780 1690 1781 1691 1766 1676 1781 1691 1782 1692 1377 1317 1783 1693 1784 1694 1768 1678 1785 1695 1260 1200 1260 1200 1785 1695 1786 1696 1260 1200 1786 1696 1770 1680 1770 1680 1786 1696 1787 1697 1788 1698 1789 1699 1251 1191 1251 1191 1789 1699 1790 1700 1251 1191 1790 1700 1252 1192 1252 1192 1790 1700 1791 1701 1252 1192 1791 1701 1768 1678 1377 1317 1784 1694 1373 1313 1787 1697 1792 1702 1770 1680 1770 1680 1792 1702 1793 1703 1770 1680 1793 1703 1794 1704 1794 1704 1795 1705 1770 1680 1770 1680 1795 1705 1796 1706 1770 1680 1796 1706 1772 1682 1784 1694 1797 1707 1373 1313 1373 1313 1797 1707 1798 1708 1373 1313 1798 1708 1372 1312 1372 1312 1798 1708 1799 1709 1372 1312 1799 1709 1773 1683 1369 1309 1370 1310 1254 1194 1254 1194 1370 1310 1372 1312 1254 1194 1372 1312 1251 1191 1251 1191 1372 1312 1776 1686 1251 1191 1776 1686 1788 1698 1250 1190 1066 1006 1254 1194 1254 1194 1066 1006 1376 1316 1250 1190 1254 1194 1255 1195 1255 1195 1254 1194 1257 1197 1255 1195 1257 1197 1256 1196 1376 1316 1375 1315 1254 1194 1254 1194 1375 1315 1374 1314 1254 1194 1374 1314 1369 1309 1800 1710 1801 1711 1258 1198 1802 1712 1803 1713 1263 1203 1804 1714 1805 1715 1770 1680 1770 1680 1805 1715 1806 1716 1803 1713 1807 1717 1263 1203 1263 1203 1807 1717 1808 1718 1263 1203 1808 1718 1384 1324 1384 1324 1808 1718 1809 1719 1384 1324 1809 1719 1810 1720 1651 1561 1811 1721 1812 1722 1812 1722 1813 1723 1651 1561 1651 1561 1813 1723 1814 1724 1651 1561 1814 1724 1815 1725 1816 1726 1817 1727 1260 1200 1260 1200 1817 1727 1818 1728 1260 1200 1818 1728 1258 1198 1258 1198 1818 1728 1819 1729 1258 1198 1819 1729 1800 1710 1810 1720 1820 1730 1384 1324 1384 1324 1820 1730 1821 1731 1384 1324 1821 1731 1651 1561 1651 1561 1821 1731 1822 1732 1651 1561 1822 1732 1811 1721 1823 1733 1824 1734 1770 1680 1770 1680 1824 1734 1825 1735 1770 1680 1825 1735 1804 1714 1806 1716 1826 1736 1770 1680 1770 1680 1826 1736 1827 1737 1770 1680 1827 1737 1260 1200 1260 1200 1827 1737 1828 1738 1260 1200 1828 1738 1816 1726 1815 1725 1829 1739 1651 1561 1651 1561 1829 1739 1830 1740 1651 1561 1830 1740 1831 1741 1801 1711 1832 1742 1258 1198 1258 1198 1832 1742 1833 1743 1258 1198 1833 1743 1380 1320 1267 1207 1266 1206 1834 1744 1802 1712 1263 1203 1834 1744 1834 1744 1263 1203 1262 1202 1834 1744 1262 1202 1267 1207 1266 1206 1265 1205 1834 1744 1834 1744 1265 1205 1261 1201 1834 1744 1261 1201 1835 1745 1835 1745 1261 1201 1065 1005 1835 1745 1065 1005 1833 1743 1833 1743 1065 1005 1383 1323 1833 1743 1383 1323 1382 1322 1382 1322 1381 1321 1833 1743 1833 1743 1381 1321 1379 1319 1833 1743 1379 1319 1380 1320 1027 967 994 934 1028 968 1028 968 994 934 992 932 1028 968 992 932 990 930 1129 1069 1119 1059 978 918 978 918 1119 1059 1024 964 978 918 1024 964 980 920 980 920 1024 964 982 922 990 930 988 928 1028 968 1028 968 988 928 986 926 1028 968 986 926 1024 964 1024 964 986 926 984 924 1024 964 984 924 982 922 1010 950 1008 948 1736 1646 1736 1646 1008 948 1006 946 1736 1646 1006 946 1742 1652 1742 1652 1006 946 1004 944 1742 1652 1004 944 1002 942 956 896 954 894 1836 1746 1018 958 1016 956 1837 1747 1837 1747 1016 956 1014 954 1837 1747 1014 954 1736 1646 1736 1646 1014 954 1012 952 1736 1646 1012 952 1010 950 954 894 952 892 1836 1746 1836 1746 952 892 1022 962 1836 1746 1022 962 1837 1747 1837 1747 1022 962 1020 960 1837 1747 1020 960 1018 958 966 906 964 904 1766 1676 968 908 966 906 1650 1560 1650 1560 966 906 1766 1676 1650 1560 1766 1676 1377 1317 1377 1317 1766 1676 1782 1692 1377 1317 1782 1692 1783 1693 964 904 962 902 1766 1676 1766 1676 962 902 960 900 1766 1676 960 900 1836 1746 1836 1746 960 900 958 898 1836 1746 958 898 956 896 1709 1619 1690 1600 1704 1614 1704 1614 1690 1600 1670 1580 1704 1614 1670 1580 1838 1748 1838 1748 1670 1580 1652 1562 1838 1748 1652 1562 1839 1748 1839 1748 1652 1562 1651 1561 1839 1748 1651 1561 1770 1680 1770 1680 1651 1561 1831 1741 1770 1680 1831 1741 1823 1733 1244 1184 1704 1614 1736 1646 1736 1646 1704 1614 1838 1748 1736 1646 1838 1748 1837 1747 1837 1747 1838 1748 1839 1748 1837 1747 1839 1748 1836 1746 1836 1746 1839 1748 1770 1680 1836 1746 1770 1680 1766 1676 1766 1676 1770 1680 1769 1679 1766 1676 1769 1679 1764 1674 1840 1749 1841 1750 1842 1751 1842 1751 1841 1750 1843 1752 1842 1751 1843 1752 1844 1753 1845 1754 1846 1755 1847 1756 1847 1756 1846 1755 1848 1757 1847 1756 1848 1757 1849 1758 1849 1758 1848 1757 1850 1759 1849 1758 1850 1759 1851 1760 1851 1760 1850 1759 1852 1761 1851 1760 1852 1761 1853 1762 1853 1762 1852 1761 1854 1763 1853 1762 1854 1763 1855 1764 1855 1764 1854 1763 1856 1765 1855 1764 1856 1765 1857 1766 1857 1766 1856 1765 1858 1767 1857 1766 1858 1767 1859 1768 1859 1768 1858 1767 1860 1769 1859 1768 1860 1769 1861 1770 1861 1770 1860 1769 1862 1771 1861 1770 1862 1771 1863 1772 1863 1772 1862 1771 1864 1773 1863 1772 1864 1773 1865 1774 1865 1774 1864 1773 1866 1775 1865 1774 1866 1775 1867 1776 1867 1776 1866 1775 1868 1777 1867 1776 1868 1777 1869 1778 1869 1778 1868 1777 1870 1779 1869 1778 1870 1779 1871 1780 1871 1780 1870 1779 1872 1781 1871 1780 1872 1781 1873 1782 1873 1782 1872 1781 1874 1783 1873 1782 1874 1783 1875 1784 1875 1784 1874 1783 1876 1785 1875 1784 1876 1785 1877 1786 1877 1786 1876 1785 1878 1787 1877 1786 1878 1787 1879 1788 1879 1788 1878 1787 1844 1753 1879 1788 1844 1753 1880 1789 1880 1789 1844 1753 1843 1752 1840 1749 1842 1751 1881 1790 1881 1790 1842 1751 1882 1791 1881 1790 1882 1791 1883 1792 1883 1792 1882 1791 1884 1793 1883 1792 1884 1793 1885 1794 1885 1794 1884 1793 1886 1795 1885 1794 1886 1795 1887 1796 1887 1796 1886 1795 1888 1797 1887 1796 1888 1797 1889 1798 1889 1798 1888 1797 1890 1799 1889 1798 1890 1799 1891 1800 1891 1800 1890 1799 1892 1801 1891 1800 1892 1801 1893 1802 1893 1802 1892 1801 1894 1803 1893 1802 1894 1803 1895 1804 1895 1804 1894 1803 1896 1805 1895 1804 1896 1805 1897 1806 1897 1806 1896 1805 1898 1807 1897 1806 1898 1807 1899 1808 1899 1808 1898 1807 1900 1809 1899 1808 1900 1809 1901 1810 1901 1810 1900 1809 1902 1811 1901 1810 1902 1811 1903 1812 1903 1812 1902 1811 1904 1813 1903 1812 1904 1813 1905 1814 1905 1814 1904 1813 1906 1815 1905 1814 1906 1815 1907 1816 1907 1816 1906 1815 1908 1817 1907 1816 1908 1817 1845 1754 1845 1754 1908 1817 1909 1818 1845 1754 1909 1818 1846 1755 1776 1686 1844 1753 1788 1698 1788 1698 1844 1753 1878 1787 1788 1698 1878 1787 1789 1699 1789 1699 1878 1787 1876 1785 1789 1699 1876 1785 1790 1700 1790 1700 1876 1785 1874 1783 1790 1700 1874 1783 1791 1701 1791 1701 1874 1783 1872 1781 1791 1701 1872 1781 1768 1678 1768 1678 1872 1781 1870 1779 1768 1678 1870 1779 1785 1695 1785 1695 1870 1779 1868 1777 1785 1695 1868 1777 1786 1696 1786 1696 1868 1777 1866 1775 1786 1696 1866 1775 1787 1697 1787 1697 1866 1775 1864 1773 1787 1697 1864 1773 1792 1702 1792 1702 1864 1773 1862 1771 1792 1702 1862 1771 1793 1703 1793 1703 1862 1771 1860 1769 1793 1703 1860 1769 1794 1704 1794 1704 1860 1769 1858 1767 1794 1704 1858 1767 1795 1705 1795 1705 1858 1767 1856 1765 1795 1705 1856 1765 1796 1706 1796 1706 1856 1765 1854 1763 1796 1706 1854 1763 1772 1682 1772 1682 1854 1763 1852 1761 1772 1682 1852 1761 1771 1681 1771 1681 1852 1761 1850 1759 1771 1681 1850 1759 1769 1679 1769 1679 1850 1759 1848 1757 1769 1679 1848 1757 1764 1674 1764 1674 1848 1757 1846 1755 1764 1674 1846 1755 1765 1675 1765 1675 1846 1755 1909 1818 1765 1675 1909 1818 1767 1677 1767 1677 1909 1818 1908 1817 1767 1677 1908 1817 1777 1687 1777 1687 1908 1817 1906 1815 1777 1687 1906 1815 1778 1688 1778 1688 1906 1815 1904 1813 1778 1688 1904 1813 1779 1689 1779 1689 1904 1813 1902 1811 1779 1689 1902 1811 1780 1690 1780 1690 1902 1811 1900 1809 1780 1690 1900 1809 1781 1691 1781 1691 1900 1809 1898 1807 1781 1691 1898 1807 1782 1692 1782 1692 1898 1807 1896 1805 1782 1692 1896 1805 1783 1693 1783 1693 1896 1805 1894 1803 1783 1693 1894 1803 1784 1694 1784 1694 1894 1803 1892 1801 1784 1694 1892 1801 1797 1707 1797 1707 1892 1801 1890 1799 1797 1707 1890 1799 1798 1708 1798 1708 1890 1799 1888 1797 1798 1708 1888 1797 1799 1709 1799 1709 1888 1797 1886 1795 1799 1709 1886 1795 1773 1683 1773 1683 1886 1795 1884 1793 1773 1683 1884 1793 1774 1684 1774 1684 1884 1793 1882 1791 1774 1684 1882 1791 1775 1685 1775 1685 1882 1791 1842 1751 1842 1751 1844 1753 1775 1685 1775 1685 1844 1753 1776 1686 1865 1774 1634 1548 1863 1772 1863 1772 1634 1548 1633 1547 1863 1772 1633 1547 1861 1770 1861 1770 1633 1547 1638 1552 1861 1770 1638 1552 1859 1768 1859 1768 1638 1552 1637 1551 1859 1768 1637 1551 1857 1766 1857 1766 1637 1551 1636 1550 1857 1766 1636 1550 1855 1764 1855 1764 1636 1550 1641 1554 1855 1764 1641 1554 1853 1762 1853 1762 1641 1554 1640 1553 1853 1762 1640 1553 1851 1760 1851 1760 1640 1553 1639 1166 1851 1760 1639 1166 1849 1758 1849 1758 1639 1166 1644 1171 1849 1758 1644 1171 1847 1756 1847 1756 1644 1171 1643 1170 1847 1756 1643 1170 1845 1754 1845 1754 1643 1170 1642 1169 1845 1754 1642 1169 1907 1816 1907 1816 1642 1169 1647 1557 1907 1816 1647 1557 1905 1814 1905 1814 1647 1557 1646 1556 1905 1814 1646 1556 1903 1812 1903 1812 1646 1556 1645 1555 1903 1812 1645 1555 1901 1810 1901 1810 1645 1555 1649 1559 1901 1810 1649 1559 1899 1808 1899 1808 1649 1559 1648 1558 1899 1808 1648 1558 1897 1806 1897 1806 1648 1558 1617 1532 1897 1806 1617 1532 1895 1804 1895 1804 1617 1532 1616 1531 1895 1804 1616 1531 1893 1802 1893 1802 1616 1531 1614 1529 1893 1802 1614 1529 1891 1800 1891 1800 1614 1529 1613 1528 1891 1800 1613 1528 1889 1798 1889 1798 1613 1528 1620 1535 1889 1798 1620 1535 1887 1796 1887 1796 1620 1535 1619 1534 1887 1796 1619 1534 1885 1794 1885 1794 1619 1534 1618 1533 1885 1794 1618 1533 1883 1792 1883 1792 1618 1533 1623 1538 1883 1792 1623 1538 1881 1790 1881 1790 1623 1538 1622 1537 1881 1790 1622 1537 1840 1749 1840 1749 1622 1537 1621 1536 1840 1749 1621 1536 1841 1750 1841 1750 1621 1536 1626 1540 1841 1750 1626 1540 1843 1752 1843 1752 1626 1540 1625 1152 1843 1752 1625 1152 1880 1789 1880 1789 1625 1152 1624 1539 1880 1789 1624 1539 1879 1788 1879 1788 1624 1539 1629 1543 1879 1788 1629 1543 1877 1786 1877 1786 1629 1543 1628 1542 1877 1786 1628 1542 1875 1784 1875 1784 1628 1542 1627 1541 1875 1784 1627 1541 1873 1782 1873 1782 1627 1541 1632 1546 1873 1782 1632 1546 1871 1780 1871 1780 1632 1546 1631 1545 1871 1780 1631 1545 1869 1778 1869 1778 1631 1545 1630 1544 1869 1778 1630 1544 1867 1776 1867 1776 1630 1544 1635 1549 1867 1776 1635 1549 1865 1774 1865 1774 1635 1549 1634 1548 1910 1819 1911 1820 1912 1821 1912 1821 1911 1820 1913 1822 1912 1821 1913 1822 1914 1823 1910 1819 1912 1821 1915 1824 1915 1824 1912 1821 1916 1825 1915 1824 1916 1825 1917 1826 1917 1826 1916 1825 1918 1827 1917 1826 1918 1827 1919 1828 1919 1828 1918 1827 1920 1829 1919 1828 1920 1829 1921 1830 1921 1830 1920 1829 1922 1831 1921 1830 1922 1831 1923 1832 1923 1832 1922 1831 1924 1833 1923 1832 1924 1833 1925 1834 1925 1834 1924 1833 1926 1835 1925 1834 1926 1835 1927 1836 1927 1836 1926 1835 1928 1837 1927 1836 1928 1837 1929 1838 1929 1838 1928 1837 1930 1839 1929 1838 1930 1839 1931 1840 1931 1840 1930 1839 1932 1841 1931 1840 1932 1841 1933 1842 1933 1842 1932 1841 1934 1843 1933 1842 1934 1843 1935 1844 1935 1844 1934 1843 1936 1845 1935 1844 1936 1845 1937 1846 1937 1846 1936 1845 1938 1847 1937 1846 1938 1847 1939 1848 1939 1848 1938 1847 1940 1849 1939 1848 1940 1849 1941 1850 1941 1850 1940 1849 1942 1851 1941 1850 1942 1851 1943 1852 1913 1822 1944 1853 1914 1823 1914 1823 1944 1853 1945 1854 1914 1823 1945 1854 1946 1855 1946 1855 1945 1854 1947 1856 1946 1855 1947 1856 1948 1857 1948 1857 1947 1856 1949 1858 1948 1857 1949 1858 1950 1859 1950 1859 1949 1858 1951 1860 1950 1859 1951 1860 1952 1861 1952 1861 1951 1860 1953 1862 1952 1861 1953 1862 1954 1863 1954 1863 1953 1862 1955 1864 1954 1863 1955 1864 1956 1865 1956 1865 1955 1864 1957 1866 1956 1865 1957 1866 1958 1867 1958 1867 1957 1866 1959 1868 1958 1867 1959 1868 1960 1869 1960 1869 1959 1868 1961 1870 1960 1869 1961 1870 1962 1871 1962 1871 1961 1870 1963 1872 1962 1871 1963 1872 1964 1873 1964 1873 1963 1872 1965 1874 1964 1873 1965 1874 1966 1875 1966 1875 1965 1874 1967 1876 1966 1875 1967 1876 1968 1877 1968 1877 1967 1876 1969 1878 1968 1877 1969 1878 1970 1879 1970 1879 1969 1878 1971 1880 1970 1879 1971 1880 1972 1881 1972 1881 1971 1880 1973 1882 1972 1881 1973 1882 1974 1883 1974 1883 1973 1882 1975 1884 1974 1883 1975 1884 1976 1885 1976 1885 1975 1884 1977 1886 1976 1885 1977 1886 1978 1887 1978 1887 1977 1886 1943 1852 1978 1887 1943 1852 1979 1888 1979 1888 1943 1852 1942 1851 1738 1648 1914 1823 1739 1649 1739 1649 1914 1823 1946 1855 1739 1649 1946 1855 1750 1660 1750 1660 1946 1855 1948 1857 1750 1660 1948 1857 1751 1661 1751 1661 1948 1857 1950 1859 1751 1661 1950 1859 1752 1662 1752 1662 1950 1859 1952 1861 1752 1662 1952 1861 1731 1641 1731 1641 1952 1861 1954 1863 1731 1641 1954 1863 1740 1650 1740 1650 1954 1863 1956 1865 1740 1650 1956 1865 1741 1651 1741 1651 1956 1865 1958 1867 1741 1651 1958 1867 1759 1669 1759 1669 1958 1867 1960 1869 1759 1669 1960 1869 1760 1670 1760 1670 1960 1869 1962 1871 1760 1670 1962 1871 1761 1671 1761 1671 1962 1871 1964 1873 1761 1671 1964 1873 1762 1672 1762 1672 1964 1873 1966 1875 1762 1672 1966 1875 1763 1673 1763 1673 1966 1875 1968 1877 1763 1673 1968 1877 1743 1653 1743 1653 1968 1877 1970 1879 1743 1653 1970 1879 1744 1654 1744 1654 1970 1879 1972 1881 1744 1654 1972 1881 1753 1663 1753 1663 1972 1881 1974 1883 1753 1663 1974 1883 1754 1664 1754 1664 1974 1883 1976 1885 1754 1664 1976 1885 1755 1665 1755 1665 1976 1885 1978 1887 1755 1665 1978 1887 1734 1644 1734 1644 1978 1887 1979 1888 1734 1644 1979 1888 1735 1645 1735 1645 1979 1888 1942 1851 1735 1645 1942 1851 1737 1647 1737 1647 1942 1851 1940 1849 1737 1647 1940 1849 1745 1655 1745 1655 1940 1849 1938 1847 1745 1655 1938 1847 1746 1656 1746 1656 1938 1847 1936 1845 1746 1656 1936 1845 1747 1657 1747 1657 1936 1845 1934 1843 1747 1657 1934 1843 1756 1666 1756 1666 1934 1843 1932 1841 1756 1666 1932 1841 1757 1667 1757 1667 1932 1841 1930 1839 1757 1667 1930 1839 1758 1668 1758 1668 1930 1839 1928 1837 1758 1668 1928 1837 1748 1658 1748 1658 1928 1837 1926 1835 1748 1658 1926 1835 1749 1659 1749 1659 1926 1835 1924 1833 1749 1659 1924 1833 1732 1642 1732 1642 1924 1833 1922 1831 1732 1642 1922 1831 1733 1643 1733 1643 1922 1831 1920 1829 1733 1643 1920 1829 1730 1640 1730 1640 1920 1829 1918 1827 1730 1640 1918 1827 1728 1638 1728 1638 1918 1827 1916 1825 1728 1638 1916 1825 1729 1639 1729 1639 1916 1825 1912 1821 1912 1821 1914 1823 1729 1639 1729 1639 1914 1823 1738 1648 1927 1836 1221 1161 1925 1834 1925 1834 1221 1161 1220 1160 1925 1834 1220 1160 1923 1832 1923 1832 1220 1160 1225 1165 1923 1832 1225 1165 1921 1830 1921 1830 1225 1165 1224 1164 1921 1830 1224 1164 1919 1828 1919 1828 1224 1164 1223 1163 1919 1828 1223 1163 1917 1826 1917 1826 1223 1163 1228 1168 1917 1826 1228 1168 1915 1824 1915 1824 1228 1168 1227 1167 1915 1824 1227 1167 1910 1819 1910 1819 1227 1167 1226 1166 1910 1819 1226 1166 1911 1820 1911 1820 1226 1166 1231 1171 1911 1820 1231 1171 1913 1822 1913 1822 1231 1171 1230 1170 1913 1822 1230 1170 1944 1853 1944 1853 1230 1170 1229 1169 1944 1853 1229 1169 1945 1854 1945 1854 1229 1169 1234 1174 1945 1854 1234 1174 1947 1856 1947 1856 1234 1174 1233 1173 1947 1856 1233 1173 1949 1858 1949 1858 1233 1173 1232 1172 1949 1858 1232 1172 1951 1860 1951 1860 1232 1172 1236 1176 1951 1860 1236 1176 1953 1862 1953 1862 1236 1176 1235 1175 1953 1862 1235 1175 1955 1864 1955 1864 1235 1175 1204 1144 1955 1864 1204 1144 1957 1866 1957 1866 1204 1144 1203 1143 1957 1866 1203 1143 1959 1868 1959 1868 1203 1143 1201 1141 1959 1868 1201 1141 1961 1870 1961 1870 1201 1141 1200 1140 1961 1870 1200 1140 1963 1872 1963 1872 1200 1140 1207 1147 1963 1872 1207 1147 1965 1874 1965 1874 1207 1147 1206 1146 1965 1874 1206 1146 1967 1876 1967 1876 1206 1146 1205 1145 1967 1876 1205 1145 1969 1878 1969 1878 1205 1145 1210 1150 1969 1878 1210 1150 1971 1880 1971 1880 1210 1150 1209 1149 1971 1880 1209 1149 1973 1882 1973 1882 1209 1149 1208 1148 1973 1882 1208 1148 1975 1884 1975 1884 1208 1148 1213 1153 1975 1884 1213 1153 1977 1886 1977 1886 1213 1153 1212 1152 1977 1886 1212 1152 1943 1852 1943 1852 1212 1152 1211 1151 1943 1852 1211 1151 1941 1850 1941 1850 1211 1151 1216 1156 1941 1850 1216 1156 1939 1848 1939 1848 1216 1156 1215 1155 1939 1848 1215 1155 1937 1846 1937 1846 1215 1155 1214 1154 1937 1846 1214 1154 1935 1844 1935 1844 1214 1154 1219 1159 1935 1844 1219 1159 1933 1842 1933 1842 1219 1159 1218 1158 1933 1842 1218 1158 1931 1840 1931 1840 1218 1158 1217 1157 1931 1840 1217 1157 1929 1838 1929 1838 1217 1157 1222 1162 1929 1838 1222 1162 1927 1836 1927 1836 1222 1162 1221 1161 1427 1367 1980 1889 1426 1366 1426 1366 1980 1889 1981 1890 1426 1366 1981 1890 1425 1365 1425 1365 1981 1890 1982 1891 1425 1365 1982 1891 1424 1364 1424 1364 1982 1891 1983 1892 1424 1364 1983 1892 1423 1363 1423 1363 1983 1892 1984 1893 1423 1363 1984 1893 1422 1362 1422 1362 1984 1893 1985 1894 1422 1362 1985 1894 1457 1397 1457 1397 1985 1894 1986 1895 1457 1397 1986 1895 1456 1396 1456 1396 1986 1895 1987 1896 1456 1396 1987 1896 1455 1395 1455 1395 1987 1896 1988 1897 1455 1395 1988 1897 1454 1394 1454 1394 1988 1897 1989 1898 1454 1394 1989 1898 1453 1393 1453 1393 1989 1898 1990 1899 1453 1393 1990 1899 1452 1392 1452 1392 1990 1899 1991 1900 1452 1392 1991 1900 1451 1391 1451 1391 1991 1900 1992 1901 1451 1391 1992 1901 1450 1390 1450 1390 1992 1901 1993 1902 1450 1390 1993 1902 1449 1389 1449 1389 1993 1902 1994 1903 1449 1389 1994 1903 1448 1388 1448 1388 1994 1903 1995 1904 1448 1388 1995 1904 1447 1387 1447 1387 1995 1904 1996 1905 1447 1387 1996 1905 1446 1386 1446 1386 1996 1905 1997 1906 1446 1386 1997 1906 1445 1385 1445 1385 1997 1906 1998 1907 1445 1385 1998 1907 1444 1384 1444 1384 1998 1907 1999 1908 1444 1384 1999 1908 1443 1383 1443 1383 1999 1908 2000 1909 1443 1383 2000 1909 1442 1382 1442 1382 2000 1909 2001 1910 1442 1382 2001 1910 1441 1381 1441 1381 2001 1910 2002 1911 1441 1381 2002 1911 1440 1380 1440 1380 2002 1911 2003 1912 1440 1380 2003 1912 1439 1379 1439 1379 2003 1912 2004 1913 1439 1379 2004 1913 1438 1378 1438 1378 2004 1913 2005 1914 1438 1378 2005 1914 1437 1377 1437 1377 2005 1914 2006 1915 1437 1377 2006 1915 1436 1376 1436 1376 2006 1915 2007 1916 1436 1376 2007 1916 1435 1375 1435 1375 2007 1916 2008 1917 1435 1375 2008 1917 1434 1374 1434 1374 2008 1917 2009 1918 1434 1374 2009 1918 1433 1373 1433 1373 2009 1918 2010 1919 1433 1373 2010 1919 1432 1372 1432 1372 2010 1919 2011 1920 1432 1372 2011 1920 1431 1371 1431 1371 2011 1920 2012 1921 1431 1371 2012 1921 1430 1370 1430 1370 2012 1921 2013 1922 1430 1370 2013 1922 1429 1369 1429 1369 2013 1922 2014 1923 1429 1369 2014 1923 1428 1368 1428 1368 2014 1923 2015 1924 1428 1368 2015 1924 1427 1367 1427 1367 2015 1924 1980 1889 1985 1894 1666 1576 1986 1895 1986 1895 1666 1576 1667 1577 1986 1895 1667 1577 1987 1896 1987 1896 1667 1577 1676 1586 1987 1896 1676 1586 1988 1897 1988 1897 1676 1586 1677 1587 1988 1897 1677 1587 1989 1898 1989 1898 1677 1587 1678 1588 1989 1898 1678 1588 1990 1899 1990 1899 1678 1588 1679 1589 1990 1899 1679 1589 1991 1900 1991 1900 1679 1589 1665 1575 1991 1900 1665 1575 1992 1901 1992 1901 1665 1575 1664 1574 1992 1901 1664 1574 1993 1902 1993 1902 1664 1574 1689 1599 1993 1902 1689 1599 1994 1903 1994 1903 1689 1599 1688 1598 1994 1903 1688 1598 1995 1904 1995 1904 1688 1598 1687 1597 1995 1904 1687 1597 1996 1905 1996 1905 1687 1597 1686 1596 1996 1905 1686 1596 1997 1906 1997 1906 1686 1596 1685 1595 1997 1906 1685 1595 1998 1907 1998 1907 1685 1595 1684 1594 1998 1907 1684 1594 1999 1908 1999 1908 1684 1594 1683 1593 1999 1908 1683 1593 2000 1909 2000 1909 1683 1593 1660 1570 2000 1909 1660 1570 2001 1910 2001 1910 1660 1570 1659 1569 2001 1910 1659 1569 2002 1911 2002 1911 1659 1569 1682 1592 2002 1911 1682 1592 2003 1912 2003 1912 1682 1592 1681 1591 2003 1912 1681 1591 2004 1913 2004 1913 1681 1591 1680 1590 2004 1913 1680 1590 2005 1914 2005 1914 1680 1590 1675 1585 2005 1914 1675 1585 2006 1915 2006 1915 1675 1585 1674 1584 2006 1915 1674 1584 2007 1916 2007 1916 1674 1584 1673 1583 2007 1916 1673 1583 2008 1917 2008 1917 1673 1583 1672 1582 2008 1917 1672 1582 2009 1918 2009 1918 1672 1582 1671 1581 2009 1918 1671 1581 2010 1919 2010 1919 1671 1581 1669 1579 2010 1919 1669 1579 2011 1920 2011 1920 1669 1579 1668 1578 2011 1920 1668 1578 2012 1921 2012 1921 1668 1578 1658 1568 2012 1921 1658 1568 2013 1922 2013 1922 1658 1568 1657 1567 2013 1922 1657 1567 2014 1923 2014 1923 1657 1567 1663 1573 2014 1923 1663 1573 2015 1924 2015 1924 1663 1573 1662 1572 2015 1924 1662 1572 1980 1889 1980 1889 1662 1572 1661 1571 1980 1889 1661 1571 1981 1890 1981 1890 1661 1571 1656 1566 1981 1890 1656 1566 1982 1891 1982 1891 1656 1566 1655 1565 1982 1891 1655 1565 1983 1892 1983 1892 1655 1565 1654 1564 1983 1892 1654 1564 1984 1893 1984 1893 1654 1564 1653 1563 1984 1893 1653 1563 1985 1894 1985 1894 1653 1563 1666 1576 1503 1443 2016 1925 1502 1442 1502 1442 2016 1925 2017 1926 1502 1442 2017 1926 1501 1441 1501 1441 2017 1926 2018 1927 1501 1441 2018 1927 1500 1440 1500 1440 2018 1927 2019 1928 1500 1440 2019 1928 1499 1439 1499 1439 2019 1928 2020 1929 1499 1439 2020 1929 1498 1438 1498 1438 2020 1929 2021 1930 1498 1438 2021 1930 1497 1437 1497 1437 2021 1930 2022 1931 1497 1437 2022 1931 1496 1436 1496 1436 2022 1931 2023 1932 1496 1436 2023 1932 1495 1435 1495 1435 2023 1932 2024 1933 1495 1435 2024 1933 1530 1470 1530 1470 2024 1933 2025 1934 1530 1470 2025 1934 1529 1469 1529 1469 2025 1934 2026 1935 1529 1469 2026 1935 1528 1468 1528 1468 2026 1935 2027 1936 1528 1468 2027 1936 1527 1467 1527 1467 2027 1936 2028 1937 1527 1467 2028 1937 1526 1466 1526 1466 2028 1937 2029 1938 1526 1466 2029 1938 1525 1465 1525 1465 2029 1938 2030 1939 1525 1465 2030 1939 1524 1464 1524 1464 2030 1939 2031 1940 1524 1464 2031 1940 1523 1463 1523 1463 2031 1940 2032 1941 1523 1463 2032 1941 1522 1462 1522 1462 2032 1941 2033 1942 1522 1462 2033 1942 1521 1461 1521 1461 2033 1942 2034 1943 1521 1461 2034 1943 1520 1460 1520 1460 2034 1943 2035 1944 1520 1460 2035 1944 1519 1459 1519 1459 2035 1944 2036 1945 1519 1459 2036 1945 1518 1458 1518 1458 2036 1945 2037 1946 1518 1458 2037 1946 1517 1457 1517 1457 2037 1946 2038 1947 1517 1457 2038 1947 1516 1456 1516 1456 2038 1947 2039 1948 1516 1456 2039 1948 1515 1455 1515 1455 2039 1948 2040 1949 1515 1455 2040 1949 1514 1454 1514 1454 2040 1949 2041 1950 1514 1454 2041 1950 1513 1453 1513 1453 2041 1950 2042 1951 1513 1453 2042 1951 1512 1452 1512 1452 2042 1951 2043 1952 1512 1452 2043 1952 1511 1451 1511 1451 2043 1952 2044 1953 1511 1451 2044 1953 1510 1450 1510 1450 2044 1953 2045 1954 1510 1450 2045 1954 1509 1449 1509 1449 2045 1954 2046 1955 1509 1449 2046 1955 1508 1448 1508 1448 2046 1955 2047 1956 1508 1448 2047 1956 1507 1447 1507 1447 2047 1956 2048 1957 1507 1447 2048 1957 1506 1446 1506 1446 2048 1957 2049 1958 1506 1446 2049 1958 1505 1445 1505 1445 2049 1958 2050 1959 1505 1445 2050 1959 1504 1444 1504 1444 2050 1959 2051 1960 1504 1444 2051 1960 1503 1443 1503 1443 2051 1960 2016 1925 2024 1933 1720 1630 2025 1934 2025 1934 1720 1630 1719 1629 2025 1934 1719 1629 2026 1935 2026 1935 1719 1629 1715 1625 2026 1935 1715 1625 2027 1936 2027 1936 1715 1625 1714 1624 2027 1936 1714 1624 2028 1937 2028 1937 1714 1624 1713 1623 2028 1937 1713 1623 2029 1938 2029 1938 1713 1623 1712 1622 2029 1938 1712 1622 2030 1939 2030 1939 1712 1622 1711 1621 2030 1939 1711 1621 2031 1940 2031 1940 1711 1621 1710 1620 2031 1940 1710 1620 2032 1941 2032 1941 1710 1620 1709 1619 2032 1941 1709 1619 2033 1942 2033 1942 1709 1619 1708 1618 2033 1942 1708 1618 2034 1943 2034 1943 1708 1618 1707 1617 2034 1943 1707 1617 2035 1944 2035 1944 1707 1617 1706 1616 2035 1944 1706 1616 2036 1945 2036 1945 1706 1616 1705 1615 2036 1945 1705 1615 2037 1946 2037 1946 1705 1615 1703 1613 2037 1946 1703 1613 2038 1947 2038 1947 1703 1613 1702 1612 2038 1947 1702 1612 2039 1948 2039 1948 1702 1612 1718 1628 2039 1948 1718 1628 2040 1949 2040 1949 1718 1628 1717 1627 2040 1949 1717 1627 2041 1950 2041 1950 1717 1627 1716 1626 2041 1950 1716 1626 2042 1951 2042 1951 1716 1626 1701 1611 2042 1951 1701 1611 2043 1952 2043 1952 1701 1611 1700 1610 2043 1952 1700 1610 2044 1953 2044 1953 1700 1610 1699 1609 2044 1953 1699 1609 2045 1954 2045 1954 1699 1609 1694 1604 2045 1954 1694 1604 2046 1955 2046 1955 1694 1604 1693 1603 2046 1955 1693 1603 2047 1956 2047 1956 1693 1603 1692 1602 2047 1956 1692 1602 2048 1957 2048 1957 1692 1602 1691 1601 2048 1957 1691 1601 2049 1958 2049 1958 1691 1601 1726 1636 2049 1958 1726 1636 2050 1959 2050 1959 1726 1636 1727 1637 2050 1959 1727 1637 2051 1960 2051 1960 1727 1637 1698 1608 2051 1960 1698 1608 2016 1925 2016 1925 1698 1608 1697 1607 2016 1925 1697 1607 2017 1926 2017 1926 1697 1607 1696 1606 2017 1926 1696 1606 2018 1927 2018 1927 1696 1606 1695 1605 2018 1927 1695 1605 2019 1928 2019 1928 1695 1605 1725 1635 2019 1928 1725 1635 2020 1929 2020 1929 1725 1635 1724 1634 2020 1929 1724 1634 2021 1930 2021 1930 1724 1634 1723 1633 2021 1930 1723 1633 2022 1931 2022 1931 1723 1633 1722 1632 2022 1931 1722 1632 2023 1932 2023 1932 1722 1632 1721 1631 2023 1932 1721 1631 2024 1933 2024 1933 1721 1631 1720 1630 1576 1443 2052 1961 1575 1442 1575 1442 2052 1961 2053 1962 1575 1442 2053 1962 1574 1441 1574 1441 2053 1962 2054 1963 1574 1441 2054 1963 1573 1497 1573 1497 2054 1963 2055 1964 1573 1497 2055 1964 1572 1496 1572 1496 2055 1964 2056 1965 1572 1496 2056 1965 1571 1495 1571 1495 2056 1965 2057 1966 1571 1495 2057 1966 1570 1494 1570 1494 2057 1966 2058 1967 1570 1494 2058 1967 1569 1493 1569 1493 2058 1967 2059 1932 1569 1493 2059 1932 1568 1492 1568 1492 2059 1932 2060 1968 1568 1492 2060 1968 1603 1518 1603 1518 2060 1968 2061 1969 1603 1518 2061 1969 1602 1517 1602 1517 2061 1969 2062 1970 1602 1517 2062 1970 1601 1516 1601 1516 2062 1970 2063 1971 1601 1516 2063 1971 1600 1515 1600 1515 2063 1971 2064 1972 1600 1515 2064 1972 1599 1514 1599 1514 2064 1972 2065 1973 1599 1514 2065 1973 1598 1513 1598 1513 2065 1973 2066 1974 1598 1513 2066 1974 1597 1512 1597 1512 2066 1974 2067 1975 1597 1512 2067 1975 1596 1511 1596 1511 2067 1975 2068 1976 1596 1511 2068 1976 1595 1510 1595 1510 2068 1976 2069 1977 1595 1510 2069 1977 1594 1509 1594 1509 2069 1977 2070 1978 1594 1509 2070 1978 1593 1460 1593 1460 2070 1978 2071 1979 1593 1460 2071 1979 1592 1459 1592 1459 2071 1979 2072 1980 1592 1459 2072 1980 1591 1508 1591 1508 2072 1980 2073 1981 1591 1508 2073 1981 1590 1507 1590 1507 2073 1981 2074 1982 1590 1507 2074 1982 1589 1506 1589 1506 2074 1982 2075 1983 1589 1506 2075 1983 1588 1505 1588 1505 2075 1983 2076 1984 1588 1505 2076 1984 1587 1504 1587 1504 2076 1984 2077 1985 1587 1504 2077 1985 1586 1503 1586 1503 2077 1985 2078 1986 1586 1503 2078 1986 1585 1502 1585 1502 2078 1986 2079 1987 1585 1502 2079 1987 1584 1501 1584 1501 2079 1987 2080 1988 1584 1501 2080 1988 1583 1500 1583 1500 2080 1988 2081 1989 1583 1500 2081 1989 1582 1499 1582 1499 2081 1989 2082 1990 1582 1499 2082 1990 1581 1498 1581 1498 2082 1990 2083 1991 1581 1498 2083 1991 1580 1447 1580 1447 2083 1991 2084 1992 1580 1447 2084 1992 1579 1446 1579 1446 2084 1992 2085 1993 1579 1446 2085 1993 1578 1445 1578 1445 2085 1993 2086 1994 1578 1445 2086 1994 1577 1444 1577 1444 2086 1994 2087 1995 1577 1444 2087 1995 1576 1443 1576 1443 2087 1995 2052 1961 2060 1968 1820 1730 2061 1969 2061 1969 1820 1730 1810 1720 2061 1969 1810 1720 2062 1970 2062 1970 1810 1720 1809 1719 2062 1970 1809 1719 2063 1971 2063 1971 1809 1719 1808 1718 2063 1971 1808 1718 2064 1972 2064 1972 1808 1718 1807 1717 2064 1972 1807 1717 2065 1973 2065 1973 1807 1717 1803 1713 2065 1973 1803 1713 2066 1974 2066 1974 1803 1713 1802 1712 2066 1974 1802 1712 2067 1975 2067 1975 1802 1712 1834 1744 2067 1975 1834 1744 2068 1976 2068 1976 1834 1744 1835 1745 2068 1976 1835 1745 2069 1977 2069 1977 1835 1745 1833 1743 2069 1977 1833 1743 2070 1978 2070 1978 1833 1743 1832 1742 2070 1978 1832 1742 2071 1979 2071 1979 1832 1742 1801 1711 2071 1979 1801 1711 2072 1980 2072 1980 1801 1711 1800 1710 2072 1980 1800 1710 2073 1981 2073 1981 1800 1710 1819 1729 2073 1981 1819 1729 2074 1982 2074 1982 1819 1729 1818 1728 2074 1982 1818 1728 2075 1983 2075 1983 1818 1728 1817 1727 2075 1983 1817 1727 2076 1984 2076 1984 1817 1727 1816 1726 2076 1984 1816 1726 2077 1985 2077 1985 1816 1726 1828 1738 2077 1985 1828 1738 2078 1986 2078 1986 1828 1738 1827 1737 2078 1986 1827 1737 2079 1987 2079 1987 1827 1737 1826 1736 2079 1987 1826 1736 2080 1988 2080 1988 1826 1736 1806 1716 2080 1988 1806 1716 2081 1989 2081 1989 1806 1716 1805 1715 2081 1989 1805 1715 2082 1990 2082 1990 1805 1715 1804 1714 2082 1990 1804 1714 2083 1991 2083 1991 1804 1714 1825 1735 2083 1991 1825 1735 2084 1992 2084 1992 1825 1735 1824 1734 2084 1992 1824 1734 2085 1993 2085 1993 1824 1734 1823 1733 2085 1993 1823 1733 2086 1994 2086 1994 1823 1733 1831 1741 2086 1994 1831 1741 2087 1995 2087 1995 1831 1741 1830 1740 2087 1995 1830 1740 2052 1961 2052 1961 1830 1740 1829 1739 2052 1961 1829 1739 2053 1962 2053 1962 1829 1739 1815 1725 2053 1962 1815 1725 2054 1963 2054 1963 1815 1725 1814 1724 2054 1963 1814 1724 2055 1964 2055 1964 1814 1724 1813 1723 2055 1964 1813 1723 2056 1965 2056 1965 1813 1723 1812 1722 2056 1965 1812 1722 2057 1966 2057 1966 1812 1722 1811 1721 2057 1966 1811 1721 2058 1967 2058 1967 1811 1721 1822 1732 2058 1967 1822 1732 2059 1932 2059 1932 1822 1732 1821 1731 2059 1932 1821 1731 2060 1968 2060 1968 1821 1731 1820 1730 2088 1996 2089 1997 4 4 4 4 2090 1998 2088 1996 2088 1996 2090 1998 2091 1999 2088 1996 2091 1999 2092 2000 2092 2000 2091 1999 2093 2001 2092 2000 2093 2001 2094 2002 2094 2002 2093 2001 2095 2003 2094 2002 2095 2003 2096 2004 2096 2004 2095 2003 2097 2005 2096 2004 2097 2005 2098 2006 2098 2006 2097 2005 2099 2007 2098 2006 2099 2007 2100 2008 2100 2008 2099 2007 2101 2009 2100 2008 2101 2009 2102 2010 2102 2010 2101 2009 2103 2011 2102 2010 2103 2011 2104 2012 2104 2012 2103 2011 2105 2013 2104 2012 2105 2013 2106 2014 2106 2014 2105 2013 2 2 2106 2014 2 2 2107 2015 2108 2016 2109 2017 41 41 2110 2018 2111 2019 4 4 4 4 2111 2019 2112 2020 41 41 4 4 2108 2016 2108 2016 4 4 2112 2020 2108 2016 2112 2020 2113 2021 2113 2021 2112 2020 2114 2022 2115 2023 2116 2024 4 4 4 4 2116 2024 2117 2025 4 4 2117 2025 2110 2018 2109 2017 2118 2026 41 41 41 41 2118 2026 2119 2027 41 41 2119 2027 2120 2028 2089 1997 2121 2029 4 4 4 4 2121 2029 2122 2030 4 4 2122 2030 2123 2031 2124 2032 2125 2033 2126 2034 2125 2033 2124 2032 2112 2020 2112 2020 2124 2032 2127 2035 2112 2020 2127 2035 2114 2022 2123 2031 2128 2036 4 4 4 4 2128 2036 2129 2037 4 4 2129 2037 2115 2023 2120 2028 2130 2038 41 41 41 41 2130 2038 2131 2039 41 41 2131 2039 2132 2040 2132 2040 2133 2041 41 41 41 41 2133 2041 2134 2042 41 41 2134 2042 2135 2043 2136 2044 2126 2034 2137 2045 2137 2045 2126 2034 2138 2046 2137 2045 2138 2046 2139 2047 2136 2044 2140 2048 2126 2034 2126 2034 2140 2048 2141 2049 2126 2034 2141 2049 2142 2050 2139 2047 2143 2051 2137 2045 2137 2045 2143 2051 2144 2052 2137 2045 2144 2052 2145 2053 2142 2050 2146 2054 2126 2034 2126 2034 2146 2054 2147 2055 2126 2034 2147 2055 2124 2032 2148 2056 2149 2057 2150 2058 2150 2058 2149 2057 2151 2059 2150 2058 2151 2059 2152 2060 2152 2060 2151 2059 2153 2061 2152 2060 2153 2061 2154 2062 2154 2062 2153 2061 2155 2063 2154 2062 2155 2063 2156 2064 2156 2064 2155 2063 2157 2065 2156 2064 2157 2065 2158 2066 2158 2066 2157 2065 2159 2067 2158 2066 2159 2067 2160 2068 2160 2068 2159 2067 2161 2069 2160 2068 2161 2069 2162 2070 2162 2070 2161 2069 2163 2071 2162 2070 2163 2071 2164 2072 2164 2072 2163 2071 2165 2073 2164 2072 2165 2073 2166 2074 2166 2074 2165 2073 2167 2075 2166 2074 2167 2075 2168 2076 2168 2076 2167 2075 2169 2077 2168 2076 2169 2077 2170 2078 2170 2078 2169 2077 2171 2079 2170 2078 2171 2079 2172 2080 2172 2080 2171 2079 2173 2081 2172 2080 2173 2081 2174 2082 2174 2082 2173 2081 2175 2083 2174 2082 2175 2083 2176 2084 2176 2084 2175 2083 2177 2085 2176 2084 2177 2085 2178 2086 2178 2086 2177 2085 2179 2087 2178 2086 2179 2087 2180 2088 2180 2088 2179 2087 2181 2089 2180 2088 2181 2089 2182 2090 2182 2090 2181 2089 2183 2091 2182 2090 2183 2091 2184 2092 2184 2092 2183 2091 2185 2093 2184 2092 2185 2093 2186 2094 2186 2094 2185 2093 2187 2095 2186 2094 2187 2095 2188 2096 2188 2096 2187 2095 2189 2097 2188 2096 2189 2097 2190 2098 2190 2098 2189 2097 2191 2099 2190 2098 2191 2099 2192 2100 2192 2100 2191 2099 2193 2101 2192 2100 2193 2101 2194 2102 2194 2102 2193 2101 2195 2103 2194 2102 2195 2103 2196 2104 2196 2104 2195 2103 2197 2105 2196 2104 2197 2105 2198 2106 2198 2106 2197 2105 2199 2107 2198 2106 2199 2107 2200 2108 2200 2108 2199 2107 2201 2109 2200 2108 2201 2109 2202 2110 2202 2110 2201 2109 2203 2111 2202 2110 2203 2111 2204 2112 2204 2112 2203 2111 2205 2113 2204 2112 2205 2113 2206 2114 2206 2114 2205 2113 2207 2115 2206 2114 2207 2115 2208 2116 2208 2116 2207 2115 2209 2117 2208 2116 2209 2117 2210 2118 2210 2118 2209 2117 2211 2119 2210 2118 2211 2119 2212 2120 2212 2120 2211 2119 2213 2121 2212 2120 2213 2121 2214 2122 2214 2122 2213 2121 2215 2123 2214 2122 2215 2123 2216 2124 2216 2124 2215 2123 2217 2125 2216 2124 2217 2125 2218 2126 2218 2126 2217 2125 2219 2127 2218 2126 2219 2127 2148 2056 2148 2056 2219 2127 2149 2057 2189 2097 2187 2095 2220 2128 2220 2128 2187 2095 2185 2093 2220 2128 2185 2093 2183 2091 2195 2103 2193 2101 2220 2128 2220 2128 2193 2101 2191 2099 2220 2128 2191 2099 2189 2097 2201 2109 2199 2107 2220 2128 2220 2128 2199 2107 2197 2105 2220 2128 2197 2105 2195 2103 2207 2115 2205 2113 2220 2128 2220 2128 2205 2113 2203 2111 2220 2128 2203 2111 2201 2109 2213 2121 2211 2119 2220 2128 2220 2128 2211 2119 2209 2117 2220 2128 2209 2117 2207 2115 2219 2127 2217 2125 2220 2128 2220 2128 2217 2125 2215 2123 2220 2128 2215 2123 2213 2121 2153 2061 2151 2059 2220 2128 2220 2128 2151 2059 2149 2057 2220 2128 2149 2057 2219 2127 2159 2067 2157 2065 2220 2128 2220 2128 2157 2065 2155 2063 2220 2128 2155 2063 2153 2061 2165 2073 2163 2071 2220 2128 2220 2128 2163 2071 2161 2069 2220 2128 2161 2069 2159 2067 2171 2079 2169 2077 2220 2128 2220 2128 2169 2077 2167 2075 2220 2128 2167 2075 2165 2073 2177 2085 2175 2083 2220 2128 2220 2128 2175 2083 2173 2081 2220 2128 2173 2081 2171 2079 2183 2091 2181 2089 2220 2128 2220 2128 2181 2089 2179 2087 2220 2128 2179 2087 2177 2085 2221 2129 2222 2130 2223 2131 2223 2131 2222 2130 2224 2132 2223 2131 2224 2132 2225 2133 2225 2133 2224 2132 2226 2134 2225 2133 2226 2134 2227 2135 2227 2135 2226 2134 2228 2063 2227 2135 2228 2063 2229 2136 2229 2136 2228 2063 2230 2137 2229 2136 2230 2137 2231 2138 2231 2138 2230 2137 2232 2139 2231 2138 2232 2139 2233 2140 2233 2140 2232 2139 2234 2141 2233 2140 2234 2141 2235 2142 2235 2142 2234 2141 2236 2071 2235 2142 2236 2071 2237 2072 2237 2072 2236 2071 2238 2073 2237 2072 2238 2073 2239 2143 2239 2143 2238 2073 2240 2075 2239 2143 2240 2075 2241 2144 2241 2144 2240 2075 2242 2145 2241 2144 2242 2145 2243 2146 2243 2146 2242 2145 2244 2147 2243 2146 2244 2147 2245 2148 2245 2148 2244 2147 2246 2149 2245 2148 2246 2149 2247 2150 2247 2150 2246 2149 2248 2151 2247 2150 2248 2151 2249 2152 2249 2152 2248 2151 2250 2153 2249 2152 2250 2153 2251 2154 2251 2154 2250 2153 2252 2155 2251 2154 2252 2155 2253 2156 2253 2156 2252 2155 2254 2157 2253 2156 2254 2157 2255 2158 2255 2158 2254 2157 2256 2159 2255 2158 2256 2159 2257 2160 2257 2160 2256 2159 2258 2093 2257 2160 2258 2093 2259 2161 2259 2161 2258 2093 2260 2162 2259 2161 2260 2162 2261 2163 2261 2163 2260 2162 2262 2164 2261 2163 2262 2164 2263 2165 2263 2165 2262 2164 2264 2166 2263 2165 2264 2166 2265 2167 2265 2167 2264 2166 2266 2168 2265 2167 2266 2168 2267 2169 2267 2169 2266 2168 2268 2170 2267 2169 2268 2170 2269 2171 2269 2171 2268 2170 2270 2172 2269 2171 2270 2172 2271 2173 2271 2173 2270 2172 2272 2174 2271 2173 2272 2174 2273 2175 2273 2175 2272 2174 2274 2176 2273 2175 2274 2176 2275 2110 2275 2110 2274 2176 2276 2111 2275 2110 2276 2111 2277 2177 2277 2177 2276 2111 2278 2113 2277 2177 2278 2113 2279 2178 2279 2178 2278 2113 2280 2115 2279 2178 2280 2115 2281 2179 2281 2179 2280 2115 2282 2180 2281 2179 2282 2180 2283 2181 2283 2181 2282 2180 2284 2182 2283 2181 2284 2182 2285 2183 2285 2183 2284 2182 2286 2184 2285 2183 2286 2184 2287 2185 2287 2185 2286 2184 2288 2123 2287 2185 2288 2123 2289 2186 2289 2186 2288 2123 2290 2187 2289 2186 2290 2187 2291 2188 2291 2188 2290 2187 2292 2189 2291 2188 2292 2189 2221 2129 2221 2129 2292 2189 2222 2130 2262 2164 2260 2162 2293 2190 2293 2190 2260 2162 2258 2093 2293 2190 2258 2093 2256 2159 2268 2170 2266 2168 2293 2190 2293 2190 2266 2168 2264 2166 2293 2190 2264 2166 2262 2164 2274 2176 2272 2174 2293 2190 2293 2190 2272 2174 2270 2172 2293 2190 2270 2172 2268 2170 2280 2115 2278 2113 2293 2190 2293 2190 2278 2113 2276 2111 2293 2190 2276 2111 2274 2176 2286 2184 2284 2182 2293 2190 2293 2190 2284 2182 2282 2180 2293 2190 2282 2180 2280 2115 2292 2189 2290 2187 2293 2190 2293 2190 2290 2187 2288 2123 2293 2190 2288 2123 2286 2184 2226 2134 2224 2132 2293 2190 2293 2190 2224 2132 2222 2130 2293 2190 2222 2130 2292 2189 2232 2139 2230 2137 2293 2190 2293 2190 2230 2137 2228 2063 2293 2190 2228 2063 2226 2134 2238 2073 2236 2071 2293 2190 2293 2190 2236 2071 2234 2141 2293 2190 2234 2141 2232 2139 2244 2147 2242 2145 2293 2190 2293 2190 2242 2145 2240 2075 2293 2190 2240 2075 2238 2073 2250 2153 2248 2151 2293 2190 2293 2190 2248 2151 2246 2149 2293 2190 2246 2149 2244 2147 2256 2159 2254 2157 2293 2190 2293 2190 2254 2157 2252 2155 2293 2190 2252 2155 2250 2153 2294 2191 2295 2130 2296 2192 2296 2192 2295 2130 2297 2132 2296 2192 2297 2132 2298 2133 2298 2133 2297 2132 2299 2193 2298 2133 2299 2193 2300 2135 2300 2135 2299 2193 2301 2063 2300 2135 2301 2063 2302 2136 2302 2136 2301 2063 2303 2137 2302 2136 2303 2137 2304 2138 2304 2138 2303 2137 2305 2139 2304 2138 2305 2139 2306 2194 2306 2194 2305 2139 2307 2195 2306 2194 2307 2195 2308 2196 2308 2196 2307 2195 2309 2197 2308 2196 2309 2197 2310 2198 2310 2198 2309 2197 2311 2199 2310 2198 2311 2199 2312 2143 2312 2143 2311 2199 2313 2075 2312 2143 2313 2075 2314 2144 2314 2144 2313 2075 2315 2145 2314 2144 2315 2145 2316 2146 2316 2146 2315 2145 2317 2147 2316 2146 2317 2147 2318 2200 2318 2200 2317 2147 2319 2149 2318 2200 2319 2149 2320 2201 2320 2201 2319 2149 2321 2151 2320 2201 2321 2151 2322 2152 2322 2152 2321 2151 2323 2153 2322 2152 2323 2153 2324 2154 2324 2154 2323 2153 2325 2155 2324 2154 2325 2155 2326 2156 2326 2156 2325 2155 2327 2157 2326 2156 2327 2157 2328 2158 2328 2158 2327 2157 2329 2159 2328 2158 2329 2159 2330 2160 2330 2160 2329 2159 2331 2093 2330 2160 2331 2093 2332 2161 2332 2161 2331 2093 2333 2162 2332 2161 2333 2162 2334 2163 2334 2163 2333 2162 2335 2164 2334 2163 2335 2164 2336 2165 2336 2165 2335 2164 2337 2166 2336 2165 2337 2166 2338 2202 2338 2202 2337 2166 2339 2203 2338 2202 2339 2203 2340 2204 2340 2204 2339 2203 2341 2170 2340 2204 2341 2170 2342 2171 2342 2171 2341 2170 2343 2172 2342 2171 2343 2172 2344 2173 2344 2173 2343 2172 2345 2174 2344 2173 2345 2174 2346 2175 2346 2175 2345 2174 2347 2176 2346 2175 2347 2176 2348 2110 2348 2110 2347 2176 2349 2205 2348 2110 2349 2205 2350 2206 2350 2206 2349 2205 2351 2207 2350 2206 2351 2207 2352 2208 2352 2208 2351 2207 2353 2209 2352 2208 2353 2209 2354 2210 2354 2210 2353 2209 2355 2211 2354 2210 2355 2211 2356 2181 2356 2181 2355 2211 2357 2182 2356 2181 2357 2182 2358 2183 2358 2183 2357 2182 2359 2184 2358 2183 2359 2184 2360 2185 2360 2185 2359 2184 2361 2123 2360 2185 2361 2123 2362 2186 2362 2186 2361 2123 2363 2187 2362 2186 2363 2187 2364 2212 2364 2212 2363 2187 2365 2189 2364 2212 2365 2189 2294 2191 2294 2191 2365 2189 2295 2130 2335 2164 2333 2162 2366 2213 2366 2213 2333 2162 2331 2093 2366 2213 2331 2093 2329 2159 2341 2170 2339 2203 2366 2213 2366 2213 2339 2203 2337 2166 2366 2213 2337 2166 2335 2164 2347 2176 2345 2174 2366 2213 2366 2213 2345 2174 2343 2172 2366 2213 2343 2172 2341 2170 2353 2209 2351 2207 2366 2213 2366 2213 2351 2207 2349 2205 2366 2213 2349 2205 2347 2176 2359 2184 2357 2182 2366 2213 2366 2213 2357 2182 2355 2211 2366 2213 2355 2211 2353 2209 2365 2189 2363 2187 2366 2213 2366 2213 2363 2187 2361 2123 2366 2213 2361 2123 2359 2184 2299 2193 2297 2132 2366 2213 2366 2213 2297 2132 2295 2130 2366 2213 2295 2130 2365 2189 2305 2139 2303 2137 2366 2213 2366 2213 2303 2137 2301 2063 2366 2213 2301 2063 2299 2193 2311 2199 2309 2197 2366 2213 2366 2213 2309 2197 2307 2195 2366 2213 2307 2195 2305 2139 2317 2147 2315 2145 2366 2213 2366 2213 2315 2145 2313 2075 2366 2213 2313 2075 2311 2199 2323 2153 2321 2151 2366 2213 2366 2213 2321 2151 2319 2149 2366 2213 2319 2149 2317 2147 2329 2159 2327 2157 2366 2213 2366 2213 2327 2157 2325 2155 2366 2213 2325 2155 2323 2153 2367 2056 2368 2057 2369 2214 2369 2214 2368 2057 2370 2215 2369 2214 2370 2215 2371 2216 2371 2216 2370 2215 2372 2217 2371 2216 2372 2217 2373 2218 2373 2218 2372 2217 2374 2219 2373 2218 2374 2219 2375 2220 2375 2220 2374 2219 2376 2221 2375 2220 2376 2221 2377 2222 2377 2222 2376 2221 2378 2223 2377 2222 2378 2223 2379 2224 2379 2224 2378 2223 2380 2225 2379 2224 2380 2225 2381 2226 2381 2226 2380 2225 2382 2227 2381 2226 2382 2227 2383 2228 2383 2228 2382 2227 2384 2229 2383 2228 2384 2229 2385 2074 2385 2074 2384 2229 2386 2075 2385 2074 2386 2075 2387 2230 2387 2230 2386 2075 2388 2231 2387 2230 2388 2231 2389 2232 2389 2232 2388 2231 2390 2233 2389 2232 2390 2233 2391 2234 2391 2234 2390 2233 2392 2235 2391 2234 2392 2235 2393 2236 2393 2236 2392 2235 2394 2237 2393 2236 2394 2237 2395 2238 2395 2238 2394 2237 2396 2239 2395 2238 2396 2239 2397 2240 2397 2240 2396 2239 2398 2241 2397 2240 2398 2241 2399 2242 2399 2242 2398 2241 2400 2243 2399 2242 2400 2243 2401 2244 2401 2244 2400 2243 2402 2245 2401 2244 2402 2245 2403 2092 2403 2092 2402 2245 2404 2093 2403 2092 2404 2093 2405 2094 2405 2094 2404 2093 2406 2095 2405 2094 2406 2095 2407 2246 2407 2246 2406 2095 2408 2247 2407 2246 2408 2247 2409 2248 2409 2248 2408 2247 2410 2249 2409 2248 2410 2249 2411 2250 2411 2250 2410 2249 2412 2251 2411 2250 2412 2251 2413 2252 2413 2252 2412 2251 2414 2253 2413 2252 2414 2253 2415 2254 2415 2254 2414 2253 2416 2255 2415 2254 2416 2255 2417 2256 2417 2256 2416 2255 2418 2257 2417 2256 2418 2257 2419 2108 2419 2108 2418 2257 2420 2109 2419 2108 2420 2109 2421 2110 2421 2110 2420 2109 2422 2111 2421 2110 2422 2111 2423 2112 2423 2112 2422 2111 2424 2113 2423 2112 2424 2113 2425 2258 2425 2258 2424 2113 2426 2259 2425 2258 2426 2259 2427 2260 2427 2260 2426 2259 2428 2261 2427 2260 2428 2261 2429 2262 2429 2262 2428 2261 2430 2263 2429 2262 2430 2263 2431 2264 2431 2264 2430 2263 2432 2121 2431 2264 2432 2121 2433 2265 2433 2265 2432 2121 2434 2266 2433 2265 2434 2266 2435 2267 2435 2267 2434 2266 2436 2268 2435 2267 2436 2268 2437 2126 2437 2126 2436 2268 2438 2127 2437 2126 2438 2127 2367 2056 2367 2056 2438 2127 2368 2057 2408 2247 2406 2095 2439 2269 2439 2269 2406 2095 2404 2093 2439 2269 2404 2093 2402 2245 2414 2253 2412 2251 2439 2269 2439 2269 2412 2251 2410 2249 2439 2269 2410 2249 2408 2247 2420 2109 2418 2257 2439 2269 2439 2269 2418 2257 2416 2255 2439 2269 2416 2255 2414 2253 2426 2259 2424 2113 2439 2269 2439 2269 2424 2113 2422 2111 2439 2269 2422 2111 2420 2109 2432 2121 2430 2263 2439 2269 2439 2269 2430 2263 2428 2261 2439 2269 2428 2261 2426 2259 2438 2127 2436 2268 2439 2269 2439 2269 2436 2268 2434 2266 2439 2269 2434 2266 2432 2121 2372 2217 2370 2215 2439 2269 2439 2269 2370 2215 2368 2057 2439 2269 2368 2057 2438 2127 2378 2223 2376 2221 2439 2269 2439 2269 2376 2221 2374 2219 2439 2269 2374 2219 2372 2217 2384 2229 2382 2227 2439 2269 2439 2269 2382 2227 2380 2225 2439 2269 2380 2225 2378 2223 2390 2233 2388 2231 2439 2269 2439 2269 2388 2231 2386 2075 2439 2269 2386 2075 2384 2229 2396 2239 2394 2237 2439 2269 2439 2269 2394 2237 2392 2235 2439 2269 2392 2235 2390 2233 2402 2245 2400 2243 2439 2269 2439 2269 2400 2243 2398 2241 2439 2269 2398 2241 2396 2239 2440 2129 2441 2130 2442 2270 2442 2270 2441 2130 2443 2271 2442 2270 2443 2271 2444 2272 2444 2272 2443 2271 2445 2273 2444 2272 2445 2273 2446 2274 2446 2274 2445 2273 2447 2219 2446 2274 2447 2219 2448 2275 2448 2275 2447 2219 2449 2276 2448 2275 2449 2276 2450 2277 2450 2277 2449 2276 2451 2278 2450 2277 2451 2278 2452 2279 2452 2279 2451 2278 2453 2280 2452 2279 2453 2280 2454 2281 2454 2281 2453 2280 2455 2227 2454 2281 2455 2227 2456 2228 2456 2228 2455 2227 2457 2229 2456 2228 2457 2229 2458 2143 2458 2143 2457 2229 2459 2075 2458 2143 2459 2075 2460 2282 2460 2282 2459 2075 2461 2283 2460 2282 2461 2283 2462 2284 2462 2284 2461 2283 2463 2285 2462 2284 2463 2285 2464 2286 2464 2286 2463 2285 2465 2287 2464 2286 2465 2287 2466 2288 2466 2288 2465 2287 2467 2289 2466 2288 2467 2289 2468 2290 2468 2290 2467 2289 2469 2291 2468 2290 2469 2291 2470 2292 2470 2292 2469 2291 2471 2293 2470 2292 2471 2293 2472 2294 2472 2294 2471 2293 2473 2295 2472 2294 2473 2295 2474 2296 2474 2296 2473 2295 2475 2297 2474 2296 2475 2297 2476 2160 2476 2160 2475 2297 2477 2093 2476 2160 2477 2093 2478 2161 2478 2161 2477 2093 2479 2162 2478 2161 2479 2162 2480 2298 2480 2298 2479 2162 2481 2299 2480 2298 2481 2299 2482 2300 2482 2300 2481 2299 2483 2301 2482 2300 2483 2301 2484 2302 2484 2302 2483 2301 2485 2303 2484 2302 2485 2303 2486 2304 2486 2304 2485 2303 2487 2305 2486 2304 2487 2305 2488 2306 2488 2306 2487 2305 2489 2307 2488 2306 2489 2307 2490 2308 2490 2308 2489 2307 2491 2309 2490 2308 2491 2309 2492 2175 2492 2175 2491 2309 2493 2176 2492 2175 2493 2176 2494 2110 2494 2110 2493 2176 2495 2111 2494 2110 2495 2111 2496 2177 2496 2177 2495 2111 2497 2113 2496 2177 2497 2113 2498 2258 2498 2258 2497 2113 2499 2259 2498 2258 2499 2259 2500 2310 2500 2310 2499 2259 2501 2311 2500 2310 2501 2311 2502 2312 2502 2312 2501 2311 2503 2313 2502 2312 2503 2313 2504 2314 2504 2314 2503 2313 2505 2184 2504 2314 2505 2184 2506 2315 2506 2315 2505 2184 2507 2266 2506 2315 2507 2266 2508 2316 2508 2316 2507 2266 2509 2317 2508 2316 2509 2317 2510 2188 2510 2188 2509 2317 2511 2189 2510 2188 2511 2189 2440 2129 2440 2129 2511 2189 2441 2130 2481 2299 2479 2162 2512 2318 2512 2318 2479 2162 2477 2093 2512 2318 2477 2093 2475 2297 2487 2305 2485 2303 2512 2318 2512 2318 2485 2303 2483 2301 2512 2318 2483 2301 2481 2299 2493 2176 2491 2309 2512 2318 2512 2318 2491 2309 2489 2307 2512 2318 2489 2307 2487 2305 2499 2259 2497 2113 2512 2318 2512 2318 2497 2113 2495 2111 2512 2318 2495 2111 2493 2176 2505 2184 2503 2313 2512 2318 2512 2318 2503 2313 2501 2311 2512 2318 2501 2311 2499 2259 2511 2189 2509 2317 2512 2318 2512 2318 2509 2317 2507 2266 2512 2318 2507 2266 2505 2184 2445 2273 2443 2271 2512 2318 2512 2318 2443 2271 2441 2130 2512 2318 2441 2130 2511 2189 2451 2278 2449 2276 2512 2318 2512 2318 2449 2276 2447 2219 2512 2318 2447 2219 2445 2273 2457 2229 2455 2227 2512 2318 2512 2318 2455 2227 2453 2280 2512 2318 2453 2280 2451 2278 2463 2285 2461 2283 2512 2318 2512 2318 2461 2283 2459 2075 2512 2318 2459 2075 2457 2229 2469 2291 2467 2289 2512 2318 2512 2318 2467 2289 2465 2287 2512 2318 2465 2287 2463 2285 2475 2297 2473 2295 2512 2318 2512 2318 2473 2295 2471 2293 2512 2318 2471 2293 2469 2291 2513 2191 2514 2130 2515 2270 2515 2270 2514 2130 2516 2271 2515 2270 2516 2271 2517 2272 2517 2272 2516 2271 2518 2273 2517 2272 2518 2273 2519 2274 2519 2274 2518 2273 2520 2219 2519 2274 2520 2219 2521 2275 2521 2275 2520 2219 2522 2319 2521 2275 2522 2319 2523 2277 2523 2277 2522 2319 2524 2278 2523 2277 2524 2278 2525 2320 2525 2320 2524 2278 2526 2321 2525 2320 2526 2321 2527 2322 2527 2322 2526 2321 2528 2323 2527 2322 2528 2323 2529 2324 2529 2324 2528 2323 2530 2325 2529 2324 2530 2325 2531 2143 2531 2143 2530 2325 2532 2075 2531 2143 2532 2075 2533 2282 2533 2282 2532 2075 2534 2283 2533 2282 2534 2283 2535 2284 2535 2284 2534 2283 2536 2285 2535 2284 2536 2285 2537 2326 2537 2326 2536 2285 2538 2287 2537 2326 2538 2287 2539 2327 2539 2327 2538 2287 2540 2289 2539 2327 2540 2289 2541 2290 2541 2290 2540 2289 2542 2291 2541 2290 2542 2291 2543 2328 2543 2328 2542 2291 2544 2293 2543 2328 2544 2293 2545 2329 2545 2329 2544 2293 2546 2295 2545 2329 2546 2295 2547 2296 2547 2296 2546 2295 2548 2297 2547 2296 2548 2297 2549 2160 2549 2160 2548 2297 2550 2093 2549 2160 2550 2093 2551 2161 2551 2161 2550 2093 2552 2162 2551 2161 2552 2162 2553 2298 2553 2298 2552 2162 2554 2299 2553 2298 2554 2299 2555 2330 2555 2330 2554 2299 2556 2301 2555 2330 2556 2301 2557 2202 2557 2202 2556 2301 2558 2331 2557 2202 2558 2331 2559 2332 2559 2332 2558 2331 2560 2305 2559 2332 2560 2305 2561 2306 2561 2306 2560 2305 2562 2307 2561 2306 2562 2307 2563 2308 2563 2308 2562 2307 2564 2309 2563 2308 2564 2309 2565 2175 2565 2175 2564 2309 2566 2176 2565 2175 2566 2176 2567 2110 2567 2110 2566 2176 2568 2205 2567 2110 2568 2205 2569 2206 2569 2206 2568 2205 2570 2207 2569 2206 2570 2207 2571 2333 2571 2333 2570 2207 2572 2334 2571 2333 2572 2334 2573 2335 2573 2335 2572 2334 2574 2336 2573 2335 2574 2336 2575 2312 2575 2312 2574 2336 2576 2313 2575 2312 2576 2313 2577 2314 2577 2314 2576 2313 2578 2184 2577 2314 2578 2184 2579 2315 2579 2315 2578 2184 2580 2266 2579 2315 2580 2266 2581 2316 2581 2316 2580 2266 2582 2337 2581 2316 2582 2337 2583 2212 2583 2212 2582 2337 2584 2189 2583 2212 2584 2189 2513 2191 2513 2191 2584 2189 2514 2130 2554 2299 2552 2162 2585 2338 2585 2338 2552 2162 2550 2093 2585 2338 2550 2093 2548 2297 2560 2305 2558 2331 2585 2338 2585 2338 2558 2331 2556 2301 2585 2338 2556 2301 2554 2299 2566 2176 2564 2309 2585 2338 2585 2338 2564 2309 2562 2307 2585 2338 2562 2307 2560 2305 2572 2334 2570 2207 2585 2338 2585 2338 2570 2207 2568 2205 2585 2338 2568 2205 2566 2176 2578 2184 2576 2313 2585 2338 2585 2338 2576 2313 2574 2336 2585 2338 2574 2336 2572 2334 2584 2189 2582 2337 2585 2338 2585 2338 2582 2337 2580 2266 2585 2338 2580 2266 2578 2184 2518 2273 2516 2271 2585 2338 2585 2338 2516 2271 2514 2130 2585 2338 2514 2130 2584 2189 2524 2278 2522 2319 2585 2338 2585 2338 2522 2319 2520 2219 2585 2338 2520 2219 2518 2273 2530 2325 2528 2323 2585 2338 2585 2338 2528 2323 2526 2321 2585 2338 2526 2321 2524 2278 2536 2285 2534 2283 2585 2338 2585 2338 2534 2283 2532 2075 2585 2338 2532 2075 2530 2325 2542 2291 2540 2289 2585 2338 2585 2338 2540 2289 2538 2287 2585 2338 2538 2287 2536 2285 2548 2297 2546 2295 2585 2338 2585 2338 2546 2295 2544 2293 2585 2338 2544 2293 2542 2291 2586 2339 2587 2340 2588 2341 2589 2342 2590 2343 2591 2344 2592 2345 2593 2346 2588 2341 2588 2341 2593 2346 2594 2347 2588 2341 2594 2347 2586 2339 2595 2348 2596 2349 2592 2345 2592 2345 2596 2349 2597 2350 2592 2345 2597 2350 2593 2346 2598 2351 2599 2352 2595 2348 2595 2348 2599 2352 2600 2353 2595 2348 2600 2353 2596 2349 2591 2344 2601 2354 2589 2342 2589 2342 2601 2354 2602 2355 2589 2342 2602 2355 2598 2351 2598 2351 2602 2355 2603 2356 2598 2351 2603 2356 2599 2352 2604 2357 2605 2358 2606 2359 2591 2344 2590 2343 2607 2360 2608 2361 2601 2354 2606 2359 2606 2359 2601 2354 2591 2344 2606 2359 2591 2344 2604 2357 2604 2357 2591 2344 2607 2360 2609 2362 2109 2017 2610 2363 2610 2363 2109 2017 2611 2364 2610 2363 2611 2364 2612 2365 2120 2028 2119 2027 2609 2362 2609 2362 2119 2027 2118 2026 2609 2362 2118 2026 2109 2017 2609 2362 2613 2366 2120 2028 2120 2028 2613 2366 2614 2367 2120 2028 2614 2367 2130 2038 2615 2368 2132 2040 2614 2367 2614 2367 2132 2040 2131 2039 2614 2367 2131 2039 2130 2038 2135 2043 2134 2042 2615 2368 2615 2368 2134 2042 2133 2041 2615 2368 2133 2041 2132 2040 2121 2029 2089 1997 2616 2369 2617 2370 2618 2371 2619 2372 2620 2373 2123 2031 2616 2369 2616 2369 2123 2031 2122 2030 2616 2369 2122 2030 2121 2029 2621 2374 2129 2037 2620 2373 2620 2373 2129 2037 2128 2036 2620 2373 2128 2036 2123 2031 2622 2375 2116 2024 2621 2374 2621 2374 2116 2024 2115 2023 2621 2374 2115 2023 2129 2037 2619 2372 2111 2019 2617 2370 2617 2370 2111 2019 2110 2018 2617 2370 2110 2018 2622 2375 2622 2375 2110 2018 2117 2025 2622 2375 2117 2025 2116 2024 2619 2372 2618 2371 2623 2376 2624 2377 2625 2378 2626 2379 2626 2379 2625 2378 2112 2020 2626 2379 2112 2020 2623 2376 2623 2376 2112 2020 2111 2019 2623 2376 2111 2019 2619 2372 2627 2380 2112 2020 2628 2381 2628 2381 2112 2020 2625 2378 2628 2381 2625 2378 2624 2377 2138 2046 2126 2034 2627 2380 2627 2380 2126 2034 2125 2033 2627 2380 2125 2033 2112 2020 2627 2380 2629 2382 2138 2046 2138 2046 2629 2382 2630 2383 2138 2046 2630 2383 2139 2047 2631 2384 2144 2052 2630 2383 2630 2383 2144 2052 2143 2051 2630 2383 2143 2051 2139 2047 2136 2044 2137 2045 2631 2384 2631 2384 2137 2045 2145 2053 2631 2384 2145 2053 2144 2052 2632 2385 2633 2386 2634 2387 2635 2388 2636 2389 2637 2390 2638 2391 2639 2392 2634 2387 2634 2387 2639 2392 2640 2393 2634 2387 2640 2393 2632 2385 2641 2394 2642 2395 2638 2391 2638 2391 2642 2395 2643 2396 2638 2391 2643 2396 2639 2392 2644 2397 2645 2398 2641 2394 2641 2394 2645 2398 2646 2399 2641 2394 2646 2399 2642 2395 2637 2390 2647 2400 2635 2388 2635 2388 2647 2400 2648 2401 2635 2388 2648 2401 2644 2397 2644 2397 2648 2401 2649 2402 2644 2397 2649 2402 2645 2398 2650 2403 2651 2404 2652 2405 2637 2390 2636 2389 2653 2406 2654 2407 2647 2400 2652 2405 2652 2405 2647 2400 2637 2390 2652 2405 2637 2390 2650 2403 2650 2403 2637 2390 2653 2406 2655 2408 2656 2409 2657 2410 2657 2410 2658 2411 2659 2412 2659 2412 2660 2413 2657 2410 2657 2410 2660 2413 2661 2414 2657 2410 2661 2414 2655 2408 2662 2415 2663 2416 2664 2417 2664 2417 2663 2416 2665 2418 2665 2418 2663 2416 2666 2419 2666 2419 2663 2416 2667 2420 2666 2419 2667 2420 2668 2421 2668 2421 2667 2420 2669 2422 2669 2422 2667 2420 2670 2423 2669 2422 2670 2423 2671 2424 2671 2424 2670 2423 2672 2425 2672 2425 2670 2423 2673 2426 2672 2425 2673 2426 2674 2427 2675 2428 2676 2429 2677 2430 2677 2430 2676 2429 2678 2431 2677 2430 2678 2431 2679 2432 2674 2427 2673 2426 2679 2432 2679 2432 2673 2426 2680 2433 2679 2432 2680 2433 2677 2430 2681 2434 2660 2413 2682 2435 2682 2435 2660 2413 2659 2412 2682 2435 2659 2412 2658 2411 2682 2435 2683 2436 2681 2434 2681 2434 2683 2436 2684 2437 2681 2434 2684 2437 2685 2438 2685 2438 2684 2437 2686 2439 2684 2437 2687 2440 2686 2439 2686 2439 2687 2440 2688 2441 2686 2439 2688 2441 2689 2442 2690 2443 2691 2444 2688 2441 2688 2441 2691 2444 2692 2445 2688 2441 2692 2445 2689 2442 2662 2415 2693 2446 2690 2443 2690 2443 2693 2446 2694 2447 2690 2443 2694 2447 2691 2444 2676 2429 2675 2428 2695 2448 2696 2449 2697 2450 2698 2451 2698 2451 2697 2450 2699 2452 2698 2451 2699 2452 2695 2448 2695 2448 2699 2452 2678 2431 2695 2448 2678 2431 2676 2429 2700 2453 2701 2454 2702 2455 2703 2456 2656 2409 2655 2408 2704 2457 2705 2458 2702 2455 2702 2455 2705 2458 2706 2459 2702 2455 2706 2459 2700 2453 2707 2460 2708 2461 2704 2457 2704 2457 2708 2461 2709 2462 2704 2457 2709 2462 2705 2458 2710 2463 2711 2464 2707 2460 2707 2460 2711 2464 2712 2465 2707 2460 2712 2465 2708 2461 2655 2408 2661 2414 2703 2456 2703 2456 2661 2414 2713 2466 2703 2456 2713 2466 2710 2463 2710 2463 2713 2466 2714 2467 2710 2463 2714 2467 2711 2464 2715 2468 2608 2361 2716 2469 2716 2469 2608 2361 2606 2359 2716 2469 2606 2359 2605 2358 2717 2470 2718 2471 2715 2468 2715 2468 2718 2471 2719 2472 2715 2468 2719 2472 2608 2361 2715 2468 2720 2473 2717 2470 2717 2470 2720 2473 2721 2474 2717 2470 2721 2474 2722 2475 2723 2476 2724 2477 2721 2474 2721 2474 2724 2477 2725 2478 2721 2474 2725 2478 2722 2475 2726 2479 2727 2480 2723 2476 2723 2476 2727 2480 2728 2481 2723 2476 2728 2481 2724 2477 2729 2482 2730 2483 2731 2484 2108 2016 2729 2482 2109 2017 2109 2017 2729 2482 2731 2484 2109 2017 2731 2484 2611 2364 2611 2364 2731 2484 2612 2365 2140 2048 2136 2044 2732 2485 2733 2486 2730 2483 2729 2482 2734 2487 2142 2050 2732 2485 2732 2485 2142 2050 2141 2049 2732 2485 2141 2049 2140 2048 2735 2488 2147 2055 2734 2487 2734 2487 2147 2055 2146 2054 2734 2487 2146 2054 2142 2050 2736 2489 2127 2035 2735 2488 2735 2488 2127 2035 2124 2032 2735 2488 2124 2032 2147 2055 2729 2482 2108 2016 2733 2486 2733 2486 2108 2016 2113 2021 2733 2486 2113 2021 2736 2489 2736 2489 2113 2021 2114 2022 2736 2489 2114 2022 2127 2035 2737 2490 2654 2407 2738 2491 2738 2491 2654 2407 2652 2405 2738 2491 2652 2405 2651 2404 2739 2492 2740 2493 2737 2490 2737 2490 2740 2493 2741 2494 2737 2490 2741 2494 2654 2407 2737 2490 2742 2495 2739 2492 2739 2492 2742 2495 2743 2496 2739 2492 2743 2496 2744 2497 2745 2498 2746 2499 2743 2496 2743 2496 2746 2499 2747 2500 2743 2496 2747 2500 2744 2497 2107 2015 2748 2501 2745 2498 2745 2498 2748 2501 2749 2502 2745 2498 2749 2502 2746 2499 2750 2503 2699 2452 2751 2504 2751 2504 2699 2452 2697 2450 2751 2504 2697 2450 2696 2449 2752 2505 2753 2506 2750 2503 2750 2503 2753 2506 2754 2507 2750 2503 2754 2507 2699 2452 2750 2503 2755 2508 2752 2505 2752 2505 2755 2508 2756 2509 2752 2505 2756 2509 2757 2510 2758 2511 2759 2512 2756 2509 2756 2509 2759 2512 2760 2513 2756 2509 2760 2513 2757 2510 2761 2514 2762 2515 2758 2511 2758 2511 2762 2515 2763 2516 2758 2511 2763 2516 2759 2512 2587 2340 22 22 2764 2517 2587 2340 2764 2517 2765 2518 2765 2518 2764 2517 2766 2519 2765 2518 2766 2519 2767 2520 2767 2520 2766 2519 2768 2521 2767 2520 2768 2521 2769 2522 2769 2522 2768 2521 2770 2523 2769 2522 2770 2523 2771 2524 2771 2524 2770 2523 2772 2525 2771 2524 2772 2525 2773 2526 2773 2526 2772 2525 2774 2527 2773 2526 2774 2527 2775 2528 2775 2528 2774 2527 2776 2529 2775 2528 2776 2529 2777 2530 2777 2530 2776 2529 2778 2531 2777 2530 2778 2531 2779 2532 2779 2532 2778 2531 2780 2533 2779 2532 2780 2533 2781 2534 2781 2534 2780 2533 41 41 2781 2534 41 41 2135 2043 2782 2535 2783 2536 2784 2537 2784 2537 2783 2536 2785 2538 2784 2537 2785 2538 2786 2539 2786 2539 2785 2538 2787 2540 2786 2539 2787 2540 2788 2541 2788 2541 2787 2540 2789 2542 2788 2541 2789 2542 2790 2543 2790 2543 2789 2542 2791 2544 2790 2543 2791 2544 2792 2545 2792 2545 2791 2544 2793 2546 2792 2545 2793 2546 2794 2547 2794 2547 2793 2546 2795 2548 2794 2547 2795 2548 2796 2549 2796 2549 2795 2548 2797 2550 2796 2549 2797 2550 2798 2551 2798 2551 2797 2550 2799 2552 2798 2551 2799 2552 2800 2553 2800 2553 2799 2552 2801 2554 2800 2553 2801 2554 2802 2555 2802 2555 2801 2554 2803 2556 2802 2555 2803 2556 2804 2557 2804 2557 2803 2556 2805 2558 2804 2557 2805 2558 2806 2559 2806 2559 2805 2558 2807 2560 2806 2559 2807 2560 2808 2561 2808 2561 2807 2560 2809 2562 2808 2561 2809 2562 2810 2563 2810 2563 2809 2562 2811 2564 2810 2563 2811 2564 2812 2565 2812 2565 2811 2564 2813 2566 2812 2565 2813 2566 2814 2567 2814 2567 2813 2566 2815 2568 2814 2567 2815 2568 2816 2569 2816 2569 2815 2568 2817 2570 2816 2569 2817 2570 2818 2571 2818 2571 2817 2570 2819 2572 2818 2571 2819 2572 2820 2573 2820 2573 2819 2572 2821 2574 2820 2573 2821 2574 2822 2575 2822 2575 2821 2574 2823 2576 2822 2575 2823 2576 2824 2577 2824 2577 2823 2576 2825 2578 2824 2577 2825 2578 2826 2579 2826 2579 2825 2578 2827 2580 2826 2579 2827 2580 2828 2581 2828 2581 2827 2580 2829 2582 2828 2581 2829 2582 2830 2583 2830 2583 2829 2582 2831 2584 2830 2583 2831 2584 2832 2585 2832 2585 2831 2584 2833 2586 2832 2585 2833 2586 2834 2587 2834 2587 2833 2586 2835 2588 2834 2587 2835 2588 2836 2589 2836 2589 2835 2588 2837 2590 2836 2589 2837 2590 2838 2591 2838 2591 2837 2590 2839 2592 2838 2591 2839 2592 2840 2593 2840 2593 2839 2592 2841 2594 2840 2593 2841 2594 2842 2595 2842 2595 2841 2594 2843 2596 2842 2595 2843 2596 2844 2597 2844 2597 2843 2596 2845 2598 2844 2597 2845 2598 2846 2599 2846 2599 2845 2598 2847 2600 2846 2599 2847 2600 2848 2601 2848 2601 2847 2600 2849 2602 2848 2601 2849 2602 2850 2603 2850 2603 2849 2602 2851 2604 2850 2603 2851 2604 2852 2605 2852 2605 2851 2604 2853 2606 2852 2605 2853 2606 2782 2535 2782 2535 2853 2606 2783 2536 2854 2607 2816 2569 2855 2608 2855 2608 2816 2569 2818 2571 2855 2608 2818 2571 2856 2609 2856 2609 2818 2571 2820 2573 2856 2609 2820 2573 2857 2610 2857 2610 2820 2573 2822 2575 2857 2610 2822 2575 2858 2611 2858 2611 2822 2575 2824 2577 2858 2611 2824 2577 2859 2612 2859 2612 2824 2577 2826 2579 2859 2612 2826 2579 2860 2613 2860 2613 2826 2579 2828 2581 2860 2613 2828 2581 2861 2614 2861 2614 2828 2581 2830 2583 2861 2614 2830 2583 2862 2615 2862 2615 2830 2583 2832 2585 2862 2615 2832 2585 2863 2616 2863 2616 2832 2585 2834 2587 2863 2616 2834 2587 2864 2617 2864 2617 2834 2587 2836 2589 2864 2617 2836 2589 2865 2618 2865 2618 2836 2589 2838 2591 2865 2618 2838 2591 2866 2619 2866 2619 2838 2591 2840 2593 2866 2619 2840 2593 2867 2620 2867 2620 2840 2593 2842 2595 2867 2620 2842 2595 2868 2621 2868 2621 2842 2595 2844 2597 2868 2621 2844 2597 2869 2622 2869 2622 2844 2597 2846 2599 2869 2622 2846 2599 2870 2623 2870 2623 2846 2599 2848 2601 2870 2623 2848 2601 2871 2624 2871 2624 2848 2601 2850 2603 2871 2624 2850 2603 2872 2625 2872 2625 2850 2603 2852 2605 2872 2625 2852 2605 2873 2626 2873 2626 2852 2605 2782 2535 2873 2626 2782 2535 2874 2627 2874 2627 2782 2535 2784 2537 2874 2627 2784 2537 2875 2628 2875 2628 2784 2537 2786 2539 2875 2628 2786 2539 2876 2629 2876 2629 2786 2539 2788 2541 2876 2629 2788 2541 2877 2630 2877 2630 2788 2541 2790 2543 2877 2630 2790 2543 2878 2631 2878 2631 2790 2543 2792 2545 2878 2631 2792 2545 2879 2632 2879 2632 2792 2545 2794 2547 2879 2632 2794 2547 2880 2633 2880 2633 2794 2547 2796 2549 2880 2633 2796 2549 2881 2634 2881 2634 2796 2549 2798 2551 2881 2634 2798 2551 2882 2635 2882 2635 2798 2551 2800 2553 2882 2635 2800 2553 2883 2636 2883 2636 2800 2553 2802 2555 2883 2636 2802 2555 2884 2637 2884 2637 2802 2555 2804 2557 2884 2637 2804 2557 2885 2638 2885 2638 2804 2557 2806 2559 2885 2638 2806 2559 2886 2639 2886 2639 2806 2559 2808 2561 2886 2639 2808 2561 2887 2640 2887 2640 2808 2561 2810 2563 2887 2640 2810 2563 2888 2641 2888 2641 2810 2563 2812 2565 2888 2641 2812 2565 2889 2642 2889 2642 2812 2565 2814 2567 2889 2642 2814 2567 2854 2607 2854 2607 2814 2567 2816 2569 2890 2643 2891 2644 2892 2645 2892 2645 2891 2644 2893 2646 2892 2645 2893 2646 2894 2647 2894 2647 2893 2646 2895 2648 2894 2647 2895 2648 2896 2649 2896 2649 2895 2648 2897 2650 2896 2649 2897 2650 2898 2651 2898 2651 2897 2650 2899 2652 2898 2651 2899 2652 2900 2653 2900 2653 2899 2652 2901 2654 2900 2653 2901 2654 2902 2655 2902 2655 2901 2654 2903 2656 2902 2655 2903 2656 2904 2657 2904 2657 2903 2656 2905 2658 2904 2657 2905 2658 2906 2659 2906 2659 2905 2658 2907 2660 2906 2659 2907 2660 2908 2661 2908 2661 2907 2660 2909 2662 2908 2661 2909 2662 2910 2663 2910 2663 2909 2662 2911 2664 2910 2663 2911 2664 2912 2665 2912 2665 2911 2664 2913 2666 2912 2665 2913 2666 2914 2667 2914 2667 2913 2666 2915 2668 2914 2667 2915 2668 2916 2669 2916 2669 2915 2668 2917 2670 2916 2669 2917 2670 2918 2671 2918 2671 2917 2670 2919 2672 2918 2671 2919 2672 2920 2673 2920 2673 2919 2672 2921 2674 2920 2673 2921 2674 2922 2675 2922 2675 2921 2674 2923 2676 2922 2675 2923 2676 2924 2677 2924 2677 2923 2676 2925 2678 2924 2677 2925 2678 2926 2679 2926 2679 2925 2678 2927 2680 2926 2679 2927 2680 2928 2681 2928 2681 2927 2680 2929 2682 2928 2681 2929 2682 2930 2683 2930 2683 2929 2682 2931 2684 2930 2683 2931 2684 2932 2685 2932 2685 2931 2684 2933 2686 2932 2685 2933 2686 2934 2687 2934 2687 2933 2686 2935 2688 2934 2687 2935 2688 2936 2689 2936 2689 2935 2688 2937 2690 2936 2689 2937 2690 2938 2691 2938 2691 2937 2690 2939 2692 2938 2691 2939 2692 2940 2693 2940 2693 2939 2692 2941 2694 2940 2693 2941 2694 2942 2695 2942 2695 2941 2694 2943 2696 2942 2695 2943 2696 2944 2697 2944 2697 2943 2696 2945 2698 2944 2697 2945 2698 2946 2699 2946 2699 2945 2698 2947 2700 2946 2699 2947 2700 2948 2701 2948 2701 2947 2700 2949 2702 2948 2701 2949 2702 2950 2703 2950 2703 2949 2702 2951 2704 2950 2703 2951 2704 2952 2705 2952 2705 2951 2704 2953 2706 2952 2705 2953 2706 2954 2707 2954 2707 2953 2706 2955 2708 2954 2707 2955 2708 2956 2709 2956 2709 2955 2708 2957 2710 2956 2709 2957 2710 2958 2711 2958 2711 2957 2710 2959 2712 2958 2711 2959 2712 2960 2713 2960 2713 2959 2712 2961 2714 2960 2713 2961 2714 2890 2643 2890 2643 2961 2714 2891 2644 2962 2715 2874 2627 2963 2716 2963 2716 2874 2627 2875 2628 2963 2716 2875 2628 2964 2717 2964 2717 2875 2628 2876 2629 2964 2717 2876 2629 2965 2718 2965 2718 2876 2629 2877 2630 2965 2718 2877 2630 2966 2719 2966 2719 2877 2630 2878 2631 2966 2719 2878 2631 2967 2720 2967 2720 2878 2631 2879 2632 2967 2720 2879 2632 2968 2721 2968 2721 2879 2632 2880 2633 2968 2721 2880 2633 2969 2722 2969 2722 2880 2633 2881 2634 2969 2722 2881 2634 2970 2723 2970 2723 2881 2634 2882 2635 2970 2723 2882 2635 2971 2724 2971 2724 2882 2635 2883 2636 2971 2724 2883 2636 2972 2725 2972 2725 2883 2636 2884 2637 2972 2725 2884 2637 2973 2726 2973 2726 2884 2637 2885 2638 2973 2726 2885 2638 2974 2727 2974 2727 2885 2638 2886 2639 2974 2727 2886 2639 2975 2728 2975 2728 2886 2639 2887 2640 2975 2728 2887 2640 2976 2729 2976 2729 2887 2640 2888 2641 2976 2729 2888 2641 2977 2730 2977 2730 2888 2641 2889 2642 2977 2730 2889 2642 2978 2731 2978 2731 2889 2642 2854 2607 2978 2731 2854 2607 2979 2732 2979 2732 2854 2607 2855 2608 2979 2732 2855 2608 2980 2733 2980 2733 2855 2608 2856 2609 2980 2733 2856 2609 2981 2734 2981 2734 2856 2609 2857 2610 2981 2734 2857 2610 2982 2735 2982 2735 2857 2610 2858 2611 2982 2735 2858 2611 2983 2736 2983 2736 2858 2611 2859 2612 2983 2736 2859 2612 2984 2737 2984 2737 2859 2612 2860 2613 2984 2737 2860 2613 2985 2738 2985 2738 2860 2613 2861 2614 2985 2738 2861 2614 2986 2739 2986 2739 2861 2614 2862 2615 2986 2739 2862 2615 2987 2740 2987 2740 2862 2615 2863 2616 2987 2740 2863 2616 2988 2741 2988 2741 2863 2616 2864 2617 2988 2741 2864 2617 2989 2742 2989 2742 2864 2617 2865 2618 2989 2742 2865 2618 2990 2743 2990 2743 2865 2618 2866 2619 2990 2743 2866 2619 2991 2744 2991 2744 2866 2619 2867 2620 2991 2744 2867 2620 2992 2745 2992 2745 2867 2620 2868 2621 2992 2745 2868 2621 2993 2746 2993 2746 2868 2621 2869 2622 2993 2746 2869 2622 2994 2747 2994 2747 2869 2622 2870 2623 2994 2747 2870 2623 2995 2748 2995 2748 2870 2623 2871 2624 2995 2748 2871 2624 2996 2749 2996 2749 2871 2624 2872 2625 2996 2749 2872 2625 2997 2750 2997 2750 2872 2625 2873 2626 2997 2750 2873 2626 2962 2715 2962 2715 2873 2626 2874 2627 2937 2690 2985 2738 2939 2692 2939 2692 2985 2738 2986 2739 2939 2692 2986 2739 2941 2694 2941 2694 2986 2739 2987 2740 2941 2694 2987 2740 2943 2696 2943 2696 2987 2740 2988 2741 2943 2696 2988 2741 2945 2698 2945 2698 2988 2741 2989 2742 2945 2698 2989 2742 2947 2700 2947 2700 2989 2742 2990 2743 2947 2700 2990 2743 2949 2702 2949 2702 2990 2743 2991 2744 2949 2702 2991 2744 2951 2704 2951 2704 2991 2744 2992 2745 2951 2704 2992 2745 2953 2706 2953 2706 2992 2745 2993 2746 2953 2706 2993 2746 2955 2708 2955 2708 2993 2746 2994 2747 2955 2708 2994 2747 2957 2710 2957 2710 2994 2747 2995 2748 2957 2710 2995 2748 2959 2712 2959 2712 2995 2748 2996 2749 2959 2712 2996 2749 2961 2714 2961 2714 2996 2749 2997 2750 2961 2714 2997 2750 2891 2644 2891 2644 2997 2750 2962 2715 2891 2644 2962 2715 2893 2646 2893 2646 2962 2715 2963 2716 2893 2646 2963 2716 2895 2648 2895 2648 2963 2716 2964 2717 2895 2648 2964 2717 2897 2650 2897 2650 2964 2717 2965 2718 2897 2650 2965 2718 2899 2652 2899 2652 2965 2718 2966 2719 2899 2652 2966 2719 2901 2654 2901 2654 2966 2719 2967 2720 2901 2654 2967 2720 2903 2656 2903 2656 2967 2720 2968 2721 2903 2656 2968 2721 2905 2658 2905 2658 2968 2721 2969 2722 2905 2658 2969 2722 2907 2660 2907 2660 2969 2722 2970 2723 2907 2660 2970 2723 2909 2662 2909 2662 2970 2723 2971 2724 2909 2662 2971 2724 2911 2664 2911 2664 2971 2724 2972 2725 2911 2664 2972 2725 2913 2666 2913 2666 2972 2725 2973 2726 2913 2666 2973 2726 2915 2668 2915 2668 2973 2726 2974 2727 2915 2668 2974 2727 2917 2670 2917 2670 2974 2727 2975 2728 2917 2670 2975 2728 2919 2672 2919 2672 2975 2728 2976 2729 2919 2672 2976 2729 2921 2674 2921 2674 2976 2729 2977 2730 2921 2674 2977 2730 2923 2676 2923 2676 2977 2730 2978 2731 2923 2676 2978 2731 2925 2678 2925 2678 2978 2731 2979 2732 2925 2678 2979 2732 2927 2680 2927 2680 2979 2732 2980 2733 2927 2680 2980 2733 2929 2682 2929 2682 2980 2733 2981 2734 2929 2682 2981 2734 2931 2684 2931 2684 2981 2734 2982 2735 2931 2684 2982 2735 2933 2686 2933 2686 2982 2735 2983 2736 2933 2686 2983 2736 2935 2688 2935 2688 2983 2736 2984 2737 2935 2688 2984 2737 2937 2690 2937 2690 2984 2737 2985 2738 2831 2584 2998 2751 2833 2586 2833 2586 2998 2751 2999 2752 2833 2586 2999 2752 2835 2588 2835 2588 2999 2752 3000 2753 2835 2588 3000 2753 2837 2590 2837 2590 3000 2753 3001 2754 2837 2590 3001 2754 2839 2592 2839 2592 3001 2754 3002 2755 2839 2592 3002 2755 2841 2594 2841 2594 3002 2755 3003 2756 2841 2594 3003 2756 2843 2596 2843 2596 3003 2756 3004 2757 2843 2596 3004 2757 2845 2598 2845 2598 3004 2757 3005 2758 2845 2598 3005 2758 2847 2600 2847 2600 3005 2758 3006 2759 2847 2600 3006 2759 2849 2602 2849 2602 3006 2759 3007 2760 2849 2602 3007 2760 2851 2604 2851 2604 3007 2760 3008 2761 2851 2604 3008 2761 2853 2606 2853 2606 3008 2761 3009 2762 2853 2606 3009 2762 2783 2536 2783 2536 3009 2762 3010 2763 2783 2536 3010 2763 2785 2538 2785 2538 3010 2763 3011 2764 2785 2538 3011 2764 2787 2540 2787 2540 3011 2764 3012 2765 2787 2540 3012 2765 2789 2542 2789 2542 3012 2765 3013 2766 2789 2542 3013 2766 2791 2544 2791 2544 3013 2766 3014 2767 2791 2544 3014 2767 2793 2546 2793 2546 3014 2767 3015 2768 2793 2546 3015 2768 2795 2548 2795 2548 3015 2768 3016 2769 2795 2548 3016 2769 2797 2550 2797 2550 3016 2769 3017 2770 2797 2550 3017 2770 2799 2552 2799 2552 3017 2770 3018 2771 2799 2552 3018 2771 2801 2554 2801 2554 3018 2771 3019 2772 2801 2554 3019 2772 2803 2556 2803 2556 3019 2772 3020 2773 2803 2556 3020 2773 2805 2558 2805 2558 3020 2773 3021 2774 2805 2558 3021 2774 2807 2560 2807 2560 3021 2774 3022 2775 2807 2560 3022 2775 2809 2562 2809 2562 3022 2775 3023 2776 2809 2562 3023 2776 2811 2564 2811 2564 3023 2776 3024 2777 2811 2564 3024 2777 2813 2566 2813 2566 3024 2777 3025 2778 2813 2566 3025 2778 2815 2568 2815 2568 3025 2778 3026 2779 2815 2568 3026 2779 2817 2570 2817 2570 3026 2779 3027 2780 2817 2570 3027 2780 2819 2572 2819 2572 3027 2780 3028 2781 2819 2572 3028 2781 2821 2574 2821 2574 3028 2781 3029 2782 2821 2574 3029 2782 2823 2576 2823 2576 3029 2782 3030 2783 2823 2576 3030 2783 2825 2578 2825 2578 3030 2783 3031 2784 2825 2578 3031 2784 2827 2580 2827 2580 3031 2784 3032 2785 2827 2580 3032 2785 2829 2582 2829 2582 3032 2785 3033 2786 2829 2582 3033 2786 2831 2584 2831 2584 3033 2786 2998 2751 3009 2762 3034 2787 3010 2763 3010 2763 3034 2787 3035 2788 3010 2763 3035 2788 3011 2764 3011 2764 3035 2788 3036 2789 3011 2764 3036 2789 3012 2765 3012 2765 3036 2789 3037 2790 3012 2765 3037 2790 3013 2766 3013 2766 3037 2790 3038 2791 3013 2766 3038 2791 3014 2767 3014 2767 3038 2791 3039 2792 3014 2767 3039 2792 3015 2768 3015 2768 3039 2792 3040 2793 3015 2768 3040 2793 3016 2769 3016 2769 3040 2793 3041 2794 3016 2769 3041 2794 3017 2770 3017 2770 3041 2794 3042 2795 3017 2770 3042 2795 3018 2771 3018 2771 3042 2795 3043 2796 3018 2771 3043 2796 3019 2772 3019 2772 3043 2796 3044 2797 3019 2772 3044 2797 3020 2773 3020 2773 3044 2797 3045 2798 3020 2773 3045 2798 3021 2774 3021 2774 3045 2798 3046 2799 3021 2774 3046 2799 3022 2775 3022 2775 3046 2799 3047 2800 3022 2775 3047 2800 3023 2776 3023 2776 3047 2800 3048 2801 3023 2776 3048 2801 3024 2777 3024 2777 3048 2801 3049 2802 3024 2777 3049 2802 3025 2778 3025 2778 3049 2802 3050 2803 3025 2778 3050 2803 3026 2779 3026 2779 3050 2803 3051 2804 3026 2779 3051 2804 3027 2780 3027 2780 3051 2804 3052 2805 3027 2780 3052 2805 3028 2781 3028 2781 3052 2805 3053 2806 3028 2781 3053 2806 3029 2782 3029 2782 3053 2806 3054 2807 3029 2782 3054 2807 3030 2783 3030 2783 3054 2807 3055 2808 3030 2783 3055 2808 3031 2784 3031 2784 3055 2808 3056 2809 3031 2784 3056 2809 3032 2785 3032 2785 3056 2809 3057 2810 3032 2785 3057 2810 3033 2786 3033 2786 3057 2810 3058 2811 3033 2786 3058 2811 2998 2751 2998 2751 3058 2811 3059 2812 2998 2751 3059 2812 2999 2752 2999 2752 3059 2812 3060 2813 2999 2752 3060 2813 3000 2753 3000 2753 3060 2813 3061 2814 3000 2753 3061 2814 3001 2754 3001 2754 3061 2814 3062 2815 3001 2754 3062 2815 3002 2755 3002 2755 3062 2815 3063 2816 3002 2755 3063 2816 3003 2756 3003 2756 3063 2816 3064 2817 3003 2756 3064 2817 3004 2757 3004 2757 3064 2817 3065 2818 3004 2757 3065 2818 3005 2758 3005 2758 3065 2818 3066 2819 3005 2758 3066 2819 3006 2759 3006 2759 3066 2819 3067 2820 3006 2759 3067 2820 3007 2760 3007 2760 3067 2820 3068 2821 3007 2760 3068 2821 3008 2761 3008 2761 3068 2821 3069 2822 3008 2761 3069 2822 3009 2762 3009 2762 3069 2822 3034 2787 2922 2675 2924 2677 3070 2823 3070 2823 2924 2677 2926 2679 3070 2823 2926 2679 2928 2681 2916 2669 2918 2671 3070 2823 3070 2823 2918 2671 2920 2673 3070 2823 2920 2673 2922 2675 2910 2663 2912 2665 3070 2823 3070 2823 2912 2665 2914 2667 3070 2823 2914 2667 2916 2669 2904 2657 2906 2659 3070 2823 3070 2823 2906 2659 2908 2661 3070 2823 2908 2661 2910 2663 2898 2651 2900 2653 3070 2823 3070 2823 2900 2653 2902 2655 3070 2823 2902 2655 2904 2657 2892 2645 2894 2647 3070 2823 3070 2823 2894 2647 2896 2649 3070 2823 2896 2649 2898 2651 2958 2711 2960 2713 3070 2823 3070 2823 2960 2713 2890 2643 3070 2823 2890 2643 2892 2645 2952 2705 2954 2707 3070 2823 3070 2823 2954 2707 2956 2709 3070 2823 2956 2709 2958 2711 2946 2699 2948 2701 3070 2823 3070 2823 2948 2701 2950 2703 3070 2823 2950 2703 2952 2705 2940 2693 2942 2695 3070 2823 3070 2823 2942 2695 2944 2697 3070 2823 2944 2697 2946 2699 2934 2687 2936 2689 3070 2823 3070 2823 2936 2689 2938 2691 3070 2823 2938 2691 2940 2693 2928 2681 2930 2683 3070 2823 3070 2823 2930 2683 2932 2685 3070 2823 2932 2685 2934 2687 3071 2824 3072 2825 2590 2343 2590 2343 3072 2825 2607 2360 2607 2360 3072 2825 3073 2826 2607 2360 3073 2826 3074 2827 3075 2828 3076 2829 2589 2342 3077 2830 3078 2831 3079 2832 3079 2832 3078 2831 3080 2833 3081 2834 3082 2835 2612 2365 3083 2836 3079 2832 3084 2837 3084 2837 3079 2832 3085 2838 3083 2836 3086 2839 3079 2832 3079 2832 3086 2839 3087 2840 3079 2832 3087 2840 3077 2830 2589 2342 3076 2829 2590 2343 2590 2343 3076 2829 3088 2841 2590 2343 3088 2841 3071 2824 3082 2835 3089 2842 2612 2365 2612 2365 3089 2842 3090 2843 2612 2365 3090 2843 2610 2363 2610 2363 3090 2843 3091 2844 2610 2363 3091 2844 2609 2362 2609 2362 3091 2844 3092 2845 2609 2362 3092 2845 2613 2366 2613 2366 3092 2845 3093 2846 3094 2847 2773 2526 3095 2848 3095 2848 2773 2526 2775 2528 3095 2848 2775 2528 3096 2849 3096 2849 2775 2528 2777 2530 3096 2849 2777 2530 3097 2850 3097 2850 2777 2530 2779 2532 3097 2850 2779 2532 3098 2851 3098 2851 2779 2532 2781 2534 3098 2851 2781 2534 3099 2852 3099 2852 2781 2534 2135 2043 3099 2852 2135 2043 3100 2853 3100 2853 2135 2043 2615 2368 3100 2853 2615 2368 3093 2846 3093 2846 2615 2368 2614 2367 3093 2846 2614 2367 2613 2366 2589 2342 2598 2351 3075 2828 3075 2828 2598 2351 2595 2348 3075 2828 2595 2348 3101 2854 3101 2854 2595 2348 2592 2345 3101 2854 2592 2345 3102 2855 3102 2855 2592 2345 2588 2341 3102 2855 2588 2341 3103 2856 3103 2856 2588 2341 2587 2340 3103 2856 2587 2340 3104 2857 3104 2857 2587 2340 2765 2518 3104 2857 2765 2518 3105 2858 3105 2858 2765 2518 2767 2520 3105 2858 2767 2520 3106 2859 3106 2859 2767 2520 2769 2522 3106 2859 2769 2522 3094 2847 3094 2847 2769 2522 2771 2524 3094 2847 2771 2524 2773 2526 3107 2860 2605 2358 2604 2357 3108 2861 3109 2862 3110 2863 3111 2864 3112 2865 2656 2409 3113 2866 3114 2867 3115 2868 3107 2860 3116 2869 2605 2358 2605 2358 3116 2869 3117 2870 2605 2358 3117 2870 3118 2871 3109 2862 3119 2872 3110 2863 3110 2863 3119 2872 3120 2873 3110 2863 3120 2873 3121 2874 3115 2868 3107 2860 3113 2866 3113 2866 3107 2860 2604 2357 3113 2866 2604 2357 3079 2832 3079 2832 2604 2357 2607 2360 3079 2832 2607 2360 3085 2838 3085 2838 2607 2360 3074 2827 3118 2871 3122 2875 2605 2358 2605 2358 3122 2875 3123 2876 2605 2358 3123 2876 2716 2469 2716 2469 3123 2876 3124 2877 2716 2469 3124 2877 2715 2468 2715 2468 3124 2877 3125 2878 2715 2468 3125 2878 2720 2473 2720 2473 3125 2878 3126 2879 3110 2863 3127 2880 3108 2861 3108 2861 3127 2880 3128 2881 3108 2861 3128 2881 3129 2882 3129 2882 3128 2881 3130 2883 3129 2882 3130 2883 3131 2884 3131 2884 3130 2883 3132 2885 3131 2884 3132 2885 3133 2886 3133 2886 3132 2885 3134 2887 3133 2886 3134 2887 3135 2888 3135 2888 3134 2887 3136 2889 3135 2888 3136 2889 3137 2890 3137 2890 3136 2889 2726 2479 3137 2890 2726 2479 3138 2891 3138 2891 2726 2479 2723 2476 3138 2891 2723 2476 3126 2879 3126 2879 2723 2476 2721 2474 3126 2879 2721 2474 2720 2473 3112 2865 3139 2892 2656 2409 2656 2409 3139 2892 3140 2893 2656 2409 3140 2893 2657 2410 2657 2410 3140 2893 3141 2894 3141 2894 3142 2895 2657 2410 2657 2410 3142 2895 3143 2896 2657 2410 3143 2896 3144 2897 3145 2898 3146 2899 3113 2866 3113 2866 3146 2899 3147 2900 3113 2866 3147 2900 3114 2867 3144 2897 3148 2901 3113 2866 3113 2866 3148 2901 3149 2902 3113 2866 3149 2902 3145 2898 2710 2463 2701 2454 3150 2903 2707 2460 2704 2457 2710 2463 2710 2463 2704 2457 2702 2455 2710 2463 2702 2455 2701 2454 3150 2903 3151 2904 2710 2463 2710 2463 3151 2904 3110 2863 2710 2463 3110 2863 2703 2456 2703 2456 3110 2863 3121 2874 2703 2456 3121 2874 2656 2409 2656 2409 3121 2874 3152 2905 2656 2409 3152 2905 3111 2864 3153 2906 3154 2907 2658 2411 3155 2908 2683 2436 3156 2909 3156 2909 2683 2436 2682 2435 3156 2909 2682 2435 3157 2910 3157 2910 2682 2435 2658 2411 3157 2910 2658 2411 3158 2911 3158 2911 2658 2411 3154 2907 3155 2908 3159 2912 2683 2436 2683 2436 3159 2912 3160 2913 2683 2436 3160 2913 3161 2914 3162 2915 3163 2916 3113 2866 3113 2866 3163 2916 3164 2917 3164 2917 3165 2918 3113 2866 3113 2866 3165 2918 3166 2919 3113 2866 3166 2919 3167 2920 3167 2920 3168 2921 3113 2866 3113 2866 3168 2921 3169 2922 3113 2866 3169 2922 3170 2923 2675 2428 3171 2924 3172 2925 3173 2926 3174 2927 3175 2928 3175 2928 3174 2927 3176 2929 3144 2897 3113 2866 2657 2410 2657 2410 3113 2866 3170 2923 2657 2410 3170 2923 2658 2411 2658 2411 3170 2923 3177 2930 2658 2411 3177 2930 3153 2906 3178 2931 2695 2448 3179 2932 3179 2932 2695 2448 3180 2933 3178 2931 3181 2934 3175 2928 3175 2928 3181 2934 3182 2935 3175 2928 3182 2935 3183 2936 3172 2925 3184 2892 2675 2428 2675 2428 3184 2892 3185 2937 2675 2428 3185 2937 2695 2448 2695 2448 3185 2937 3186 2938 2695 2448 3186 2938 3180 2933 3183 2936 3187 2939 3175 2928 3175 2928 3187 2939 3188 2940 3175 2928 3188 2940 3173 2926 2667 2420 2663 2416 2670 2423 2670 2423 2663 2416 2673 2426 2663 2416 2662 2415 2673 2426 2673 2426 2662 2415 2690 2443 2673 2426 2690 2443 2688 2441 2688 2441 2687 2440 2673 2426 2673 2426 2687 2440 2684 2437 2673 2426 2684 2437 2680 2433 2680 2433 2684 2437 2683 2436 2680 2433 2683 2436 2677 2430 2677 2430 2683 2436 3161 2914 2677 2430 3161 2914 2675 2428 2675 2428 3161 2914 3189 2941 2675 2428 3189 2941 3171 2924 3190 2942 3191 2943 3192 2944 3193 2945 3194 2946 2696 2449 3195 2947 3196 2948 3197 2949 3191 2943 3198 2950 3192 2944 3192 2944 3198 2950 3199 2951 3192 2944 3199 2951 3200 2952 3201 2953 3202 2954 3203 2955 3203 2955 3202 2954 3204 2956 3205 2957 3206 2958 3192 2944 3192 2944 3206 2958 3207 2959 3192 2944 3207 2959 3190 2942 3178 2931 3175 2928 2695 2448 2695 2448 3175 2928 3192 2944 2695 2448 3192 2944 2698 2451 2698 2451 3192 2944 3200 2952 2698 2451 3200 2952 2696 2449 2696 2449 3200 2952 3208 2960 2696 2449 3208 2960 3193 2945 3194 2946 3209 2961 2696 2449 2696 2449 3209 2961 3210 2962 2696 2449 3210 2962 2751 2504 2751 2504 3210 2962 3211 2963 2751 2504 3211 2963 2750 2503 2750 2503 3211 2963 3212 2964 2750 2503 3212 2964 3213 2965 2761 2514 2758 2511 3197 2949 3197 2949 2758 2511 2756 2509 3213 2965 3195 2947 2750 2503 2750 2503 3195 2947 3197 2949 2750 2503 3197 2949 2755 2508 2755 2508 3197 2949 2756 2509 3214 2966 3215 2967 3197 2949 3197 2949 3215 2967 3216 2968 3197 2949 3216 2968 2761 2514 3217 2969 2636 2389 3218 2970 3218 2970 2636 2389 2635 2388 3218 2970 2635 2388 3219 2971 3196 2948 3220 2972 3197 2949 3197 2949 3220 2972 3221 2973 3197 2949 3221 2973 3214 2966 3214 2966 3221 2973 3222 2974 3214 2966 3222 2974 3223 2975 3223 2975 3222 2974 3224 2976 3223 2975 3224 2976 3225 2977 3225 2977 3224 2976 3226 2978 3225 2977 3226 2978 3227 2979 3227 2979 3226 2978 3228 2980 3227 2979 3228 2980 3229 2981 3229 2981 3228 2980 3230 2982 3229 2981 3230 2982 3231 2983 3231 2983 3230 2982 3232 2984 3231 2983 3232 2984 2633 2386 2633 2386 3232 2984 3233 2985 2633 2386 3233 2985 2634 2387 2634 2387 3233 2985 3234 2986 2634 2387 3234 2986 2638 2391 2638 2391 3234 2986 3235 2987 2638 2391 3235 2987 2641 2394 2641 2394 3235 2987 3219 2971 2641 2394 3219 2971 2644 2397 2644 2397 3219 2971 2635 2388 3217 2969 3236 2988 2636 2389 2636 2389 3236 2988 3204 2956 2636 2389 3204 2956 2653 2406 2653 2406 3204 2956 3202 2954 2653 2406 3202 2954 2650 2403 2650 2403 3202 2954 3237 2989 2650 2403 3237 2989 2651 2404 2651 2404 3238 2990 2738 2491 2738 2491 3238 2990 3239 2991 2738 2491 3239 2991 2737 2490 2737 2490 3239 2991 3240 2992 2737 2490 3240 2992 2742 2495 2742 2495 3240 2992 3241 2993 3242 2994 2098 2006 3243 2995 3243 2995 2098 2006 2100 2008 3243 2995 2100 2008 3244 2996 3244 2996 2100 2008 2102 2010 3244 2996 2102 2010 3245 2997 3245 2997 2102 2010 2104 2012 3245 2997 2104 2012 3246 2998 3246 2998 2104 2012 2106 2014 3246 2998 2106 2014 3247 2999 3247 2999 2106 2014 2107 2015 3247 2999 2107 2015 3248 3000 3248 3000 2107 2015 2745 2498 3248 3000 2745 2498 3241 2993 3241 2993 2745 2498 2743 2496 3241 2993 2743 2496 2742 2495 3249 3001 3250 3002 3237 2989 3237 2989 3250 3002 3251 3003 3237 2989 3251 3003 2651 2404 2651 2404 3251 3003 3252 3004 2651 2404 3252 3004 3238 2990 3253 3005 3254 3006 3255 3007 3255 3007 3254 3006 3256 3008 3257 3009 2618 2371 3258 3010 3258 3010 2618 2371 2617 2370 3258 3010 2617 2370 3259 3011 3257 3009 3260 3012 2618 2371 2618 2371 3260 3012 3261 3013 2618 2371 3261 3013 2623 2376 2623 2376 3261 3013 3262 3014 2623 2376 3262 3014 3263 3015 3263 3015 3264 3016 3255 3007 3255 3007 3264 3016 3265 3017 3255 3007 3265 3017 3253 3005 3256 3008 3266 3018 3255 3007 3255 3007 3266 3018 3267 3019 3255 3007 3267 3019 3237 2989 3237 2989 3267 3019 3268 3020 3237 2989 3268 3020 3249 3001 2617 2370 2622 2375 3259 3011 3259 3011 2622 2375 2621 2374 3259 3011 2621 2374 3269 3021 3269 3021 2621 2374 2620 2373 3269 3021 2620 2373 3270 3022 3270 3022 2620 2373 2616 2369 3270 3022 2616 2369 3271 3023 3271 3023 2616 2369 2089 1997 3271 3023 2089 1997 3272 3024 3272 3024 2089 1997 2088 1996 3272 3024 2088 1996 3273 3025 3273 3025 2088 1996 2092 2000 3273 3025 2092 2000 3274 3026 3274 3026 2092 2000 2094 2002 3274 3026 2094 2002 3242 2994 3242 2994 2094 2002 2096 2004 3242 2994 2096 2004 2098 2006 3275 3027 3276 3028 2730 2483 2730 2483 3079 2832 2731 2484 2731 2484 3079 2832 3080 2833 2731 2484 3080 2833 2612 2365 2612 2365 3080 2833 3277 3029 2612 2365 3277 3029 3081 2834 3278 3030 3279 3031 3280 3032 3278 3030 3281 3033 3282 3034 3280 3032 3283 3035 3278 3030 3278 3030 3283 3035 3284 3036 3278 3030 3284 3036 3285 3037 3263 3015 3255 3007 2623 2376 2623 2376 3255 3007 3278 3030 2623 2376 3278 3030 2626 2379 2626 2379 3278 3030 3282 3034 2626 2379 3282 3034 2624 2377 3286 3038 3287 3039 3079 2832 3288 3040 3289 3041 3079 2832 3079 2832 3289 3041 3290 3042 3285 3037 3291 3043 3278 3030 3278 3030 3291 3043 3292 3044 3278 3030 3292 3044 3281 3033 3287 3039 3293 3045 3079 2832 3079 2832 3293 3045 3294 3046 3079 2832 3294 3046 3288 3040 3290 3042 3295 3047 3079 2832 3079 2832 3295 3047 3296 3048 3079 2832 3296 3048 3297 3049 3282 3034 3298 3050 2624 2377 2624 2377 3298 3050 3299 3051 2624 2377 3299 3051 3300 2835 2730 2483 3276 3028 3079 2832 3079 2832 3276 3028 3301 3052 3079 2832 3301 3052 3286 3038 3275 3027 2730 2483 3302 3053 3302 3053 2730 2483 2733 2486 3302 3053 2733 2486 3303 3054 2733 2486 2736 2489 3303 3054 3303 3054 2736 2489 2735 2488 3303 3054 2735 2488 3304 3055 3304 3055 2735 2488 2734 2487 3304 3055 2734 2487 3305 3056 3305 3056 2734 2487 2732 2485 3305 3056 2732 2485 3306 3057 3306 3057 2732 2485 2136 2044 3306 3057 2136 2044 3307 3058 3307 3058 2136 2044 2631 2384 3307 3058 2631 2384 3308 3059 2631 2384 2630 2383 3308 3059 3308 3059 2630 2383 2629 2382 3308 3059 2629 2382 3309 3060 3309 3060 2629 2382 2627 2380 3309 3060 2627 2380 3310 3061 3310 3061 2627 2380 2628 2381 3310 3061 2628 2381 3311 3062 3311 3062 2628 2381 2624 2377 3311 3062 2624 2377 3312 3063 3312 3063 2624 2377 3300 2835 3175 2928 3047 2800 3046 2799 3255 3007 3059 2812 3278 3030 3278 3030 3059 2812 3058 2811 3278 3030 3058 2811 3057 2810 3050 2803 3049 2802 3175 2928 3175 2928 3049 2802 3048 2801 3175 2928 3048 2801 3047 2800 3057 2810 3056 2809 3278 3030 3278 3030 3056 2809 3055 2808 3278 3030 3055 2808 3054 2807 3054 2807 3053 2806 3278 3030 3278 3030 3053 2806 3052 2805 3278 3030 3052 2805 3175 2928 3175 2928 3052 2805 3051 2804 3175 2928 3051 2804 3050 2803 3046 2799 3045 2798 3175 2928 3175 2928 3045 2798 3044 2797 3175 2928 3044 2797 3192 2944 3192 2944 3044 2797 3043 2796 3192 2944 3043 2796 3042 2795 3067 2820 3066 2819 3237 2989 3201 2953 3205 2957 3202 2954 3202 2954 3205 2957 3192 2944 3202 2954 3192 2944 3041 2794 3041 2794 3192 2944 3042 2795 3066 2819 3065 2818 3237 2989 3237 2989 3065 2818 3064 2817 3237 2989 3064 2817 3063 2816 3041 2794 3040 2793 3202 2954 3202 2954 3040 2793 3039 2792 3202 2954 3039 2792 3038 2791 3035 2788 3034 2787 3202 2954 3202 2954 3034 2787 3069 2822 3202 2954 3069 2822 3237 2989 3237 2989 3069 2822 3068 2821 3237 2989 3068 2821 3067 2820 3063 2816 3062 2815 3237 2989 3237 2989 3062 2815 3061 2814 3237 2989 3061 2814 3255 3007 3255 3007 3061 2814 3060 2813 3255 3007 3060 2813 3059 2812 3038 2791 3037 2790 3202 2954 3202 2954 3037 2790 3036 2789 3202 2954 3036 2789 3035 2788 3297 3049 3279 3031 3079 2832 3079 2832 3279 3031 3278 3030 3079 2832 3278 3030 3113 2866 3113 2866 3278 3030 3175 2928 3113 2866 3175 2928 3162 2915 3162 2915 3175 2928 3176 2929 2608 2361 61 61 2601 2354 2601 2354 61 61 22 22 2601 2354 22 22 2602 2355 2600 2353 2599 2352 22 22 22 22 2599 2352 2603 2356 22 22 2603 2356 2602 2355 2587 2340 2586 2339 22 22 22 22 2586 2339 2594 2347 22 22 2594 2347 2593 2346 2608 2361 2719 2472 61 61 61 61 2719 2472 2718 2471 61 61 2718 2471 2717 2470 2593 2346 2597 2350 22 22 22 22 2597 2350 2596 2349 22 22 2596 2349 2600 2353 2717 2470 2722 2475 61 61 61 61 2722 2475 2725 2478 61 61 2725 2478 2724 2477 2724 2477 2728 2481 61 61 61 61 2728 2481 2727 2480 61 61 2727 2480 2726 2479 3150 2903 2701 2454 42 42 42 42 3313 3064 3150 2903 3150 2903 3313 3064 3314 3065 3150 2903 3314 3065 3151 2904 3151 2904 3314 3065 3315 3066 3151 2904 3315 3066 3110 2863 3110 2863 3315 3066 3316 3067 3110 2863 3316 3067 3127 2880 3127 2880 3316 3067 3317 3068 3127 2880 3317 3068 3128 2881 3128 2881 3317 3068 3318 3069 3128 2881 3318 3069 3130 2883 3130 2883 3318 3069 3319 3070 3130 2883 3319 3070 3132 2885 3132 2885 3319 3070 3320 3071 3132 2885 3320 3071 3134 2887 3134 2887 3320 3071 3321 3072 3134 2887 3321 3072 3136 2889 3136 2889 3321 3072 61 61 3136 2889 61 61 2726 2479 2678 2431 2699 2452 79 79 2713 2466 2661 2414 42 42 42 42 2661 2414 2660 2413 79 79 42 42 2678 2431 2678 2431 42 42 2660 2413 2678 2431 2660 2413 2679 2432 2679 2432 2660 2413 2674 2427 2712 2465 2711 2464 42 42 42 42 2711 2464 2714 2467 42 42 2714 2467 2713 2466 2699 2452 2754 2507 79 79 79 79 2754 2507 2753 2506 79 79 2753 2506 2752 2505 2701 2454 2700 2453 42 42 42 42 2700 2453 2706 2459 42 42 2706 2459 2705 2458 2671 2424 2681 2434 2685 2438 2681 2434 2671 2424 2660 2413 2660 2413 2671 2424 2672 2425 2660 2413 2672 2425 2674 2427 2705 2458 2709 2462 42 42 42 42 2709 2462 2708 2461 42 42 2708 2461 2712 2465 2752 2505 2757 2510 79 79 79 79 2757 2510 2760 2513 79 79 2760 2513 2759 2512 2759 2512 2763 2516 79 79 79 79 2763 2516 2762 2515 79 79 2762 2515 2761 2514 2662 2415 2685 2438 2693 2446 2693 2446 2685 2438 2686 2439 2693 2446 2686 2439 2689 2442 2662 2415 2664 2417 2685 2438 2685 2438 2664 2417 2665 2418 2685 2438 2665 2418 2666 2419 2689 2442 2692 2445 2693 2446 2693 2446 2692 2445 2691 2444 2693 2446 2691 2444 2694 2447 2666 2419 2668 2421 2685 2438 2685 2438 2668 2421 2669 2422 2685 2438 2669 2422 2671 2424 2633 2386 3 3 63 63 2633 2386 63 63 3231 2983 3231 2983 63 63 65 65 3231 2983 65 65 3229 2981 3229 2981 65 65 67 67 3229 2981 67 67 3227 2979 3227 2979 67 67 69 69 3227 2979 69 69 3225 2977 3225 2977 69 69 71 71 3225 2977 71 71 3223 2975 3223 2975 71 71 73 73 3223 2975 73 73 3214 2966 3214 2966 73 73 75 75 3214 2966 75 75 3215 2967 3215 2967 75 75 77 77 3215 2967 77 77 3216 2968 3216 2968 77 77 79 79 3216 2968 79 79 2761 2514 3 3 3322 3073 3323 3074 41 41 2780 2533 22 22 4 4 41 41 3324 3075 3324 3075 41 41 22 22 3324 3075 22 22 3323 3074 3323 3074 22 22 61 61 3314 3065 3313 3064 3319 3070 2770 2523 2768 2521 2780 2533 3319 3070 3313 3064 3320 3071 3324 3075 3325 3076 4 4 4 4 3325 3076 2 2 4 4 2 2 2090 1998 2090 1998 2 2 2105 2013 77 77 75 75 73 73 2776 2529 2774 2527 2772 2525 2768 2521 2766 2519 2780 2533 2780 2533 2766 2519 2764 2517 2780 2533 2764 2517 22 22 3318 3069 3317 3068 3316 3067 73 73 71 71 77 77 77 77 71 71 69 69 79 79 3 3 3323 3074 79 79 3323 3074 42 42 42 42 3323 3074 61 61 42 42 61 61 3313 3064 3313 3064 61 61 3321 3072 3313 3064 3321 3072 3320 3071 2770 2523 2780 2533 2772 2525 2772 2525 2780 2533 2778 2531 2772 2525 2778 2531 2776 2529 3318 3069 3316 3067 3319 3070 3319 3070 3316 3067 3315 3066 3319 3070 3315 3066 3314 3065 2105 2013 2103 2011 2090 1998 2090 1998 2103 2011 2101 2009 2090 1998 2101 2009 2091 1999 2091 1999 2101 2009 2099 2007 2099 2007 2097 2005 2091 1999 2091 1999 2097 2005 2095 2003 2091 1999 2095 2003 2093 2001 2166 2074 3326 3077 2164 2072 2164 2072 3326 3077 3327 3078 2164 2072 3327 3078 2162 2070 2162 2070 3327 3078 3328 3079 2162 2070 3328 3079 2160 2068 2160 2068 3328 3079 3329 3080 2160 2068 3329 3080 2158 2066 2158 2066 3329 3080 3330 3081 2158 2066 3330 3081 2156 2064 2156 2064 3330 3081 3331 3082 2156 2064 3331 3082 2154 2062 2154 2062 3331 3082 3332 3083 2154 2062 3332 3083 2152 2060 2152 2060 3332 3083 3333 3084 2152 2060 3333 3084 2150 2058 2150 2058 3333 3084 3334 3085 2150 2058 3334 3085 2148 2056 2148 2056 3334 3085 3335 3086 2148 2056 3335 3086 2218 2126 2218 2126 3335 3086 3336 3087 2218 2126 3336 3087 2216 2124 2216 2124 3336 3087 3337 3088 2216 2124 3337 3088 2214 2122 2214 2122 3337 3088 3338 3089 2214 2122 3338 3089 2212 2120 2212 2120 3338 3089 3339 3090 2212 2120 3339 3090 2210 2118 2210 2118 3339 3090 3340 3091 2210 2118 3340 3091 2208 2116 2208 2116 3340 3091 3341 3092 2208 2116 3341 3092 2206 2114 2206 2114 3341 3092 3342 3093 2206 2114 3342 3093 2204 2112 2204 2112 3342 3093 3343 3094 2204 2112 3343 3094 2202 2110 2202 2110 3343 3094 3344 3095 2202 2110 3344 3095 2200 2108 2200 2108 3344 3095 3345 3096 2200 2108 3345 3096 2198 2106 2198 2106 3345 3096 3346 3097 2198 2106 3346 3097 2196 2104 2196 2104 3346 3097 3347 3098 2196 2104 3347 3098 2194 2102 2194 2102 3347 3098 3348 3099 2194 2102 3348 3099 2192 2100 2192 2100 3348 3099 3349 3100 2192 2100 3349 3100 2190 2098 2190 2098 3349 3100 3350 3101 2190 2098 3350 3101 2188 2096 2188 2096 3350 3101 3351 3102 2188 2096 3351 3102 2186 2094 2186 2094 3351 3102 3352 3103 2186 2094 3352 3103 2184 2092 2184 2092 3352 3103 3353 3104 2184 2092 3353 3104 2182 2090 2182 2090 3353 3104 3354 3105 2182 2090 3354 3105 2180 2088 2180 2088 3354 3105 3355 3106 2180 2088 3355 3106 2178 2086 2178 2086 3355 3106 3356 3107 2178 2086 3356 3107 2176 2084 2176 2084 3356 3107 3357 3108 2176 2084 3357 3108 2174 2082 2174 2082 3357 3108 3358 3109 2174 2082 3358 3109 2172 2080 2172 2080 3358 3109 3359 3110 2172 2080 3359 3110 2170 2078 2170 2078 3359 3110 3360 3111 2170 2078 3360 3111 2168 2076 2168 2076 3360 3111 3361 3112 2168 2076 3361 3112 2166 2074 2166 2074 3361 3112 3326 3077 3335 3086 3282 3034 3336 3087 3336 3087 3282 3034 3281 3033 3336 3087 3281 3033 3337 3088 3337 3088 3281 3033 3292 3044 3337 3088 3292 3044 3338 3089 3338 3089 3292 3044 3291 3043 3338 3089 3291 3043 3339 3090 3339 3090 3291 3043 3285 3037 3339 3090 3285 3037 3340 3091 3340 3091 3285 3037 3284 3036 3340 3091 3284 3036 3341 3092 3341 3092 3284 3036 3283 3035 3341 3092 3283 3035 3342 3093 3342 3093 3283 3035 3280 3032 3342 3093 3280 3032 3343 3094 3343 3094 3280 3032 3279 3031 3343 3094 3279 3031 3344 3095 3344 3095 3279 3031 3297 3049 3344 3095 3297 3049 3345 3096 3345 3096 3297 3049 3296 3048 3345 3096 3296 3048 3346 3097 3346 3097 3296 3048 3295 3047 3346 3097 3295 3047 3347 3098 3347 3098 3295 3047 3290 3042 3347 3098 3290 3042 3348 3099 3348 3099 3290 3042 3289 3041 3348 3099 3289 3041 3349 3100 3349 3100 3289 3041 3288 3040 3349 3100 3288 3040 3350 3101 3350 3101 3288 3040 3294 3046 3350 3101 3294 3046 3351 3102 3351 3102 3294 3046 3293 3045 3351 3102 3293 3045 3352 3103 3352 3103 3293 3045 3287 3039 3352 3103 3287 3039 3353 3104 3353 3104 3287 3039 3286 3038 3353 3104 3286 3038 3354 3105 3354 3105 3286 3038 3301 3052 3354 3105 3301 3052 3355 3106 3355 3106 3301 3052 3276 3028 3355 3106 3276 3028 3356 3107 3356 3107 3276 3028 3275 3027 3356 3107 3275 3027 3357 3108 3357 3108 3275 3027 3302 3053 3357 3108 3302 3053 3358 3109 3358 3109 3302 3053 3303 3054 3358 3109 3303 3054 3359 3110 3359 3110 3303 3054 3304 3055 3359 3110 3304 3055 3360 3111 3360 3111 3304 3055 3305 3056 3360 3111 3305 3056 3361 3112 3361 3112 3305 3056 3306 3057 3361 3112 3306 3057 3326 3077 3326 3077 3306 3057 3307 3058 3326 3077 3307 3058 3327 3078 3327 3078 3307 3058 3308 3059 3327 3078 3308 3059 3328 3079 3328 3079 3308 3059 3309 3060 3328 3079 3309 3060 3329 3080 3329 3080 3309 3060 3310 3061 3329 3080 3310 3061 3330 3081 3330 3081 3310 3061 3311 3062 3330 3081 3311 3062 3331 3082 3331 3082 3311 3062 3312 3063 3331 3082 3312 3063 3332 3083 3332 3083 3312 3063 3300 2835 3332 3083 3300 2835 3333 3084 3333 3084 3300 2835 3299 3051 3333 3084 3299 3051 3334 3085 3334 3085 3299 3051 3298 3050 3334 3085 3298 3050 3335 3086 3335 3086 3298 3050 3282 3034 2312 2143 3362 3113 2310 2198 2310 2198 3362 3113 3363 3114 2310 2198 3363 3114 2308 2196 2308 2196 3363 3114 3364 3115 2308 2196 3364 3115 2306 2194 2306 2194 3364 3115 3365 3116 2306 2194 3365 3116 2304 2138 2304 2138 3365 3116 3366 3117 2304 2138 3366 3117 2302 2136 2302 2136 3366 3117 3367 3118 2302 2136 3367 3118 2300 2135 2300 2135 3367 3118 3368 3119 2300 2135 3368 3119 2298 2133 2298 2133 3368 3119 3369 3120 2298 2133 3369 3120 2296 2192 2296 2192 3369 3120 3370 3121 2296 2192 3370 3121 2294 2191 2294 2191 3370 3121 3371 3086 2294 2191 3371 3086 2364 2212 2364 2212 3371 3086 3372 3087 2364 2212 3372 3087 2362 2186 2362 2186 3372 3087 3373 3122 2362 2186 3373 3122 2360 2185 2360 2185 3373 3122 3374 3123 2360 2185 3374 3123 2358 2183 2358 2183 3374 3123 3375 3124 2358 2183 3375 3124 2356 2181 2356 2181 3375 3124 3376 3125 2356 2181 3376 3125 2354 2210 2354 2210 3376 3125 3377 3092 2354 2210 3377 3092 2352 2208 2352 2208 3377 3092 3378 3126 2352 2208 3378 3126 2350 2206 2350 2206 3378 3126 3379 3127 2350 2206 3379 3127 2348 2110 2348 2110 3379 3127 3380 3128 2348 2110 3380 3128 2346 2175 2346 2175 3380 3128 3381 3129 2346 2175 3381 3129 2344 2173 2344 2173 3381 3129 3382 3130 2344 2173 3382 3130 2342 2171 2342 2171 3382 3130 3383 3131 2342 2171 3383 3131 2340 2204 2340 2204 3383 3131 3384 3099 2340 2204 3384 3099 2338 2202 2338 2202 3384 3099 3385 3132 2338 2202 3385 3132 2336 2165 2336 2165 3385 3132 3386 3133 2336 2165 3386 3133 2334 2163 2334 2163 3386 3133 3387 3134 2334 2163 3387 3134 2332 2161 2332 2161 3387 3134 3388 3135 2332 2161 3388 3135 2330 2160 2330 2160 3388 3135 3389 3136 2330 2160 3389 3136 2328 2158 2328 2158 3389 3136 3390 3137 2328 2158 3390 3137 2326 2156 2326 2156 3390 3137 3391 3138 2326 2156 3391 3138 2324 2154 2324 2154 3391 3138 3392 3139 2324 2154 3392 3139 2322 2152 2322 2152 3392 3139 3393 3108 2322 2152 3393 3108 2320 2201 2320 2201 3393 3108 3394 3140 2320 2201 3394 3140 2318 2200 2318 2200 3394 3140 3395 3141 2318 2200 3395 3141 2316 2146 2316 2146 3395 3141 3396 3142 2316 2146 3396 3142 2314 2144 2314 2144 3396 3142 3397 3143 2314 2144 3397 3143 2312 2143 2312 2143 3397 3143 3362 3113 3371 3086 3248 3000 3372 3087 3372 3087 3248 3000 3241 2993 3372 3087 3241 2993 3373 3122 3373 3122 3241 2993 3240 2992 3373 3122 3240 2992 3374 3123 3374 3123 3240 2992 3239 2991 3374 3123 3239 2991 3375 3124 3375 3124 3239 2991 3238 2990 3375 3124 3238 2990 3376 3125 3376 3125 3238 2990 3252 3004 3376 3125 3252 3004 3377 3092 3377 3092 3252 3004 3251 3003 3377 3092 3251 3003 3378 3126 3378 3126 3251 3003 3250 3002 3378 3126 3250 3002 3379 3127 3379 3127 3250 3002 3249 3001 3379 3127 3249 3001 3380 3128 3380 3128 3249 3001 3268 3020 3380 3128 3268 3020 3381 3129 3381 3129 3268 3020 3267 3019 3381 3129 3267 3019 3382 3130 3382 3130 3267 3019 3266 3018 3382 3130 3266 3018 3383 3131 3383 3131 3266 3018 3256 3008 3383 3131 3256 3008 3384 3099 3384 3099 3256 3008 3254 3006 3384 3099 3254 3006 3385 3132 3385 3132 3254 3006 3253 3005 3385 3132 3253 3005 3386 3133 3386 3133 3253 3005 3265 3017 3386 3133 3265 3017 3387 3134 3387 3134 3265 3017 3264 3016 3387 3134 3264 3016 3388 3135 3388 3135 3264 3016 3263 3015 3388 3135 3263 3015 3389 3136 3389 3136 3263 3015 3262 3014 3389 3136 3262 3014 3390 3137 3390 3137 3262 3014 3261 3013 3390 3137 3261 3013 3391 3138 3391 3138 3261 3013 3260 3012 3391 3138 3260 3012 3392 3139 3392 3139 3260 3012 3257 3009 3392 3139 3257 3009 3393 3108 3393 3108 3257 3009 3258 3010 3393 3108 3258 3010 3394 3140 3394 3140 3258 3010 3259 3011 3394 3140 3259 3011 3395 3141 3395 3141 3259 3011 3269 3021 3395 3141 3269 3021 3396 3142 3396 3142 3269 3021 3270 3022 3396 3142 3270 3022 3397 3143 3397 3143 3270 3022 3271 3023 3397 3143 3271 3023 3362 3113 3362 3113 3271 3023 3272 3024 3362 3113 3272 3024 3363 3114 3363 3114 3272 3024 3273 3025 3363 3114 3273 3025 3364 3115 3364 3115 3273 3025 3274 3026 3364 3115 3274 3026 3365 3116 3365 3116 3274 3026 3242 2994 3365 3116 3242 2994 3366 3117 3366 3117 3242 2994 3243 2995 3366 3117 3243 2995 3367 3118 3367 3118 3243 2995 3244 2996 3367 3118 3244 2996 3368 3119 3368 3119 3244 2996 3245 2997 3368 3119 3245 2997 3369 3120 3369 3120 3245 2997 3246 2998 3369 3120 3246 2998 3370 3121 3370 3121 3246 2998 3247 2999 3370 3121 3247 2999 3371 3086 3371 3086 3247 2999 3248 3000 2458 2143 3398 3144 2456 2228 2456 2228 3398 3144 3399 3145 2456 2228 3399 3145 2454 2281 2454 2281 3399 3145 3400 3146 2454 2281 3400 3146 2452 2279 2452 2279 3400 3146 3401 3147 2452 2279 3401 3147 2450 2277 2450 2277 3401 3147 3402 3148 2450 2277 3402 3148 2448 2275 2448 2275 3402 3148 3403 3149 2448 2275 3403 3149 2446 2274 2446 2274 3403 3149 3404 3150 2446 2274 3404 3150 2444 2272 2444 2272 3404 3150 3405 3151 2444 2272 3405 3151 2442 2270 2442 2270 3405 3151 3406 3152 2442 2270 3406 3152 2440 2129 2440 2129 3406 3152 3407 3153 2440 2129 3407 3153 2510 2188 2510 2188 3407 3153 3408 3154 2510 2188 3408 3154 2508 2316 2508 2316 3408 3154 3409 3155 2508 2316 3409 3155 2506 2315 2506 2315 3409 3155 3410 3156 2506 2315 3410 3156 2504 2314 2504 2314 3410 3156 3411 3157 2504 2314 3411 3157 2502 2312 2502 2312 3411 3157 3412 3158 2502 2312 3412 3158 2500 2310 2500 2310 3412 3158 3413 3159 2500 2310 3413 3159 2498 2258 2498 2258 3413 3159 3414 3160 2498 2258 3414 3160 2496 2177 2496 2177 3414 3160 3415 3127 2496 2177 3415 3127 2494 2110 2494 2110 3415 3127 3416 3128 2494 2110 3416 3128 2492 2175 2492 2175 3416 3128 3417 3161 2492 2175 3417 3161 2490 2308 2490 2308 3417 3161 3418 3162 2490 2308 3418 3162 2488 2306 2488 2306 3418 3162 3419 3163 2488 2306 3419 3163 2486 2304 2486 2304 3419 3163 3420 3164 2486 2304 3420 3164 2484 2302 2484 2302 3420 3164 3421 3165 2484 2302 3421 3165 2482 2300 2482 2300 3421 3165 3422 3166 2482 2300 3422 3166 2480 2298 2480 2298 3422 3166 3423 3167 2480 2298 3423 3167 2478 2161 2478 2161 3423 3167 3424 3168 2478 2161 3424 3168 2476 2160 2476 2160 3424 3168 3425 3169 2476 2160 3425 3169 2474 2296 2474 2296 3425 3169 3426 3170 2474 2296 3426 3170 2472 2294 2472 2294 3426 3170 3427 3171 2472 2294 3427 3171 2470 2292 2470 2292 3427 3171 3428 3172 2470 2292 3428 3172 2468 2290 2468 2290 3428 3172 3429 3173 2468 2290 3429 3173 2466 2288 2466 2288 3429 3173 3430 3174 2466 2288 3430 3174 2464 2286 2464 2286 3430 3174 3431 3175 2464 2286 3431 3175 2462 2284 2462 2284 3431 3175 3432 3176 2462 2284 3432 3176 2460 2282 2460 2282 3432 3176 3433 3177 2460 2282 3433 3177 2458 2143 2458 2143 3433 3177 3398 3144 3407 3153 3143 2896 3408 3154 3408 3154 3143 2896 3142 2895 3408 3154 3142 2895 3409 3155 3409 3155 3142 2895 3141 2894 3409 3155 3141 2894 3410 3156 3410 3156 3141 2894 3140 2893 3410 3156 3140 2893 3411 3157 3411 3157 3140 2893 3139 2892 3411 3157 3139 2892 3412 3158 3412 3158 3139 2892 3112 2865 3412 3158 3112 2865 3413 3159 3413 3159 3112 2865 3111 2864 3413 3159 3111 2864 3414 3160 3414 3160 3111 2864 3152 2905 3414 3160 3152 2905 3415 3127 3415 3127 3152 2905 3121 2874 3415 3127 3121 2874 3416 3128 3416 3128 3121 2874 3120 2873 3416 3128 3120 2873 3417 3161 3417 3161 3120 2873 3119 2872 3417 3161 3119 2872 3418 3162 3418 3162 3119 2872 3109 2862 3418 3162 3109 2862 3419 3163 3419 3163 3109 2862 3108 2861 3419 3163 3108 2861 3420 3164 3420 3164 3108 2861 3129 2882 3420 3164 3129 2882 3421 3165 3421 3165 3129 2882 3131 2884 3421 3165 3131 2884 3422 3166 3422 3166 3131 2884 3133 2886 3422 3166 3133 2886 3423 3167 3423 3167 3133 2886 3135 2888 3423 3167 3135 2888 3424 3168 3424 3168 3135 2888 3137 2890 3424 3168 3137 2890 3425 3169 3425 3169 3137 2890 3138 2891 3425 3169 3138 2891 3426 3170 3426 3170 3138 2891 3126 2879 3426 3170 3126 2879 3427 3171 3427 3171 3126 2879 3125 2878 3427 3171 3125 2878 3428 3172 3428 3172 3125 2878 3124 2877 3428 3172 3124 2877 3429 3173 3429 3173 3124 2877 3123 2876 3429 3173 3123 2876 3430 3174 3430 3174 3123 2876 3122 2875 3430 3174 3122 2875 3431 3175 3431 3175 3122 2875 3118 2871 3431 3175 3118 2871 3432 3176 3432 3176 3118 2871 3117 2870 3432 3176 3117 2870 3433 3177 3433 3177 3117 2870 3116 2869 3433 3177 3116 2869 3398 3144 3398 3144 3116 2869 3107 2860 3398 3144 3107 2860 3399 3145 3399 3145 3107 2860 3115 2868 3399 3145 3115 2868 3400 3146 3400 3146 3115 2868 3114 2867 3400 3146 3114 2867 3401 3147 3401 3147 3114 2867 3147 2900 3401 3147 3147 2900 3402 3148 3402 3148 3147 2900 3146 2899 3402 3148 3146 2899 3403 3149 3403 3149 3146 2899 3145 2898 3403 3149 3145 2898 3404 3150 3404 3150 3145 2898 3149 2902 3404 3150 3149 2902 3405 3151 3405 3151 3149 2902 3148 2901 3405 3151 3148 2901 3406 3152 3406 3152 3148 2901 3144 2897 3406 3152 3144 2897 3407 3153 3407 3153 3144 2897 3143 2896 2385 2074 3434 3178 2383 2228 2383 2228 3434 3178 3435 3179 2383 2228 3435 3179 2381 2226 2381 2226 3435 3179 3436 3180 2381 2226 3436 3180 2379 2224 2379 2224 3436 3180 3437 3181 2379 2224 3437 3181 2377 2222 2377 2222 3437 3181 3438 3081 2377 2222 3438 3081 2375 2220 2375 2220 3438 3081 3439 3182 2375 2220 3439 3182 2373 2218 2373 2218 3439 3182 3440 3183 2373 2218 3440 3183 2371 2216 2371 2216 3440 3183 3441 3184 2371 2216 3441 3184 2369 2214 2369 2214 3441 3184 3442 3085 2369 2214 3442 3085 2367 2056 2367 2056 3442 3085 3443 3185 2367 2056 3443 3185 2437 2126 2437 2126 3443 3185 3444 3186 2437 2126 3444 3186 2435 2267 2435 2267 3444 3186 3445 3187 2435 2267 3445 3187 2433 2265 2433 2265 3445 3187 3446 3188 2433 2265 3446 3188 2431 2264 2431 2264 3446 3188 3447 3189 2431 2264 3447 3189 2429 2262 2429 2262 3447 3189 3448 3190 2429 2262 3448 3190 2427 2260 2427 2260 3448 3190 3449 3191 2427 2260 3449 3191 2425 2258 2425 2258 3449 3191 3450 3192 2425 2258 3450 3192 2423 2112 2423 2112 3450 3192 3451 3094 2423 2112 3451 3094 2421 2110 2421 2110 3451 3094 3452 3095 2421 2110 3452 3095 2419 2108 2419 2108 3452 3095 3453 3096 2419 2108 3453 3096 2417 2256 2417 2256 3453 3096 3454 3193 2417 2256 3454 3193 2415 2254 2415 2254 3454 3193 3455 3194 2415 2254 3455 3194 2413 2252 2413 2252 3455 3194 3456 3195 2413 2252 3456 3195 2411 2250 2411 2250 3456 3195 3457 3196 2411 2250 3457 3196 2409 2248 2409 2248 3457 3196 3458 3197 2409 2248 3458 3197 2407 2246 2407 2246 3458 3197 3459 3198 2407 2246 3459 3198 2405 2094 2405 2094 3459 3198 3460 3199 2405 2094 3460 3199 2403 2092 2403 2092 3460 3199 3461 3200 2403 2092 3461 3200 2401 2244 2401 2244 3461 3200 3462 3201 2401 2244 3462 3201 2399 2242 2399 2242 3462 3201 3463 3202 2399 2242 3463 3202 2397 2240 2397 2240 3463 3202 3464 3203 2397 2240 3464 3203 2395 2238 2395 2238 3464 3203 3465 3204 2395 2238 3465 3204 2393 2236 2393 2236 3465 3204 3466 3205 2393 2236 3466 3205 2391 2234 2391 2234 3466 3205 3467 3206 2391 2234 3467 3206 2389 2232 2389 2232 3467 3206 3468 3207 2389 2232 3468 3207 2387 2230 2387 2230 3468 3207 3469 3208 2387 2230 3469 3208 2385 2074 2385 2074 3469 3208 3434 3178 3443 3185 3179 2932 3444 3186 3444 3186 3179 2932 3180 2933 3444 3186 3180 2933 3445 3187 3445 3187 3180 2933 3186 2938 3445 3187 3186 2938 3446 3188 3446 3188 3186 2938 3185 2937 3446 3188 3185 2937 3447 3189 3447 3189 3185 2937 3184 2892 3447 3189 3184 2892 3448 3190 3448 3190 3184 2892 3172 2925 3448 3190 3172 2925 3449 3191 3449 3191 3172 2925 3171 2924 3449 3191 3171 2924 3450 3192 3450 3192 3171 2924 3189 2941 3450 3192 3189 2941 3451 3094 3451 3094 3189 2941 3161 2914 3451 3094 3161 2914 3452 3095 3452 3095 3161 2914 3160 2913 3452 3095 3160 2913 3453 3096 3453 3096 3160 2913 3159 2912 3453 3096 3159 2912 3454 3193 3454 3193 3159 2912 3155 2908 3454 3193 3155 2908 3455 3194 3455 3194 3155 2908 3156 2909 3455 3194 3156 2909 3456 3195 3456 3195 3156 2909 3157 2910 3456 3195 3157 2910 3457 3196 3457 3196 3157 2910 3158 2911 3457 3196 3158 2911 3458 3197 3458 3197 3158 2911 3154 2907 3458 3197 3154 2907 3459 3198 3459 3198 3154 2907 3153 2906 3459 3198 3153 2906 3460 3199 3460 3199 3153 2906 3177 2930 3460 3199 3177 2930 3461 3200 3461 3200 3177 2930 3170 2923 3461 3200 3170 2923 3462 3201 3462 3201 3170 2923 3169 2922 3462 3201 3169 2922 3463 3202 3463 3202 3169 2922 3168 2921 3463 3202 3168 2921 3464 3203 3464 3203 3168 2921 3167 2920 3464 3203 3167 2920 3465 3204 3465 3204 3167 2920 3166 2919 3465 3204 3166 2919 3466 3205 3466 3205 3166 2919 3165 2918 3466 3205 3165 2918 3467 3206 3467 3206 3165 2918 3164 2917 3467 3206 3164 2917 3468 3207 3468 3207 3164 2917 3163 2916 3468 3207 3163 2916 3469 3208 3469 3208 3163 2916 3162 2915 3469 3208 3162 2915 3434 3178 3434 3178 3162 2915 3176 2929 3434 3178 3176 2929 3435 3179 3435 3179 3176 2929 3174 2927 3435 3179 3174 2927 3436 3180 3436 3180 3174 2927 3173 2926 3436 3180 3173 2926 3437 3181 3437 3181 3173 2926 3188 2940 3437 3181 3188 2940 3438 3081 3438 3081 3188 2940 3187 2939 3438 3081 3187 2939 3439 3182 3439 3182 3187 2939 3183 2936 3439 3182 3183 2936 3440 3183 3440 3183 3183 2936 3182 2935 3440 3183 3182 2935 3441 3184 3441 3184 3182 2935 3181 2934 3441 3184 3181 2934 3442 3085 3442 3085 3181 2934 3178 2931 3442 3085 3178 2931 3443 3185 3443 3185 3178 2931 3179 2932 2531 2143 3470 3144 2529 2324 2529 2324 3470 3144 3471 3209 2529 2324 3471 3209 2527 2322 2527 2322 3471 3209 3472 3210 2527 2322 3472 3210 2525 2320 2525 2320 3472 3210 3473 3147 2525 2320 3473 3147 2523 2277 2523 2277 3473 3147 3474 3148 2523 2277 3474 3148 2521 2275 2521 2275 3474 3148 3475 3149 2521 2275 3475 3149 2519 2274 2519 2274 3475 3149 3476 3211 2519 2274 3476 3211 2517 2272 2517 2272 3476 3211 3477 3212 2517 2272 3477 3212 2515 2270 2515 2270 3477 3212 3478 3121 2515 2270 3478 3121 2513 2191 2513 2191 3478 3121 3479 3185 2513 2191 3479 3185 2583 2212 2583 2212 3479 3185 3480 3186 2583 2212 3480 3186 2581 2316 2581 2316 3480 3186 3481 3155 2581 2316 3481 3155 2579 2315 2579 2315 3481 3155 3482 3156 2579 2315 3482 3156 2577 2314 2577 2314 3482 3156 3483 3157 2577 2314 3483 3157 2575 2312 2575 2312 3483 3157 3484 3158 2575 2312 3484 3158 2573 2335 2573 2335 3484 3158 3485 3159 2573 2335 3485 3159 2571 2333 2571 2333 3485 3159 3486 3213 2571 2333 3486 3213 2569 2206 2569 2206 3486 3213 3487 3127 2569 2206 3487 3127 2567 2110 2567 2110 3487 3127 3488 3128 2567 2110 3488 3128 2565 2175 2565 2175 3488 3128 3489 3129 2565 2175 3489 3129 2563 2308 2563 2308 3489 3129 3490 3162 2563 2308 3490 3162 2561 2306 2561 2306 3490 3162 3491 3214 2561 2306 3491 3214 2559 2332 2559 2332 3491 3214 3492 3195 2559 2332 3492 3195 2557 2202 2557 2202 3492 3195 3493 3215 2557 2202 3493 3215 2555 2330 2555 2330 3493 3215 3494 3216 2555 2330 3494 3216 2553 2298 2553 2298 3494 3216 3495 3167 2553 2298 3495 3167 2551 2161 2551 2161 3495 3167 3496 3168 2551 2161 3496 3168 2549 2160 2549 2160 3496 3168 3497 3169 2549 2160 3497 3169 2547 2296 2547 2296 3497 3169 3498 3170 2547 2296 3498 3170 2545 2329 2545 2329 3498 3170 3499 3217 2545 2329 3499 3217 2543 2328 2543 2328 3499 3217 3500 3218 2543 2328 3500 3218 2541 2290 2541 2290 3500 3218 3501 3204 2541 2290 3501 3204 2539 2327 2539 2327 3501 3204 3502 3219 2539 2327 3502 3219 2537 2326 2537 2326 3502 3219 3503 3220 2537 2326 3503 3220 2535 2284 2535 2284 3503 3220 3504 3176 2535 2284 3504 3176 2533 2282 2533 2282 3504 3176 3505 3177 2533 2282 3505 3177 2531 2143 2531 2143 3505 3177 3470 3144 3479 3185 3232 2984 3480 3186 3480 3186 3232 2984 3230 2982 3480 3186 3230 2982 3481 3155 3481 3155 3230 2982 3228 2980 3481 3155 3228 2980 3482 3156 3482 3156 3228 2980 3226 2978 3482 3156 3226 2978 3483 3157 3483 3157 3226 2978 3224 2976 3483 3157 3224 2976 3484 3158 3484 3158 3224 2976 3222 2974 3484 3158 3222 2974 3485 3159 3485 3159 3222 2974 3221 2973 3485 3159 3221 2973 3486 3213 3486 3213 3221 2973 3220 2972 3486 3213 3220 2972 3487 3127 3487 3127 3220 2972 3196 2948 3487 3127 3196 2948 3488 3128 3488 3128 3196 2948 3195 2947 3488 3128 3195 2947 3489 3129 3489 3129 3195 2947 3213 2965 3489 3129 3213 2965 3490 3162 3490 3162 3213 2965 3212 2964 3490 3162 3212 2964 3491 3214 3491 3214 3212 2964 3211 2963 3491 3214 3211 2963 3492 3195 3492 3195 3211 2963 3210 2962 3492 3195 3210 2962 3493 3215 3493 3215 3210 2962 3209 2961 3493 3215 3209 2961 3494 3216 3494 3216 3209 2961 3194 2946 3494 3216 3194 2946 3495 3167 3495 3167 3194 2946 3193 2945 3495 3167 3193 2945 3496 3168 3496 3168 3193 2945 3208 2960 3496 3168 3208 2960 3497 3169 3497 3169 3208 2960 3200 2952 3497 3169 3200 2952 3498 3170 3498 3170 3200 2952 3199 2951 3498 3170 3199 2951 3499 3217 3499 3217 3199 2951 3198 2950 3499 3217 3198 2950 3500 3218 3500 3218 3198 2950 3191 2943 3500 3218 3191 2943 3501 3204 3501 3204 3191 2943 3190 2942 3501 3204 3190 2942 3502 3219 3502 3219 3190 2942 3207 2959 3502 3219 3207 2959 3503 3220 3503 3220 3207 2959 3206 2958 3503 3220 3206 2958 3504 3176 3504 3176 3206 2958 3205 2957 3504 3176 3205 2957 3505 3177 3505 3177 3205 2957 3201 2953 3505 3177 3201 2953 3470 3144 3470 3144 3201 2953 3203 2955 3470 3144 3203 2955 3471 3209 3471 3209 3203 2955 3204 2956 3471 3209 3204 2956 3472 3210 3472 3210 3204 2956 3236 2988 3472 3210 3236 2988 3473 3147 3473 3147 3236 2988 3217 2969 3473 3147 3217 2969 3474 3148 3474 3148 3217 2969 3218 2970 3474 3148 3218 2970 3475 3149 3475 3149 3218 2970 3219 2971 3475 3149 3219 2971 3476 3211 3476 3211 3219 2971 3235 2987 3476 3211 3235 2987 3477 3212 3477 3212 3235 2987 3234 2986 3477 3212 3234 2986 3478 3121 3478 3121 3234 2986 3233 2985 3478 3121 3233 2985 3479 3185 3479 3185 3233 2985 3232 2984 2239 2143 3506 3221 2237 2072 2237 2072 3506 3221 3507 3222 2237 2072 3507 3222 2235 2142 2235 2142 3507 3222 3508 3223 2235 2142 3508 3223 2233 2140 2233 2140 3508 3223 3509 3116 2233 2140 3509 3116 2231 2138 2231 2138 3509 3116 3510 3117 2231 2138 3510 3117 2229 2136 2229 2136 3510 3117 3511 3118 2229 2136 3511 3118 2227 2135 2227 2135 3511 3118 3512 3119 2227 2135 3512 3119 2225 2133 2225 2133 3512 3119 3513 3120 2225 2133 3513 3120 2223 2131 2223 2131 3513 3120 3514 3152 2223 2131 3514 3152 2221 2129 2221 2129 3514 3152 3515 3224 2221 2129 3515 3224 2291 2188 2291 2188 3515 3224 3516 3225 2291 2188 3516 3225 2289 2186 2289 2186 3516 3225 3517 3122 2289 2186 3517 3122 2287 2185 2287 2185 3517 3122 3518 3123 2287 2185 3518 3123 2285 2183 2285 2183 3518 3123 3519 3226 2285 2183 3519 3226 2283 2181 2283 2181 3519 3226 3520 3125 2283 2181 3520 3125 2281 2179 2281 2179 3520 3125 3521 3092 2281 2179 3521 3092 2279 2178 2279 2178 3521 3092 3522 3227 2279 2178 3522 3227 2277 2177 2277 2177 3522 3227 3523 3127 2277 2177 3523 3127 2275 2110 2275 2110 3523 3127 3524 3128 2275 2110 3524 3128 2273 2175 2273 2175 3524 3128 3525 3161 2273 2175 3525 3161 2271 2173 2271 2173 3525 3161 3526 3228 2271 2173 3526 3228 2269 2171 2269 2171 3526 3228 3527 3229 2269 2171 3527 3229 2267 2169 2267 2169 3527 3229 3528 3230 2267 2169 3528 3230 2265 2167 2265 2167 3528 3230 3529 3231 2265 2167 3529 3231 2263 2165 2263 2165 3529 3231 3530 3232 2263 2165 3530 3232 2261 2163 2261 2163 3530 3232 3531 3134 2261 2163 3531 3134 2259 2161 2259 2161 3531 3134 3532 3135 2259 2161 3532 3135 2257 2160 2257 2160 3532 3135 3533 3136 2257 2160 3533 3136 2255 2158 2255 2158 3533 3136 3534 3233 2255 2158 3534 3233 2253 2156 2253 2156 3534 3233 3535 3138 2253 2156 3535 3138 2251 2154 2251 2154 3535 3138 3536 3234 2251 2154 3536 3234 2249 2152 2249 2152 3536 3234 3537 3235 2249 2152 3537 3235 2247 2150 2247 2150 3537 3235 3538 3236 2247 2150 3538 3236 2245 2148 2245 2148 3538 3236 3539 3237 2245 2148 3539 3237 2243 2146 2243 2146 3539 3237 3540 3142 2243 2146 3540 3142 2241 2144 2241 2144 3540 3142 3541 3143 2241 2144 3541 3143 2239 2143 2239 2143 3541 3143 3506 3221 3515 3224 3080 2833 3516 3225 3516 3225 3080 2833 3078 2831 3516 3225 3078 2831 3517 3122 3517 3122 3078 2831 3077 2830 3517 3122 3077 2830 3518 3123 3518 3123 3077 2830 3087 2840 3518 3123 3087 2840 3519 3226 3519 3226 3087 2840 3086 2839 3519 3226 3086 2839 3520 3125 3520 3125 3086 2839 3083 2836 3520 3125 3083 2836 3521 3092 3521 3092 3083 2836 3084 2837 3521 3092 3084 2837 3522 3227 3522 3227 3084 2837 3085 2838 3522 3227 3085 2838 3523 3127 3523 3127 3085 2838 3074 2827 3523 3127 3074 2827 3524 3128 3524 3128 3074 2827 3073 2826 3524 3128 3073 2826 3525 3161 3525 3161 3073 2826 3072 2825 3525 3161 3072 2825 3526 3228 3526 3228 3072 2825 3071 2824 3526 3228 3071 2824 3527 3229 3527 3229 3071 2824 3088 2841 3527 3229 3088 2841 3528 3230 3528 3230 3088 2841 3076 2829 3528 3230 3076 2829 3529 3231 3529 3231 3076 2829 3075 2828 3529 3231 3075 2828 3530 3232 3530 3232 3075 2828 3101 2854 3530 3232 3101 2854 3531 3134 3531 3134 3101 2854 3102 2855 3531 3134 3102 2855 3532 3135 3532 3135 3102 2855 3103 2856 3532 3135 3103 2856 3533 3136 3533 3136 3103 2856 3104 2857 3533 3136 3104 2857 3534 3233 3534 3233 3104 2857 3105 2858 3534 3233 3105 2858 3535 3138 3535 3138 3105 2858 3106 2859 3535 3138 3106 2859 3536 3234 3536 3234 3106 2859 3094 2847 3536 3234 3094 2847 3537 3235 3537 3235 3094 2847 3095 2848 3537 3235 3095 2848 3538 3236 3538 3236 3095 2848 3096 2849 3538 3236 3096 2849 3539 3237 3539 3237 3096 2849 3097 2850 3539 3237 3097 2850 3540 3142 3540 3142 3097 2850 3098 2851 3540 3142 3098 2851 3541 3143 3541 3143 3098 2851 3099 2852 3541 3143 3099 2852 3506 3221 3506 3221 3099 2852 3100 2853 3506 3221 3100 2853 3507 3222 3507 3222 3100 2853 3093 2846 3507 3222 3093 2846 3508 3223 3508 3223 3093 2846 3092 2845 3508 3223 3092 2845 3509 3116 3509 3116 3092 2845 3091 2844 3509 3116 3091 2844 3510 3117 3510 3117 3091 2844 3090 2843 3510 3117 3090 2843 3511 3118 3511 3118 3090 2843 3089 2842 3511 3118 3089 2842 3512 3119 3512 3119 3089 2842 3082 2835 3512 3119 3082 2835 3513 3120 3513 3120 3082 2835 3081 2834 3513 3120 3081 2834 3514 3152 3514 3152 3081 2834 3277 3029 3514 3152 3277 3029 3515 3224 3515 3224 3277 3029 3080 2833 2 2 3325 3076 3542 3238 3543 3239 2647 2400 3542 3238 3542 3238 2647 2400 2654 2407 3542 3238 2654 2407 2 2 3543 3239 3322 3073 2647 2400 2647 2400 3322 3073 3 3 2647 2400 3 3 2648 2401 2654 2407 2741 2494 2 2 2 2 2741 2494 2740 2493 2 2 2740 2493 2739 2492 2646 2399 2645 2398 3 3 3 3 2645 2398 2649 2402 3 3 2649 2402 2648 2401 2633 2386 2632 2385 3 3 3 3 2632 2385 2640 2393 3 3 2640 2393 2639 2392 2739 2492 2744 2497 2 2 2 2 2744 2497 2747 2500 2 2 2747 2500 2746 2499 2639 2392 2643 2396 3 3 3 3 2643 2396 2642 2395 3 3 2642 2395 2646 2399 2746 2499 2749 2502 2 2 2 2 2749 2502 2748 2501 2 2 2748 2501 2107 2015 3323 3074 3544 3240 3324 3075 3324 3075 3544 3240 3545 3241 3324 3075 3545 3241 3325 3076 3325 3076 3545 3241 3542 3238 3545 3241 3544 3240 3542 3238 3542 3238 3544 3240 3543 3239 3544 3240 3323 3074 3543 3239 3543 3239 3323 3074 3322 3073 3546 3242 3547 3243 84 84 84 84 3547 3243 3548 3244 3549 3245 3550 3246 3551 3247 3548 3244 3552 3248 84 84 84 84 3552 3248 3549 3245 84 84 3549 3245 3553 3249 3553 3249 3549 3245 3551 3247 3553 3249 3551 3247 3554 3250 3555 3251 3556 3252 3557 3253 3557 3253 3556 3252 3558 3254 3557 3253 3558 3254 3559 3255 3559 3255 3558 3254 3553 3249 3559 3255 3553 3249 3560 3256 3560 3256 3553 3249 3554 3250 3560 3256 3554 3250 3561 3257 3562 3258 83 83 3563 3259 3564 3260 3565 3261 3566 3262 3566 3262 3565 3261 83 83 3566 3262 83 83 3567 3263 3567 3263 83 83 3568 3264 3569 3265 3570 3266 3571 3267 3571 3267 3570 3266 3572 3268 3571 3267 3572 3268 3563 3259 3563 3259 3572 3268 3573 3269 3563 3259 3573 3269 3562 3258 3574 3270 3568 3264 3575 3271 3575 3271 3568 3264 83 83 3575 3271 83 83 3576 3272 3576 3272 83 83 3562 3258 3576 3272 3562 3258 3577 3273 3550 3246 3549 3245 3574 3270 3574 3270 3549 3245 3568 3264 3551 3247 3550 3246 3575 3271 3575 3271 3550 3246 3574 3270 3554 3250 3551 3247 3576 3272 3576 3272 3551 3247 3575 3271 3561 3257 3554 3250 3577 3273 3577 3273 3554 3250 3576 3272 3560 3256 3561 3257 3562 3258 3562 3258 3561 3257 3577 3273 3559 3255 3560 3256 3573 3269 3573 3269 3560 3256 3562 3258 3557 3253 3559 3255 3572 3268 3572 3268 3559 3255 3573 3269 3555 3251 3557 3253 3570 3266 3570 3266 3557 3253 3572 3268 3556 3252 3555 3251 3569 3265 3569 3265 3555 3251 3570 3266 3558 3254 3556 3252 3571 3267 3571 3267 3556 3252 3569 3265 3553 3249 3558 3254 3563 3259 3563 3259 3558 3254 3571 3267 84 84 3553 3249 83 83 83 83 3553 3249 3563 3259 3546 3242 84 84 3565 3261 3565 3261 84 84 83 83 3547 3243 3546 3242 3564 3260 3564 3260 3546 3242 3565 3261 3548 3244 3547 3243 3566 3262 3566 3262 3547 3243 3564 3260 3552 3248 3548 3244 3567 3263 3567 3263 3548 3244 3566 3262 3549 3245 3552 3248 3568 3264 3568 3264 3552 3248 3567 3263 3578 3274 3579 3275 3580 3276 3580 3276 3579 3275 85 85 3580 3276 85 85 3581 3277 3581 3277 85 85 86 86 3581 3277 86 86 3582 3278 3582 3278 86 86 3583 3279 3584 3280 3585 3281 3586 3282 3586 3282 3585 3281 81 81 3586 3282 81 81 3587 3283 3587 3283 81 81 82 82 3587 3283 82 82 3588 3284 3588 3284 82 82 3589 3285 3582 3278 3583 3279 3584 3280 3584 3280 3583 3279 3585 3281 3581 3277 3582 3278 3586 3282 3586 3282 3582 3278 3584 3280 3580 3276 3581 3277 3587 3283 3587 3283 3581 3277 3586 3282 3578 3274 3580 3276 3588 3284 3588 3284 3580 3276 3587 3283 3579 3275 3578 3274 3589 3285 3589 3285 3578 3274 3588 3284 85 85 3579 3275 82 82 82 82 3579 3275 3589 3285 86 86 85 85 81 81 81 81 85 85 82 82 3583 3279 86 86 3585 3281 3585 3281 86 86 81 81 3590 3286 3591 3287 3592 3288 3592 3288 3591 3287 3593 3289 3594 3290 3595 3291 3596 3292 3596 3292 3595 3291 3597 3293 3592 3288 3593 3289 3597 3293 3597 3293 3593 3289 3596 3292 3590 3286 3592 3288 3595 3291 3595 3291 3592 3288 3597 3293 3591 3287 3590 3286 3594 3290 3594 3290 3590 3286 3595 3291 3593 3289 3591 3287 3596 3292 3596 3292 3591 3287 3594 3290 3598 3286 3599 3287 3600 3288 3600 3288 3599 3287 3601 3289 3602 3290 3603 3291 3604 3292 3604 3292 3603 3291 3605 3293 3600 3288 3601 3289 3605 3293 3605 3293 3601 3289 3604 3292 3598 3286 3600 3288 3603 3291 3603 3291 3600 3288 3605 3293 3599 3287 3598 3286 3602 3290 3602 3290 3598 3286 3603 3291 3601 3289 3599 3287 3604 3292 3604 3292 3599 3287 3602 3290 3606 3286 3607 3287 3608 3288 3608 3288 3607 3287 3609 3289 3610 3290 3611 3291 3612 3292 3612 3292 3611 3291 3613 3293 3608 3288 3609 3289 3613 3293 3613 3293 3609 3289 3612 3292 3606 3286 3608 3288 3611 3291 3611 3291 3608 3288 3613 3293 3607 3287 3606 3286 3610 3290 3610 3290 3606 3286 3611 3291 3609 3289 3607 3287 3612 3292 3612 3292 3607 3287 3610 3290 3614 3258 89 89 3615 3294 3616 3260 3617 3261 3618 3295 3618 3295 3617 3261 89 89 3618 3295 89 89 3619 3296 3619 3296 89 89 3620 3297 3621 3265 3622 3266 3623 3298 3623 3298 3622 3266 3624 3299 3623 3298 3624 3299 3615 3294 3615 3294 3624 3299 3625 3300 3615 3294 3625 3300 3614 3258 3626 3270 3620 3297 3627 3271 3627 3271 3620 3297 89 89 3627 3271 89 89 3628 3272 3628 3272 89 89 3614 3258 3628 3272 3614 3258 3629 3273 3630 3242 3631 3301 88 88 88 88 3631 3301 3632 3302 3633 3245 3634 3303 3635 3247 3632 3302 3636 3304 88 88 88 88 3636 3304 3633 3245 88 88 3633 3245 3637 3305 3637 3305 3633 3245 3635 3247 3637 3305 3635 3247 3638 3250 3639 3251 3640 3252 3641 3306 3641 3306 3640 3252 3642 3307 3641 3306 3642 3307 3643 3308 3643 3308 3642 3307 3637 3305 3643 3308 3637 3305 3644 3256 3644 3256 3637 3305 3638 3250 3644 3256 3638 3250 3645 3309 3620 3297 3626 3270 3633 3245 3633 3245 3626 3270 3634 3303 3626 3270 3627 3271 3634 3303 3634 3303 3627 3271 3635 3247 3627 3271 3628 3272 3635 3247 3635 3247 3628 3272 3638 3250 3628 3272 3629 3273 3638 3250 3638 3250 3629 3273 3645 3309 3629 3273 3614 3258 3645 3309 3645 3309 3614 3258 3644 3256 3614 3258 3625 3300 3644 3256 3644 3256 3625 3300 3643 3308 3625 3300 3624 3299 3643 3308 3643 3308 3624 3299 3641 3306 3624 3299 3622 3266 3641 3306 3641 3306 3622 3266 3639 3251 3622 3266 3621 3265 3639 3251 3639 3251 3621 3265 3640 3252 3621 3265 3623 3298 3640 3252 3640 3252 3623 3298 3642 3307 3623 3298 3615 3294 3642 3307 3642 3307 3615 3294 3637 3305 3615 3294 89 89 3637 3305 3637 3305 89 89 88 88 89 89 3617 3261 88 88 88 88 3617 3261 3630 3242 3617 3261 3616 3260 3630 3242 3630 3242 3616 3260 3631 3301 3616 3260 3618 3295 3631 3301 3631 3301 3618 3295 3632 3302 3618 3295 3619 3296 3632 3302 3632 3302 3619 3296 3636 3304 3619 3296 3620 3297 3636 3304 3636 3304 3620 3297 3633 3245 3646 3280 3647 3281 3648 3282 3648 3282 3647 3281 94 94 3648 3282 94 94 3649 3283 3649 3283 94 94 95 95 3649 3283 95 95 3650 3284 3650 3284 95 95 3651 3285 3652 3274 3653 3275 3654 3276 3654 3276 3653 3275 92 92 3654 3276 92 92 3655 3277 3655 3277 92 92 93 93 3655 3277 93 93 3656 3278 3656 3278 93 93 3657 3279 3647 3281 3646 3280 3657 3279 3657 3279 3646 3280 3656 3278 3646 3280 3648 3282 3656 3278 3656 3278 3648 3282 3655 3277 3648 3282 3649 3283 3655 3277 3655 3277 3649 3283 3654 3276 3649 3283 3650 3284 3654 3276 3654 3276 3650 3284 3652 3274 3650 3284 3651 3285 3652 3274 3652 3274 3651 3285 3653 3275 3651 3285 95 95 3653 3275 3653 3275 95 95 92 92 95 95 94 94 92 92 92 92 94 94 93 93 94 94 3647 3281 93 93 93 93 3647 3281 3657 3279 3658 3290 3659 3291 3660 3292 3660 3292 3659 3291 3661 3293 3662 3286 3663 3287 3664 3288 3664 3288 3663 3287 3665 3289 3660 3292 3661 3293 3665 3289 3665 3289 3661 3293 3664 3288 3661 3293 3659 3291 3664 3288 3664 3288 3659 3291 3662 3286 3659 3291 3658 3290 3662 3286 3662 3286 3658 3290 3663 3287 3658 3290 3660 3292 3663 3287 3663 3287 3660 3292 3665 3289 3666 3290 3667 3291 3668 3292 3668 3292 3667 3291 3669 3293 3670 3286 3671 3287 3672 3288 3672 3288 3671 3287 3673 3289 3668 3292 3669 3293 3673 3289 3673 3289 3669 3293 3672 3288 3669 3293 3667 3291 3672 3288 3672 3288 3667 3291 3670 3286 3667 3291 3666 3290 3670 3286 3670 3286 3666 3290 3671 3287 3666 3290 3668 3292 3671 3287 3671 3287 3668 3292 3673 3289 3674 3290 3675 3291 3676 3292 3676 3292 3675 3291 3677 3293 3678 3286 3679 3287 3680 3288 3680 3288 3679 3287 3681 3289 3676 3292 3677 3293 3681 3289 3681 3289 3677 3293 3680 3288 3677 3293 3675 3291 3680 3288 3680 3288 3675 3291 3678 3286 3675 3291 3674 3290 3678 3286 3678 3286 3674 3290 3679 3287 3674 3290 3676 3292 3679 3287 3679 3287 3676 3292 3681 3289 86 86 87 87 85 85 85 85 87 87 84 84 3682 3310 3683 3311 3684 3312 3684 3312 3683 3311 3685 3313 3684 3312 3685 3313 84 84 84 84 3685 3313 85 85 3682 3310 3684 3312 87 87 87 87 3684 3312 84 84 3683 3311 3682 3310 86 86 86 86 3682 3310 87 87 3685 3313 3683 3311 85 85 85 85 3683 3311 86 86 90 90 94 94 89 89 89 89 94 94 95 95 3686 3314 3687 3315 3688 3316 3688 3316 3687 3315 3689 3317 3688 3316 3689 3317 95 95 95 95 3689 3317 89 89 3689 3317 3687 3315 89 89 89 89 3687 3315 90 90 3687 3315 3686 3314 90 90 90 90 3686 3314 94 94 3686 3314 3688 3316 94 94 94 94 3688 3316 95 95 3690 3318 3691 3319 3692 3320 3692 3320 3691 3319 3693 3321 3692 3320 3693 3321 3694 3322 3694 3322 3693 3321 3695 3323 3694 3322 3695 3323 3696 3324 3696 3324 3695 3323 3697 3325 3696 3324 3697 3325 3698 3326 3698 3326 3697 3325 3699 3318 3700 3327 3701 3328 3702 3329 3703 3330 3704 3328 3705 3331 3705 3331 3706 3332 3703 3330 3703 3330 3706 3332 3707 3333 3703 3330 3707 3333 3708 3334 3708 3334 3707 3333 3700 3327 3708 3334 3700 3327 3709 3335 3709 3335 3700 3327 3702 3329 3710 3336 3711 3337 3712 3338 3710 3336 3712 3338 3713 3339 3714 3340 3715 3341 3707 3333 3716 3342 3717 3343 3700 3327 3700 3327 3717 3343 3718 3344 3718 3344 3719 3345 3700 3327 3700 3327 3719 3345 3720 3346 3700 3327 3720 3346 3712 3338 3712 3338 3720 3346 3721 3347 3712 3338 3721 3347 3713 3339 3722 3348 3723 3349 3724 3350 3712 3338 3725 3351 3726 3352 3727 3353 3728 3354 3729 3355 3729 3355 3728 3354 3730 3356 3731 3357 3707 3333 3732 3358 3732 3358 3707 3333 3733 3359 3711 3337 3734 3360 3712 3338 3712 3338 3734 3360 3735 3361 3712 3338 3735 3361 3725 3351 3722 3348 3724 3350 3729 3355 3729 3355 3724 3350 3736 3362 3729 3355 3736 3362 3727 3353 3737 3363 3738 3364 3739 3365 3739 3365 3738 3364 3740 3366 3739 3365 3740 3366 3707 3333 3707 3333 3740 3366 3741 3367 3707 3333 3741 3367 3733 3359 3715 3341 3742 3368 3707 3333 3707 3333 3742 3368 3743 3369 3707 3333 3743 3369 3744 3370 3745 3371 3746 3372 3700 3327 3731 3357 3747 3373 3707 3333 3707 3333 3747 3373 3748 3374 3707 3333 3748 3374 3723 3349 3746 3372 3749 3375 3700 3327 3700 3327 3749 3375 3750 3376 3700 3327 3750 3376 3716 3342 3726 3352 3751 3377 3712 3338 3712 3338 3751 3377 3752 3378 3712 3338 3752 3378 3753 3379 3754 3380 3755 3381 3739 3365 3739 3365 3755 3381 3756 3382 3722 3348 3757 3383 3723 3349 3723 3349 3757 3383 3758 3384 3723 3349 3758 3384 3707 3333 3707 3333 3758 3384 3759 3385 3707 3333 3759 3385 3714 3340 3744 3370 3760 3386 3707 3333 3707 3333 3760 3386 3761 3387 3707 3333 3761 3387 3700 3327 3700 3327 3761 3387 3762 3388 3700 3327 3762 3388 3745 3371 3735 3361 3763 3389 3725 3351 3725 3351 3763 3389 3764 3390 3725 3351 3764 3390 3765 3391 3765 3391 3764 3390 3766 3392 3765 3391 3766 3392 3767 3393 3767 3393 3766 3392 3768 3394 3767 3393 3768 3394 3769 3395 3769 3395 3768 3394 3770 3396 3769 3395 3770 3396 3771 3397 3771 3397 3770 3396 3772 3398 3771 3397 3772 3398 3773 3399 3773 3399 3772 3398 3774 3400 3773 3399 3774 3400 3730 3356 3730 3356 3774 3400 3775 3401 3730 3356 3775 3401 3729 3355 3753 3379 3776 3402 3712 3338 3712 3338 3776 3402 3777 3403 3712 3338 3777 3403 3778 3404 3756 3382 3779 3405 3739 3365 3739 3365 3779 3405 3780 3406 3739 3365 3780 3406 3737 3363 3778 3404 3781 3407 3712 3338 3712 3338 3781 3407 3782 3408 3712 3338 3782 3408 3739 3365 3739 3365 3782 3408 3783 3409 3739 3365 3783 3409 3754 3380 3784 3410 3785 3411 3739 3365 3786 3412 3787 3413 3739 3365 3739 3365 3787 3413 3788 3414 3739 3365 3788 3414 3784 3410 3785 3411 3789 3415 3739 3365 3739 3365 3789 3415 3790 3416 3739 3365 3790 3416 3791 3417 3792 3418 3793 3419 3794 3420 3793 3419 3795 3421 3794 3420 3794 3420 3795 3421 3796 3422 3794 3420 3796 3422 3797 3423 3706 3332 3798 3424 3799 3425 3799 3425 3800 3426 3706 3332 3706 3332 3800 3426 3801 3427 3706 3332 3801 3427 3802 3428 3803 3429 3804 3430 3707 3333 3707 3333 3804 3430 3805 3431 3805 3431 3806 3432 3707 3333 3707 3333 3806 3432 3807 3433 3707 3333 3807 3433 3808 3434 3797 3423 3809 3435 3794 3420 3794 3420 3809 3435 3810 3436 3794 3420 3810 3436 3706 3332 3706 3332 3810 3436 3811 3437 3706 3332 3811 3437 3798 3424 3808 3434 3812 3438 3707 3333 3707 3333 3812 3438 3813 3439 3707 3333 3813 3439 3814 3440 3814 3440 3815 3441 3707 3333 3707 3333 3815 3441 3816 3442 3707 3333 3816 3442 3739 3365 3739 3365 3816 3442 3817 3443 3739 3365 3817 3443 3786 3412 3802 3428 3818 3444 3706 3332 3706 3332 3818 3444 3819 3445 3706 3332 3819 3445 3707 3333 3707 3333 3819 3445 3820 3446 3707 3333 3820 3446 3803 3429 3821 3447 3693 3321 3822 3448 3822 3448 3693 3321 3712 3338 3822 3448 3712 3338 3823 3449 3821 3447 3824 3450 3693 3321 3693 3321 3824 3450 3825 3451 3693 3321 3825 3451 3826 3452 3695 3323 3827 3453 3828 3454 3828 3454 3829 3455 3695 3323 3695 3323 3829 3455 3830 3456 3695 3323 3830 3456 3739 3365 3739 3365 3830 3456 3831 3457 3739 3365 3831 3457 3832 3458 3832 3458 3833 3459 3739 3365 3739 3365 3833 3459 3834 3460 3739 3365 3834 3460 3835 3461 3836 3462 3837 3463 3712 3338 3712 3338 3837 3463 3838 3464 3712 3338 3838 3464 3839 3465 3839 3465 3840 3466 3712 3338 3712 3338 3840 3466 3841 3467 3712 3338 3841 3467 3823 3449 3826 3452 3842 3468 3693 3321 3693 3321 3842 3468 3843 3469 3693 3321 3843 3469 3844 3470 3845 3471 3846 3472 3695 3323 3695 3323 3846 3472 3847 3473 3695 3323 3847 3473 3827 3453 3835 3461 3848 3474 3739 3365 3739 3365 3848 3474 3849 3475 3739 3365 3849 3475 3850 3476 3850 3476 3851 3477 3739 3365 3739 3365 3851 3477 3852 3478 3739 3365 3852 3478 3712 3338 3712 3338 3852 3478 3853 3479 3712 3338 3853 3479 3836 3462 3844 3470 3854 3480 3693 3321 3693 3321 3854 3480 3855 3481 3693 3321 3855 3481 3695 3323 3695 3323 3855 3481 3856 3482 3695 3323 3856 3482 3845 3471 3857 3483 3858 3484 3695 3323 3858 3484 3859 3485 3695 3323 3695 3323 3859 3485 3860 3486 3695 3323 3860 3486 3861 3487 3862 3488 3697 3325 3863 3489 3863 3489 3697 3325 3864 3490 3861 3487 3865 3491 3695 3323 3695 3323 3865 3491 3866 3492 3695 3323 3866 3492 3867 3493 3868 3494 3869 3495 3794 3420 3739 3365 3870 3496 3871 3497 3867 3493 3872 3498 3695 3323 3695 3323 3872 3498 3873 3499 3695 3323 3873 3499 3697 3325 3697 3325 3873 3499 3874 3500 3697 3325 3874 3500 3864 3490 3862 3488 3875 3501 3697 3325 3697 3325 3875 3501 3876 3502 3697 3325 3876 3502 3794 3420 3794 3420 3876 3502 3877 3503 3794 3420 3877 3503 3868 3494 3878 3504 3879 3505 3739 3365 3739 3365 3879 3505 3880 3506 3739 3365 3880 3506 3695 3323 3695 3323 3880 3506 3881 3507 3695 3323 3881 3507 3857 3483 3869 3495 3882 3508 3794 3420 3794 3420 3882 3508 3883 3509 3794 3420 3883 3509 3884 3510 3884 3510 3885 3511 3794 3420 3794 3420 3885 3511 3886 3512 3794 3420 3886 3512 3887 3513 3791 3417 3792 3418 3739 3365 3739 3365 3792 3418 3794 3420 3739 3365 3794 3420 3870 3496 3870 3496 3794 3420 3887 3513 3871 3497 3888 3514 3739 3365 3739 3365 3888 3514 3889 3515 3739 3365 3889 3515 3890 3516 3890 3516 3891 3517 3739 3365 3739 3365 3891 3517 3892 3518 3739 3365 3892 3518 3878 3504 3691 3319 3690 3318 3893 3519 3893 3519 3690 3318 3894 965 3895 3520 3896 3521 3696 3324 3696 3324 3896 3521 3897 3522 3696 3324 3897 3522 3898 3523 3899 3524 3900 3525 3901 3526 3901 3526 3900 3525 3902 3527 3901 3526 3902 3527 3903 3528 3694 3322 3904 3529 3905 3530 3906 3531 3907 3532 3903 3528 3903 3528 3907 3532 3908 3533 3909 3534 3910 3535 3901 3526 3901 3526 3910 3535 3911 3536 3901 3526 3911 3536 3696 3324 3696 3324 3911 3536 3912 3537 3696 3324 3912 3537 3895 3520 3898 3523 3913 3538 3696 3324 3696 3324 3913 3538 3914 3539 3696 3324 3914 3539 3915 3540 3905 3530 3916 3541 3694 3322 3694 3322 3916 3541 3917 3542 3694 3322 3917 3542 3918 3543 3694 3322 3919 3544 3920 3545 3906 3531 3903 3528 3921 3546 3921 3546 3903 3528 3922 3547 3921 3546 3922 3547 3923 3548 3908 3533 3924 3549 3903 3528 3903 3528 3924 3549 3925 3550 3903 3528 3925 3550 3926 3551 3927 3552 3928 3553 3901 3526 3901 3526 3928 3553 3929 3554 3901 3526 3929 3554 3909 3534 3915 3540 3930 3555 3696 3324 3696 3324 3930 3555 3931 3556 3696 3324 3931 3556 3694 3322 3694 3322 3931 3556 3932 3557 3694 3322 3932 3557 3904 3529 3926 3551 3933 3558 3903 3528 3903 3528 3933 3558 3934 3559 3903 3528 3934 3559 3901 3526 3901 3526 3934 3559 3935 3560 3901 3526 3935 3560 3927 3552 3918 3543 3936 3561 3694 3322 3694 3322 3936 3561 3937 3562 3694 3322 3937 3562 3938 3563 3920 3545 3939 3564 3694 3322 3694 3322 3939 3564 3940 3565 3694 3322 3940 3565 3941 3566 3942 3567 3943 3568 3944 3569 3944 3569 3943 3568 3945 3570 3944 3569 3946 3571 3947 3572 3948 3573 3949 3574 3901 3526 3950 3575 3938 3563 3951 3576 3951 3576 3938 3563 3952 3577 3951 3576 3952 3577 3953 3578 3953 3578 3952 3577 3921 3546 3953 3578 3921 3546 3954 3579 3954 3579 3921 3546 3923 3548 3950 3575 3955 3580 3938 3563 3938 3563 3955 3580 3956 3581 3938 3563 3956 3581 3957 3582 3957 3582 3958 3583 3938 3563 3938 3563 3958 3583 3959 3584 3938 3563 3959 3584 3694 3322 3694 3322 3959 3584 3960 3585 3694 3322 3960 3585 3919 3544 3945 3570 3961 3586 3944 3569 3944 3569 3961 3586 3962 3587 3944 3569 3962 3587 3963 3588 3944 3569 3947 3572 3901 3526 3901 3526 3947 3572 3964 3589 3901 3526 3964 3589 3948 3573 3949 3574 3965 3590 3901 3526 3901 3526 3965 3590 3966 3591 3901 3526 3966 3591 3899 3524 3963 3588 3967 3592 3944 3569 3944 3569 3967 3592 3968 3593 3944 3569 3968 3593 3946 3571 3901 3526 3969 3594 3970 3595 3971 3596 3972 3597 3944 3569 3944 3569 3972 3597 3973 3598 3944 3569 3973 3598 3974 3599 3975 3600 3976 3601 3703 3330 3703 3330 3976 3601 3977 3602 3969 3594 3901 3526 3978 3603 3978 3603 3901 3526 3703 3330 3978 3603 3703 3330 3979 3604 3970 3595 3980 3605 3901 3526 3901 3526 3980 3605 3981 3606 3901 3526 3981 3606 3982 3607 3982 3607 3983 3608 3901 3526 3901 3526 3983 3608 3984 3609 3901 3526 3984 3609 3985 3610 3985 3610 3986 3611 3901 3526 3901 3526 3986 3611 3987 3612 3901 3526 3987 3612 3944 3569 3944 3569 3987 3612 3988 3613 3944 3569 3988 3613 3971 3596 3974 3599 3989 3614 3944 3569 3944 3569 3989 3614 3990 3615 3944 3569 3990 3615 3991 3616 3708 3334 3992 3617 3993 3618 3993 3618 3994 3619 3708 3334 3708 3334 3994 3619 3995 3620 3708 3334 3995 3620 3996 3621 3996 3621 3997 3622 3708 3334 3708 3334 3997 3622 3998 3623 3708 3334 3998 3623 3703 3330 3703 3330 3998 3623 3999 3624 3703 3330 3999 3624 3975 3600 3977 3602 4000 3625 3703 3330 3703 3330 4000 3625 4001 3626 3703 3330 4001 3626 3979 3604 4002 3627 4003 3628 3708 3334 3708 3334 4003 3628 4004 3629 3708 3334 4004 3629 3992 3617 4005 3630 4006 3631 3694 3322 3694 3322 4006 3631 4007 3632 3694 3322 4007 3632 4008 3633 4009 3634 4010 3635 3692 3320 3692 3320 4010 3635 4011 3636 3692 3320 4011 3636 4012 3637 4012 3637 4013 3638 3692 3320 3692 3320 4013 3638 4014 3639 3692 3320 4014 3639 4015 3640 4008 3633 4016 3641 3694 3322 3694 3322 4016 3641 4017 3642 3694 3322 4017 3642 4018 3643 3941 3566 3942 3567 3694 3322 3694 3322 3942 3567 3944 3569 3694 3322 3944 3569 4005 3630 4005 3630 3944 3569 4019 3644 4020 3645 4021 3646 3944 3569 3944 3569 4021 3646 4022 3647 3944 3569 4022 3647 4019 3644 4014 3639 4023 3648 4015 3640 4015 3640 4023 3648 4024 3649 4015 3640 4024 3649 4025 3650 4025 3650 4026 3651 4015 3640 4015 3640 4026 3651 4027 3652 4015 3640 4027 3652 4028 3653 4018 3643 4029 3654 3694 3322 3694 3322 4029 3654 4030 3655 3694 3322 4030 3655 4031 3656 4028 3653 4032 3657 3944 3569 3944 3569 4032 3657 4033 3658 4033 3658 4034 3659 3944 3569 3944 3569 4034 3659 4035 3660 3944 3569 4035 3660 4036 3661 4036 3661 4037 3662 3944 3569 3944 3569 4037 3662 4038 3663 3944 3569 4038 3663 4020 3645 4031 3656 4039 3664 3694 3322 3694 3322 4039 3664 4040 3665 3694 3322 4040 3665 3692 3320 3692 3320 4040 3665 4041 3666 3692 3320 4041 3666 4009 3634 4042 3667 4043 3668 4015 3640 4015 3640 4043 3668 4044 3669 4015 3640 4044 3669 4045 3670 4046 3671 4047 3672 3944 3569 3944 3569 4047 3672 4048 3673 3944 3569 4048 3673 4049 3674 4045 3670 4050 3675 4015 3640 4015 3640 4050 3675 4051 3676 4015 3640 4051 3676 3709 3335 3709 3335 4051 3676 4052 3677 4052 3677 4053 3678 3709 3335 3709 3335 4053 3678 4054 3679 3709 3335 4054 3679 4055 3680 3991 3616 4002 3627 3944 3569 3944 3569 4002 3627 3708 3334 3944 3569 3708 3334 4046 3671 4046 3671 3708 3334 4056 3681 4049 3674 4057 3682 3944 3569 3944 3569 4057 3682 4058 3683 3944 3569 4058 3683 4059 3684 4028 3653 3944 3569 4015 3640 4015 3640 3944 3569 4060 3685 4015 3640 4060 3685 4061 3686 4061 3686 4062 3687 4015 3640 4015 3640 4062 3687 4063 3688 4015 3640 4063 3688 4042 3667 4064 3689 4065 3690 3708 3334 3708 3334 4065 3690 4066 3691 3708 3334 4066 3691 4056 3681 4059 3684 4067 3692 3944 3569 3944 3569 4067 3692 4068 3693 3944 3569 4068 3693 4060 3685 4069 3694 4070 3695 3708 3334 3708 3334 4070 3695 4071 3696 3708 3334 4071 3696 4072 3697 4072 3697 4073 3698 3708 3334 3708 3334 4073 3698 4074 3699 3708 3334 4074 3699 4064 3689 4055 3680 4075 3700 3709 3335 3709 3335 4075 3700 4076 3701 3709 3335 4076 3701 3708 3334 3708 3334 4076 3701 4077 3702 3708 3334 4077 3702 4069 3694 4078 3703 4079 3704 3704 3328 4080 3705 4081 3706 3703 3330 3703 3330 4081 3706 4082 3707 4083 3708 4084 3709 3696 3324 3696 3324 4084 3709 4085 3710 3696 3324 4085 3710 4086 3711 4082 3707 4087 3712 3703 3330 3703 3330 4087 3712 4088 3713 3703 3330 4088 3713 3704 3328 3704 3328 4088 3713 4089 3714 3704 3328 4089 3714 4078 3703 4080 3705 3703 3330 4090 3715 4090 3715 3703 3330 3901 3526 4090 3715 3901 3526 4091 3716 4092 3519 4093 3717 3698 3326 3698 3326 4093 3717 4094 3718 3698 3326 4094 3718 3696 3324 3696 3324 4094 3718 4095 3719 3696 3324 4095 3719 4083 3708 4086 3711 4096 3720 3696 3324 3696 3324 4096 3720 4097 3721 3696 3324 4097 3721 3901 3526 3901 3526 4097 3721 4098 3722 3901 3526 4098 3722 4091 3716 3705 3331 3704 3328 4099 3723 4099 3723 3704 3328 4079 3704 4100 3724 3894 965 3690 3318 4101 3723 4102 3725 3702 3329 3702 3329 4102 3725 4103 3726 3702 3329 4103 3726 3709 3335 4103 3726 4104 3727 3709 3335 3709 3335 4104 3727 4105 3728 3709 3335 4105 3728 4106 3729 4107 3730 4108 3731 3692 3320 3692 3320 4108 3731 4109 3732 3692 3320 4109 3732 4110 3733 4106 3729 4111 3734 3709 3335 3709 3335 4111 3734 4112 3735 3709 3335 4112 3735 4015 3640 4015 3640 4112 3735 4113 3736 4113 3736 4114 3737 4015 3640 4015 3640 4114 3737 4115 3738 4015 3640 4115 3738 3692 3320 3692 3320 4115 3738 4116 3739 3692 3320 4116 3739 4107 3730 4110 3733 4117 3740 3692 3320 3692 3320 4117 3740 4118 3741 3692 3320 4118 3741 3690 3318 3690 3318 4118 3741 4119 3742 3690 3318 4119 3742 4100 3724 3702 3329 3701 3328 4101 3723 4101 3723 3701 3328 4120 3704 4121 3703 4120 3704 3701 3328 4122 3743 4123 3744 3700 3327 3700 3327 4123 3744 4124 3745 3700 3327 4124 3745 3701 3328 3701 3328 4124 3745 4125 3714 3701 3328 4125 3714 4121 3703 3893 3519 4126 3717 3691 3319 3691 3319 4126 3717 4127 3746 3691 3319 4127 3746 3693 3321 4128 3747 4129 3748 3700 3327 3700 3327 4129 3748 4130 3749 3700 3327 4130 3749 4122 3743 4127 3746 4131 3750 3693 3321 3693 3321 4131 3750 4132 3751 3693 3321 4132 3751 4133 3752 4133 3752 4134 3753 3693 3321 3693 3321 4134 3753 4135 3754 3693 3321 4135 3754 3712 3338 3712 3338 4135 3754 4136 3755 4136 3755 4137 3756 3712 3338 3712 3338 4137 3756 4138 3757 3712 3338 4138 3757 3700 3327 3700 3327 4138 3757 4139 3758 3700 3327 4139 3758 4128 3747 3698 3326 3699 3318 4092 3519 4092 3519 3699 3318 4140 965 4141 3724 4140 965 3699 3318 4099 3723 4142 3725 3705 3331 3705 3331 4142 3725 4143 3759 3705 3331 4143 3759 3706 3332 3706 3332 4143 3759 4144 3760 3706 3332 4144 3760 4145 3761 4145 3761 4146 3762 3706 3332 3706 3332 4146 3762 4147 3763 3706 3332 4147 3763 4148 3764 4148 3764 4149 3765 3706 3332 3706 3332 4149 3765 4150 3766 3706 3332 4150 3766 3794 3420 3794 3420 4150 3766 4151 3767 3697 3325 4152 3768 4153 3769 4153 3769 4154 3770 3697 3325 3697 3325 4154 3770 4155 3771 3697 3325 4155 3771 3699 3318 3699 3318 4155 3771 4156 3742 3699 3318 4156 3742 4141 3724 4151 3767 4157 3772 3794 3420 3794 3420 4157 3772 4158 3773 3794 3420 4158 3773 3697 3325 3697 3325 4158 3773 4159 3774 3697 3325 4159 3774 4152 3768 4102 3725 4101 3723 4121 3703 4121 3703 4101 3723 4120 3704 4126 3717 4100 3724 4127 3746 4127 3746 4100 3724 4119 3742 4127 3746 4119 3742 4131 3750 4131 3750 4119 3742 4118 3741 4131 3750 4118 3741 4132 3751 4132 3751 4118 3741 4117 3740 4132 3751 4117 3740 4133 3752 4133 3752 4117 3740 4110 3733 4133 3752 4110 3733 4134 3753 4134 3753 4110 3733 4109 3732 4134 3753 4109 3732 4135 3754 4135 3754 4109 3732 4108 3731 4135 3754 4108 3731 4136 3755 4136 3755 4108 3731 4107 3730 4136 3755 4107 3730 4137 3756 4137 3756 4107 3730 4116 3739 4137 3756 4116 3739 4138 3757 4138 3757 4116 3739 4115 3738 4138 3757 4115 3738 4139 3758 4139 3758 4115 3738 4114 3737 4139 3758 4114 3737 4128 3747 4128 3747 4114 3737 4113 3736 4128 3747 4113 3736 4129 3748 4129 3748 4113 3736 4112 3735 4129 3748 4112 3735 4130 3749 4130 3749 4112 3735 4111 3734 4130 3749 4111 3734 4122 3743 4122 3743 4111 3734 4106 3729 4122 3743 4106 3729 4123 3744 4123 3744 4106 3729 4105 3728 4123 3744 4105 3728 4124 3745 4124 3745 4105 3728 4104 3727 4124 3745 4104 3727 4125 3714 4125 3714 4104 3727 4103 3726 4125 3714 4103 3726 4121 3703 4121 3703 4103 3726 4102 3725 3894 965 4100 3724 3893 3519 3893 3519 4100 3724 4126 3717 4093 3717 4092 3519 4141 3724 4141 3724 4092 3519 4140 965 4093 3717 4141 3724 4094 3718 4094 3718 4141 3724 4156 3742 4094 3718 4156 3742 4095 3719 4095 3719 4156 3742 4155 3771 4095 3719 4155 3771 4083 3708 4083 3708 4155 3771 4154 3770 4083 3708 4154 3770 4084 3709 4084 3709 4154 3770 4153 3769 4084 3709 4153 3769 4085 3710 4085 3710 4153 3769 4152 3768 4085 3710 4152 3768 4086 3711 4086 3711 4152 3768 4159 3774 4086 3711 4159 3774 4096 3720 4096 3720 4159 3774 4158 3773 4096 3720 4158 3773 4097 3721 4097 3721 4158 3773 4157 3772 4097 3721 4157 3772 4098 3722 4098 3722 4157 3772 4151 3767 4098 3722 4151 3767 4091 3716 4091 3716 4151 3767 4150 3766 4091 3716 4150 3766 4090 3715 4090 3715 4150 3766 4149 3765 4090 3715 4149 3765 4080 3705 4080 3705 4149 3765 4148 3764 4080 3705 4148 3764 4081 3706 4081 3706 4148 3764 4147 3763 4081 3706 4147 3763 4082 3707 4082 3707 4147 3763 4146 3762 4082 3707 4146 3762 4087 3712 4087 3712 4146 3762 4145 3761 4087 3712 4145 3761 4088 3713 4088 3713 4145 3761 4144 3760 4088 3713 4144 3760 4089 3714 4089 3714 4144 3760 4143 3759 4089 3714 4143 3759 4078 3703 4078 3703 4143 3759 4142 3725 4079 3704 4078 3703 4099 3723 4099 3723 4078 3703 4142 3725 3903 3528 3740 3366 3922 3547 3922 3547 3740 3366 3738 3364 3922 3547 3738 3364 3923 3548 3923 3548 3738 3364 3737 3363 3923 3548 3737 3363 3954 3579 3954 3579 3737 3363 3780 3406 3954 3579 3780 3406 3953 3578 3953 3578 3780 3406 3779 3405 3953 3578 3779 3405 3951 3576 3951 3576 3779 3405 3756 3382 3951 3576 3756 3382 3950 3575 3950 3575 3756 3382 3755 3381 3950 3575 3755 3381 3955 3580 3955 3580 3755 3381 3754 3380 3955 3580 3754 3380 3956 3581 3956 3581 3754 3380 3783 3409 3956 3581 3783 3409 3957 3582 3957 3582 3783 3409 3782 3408 3957 3582 3782 3408 3958 3583 3958 3583 3782 3408 3781 3407 3958 3583 3781 3407 3959 3584 3959 3584 3781 3407 3778 3404 3959 3584 3778 3404 3960 3585 3960 3585 3778 3404 3777 3403 3960 3585 3777 3403 3919 3544 3919 3544 3777 3403 3776 3402 3919 3544 3776 3402 3920 3545 3920 3545 3776 3402 3753 3379 3920 3545 3753 3379 3939 3564 3939 3564 3753 3379 3752 3378 3939 3564 3752 3378 3940 3565 3940 3565 3752 3378 3751 3377 3940 3565 3751 3377 3941 3566 3941 3566 3751 3377 3726 3352 3941 3566 3726 3352 3942 3567 3942 3567 3726 3352 3725 3351 3942 3567 3725 3351 3943 3568 3943 3568 3725 3351 3765 3391 3943 3568 3765 3391 3945 3570 3945 3570 3765 3391 3767 3393 3945 3570 3767 3393 3961 3586 3961 3586 3767 3393 3769 3395 3961 3586 3769 3395 3962 3587 3962 3587 3769 3395 3771 3397 3962 3587 3771 3397 3963 3588 3963 3588 3771 3397 3773 3399 3963 3588 3773 3399 3967 3592 3967 3592 3773 3399 3730 3356 3967 3592 3730 3356 3968 3593 3968 3593 3730 3356 3728 3354 3968 3593 3728 3354 3946 3571 3946 3571 3728 3354 3727 3353 3946 3571 3727 3353 3947 3572 3947 3572 3727 3353 3736 3362 3947 3572 3736 3362 3964 3589 3964 3589 3736 3362 3724 3350 3964 3589 3724 3350 3948 3573 3948 3573 3724 3350 3723 3349 3948 3573 3723 3349 3949 3574 3949 3574 3723 3349 3748 3374 3949 3574 3748 3374 3965 3590 3965 3590 3748 3374 3747 3373 3965 3590 3747 3373 3966 3591 3966 3591 3747 3373 3731 3357 3966 3591 3731 3357 3899 3524 3899 3524 3731 3357 3732 3358 3899 3524 3732 3358 3900 3525 3900 3525 3732 3358 3733 3359 3900 3525 3733 3359 3902 3527 3902 3527 3733 3359 3741 3367 3902 3527 3741 3367 3903 3528 3903 3528 3741 3367 3740 3366 3757 3383 4046 3671 3758 3384 3758 3384 4046 3671 4056 3681 3758 3384 4056 3681 3759 3385 3759 3385 4056 3681 4066 3691 3759 3385 4066 3691 3714 3340 3714 3340 4066 3691 4065 3690 3714 3340 4065 3690 3715 3341 3715 3341 4065 3690 4064 3689 3715 3341 4064 3689 3742 3368 3742 3368 4064 3689 4074 3699 3742 3368 4074 3699 3743 3369 3743 3369 4074 3699 4073 3698 3743 3369 4073 3698 3744 3370 3744 3370 4073 3698 4072 3697 3744 3370 4072 3697 3760 3386 3760 3386 4072 3697 4071 3696 3760 3386 4071 3696 3761 3387 3761 3387 4071 3696 4070 3695 3761 3387 4070 3695 3762 3388 3762 3388 4070 3695 4069 3694 3762 3388 4069 3694 3745 3371 3745 3371 4069 3694 4077 3702 3745 3371 4077 3702 3746 3372 3746 3372 4077 3702 4076 3701 3746 3372 4076 3701 3749 3375 3749 3375 4076 3701 4075 3700 3749 3375 4075 3700 3750 3376 3750 3376 4075 3700 4055 3680 3750 3376 4055 3680 3716 3342 3716 3342 4055 3680 4054 3679 3716 3342 4054 3679 3717 3343 3717 3343 4054 3679 4053 3678 3717 3343 4053 3678 3718 3344 3718 3344 4053 3678 4052 3677 3718 3344 4052 3677 3719 3345 3719 3345 4052 3677 4051 3676 3719 3345 4051 3676 3720 3346 3720 3346 4051 3676 4050 3675 3720 3346 4050 3675 3721 3347 3721 3347 4050 3675 4045 3670 3721 3347 4045 3670 3713 3339 3713 3339 4045 3670 4044 3669 3713 3339 4044 3669 3710 3336 3710 3336 4044 3669 4043 3668 3710 3336 4043 3668 3711 3337 3711 3337 4043 3668 4042 3667 3711 3337 4042 3667 3734 3360 3734 3360 4042 3667 4063 3688 3734 3360 4063 3688 3735 3361 3735 3361 4063 3688 4062 3687 3735 3361 4062 3687 3763 3389 3763 3389 4062 3687 4061 3686 3763 3389 4061 3686 3764 3390 3764 3390 4061 3686 4060 3685 3764 3390 4060 3685 3766 3392 3766 3392 4060 3685 4068 3693 3766 3392 4068 3693 3768 3394 3768 3394 4068 3693 4067 3692 3768 3394 4067 3692 3770 3396 3770 3396 4067 3692 4059 3684 3770 3396 4059 3684 3772 3398 3772 3398 4059 3684 4058 3683 3772 3398 4058 3683 3774 3400 3774 3400 4058 3683 4057 3682 3774 3400 4057 3682 3775 3401 3775 3401 4057 3682 4049 3674 3775 3401 4049 3674 3729 3355 3729 3355 4049 3674 4048 3673 3729 3355 4048 3673 3722 3348 3722 3348 4048 3673 4047 3672 3722 3348 4047 3672 3757 3383 3757 3383 4047 3672 4046 3671 3831 3457 4005 3630 3832 3458 3832 3458 4005 3630 4019 3644 3832 3458 4019 3644 3833 3459 3833 3459 4019 3644 4022 3647 3833 3459 4022 3647 3834 3460 3834 3460 4022 3647 4021 3646 3834 3460 4021 3646 3835 3461 3835 3461 4021 3646 4020 3645 3835 3461 4020 3645 3848 3474 3848 3474 4020 3645 4038 3663 3848 3474 4038 3663 3849 3475 3849 3475 4038 3663 4037 3662 3849 3475 4037 3662 3850 3476 3850 3476 4037 3662 4036 3661 3850 3476 4036 3661 3851 3477 3851 3477 4036 3661 4035 3660 3851 3477 4035 3660 3852 3478 3852 3478 4035 3660 4034 3659 3852 3478 4034 3659 3853 3479 3853 3479 4034 3659 4033 3658 3853 3479 4033 3658 3836 3462 3836 3462 4033 3658 4032 3657 3836 3462 4032 3657 3837 3463 3837 3463 4032 3657 4028 3653 3837 3463 4028 3653 3838 3464 3838 3464 4028 3653 4027 3652 3838 3464 4027 3652 3839 3465 3839 3465 4027 3652 4026 3651 3839 3465 4026 3651 3840 3466 3840 3466 4026 3651 4025 3650 3840 3466 4025 3650 3841 3467 3841 3467 4025 3650 4024 3649 3841 3467 4024 3649 3823 3449 3823 3449 4024 3649 4023 3648 3823 3449 4023 3648 3822 3448 3822 3448 4023 3648 4014 3639 3822 3448 4014 3639 3821 3447 3821 3447 4014 3639 4013 3638 3821 3447 4013 3638 3824 3450 3824 3450 4013 3638 4012 3637 3824 3450 4012 3637 3825 3451 3825 3451 4012 3637 4011 3636 3825 3451 4011 3636 3826 3452 3826 3452 4011 3636 4010 3635 3826 3452 4010 3635 3842 3468 3842 3468 4010 3635 4009 3634 3842 3468 4009 3634 3843 3469 3843 3469 4009 3634 4041 3666 3843 3469 4041 3666 3844 3470 3844 3470 4041 3666 4040 3665 3844 3470 4040 3665 3854 3480 3854 3480 4040 3665 4039 3664 3854 3480 4039 3664 3855 3481 3855 3481 4039 3664 4031 3656 3855 3481 4031 3656 3856 3482 3856 3482 4031 3656 4030 3655 3856 3482 4030 3655 3845 3471 3845 3471 4030 3655 4029 3654 3845 3471 4029 3654 3846 3472 3846 3472 4029 3654 4018 3643 3846 3472 4018 3643 3847 3473 3847 3473 4018 3643 4017 3642 3847 3473 4017 3642 3827 3453 3827 3453 4017 3642 4016 3641 3827 3453 4016 3641 3828 3454 3828 3454 4016 3641 4008 3633 3828 3454 4008 3633 3829 3455 3829 3455 4008 3633 4007 3632 3829 3455 4007 3632 3830 3456 3830 3456 4007 3632 4006 3631 3830 3456 4006 3631 3831 3457 3831 3457 4006 3631 4005 3630 3877 3503 3912 3537 3868 3494 3868 3494 3912 3537 3911 3536 3868 3494 3911 3536 3869 3495 3869 3495 3911 3536 3910 3535 3869 3495 3910 3535 3882 3508 3882 3508 3910 3535 3909 3534 3882 3508 3909 3534 3883 3509 3883 3509 3909 3534 3929 3554 3883 3509 3929 3554 3884 3510 3884 3510 3929 3554 3928 3553 3884 3510 3928 3553 3885 3511 3885 3511 3928 3553 3927 3552 3885 3511 3927 3552 3886 3512 3886 3512 3927 3552 3935 3560 3886 3512 3935 3560 3887 3513 3887 3513 3935 3560 3934 3559 3887 3513 3934 3559 3870 3496 3870 3496 3934 3559 3933 3558 3870 3496 3933 3558 3871 3497 3871 3497 3933 3558 3926 3551 3871 3497 3926 3551 3888 3514 3888 3514 3926 3551 3925 3550 3888 3514 3925 3550 3889 3515 3889 3515 3925 3550 3924 3549 3889 3515 3924 3549 3890 3516 3890 3516 3924 3549 3908 3533 3890 3516 3908 3533 3891 3517 3891 3517 3908 3533 3907 3532 3891 3517 3907 3532 3892 3518 3892 3518 3907 3532 3906 3531 3892 3518 3906 3531 3878 3504 3878 3504 3906 3531 3921 3546 3878 3504 3921 3546 3879 3505 3879 3505 3921 3546 3952 3577 3879 3505 3952 3577 3880 3506 3880 3506 3952 3577 3938 3563 3880 3506 3938 3563 3881 3507 3881 3507 3938 3563 3937 3562 3881 3507 3937 3562 3857 3483 3857 3483 3937 3562 3936 3561 3857 3483 3936 3561 3858 3484 3858 3484 3936 3561 3918 3543 3858 3484 3918 3543 3859 3485 3859 3485 3918 3543 3917 3542 3859 3485 3917 3542 3860 3486 3860 3486 3917 3542 3916 3541 3860 3486 3916 3541 3861 3487 3861 3487 3916 3541 3905 3530 3861 3487 3905 3530 3865 3491 3865 3491 3905 3530 3904 3529 3865 3491 3904 3529 3866 3492 3866 3492 3904 3529 3932 3557 3866 3492 3932 3557 3867 3493 3867 3493 3932 3557 3931 3556 3867 3493 3931 3556 3872 3498 3872 3498 3931 3556 3930 3555 3872 3498 3930 3555 3873 3499 3873 3499 3930 3555 3915 3540 3873 3499 3915 3540 3874 3500 3874 3500 3915 3540 3914 3539 3874 3500 3914 3539 3864 3490 3864 3490 3914 3539 3913 3538 3864 3490 3913 3538 3863 3489 3863 3489 3913 3538 3898 3523 3863 3489 3898 3523 3862 3488 3862 3488 3898 3523 3897 3522 3862 3488 3897 3522 3875 3501 3875 3501 3897 3522 3896 3521 3875 3501 3896 3521 3876 3502 3876 3502 3896 3521 3895 3520 3876 3502 3895 3520 3877 3503 3877 3503 3895 3520 3912 3537 3798 3424 3969 3594 3799 3425 3799 3425 3969 3594 3978 3603 3799 3425 3978 3603 3800 3426 3800 3426 3978 3603 3979 3604 3800 3426 3979 3604 3801 3427 3801 3427 3979 3604 4001 3626 3801 3427 4001 3626 3802 3428 3802 3428 4001 3626 4000 3625 3802 3428 4000 3625 3818 3444 3818 3444 4000 3625 3977 3602 3818 3444 3977 3602 3819 3445 3819 3445 3977 3602 3976 3601 3819 3445 3976 3601 3820 3446 3820 3446 3976 3601 3975 3600 3820 3446 3975 3600 3803 3429 3803 3429 3975 3600 3999 3624 3803 3429 3999 3624 3804 3430 3804 3430 3999 3624 3998 3623 3804 3430 3998 3623 3805 3431 3805 3431 3998 3623 3997 3622 3805 3431 3997 3622 3806 3432 3806 3432 3997 3622 3996 3621 3806 3432 3996 3621 3807 3433 3807 3433 3996 3621 3995 3620 3807 3433 3995 3620 3808 3434 3808 3434 3995 3620 3994 3619 3808 3434 3994 3619 3812 3438 3812 3438 3994 3619 3993 3618 3812 3438 3993 3618 3813 3439 3813 3439 3993 3618 3992 3617 3813 3439 3992 3617 3814 3440 3814 3440 3992 3617 4004 3629 3814 3440 4004 3629 3815 3441 3815 3441 4004 3629 4003 3628 3815 3441 4003 3628 3816 3442 3816 3442 4003 3628 4002 3627 3816 3442 4002 3627 3817 3443 3817 3443 4002 3627 3991 3616 3817 3443 3991 3616 3786 3412 3786 3412 3991 3616 3990 3615 3786 3412 3990 3615 3787 3413 3787 3413 3990 3615 3989 3614 3787 3413 3989 3614 3788 3414 3788 3414 3989 3614 3974 3599 3788 3414 3974 3599 3784 3410 3784 3410 3974 3599 3973 3598 3784 3410 3973 3598 3785 3411 3785 3411 3973 3598 3972 3597 3785 3411 3972 3597 3789 3415 3789 3415 3972 3597 3971 3596 3789 3415 3971 3596 3790 3416 3790 3416 3971 3596 3988 3613 3790 3416 3988 3613 3791 3417 3791 3417 3988 3613 3987 3612 3791 3417 3987 3612 3792 3418 3792 3418 3987 3612 3986 3611 3792 3418 3986 3611 3793 3419 3793 3419 3986 3611 3985 3610 3793 3419 3985 3610 3795 3421 3795 3421 3985 3610 3984 3609 3795 3421 3984 3609 3796 3422 3796 3422 3984 3609 3983 3608 3796 3422 3983 3608 3797 3423 3797 3423 3983 3608 3982 3607 3797 3423 3982 3607 3809 3435 3809 3435 3982 3607 3981 3606 3809 3435 3981 3606 3810 3436 3810 3436 3981 3606 3980 3605 3810 3436 3980 3605 3811 3437 3811 3437 3980 3605 3970 3595 3811 3437 3970 3595 3798 3424 3798 3424 3970 3595 3969 3594</p>
        </triangles>
      </mesh>
    </geometry>
  </library_geometries>
  <library_visual_scenes>
    <visual_scene id="Scene" name="Scene">
      <node id="ID4" name="ID4" type="NODE">
        <matrix sid="transform">-4.37114e-11 0 0.001 0 0 0.001 0 0 -0.001 0 -4.37114e-11 0 0 0 0 1</matrix>
        <instance_geometry url="#ID4-mesh" name="ID4">
          <bind_material>
            <technique_common>
              <instance_material symbol="Material_001-material" target="#Material_001-material"/>
            </technique_common>
          </bind_material>
        </instance_geometry>
      </node>
    </visual_scene>
  </library_visual_scenes>
  <scene>
    <instance_visual_scene url="#Scene"/>
  </scene>
</COLLADA>