<?xml version="1.0" encoding="utf-8"?>
<COLLADA xmlns="http://www.collada.org/2005/11/COLLADASchema" version="1.4.1" xmlns:xsi="http://www.w3.org/2001/XMLSchema-instance">
  <asset>
    <contributor>
      <author>Blender User</author>
      <authoring_tool>Blender 4.1.1 commit date:2024-04-15, commit time:15:11, hash:e1743a0317bc</authoring_tool>
    </contributor>
    <created>2026-06-09T10:47:53</created>
    <modified>2026-06-09T10:47:53</modified>
    <unit name="meter" meter="1"/>
    <up_axis>Z_UP</up_axis>
  </asset>
  <library_effects>
    <effect id="Material_002-effect">
      <profile_COMMON>
        <technique sid="common">
          <lambert>
            <emission>
              <color sid="emission">0 0 0 1</color>
            </emission>
            <diffuse>
              <color sid="diffuse">0.009133478 0.03954598 0.7991031 1</color>
            </diffuse>
            <reflectivity>
              <float sid="specular">1</float>
            </reflectivity>
            <index_of_refraction>
              <float sid="ior">1.5</float>
            </index_of_refraction>
          </lambert>
        </technique>
      </profile_COMMON>
    </effect>
  </library_effects>
  <library_images/>
  <library_materials>
    <material id="Material_002-material" name="Material.002">
      <instance_effect url="#Material_002-effect"/>
    </material>
  </library_materials>
  <library_geometries>
    <geometry id="Hand_part-mesh" name="Hand_part">
      <mesh>
        <source id="Hand_part-mesh-positions">
          <float_array id="Hand_part-mesh-positions-array" count="3858">-13.14999 -12.81335 -36.91651 -13.14999 12.18665 -36.91651 -13.14999 -12.81335 -336.9165 -13.14999 12.18665 -336.9165 11.85001 -12.81335 -36.91651 11.85001 -12.81335 -336.9165 11.85001 12.18665 -36.91651 11.85001 12.18665 -336.9165 10.85001 -11.81335 -36.91651 10.85001 11.18665 -36.91651 -12.14999 11.18665 -36.91651 -12.14999 -11.81335 -36.91651 10.85001 -11.81335 -336.9165 -12.14999 -11.81335 -336.9165 -12.14999 11.18665 -336.9165 10.85001 11.18665 -336.9165 20.47721 -10.20288 -31.91663 20.49997 -10.46338 -31.91663 22.99997 -11.96338 -31.91663 20.14902 9.572449 -31.91663 19.96414 9.387574 -31.91663 -19.59048 10.02356 -31.91663 -19.70096 9.786622 -31.91663 -20.25003 -9.164368 -31.91663 -19.85098 9.572449 -31.91663 19.96414 -11.61243 -31.91663 21.92832 -14.26154 -31.91663 22.29813 -13.89172 -31.91663 18.0358 -11.61243 -31.91663 17.85092 -11.42755 -31.91663 -22.00003 -14.96338 -31.91663 17.70096 -11.21338 -31.91663 17.59043 -10.97644 -31.91663 17.49997 -10.46338 -31.91663 18.48697 9.127076 -31.91663 18.24997 9.23761 -31.91663 -19.59048 -9.950379 -31.91663 -19.5228 -10.20288 -31.91663 18.0358 9.387574 -31.91663 -22.14908 -11.42755 -31.91663 -24.29813 -13.89172 -31.91663 -21.9642 -11.61243 -31.91663 -23.92837 -14.26154 -31.91663 -21.75003 -11.76239 -31.91663 -21.9642 11.68567 -31.91663 -21.75003 11.83563 -31.91663 -23.50003 14.6347 -31.91663 20.49997 10.53662 -31.91663 20.47721 10.27612 -31.91663 22.99997 12.03662 -31.91663 20.40952 10.02356 -31.91663 20.29904 9.786622 -31.91663 20.14902 -11.42755 -31.91663 21.49997 -14.56146 -31.91663 19.74997 -11.76239 -31.91663 21.02603 -14.78247 -31.91663 19.51303 -11.87292 -31.91663 20.52091 -14.91779 -31.91663 -20.03586 9.387574 -31.91663 -20.25003 9.23761 -31.91663 -20.48697 9.127076 -31.91663 -22.29904 -11.21338 -31.91663 -22.40958 -10.97644 -31.91663 -25.00003 -11.96338 -31.91663 -22.4772 -10.72388 -31.91663 -22.50003 -10.46338 -31.91663 -21.75003 9.23761 -31.91663 -21.9642 9.387574 -31.91663 -22.00003 15.03662 -31.91663 17.70096 11.28662 -31.91663 17.85092 11.50079 -31.91663 20.29904 11.28662 -31.91663 20.40952 11.04962 -31.91663 20.47721 10.79712 -31.91663 20.47721 -10.72388 -31.91663 20.40952 -10.97644 -31.91663 22.95438 -12.48431 -31.91663 20.29904 -11.21338 -31.91663 22.81906 -12.98944 -31.91663 22.59806 -13.46338 -31.91663 19.99997 -14.96338 -31.91663 19.26047 -11.94061 -31.91663 18.99997 -11.96338 -31.91663 18.73954 -11.94061 -31.91663 18.48697 -11.87292 -31.91663 18.24997 -11.76239 -31.91663 17.59043 10.02356 -31.91663 -20.03586 -9.314332 -31.91663 -23.50003 -14.56146 -31.91663 -23.02609 -14.78247 -31.91663 -21.51303 -11.87292 -31.91663 -22.52096 -14.91779 -31.91663 -21.26047 -11.94061 -31.91663 -21.00003 -11.96338 -31.91663 -22.4772 10.27612 -31.91663 -22.50003 10.53662 -31.91663 -25.00003 12.03662 -31.91663 -23.02609 14.85571 -31.91663 -21.51303 11.94617 -31.91663 -22.52096 14.99103 -31.91663 18.0358 11.68567 -31.91663 18.24997 11.83563 -31.91663 19.99997 15.03662 -31.91663 18.48697 11.94617 -31.91663 18.73954 12.01385 -31.91663 20.14902 11.50079 -31.91663 22.29813 13.96497 -31.91663 19.96414 11.68567 -31.91663 21.92832 14.33478 -31.91663 19.74997 11.83563 -31.91663 22.95438 12.55756 -31.91663 22.81906 13.06268 -31.91663 22.59806 13.53662 -31.91663 19.74997 9.23761 -31.91663 19.51303 9.127076 -31.91663 17.59043 -9.950379 -31.91663 19.26047 9.059388 -31.91663 17.5228 -10.20288 -31.91663 18.99997 9.036622 -31.91663 18.73954 9.059388 -31.91663 17.70096 -9.713379 -31.91663 17.85092 -9.499207 -31.91663 19.26047 -8.986145 -31.91663 19.51303 -9.053833 -31.91663 19.74997 -9.164368 -31.91663 19.96414 -9.314332 -31.91663 17.5228 -10.72388 -31.91663 17.5228 10.27612 -31.91663 -21.00003 12.03662 -31.91663 -20.73953 12.01385 -31.91663 -19.50003 -10.46338 -31.91663 -19.5228 -10.72388 -31.91663 -19.59048 -10.97644 -31.91663 -20.25003 -11.76239 -31.91663 -20.48697 -11.87292 -31.91663 -20.73953 -11.94061 -31.91663 -24.95444 -12.48431 -31.91663 -24.81912 -12.98944 -31.91663 -24.59811 -13.46338 -31.91663 -22.14908 9.572449 -31.91663 -22.29904 9.786622 -31.91663 -22.40958 10.02356 -31.91663 -22.4772 10.79712 -31.91663 -22.40958 11.04962 -31.91663 -24.95444 12.55756 -31.91663 -22.29904 11.28662 -31.91663 -24.81912 13.06268 -31.91663 -22.14908 11.50079 -31.91663 18.99997 12.03662 -31.91663 19.26047 12.01385 -31.91663 20.52091 14.99103 -31.91663 19.51303 11.94617 -31.91663 21.02603 14.85571 -31.91663 21.49997 14.6347 -31.91663 -20.25003 11.83563 -31.91663 -20.03586 11.68567 -31.91663 -19.85098 11.50079 -31.91663 -19.70096 11.28662 -31.91663 -19.59048 11.04962 -31.91663 -19.5228 10.79712 -31.91663 -19.50003 10.53662 -31.91663 -19.5228 10.27612 -31.91663 -19.70096 -11.21338 -31.91663 -19.85098 -11.42755 -31.91663 -20.03586 -11.61243 -31.91663 -23.92837 14.33478 -31.91663 -24.29813 13.96497 -31.91663 -24.59811 13.53662 -31.91663 -21.26047 12.01385 -31.91663 20.14902 -9.499207 -31.91663 20.29904 -9.713379 -31.91663 20.40952 -9.950379 -31.91663 17.85092 9.572449 -31.91663 17.70096 9.786622 -31.91663 -19.70096 -9.713379 -31.91663 -19.85098 -9.499207 -31.91663 -20.48697 11.94617 -31.91663 17.49997 10.53662 -31.91663 17.5228 10.79712 -31.91663 17.59043 11.04962 -31.91663 18.0358 -9.314332 -31.91663 18.24997 -9.164368 -31.91663 18.48697 -9.053833 -31.91663 -22.4772 -10.20288 -31.91663 -22.40958 -9.950379 -31.91663 -22.29904 -9.713379 -31.91663 -22.14908 -9.499207 -31.91663 -21.9642 -9.314332 -31.91663 -21.75003 -9.164368 -31.91663 -21.51303 9.127076 -31.91663 -21.51303 -9.053833 -31.91663 -21.26047 9.059388 -31.91663 -21.26047 -8.986145 -31.91663 -21.00003 9.036622 -31.91663 -21.00003 -8.963379 -31.91663 -20.73953 9.059388 -31.91663 -20.73953 -8.986145 -31.91663 -20.48697 -9.053833 -31.91663 18.73954 -8.986145 -31.91663 18.99997 -8.963379 -31.91663 -25.00003 -11.96338 -37.91663 -24.95444 -12.48431 -37.91663 -24.81912 -12.98944 -37.91663 -24.59811 -13.46338 -37.91663 -24.29813 -13.89172 -37.91663 -23.92837 -14.26154 -37.91663 -23.50003 -14.56146 -37.91663 -23.02609 -14.78247 -37.91663 -22.52096 -14.91779 -37.91663 -22.00003 -14.96338 -37.91663 -25.00003 12.03662 -37.91663 -22.00003 15.03662 -37.91663 -22.52096 14.99103 -37.91663 -23.02609 14.85571 -37.91663 -23.50003 14.6347 -37.91663 -23.92837 14.33478 -37.91663 -24.29813 13.96497 -37.91663 -24.59811 13.53662 -37.91663 -24.81912 13.06268 -37.91663 -24.95444 12.55756 -37.91663 22.99997 12.03662 -37.91663 22.95438 12.55756 -37.91663 22.81906 13.06268 -37.91663 22.59806 13.53662 -37.91663 22.29813 13.96497 -37.91663 21.92832 14.33478 -37.91663 21.49997 14.6347 -37.91663 21.02603 14.85571 -37.91663 20.52091 14.99103 -37.91663 19.99997 15.03662 -37.91663 22.99997 -11.96338 -37.91663 19.99997 -14.96338 -37.91663 20.52091 -14.91779 -37.91663 21.02603 -14.78247 -37.91663 21.49997 -14.56146 -37.91663 21.92832 -14.26154 -37.91663 22.29813 -13.89172 -37.91663 22.59806 -13.46338 -37.91663 22.81906 -12.98944 -37.91663 22.95438 -12.48431 -37.91663 -21.00003 12.03662 -36.91663 -20.73953 12.01385 -36.91663 -20.48697 11.94617 -36.91663 -20.25003 11.83563 -36.91663 -20.03586 11.68567 -36.91663 -19.85098 11.50079 -36.91663 -19.70096 11.28662 -36.91663 -19.59048 11.04962 -36.91663 -19.5228 10.79712 -36.91663 -19.50003 10.53662 -36.91663 -19.5228 10.27612 -36.91663 -19.59048 10.02356 -36.91663 -19.70096 9.786622 -36.91663 -19.85098 9.572449 -36.91663 -20.03586 9.387574 -36.91663 -20.25003 9.23761 -36.91663 -20.48697 9.127076 -36.91663 -20.73953 9.059388 -36.91663 -21.00003 9.036622 -36.91663 -21.26047 9.059388 -36.91663 -21.51303 9.127076 -36.91663 -21.75003 9.23761 -36.91663 -21.9642 9.387574 -36.91663 -22.14908 9.572449 -36.91663 -22.29904 9.786622 -36.91663 -22.40958 10.02356 -36.91663 -22.4772 10.27612 -36.91663 -22.50003 10.53662 -36.91663 -22.4772 10.79712 -36.91663 -22.40958 11.04962 -36.91663 -22.29904 11.28662 -36.91663 -22.14908 11.50079 -36.91663 -21.9642 11.68567 -36.91663 -21.75003 11.83563 -36.91663 -21.51303 11.94617 -36.91663 -21.26047 12.01385 -36.91663 18.99997 12.03662 -36.91663 19.26047 12.01385 -36.91663 19.51303 11.94617 -36.91663 19.74997 11.83563 -36.91663 19.96414 11.68567 -36.91663 20.14902 11.50079 -36.91663 20.29904 11.28662 -36.91663 20.40952 11.04962 -36.91663 20.47721 10.79712 -36.91663 20.49997 10.53662 -36.91663 20.47721 10.27612 -36.91663 20.40952 10.02356 -36.91663 20.29904 9.786622 -36.91663 20.14902 9.572449 -36.91663 19.96414 9.387574 -36.91663 19.74997 9.23761 -36.91663 19.51303 9.127076 -36.91663 19.26047 9.059388 -36.91663 18.99997 9.036622 -36.91663 18.73954 9.059388 -36.91663 18.48697 9.127076 -36.91663 18.24997 9.23761 -36.91663 18.0358 9.387574 -36.91663 17.85092 9.572449 -36.91663 17.70096 9.786622 -36.91663 17.59043 10.02356 -36.91663 17.5228 10.27612 -36.91663 17.49997 10.53662 -36.91663 17.5228 10.79712 -36.91663 17.59043 11.04962 -36.91663 17.70096 11.28662 -36.91663 17.85092 11.50079 -36.91663 18.0358 11.68567 -36.91663 18.24997 11.83563 -36.91663 18.48697 11.94617 -36.91663 18.73954 12.01385 -36.91663 -21.00003 -8.963379 -36.91663 -20.73953 -8.986145 -36.91663 -20.48697 -9.053833 -36.91663 -20.25003 -9.164368 -36.91663 -20.03586 -9.314332 -36.91663 -19.85098 -9.499207 -36.91663 -19.70096 -9.713379 -36.91663 -19.59048 -9.950379 -36.91663 -19.5228 -10.20288 -36.91663 -19.50003 -10.46338 -36.91663 -19.5228 -10.72388 -36.91663 -19.59048 -10.97644 -36.91663 -19.70096 -11.21338 -36.91663 -19.85098 -11.42755 -36.91663 -20.03586 -11.61243 -36.91663 -20.25003 -11.76239 -36.91663 -20.48697 -11.87292 -36.91663 -20.73953 -11.94061 -36.91663 -21.00003 -11.96338 -36.91663 -21.26047 -11.94061 -36.91663 -21.51303 -11.87292 -36.91663 -21.75003 -11.76239 -36.91663 -21.9642 -11.61243 -36.91663 -22.14908 -11.42755 -36.91663 -22.29904 -11.21338 -36.91663 -22.40958 -10.97644 -36.91663 -22.4772 -10.72388 -36.91663 -22.50003 -10.46338 -36.91663 -22.4772 -10.20288 -36.91663 -22.40958 -9.950379 -36.91663 -22.29904 -9.713379 -36.91663 -22.14908 -9.499207 -36.91663 -21.9642 -9.314332 -36.91663 -21.75003 -9.164368 -36.91663 -21.51303 -9.053833 -36.91663 -21.26047 -8.986145 -36.91663 18.99997 -8.963379 -36.91663 19.26047 -8.986145 -36.91663 19.51303 -9.053833 -36.91663 19.74997 -9.164368 -36.91663 19.96414 -9.314332 -36.91663 20.14902 -9.499207 -36.91663 20.29904 -9.713379 -36.91663 20.40952 -9.950379 -36.91663 20.47721 -10.20288 -36.91663 20.49997 -10.46338 -36.91663 20.47721 -10.72388 -36.91663 20.40952 -10.97644 -36.91663 20.29904 -11.21338 -36.91663 20.14902 -11.42755 -36.91663 19.96414 -11.61243 -36.91663 19.74997 -11.76239 -36.91663 19.51303 -11.87292 -36.91663 19.26047 -11.94061 -36.91663 18.99997 -11.96338 -36.91663 18.73954 -11.94061 -36.91663 18.48697 -11.87292 -36.91663 18.24997 -11.76239 -36.91663 18.0358 -11.61243 -36.91663 17.85092 -11.42755 -36.91663 17.70096 -11.21338 -36.91663 17.59043 -10.97644 -36.91663 17.5228 -10.72388 -36.91663 17.49997 -10.46338 -36.91663 17.5228 -10.20288 -36.91663 17.59043 -9.950379 -36.91663 17.70096 -9.713379 -36.91663 17.85092 -9.499207 -36.91663 18.0358 -9.314332 -36.91663 18.24997 -9.164368 -36.91663 18.48697 -9.053833 -36.91663 18.73954 -8.986145 -36.91663 -18.40195 -11.96338 -36.91663 -18.70187 -12.39172 -36.91663 -19.07168 -12.76154 -36.91663 -19.50003 -13.06146 -36.91663 -19.97397 -13.28247 -36.91663 -20.47909 -13.41779 -36.91663 -21.00003 -13.46338 -36.91663 -21.52096 -13.41779 -36.91663 -22.02609 -13.28247 -36.91663 -22.50003 -13.06146 -36.91663 -22.92837 -12.76154 -36.91663 -23.29813 -12.39172 -36.91663 -23.59811 -11.96338 -36.91663 -23.81912 -11.48944 -36.91663 -23.95444 -10.98431 -36.91663 -24.00003 -10.46338 -36.91663 -23.95444 -9.942444 -36.91663 -23.81912 -9.437317 -36.91663 -23.59811 -8.963379 -36.91663 -23.29813 -8.535035 -36.91663 -22.92837 -8.165223 -36.91663 -22.50003 -7.865295 -36.91663 -22.02609 -7.644287 -36.91663 -21.52096 -7.508972 -36.91663 -21.00003 -7.463379 -36.91663 -20.47909 -7.508972 -36.91663 -19.97397 -7.644287 -36.91663 -19.50003 -7.865295 -36.91663 -19.07168 -8.165223 -36.91663 -18.70187 -8.535035 -36.91663 -18.40195 -8.963379 -36.91663 -18.18094 -9.437317 -36.91663 -18.04562 -9.942444 -36.91663 -18.00003 -10.46338 -36.91663 -18.04562 -10.98431 -36.91663 -18.18094 -11.48944 -36.91663 18.47904 7.582214 -36.91663 17.97391 7.717529 -36.91663 17.49997 7.938538 -36.91663 17.07163 8.238465 -36.91663 16.70188 8.608277 -36.91663 16.40189 9.036622 -36.91663 16.18088 9.51056 -36.91663 16.04557 10.01569 -36.91663 15.99997 10.53662 -36.91663 16.04557 11.05756 -36.91663 16.18088 11.56268 -36.91663 16.40189 12.03662 -36.91663 16.70188 12.46497 -36.91663 17.07163 12.83478 -36.91663 17.49997 13.1347 -36.91663 17.97391 13.35571 -36.91663 18.47904 13.49103 -36.91663 18.99997 13.53662 -36.91663 19.52091 13.49103 -36.91663 20.02603 13.35571 -36.91663 20.49997 13.1347 -36.91663 20.92832 12.83478 -36.91663 21.29813 12.46497 -36.91663 21.59806 12.03662 -36.91663 21.81906 11.56268 -36.91663 21.95438 11.05756 -36.91663 21.99997 10.53662 -36.91663 21.95438 10.01569 -36.91663 21.81906 9.51056 -36.91663 21.59806 9.036622 -36.91663 21.29813 8.608277 -36.91663 20.92832 8.238465 -36.91663 20.49997 7.938538 -36.91663 20.02603 7.717529 -36.91663 19.52091 7.582214 -36.91663 18.99997 7.536621 -36.91663 -23.95444 10.01569 -36.91663 -24.00003 10.53662 -36.91663 -23.95444 11.05756 -36.91663 -23.81912 11.56268 -36.91663 -23.59811 12.03662 -36.91663 -23.29813 12.46497 -36.91663 -22.92837 12.83478 -36.91663 -22.50003 13.1347 -36.91663 -22.02609 13.35571 -36.91663 -21.52096 13.49103 -36.91663 -21.00003 13.53662 -36.91663 -20.47909 13.49103 -36.91663 -19.97397 13.35571 -36.91663 -19.50003 13.1347 -36.91663 -19.07168 12.83478 -36.91663 -18.70187 12.46497 -36.91663 -18.40195 12.03662 -36.91663 -18.18094 11.56268 -36.91663 -18.04562 11.05756 -36.91663 -18.00003 10.53662 -36.91663 -18.04562 10.01569 -36.91663 -18.18094 9.51056 -36.91663 -18.40195 9.036622 -36.91663 -18.70187 8.608277 -36.91663 -19.07168 8.238465 -36.91663 -19.50003 7.938538 -36.91663 -19.97397 7.717529 -36.91663 -20.47909 7.582214 -36.91663 -21.00003 7.536621 -36.91663 -21.52096 7.582214 -36.91663 -22.02609 7.717529 -36.91663 -22.50003 7.938538 -36.91663 -22.92837 8.238465 -36.91663 -23.29813 8.608277 -36.91663 -23.59811 9.036622 -36.91663 -23.81912 9.51056 -36.91663 1.999971 -11.43335 -36.91663 2.999971 -10.43335 -36.91663 11.85001 -12.81335 -36.91663 2.999971 -3.963379 -36.91663 -13.85 12.8866 -36.91663 -5.000029 10.50659 -36.91663 -5.000029 4.036621 -36.91663 9.470004 -3.963379 -36.91663 10.47 -2.963379 -36.91663 11.85001 12.8866 -36.91663 10.47 3.036621 -36.91663 9.470004 4.036621 -36.91663 2.999971 4.036621 -36.91663 2.999971 10.50659 -36.91663 1.999971 11.50659 -36.91663 -4.000029 11.50659 -36.91663 -11.47 4.036621 -36.91663 -12.47 3.036621 -36.91663 -13.85 -12.81335 -36.91663 -12.47 -2.963379 -36.91663 -11.47 -3.963379 -36.91663 -4.000029 -11.43335 -36.91663 -5.000029 -10.43335 -36.91663 -5.000029 -3.963379 -36.91663 20.02603 -13.28247 -36.91663 19.52091 -13.41779 -36.91663 18.99997 -13.46338 -36.91663 18.47904 -13.41779 -36.91663 17.97391 -13.28247 -36.91663 17.49997 -13.06146 -36.91663 17.07163 -12.76154 -36.91663 16.70188 -12.39172 -36.91663 16.40189 -11.96338 -36.91663 16.18088 -11.48944 -36.91663 16.04557 -10.98431 -36.91663 15.99997 -10.46338 -36.91663 16.04557 -9.942444 -36.91663 16.18088 -9.437317 -36.91663 16.40189 -8.963379 -36.91663 16.70188 -8.535035 -36.91663 17.07163 -8.165223 -36.91663 17.49997 -7.865295 -36.91663 17.97391 -7.644287 -36.91663 18.47904 -7.508972 -36.91663 18.99997 -7.463379 -36.91663 19.52091 -7.508972 -36.91663 20.02603 -7.644287 -36.91663 20.49997 -7.865295 -36.91663 20.92832 -8.165223 -36.91663 21.29813 -8.535035 -36.91663 21.59806 -8.963379 -36.91663 21.81906 -9.437317 -36.91663 21.95438 -9.942444 -36.91663 21.99997 -10.46338 -36.91663 21.95438 -10.98431 -36.91663 21.81906 -11.48944 -36.91663 21.59806 -11.96338 -36.91663 21.29813 -12.39172 -36.91663 20.92832 -12.76154 -36.91663 20.49997 -13.06146 -36.91663 20.49997 7.938538 -37.91663 20.92832 8.238465 -37.91663 20.92832 -8.165223 -37.91663 21.99997 -10.46338 -37.91663 21.95438 -10.98431 -37.91663 21.81906 -11.48944 -37.91663 21.29813 -8.535035 -37.91663 21.59806 9.036622 -37.91663 21.29813 8.608277 -37.91663 20.92832 12.83478 -37.91663 21.29813 12.46497 -37.91663 19.22782 -14.85437 -37.91663 19.41703 -14.7724 -37.91663 21.29813 -12.39172 -37.91663 21.59806 -11.96338 -37.91663 21.59806 12.03662 -37.91663 21.81906 11.56268 -37.91663 21.95438 11.05756 -37.91663 19.98258 -14.11981 -37.91663 19.99564 -14.04181 -37.91663 21.95438 -9.942444 -37.91663 21.81906 -9.437317 -37.91663 21.59806 -8.963379 -37.91663 21.81906 9.51056 -37.91663 21.95438 10.01569 -37.91663 21.99997 10.53662 -37.91663 19.58579 14.74371 -37.91663 19.41703 14.84564 -37.91663 19.22782 14.92761 -37.91663 20.49997 -13.06146 -37.91663 19.99997 -13.96338 -37.91663 20.02603 -13.28247 -37.91663 19.99997 -13.29181 -37.91663 19.99997 14.03662 -37.91663 19.99564 14.11505 -37.91663 18.58579 -14.96338 -37.91663 18.80698 -14.95105 -37.91663 19.0228 -14.91443 -37.91663 20.02603 -7.644287 -37.91663 19.99997 -7.634949 -37.91663 19.99997 7.708191 -37.91663 19.0228 14.98767 -37.91663 18.80698 15.02429 -37.91663 18.58579 15.03662 -37.91663 20.92832 -12.76154 -37.91663 20.49997 -7.865295 -37.91663 20.02603 7.717529 -37.91663 19.99997 13.36505 -37.91663 20.02603 13.35571 -37.91663 20.49997 13.1347 -37.91663 19.98258 14.19305 -37.91663 19.96091 14.27008 -37.91663 19.93076 -14.2724 -37.91663 19.96091 -14.19684 -37.91663 19.93076 14.34564 -37.91663 19.89231 14.41931 -37.91663 19.84586 -14.41736 -37.91663 19.89231 -14.34607 -37.91663 19.58579 -14.67047 -37.91663 19.72989 -14.55115 -37.91663 19.7916 -14.4859 -37.91663 19.84586 14.4906 -37.91663 19.7916 14.55914 -37.91663 19.72989 14.62439 -37.91663 16.54251 -8.742676 -41.37403 16.28104 -9.195496 -41.6355 16.40189 -8.963379 -41.51465 16.10221 -9.686951 -41.81434 16.18088 -9.437317 -41.7356 16.01139 -10.2019 -41.90516 16.04557 -9.942444 -41.87098 16.01139 -10.72485 -41.90516 15.99997 -10.46338 -41.91663 16.10221 -11.23981 -41.81434 16.04557 -10.98431 -41.87098 16.28104 -11.73126 -41.6355 16.18088 -11.48944 -41.7356 16.70188 -12.39172 -41.21473 16.54251 -12.18408 -41.37403 16.40189 -11.96338 -41.51465 17.07163 -12.76154 -40.84498 17.49997 -13.06146 -40.41663 17.97391 -13.28247 -39.94263 18.47904 -13.41779 -39.43751 18.99997 -13.46338 -38.91663 19.52091 -13.41779 -38.39564 16.70188 -8.535035 -41.21473 17.07163 -8.165223 -40.84498 17.49997 -7.865295 -40.41663 17.97391 -7.644287 -39.94263 18.47904 -7.508972 -39.43751 18.99997 -7.463379 -38.91663 19.52091 -7.508972 -38.39564 -13.85 -12.81335 -67.91663 -13.85 12.8866 -67.91663 -1.000029 -12.81335 -52.51661 0.315523 -12.81335 -53.43775 0.2124345 -12.81335 -53.21656 -1.243132 -12.81335 -52.53785 -1.47885 -12.81335 -52.60096 -1.700041 -12.81335 -52.70411 -1.899931 -12.81335 -52.84412 -2.072478 -12.81335 -53.01673 -2.212431 -12.81335 -53.21656 -2.378752 -12.81335 -54.15967 -2.315581 -12.81335 -54.39539 -2.212431 -12.81335 -54.61658 -2.072478 -12.81335 -54.81653 -1.899931 -12.81335 -54.98902 -1.700041 -12.81335 -55.12903 -1.47885 -12.81335 -55.23218 -0.7569257 -12.81335 -55.29529 11.85001 -12.81335 -67.91663 -1.000029 -12.81335 -55.31653 -1.243132 -12.81335 -55.29529 0.07242 -12.81335 -53.01673 -0.1001263 -12.81335 -52.84412 -0.3000165 -12.81335 -52.70411 -0.5212079 -12.81335 -52.60096 -0.7569257 -12.81335 -52.53785 -2.315581 -12.81335 -53.43775 -2.378752 -12.81335 -53.67347 -2.399992 -12.81335 -53.91663 -0.5212079 -12.81335 -55.23218 -0.3000165 -12.81335 -55.12903 -0.1001263 -12.81335 -54.98902 0.07242 -12.81335 -54.81653 0.2124345 -12.81335 -54.61658 0.315523 -12.81335 -54.39539 0.3786943 -12.81335 -54.15967 0.3999956 -12.81335 -53.91663 0.3786943 -12.81335 -53.67347 11.85001 12.8866 -67.91663 -2.315581 12.8866 -53.43775 -2.212431 12.8866 -53.21656 -2.072478 12.8866 -53.01673 -0.5212079 12.8866 -52.60096 -0.3000165 12.8866 -52.70411 -1.899931 12.8866 -52.84412 -1.700041 12.8866 -52.70411 -1.47885 12.8866 -52.60096 -1.899931 12.8866 -54.98902 -1.700041 12.8866 -55.12903 -1.47885 12.8866 -55.23218 -2.072478 12.8866 -54.81653 -2.212431 12.8866 -54.61658 -2.315581 12.8866 -54.39539 -2.378752 12.8866 -54.15967 -2.399992 12.8866 -53.91663 -2.378752 12.8866 -53.67347 -0.1001263 12.8866 -52.84412 0.07242 12.8866 -53.01673 0.2124345 12.8866 -53.21656 -0.5212079 12.8866 -55.23218 -0.7569257 12.8866 -55.29529 -1.000029 12.8866 -55.31653 -1.243132 12.8866 -55.29529 -1.243132 12.8866 -52.53785 -1.000029 12.8866 -52.51661 -0.7569257 12.8866 -52.53785 0.315523 12.8866 -53.43775 0.3786943 12.8866 -53.67347 0.3999956 12.8866 -53.91663 0.3786943 12.8866 -54.15967 0.315523 12.8866 -54.39539 0.2124345 12.8866 -54.61658 0.07242 12.8866 -54.81653 -0.1001263 12.8866 -54.98902 -0.3000165 12.8866 -55.12903 -18.54257 8.815918 -41.37403 -18.2811 9.268738 -41.6355 -18.40195 9.036622 -41.51465 -18.10226 9.760193 -41.81434 -18.18094 9.51056 -41.7356 -18.01144 10.27515 -41.90516 -18.04562 10.01569 -41.87098 -18.01144 10.7981 -41.90516 -18.00003 10.53662 -41.91663 -18.10226 11.31305 -41.81434 -18.04562 11.05756 -41.87098 -18.2811 11.8045 -41.6355 -18.18094 11.56268 -41.7356 -18.70187 12.46497 -41.21473 -18.54257 12.25732 -41.37403 -18.40195 12.03662 -41.51465 -19.07168 12.83478 -40.84498 -19.50003 13.1347 -40.41663 -19.97397 13.35571 -39.94263 -20.47909 13.49103 -39.43751 -21.00003 13.53662 -38.91663 -21.52096 13.49103 -38.39564 -18.70187 8.608277 -41.21473 -19.07168 8.238465 -40.84498 -19.50003 7.938538 -40.41663 -19.97397 7.717529 -39.94263 -20.47909 7.582214 -39.43751 -21.00003 7.536621 -38.91663 -21.52096 7.582214 -38.39564 -22.00003 7.708191 -37.91663 -22.02609 7.717529 -37.91663 -22.50003 7.938538 -37.91663 -22.92837 8.238465 -37.91663 -23.29813 8.608277 -37.91663 -23.59811 9.036622 -37.91663 -23.81912 9.51056 -37.91663 -23.95444 10.01569 -37.91663 -24.00003 10.53662 -37.91663 -23.95444 11.05756 -37.91663 -23.81912 11.56268 -37.91663 -23.59811 12.03662 -37.91663 -23.29813 12.46497 -37.91663 -22.92837 12.83478 -37.91663 -22.50003 13.1347 -37.91663 -22.02609 13.35571 -37.91663 -22.00003 13.36505 -37.91663 17.07163 12.83478 -40.84498 17.49997 13.1347 -40.41663 17.97391 13.35571 -39.94263 18.47904 13.49103 -39.43751 18.99997 13.53662 -38.91663 19.52091 13.49103 -38.39564 16.54251 12.25732 -41.37403 16.70188 12.46497 -41.21473 16.28104 11.8045 -41.6355 16.40189 12.03662 -41.51465 16.10221 11.31305 -41.81434 16.18088 11.56268 -41.7356 16.01139 10.7981 -41.90516 16.04557 11.05756 -41.87098 16.01139 10.27515 -41.90516 15.99997 10.53662 -41.91663 16.10221 9.760193 -41.81434 16.04557 10.01569 -41.87098 16.28104 9.268738 -41.6355 16.18088 9.51056 -41.7356 16.70188 8.608277 -41.21473 16.54251 8.815918 -41.37403 16.40189 9.036622 -41.51465 19.52091 7.582214 -38.39564 18.99997 7.536621 -38.91663 18.47904 7.582214 -39.43751 17.97391 7.717529 -39.94263 17.49997 7.938538 -40.41663 17.07163 8.238465 -40.84498 -19.07168 -12.76154 -40.84498 -19.50003 -13.06146 -40.41663 -19.97397 -13.28247 -39.94263 -20.47909 -13.41779 -39.43751 -21.00003 -13.46338 -38.91663 -21.52096 -13.41779 -38.39564 -22.00003 -13.29181 -37.91663 -22.02609 -13.28247 -37.91663 -22.50003 -13.06146 -37.91663 -22.92837 -12.76154 -37.91663 -23.29813 -12.39172 -37.91663 -23.59811 -11.96338 -37.91663 -23.81912 -11.48944 -37.91663 -23.95444 -10.98431 -37.91663 -24.00003 -10.46338 -37.91663 -23.95444 -9.942444 -37.91663 -23.81912 -9.437317 -37.91663 -23.59811 -8.963379 -37.91663 -23.29813 -8.535035 -37.91663 -22.92837 -8.165223 -37.91663 -22.50003 -7.865295 -37.91663 -22.02609 -7.644287 -37.91663 -22.00003 -7.634949 -37.91663 -18.54257 -12.18408 -41.37403 -18.70187 -12.39172 -41.21473 -18.2811 -11.73126 -41.6355 -18.40195 -11.96338 -41.51465 -18.10226 -11.23981 -41.81434 -18.18094 -11.48944 -41.7356 -18.01144 -10.72485 -41.90516 -18.04562 -10.98431 -41.87098 -18.01144 -10.2019 -41.90516 -18.00003 -10.46338 -41.91663 -18.10226 -9.686951 -41.81434 -18.04562 -9.942444 -41.87098 -18.2811 -9.195496 -41.6355 -18.18094 -9.437317 -41.7356 -18.70187 -8.535035 -41.21473 -18.54257 -8.742676 -41.37403 -18.40195 -8.963379 -41.51465 -21.52096 -7.508972 -38.39564 -21.00003 -7.463379 -38.91663 -20.47909 -7.508972 -39.43751 -19.97397 -7.644287 -39.94263 -19.50003 -7.865295 -40.41663 -19.07168 -8.165223 -40.84498 -21.22787 14.92761 -37.91663 -21.41708 14.84564 -37.91663 -21.58578 -14.67047 -37.91663 -21.41708 -14.7724 -37.91663 -21.22787 -14.85437 -37.91663 -21.98263 14.19305 -37.91663 -21.99563 14.11505 -37.91663 -22.00003 -13.96338 -37.91663 -21.99563 -14.04181 -37.91663 -22.00003 14.03662 -37.91663 -21.0228 -14.91443 -37.91663 -20.80704 -14.95105 -37.91663 -20.58578 -14.96338 -37.91663 -20.58578 15.03662 -37.91663 -20.80704 15.02429 -37.91663 -21.0228 14.98767 -37.91663 -21.98263 -14.11981 -37.91663 -21.96097 -14.19684 -37.91663 -21.93082 14.34564 -37.91663 -21.96097 14.27008 -37.91663 -21.93082 -14.2724 -37.91663 -21.89236 -14.34607 -37.91663 -21.84585 14.4906 -37.91663 -21.89236 14.41931 -37.91663 -21.84585 -14.41736 -37.91663 -21.79159 -14.4859 -37.91663 -21.72995 -14.55115 -37.91663 -21.58578 14.74371 -37.91663 -21.72995 14.62439 -37.91663 -21.79159 14.55914 -37.91663 2.999971 10.50659 -45.83386 2.999971 4.036621 -50.91663 2.999971 9.659485 -50.91663 9.470004 4.036621 -45.83386 8.622836 4.036621 -50.91663 -4.000029 -11.43335 -45.91662 1.999971 -11.43335 -45.91662 -5.000029 -10.43335 -45.83386 -5.000029 -3.963379 -50.91663 -5.000029 -9.586243 -50.91663 -4.000029 -10.59778 -50.93018 1.999971 -10.59778 -50.93018 -11.47 -3.963379 -45.83386 -10.62289 -3.963379 -50.91663 -12.47 -2.963379 -45.91662 -12.47 3.036621 -45.91662 -11.47 -2.963379 -51.91663 -11.47 3.036621 -51.91663 -4.000029 9.506592 -51.91663 1.999971 9.506592 -51.91663 -4.000029 3.036621 -51.91663 1.999971 3.036621 -51.91663 1.999971 -9.43335 -51.91663 -4.000029 -9.43335 -51.91663 1.999971 -2.963379 -51.91663 -4.000029 -2.963379 -51.91663 9.470004 -2.963379 -51.91663 9.470004 3.036621 -51.91663 10.47 -2.963379 -45.91662 10.47 3.036621 -45.91662 9.470004 -3.963379 -45.83386 2.999971 -3.963379 -50.91663 8.622836 -3.963379 -50.91663 2.999971 -10.43335 -45.83386 2.999971 -9.586243 -50.91663 -11.47 4.036621 -45.83386 -5.000029 4.036621 -50.91663 -10.62289 4.036621 -50.91663 -5.000029 10.50659 -45.83386 -5.000029 9.659485 -50.91663 -4.000029 11.50659 -45.91662 1.999971 11.50659 -45.91662 -4.000029 10.67102 -50.93018 1.999971 10.67102 -50.93018 -16.00003 15.03662 -42.50233 -0.1001263 15.03662 -54.98902 0.07242 15.03662 -54.81653 0.3786943 15.03662 -54.15967 0.3999956 15.03662 -53.91663 0.3786943 15.03662 -53.67347 0.315523 15.03662 -53.43775 -0.3000165 15.03662 -52.70411 -0.5212079 15.03662 -52.60096 0.2124345 15.03662 -54.61658 0.315523 15.03662 -54.39539 0.2124345 15.03662 -53.21656 0.07242 15.03662 -53.01673 -0.1001263 15.03662 -52.84412 -0.7569257 15.03662 -52.53785 -1.000029 15.03662 -52.51661 -1.243132 15.03662 -52.53785 -1.47885 15.03662 -52.60096 -1.700041 15.03662 -52.70411 -1.899931 15.03662 -52.84412 -2.072478 15.03662 -53.01673 -2.212431 15.03662 -53.21656 -2.315581 15.03662 -53.43775 -0.5212079 15.03662 -55.23218 -0.3000165 15.03662 -55.12903 13.99997 15.03662 -67.91663 13.99997 15.03662 -42.50233 -2.378752 15.03662 -54.15967 -16.00003 15.03662 -67.91663 -2.399992 15.03662 -53.91663 -2.378752 15.03662 -53.67347 -2.315581 15.03662 -54.39539 -2.212431 15.03662 -54.61658 -2.072478 15.03662 -54.81653 -1.899931 15.03662 -54.98902 -1.700041 15.03662 -55.12903 -1.47885 15.03662 -55.23218 -1.243132 15.03662 -55.29529 -1.000029 15.03662 -55.31653 -0.7569257 15.03662 -55.29529 -17.00003 14.03662 -42.91663 -16.9877 14.19305 -42.91151 -16.86594 14.5368 -42.86109 -16.89102 14.4906 -42.87147 -16.93967 14.37878 -42.89161 -16.95108 14.34564 -42.89625 -16.98483 14.21033 -42.91028 -16.7659 14.67957 -42.81959 -16.80905 14.62439 -42.83753 -16.64261 14.8028 -42.76856 -16.70712 14.74371 -42.79529 -16.49985 14.90271 -42.70936 -16.5878 14.84564 -42.74586 -16.34195 14.97638 -42.64405 -16.45401 14.92761 -42.69044 -16.15646 15.02429 -42.56715 -16.17361 15.02142 -42.57423 -16.30905 14.98767 -42.63038 -16.17367 15.02142 -67.91663 -16.34207 14.97632 -67.91663 -16.50003 14.90265 -67.91663 -16.64279 14.80267 -67.91663 -16.76608 14.67938 -67.91663 -16.86606 14.53662 -67.91663 -16.93973 14.37866 -67.91663 -16.98483 14.21027 -67.91663 -17.00003 14.03662 -67.91663 -17.00003 -13.96338 -42.91663 -17.00003 -13.96338 -67.91663 14.76602 14.67938 -67.91663 14.866 14.53662 -67.91663 14.99997 14.03662 -67.91663 14.99997 -13.96338 -67.91663 13.99997 -14.96338 -67.91663 -16.00003 -14.96338 -67.91663 -16.17367 -14.94818 -67.91663 -16.93973 -14.30542 -67.91663 -16.98483 -14.13702 -67.91663 14.17362 15.02142 -67.91663 14.34201 14.97632 -67.91663 14.93967 14.37866 -67.91663 14.98477 14.21027 -67.91663 -16.34207 -14.90308 -67.91663 -16.50003 -14.82941 -67.91663 -16.64279 -14.72943 -67.91663 -16.76608 -14.60614 -67.91663 -16.86606 -14.46338 -67.91663 14.49997 14.90265 -67.91663 14.64279 14.80267 -67.91663 14.98477 -14.13702 -67.91663 14.93967 -14.30542 -67.91663 14.866 -14.46338 -67.91663 14.76602 -14.60614 -67.91663 14.64279 -14.72943 -67.91663 14.49997 -14.82941 -67.91663 14.34201 -14.90308 -67.91663 14.17362 -14.94818 -67.91663 -16.76608 -14.60614 -42.81971 -16.70694 -14.67072 -42.79517 -16.00003 -14.96338 -42.50233 -16.17367 -14.94818 -42.57435 -16.30893 -14.91449 -42.63038 -16.45383 -14.85449 -42.69031 -16.34207 -14.90308 -42.64405 -16.64279 -14.72943 -42.76856 -16.58761 -14.77258 -42.74573 -16.50003 -14.82941 -42.70948 -16.80905 -14.55115 -42.83753 -16.86594 -14.46356 -42.86109 -16.89102 -14.41736 -42.87147 -16.93967 -14.30554 -42.89161 -16.95108 -14.2724 -42.89625 -16.98483 -14.13708 -42.91028 -16.9877 -14.11981 -42.91151 14.99997 -13.96338 -42.91663 14.99997 14.03662 -42.91663 14.76602 14.67938 -42.81971 14.70688 14.74396 -42.79517 14.17362 15.02142 -42.57435 14.30893 14.98773 -42.63038 14.45383 14.92773 -42.69031 14.34201 14.97632 -42.64405 14.64279 14.80267 -42.76856 14.58756 14.84576 -42.74573 14.49997 14.90265 -42.70948 14.80899 14.62439 -42.83753 14.86588 14.5368 -42.86109 14.89096 14.4906 -42.87147 14.93961 14.37878 -42.89161 14.95102 14.34564 -42.89625 14.98477 14.21033 -42.91028 14.98764 14.19305 -42.91151 13.99997 -14.96338 -42.50233 -1.000029 -14.96338 -55.31653 -1.243132 -14.96338 -55.29529 -1.47885 -14.96338 -55.23218 -1.700041 -14.96338 -55.12903 -1.899931 -14.96338 -54.98902 -2.072478 -14.96338 -54.81653 -2.212431 -14.96338 -54.61658 -2.212431 -14.96338 -53.21656 -2.315581 -14.96338 -53.43775 -2.378752 -14.96338 -53.67347 -2.072478 -14.96338 -53.01673 -1.899931 -14.96338 -52.84412 -1.700041 -14.96338 -52.70411 -2.315581 -14.96338 -54.39539 -2.378752 -14.96338 -54.15967 -2.399992 -14.96338 -53.91663 -1.47885 -14.96338 -52.60096 -1.243132 -14.96338 -52.53785 -1.000029 -14.96338 -52.51661 -0.7569257 -14.96338 -52.53785 -0.5212079 -14.96338 -52.60096 -0.3000165 -14.96338 -52.70411 -0.1001263 -14.96338 -52.84412 0.07242 -14.96338 -53.01673 0.2124345 -14.96338 -53.21656 0.315523 -14.96338 -53.43775 -0.7569257 -14.96338 -55.29529 -0.5212079 -14.96338 -55.23218 0.3786943 -14.96338 -54.15967 0.3999956 -14.96338 -53.91663 0.3786943 -14.96338 -53.67347 0.315523 -14.96338 -54.39539 0.2124345 -14.96338 -54.61658 0.07242 -14.96338 -54.81653 -0.1001263 -14.96338 -54.98902 -0.3000165 -14.96338 -55.12903 14.98764 -14.11981 -42.91151 14.86588 -14.46356 -42.86109 14.89096 -14.41736 -42.87147 14.93961 -14.30554 -42.89161 14.95102 -14.2724 -42.89625 14.98477 -14.13708 -42.91028 14.7659 -14.60632 -42.81959 14.80899 -14.55115 -42.83753 14.64261 -14.72955 -42.76856 14.70706 -14.67047 -42.79529 14.49985 -14.82947 -42.70936 14.58774 -14.7724 -42.74586 14.34189 -14.90314 -42.64405 14.45395 -14.85437 -42.69044 14.1564 -14.95105 -42.56715 14.17362 -14.94818 -42.57423 14.30899 -14.91443 -42.63038 -30.07107 -14.96338 5.154541 -32.07107 -14.96338 5.154541 -30.07107 -14.96338 -24.34547 -32.07107 -14.96338 -24.84547 -24.07107 -14.96338 -29.84547 -25.00003 -14.96338 -31.91663 23.92893 -14.96338 -29.84547 24.99997 -14.96338 -31.91663 30.07108 -14.96338 -23.84547 32.07107 -14.96338 -24.84547 30.07108 -14.96338 5.154541 32.07107 -14.96338 5.154541 30.07108 15.03662 5.154541 32.07107 15.03662 5.154541 30.07108 15.03662 -23.84547 32.07107 15.03662 -24.84547 23.92893 15.03662 -29.84547 24.99997 15.03662 -31.91663 -24.07107 15.03662 -29.84547 -25.00003 15.03662 -31.91663 -30.07107 15.03662 -24.34547 -32.07107 15.03662 -24.84547 -30.07107 15.03662 5.154541 -32.07107 15.03662 5.154541 5.908846 -1.005249 -29.84547 5.999971 0.03662133 -29.84547 5.908846 1.078492 -29.84547 5.638155 -2.015503 -29.84547 5.196138 -2.963379 -29.84547 4.596224 -3.820129 -29.84547 -4.596281 3.893372 -29.84547 -5.196196 3.036621 -29.84547 -5.638151 2.088745 -29.84547 -3.856718 -4.559631 -29.84547 -3.000029 -5.159546 -29.84547 -2.052153 -5.601562 -29.84547 -4.596281 -3.820129 -29.84547 -5.196196 -2.963379 -29.84547 -5.638151 -2.015503 -29.84547 -3.856718 4.632874 -29.84547 -3.000029 5.232788 -29.84547 -2.052153 5.674805 -29.84547 3.856722 -4.559631 -29.84547 2.999971 -5.159546 -29.84547 2.052095 -5.601562 -29.84547 -5.908842 -1.005249 -29.84547 -6.000029 0.03662133 -29.84547 -5.908842 1.078492 -29.84547 4.596224 3.893372 -29.84547 5.196138 3.036621 -29.84547 5.638155 2.088745 -29.84547 1.041841 -5.872253 -29.84547 -2.87294e-5 -5.963379 -29.84547 -1.041899 -5.872253 -29.84547 -1.041899 5.945496 -29.84547 -2.87294e-5 6.036621 -29.84547 1.041841 5.945496 -29.84547 2.052095 5.674805 -29.84547 2.999971 5.232788 -29.84547 3.856722 4.632874 -29.84547 30.07108 7.535034 0 30.07108 7.535034 5.154541 30.07108 -7.461792 0 30.07108 -7.535034 0 30.07108 -7.535034 5.154541 30.07108 4.804687 -5.634766 30.07108 5.726379 -4.731812 30.07108 -7.324341 -1.282959 30.07108 -6.969055 -2.523315 30.07108 -6.406433 -3.684326 30.07108 -5.653137 -4.731812 30.07108 -4.731445 -5.634766 30.07108 -3.668701 -6.366333 30.07108 6.479675 -3.684326 30.07108 7.042297 -2.523315 30.07108 7.397583 -1.282959 30.07108 1.322083 -7.234497 30.07108 2.569458 -6.904907 30.07108 3.741944 -6.366333 30.07108 -2.496216 -6.904907 30.07108 -1.24884 -7.234497 30.07108 0.03662133 -7.345459 -5.638151 -2.015503 -31.91663 -5.196196 -2.963379 -31.91663 -4.596281 -3.820129 -31.91663 5.196138 -2.963379 -31.91663 5.638155 -2.015503 -31.91663 5.908846 -1.005249 -31.91663 5.999971 0.03662133 -31.91663 5.908846 1.078492 -31.91663 5.638155 2.088745 -31.91663 5.196138 3.036621 -31.91663 4.596224 3.893372 -31.91663 -3.856718 -4.559631 -31.91663 -3.000029 -5.159546 -31.91663 -2.052153 -5.601562 -31.91663 3.856722 4.632874 -31.91663 2.999971 5.232788 -31.91663 2.052095 5.674805 -31.91663 -1.041899 5.945496 -31.91663 -2.87294e-5 6.036621 -31.91663 1.041841 5.945496 -31.91663 -5.638151 2.088745 -31.91663 -5.908842 1.078492 -31.91663 -6.000029 0.03662133 -31.91663 -5.908842 -1.005249 -31.91663 2.052095 -5.601562 -31.91663 2.999971 -5.159546 -31.91663 -1.041899 -5.872253 -31.91663 -2.87294e-5 -5.963379 -31.91663 1.041841 -5.872253 -31.91663 3.856722 -4.559631 -31.91663 4.596224 -3.820129 -31.91663 -2.052153 5.674805 -31.91663 -3.000029 5.232788 -31.91663 -3.856718 4.632874 -31.91663 -4.596281 3.893372 -31.91663 -5.196196 3.036621 -31.91663 -32.07107 7.535034 0 -32.07107 7.535034 5.154541 -32.07107 1.322083 -7.234497 -32.07107 2.569458 -6.904907 -32.07107 -7.461792 0 -32.07107 -7.535034 0 -32.07107 -7.535034 5.154541 -32.07107 -7.324341 -1.282959 -32.07107 -6.969055 -2.523315 -32.07107 -6.406433 -3.684326 -32.07107 3.741944 -6.366333 -32.07107 4.804687 -5.634766 -32.07107 5.726379 -4.731812 -32.07107 6.479675 -3.684326 -32.07107 7.042297 -2.523315 -32.07107 7.397583 -1.282959 -32.07107 -5.653137 -4.731812 -32.07107 -4.731445 -5.634766 -32.07107 -3.668701 -6.366333 -32.07107 -2.496216 -6.904907 -32.07107 -1.24884 -7.234497 -32.07107 0.03662133 -7.345459 -30.07107 -7.535034 5.154541 -30.07107 -7.535034 0 -30.07107 6.479675 -3.684326 -30.07107 5.726379 -4.731812 -30.07107 -2.496216 -6.904907 -30.07107 -3.668701 -6.366333 -30.07107 7.535034 5.154541 -30.07107 7.535034 0 -30.07107 7.397583 -1.282959 -30.07107 7.042297 -2.523315 -30.07107 4.804687 -5.634766 -30.07107 3.741944 -6.366333 -30.07107 2.569458 -6.904907 -30.07107 -7.461792 0 -30.07107 -7.324341 -1.282959 -30.07107 -6.969055 -2.523315 -30.07107 -6.406433 -3.684326 -30.07107 1.322083 -7.234497 -30.07107 0.03662133 -7.345459 -30.07107 -1.24884 -7.234497 -30.07107 -4.731445 -5.634766 -30.07107 -5.653137 -4.731812 32.07107 -7.535034 5.154541 32.07107 -7.535034 0 32.07107 6.479675 -3.684326 32.07107 5.726379 -4.731812 32.07107 -2.496216 -6.904907 32.07107 -3.668701 -6.366333 32.07107 7.535034 5.154541 32.07107 7.535034 0 32.07107 7.397583 -1.282959 32.07107 7.042297 -2.523315 32.07107 4.804687 -5.634766 32.07107 3.741944 -6.366333 32.07107 2.569458 -6.904907 32.07107 -7.461792 0 32.07107 -7.324341 -1.282959 32.07107 -6.969055 -2.523315 32.07107 -6.406433 -3.684326 32.07107 1.322083 -7.234497 32.07107 0.03662133 -7.345459 32.07107 -1.24884 -7.234497 32.07107 -4.731445 -5.634766 32.07107 -5.653137 -4.731812</float_array>
          <technique_common>
            <accessor source="#Hand_part-mesh-positions-array" count="1286" stride="3">
              <param name="X" type="float"/>
              <param name="Y" type="float"/>
              <param name="Z" type="float"/>
            </accessor>
          </technique_common>
        </source>
        <source id="Hand_part-mesh-normals">
          <float_array id="Hand_part-mesh-normals-array" count="7776">-1 0 0 -1 0 0 0 -1 0 0 -1 0 1 0 0 1 0 0 0 1 0 0 1 0 0 0 1 0 0 1 0 0 1 0 0 1 0 0 1 0 0 1 0 0 1 0 0 1 0 0 -1 0 0 -1 0 0 -1 0 0 -1 0 0 -1 0 0 -1 0 0 -1 0 0 -1 1 0 0 1 0 0 0 -1 0 0 -1 0 -1 0 0 -1 0 0 0 1 0 0 1 0 0 0 1 0 0 1 0 0 1 0 0 1 0 0 1 0 0 1 0 0 1 0 0 1 0 0 1 0 0 1 0 0 1 0 0 1 0 0 1 0 0 1 0 0 1 0 0 1 0 0 1 0 0 1 0 0 1 0 0 1 0 0 1 0 0 1 0 0 1 0 0 1 0 0 1 0 0 1 0 0 1 0 0 1 0 0 1 0 0 1 0 0 1 0 0 1 0 0 1 0 0 1 0 0 1 0 0 1 0 0 1 0 0 1 0 0 1 0 0 1 0 0 1 0 0 1 0 0 1 0 0 1 0 0 1 0 0 1 0 0 1 0 0 1 0 0 1 0 0 1 0 0 1 0 0 1 0 0 1 0 0 1 0 0 1 0 0 1 0 0 1 0 0 1 0 0 1 0 0 1 0 0 1 0 0 1 0 0 1 0 0 1 0 0 1 0 0 1 0 0 1 0 0 1 0 0 1 0 0 1 0 0 1 0 0 1 0 0 1 0 0 1 0 0 1 0 0 1 0 0 1 0 0 1 0 0 1 0 0 1 0 0 1 0 0 1 0 0 1 0 0 1 0 0 1 0 0 1 0 0 1 0 0 1 0 0 1 0 0 1 0 0 1 0 0 1 0 0 1 0 0 1 0 0 1 0 0 1 0 0 1 0 0 1 0 0 1 0 0 1 0 0 1 0 0 1 0 0 1 0 0 1 0 0 1 0 0 1 0 0 1 0 0 1 0 0 1 0 0 1 0 0 1 0 0 1 0 0 1 0 0 1 0 0 1 0 0 1 0 0 1 0 0 1 0 0 1 0 0 1 0 0 1 0 0 1 0 0 1 0 0 1 0 0 1 0 0 1 0 0 1 0 0 1 0 0 1 0 0 1 0 0 1 0 0 1 0 0 1 0 0 1 0 0 1 0 0 1 0 0 1 0 0 1 0 0 1 0 0 1 0 0 1 0 0 1 0 0 1 0 0 1 0 0 1 0 0 1 0 0 1 0 0 1 0 0 1 0 0 1 0 0 1 0 0 1 0 0 1 0 0 1 0 0 1 0 0 1 0 0 1 0 0 1 0 0 1 0 0 1 0 0 1 0 0 1 0 0 1 0 0 1 0 0 1 0 0 1 0 0 1 0 0 1 0 0 1 0 0 1 0 0 1 0 0 1 0 0 1 0 0 1 0 0 1 0 0 1 0 0 1 0 0 1 0 0 1 0 0 1 0 0 1 0 0 1 0 0 1 0 0 1 0 0 1 0 0 1 0 0 1 0 0 1 0 0 1 0 0 1 -0.9961919 -0.08718866 0 -0.9961919 -0.08718866 0 -0.9659419 -0.2587594 0 -0.9659419 -0.2587594 0 -0.9063025 -0.4226299 0 -0.9063025 -0.4226299 0 -0.8191003 -0.5736504 0 -0.8191003 -0.5736504 0 -0.7071651 -0.7070484 0 -0.7071651 -0.7070484 0 -0.573572 -0.8191552 0 -0.573572 -0.8191552 0 -0.4226299 -0.9063025 0 -0.4226299 -0.9063025 0 -0.2587594 -0.9659419 0 -0.2587594 -0.9659419 0 -0.08718866 -0.9961919 0 -0.08718866 -0.9961919 0 -1 0 0 -1 0 0 -0.08718866 0.9961919 0 -0.08718866 0.9961919 0 -0.2587594 0.9659419 0 -0.2587594 0.9659419 0 -0.4226299 0.9063025 0 -0.4226299 0.9063025 0 -0.573572 0.8191552 0 -0.573572 0.8191552 0 -0.7071651 0.7070484 0 -0.7071651 0.7070484 0 -0.8191003 0.5736504 0 -0.8191003 0.5736504 0 -0.9063025 0.4226299 0 -0.9063025 0.4226299 0 -0.9659419 0.2587594 0 -0.9659419 0.2587594 0 -0.9961919 0.08718866 0 -0.9961919 0.08718866 0 0.9961919 0.08718866 0 0.9961919 0.08718866 0 0.9659419 0.2587594 0 0.9659419 0.2587594 0 0.9063025 0.4226299 0 0.9063025 0.4226299 0 0.8191552 0.573572 0 0.8191552 0.573572 0 0.7071068 0.7071068 0 0.7071068 0.7071068 0 0.573572 0.8191552 0 0.573572 0.8191552 0 0.4226299 0.9063025 0 0.4226299 0.9063025 0 0.2587594 0.9659419 0 0.2587594 0.9659419 0 0.08718866 0.9961919 0 0.08718866 0.9961919 0 1 0 0 1 0 0 0.08718866 -0.9961919 0 0.08718866 -0.9961919 0 0.2587594 -0.9659419 0 0.2587594 -0.9659419 0 0.4226299 -0.9063025 0 0.4226299 -0.9063025 0 0.573572 -0.8191552 0 0.573572 -0.8191552 0 0.7071068 -0.7071068 0 0.7071068 -0.7071068 0 0.8191552 -0.573572 0 0.8191552 -0.573572 0 0.9063025 -0.4226299 0 0.9063025 -0.4226299 0 0.9659419 -0.2587594 0 0.9659419 -0.2587594 0 0.9961919 -0.08718866 0 0.9961919 -0.08718866 0 -0.08706271 -0.9962029 0 -0.08706271 -0.9962029 0 -0.2588683 -0.9659126 0 -0.2588683 -0.9659126 0 -0.4227705 -0.9062368 0 -0.4227705 -0.9062368 0 -0.573572 -0.8191551 0 -0.573572 -0.8191551 0 -0.7071068 -0.7071068 0 -0.7071068 -0.7071068 0 -0.8190455 -0.5737286 0 -0.8190455 -0.5737286 0 -0.9063679 -0.4224893 0 -0.9063679 -0.4224893 0 -0.965897 -0.2589267 0 -0.965897 -0.2589267 0 -0.9962029 -0.08706271 0 -0.9962029 -0.08706271 0 -0.9962029 0.08706271 0 -0.9962029 0.08706271 0 -0.9659126 0.2588683 0 -0.9659126 0.2588683 0 -0.9063262 0.4225787 0 -0.9063262 0.4225787 0 -0.8190455 0.5737286 0 -0.8190455 0.5737286 0 -0.7071068 0.7071068 0 -0.7071068 0.7071068 0 -0.573572 0.8191551 0 -0.573572 0.8191551 0 -0.4227705 0.9062368 0 -0.4227705 0.9062368 0 -0.2588683 0.9659126 0 -0.2588683 0.9659126 0 -0.08706271 0.9962029 0 -0.08706271 0.9962029 0 0.08708292 0.9962011 0 0.08708292 0.9962011 0 0.2588683 0.9659126 0 0.2588683 0.9659126 0 0.422681 0.9062785 0 0.422681 0.9062785 0 0.573572 0.8191551 0 0.573572 0.8191551 0 0.7071068 0.7071068 0 0.7071068 0.7071068 0 0.8191551 0.573572 0 0.8191551 0.573572 0 0.9062368 0.4227705 0 0.9062368 0.4227705 0 0.9659709 0.2586505 0 0.9659709 0.2586505 0 0.9961826 0.08729434 0 0.9961826 0.08729434 0 0.9961826 -0.08729434 0 0.9961826 -0.08729434 0 0.9659553 -0.2587088 0 0.9659553 -0.2587088 0 0.9062785 -0.422681 0 0.9062785 -0.422681 0 0.8191551 -0.573572 0 0.8191551 -0.573572 0 0.7071068 -0.7071068 0 0.7071068 -0.7071068 0 0.573572 -0.8191551 0 0.573572 -0.8191551 0 0.422681 -0.9062785 0 0.422681 -0.9062785 0 0.2588683 -0.9659126 0 0.2588683 -0.9659126 0 0.08708292 -0.9962011 0 0.08708292 -0.9962011 0 -0.08706271 -0.9962029 0 -0.08706271 -0.9962029 0 -0.2588683 -0.9659126 0 -0.2588683 -0.9659126 0 -0.4227705 -0.9062368 0 -0.4227705 -0.9062368 0 -0.573572 -0.8191551 0 -0.573572 -0.8191551 0 -0.7071068 -0.7071068 0 -0.7071068 -0.7071068 0 -0.8190455 -0.5737286 0 -0.8190455 -0.5737286 0 -0.9063679 -0.4224893 0 -0.9063679 -0.4224893 0 -0.965897 -0.2589267 0 -0.965897 -0.2589267 0 -0.9962029 -0.08706271 0 -0.9962029 -0.08706271 0 -0.9962029 0.08706271 0 -0.9962029 0.08706271 0 -0.9659126 0.2588683 0 -0.9659126 0.2588683 0 -0.9063262 0.4225787 0 -0.9063262 0.4225787 0 -0.8190455 0.5737286 0 -0.8190455 0.5737286 0 -0.7071068 0.7071068 0 -0.7071068 0.7071068 0 -0.573572 0.8191551 0 -0.573572 0.8191551 0 -0.4227705 0.9062368 0 -0.4227705 0.9062368 0 -0.2588683 0.9659126 0 -0.2588683 0.9659126 0 -0.08706271 0.9962029 0 -0.08706271 0.9962029 0 0.08708292 0.9962011 0 0.08708292 0.9962011 0 0.2588683 0.9659126 0 0.2588683 0.9659126 0 0.422681 0.9062785 0 0.422681 0.9062785 0 0.573572 0.8191551 0 0.573572 0.8191551 0 0.7071068 0.7071068 0 0.7071068 0.7071068 0 0.8191551 0.573572 0 0.8191551 0.573572 0 0.9062368 0.4227705 0 0.9062368 0.4227705 0 0.9659709 0.2586505 0 0.9659709 0.2586505 0 0.9961826 0.08729434 0 0.9961826 0.08729434 0 0.9961826 -0.08729434 0 0.9961826 -0.08729434 0 0.9659553 -0.2587088 0 0.9659553 -0.2587088 0 0.9062785 -0.422681 0 0.9062785 -0.422681 0 0.8191551 -0.573572 0 0.8191551 -0.573572 0 0.7071068 -0.7071068 0 0.7071068 -0.7071068 0 0.573572 -0.8191551 0 0.573572 -0.8191551 0 0.422681 -0.9062785 0 0.422681 -0.9062785 0 0.2588683 -0.9659126 0 0.2588683 -0.9659126 0 0.08708292 -0.9962011 0 0.08708292 -0.9962011 0 -0.08706271 -0.9962029 0 -0.08706271 -0.9962029 0 -0.2588683 -0.9659126 0 -0.2588683 -0.9659126 0 -0.4227705 -0.9062368 0 -0.4227705 -0.9062368 0 -0.573572 -0.8191551 0 -0.573572 -0.8191551 0 -0.7071068 -0.7071068 0 -0.7071068 -0.7071068 0 -0.8190455 -0.5737286 0 -0.8190455 -0.5737286 0 -0.9063679 -0.4224893 0 -0.9063679 -0.4224893 0 -0.965897 -0.2589267 0 -0.965897 -0.2589267 0 -0.9962029 -0.08706271 0 -0.9962029 -0.08706271 0 -0.9962029 0.08706271 0 -0.9962029 0.08706271 0 -0.9659126 0.2588683 0 -0.9659126 0.2588683 0 -0.9063262 0.4225787 0 -0.9063262 0.4225787 0 -0.8190455 0.5737286 0 -0.8190455 0.5737286 0 -0.7071068 0.7071068 0 -0.7071068 0.7071068 0 -0.573572 0.8191551 0 -0.573572 0.8191551 0 -0.4227705 0.9062368 0 -0.4227705 0.9062368 0 -0.2588683 0.9659126 0 -0.2588683 0.9659126 0 -0.08706271 0.9962029 0 -0.08706271 0.9962029 0 0.08708292 0.9962011 0 0.08708292 0.9962011 0 0.2588683 0.9659126 0 0.2588683 0.9659126 0 0.422681 0.9062785 0 0.422681 0.9062785 0 0.573572 0.8191551 0 0.573572 0.8191551 0 0.7071068 0.7071068 0 0.7071068 0.7071068 0 0.8191551 0.573572 0 0.8191551 0.573572 0 0.9062368 0.4227705 0 0.9062368 0.4227705 0 0.9659709 0.2586505 0 0.9659709 0.2586505 0 0.9961826 0.08729434 0 0.9961826 0.08729434 0 0.9961826 -0.08729434 0 0.9961826 -0.08729434 0 0.9659553 -0.2587088 0 0.9659553 -0.2587088 0 0.9062785 -0.422681 0 0.9062785 -0.422681 0 0.8191551 -0.573572 0 0.8191551 -0.573572 0 0.7071068 -0.7071068 0 0.7071068 -0.7071068 0 0.573572 -0.8191551 0 0.573572 -0.8191551 0 0.422681 -0.9062785 0 0.422681 -0.9062785 0 0.2588683 -0.9659126 0 0.2588683 -0.9659126 0 0.08708292 -0.9962011 0 0.08708292 -0.9962011 0 -0.08706271 -0.9962029 0 -0.08706271 -0.9962029 0 -0.2588683 -0.9659126 0 -0.2588683 -0.9659126 0 -0.4227705 -0.9062368 0 -0.4227705 -0.9062368 0 -0.573572 -0.8191551 0 -0.573572 -0.8191551 0 -0.7071068 -0.7071068 0 -0.7071068 -0.7071068 0 -0.8190455 -0.5737286 0 -0.8190455 -0.5737286 0 -0.9063679 -0.4224893 0 -0.9063679 -0.4224893 0 -0.965897 -0.2589267 0 -0.965897 -0.2589267 0 -0.9962029 -0.08706271 0 -0.9962029 -0.08706271 0 -0.9962029 0.08706271 0 -0.9962029 0.08706271 0 -0.9659126 0.2588683 0 -0.9659126 0.2588683 0 -0.9063262 0.4225787 0 -0.9063262 0.4225787 0 -0.8190455 0.5737286 0 -0.8190455 0.5737286 0 -0.7071068 0.7071068 0 -0.7071068 0.7071068 0 -0.573572 0.8191551 0 -0.573572 0.8191551 0 -0.4227705 0.9062368 0 -0.4227705 0.9062368 0 -0.2588683 0.9659126 0 -0.2588683 0.9659126 0 -0.08706271 0.9962029 0 -0.08706271 0.9962029 0 0.08708292 0.9962011 0 0.08708292 0.9962011 0 0.2588683 0.9659126 0 0.2588683 0.9659126 0 0.422681 0.9062785 0 0.422681 0.9062785 0 0.573572 0.8191551 0 0.573572 0.8191551 0 0.7071068 0.7071068 0 0.7071068 0.7071068 0 0.8191551 0.573572 0 0.8191551 0.573572 0 0.9062368 0.4227705 0 0.9062368 0.4227705 0 0.9659709 0.2586505 0 0.9659709 0.2586505 0 0.9961826 0.08729434 0 0.9961826 0.08729434 0 0.9961826 -0.08729434 0 0.9961826 -0.08729434 0 0.9659553 -0.2587088 0 0.9659553 -0.2587088 0 0.9062785 -0.422681 0 0.9062785 -0.422681 0 0.8191551 -0.573572 0 0.8191551 -0.573572 0 0.7071068 -0.7071068 0 0.7071068 -0.7071068 0 0.573572 -0.8191551 0 0.573572 -0.8191551 0 0.422681 -0.9062785 0 0.422681 -0.9062785 0 0.2588683 -0.9659126 0 0.2588683 -0.9659126 0 0.08708292 -0.9962011 0 0.08708292 -0.9962011 0 0 0 -1 0 0 -1 0 0 -1 0 0 -1 0 0 -1 0 0 -1 0 0 -1 0 0 -1 0 0 -1 0 0 -1 0 0 -1 0 0 -1 0 0 -1 0 0 -1 0 0 -1 0 0 -1 0 0 -1 0 0 -1 0 0 -1 0 0 -1 0 0 -1 0 0 -1 0 0 -1 0 0 -1 0 0 -1 0 0 -1 0 0 -1 0 0 -1 0 0 -1 0 0 -1 0 0 -1 0 0 -1 0 0 -1 0 0 -1 0 0 -1 0 0 -1 0 0 -1 0 0 -1 0 0 -1 0 0 -1 0 0 -1 0 0 -1 0 0 -1 0 0 -1 0 0 -1 0 0 -1 0 0 -1 0 0 -1 0 0 -1 0 0 -1 0 0 -1 0 0 -1 0 0 -1 0 0 -1 0 0 -1 0 0 -1 0 0 -1 0 0 -1 0 0 -1 0 0 -1 0 0 -1 0 0 -1 0 0 -1 0 0 -1 0 0 -1 0 0 -1 0 0 -1 0 0 -1 0 0 -1 0 0 -1 0 0 -1 0 0 -1 0 0 -1 0 0 -1 0 0 -1 0 0 -1 0 0 -1 0 0 -1 0 0 -1 0 0 -1 0 0 -1 0 0 -1 0 0 -1 0 0 -1 0 0 -1 0 0 -1 0 0 -1 0 0 -1 0 0 -1 0 0 -1 0 0 -1 0 0 -1 0 0 -1 0 0 -1 0 0 -1 0 0 -1 0 0 -1 0 0 -1 0 0 -1 0 0 -1 0 0 -1 0 0 -1 0 0 -1 0 0 -1 0 0 -1 0 0 -1 0 0 -1 0 0 -1 0 0 -1 0 0 -1 0 0 -1 0 0 -1 0 0 -1 0 0 -1 0 0 -1 0 0 -1 0 0 -1 0 0 -1 0 0 -1 0 0 -1 0 0 -1 0 0 -1 0 0 -1 0 0 -1 0 0 -1 0 0 -1 0 0 -1 0 0 -1 0 0 -1 0 0 -1 0 0 -1 0 0 -1 0 0 -1 0 0 -1 0 0 -1 0 0 -1 0 0 -1 0 0 -1 0 0 -1 0 0 -1 0 0 -1 0 0 -1 0 0 -1 0 0 -1 0 0 -1 0 0 -1 0 0 -1 0 0 -1 0 0 -1 0 0 -1 0 0 -1 0 0 -1 0 0 -1 0 0 -1 0 0 -1 0 0 -1 0 0 -1 0 0 -1 0 0 -1 0 0 -1 0 0 -1 0 0 -1 0 0 -1 0 0 -1 0 0 -1 0 0 -1 0 0 -1 0 0 -1 0 0 -1 0 0 -1 0 0 -1 0 0 -1 0 0 -1 0 0 -1 0 0 -1 0 0 -1 0 0 -1 0 0 -1 0 0 -1 0 0 -1 0 0 -1 0 0 -1 0 0 -1 0 0 -1 0 0 -1 0 0 -1 0 0 -1 0 0 -1 0 0 -1 0 0 -1 0 0 -1 0 0 -1 0 0 -1 0 0 -1 0 0 -1 0 0 -1 0 0 -1 0 0 -1 0 0 -1 0 0 -1 0 0 -1 0 0 -1 0 0 -1 0 0 -1 0 0 -1 0 0 -1 0 0 -1 0 0 -1 0 0 -1 0 0 -1 0 0 -1 0 0 -1 0 0 -1 0 0 -1 0 0 -1 0 0 -1 0 0 -1 0 0 -1 0 0 -1 0 0 -1 0 0 -1 0 0 -1 0 0 -1 0 0 -1 0 0 -1 0 0 -1 0 0 -1 0 0 -1 0 0 -1 0 0 -1 0 0 -1 0 0 -1 0 0 -1 0 0 -1 0 0 -1 0 0 -1 0 0 -1 0 0 -1 0 0 -1 0 0 -1 0 0 -1 0 0 -1 0 0 -1 0 0 -1 0 0 -1 0 0 -1 0 0 -1 0 0 -1 0 0 -1 0 0 -1 0 0 -1 0 0 -1 0 0 -1 0 0 -1 0 0 -1 0 0 -1 0 0 -1 0 0 -1 0 0 -1 0 0 -1 0 0 -1 0 0 -1 0 0 -1 0 0 -1 0 0 -1 0 0 -1 0 0 -1 0 0 -1 0 0 -1 0 0 -1 0 0 -1 0 0 -1 0 0 -1 0 0 -1 0 0 -1 0 0 -1 0 0 -1 0 0 -1 0 0 -1 0 0 -1 0 0 -1 0 0 -1 0 0 -1 0 0 -1 0 0 -1 0 0 -1 0 0 -1 0 0 -1 0 0 -1 0 0 -1 0 0 -1 0 0 -1 0 0 -1 0 0 -1 0 0 -1 0 0 -1 0 0 -1 0 0 -1 0 0 -1 0 0 -1 0 0 -1 0 0 -1 0 0 -1 0 0 -1 0 0 -1 0 0 -1 0 0 -1 0 0 -1 0 0 -1 0 0 -1 0 0 -1 0 0 -1 0 0 -1 0 0 -1 0 0 -1 0 0 -1 0 0 -1 0 0 -1 0 0 -1 0 0 -1 0 0 -1 0 0 -1 0 0 -1 0 0 -1 0 0 -1 0 0 -1 0 0 -1 0 0 -1 0 0 -1 0 0 -1 0 0 -1 0 0 -1 0 0 -1 0 0 -1 0 0 -1 0 0 -1 0 0 -1 0 0 -1 0 0 -1 0 0 -1 0 0 -1 0 0 -1 0 0 -1 0 0 -1 0 0 -1 0 0 -1 0 0 -1 0 0 -1 0 0 -1 0 0 -1 0 0 -1 0 0 -1 0 0 -1 0 0 -1 0 0 -1 0 0 -1 0 0 -1 0 0 -1 0 0 -1 0 0 -1 0 0 -1 0 0 -1 0 0 -1 0 0 -1 0 0 -1 0 0 -1 0 0 -1 0 0 -1 0 0 -1 0 0 -1 0 0 -1 0 0 -1 0 0 -1 0 0 -1 0 0 -1 0 0 -1 0 0 -1 0 0 -1 0 0 -1 0 0 -1 0 0 -1 0 0 -1 0 0 -1 0 0 -1 0 0 -1 0 0 -1 0 0 -1 0 0 -1 0 0 -1 0 0 -1 0 0 -1 0 0 -1 0 0 -1 0 0 -1 0.8190976 -0.5736485 -0.002562105 0.9062998 -0.4226286 -0.002421498 0.8869838 -0.4618007 0 0.843354 -0.5373583 0 0.9659392 -0.2587587 -0.002327501 0.9537552 -0.3005844 0 0.923889 -0.3826608 0 0.9961892 -0.08718842 -0.002290725 0.9914345 -0.1306053 0 0.9762967 -0.2164365 0 0.9961892 0.08718842 -0.002290725 0.9990487 0.04360926 0 0.9990487 -0.04360926 0 0.9659392 0.2587587 -0.002327501 0.9762967 0.2164365 0 0.9914345 0.1306053 0 0.9062998 0.4226286 -0.002421498 0.923889 0.3826608 0 0.9537552 0.3005844 0 0.7951093 0.606446 -0.004942834 0.843354 0.5373583 0 0.8869838 0.4618006 0 0.8191003 0.5736504 0 0.7071652 0.7070485 0 0.7071652 0.7070485 0 0.573572 0.8191551 0 0.573572 0.8191551 0 0.4226298 0.9063024 0 0.4226298 0.9063024 0 0.2587594 0.9659419 0 0.2587594 0.9659418 0 0.08718866 0.9961919 0 0.08718866 0.9961919 0 -0.08718866 0.9961919 0 -0.08718866 0.9961918 0 0.793291 -0.6088427 0 0.7071652 -0.7070485 0 0.7071652 -0.7070485 0 0.573572 -0.8191551 0 0.573572 -0.8191551 0 0.4226298 -0.9063024 0 0.4226298 -0.9063024 0 0.2587594 -0.9659419 0 0.2587594 -0.9659418 0 0.08718866 -0.9961919 0 0.08718866 -0.9961919 0 -0.08718866 -0.9961919 0 -0.08718866 -0.9961918 0 -0.2543174 -0.9671209 0 -0.2587587 -0.9659393 -0.00227648 -0.3373138 -0.9413923 0 -0.4226299 -0.9063024 0 -0.4226299 -0.9063024 0 -0.573572 -0.8191552 0 -0.573572 -0.8191552 0 -0.7071068 -0.7071068 0 -0.7071068 -0.7071068 0 -0.8191552 -0.573572 0 -0.8191552 -0.573572 0 -0.9063024 -0.4226299 0 -0.9063024 -0.4226299 0 -0.9659419 -0.2587594 0 -0.9659419 -0.2587594 0 -0.9961919 -0.08718866 0 -0.9961919 -0.08718866 0 -0.9961919 0.08718866 0 -0.9961919 0.08718866 0 -0.9659419 0.2587594 0 -0.9659419 0.2587594 0 -0.9063024 0.4226299 0 -0.9063024 0.4226299 0 -0.8191552 0.573572 0 -0.8191552 0.573572 0 -0.7071068 0.7071068 0 -0.7071068 0.7071068 0 -0.573572 0.8191552 0 -0.573572 0.8191552 0 -0.4226299 0.9063024 0 -0.4226299 0.9063024 0 -0.2587594 0.9659419 0 -0.3370024 0.9405231 -0.04296213 -0.2543174 0.9671209 0 1 0 0 1 0 0 0 1 0 0 1 0 0 1 0 0 1 0 0 1 0 0 1 0 0 1 0 0 1 0 0 1 0 0 1 0 0 1 0 0 1 0 0 1 0 0 1 0 0 1 0 0 1 0 0 1 0 0 1 0 0 1 0 0 1 0 0 1 0 0 1 0 0 1 0 0 1 0 0 1 0 0 1 0 0 1 0 0 1 0 0 1 0 0 1 0 0 1 0 0 1 0 0 1 0 0 1 0 0 1 0 0 1 0 0 1 0 0 1 0 0 1 0 0 1 0 -1 0 0 -1 0 0 0 -1 0 0 -1 0 0 -1 0 0 -1 0 0 -1 0 0 -1 0 0 -1 0 0 -1 0 0 -1 0 0 -1 0 0 -1 0 0 -1 0 0 -1 0 0 -1 0 0 -1 0 0 -1 0 0 -1 0 0 -1 0 0 -1 0 0 -1 0 0 -1 0 0 -1 0 0 -1 0 0 -1 0 0 -1 0 0 -1 0 0 -1 0 0 -1 0 0 -1 0 0 -1 0 0 -1 0 0 -1 0 0 -1 0 0 -1 0 0 -1 0 0 -1 0 0 -1 0 0 -1 0 0 -1 0 0 -1 0 -0.8191525 0.5735701 -0.002556502 -0.9062998 0.4226286 -0.002421498 -0.8869838 0.4618007 0 -0.843354 0.5373583 0 -0.9659392 0.2587587 -0.002327501 -0.9537552 0.3005844 0 -0.923889 0.3826608 0 -0.9961892 0.08718842 -0.002290725 -0.9914345 0.1306053 0 -0.9762967 0.2164365 0 -0.9961892 -0.08718842 -0.002290725 -0.9990487 -0.04360926 0 -0.9990487 0.04360926 0 -0.9659392 -0.2587587 -0.002327501 -0.9762967 -0.2164365 0 -0.9914345 -0.1306053 0 -0.9062998 -0.4226286 -0.002421498 -0.923889 -0.3826608 0 -0.9537552 -0.3005844 0 -0.7952179 -0.6063037 -0.004932343 -0.843354 -0.5373583 0 -0.8869838 -0.4618006 0 -0.8191552 -0.573572 0 -0.7071068 -0.7071068 0 -0.7071068 -0.7071068 0 -0.573572 -0.8191551 0 -0.573572 -0.8191551 0 -0.4226298 -0.9063024 0 -0.4226298 -0.9063024 0 -0.2587594 -0.9659419 0 -0.2587594 -0.9659418 0 -0.08718866 -0.9961919 0 -0.08718866 -0.9961919 0 0.08718866 -0.9961919 0 0.08718866 -0.9961918 0 -0.7934036 0.6086959 0 -0.7071068 0.7071068 0 -0.7071068 0.7071068 0 -0.573572 0.8191551 0 -0.573572 0.8191551 0 -0.4226298 0.9063024 0 -0.4226298 0.9063024 0 -0.2587594 0.9659419 0 -0.2587594 0.9659418 0 -0.08718866 0.9961919 0 -0.08718866 0.9961919 0 0.08718866 0.9961919 0 0.08718866 0.9961918 0 0.2543174 0.9671209 0 0.2587587 0.9659393 -0.00227648 0.3373138 0.9413923 0 0.4226299 0.9063024 0 0.4226299 0.9063024 0 0.573572 0.8191552 0 0.573572 0.8191552 0 0.7071652 0.7070484 0 0.7071652 0.7070484 0 0.8191003 0.5736503 0 0.8191003 0.5736503 0 0.9063024 0.4226299 0 0.9063024 0.4226299 0 0.9659419 0.2587594 0 0.9659419 0.2587594 0 0.9961919 0.08718866 0 0.9961919 0.08718866 0 0.9961919 -0.08718866 0 0.9961919 -0.08718866 0 0.9659419 -0.2587594 0 0.9659419 -0.2587594 0 0.9063024 -0.4226299 0 0.9063024 -0.4226299 0 0.8191003 -0.5736503 0 0.8191003 -0.5736503 0 0.7071652 -0.7070484 0 0.7071652 -0.7070484 0 0.573572 -0.8191552 0 0.573572 -0.8191552 0 0.4226299 -0.9063024 0 0.4226299 -0.9063024 0 0.2587594 -0.9659419 0 0.3370024 -0.9405231 -0.04296213 0.2543174 -0.9671209 0 0.7071652 -0.7070485 0 0.573572 -0.8191551 0 0.573572 -0.8191551 0 0.4226298 -0.9063024 0 0.4226298 -0.9063024 0 0.2587594 -0.9659419 0 0.2587594 -0.9659418 0 0.08718866 -0.9961919 0 0.08718866 -0.9961919 0 -0.08718866 -0.9961919 0 -0.08718866 -0.9961918 0 -0.2543174 -0.9671209 0 -0.2587587 -0.9659393 -0.00227648 -0.3373138 -0.9413923 0 -0.4226299 -0.9063024 0 -0.4226299 -0.9063024 0 -0.573572 -0.8191552 0 -0.573572 -0.8191552 0 -0.7071068 -0.7071068 0 -0.7071068 -0.7071068 0 -0.8191552 -0.573572 0 -0.8191552 -0.573572 0 -0.9063024 -0.4226299 0 -0.9063024 -0.4226299 0 -0.9659419 -0.2587594 0 -0.9659419 -0.2587594 0 -0.9961919 -0.08718866 0 -0.9961919 -0.08718866 0 -0.9961919 0.08718866 0 -0.9961919 0.08718866 0 -0.9659419 0.2587594 0 -0.9659419 0.2587594 0 -0.9063024 0.4226299 0 -0.9063024 0.4226299 0 -0.8191552 0.573572 0 -0.8191552 0.573572 0 -0.7071068 0.7071068 0 -0.7071068 0.7071068 0 -0.573572 0.8191552 0 -0.573572 0.8191552 0 -0.4226299 0.9063024 0 -0.4226299 0.9063024 0 -0.2587594 0.9659419 0 -0.3370024 0.9405231 -0.04296213 0.8190976 -0.5736485 -0.002562105 0.793291 -0.6088427 0 0.7071652 -0.7070485 0 0.9062998 -0.4226286 -0.002421498 0.8869838 -0.4618007 0 0.843354 -0.5373583 0 0.9659392 -0.2587587 -0.002327501 0.9537552 -0.3005844 0 0.923889 -0.3826608 0 0.9961892 -0.08718842 -0.002290725 0.9914345 -0.1306053 0 0.9762967 -0.2164365 0 0.9961892 0.08718842 -0.002290725 0.9990487 0.04360926 0 0.9990487 -0.04360926 0 0.9659392 0.2587587 -0.002327501 0.9762967 0.2164365 0 0.9914345 0.1306053 0 0.9062998 0.4226286 -0.002421498 0.923889 0.3826608 0 0.9537552 0.3005844 0 0.7951093 0.606446 -0.004942834 0.843354 0.5373583 0 0.8869838 0.4618006 0 -0.2543174 0.9671209 0 -0.08718866 0.9961918 0 -0.08718866 0.9961919 0 0.08718866 0.9961919 0 0.08718866 0.9961919 0 0.2587594 0.9659418 0 0.2587594 0.9659419 0 0.4226298 0.9063024 0 0.4226298 0.9063024 0 0.573572 0.8191551 0 0.573572 0.8191551 0 0.7071652 0.7070485 0 0.7071652 0.7070485 0 0.8191003 0.5736504 0 -0.7071068 0.7071068 0 -0.573572 0.8191551 0 -0.573572 0.8191551 0 -0.4226298 0.9063024 0 -0.4226298 0.9063024 0 -0.2587594 0.9659419 0 -0.2587594 0.9659418 0 -0.08718866 0.9961919 0 -0.08718866 0.9961919 0 0.08718866 0.9961919 0 0.08718866 0.9961918 0 0.2543174 0.9671209 0 0.2587587 0.9659393 -0.00227648 0.3373138 0.9413923 0 0.4226299 0.9063024 0 0.4226299 0.9063024 0 0.573572 0.8191552 0 0.573572 0.8191552 0 0.7071652 0.7070484 0 0.7071652 0.7070484 0 0.8191003 0.5736503 0 0.8191003 0.5736503 0 0.9063024 0.4226299 0 0.9063024 0.4226299 0 0.9659419 0.2587594 0 0.9659419 0.2587594 0 0.9961919 0.08718866 0 0.9961919 0.08718866 0 0.9961919 -0.08718866 0 0.9961919 -0.08718866 0 0.9659419 -0.2587594 0 0.9659419 -0.2587594 0 0.9063024 -0.4226299 0 0.9063024 -0.4226299 0 0.8191003 -0.5736503 0 0.8191003 -0.5736503 0 0.7071652 -0.7070484 0 0.7071652 -0.7070484 0 0.573572 -0.8191552 0 0.573572 -0.8191552 0 0.4226299 -0.9063024 0 0.4226299 -0.9063024 0 0.2587594 -0.9659419 0 0.3370024 -0.9405231 -0.04296213 -0.8191525 0.5735702 -0.002556502 -0.7934036 0.6086959 0 -0.7071068 0.7071068 0 -0.9062998 0.4226286 -0.002421498 -0.8869838 0.4618007 0 -0.843354 0.5373583 0 -0.9659392 0.2587587 -0.002327501 -0.9537552 0.3005844 0 -0.923889 0.3826608 0 -0.9961892 0.08718842 -0.002290725 -0.9914345 0.1306053 0 -0.9762967 0.2164365 0 -0.9961892 -0.08718842 -0.002290725 -0.9990487 -0.04360926 0 -0.9990487 0.04360926 0 -0.9659392 -0.2587587 -0.002327501 -0.9762967 -0.2164365 0 -0.9914345 -0.1306053 0 -0.9062998 -0.4226286 -0.002421498 -0.923889 -0.3826608 0 -0.9537552 -0.3005844 0 -0.7952179 -0.6063037 -0.004932343 -0.843354 -0.5373583 0 -0.8869838 -0.4618006 0 0.2543174 -0.9671209 0 0.08718866 -0.9961918 0 0.08718866 -0.9961919 0 -0.08718866 -0.9961919 0 -0.08718866 -0.9961919 0 -0.2587594 -0.9659418 0 -0.2587594 -0.9659419 0 -0.4226298 -0.9063024 0 -0.4226298 -0.9063024 0 -0.573572 -0.8191551 0 -0.573572 -0.8191551 0 -0.7071068 -0.7071068 0 -0.7071068 -0.7071068 0 -0.8191552 -0.573572 0 0 0 -1 0 0 -1 0 0 -1 0 0 -1 0 0 -1 0 0 -1 0 0 -1 0 0 -1 0 0 -1 0 0 -1 0 0 -1 0 0 -1 0 0 -1 0 0 -1 0 0 -1 0 0 -1 0 0 -1 0 0 -1 0 0 -1 0 0 -1 0 0 -1 0 0 -1 0 0 -1 0 0 -1 0 0 -1 0 0 -1 0 0 -1 0 0 -1 0 0 -1 0 0 -1 0 0 -1 0 0 -1 0 0 -1 0 0 -1 0 0 -1 0 0 -1 0 0 -1 0 0 -1 0 0 -1 0 0 -1 0 0 -1 0 0 -1 0 0 -1 0 0 -1 0 0 -1 0 0 -1 0 0 -1 0 0 -1 0 0 -1 0 0 -1 0 0 -1 0 0 -1 0 0 -1 0 0 -1 0 0 -1 0 0 -1 0 0 -1 0 0 -1 0 0 -1 0 0 -1 0 0 -1 0 0 -1 0 0 -1 0 0 -1 0 0 -1 0 0 -1 0 0 -1 0 0 -1 0 0 -1 0 0 -1 0 0 -1 0 0 -1 0 0 -1 0 0 -1 0 0 -1 0 0 -1 0 0 -1 0 0 -1 0 0 -1 0 0 -1 0 0 -1 0 0 -1 1 0 0 1 0 0 1 0 0 0 1 0 0 1 0 0 1 0 0 -1 0 0 -1 0 -1 0 0 -1 0 0 -1 0 0 0 -0.9863947 -0.1643948 0 -0.9863947 -0.1643948 0 -1 0 0 -1 0 0 -1 0 -1 0 0 -1 0 0 -0.986394 0 -0.1643987 -0.986394 0 -0.1643987 0 0 -1 0 0 -1 0 0 -1 0 0 -1 0 0 -1 0 0 -1 0 0 -1 0 0 -1 0 0 -1 0 0 -1 0.986394 0 -0.1643987 0.986394 0 -0.1643987 1 0 0 1 0 0 0 -1 0 0 -1 0 0 -1 0 1 0 0 1 0 0 1 0 0 -0.7071068 -0.7071068 0 -0.7071068 -0.7071068 0 -0.6974945 -0.7070985 -0.1162461 -0.6974858 -0.7071068 -0.1162475 0.7071068 -0.7071068 0 0.7071067 -0.7071068 0 -0.7071071 -0.6974861 -0.1162446 -0.707107 -0.6974861 -0.1162447 0.7071068 -0.7071068 0 0.7071068 -0.7071068 0 0.6974852 -0.7071066 -0.1162529 0.6974719 -0.707121 -0.1162452 0 -0.7071068 -0.7071068 0 -0.7071068 -0.7071068 0.7071067 0 -0.7071068 0.7071067 0 -0.7071068 0 -0.6463868 -0.7630099 0 -0.6463868 -0.7630099 0.7071071 -0.6974861 -0.1162447 0.7071069 -0.6974862 -0.1162447 0.5532664 -0.538443 -0.6355906 -0.7071068 0 -0.7071068 -0.7071068 0 -0.7071068 -0.5532664 -0.538443 -0.6355906 0 -0.7071068 -0.7071068 0 -0.7071068 -0.7071068 -0.7071068 -0.7071068 0 -0.7071068 -0.7071068 0 0 1 0 0 1 0 0 1 0 -1 0 0 -1 0 0 -1 0 0 0 1 0 0 1 0 0 0.9863947 -0.1643948 0 0.9863947 -0.1643948 -0.7071067 0.7071068 0 -0.7071067 0.7071068 0 -0.6974927 0.7070997 -0.1162486 -0.697486 0.7071071 -0.1162447 -0.7071068 0.7071068 0 -0.7071068 0.7071068 0 0 0.7071069 -0.7071067 0 0.7071069 -0.7071067 0.7071067 0.7071068 0 0.7071068 0.7071068 0 -0.7071071 0.6974861 -0.1162447 -0.707107 0.6974862 -0.1162447 -0.7071068 0 -0.7071068 -0.7071068 0 -0.7071068 0.707107 0.6974861 -0.1162446 0.707107 0.6974862 -0.1162447 0 0.6463868 -0.7630099 0 0.6463868 -0.7630099 0.7071068 0 -0.7071068 0.7071068 0 -0.7071068 0.7071067 0.7071068 0 0.7071067 0.7071068 0 0.6974686 0.7071234 -0.1162502 0.6974857 0.707107 -0.1162474 0 0.7071069 -0.7071067 0 0.7071069 -0.7071067 0.5532664 0.538443 -0.6355906 -0.5532664 0.538443 -0.6355906 0 1 0 0 1 0 0 1 0 0 1 0 0 1 0 0 1 0 0 1 0 0 1 0 0 1 0 0 1 0 0 1 0 0 1 0 0 1 0 0 1 0 0 1 0 0 1 0 0 1 0 0 1 0 0 1 0 0 1 0 0 1 0 0 1 0 0 1 0 0 1 0 0 1 0 0 1 0 0 1 0 0 1 0 0 1 0 0 1 0 0 1 0 0 1 0 0 1 0 0 1 0 0 1 0 0 1 0 0 1 0 0 1 0 0 1 0 0 1 0 0 1 0 0 1 0 0 1 0 0 1 0 0 1 0 0 1 0 -0.7065525 0.03958892 -0.7065525 -0.7046093 0.0786457 -0.7052237 -0.5878696 0.5554244 -0.5881438 -0.6215766 0.4770154 -0.6213685 -0.6170154 0.4884507 -0.6170154 -0.6484163 0.3988893 -0.6484163 -0.6418573 0.4187467 -0.6423943 -0.6691316 0.3240414 -0.668775 -0.6633601 0.3462442 -0.6633764 -0.6860287 0.2422933 -0.6860455 -0.6801371 0.2713933 -0.6809987 -0.6976349 0.1651311 -0.6971637 -0.6935162 0.1950865 -0.6935247 -0.7022427 0.1170402 -0.7022513 -0.5378023 0.6497644 -0.5371917 -0.5567498 0.6164896 -0.5567498 -0.5930171 0.5446665 -0.5930171 -0.4594789 0.7604781 -0.4588597 -0.4775331 0.7375124 -0.4775331 -0.5215047 0.6753263 -0.5215047 -0.3694826 0.8528634 -0.3689263 -0.384737 0.8390179 -0.3847419 -0.4354848 0.7878459 -0.4354903 -0.2706031 0.9240108 -0.2701444 -0.2822056 0.9169067 -0.2822092 -0.3378181 0.8784959 -0.3378224 -0.1174525 0.9863815 -0.1151359 -0.1709451 0.9703378 -0.1709451 -0.229355 0.9459347 -0.229355 -0.1650431 0.9723789 -0.1650452 -0.05555188 0.9969093 -0.0555526 -0.0555517 0.9969092 -0.05555248 -0.08718866 0.9961918 2.09987e-7 -0.1647524 0.9863348 -5.36978e-4 -0.07857024 0.9969086 0 -0.4226745 0.9062815 8.75898e-7 -0.4772416 0.878772 -4.20998e-4 -0.3990364 0.916935 -2.87061e-7 -0.2587302 0.9659497 -1.08313e-6 -0.3244619 0.9458987 -4.74485e-4 -0.2418155 0.9703223 5.82394e-7 -0.7071068 0.7071068 0 -0.7372426 0.675628 -3.02237e-4 -0.6753773 0.7374724 1.33775e-6 -0.5736269 0.8191168 2.00587e-7 -0.6157891 0.7879109 -3.62746e-4 -0.5443134 0.8388819 1.92268e-6 -0.9062815 0.4226746 1.48612e-7 -0.9169706 0.3989548 -1.80896e-4 -0.8788257 0.4771429 7.94676e-7 -0.8191167 0.5736268 -2.01328e-7 -0.8386141 0.544726 -2.42363e-4 -0.7877075 0.6160496 1.2524e-6 -0.9961919 0.08718866 0 -0.9969084 0.07857221 -6.02839e-5 -0.986488 0.1638337 -3.99883e-7 -0.9659497 0.2587302 -6.31506e-7 -0.9702682 0.2420325 -1.20825e-4 -0.9455025 0.3256149 7.17721e-7 -0.7070618 0 -0.7071518 -0.7071068 0 -0.7071068 -0.7070854 7.38458e-5 -0.7071282 -0.7071068 0 -0.7071068 -0.7070618 0 -0.7071518 -0.7071421 1.41005e-4 -0.7070716 -0.7070566 -2.00868e-4 -0.707157 -0.7071068 7.91036e-5 -0.7071068 -0.7071107 2.91382e-5 -0.7071028 -0.7071266 -1.10098e-4 -0.7070869 -0.7071217 3.95351e-6 -0.7070918 -0.7071523 0 -0.7070612 -0.7071523 0 -0.7070612 -0.7071068 0 -0.7071068 -0.7071068 0 -0.7071068 -0.7070484 0 -0.7071651 -0.7070263 1.1178e-4 -0.7071873 -0.7072378 -9.02417e-5 -0.7069756 -0.7071194 5.60816e-6 -0.7070941 -0.7073572 -1.43132e-4 -0.7068563 -0.7067656 1.94916e-4 -0.7074478 -0.7071281 0 -0.7070854 -0.7071118 -1.35223e-6 -0.7071017 -0.7071101 -1.504e-6 -0.7071033 -0.7071266 1.10098e-4 -0.7070869 -0.7071107 -2.92511e-5 -0.7071028 -0.7071068 -7.91036e-5 -0.7071068 -0.7070565 2.00868e-4 -0.707157 -0.7071421 -1.41005e-4 -0.7070716 -0.7073482 2.06202e-5 -0.7068652 -0.7069186 -2.26145e-5 -0.707295 -0.7071084 -1.67979e-6 -0.7071052 -0.707139 6.00853e-6 -0.7070746 -0.7071486 1.10197e-5 -0.7070649 -0.7067657 -1.94916e-4 -0.7074478 -0.7073572 1.43132e-4 -0.7068563 -0.7071217 -3.95351e-6 -0.7070918 -0.7071194 -5.60816e-6 -0.7070941 -0.7071081 -1.71262e-6 -0.7071055 -0.7071079 -1.7423e-6 -0.7071056 -0.7070535 -9.95922e-6 -0.7071602 -0.7070618 0 -0.7071519 -0.7068681 -1.91693e-5 -0.7073454 -0.7074422 3.87005e-5 -0.7067711 -0.707114 3.18448e-6 -0.7070996 -0.7071142 1.13963e-5 -0.7070994 -0.7071148 1.02751e-5 -0.7070987 -0.7071157 9.19686e-6 -0.707098 -0.7071068 0 -0.7071068 -0.7071068 0 -0.7071068 -0.7070654 0 -0.7071482 -0.7070654 0 -0.7071482 -0.7071482 0 -0.7070654 -0.7071483 0 -0.7070654 -0.7070617 0 -0.7071518 -0.7072378 9.02417e-5 -0.7069756 -0.7070263 -1.1178e-4 -0.7071873 -0.7071157 -9.19686e-6 -0.707098 -0.7071086 2.64913e-6 -0.7071051 -0.7071089 2.67222e-6 -0.7071047 -0.7071093 2.71171e-6 -0.7071042 -0.7071148 -1.02751e-5 -0.7070987 -0.7071142 -1.13963e-5 -0.7070994 -0.7070853 -7.38458e-5 -0.7071282 -1 0 0 -1 0 0 0 0 -1 0 0 -1 0 0 -1 0 0 -1 0 0 -1 0 0 -1 0 0 -1 0 0 -1 0 0 -1 0 0 -1 0 0 -1 0 0 -1 0 0 -1 0 0 -1 0 0 -1 0 0 -1 0 0 -1 0 0 -1 0 0 -1 0 0 -1 0 0 -1 0 0 -1 0 0 -1 0 0 -1 0 0 -1 0 0 -1 0 0 -1 0 0 -1 0 0 -1 0 0 -1 0 0 -1 0 0 -1 0 0 -1 0 0 -1 0 0 -1 0 0 -1 0 0 -1 0 0 -1 0 0 -1 0 0 -1 0 0 -1 0 0 -1 0 0 -1 0 0 -1 -0.5213429 -0.6755772 -0.5213418 -0.05555188 -0.9969092 -0.0555526 -0.06154191 -0.9961873 -0.06183367 -0.1650503 -0.9724216 -0.1647862 -0.1709128 -0.9703507 -0.1709046 -0.2705695 -0.9238971 -0.2705666 -0.2821452 -0.9171246 -0.2815609 -0.2304928 -0.945383 -0.2304866 -0.4593501 -0.7602654 -0.4593408 -0.4777413 -0.7379602 -0.4766322 -0.4357067 -0.7876018 -0.43571 -0.3694071 -0.8526898 -0.3694028 -0.3852118 -0.8389765 -0.3843572 -0.3372828 -0.8789075 -0.3372862 -0.5576969 -0.6160426 -0.5562965 -0.537626 -0.6495512 -0.537626 -0.5930176 -0.544665 -0.5930176 -0.5878697 -0.555424 -0.588144 -0.6215768 -0.477015 -0.6213687 -0.6170163 -0.4884484 -0.6170163 -0.6484158 -0.3988909 -0.6484158 -0.6418576 -0.4187461 -0.6423946 -0.6691303 -0.3240469 -0.6687737 -0.6633601 -0.3462443 -0.6633763 -0.6860288 -0.2422931 -0.6860456 -0.6801367 -0.2713954 -0.6809983 -0.6976354 -0.1651284 -0.6971639 -0.7065525 -0.03958892 -0.7065525 -0.7046093 -0.07864606 -0.7052237 -0.7022427 -0.1170402 -0.7022513 -0.6935162 -0.1950865 -0.6935247 -0.4771431 -0.8788256 0 -0.9659496 -0.2587302 1.09385e-6 -0.9454814 -0.3256759 -4.86659e-4 -0.9702711 -0.2420207 -5.90721e-7 -0.9961918 -0.08718866 -2.12809e-7 -0.9864817 -0.1638707 -5.38785e-4 -0.9969086 -0.07857024 0 -0.8191167 -0.5736269 0 -0.7879273 -0.6157681 -3.63962e-4 -0.8386439 -0.5446802 0 -0.9062815 -0.4226745 1.3265e-6 -0.8787856 -0.4772166 -4.23903e-4 -0.9169825 -0.3989274 2.90548e-7 -0.5736268 -0.8191167 0 -0.5441974 -0.8389571 -2.45364e-4 -0.6160498 -0.7877072 0 -0.7071068 -0.7071068 0 -0.6751149 -0.7377126 -3.06892e-4 -0.7374434 -0.675409 0 -0.3986262 -0.9171136 -1.81883e-4 -0.4226745 -0.9062815 0 -0.325615 -0.9455025 0 -0.2587302 -0.9659496 -9.68936e-5 -0.2417113 -0.9703482 0 -0.08718866 -0.9961919 0 -0.08718866 -0.9961918 0 0.7070618 0 -0.7071518 0.7071068 0 -0.7071068 0.7071068 0 -0.7071068 0.7071068 0 -0.7071068 0.7071523 0 -0.7070612 0.7071068 0 -0.7071068 0.7071266 -1.10098e-4 -0.7070869 0.7071107 2.92511e-5 -0.7071028 0.7071068 7.91036e-5 -0.7071068 0.7070565 -2.00868e-4 -0.707157 0.7071421 1.41005e-4 -0.7070716 0.7070618 0 -0.7071518 0.7071421 -1.41005e-4 -0.7070716 0.7070566 2.00868e-4 -0.707157 0.7071068 -7.91036e-5 -0.7071068 0.7071107 -2.91382e-5 -0.7071028 0.7071266 1.10098e-4 -0.7070869 0.7071217 -3.95351e-6 -0.7070918 0.7071068 0 -0.7071068 0.7071068 0 -0.7071068 0.7071523 0 -0.7070612 0.7070263 -1.1178e-4 -0.7071873 0.7072378 9.02417e-5 -0.7069756 0.7071194 -5.60816e-6 -0.7070941 0.7073572 1.43132e-4 -0.7068563 0.7067656 -1.94916e-4 -0.7074478 0.7071281 0 -0.7070854 0.7071118 1.35223e-6 -0.7071017 0.7071101 1.504e-6 -0.7071033 0.707139 -6.00853e-6 -0.7070746 0.7071486 -1.10197e-5 -0.7070649 0.7067657 1.94916e-4 -0.7074478 0.7073572 -1.43132e-4 -0.7068563 0.7071217 3.95351e-6 -0.7070918 0.7071194 5.60816e-6 -0.7070941 0.7073482 -2.06202e-5 -0.7068652 0.7069186 2.26145e-5 -0.707295 0.7071084 1.67979e-6 -0.7071052 0.7068681 1.91693e-5 -0.7073454 0.7074422 -3.87005e-5 -0.7067711 0.707114 -3.18448e-6 -0.7070996 0.7071081 1.71262e-6 -0.7071055 0.7069835 1.8599e-5 -0.7072301 0.7071068 0 -0.7071068 0.7070618 0 -0.7071519 0.7070506 -1.21666e-4 -0.707163 0.7071148 -1.02751e-5 -0.7070987 0.7071157 -9.19686e-6 -0.707098 0.7072378 -9.02417e-5 -0.7069756 0.7070263 1.1178e-4 -0.7071873 0.7071157 9.19686e-6 -0.707098 0.7071068 0 -0.7071068 0.7071068 0 -0.7071068 0.7070654 0 -0.7071482 0.7070654 0 -0.7071482 0.7071482 0 -0.7070654 0.7071483 0 -0.7070654 0.7070617 0 -0.7071518 0.7069674 6.1476e-6 -0.7072462 0.7071089 -2.67222e-6 -0.7071047 0.7071093 -2.71171e-6 -0.7071042 0.7071148 1.02751e-5 -0.7070987 0.7070506 1.21666e-4 -0.707163 0.7071068 0 -0.7071068 1 0 0 1 0 0 0.5213402 0.6755762 -0.5213456 0.05556708 0.9969075 -0.05556857 0.06154191 0.9961873 -0.06183367 0.1650062 0.9724366 -0.1647424 0.1708614 0.9703688 -0.1708532 0.2706386 0.9238576 -0.2706323 0.282052 0.9171804 -0.2814725 0.2307617 0.9452518 -0.2307555 0.4592529 0.7603794 -0.4592493 0.4779204 0.7377353 -0.4768005 0.435109 0.7882569 -0.4351221 0.3694056 0.8526864 -0.3694121 0.3855046 0.8387102 -0.3846446 0.3375277 0.8787211 -0.3375268 0.557692 0.6160451 -0.5562986 0.537722 0.6493921 -0.537722 0.5930176 0.544665 -0.5930176 0.5876867 0.555801 -0.5879707 0.6215738 0.4770127 -0.6213734 0.6170133 0.4884461 -0.617021 0.6484125 0.3988888 -0.6484204 0.642007 0.418294 -0.6425396 0.6691303 0.3240469 -0.6687737 0.6633601 0.3462443 -0.6633763 0.6860288 0.2422931 -0.6860456 0.6801367 0.2713954 -0.6809983 0.6976354 0.1651284 -0.6971639 0.7065678 0.0390399 -0.7065678 0.7046051 0.07864582 -0.705228 0.7021974 0.1175827 -0.702206 0.6935162 0.1950865 -0.6935247 0.4776304 0.878561 0 0.9659496 0.2587302 1.09385e-6 0.9454814 0.3256759 -4.86659e-4 0.9702711 0.2420207 -5.90721e-7 0.9961918 0.08718866 -2.12809e-7 0.9864817 0.1638707 -5.38785e-4 0.9969086 0.07857024 0 0.8191167 0.5736269 0 0.7879273 0.6157681 -3.63962e-4 0.8386439 0.5446802 0 0.9062815 0.4226745 1.3265e-6 0.8787856 0.4772166 -4.23903e-4 0.9169825 0.3989274 2.90548e-7 0.5734623 0.8192319 0 0.5446102 0.8386893 -2.40646e-4 0.615086 0.7884601 0 0.7072818 0.7069317 0 0.6754649 0.7373921 -3.05244e-4 0.7374434 0.675409 0 0.3984426 0.9171932 -1.83262e-4 0.4226745 0.9062815 0 0.3261519 0.9453174 0 0.2587302 0.9659496 -9.75181e-5 0.2416086 0.9703738 0 0.08718866 0.9961919 0 0.08718866 0.9961918 0 0 -1 0 0 -1 0 0 -1 0 0 -1 0 0 -1 0 0 -1 0 0 -1 0 0 -1 0 0 -1 0 0 -1 0 0 -1 0 0 -1 0 0 -1 0 0 -1 0 0 -1 0 0 -1 0 0 -1 0 0 -1 0 0 -1 0 0 -1 0 0 -1 0 0 -1 0 0 -1 0 0 -1 0 0 -1 0 0 -1 0 0 -1 0 0 -1 0 0 -1 0 0 -1 0 0 -1 0 0 -1 0 0 -1 0 0 -1 0 0 -1 0 0 -1 0 0 -1 0 0 -1 0 0 -1 0 0 -1 0 0 -1 0 0 -1 0 0 -1 0 0 -1 0 0 -1 0 0 -1 0 0.7065678 -0.0390399 -0.7065678 0.7046051 -0.07864522 -0.7052281 0.5876869 -0.5558007 -0.5879708 0.6215732 -0.4770144 -0.6213728 0.6170135 -0.4884457 -0.6170212 0.6484126 -0.3988885 -0.6484206 0.6420066 -0.4182951 -0.6425392 0.6691316 -0.3240414 -0.668775 0.6633601 -0.3462442 -0.6633764 0.6860287 -0.2422933 -0.6860455 0.6801371 -0.2713933 -0.6809987 0.6976349 -0.1651311 -0.6971637 0.6935162 -0.1950865 -0.6935247 0.7021974 -0.1175827 -0.702206 0.5378995 -0.6496065 -0.5372852 0.5569612 -0.6161075 -0.5569612 0.5930171 -0.5446665 -0.5930171 0.4593836 -0.7605952 -0.4587612 0.4777045 -0.7372863 -0.4777105 0.5213273 -0.6755951 -0.5213339 0.3694827 -0.8528653 -0.3689217 0.3848699 -0.838896 -0.3848748 0.4352721 -0.788081 -0.4352776 0.2706715 -0.9239699 -0.2702155 0.2822056 -0.9169067 -0.2822092 0.3375725 -0.8786846 -0.3375768 0.117169 -0.9864498 -0.1148402 0.1709957 -0.9703196 -0.1709979 0.2293542 -0.9459345 -0.2293571 0.164999 -0.9723939 -0.1650011 0.05556714 -0.9969075 -0.05556786 0.0555514 -0.9969092 -0.05555289 0.08718866 -0.9961918 0 0.1641854 -0.9864293 -5.33433e-4 0.07857024 -0.9969086 0 0.4226745 -0.9062815 -1.47537e-7 0.4767522 -0.8790376 -4.18314e-4 0.3990364 -0.916935 -2.87061e-7 0.2587302 -0.9659497 -1.08313e-6 0.3244619 -0.9458987 -4.74485e-4 0.241918 -0.9702967 0 0.7072818 -0.7069317 -1.71753e-6 0.736894 -0.6760082 -2.98661e-4 0.6757249 -0.7371538 1.34183e-6 0.5734624 -0.819232 1.9883e-7 0.6153641 -0.7882429 -3.60513e-4 0.544579 -0.8387096 6.06419e-7 0.9062815 -0.4226746 1.48612e-7 0.9169706 -0.3989548 -1.80896e-4 0.8788257 -0.4771429 7.94676e-7 0.8191167 -0.5736268 -2.01328e-7 0.8386141 -0.544726 -2.42363e-4 0.78813 -0.6155088 -6.57279e-7 0.9961919 -0.08718866 0 0.9969084 -0.07857221 -6.02839e-5 0.986488 -0.1638337 -3.99883e-7 0.9659497 -0.2587302 -6.31506e-7 0.9702682 -0.2420325 -1.20825e-4 0.9455025 -0.3256149 7.17721e-7 -0.9961851 0 -0.0872662 -0.9961851 0 -0.0872662 -0.9659146 0 -0.2588608 -0.9659146 0 -0.2588608 -0.9063939 0 -0.4224336 -0.9063939 0 -0.4224336 -0.8189734 0 -0.5738315 -0.8189734 0 -0.5738315 -0.7072318 0 -0.7069818 -0.7072318 0 -0.7069818 -0.5737141 0 -0.8190556 -0.5737141 0 -0.8190556 -0.422639 0 -0.9062982 -0.422639 0 -0.9062982 -0.2586277 0 -0.9659771 -0.2586277 0 -0.9659771 -0.0870397 0 -0.9962048 -0.0870397 0 -0.9962048 0.0870397 0 -0.9962048 0.0870397 0 -0.9962048 0.2586277 0 -0.9659771 0.2586277 0 -0.9659771 0.422639 0 -0.9062982 0.422639 0 -0.9062982 0.5737139 0 -0.8190558 0.5737139 0 -0.8190558 0.7072318 0 -0.7069818 0.7072318 0 -0.7069818 0.8190909 0 -0.5736638 0.8190909 0 -0.5736638 0.9062982 0 -0.422639 0.9062982 0 -0.422639 0.9659146 0 -0.2588611 0.9659146 0 -0.2588611 0.9962068 0 -0.08701807 0.9962068 0 -0.08701807 0.996203 0 0.0870614 0.996203 0 0.0870614 0.9659146 0 0.2588611 0.9659146 0 0.2588611 0.9062982 0 0.422639 0.9062982 0 0.422639 0.8192555 0 0.5734288 0.8192555 0 0.5734288 0.7069817 0 0.7072319 0.7069817 0 0.7072319 0.5737139 0 0.8190558 0.5737139 0 0.8190558 0.422639 0 0.9062982 0.422639 0 0.9062982 0.2585985 0 0.9659849 0.2585985 0 0.9659849 0.0870397 0 0.9962048 0.0870397 0 0.9962048 -0.0870397 0 0.9962048 -0.0870397 0 0.9962048 -0.2585985 0 0.9659849 -0.2585985 0 0.9659849 -0.422639 0 0.9062982 -0.422639 0 0.9062982 -0.5737141 0 0.8190556 -0.5737141 0 0.8190556 -0.7069817 0 0.7072319 -0.7069817 0 0.7072319 -0.8191381 0 0.5735964 -0.8191381 0 0.5735964 -0.9063939 0 0.4224336 -0.9063939 0 0.4224336 -0.9659146 0 0.2588608 -0.9659146 0 0.2588608 -0.9961813 0 0.08730965 -0.9961813 0 0.08730965 -0.9961851 0 -0.0872662 -0.9961851 0 -0.0872662 -0.9659146 0 -0.2588608 -0.9659146 0 -0.2588608 -0.9063939 0 -0.4224336 -0.9063939 0 -0.4224336 -0.8189734 0 -0.5738315 -0.8189734 0 -0.5738315 -0.7072318 0 -0.7069818 -0.7072318 0 -0.7069818 -0.5737141 0 -0.8190556 -0.5737141 0 -0.8190556 -0.422639 0 -0.9062982 -0.422639 0 -0.9062982 -0.2586277 0 -0.9659771 -0.2586277 0 -0.9659771 -0.0870397 0 -0.9962048 -0.0870397 0 -0.9962048 0.0870397 0 -0.9962048 0.0870397 0 -0.9962048 0.2586277 0 -0.9659771 0.2586277 0 -0.9659771 0.422639 0 -0.9062982 0.422639 0 -0.9062982 0.5737139 0 -0.8190558 0.5737139 0 -0.8190558 0.7072318 0 -0.7069818 0.7072318 0 -0.7069818 0.8190909 0 -0.5736638 0.8190909 0 -0.5736638 0.9062982 0 -0.422639 0.9062982 0 -0.422639 0.9659146 0 -0.2588611 0.9659146 0 -0.2588611 0.9962068 0 -0.08701807 0.9962068 0 -0.08701807 0.996203 0 0.0870614 0.996203 0 0.0870614 0.9659146 0 0.2588611 0.9659146 0 0.2588611 0.9062982 0 0.422639 0.9062982 0 0.422639 0.8192555 0 0.5734288 0.8192555 0 0.5734288 0.7069817 0 0.7072319 0.7069817 0 0.7072319 0.5737139 0 0.8190558 0.5737139 0 0.8190558 0.422639 0 0.9062982 0.422639 0 0.9062982 0.2585985 0 0.9659849 0.2585985 0 0.9659849 0.0870397 0 0.9962048 0.0870397 0 0.9962048 -0.0870397 0 0.9962048 -0.0870397 0 0.9962048 -0.2585985 0 0.9659849 -0.2585985 0 0.9659849 -0.422639 0 0.9062982 -0.422639 0 0.9062982 -0.5737141 0 0.8190556 -0.5737141 0 0.8190556 -0.7069817 0 0.7072319 -0.7069817 0 0.7072319 -0.8191381 0 0.5735964 -0.8191381 0 0.5735964 -0.9063939 0 0.4224336 -0.9063939 0 0.4224336 -0.9659146 0 0.2588608 -0.9659146 0 0.2588608 -0.9961813 0 0.08730965 -0.9961813 0 0.08730965 0 -1 0 0 -1 0 0 -1 0 0 -1 0 0 -1 0 0 -1 0 0 -1 0 0 -1 0 0 -1 0 0 -1 0 0 1 0 0 1 0 0 1 0 0 1 0 0 1 0 0 1 0 0 1 0 0 1 0 0 1 0 0 1 0 0.6757246 0 0.7371541 0.6757246 0 0.7371541 0 0 1 0 0 1 0 0 1 0 0 1 0 0 1 0 0 1 0 0 1 0 0 1 0 0 1 0 0 1 0 0 1 0 0 1 0 0 1 0 0 1 0 0 1 0 0 1 0 0 1 0 0 1 0 0 1 0 0 1 0 0 1 0 0 1 0 0 1 0 0 1 0 0 1 0 0 1 0 0 1 0 0 1 0 0 1 0 0 1 0 0 1 0 0 1 0 0 1 0 0 1 0 0 1 0 0 1 0 0 1 0 0 1 0 0 1 0 0 1 -0.6987807 0 0.7153361 -0.6987807 0 0.7153361 -1 0 0 -1 0 0 -1 0 0 -1 0 0 -1 0 0 -1 0 0 -1 0 0 -1 0 0 -1 0 0 -1 0 0 -1 0 0 -1 0 0 -1 0 0 -1 0 0 -1 0 0 -1 0 0 -1 0 0 -1 0 0 -1 0 0 -1 0 0 -1 0 0 -1 0 0 -1 0 0 -1 0 0 0.7071098 0 -0.7071039 0.7071098 0 -0.7071039 0 0 -1 0 0 -1 0 0 -1 0 0 -1 0 0 -1 0 0 -1 0 0 -1 0 0 -1 0 0 -1 0 0 -1 0 0 -1 0 0 -1 0 0 -1 0 0 -1 0 0 -1 0 0 -1 0 0 -1 0 0 -1 0 0 -1 0 0 -1 0 0 -1 0 0 -1 0 0 -1 0 0 -1 0 0 -1 0 0 -1 0 0 -1 0 0 -1 0 0 -1 0 0 -1 0 0 -1 0 0 -1 0 0 -1 0 0 -1 0 0 -1 0 0 -1 0 0 -1 0 0 -1 0 0 -1 0 0 -1 -0.7071124 0 -0.7071012 -0.7071124 0 -0.7071012 -1 0 0 -1 0 0 -1 0 0 -1 0 0 -1 0 0 -1 0 0 -1 0 0 -1 0 0 -1 0 0 -1 0 0 -1 0 0 -1 0 0 -1 0 0 -1 0 0 -1 0 0 -1 0 0 -1 0 0 -1 0 0 -1 0 0 -1 0 0 -1 0 0 -1 0 0 -1 0 0 -1 0 0 1 0 0 1 0 0 1 0 0 1 0 0 1 0 0 1 0 0 1 0 0 1 0 0 1 0 0 1 0 0 1 0 0 1 0 0 1 0 0 1 0 0 1 0 0 1 0 0 1 0 0 1 0 0 1 0 0 1 0 0 1 0 0 1 0 0 1 0 0 1 0 0 0 0 1 0 0 1 0 0 1 0 0 1 1 0 0 1 0 0 1 0 0 1 0 0 1 0 0 1 0 0 1 0 0 1 0 0 1 0 0 1 0 0 1 0 0 1 0 0 1 0 0 1 0 0 1 0 0 1 0 0 1 0 0 1 0 0 1 0 0 1 0 0 1 0 0 1 0 0 1 0 0 1 0 0 0 0 1 0 0 1 0 0 1 0 0 1 0 0 1 0 0 1 0 1 0 0 1 0 0 1 0 0 1 0 0 0 1 0 0 1 0 0.9943099 0.1065264 0 0.9943099 0.1065264 0 0.9613398 0.2753646 0 0.9613398 0.2753646 0 0.899903 0.4360901 0 0.899903 0.4360901 0 0.8118626 0.5838485 0 0.8118626 0.5838485 0 0.6998084 0.7143306 0 0.6998084 0.7143306 0 0.5670186 0.823705 0 0.5670186 0.823705 0 0.4174136 0.9087167 0 0.4174136 0.9087167 0 0.2554595 0.9668198 0 0.2554595 0.9668198 0 0.08600085 0.996295 0 0.08600085 0.996295 0 -0.08600085 0.996295 0 -0.08600085 0.996295 0 -0.2554596 0.9668197 0 -0.2554596 0.9668197 0 -0.4174136 0.9087167 0 -0.4174136 0.9087167 0 -0.5670187 0.8237049 0 -0.5670187 0.8237049 0 -0.6998084 0.7143306 0 -0.6998084 0.7143306 0 -0.8118626 0.5838485 0 -0.8118626 0.5838485 0 -0.899903 0.4360901 0 -0.899903 0.4360901 0 -0.9613398 0.2753646 0 -0.9613398 0.2753646 0 -0.9943099 0.1065264 0 -0.9943099 0.1065264 0 0.9943099 0.1065264 0 0.9943099 0.1065264 0 0.9613399 0.2753646 0 0.9613399 0.2753646 0 0.899903 0.4360901 0 0.899903 0.4360901 0 0.8118626 0.5838485 0 0.8118626 0.5838485 0 0.6998084 0.7143306 0 0.6998084 0.7143306 0 0.5670185 0.8237051 0 0.5670185 0.8237051 0 0.4174137 0.9087166 0 0.4174137 0.9087166 0 0.2554595 0.9668198 0 0.2554595 0.9668198 0 0.08600085 0.996295 0 0.08600085 0.996295 0 -0.08600085 0.996295 0 -0.08600085 0.996295 0 -0.2554596 0.9668198 0 -0.2554596 0.9668198 0 -0.4174137 0.9087166 0 -0.4174137 0.9087166 0 -0.5670187 0.8237049 0 -0.5670187 0.8237049 0 -0.6998084 0.7143306 0 -0.6998084 0.7143306 0 -0.8118626 0.5838485 0 -0.8118626 0.5838485 0 -0.899903 0.4360901 0 -0.899903 0.4360901 0 -0.9613399 0.2753646 0 -0.9613399 0.2753646 0 -0.9943099 0.1065264 0 -0.9943099 0.1065264 0 -1 0 0 -1 0 0 -1 0 0 -1 0 0.9961918 0.08718866 0 0.9961918 0.08718866 0 0.9659272 0.2588139 0 0.9659272 0.2588139 0 0.9063248 0.4225819 0 0.9063248 0.4225819 0 0.8191469 0.5735837 0 0.8191469 0.5735837 0 0.7070778 0.7071359 0 0.7070778 0.7071359 0 0.5736112 0.8191277 0 0.5736112 0.8191277 0 0.4226299 0.9063023 0 0.4226299 0.9063023 0 0.2588139 0.9659272 0 0.2588139 0.9659272 0 0.08713072 0.9961969 0 0.08713072 0.9961969 0 -0.08713072 0.9961969 0 -0.08713072 0.9961969 0 -0.2588138 0.9659273 0 -0.2588138 0.9659273 0 -0.4226299 0.9063025 0 -0.4226299 0.9063025 0 -0.5735837 0.8191469 0 -0.5735837 0.8191469 0 -0.707107 0.7071067 0 -0.707107 0.7071067 0 -0.8191469 0.5735837 0 -0.8191469 0.5735837 0 -0.9063025 0.4226299 0 -0.9063025 0.4226299 0 -0.9659272 0.2588139 0 -0.9659272 0.2588139 0 -0.9961969 0.08713072 0 -0.9961969 0.08713072 0 -0.9961969 -0.08713072 0 -0.9961969 -0.08713072 0 -0.9659272 -0.2588139 0 -0.9659272 -0.2588139 0 -0.9063025 -0.4226299 0 -0.9063025 -0.4226299 0 -0.8191469 -0.5735837 0 -0.8191469 -0.5735837 0 -0.7071067 -0.7071069 0 -0.7071067 -0.7071069 0 -0.5735837 -0.8191469 0 -0.5735837 -0.8191469 0 -0.4226299 -0.9063025 0 -0.4226299 -0.9063025 0 -0.2588138 -0.9659273 0 -0.2588138 -0.9659273 0 -0.08713072 -0.9961969 0 -0.08713072 -0.9961969 0 0.08713072 -0.9961969 0 0.08713072 -0.9961969 0 0.2588139 -0.9659272 0 0.2588139 -0.9659272 0 0.4226299 -0.9063023 0 0.4226299 -0.9063023 0 0.5736112 -0.8191277 0 0.5736112 -0.8191277 0 0.7070775 -0.7071361 0 0.7070775 -0.7071361 0 0.8191469 -0.5735837 0 0.8191469 -0.5735837 0 0.9063248 -0.4225819 0 0.9063248 -0.4225819 0 0.9659272 -0.2588139 0 0.9659272 -0.2588139 0 0.9961918 -0.08718866 0 0.9961918 -0.08718866 0</float_array>
          <technique_common>
            <accessor source="#Hand_part-mesh-normals-array" count="2592" stride="3">
              <param name="X" type="float"/>
              <param name="Y" type="float"/>
              <param name="Z" type="float"/>
            </accessor>
          </technique_common>
        </source>
        <source id="Hand_part-mesh-map-0">
          <float_array id="Hand_part-mesh-map-0-array" count="15552">0.08333355 0 0.166667 0 0.08333349 1 0.08333349 1 0.166667 0 0.1666669 1 0.1666671 0 0.2500005 5.55914e-7 0.166667 0.9999781 0.166667 0.9999781 0.2500005 5.55914e-7 0.2500004 0.9999787 0 0 0.08333349 0 0 1 0 1 0.08333349 0 0.08333337 1 0.2500005 0 0.3333339 5.63199e-7 0.2500004 0.9999781 0.2500004 0.9999781 0.3333339 5.63199e-7 0.3333339 0.9999787 0.7200013 0.8921797 0.7233346 0.8888463 0.7200012 0.9688464 0.7200012 0.9688464 0.7233346 0.8888463 0.7233346 0.9721797 0.7200012 0.9688464 0.7233346 0.9721797 0.6433345 0.9688464 0.6433345 0.9688464 0.7233346 0.9721797 0.6400012 0.9721797 0.6433345 0.9688464 0.6400012 0.9721797 0.6433345 0.8921797 0.6433345 0.8921797 0.6400012 0.9721797 0.6400012 0.8888463 0.6433345 0.8921797 0.6400012 0.8888463 0.7200013 0.8921797 0.7200013 0.8921797 0.6400012 0.8888463 0.7233346 0.8888463 0.76334 0.9014349 0.7600066 0.8981016 0.8400067 0.901435 0.8400067 0.901435 0.7600066 0.8981016 0.84334 0.8981016 0.8400067 0.901435 0.84334 0.8981016 0.8400067 0.9781017 0.8400067 0.9781017 0.84334 0.8981016 0.84334 0.981435 0.8400067 0.9781017 0.84334 0.981435 0.7633399 0.9781017 0.7633399 0.9781017 0.84334 0.981435 0.7600066 0.981435 0.7633399 0.9781017 0.7600066 0.981435 0.76334 0.9014349 0.76334 0.9014349 0.7600066 0.981435 0.7600066 0.8981016 0.4100006 1 0.3333339 1 0.4100008 0 0.4100008 0 0.3333339 1 0.333334 0 0.5633344 0.9999786 0.4866676 0.9999781 0.5633344 4.81581e-7 0.5633344 4.81581e-7 0.4866676 0.9999781 0.4866677 0 0.4866675 1 0.4100008 1 0.4866676 0 0.4866676 0 0.4100008 1 0.4100009 0 0.6400011 0.9999786 0.5633344 0.9999781 0.6400012 4.88283e-7 0.6400012 4.88283e-7 0.5633344 0.9999781 0.5633345 0 0.7794374 0.008409202 0.7785691 0.008333325 0.7735691 0 0.8453552 0.009503126 0.844739 0.01011943 0.7735691 0 0.8468589 0.1419683 0.8460691 0.1423366 0.7828991 0.1441668 0.7828991 0.1441668 0.8460691 0.1423366 0.8453552 0.1428366 0.7747389 0.01011937 0.7659085 0.003572165 0.7671412 0.002339422 0.7747389 0.0165472 0.7753552 0.01716345 0.763569 0.1500001 0.763569 0.1500001 0.7753552 0.01716345 0.7760691 0.01766335 0.763569 0.1500001 0.7760691 0.01766335 0.7768589 0.01803183 0.7785691 0.01833331 0.8438706 0.01504331 0.8442391 0.01583331 0.780279 0.1419683 0.7794374 0.1417427 0.844739 0.01654726 0.7753551 0.1504969 0.7671412 0.1576604 0.7747389 0.1498807 0.7747389 0.1498807 0.7671412 0.1576604 0.7659085 0.1564279 0.7747389 0.1498807 0.7659085 0.1564279 0.774239 0.1491668 0.8523993 0.1498807 0.8528991 0.1491668 0.8622294 0.1550001 0.8485691 0.008333325 0.8477008 0.008409202 0.8535691 0 0.8535691 0 0.8477008 0.008409202 0.8468589 0.008634805 0.8535691 0 0.8468589 0.008634805 0.7735691 0 0.7735691 0 0.8468589 0.008634805 0.8460691 0.009003043 0.7735691 0 0.8460691 0.009003043 0.8453552 0.009503126 0.7747389 0.01011937 0.7671412 0.002339422 0.7753552 0.009503126 0.7659085 0.003572165 0.7747389 0.01011937 0.7649087 0.004999995 0.7649087 0.004999995 0.7747389 0.01011937 0.774239 0.01083332 0.7649087 0.004999995 0.774239 0.01083332 0.7641721 0.006579756 0.7641721 0.006579756 0.774239 0.01083332 0.7738705 0.01162308 0.7641721 0.006579756 0.7738705 0.01162308 0.763721 0.008263528 0.8453552 0.1428366 0.844739 0.1434529 0.7828991 0.1441668 0.7828991 0.1441668 0.844739 0.1434529 0.8442391 0.1441668 0.7828991 0.1441668 0.8442391 0.1441668 0.8438706 0.1449566 0.7760691 0.1509968 0.7768588 0.1513653 0.7735691 0.1600001 0.7735691 0.1600001 0.7768588 0.1513653 0.7777007 0.1515907 0.7735691 0.1600001 0.7777007 0.1515907 0.7785691 0.1516668 0.7735691 0.1600001 0.8442391 0.1491668 0.844739 0.1498807 0.8635692 0.1500001 0.8510691 0.01766335 0.851783 0.01716351 0.8510691 0.009003102 0.8502791 0.008634805 0.8535691 0 0.8535691 0 0.8502791 0.008634805 0.8494374 0.008409202 0.8535691 0 0.8494374 0.008409202 0.8485691 0.008333325 0.7785691 0.008333325 0.7777007 0.008409202 0.7735691 0 0.7735691 0 0.7777007 0.008409202 0.7768589 0.008634805 0.7735691 0 0.7768589 0.008634805 0.7718326 1.51972e-4 0.7718326 1.51972e-4 0.7768589 0.008634805 0.7760691 0.009003043 0.7718326 1.51972e-4 0.7760691 0.009003043 0.7701488 6.03022e-4 0.7701488 6.03022e-4 0.7760691 0.009003043 0.7753552 0.009503126 0.7701488 6.03022e-4 0.7753552 0.009503126 0.7685691 0.001339673 0.7685691 0.001339673 0.7753552 0.009503126 0.7671412 0.002339422 0.763721 0.008263528 0.7738705 0.01162308 0.7635691 0.00999999 0.7635691 0.00999999 0.7738705 0.01162308 0.7736449 0.012465 0.7635691 0.00999999 0.7736449 0.012465 0.7735691 0.01333332 0.7735691 0.01333332 0.7736449 0.01420146 0.7635691 0.00999999 0.7635691 0.00999999 0.7736449 0.01420146 0.7738705 0.01504331 0.7635691 0.00999999 0.7738705 0.01504331 0.763569 0.1500001 0.763569 0.1500001 0.7738705 0.01504331 0.774239 0.01583331 0.763569 0.1500001 0.774239 0.01583331 0.7747389 0.0165472 0.8468589 0.01803183 0.7828991 0.1441668 0.7823992 0.1434528 0.7659085 0.1564279 0.7649087 0.1550001 0.774239 0.1491668 0.774239 0.1491668 0.7649087 0.1550001 0.764172 0.1534203 0.774239 0.1491668 0.764172 0.1534203 0.7738705 0.1483768 0.7738705 0.1483768 0.764172 0.1534203 0.763721 0.1517366 0.7738705 0.1483768 0.763721 0.1517366 0.7736449 0.1475349 0.7736449 0.1475349 0.763721 0.1517366 0.763569 0.1500001 0.7736449 0.1475349 0.763569 0.1500001 0.7735691 0.1466668 0.8477008 0.1515907 0.8485691 0.1516668 0.8535691 0.1600001 0.8622294 0.1550001 0.8528991 0.1491668 0.8629661 0.1534203 0.8629661 0.1534203 0.8528991 0.1491668 0.8532676 0.1483768 0.8629661 0.1534203 0.8532676 0.1483768 0.8634172 0.1517366 0.851783 0.01716351 0.8523993 0.01654726 0.8635692 0.1500001 0.8635692 0.1500001 0.8523993 0.01654726 0.8528991 0.01583331 0.8635692 0.1500001 0.8528991 0.01583331 0.8635692 0.00999999 0.8635692 0.00999999 0.8528991 0.01583331 0.8532676 0.01504331 0.8635692 0.00999999 0.8532676 0.01504331 0.8534932 0.01420146 0.851783 0.009503126 0.8599969 0.002339422 0.8523993 0.01011943 0.8523993 0.01011943 0.8599969 0.002339422 0.8612297 0.003572165 0.8523993 0.01011943 0.8612297 0.003572165 0.8528991 0.01083332 0.8535691 0 0.8553056 1.51979e-4 0.8510691 0.009003102 0.8510691 0.009003102 0.8553056 1.51979e-4 0.8569893 6.03029e-4 0.8510691 0.009003102 0.8569893 6.03029e-4 0.851783 0.009503126 0.851783 0.009503126 0.8569893 6.03029e-4 0.8585692 0.001339673 0.851783 0.009503126 0.8585692 0.001339673 0.8599969 0.002339422 0.8442391 0.01083332 0.8438706 0.01162314 0.780279 0.01803183 0.780279 0.01803183 0.8438706 0.01162314 0.843645 0.012465 0.780279 0.01803183 0.843645 0.012465 0.7794374 0.01825726 0.7794374 0.01825726 0.843645 0.012465 0.8435691 0.01333332 0.7794374 0.01825726 0.8435691 0.01333332 0.7785691 0.01833331 0.7785691 0.01833331 0.8435691 0.01333332 0.843645 0.01420146 0.7785691 0.01833331 0.843645 0.01420146 0.8438706 0.01504331 0.8442391 0.01083332 0.780279 0.01803183 0.844739 0.01011943 0.844739 0.01011943 0.780279 0.01803183 0.781069 0.01766335 0.844739 0.01011943 0.781069 0.01766335 0.7817829 0.01716345 0.7834932 0.012465 0.7832676 0.01162308 0.844739 0.01011943 0.844739 0.01011943 0.7832676 0.01162308 0.7828991 0.01083332 0.844739 0.01011943 0.7828991 0.01083332 0.7823992 0.01011937 0.8442391 0.01583331 0.844739 0.01654726 0.7785691 0.01833331 0.7785691 0.01833331 0.844739 0.01654726 0.763569 0.1500001 0.7785691 0.01833331 0.763569 0.1500001 0.7777007 0.01825726 0.7777007 0.01825726 0.763569 0.1500001 0.7768589 0.01803183 0.8477008 0.01825726 0.8535691 0.1466668 0.8534932 0.1457985 0.7794374 0.1417427 0.7785691 0.1416668 0.844739 0.01654726 0.844739 0.01654726 0.7785691 0.1416668 0.7777007 0.1417427 0.844739 0.01654726 0.7777007 0.1417427 0.7768588 0.1419683 0.774239 0.1441668 0.7738705 0.1449565 0.763569 0.1500001 0.763569 0.1500001 0.7738705 0.1449565 0.7736449 0.1457985 0.763569 0.1500001 0.7736449 0.1457985 0.7735691 0.1466668 0.7735691 0.1600001 0.7718326 0.1598482 0.7760691 0.1509968 0.7760691 0.1509968 0.7718326 0.1598482 0.7701488 0.1593971 0.7760691 0.1509968 0.7701488 0.1593971 0.7753551 0.1504969 0.7753551 0.1504969 0.7701488 0.1593971 0.7685691 0.1586604 0.7753551 0.1504969 0.7685691 0.1586604 0.7671412 0.1576604 0.844739 0.1498807 0.8453552 0.1504969 0.7735691 0.1600001 0.7735691 0.1600001 0.8453552 0.1504969 0.8460691 0.1509968 0.7735691 0.1600001 0.8460691 0.1509968 0.8535691 0.1600001 0.8535691 0.1600001 0.8460691 0.1509968 0.8468589 0.1513653 0.8535691 0.1600001 0.8468589 0.1513653 0.8477008 0.1515907 0.8485691 0.1516668 0.8494374 0.1515907 0.8535691 0.1600001 0.8535691 0.1600001 0.8494374 0.1515907 0.8502791 0.1513653 0.8535691 0.1600001 0.8502791 0.1513653 0.8553056 0.1598482 0.8553056 0.1598482 0.8502791 0.1513653 0.8510691 0.1509968 0.8553056 0.1598482 0.8510691 0.1509968 0.8569893 0.1593971 0.8569893 0.1593971 0.8510691 0.1509968 0.851783 0.150497 0.8534932 0.01420146 0.8535691 0.01333332 0.8635692 0.00999999 0.8635692 0.00999999 0.8535691 0.01333332 0.8534932 0.012465 0.8635692 0.00999999 0.8534932 0.012465 0.8634172 0.008263528 0.8634172 0.008263528 0.8534932 0.012465 0.8532676 0.01162314 0.8634172 0.008263528 0.8532676 0.01162314 0.8629661 0.006579756 0.8629661 0.006579756 0.8532676 0.01162314 0.8528991 0.01083332 0.8629661 0.006579756 0.8528991 0.01083332 0.8622294 0.004999995 0.8622294 0.004999995 0.8528991 0.01083332 0.8612297 0.003572165 0.8528991 0.1441668 0.8523993 0.1434529 0.8468589 0.01803183 0.8523993 0.1434529 0.851783 0.1428366 0.8468589 0.01803183 0.8468589 0.01803183 0.851783 0.1428366 0.8510691 0.1423366 0.8468589 0.01803183 0.8510691 0.1423366 0.8502791 0.1419683 0.8502791 0.1419683 0.8494374 0.1417427 0.8468589 0.01803183 0.8468589 0.01803183 0.8494374 0.1417427 0.8485691 0.1416668 0.8468589 0.01803183 0.8485691 0.1416668 0.7828991 0.1441668 0.7828991 0.1441668 0.8485691 0.1416668 0.8477008 0.1417427 0.7828991 0.1441668 0.8477008 0.1417427 0.8468589 0.1419683 0.7768588 0.1419683 0.7760691 0.1423365 0.844739 0.01654726 0.844739 0.01654726 0.7760691 0.1423365 0.7753551 0.1428366 0.844739 0.01654726 0.7753551 0.1428366 0.763569 0.1500001 0.763569 0.1500001 0.7753551 0.1428366 0.7747389 0.1434528 0.763569 0.1500001 0.7747389 0.1434528 0.774239 0.1441668 0.8622294 0.1550001 0.8612297 0.1564279 0.8523993 0.1498807 0.8523993 0.1498807 0.8612297 0.1564279 0.8599969 0.1576604 0.8523993 0.1498807 0.8599969 0.1576604 0.851783 0.150497 0.851783 0.150497 0.8599969 0.1576604 0.8585691 0.1586604 0.851783 0.150497 0.8585691 0.1586604 0.8569893 0.1593971 0.8634172 0.1517366 0.8532676 0.1483768 0.8635692 0.1500001 0.8635692 0.1500001 0.8532676 0.1483768 0.8534932 0.1475349 0.8635692 0.1500001 0.8534932 0.1475349 0.8535691 0.1466668 0.7823992 0.01011937 0.7817829 0.009503126 0.844739 0.01011943 0.844739 0.01011943 0.7817829 0.009503126 0.781069 0.009003043 0.844739 0.01011943 0.781069 0.009003043 0.7735691 0 0.7735691 0 0.781069 0.009003043 0.780279 0.008634805 0.7735691 0 0.780279 0.008634805 0.7794374 0.008409202 0.844739 0.01654726 0.8453552 0.01716351 0.780279 0.1419683 0.780279 0.1419683 0.8453552 0.01716351 0.8460691 0.01766335 0.780279 0.1419683 0.8460691 0.01766335 0.781069 0.1423365 0.781069 0.1423365 0.8460691 0.01766335 0.8468589 0.01803183 0.781069 0.1423365 0.8468589 0.01803183 0.7817829 0.1428366 0.7817829 0.1428366 0.8468589 0.01803183 0.7823992 0.1434528 0.8477008 0.01825726 0.8534932 0.1457985 0.8468589 0.01803183 0.8468589 0.01803183 0.8534932 0.1457985 0.8532676 0.1449566 0.8468589 0.01803183 0.8532676 0.1449566 0.8528991 0.1441668 0.8477008 0.01825726 0.8485691 0.01833331 0.8535691 0.1466668 0.8535691 0.1466668 0.8485691 0.01833331 0.8494374 0.01825726 0.8535691 0.1466668 0.8494374 0.01825726 0.8635692 0.1500001 0.8635692 0.1500001 0.8494374 0.01825726 0.8502791 0.01803183 0.8635692 0.1500001 0.8502791 0.01803183 0.8510691 0.01766335 0.7817829 0.01716345 0.7823992 0.0165472 0.844739 0.01011943 0.844739 0.01011943 0.7823992 0.0165472 0.7828991 0.01583331 0.844739 0.01011943 0.7828991 0.01583331 0.7832676 0.01504331 0.7785691 0.1516668 0.7794374 0.1515907 0.7735691 0.1600001 0.7735691 0.1600001 0.7794374 0.1515907 0.780279 0.1513653 0.7735691 0.1600001 0.780279 0.1513653 0.8442391 0.1491668 0.8442391 0.1491668 0.780279 0.1513653 0.781069 0.1509968 0.8442391 0.1491668 0.781069 0.1509968 0.7817829 0.1504969 0.7817829 0.1504969 0.7823992 0.1498807 0.8442391 0.1491668 0.8442391 0.1491668 0.7823992 0.1498807 0.7828991 0.1491668 0.8442391 0.1491668 0.7828991 0.1491668 0.8438706 0.1483768 0.8438706 0.1483768 0.7828991 0.1491668 0.7832675 0.1483768 0.8438706 0.1483768 0.7832675 0.1483768 0.843645 0.1475349 0.843645 0.1475349 0.7832675 0.1483768 0.7834932 0.1475349 0.843645 0.1475349 0.7834932 0.1475349 0.8435691 0.1466668 0.8435691 0.1466668 0.7834932 0.1475349 0.783569 0.1466668 0.8435691 0.1466668 0.783569 0.1466668 0.843645 0.1457985 0.843645 0.1457985 0.783569 0.1466668 0.7834932 0.1457985 0.843645 0.1457985 0.7834932 0.1457985 0.8438706 0.1449566 0.8438706 0.1449566 0.7834932 0.1457985 0.7832675 0.1449565 0.8438706 0.1449566 0.7832675 0.1449565 0.7828991 0.1441668 0.7832676 0.01504331 0.7834932 0.01420146 0.844739 0.01011943 0.844739 0.01011943 0.7834932 0.01420146 0.783569 0.01333332 0.844739 0.01011943 0.783569 0.01333332 0.7834932 0.012465 0.7400013 0.8686075 0.7600013 0.8686079 0.7600015 0.8703444 0.7400013 0.8686075 0.7600015 0.8703444 0.7400014 0.8703439 0.7400014 0.8703439 0.7600015 0.8703444 0.7600021 0.8720281 0.7400014 0.8703439 0.7600021 0.8720281 0.7400021 0.8720277 0.7400021 0.8720277 0.7600021 0.8720281 0.7600032 0.8736079 0.7400021 0.8720277 0.7600032 0.8736079 0.7400032 0.8736075 0.7400032 0.8736075 0.7600032 0.8736079 0.7600046 0.8750357 0.7400032 0.8736075 0.7600046 0.8750357 0.7400047 0.8750353 0.7400047 0.8750353 0.7600046 0.8750357 0.7600065 0.8762684 0.7400047 0.8750353 0.7600065 0.8762684 0.7400065 0.876268 0.7599908 0.7821794 0.7399912 0.7821796 0.739998 0.7807527 0.7599908 0.7821794 0.739998 0.7807527 0.7599976 0.7807525 0.7599976 0.7807525 0.739998 0.7807527 0.740003 0.7791736 0.7599976 0.7807525 0.740003 0.7791736 0.7600026 0.7791734 0.7600026 0.7791734 0.740003 0.7791736 0.740006 0.7774903 0.7600026 0.7791734 0.740006 0.7774903 0.7600056 0.7774901 0.7600056 0.7774901 0.740006 0.7774903 0.7400071 0.775754 0.7600056 0.7774901 0.7400071 0.775754 0.7600066 0.7757538 0.7600029 0.7886078 0.7600013 0.8686079 0.7400028 0.7886074 0.7400028 0.7886074 0.7600013 0.8686079 0.7400013 0.8686075 0.8600067 0.4352796 0.8400071 0.4352797 0.8400061 0.433543 0.8600067 0.4352796 0.8400061 0.433543 0.8600057 0.4335429 0.8600057 0.4335429 0.8400061 0.433543 0.840003 0.4318589 0.8600057 0.4335429 0.840003 0.4318589 0.8600026 0.4318587 0.8600026 0.4318587 0.840003 0.4318589 0.8399981 0.4302784 0.8600026 0.4318587 0.8399981 0.4302784 0.8599976 0.4302783 0.8599976 0.4302783 0.8399981 0.4302784 0.8399912 0.4288496 0.8599976 0.4302783 0.8399912 0.4288496 0.8599908 0.4288495 0.8599908 0.4288495 0.8399912 0.4288496 0.8399829 0.427616 0.8599908 0.4288495 0.8399829 0.427616 0.8599824 0.4276158 0.7400065 0.7821796 0.7600065 0.78218 0.7600049 0.7836078 0.7400065 0.7821796 0.7600049 0.7836078 0.740005 0.7836074 0.740005 0.7836074 0.7600049 0.7836078 0.7600038 0.7851876 0.740005 0.7836074 0.7600038 0.7851876 0.7400038 0.7851872 0.7400038 0.7851872 0.7600038 0.7851876 0.7600031 0.7868714 0.7400038 0.7851872 0.7600031 0.7868714 0.7400031 0.786871 0.7400031 0.786871 0.7600031 0.7868714 0.7600029 0.7886078 0.7400031 0.786871 0.7600029 0.7886078 0.7400028 0.7886074 0.9456734 0.7140439 0.9656735 0.7140443 0.9656736 0.7157808 0.9456734 0.7140439 0.9656736 0.7157808 0.9456736 0.7157804 0.9456736 0.7157804 0.9656736 0.7157808 0.9656743 0.7174645 0.9456736 0.7157804 0.9656743 0.7174645 0.9456743 0.7174642 0.9456743 0.7174642 0.9656743 0.7174645 0.9656754 0.7190443 0.9456743 0.7174642 0.9656754 0.7190443 0.9456753 0.7190439 0.9456753 0.7190439 0.9656754 0.7190443 0.9656769 0.7204722 0.9456753 0.7190439 0.9656769 0.7204722 0.9456768 0.7204717 0.9456768 0.7204717 0.9656769 0.7204722 0.9656787 0.7217049 0.9456768 0.7204717 0.9656787 0.7217049 0.9456787 0.7217045 0.8599908 0.5817052 0.8399912 0.5817053 0.839998 0.5802785 0.8599908 0.5817052 0.839998 0.5802785 0.8599976 0.5802783 0.8599976 0.5802783 0.839998 0.5802785 0.840003 0.5786994 0.8599976 0.5802783 0.840003 0.5786994 0.8600026 0.5786992 0.8600026 0.5786992 0.840003 0.5786994 0.8400061 0.5770161 0.8600026 0.5786992 0.8400061 0.5770161 0.8600057 0.5770159 0.8600057 0.5770159 0.8400061 0.5770161 0.8400071 0.5752797 0.8600057 0.5770159 0.8400071 0.5752797 0.8600067 0.5752796 0.965675 0.6340442 0.9656735 0.7140443 0.945675 0.6340439 0.945675 0.6340439 0.9656735 0.7140443 0.9456734 0.7140439 0.7600066 0.6357538 0.7400071 0.6357539 0.740006 0.6340173 0.7600066 0.6357538 0.740006 0.6340173 0.7600056 0.6340172 0.7600056 0.6340172 0.740006 0.6340173 0.740003 0.6323331 0.7600056 0.6340172 0.740003 0.6323331 0.7600026 0.632333 0.7600026 0.632333 0.740003 0.6323331 0.739998 0.6307526 0.7600026 0.632333 0.739998 0.6307526 0.7599976 0.6307525 0.7599976 0.6307525 0.739998 0.6307526 0.7399912 0.6293238 0.7599976 0.6307525 0.7399912 0.6293238 0.7599908 0.6293237 0.7599908 0.6293237 0.7399912 0.6293238 0.7399828 0.62809 0.7599908 0.6293237 0.7399828 0.62809 0.7599824 0.6280899 0.9456787 0.6276161 0.9656787 0.6276164 0.9656772 0.6290442 0.9456787 0.6276161 0.9656772 0.6290442 0.9456771 0.6290438 0.9456771 0.6290438 0.9656772 0.6290442 0.965676 0.6306241 0.9456771 0.6290438 0.965676 0.6306241 0.945676 0.6306236 0.945676 0.6306236 0.965676 0.6306241 0.9656753 0.6323078 0.945676 0.6306236 0.9656753 0.6323078 0.9456753 0.6323074 0.9456753 0.6323074 0.9656753 0.6323078 0.965675 0.6340442 0.9456753 0.6323074 0.965675 0.6340442 0.945675 0.6340439 0.8362337 0.4072245 0.8362337 0.4238908 0.8353655 0.407224 0.8353655 0.407224 0.8362337 0.4238908 0.8353655 0.4238903 0.8353655 0.407224 0.8353655 0.4238903 0.8345238 0.4072225 0.8345238 0.4072225 0.8353655 0.4238903 0.8345238 0.4238888 0.8345238 0.4072225 0.8345238 0.4238888 0.8337343 0.40722 0.8337343 0.40722 0.8345238 0.4238888 0.8337343 0.4238862 0.8337343 0.40722 0.8337343 0.4238862 0.8330209 0.4072166 0.8330209 0.4072166 0.8337343 0.4238862 0.8330209 0.4238829 0.8913693 0.3956633 0.8913693 0.41233 0.890753 0.3956643 0.890753 0.3956643 0.8913693 0.41233 0.890753 0.4123309 0.890753 0.3956643 0.890753 0.4123309 0.8900391 0.3956651 0.8900391 0.3956651 0.890753 0.4123309 0.8900391 0.4123317 0.8900391 0.3956651 0.8900391 0.4123317 0.8892491 0.3956656 0.8892491 0.3956656 0.8900391 0.4123317 0.8892491 0.4123323 0.8892491 0.3956656 0.8892491 0.4123323 0.8884074 0.395666 0.8884074 0.395666 0.8892491 0.4123323 0.8884074 0.4123326 0.8884074 0.395666 0.8884074 0.4123326 0.8875391 0.3956661 0.8875391 0.3956661 0.8884074 0.4123326 0.8875391 0.4123327 0.8875391 0.3956661 0.8875391 0.4123327 0.8866708 0.395666 0.8866708 0.395666 0.8875391 0.4123327 0.8866708 0.4123326 0.8866708 0.395666 0.8866708 0.4123326 0.8858289 0.3956656 0.8858289 0.3956656 0.8866708 0.4123326 0.8858289 0.4123323 0.8858289 0.3956656 0.8858289 0.4123323 0.8850391 0.3956651 0.8850391 0.3956651 0.8858289 0.4123323 0.8850391 0.4123317 0.8850391 0.3956651 0.8850391 0.4123317 0.8843252 0.3956643 0.8843252 0.3956643 0.8850391 0.4123317 0.8843252 0.4123309 0.859894 0.6098884 0.859894 0.6265547 0.8592772 0.6098926 0.8592772 0.6098926 0.859894 0.6265547 0.8592772 0.6265588 0.8592772 0.6098926 0.8592772 0.6265588 0.8585628 0.609896 0.8585628 0.609896 0.8592772 0.6265588 0.8585628 0.6265622 0.8585628 0.609896 0.8585628 0.6265622 0.8577727 0.6098985 0.8577727 0.6098985 0.8585628 0.6265622 0.8577727 0.6265648 0.8577727 0.6098985 0.8577727 0.6265648 0.8569306 0.6098999 0.8569306 0.6098999 0.8577727 0.6265648 0.8569306 0.6265663 0.8569306 0.6098999 0.8569306 0.6265663 0.8560622 0.6099005 0.8560622 0.6099005 0.8569306 0.6265663 0.8560622 0.6265668 0.8560622 0.6099005 0.8560622 0.6265668 0.8551941 0.6098999 0.8551941 0.6098999 0.8560622 0.6265668 0.8551941 0.6265663 0.8551941 0.6098999 0.8551941 0.6265663 0.8543525 0.6098984 0.8543525 0.6098984 0.8551941 0.6265663 0.8543525 0.6265648 0.8543525 0.6098984 0.8543525 0.6265648 0.8535628 0.609896 0.8535628 0.609896 0.8543525 0.6265648 0.8535628 0.6265622 0.8535628 0.609896 0.8535628 0.6265622 0.8528494 0.6098925 0.8528494 0.6098925 0.8535628 0.6265622 0.8528494 0.6265588 0.7600065 0.8762684 0.7600065 0.892935 0.7593902 0.8762693 0.7593902 0.8762693 0.7600065 0.892935 0.7593902 0.892936 0.7593902 0.8762693 0.7593902 0.892936 0.7586764 0.8762701 0.7586764 0.8762701 0.7593902 0.892936 0.7586764 0.8929367 0.7586764 0.8762701 0.7586764 0.8929367 0.7578865 0.8762706 0.7578865 0.8762706 0.7586764 0.8929367 0.7578865 0.8929373 0.7578865 0.8762706 0.7578865 0.8929373 0.7570447 0.876271 0.7570447 0.876271 0.7578865 0.8929373 0.7570447 0.8929376 0.7570447 0.876271 0.7570447 0.8929376 0.7561764 0.8762711 0.7561764 0.8762711 0.7570447 0.8929376 0.7561764 0.8929377 0.7561764 0.8762711 0.7561764 0.8929377 0.755308 0.876271 0.755308 0.876271 0.7561764 0.8929377 0.755308 0.8929376 0.755308 0.876271 0.755308 0.8929376 0.7544663 0.8762706 0.7544663 0.8762706 0.755308 0.8929376 0.7544663 0.8929373 0.7544663 0.8762706 0.7544663 0.8929373 0.7536764 0.8762701 0.7536764 0.8762701 0.7544663 0.8929373 0.7536764 0.8929367 0.7536764 0.8762701 0.7536764 0.8929367 0.7529624 0.8762693 0.7529624 0.8762693 0.7536764 0.8929367 0.7529624 0.892936 0.8400655 0.4072124 0.8400655 0.4238787 0.8394488 0.4072166 0.8394488 0.4072166 0.8400655 0.4238787 0.8394488 0.4238829 0.8394488 0.4072166 0.8394488 0.4238829 0.8387343 0.40722 0.8387343 0.40722 0.8394488 0.4238829 0.8387343 0.4238862 0.8387343 0.40722 0.8387343 0.4238862 0.837944 0.4072225 0.837944 0.4072225 0.8387343 0.4238862 0.837944 0.4238888 0.837944 0.4072225 0.837944 0.4238888 0.8371019 0.407224 0.8371019 0.407224 0.837944 0.4238888 0.8371019 0.4238903 0.8371019 0.407224 0.8371019 0.4238903 0.8362337 0.4072245 0.8362337 0.4072245 0.8371019 0.4238903 0.8362337 0.4238908 0.8573676 0.4072245 0.8573676 0.4238908 0.8564994 0.4072239 0.8564994 0.4072239 0.8573676 0.4238908 0.8564994 0.4238902 0.8564994 0.4072239 0.8564994 0.4238902 0.8556577 0.4072224 0.8556577 0.4072224 0.8564994 0.4238902 0.8556577 0.4238887 0.8556577 0.4072224 0.8556577 0.4238887 0.8548682 0.4072199 0.8548682 0.4072199 0.8556577 0.4238887 0.8548682 0.4238862 0.8548682 0.4072199 0.8548682 0.4238862 0.8541548 0.4072165 0.8541548 0.4072165 0.8548682 0.4238862 0.8541548 0.4238828 0.8984134 0.3956633 0.8984134 0.41233 0.8977971 0.3956643 0.8977971 0.3956643 0.8984134 0.41233 0.8977971 0.412331 0.8977971 0.3956643 0.8977971 0.412331 0.8970832 0.3956651 0.8970832 0.3956651 0.8977971 0.412331 0.8970832 0.4123317 0.8970832 0.3956651 0.8970832 0.4123317 0.8962932 0.3956656 0.8962932 0.3956656 0.8970832 0.4123317 0.8962932 0.4123323 0.8962932 0.3956656 0.8962932 0.4123323 0.8954515 0.395666 0.8954515 0.395666 0.8962932 0.4123323 0.8954515 0.4123327 0.8954515 0.395666 0.8954515 0.4123327 0.8945832 0.3956661 0.8945832 0.3956661 0.8954515 0.4123327 0.8945832 0.4123327 0.8945832 0.3956661 0.8945832 0.4123327 0.8937149 0.395666 0.8937149 0.395666 0.8945832 0.4123327 0.8937149 0.4123327 0.8937149 0.395666 0.8937149 0.4123327 0.892873 0.3956656 0.892873 0.3956656 0.8937149 0.4123327 0.892873 0.4123323 0.892873 0.3956656 0.892873 0.4123323 0.8920832 0.3956651 0.8920832 0.3956651 0.892873 0.4123323 0.8920832 0.4123317 0.8920832 0.3956651 0.8920832 0.4123317 0.8913693 0.3956643 0.8913693 0.3956643 0.8920832 0.4123317 0.8913693 0.412331 0.8471102 0.4072124 0.8471102 0.4238787 0.8464934 0.4072166 0.8464934 0.4072166 0.8471102 0.4238787 0.8464934 0.4238829 0.8464934 0.4072166 0.8464934 0.4238829 0.845779 0.40722 0.845779 0.40722 0.8464934 0.4238829 0.845779 0.4238863 0.845779 0.40722 0.845779 0.4238863 0.8449889 0.4072225 0.8449889 0.4072225 0.845779 0.4238863 0.8449889 0.4238888 0.8449889 0.4072225 0.8449889 0.4238888 0.8441468 0.407224 0.8441468 0.407224 0.8449889 0.4238888 0.8441468 0.4238904 0.8441468 0.407224 0.8441468 0.4238904 0.8432784 0.4072245 0.8432784 0.4072245 0.8441468 0.4238904 0.8432784 0.4238908 0.8432784 0.4072245 0.8432784 0.4238908 0.8424103 0.407224 0.8424103 0.407224 0.8432784 0.4238908 0.8424103 0.4238903 0.8424103 0.407224 0.8424103 0.4238903 0.8415687 0.4072225 0.8415687 0.4072225 0.8424103 0.4238903 0.8415687 0.4238888 0.8415687 0.4072225 0.8415687 0.4238888 0.840779 0.40722 0.840779 0.40722 0.8415687 0.4238888 0.840779 0.4238862 0.840779 0.40722 0.840779 0.4238862 0.8400656 0.4072166 0.8400656 0.4072166 0.840779 0.4238862 0.8400656 0.4238829 0.9054574 0.3956633 0.9054574 0.41233 0.9048411 0.3956643 0.9048411 0.3956643 0.9054574 0.41233 0.9048411 0.4123309 0.9048411 0.3956643 0.9048411 0.4123309 0.9041272 0.395665 0.9041272 0.395665 0.9048411 0.4123309 0.9041272 0.4123317 0.9041272 0.395665 0.9041272 0.4123317 0.9033374 0.3956656 0.9033374 0.3956656 0.9041272 0.4123317 0.9033374 0.4123322 0.9033374 0.3956656 0.9033374 0.4123322 0.9024956 0.395666 0.9024956 0.395666 0.9033374 0.4123322 0.9024956 0.4123326 0.9024956 0.395666 0.9024956 0.4123326 0.9016273 0.395666 0.9016273 0.395666 0.9024956 0.4123326 0.9016273 0.4123327 0.9016273 0.395666 0.9016273 0.4123327 0.9007589 0.395666 0.9007589 0.395666 0.9016273 0.4123327 0.9007589 0.4123326 0.9007589 0.395666 0.9007589 0.4123326 0.8999173 0.3956656 0.8999173 0.3956656 0.9007589 0.4123326 0.8999173 0.4123322 0.8999173 0.3956656 0.8999173 0.4123322 0.8991273 0.395665 0.8991273 0.395665 0.8999173 0.4123322 0.8991273 0.4123317 0.8991273 0.395665 0.8991273 0.4123317 0.8984133 0.3956643 0.8984133 0.3956643 0.8991273 0.4123317 0.8984133 0.4123309 0.8611994 0.4072124 0.8611994 0.4238787 0.8605827 0.4072166 0.8605827 0.4072166 0.8611994 0.4238787 0.8605827 0.4238829 0.8605827 0.4072166 0.8605827 0.4238829 0.8598682 0.40722 0.8598682 0.40722 0.8605827 0.4238829 0.8598682 0.4238862 0.8598682 0.40722 0.8598682 0.4238862 0.8590779 0.4072225 0.8590779 0.4072225 0.8598682 0.4238862 0.8590779 0.4238888 0.8590779 0.4072225 0.8590779 0.4238888 0.8582358 0.4072239 0.8582358 0.4072239 0.8590779 0.4238888 0.8582358 0.4238902 0.8582358 0.4072239 0.8582358 0.4238902 0.8573676 0.4072245 0.8573676 0.4072245 0.8582358 0.4238902 0.8573676 0.4238908 0.8734486 0.3956755 0.8734486 0.4123418 0.8725804 0.395675 0.8725804 0.395675 0.8734486 0.4123418 0.8725804 0.4123412 0.8725804 0.395675 0.8725804 0.4123412 0.8717387 0.3956734 0.8717387 0.3956734 0.8725804 0.4123412 0.8717387 0.4123397 0.8717387 0.3956734 0.8717387 0.4123397 0.8709493 0.3956709 0.8709493 0.3956709 0.8717387 0.4123397 0.8709493 0.4123372 0.8709493 0.3956709 0.8709493 0.4123372 0.8702358 0.3956675 0.8702358 0.3956675 0.8709493 0.4123372 0.8702358 0.4123338 0.7600066 0.8929378 0.7600066 0.9096045 0.7593903 0.8929387 0.7593903 0.8929387 0.7600066 0.9096045 0.7593903 0.9096054 0.7593903 0.8929387 0.7593903 0.9096054 0.7586764 0.8929395 0.7586764 0.8929395 0.7593903 0.9096054 0.7586764 0.9096062 0.7586764 0.8929395 0.7586764 0.9096062 0.7578864 0.8929401 0.7578864 0.8929401 0.7586764 0.9096062 0.7578864 0.9096067 0.7578864 0.8929401 0.7578864 0.9096067 0.7570447 0.8929404 0.7570447 0.8929404 0.7578864 0.9096067 0.7570447 0.9096071 0.7570447 0.8929404 0.7570447 0.9096071 0.7561764 0.8929405 0.7561764 0.8929405 0.7570447 0.9096071 0.7561764 0.9096072 0.7561764 0.8929405 0.7561764 0.9096072 0.755308 0.8929404 0.755308 0.8929404 0.7561764 0.9096072 0.755308 0.9096071 0.755308 0.8929404 0.755308 0.9096071 0.7544662 0.8929401 0.7544662 0.8929401 0.755308 0.9096071 0.7544662 0.9096067 0.7544662 0.8929401 0.7544662 0.9096067 0.7536764 0.8929395 0.7536764 0.8929395 0.7544662 0.9096067 0.7536764 0.9096062 0.7536764 0.8929395 0.7536764 0.9096062 0.7529625 0.8929387 0.7529625 0.8929387 0.7536764 0.9096062 0.7529625 0.9096054 0.8843251 0.3956633 0.8843251 0.4123296 0.8837083 0.3956675 0.8837083 0.3956675 0.8843251 0.4123296 0.8837083 0.4123338 0.8837083 0.3956675 0.8837083 0.4123338 0.8829939 0.3956709 0.8829939 0.3956709 0.8837083 0.4123338 0.8829939 0.4123372 0.8829939 0.3956709 0.8829939 0.4123372 0.8822038 0.3956734 0.8822038 0.3956734 0.8829939 0.4123372 0.8822038 0.4123397 0.8822038 0.3956734 0.8822038 0.4123397 0.8813617 0.395675 0.8813617 0.395675 0.8822038 0.4123397 0.8813617 0.4123412 0.8813617 0.395675 0.8813617 0.4123412 0.8804933 0.3956754 0.8804933 0.3956754 0.8813617 0.4123412 0.8804933 0.4123417 0.8804933 0.3956754 0.8804933 0.4123417 0.8796252 0.395675 0.8796252 0.395675 0.8804933 0.4123417 0.8796252 0.4123412 0.8796252 0.395675 0.8796252 0.4123412 0.8787835 0.3956734 0.8787835 0.3956734 0.8796252 0.4123412 0.8787835 0.4123397 0.8787835 0.3956734 0.8787835 0.4123397 0.8779939 0.3956708 0.8779939 0.3956708 0.8787835 0.4123397 0.8779939 0.4123371 0.8779939 0.3956708 0.8779939 0.4123371 0.8772805 0.3956675 0.8772805 0.3956675 0.8779939 0.4123371 0.8772805 0.4123338 0.9125015 0.3956633 0.9125015 0.41233 0.9118852 0.3956643 0.9118852 0.3956643 0.9125015 0.41233 0.9118852 0.4123309 0.9118852 0.3956643 0.9118852 0.4123309 0.9111713 0.3956651 0.9111713 0.3956651 0.9118852 0.4123309 0.9111713 0.4123317 0.9111713 0.3956651 0.9111713 0.4123317 0.9103815 0.3956656 0.9103815 0.3956656 0.9111713 0.4123317 0.9103815 0.4123323 0.9103815 0.3956656 0.9103815 0.4123323 0.9095396 0.395666 0.9095396 0.395666 0.9103815 0.4123323 0.9095396 0.4123326 0.9095396 0.395666 0.9095396 0.4123326 0.9086713 0.3956661 0.9086713 0.3956661 0.9095396 0.4123326 0.9086713 0.4123327 0.9086713 0.3956661 0.9086713 0.4123327 0.9078029 0.395666 0.9078029 0.395666 0.9086713 0.4123327 0.9078029 0.4123326 0.9078029 0.395666 0.9078029 0.4123326 0.9069613 0.3956656 0.9069613 0.3956656 0.9078029 0.4123326 0.9069613 0.4123323 0.9069613 0.3956656 0.9069613 0.4123323 0.9061713 0.3956651 0.9061713 0.3956651 0.9069613 0.4123323 0.9061713 0.4123317 0.9061713 0.3956651 0.9061713 0.4123317 0.9054574 0.3956643 0.9054574 0.3956643 0.9061713 0.4123317 0.9054574 0.4123309 0.8772805 0.3956633 0.8772805 0.4123297 0.8766636 0.3956675 0.8766636 0.3956675 0.8772805 0.4123297 0.8766636 0.4123339 0.8766636 0.3956675 0.8766636 0.4123339 0.8759493 0.395671 0.8759493 0.395671 0.8766636 0.4123339 0.8759493 0.4123373 0.8759493 0.395671 0.8759493 0.4123373 0.8751589 0.3956734 0.8751589 0.3956734 0.8759493 0.4123373 0.8751589 0.4123398 0.8751589 0.3956734 0.8751589 0.4123398 0.8743168 0.395675 0.8743168 0.395675 0.8751589 0.4123398 0.8743168 0.4123412 0.8743168 0.395675 0.8743168 0.4123412 0.8734486 0.3956755 0.8734486 0.3956755 0.8743168 0.4123412 0.8734486 0.4123418 0.8490175 0.6099005 0.8490175 0.6265668 0.8481492 0.6098999 0.8481492 0.6098999 0.8490175 0.6265668 0.8481492 0.6265663 0.8481492 0.6098999 0.8481492 0.6265663 0.8473076 0.6098985 0.8473076 0.6098985 0.8481492 0.6265663 0.8473076 0.6265648 0.8473076 0.6098985 0.8473076 0.6265648 0.8465182 0.609896 0.8465182 0.609896 0.8473076 0.6265648 0.8465182 0.6265622 0.8465182 0.609896 0.8465182 0.6265622 0.8458047 0.6098925 0.8458047 0.6098925 0.8465182 0.6265622 0.8458047 0.6265588 0.9195456 0.3956633 0.9195456 0.41233 0.9189293 0.3956643 0.9189293 0.3956643 0.9195456 0.41233 0.9189293 0.412331 0.9189293 0.3956643 0.9189293 0.412331 0.9182154 0.3956651 0.9182154 0.3956651 0.9189293 0.412331 0.9182154 0.4123317 0.9182154 0.3956651 0.9182154 0.4123317 0.9174254 0.3956656 0.9174254 0.3956656 0.9182154 0.4123317 0.9174254 0.4123323 0.9174254 0.3956656 0.9174254 0.4123323 0.9165837 0.395666 0.9165837 0.395666 0.9174254 0.4123323 0.9165837 0.4123327 0.9165837 0.395666 0.9165837 0.4123327 0.9157154 0.3956661 0.9157154 0.3956661 0.9165837 0.4123327 0.9157154 0.4123327 0.9157154 0.3956661 0.9157154 0.4123327 0.9148471 0.395666 0.9148471 0.395666 0.9157154 0.4123327 0.9148471 0.4123327 0.9148471 0.395666 0.9148471 0.4123327 0.9140052 0.3956656 0.9140052 0.3956656 0.9148471 0.4123327 0.9140052 0.4123323 0.9140052 0.3956656 0.9140052 0.4123323 0.9132154 0.3956651 0.9132154 0.3956651 0.9140052 0.4123323 0.9132154 0.4123317 0.9132154 0.3956651 0.9132154 0.4123317 0.9125015 0.3956643 0.9125015 0.3956643 0.9132154 0.4123317 0.9125015 0.412331 0.8541548 0.4072124 0.8541548 0.4238787 0.853538 0.4072166 0.853538 0.4072166 0.8541548 0.4238787 0.853538 0.4238829 0.853538 0.4072166 0.853538 0.4238829 0.8528236 0.40722 0.8528236 0.40722 0.853538 0.4238829 0.8528236 0.4238862 0.8528236 0.40722 0.8528236 0.4238862 0.8520335 0.4072225 0.8520335 0.4072225 0.8528236 0.4238862 0.8520335 0.4238888 0.8520335 0.4072225 0.8520335 0.4238888 0.8511914 0.407224 0.8511914 0.407224 0.8520335 0.4238888 0.8511914 0.4238903 0.8511914 0.407224 0.8511914 0.4238903 0.850323 0.4072245 0.850323 0.4072245 0.8511914 0.4238903 0.850323 0.4238908 0.850323 0.4072245 0.850323 0.4238908 0.8494549 0.407224 0.8494549 0.407224 0.850323 0.4238908 0.8494549 0.4238903 0.8494549 0.407224 0.8494549 0.4238903 0.8486133 0.4072225 0.8486133 0.4072225 0.8494549 0.4238903 0.8486133 0.4238888 0.8486133 0.4072225 0.8486133 0.4238888 0.8478236 0.40722 0.8478236 0.40722 0.8486133 0.4238888 0.8478236 0.4238862 0.8478236 0.40722 0.8478236 0.4238862 0.8471102 0.4072166 0.8471102 0.4072166 0.8478236 0.4238862 0.8471102 0.4238829 0.7600065 0.9096072 0.7600065 0.9262739 0.7593902 0.9096081 0.7593902 0.9096081 0.7600065 0.9262739 0.7593902 0.9262748 0.7593902 0.9096081 0.7593902 0.9262748 0.7586764 0.9096089 0.7586764 0.9096089 0.7593902 0.9262748 0.7586764 0.9262756 0.7586764 0.9096089 0.7586764 0.9262756 0.7578865 0.9096094 0.7578865 0.9096094 0.7586764 0.9262756 0.7578865 0.9262761 0.7578865 0.9096094 0.7578865 0.9262761 0.7570447 0.9096098 0.7570447 0.9096098 0.7578865 0.9262761 0.7570447 0.9262765 0.7570447 0.9096098 0.7570447 0.9262765 0.7561764 0.9096099 0.7561764 0.9096099 0.7570447 0.9262765 0.7561764 0.9262766 0.7561764 0.9096099 0.7561764 0.9262766 0.755308 0.9096098 0.755308 0.9096098 0.7561764 0.9262766 0.755308 0.9262765 0.755308 0.9096098 0.755308 0.9262765 0.7544664 0.9096094 0.7544664 0.9096094 0.755308 0.9262765 0.7544664 0.9262761 0.7544664 0.9096094 0.7544664 0.9262761 0.7536764 0.9096089 0.7536764 0.9096089 0.7544664 0.9262761 0.7536764 0.9262756 0.7536764 0.9096089 0.7536764 0.9262756 0.7529624 0.9096081 0.7529624 0.9096081 0.7536764 0.9262756 0.7529624 0.9262748 0.8528494 0.6098884 0.8528494 0.6265547 0.8522325 0.6098926 0.8522325 0.6098926 0.8528494 0.6265547 0.8522325 0.6265588 0.8522325 0.6098926 0.8522325 0.6265588 0.8515182 0.609896 0.8515182 0.609896 0.8522325 0.6265588 0.8515182 0.6265622 0.8515182 0.609896 0.8515182 0.6265622 0.8507278 0.6098985 0.8507278 0.6098985 0.8515182 0.6265622 0.8507278 0.6265648 0.8507278 0.6098985 0.8507278 0.6265648 0.8498857 0.6099 0.8498857 0.6099 0.8507278 0.6265648 0.8498857 0.6265663 0.8498857 0.6099 0.8498857 0.6265663 0.8490175 0.6099005 0.8490175 0.6099005 0.8498857 0.6265663 0.8490175 0.6265668 0.772 0.5871356 0.7741129 0.582604 0.7727547 0.5875715 0.7727547 0.5875715 0.7741129 0.582604 0.7756225 0.5834755 0.7727547 0.5875715 0.7756225 0.5834755 0.7734224 0.5881316 0.7734224 0.5881316 0.7756225 0.5834755 0.7769579 0.584596 0.7734224 0.5881316 0.7769579 0.584596 0.7739826 0.5887992 0.7739826 0.5887992 0.7769579 0.584596 0.7780784 0.5859312 0.7739826 0.5887992 0.7780784 0.5859312 0.7744185 0.5895539 0.7744185 0.5895539 0.7780784 0.5859312 0.77895 0.5874407 0.7744185 0.5895539 0.77895 0.5874407 0.7747167 0.5903729 0.7747167 0.5903729 0.77895 0.5874407 0.7795462 0.5890788 0.7747167 0.5903729 0.7795462 0.5890788 0.774868 0.5912313 0.774868 0.5912313 0.7795462 0.5890788 0.7798489 0.5907953 0.774868 0.5912313 0.7798489 0.5907953 0.7748681 0.5921028 0.7748681 0.5921028 0.7798489 0.5907953 0.7798489 0.5925385 0.7748681 0.5921028 0.7798489 0.5925385 0.7747167 0.5929611 0.7747167 0.5929611 0.7798489 0.5925385 0.7795464 0.5942552 0.7747167 0.5929611 0.7795464 0.5942552 0.7744185 0.5937802 0.7744185 0.5937802 0.7795464 0.5942552 0.7789503 0.5958932 0.7744185 0.5937802 0.7789503 0.5958932 0.7739828 0.594535 0.7739828 0.594535 0.7789503 0.5958932 0.7780788 0.5974027 0.7739828 0.594535 0.7780788 0.5974027 0.7734227 0.5952026 0.7734227 0.5952026 0.7780788 0.5974027 0.7769583 0.598738 0.7734227 0.5952026 0.7769583 0.598738 0.772755 0.5957629 0.772755 0.5957629 0.7769583 0.598738 0.7756231 0.5998587 0.772755 0.5957629 0.7756231 0.5998587 0.7720004 0.5961987 0.7720004 0.5961987 0.7756231 0.5998587 0.7741135 0.6007302 0.7720004 0.5961987 0.7741135 0.6007302 0.7711814 0.5964967 0.7711814 0.5964967 0.7741135 0.6007302 0.7724755 0.6013264 0.7711814 0.5964967 0.7724755 0.6013264 0.770323 0.5966482 0.770323 0.5966482 0.7724755 0.6013264 0.7707589 0.6016292 0.770323 0.5966482 0.7707589 0.6016292 0.7694513 0.5966481 0.7694513 0.5966481 0.7707589 0.6016292 0.7690159 0.6016292 0.7694513 0.5966481 0.7690159 0.6016292 0.7685932 0.5964969 0.7685932 0.5964969 0.7690159 0.6016292 0.7672992 0.6013267 0.7685932 0.5964969 0.7672992 0.6013267 0.7677741 0.5961988 0.7677741 0.5961988 0.7672992 0.6013267 0.7656611 0.6007305 0.7677741 0.5961988 0.7656611 0.6007305 0.7670193 0.595763 0.7670193 0.595763 0.7656611 0.6007305 0.7641516 0.5998588 0.7670193 0.595763 0.7641516 0.5998588 0.7663516 0.5952029 0.7663516 0.5952029 0.7641516 0.5998588 0.7628161 0.5987385 0.7663516 0.5952029 0.7628161 0.5987385 0.7657915 0.5945353 0.7657915 0.5945353 0.7628161 0.5987385 0.7616957 0.5974033 0.7657915 0.5945353 0.7616957 0.5974033 0.7653555 0.5937804 0.7653555 0.5937804 0.7616957 0.5974033 0.760824 0.5958938 0.7653555 0.5937804 0.760824 0.5958938 0.7650573 0.5929614 0.7650573 0.5929614 0.760824 0.5958938 0.7602279 0.5942558 0.7650573 0.5929614 0.7602279 0.5942558 0.7649061 0.5921032 0.7649061 0.5921032 0.7602279 0.5942558 0.7599251 0.5925391 0.7649061 0.5921032 0.7599251 0.5925391 0.7649059 0.5912316 0.7649059 0.5912316 0.7599251 0.5925391 0.7599251 0.5907961 0.7649059 0.5912316 0.7599251 0.5907961 0.7650573 0.5903732 0.7650573 0.5903732 0.7599251 0.5907961 0.7602276 0.5890794 0.7650573 0.5903732 0.7602276 0.5890794 0.7653555 0.5895543 0.7653555 0.5895543 0.7602276 0.5890794 0.7608238 0.5874414 0.7653555 0.5895543 0.7608238 0.5874414 0.7657912 0.5887995 0.7657912 0.5887995 0.7608238 0.5874414 0.7616953 0.5859318 0.7657912 0.5887995 0.7616953 0.5859318 0.7663514 0.5881319 0.7663514 0.5881319 0.7616953 0.5859318 0.7628158 0.5845963 0.7663514 0.5881319 0.7628158 0.5845963 0.767019 0.5875715 0.767019 0.5875715 0.7628158 0.5845963 0.764151 0.5834759 0.767019 0.5875715 0.764151 0.5834759 0.7677739 0.5871357 0.7677739 0.5871357 0.764151 0.5834759 0.7656605 0.5826043 0.7677739 0.5871357 0.7656605 0.5826043 0.7685927 0.5868376 0.7685927 0.5868376 0.7656605 0.5826043 0.7672986 0.5820081 0.7685927 0.5868376 0.7672986 0.5820081 0.7694511 0.5866863 0.7694511 0.5866863 0.7672986 0.5820081 0.7690151 0.5817053 0.7694511 0.5866863 0.7690151 0.5817053 0.7703227 0.5866862 0.7703227 0.5866862 0.7690151 0.5817053 0.7707582 0.5817053 0.7703227 0.5866862 0.7707582 0.5817053 0.7711811 0.5868375 0.7711811 0.5868375 0.7707582 0.5817053 0.7724749 0.5820078 0.7711811 0.5868375 0.7724749 0.5820078 0.772 0.5871356 0.772 0.5871356 0.7724749 0.5820078 0.7741129 0.582604 0.7503986 0.5866863 0.7508344 0.5817054 0.751257 0.5868376 0.751257 0.5868376 0.7508344 0.5817054 0.752551 0.5820079 0.751257 0.5868376 0.752551 0.5820079 0.7520761 0.5871358 0.7520761 0.5871358 0.752551 0.5820079 0.754189 0.5826041 0.7520761 0.5871358 0.754189 0.5826041 0.7528309 0.5875715 0.7528309 0.5875715 0.754189 0.5826041 0.7556986 0.5834755 0.7528309 0.5875715 0.7556986 0.5834755 0.7534985 0.5881317 0.7534985 0.5881317 0.7556986 0.5834755 0.7570339 0.584596 0.7534985 0.5881317 0.7570339 0.584596 0.7540587 0.5887993 0.7540587 0.5887993 0.7570339 0.584596 0.7581545 0.5859313 0.7540587 0.5887993 0.7581545 0.5859313 0.7544946 0.589554 0.7544946 0.589554 0.7581545 0.5859313 0.7590262 0.5874408 0.7544946 0.589554 0.7590262 0.5874408 0.7547926 0.590373 0.7547926 0.590373 0.7590262 0.5874408 0.7596223 0.5890789 0.7547926 0.590373 0.7596223 0.5890789 0.7549441 0.5912314 0.7549441 0.5912314 0.7596223 0.5890789 0.7599251 0.5907954 0.7549441 0.5912314 0.7599251 0.5907954 0.754944 0.592103 0.754944 0.592103 0.7599251 0.5907954 0.7599251 0.5925385 0.754944 0.592103 0.7599251 0.5925385 0.7547929 0.5929611 0.7547929 0.5929611 0.7599251 0.5925385 0.7596226 0.5942552 0.7547929 0.5929611 0.7596226 0.5942552 0.7544947 0.5937803 0.7544947 0.5937803 0.7596226 0.5942552 0.7590264 0.5958932 0.7544947 0.5937803 0.7590264 0.5958932 0.754059 0.5945351 0.754059 0.5945351 0.7590264 0.5958932 0.7581548 0.5974028 0.754059 0.5945351 0.7581548 0.5974028 0.7534988 0.5952027 0.7534988 0.5952027 0.7581548 0.5974028 0.7570344 0.5987383 0.7534988 0.5952027 0.7570344 0.5987383 0.7528312 0.5957629 0.7528312 0.5957629 0.7570344 0.5987383 0.7556992 0.5998587 0.7528312 0.5957629 0.7556992 0.5998587 0.7520763 0.5961988 0.7520763 0.5961988 0.7556992 0.5998587 0.7541897 0.6007303 0.7520763 0.5961988 0.7541897 0.6007303 0.7512573 0.596497 0.7512573 0.596497 0.7541897 0.6007303 0.7525516 0.6013264 0.7512573 0.596497 0.7525516 0.6013264 0.7503991 0.5966483 0.7503991 0.5966483 0.7525516 0.6013264 0.7508351 0.6016293 0.7503991 0.5966483 0.7508351 0.6016293 0.7495275 0.5966484 0.7495275 0.5966484 0.7508351 0.6016293 0.7490919 0.6016293 0.7495275 0.5966484 0.7490919 0.6016293 0.7486691 0.596497 0.7486691 0.596497 0.7490919 0.6016293 0.7473753 0.6013267 0.7486691 0.596497 0.7473753 0.6013267 0.7478502 0.5961988 0.7478502 0.5961988 0.7473753 0.6013267 0.7457373 0.6007305 0.7478502 0.5961988 0.7457373 0.6007305 0.7470954 0.5957631 0.7470954 0.5957631 0.7457373 0.6007305 0.7442277 0.5998591 0.7470954 0.5957631 0.7442277 0.5998591 0.7464278 0.5952029 0.7464278 0.5952029 0.7442277 0.5998591 0.7428922 0.5987386 0.7464278 0.5952029 0.7428922 0.5987386 0.7458674 0.5945354 0.7458674 0.5945354 0.7428922 0.5987386 0.7417718 0.5974034 0.7458674 0.5945354 0.7417718 0.5974034 0.7454317 0.5937805 0.7454317 0.5937805 0.7417718 0.5974034 0.7409002 0.5958938 0.7454317 0.5937805 0.7409002 0.5958938 0.7451335 0.5929617 0.7451335 0.5929617 0.7409002 0.5958938 0.740304 0.5942558 0.7451335 0.5929617 0.740304 0.5942558 0.7449822 0.5921033 0.7449822 0.5921033 0.740304 0.5942558 0.7400012 0.5925392 0.7449822 0.5921033 0.7400012 0.5925392 0.7449821 0.5912316 0.7449821 0.5912316 0.7400012 0.5925392 0.7400012 0.5907961 0.7449821 0.5912316 0.7400012 0.5907961 0.7451335 0.5903733 0.7451335 0.5903733 0.7400012 0.5907961 0.7403038 0.5890794 0.7451335 0.5903733 0.7403038 0.5890794 0.7454314 0.5895544 0.7454314 0.5895544 0.7403038 0.5890794 0.7408999 0.5874415 0.7454314 0.5895544 0.7408999 0.5874415 0.7458674 0.5887996 0.7458674 0.5887996 0.7408999 0.5874415 0.7417713 0.5859319 0.7458674 0.5887996 0.7417713 0.5859319 0.7464275 0.588132 0.7464275 0.588132 0.7417713 0.5859319 0.7428919 0.5845964 0.7464275 0.588132 0.7428919 0.5845964 0.7470951 0.5875717 0.7470951 0.5875717 0.7428919 0.5845964 0.7442271 0.583476 0.7470951 0.5875717 0.7442271 0.583476 0.7478498 0.5871358 0.7478498 0.5871358 0.7442271 0.583476 0.7457367 0.5826043 0.7478498 0.5871358 0.7457367 0.5826043 0.7486688 0.5868377 0.7486688 0.5868377 0.7457367 0.5826043 0.7473747 0.5820082 0.7486688 0.5868377 0.7473747 0.5820082 0.7495272 0.5866863 0.7495272 0.5866863 0.7473747 0.5820082 0.7490913 0.5817054 0.7495272 0.5866863 0.7490913 0.5817054 0.7503986 0.5866863 0.7503986 0.5866863 0.7490913 0.5817054 0.7508344 0.5817054 0.754944 0.6111555 0.7599251 0.61072 0.7549441 0.6120271 0.7549441 0.6120271 0.7599251 0.61072 0.7599251 0.6124631 0.7549441 0.6120271 0.7599251 0.6124631 0.7547926 0.6128855 0.7547926 0.6128855 0.7599251 0.6124631 0.7596223 0.6141796 0.7547926 0.6128855 0.7596223 0.6141796 0.7544947 0.6137043 0.7544947 0.6137043 0.7596223 0.6141796 0.7590262 0.6158177 0.7544947 0.6137043 0.7590262 0.6158177 0.7540587 0.6144592 0.7540587 0.6144592 0.7590262 0.6158177 0.7581545 0.6173272 0.7540587 0.6144592 0.7581545 0.6173272 0.7534985 0.6151268 0.7534985 0.6151268 0.7581545 0.6173272 0.7570339 0.6186624 0.7534985 0.6151268 0.7570339 0.6186624 0.7528309 0.615687 0.7528309 0.615687 0.7570339 0.6186624 0.7556986 0.6197829 0.7528309 0.615687 0.7556986 0.6197829 0.7520761 0.6161227 0.7520761 0.6161227 0.7556986 0.6197829 0.754189 0.6206544 0.7520761 0.6161227 0.754189 0.6206544 0.751257 0.6164209 0.751257 0.6164209 0.754189 0.6206544 0.752551 0.6212506 0.751257 0.6164209 0.752551 0.6212506 0.7503986 0.6165722 0.7503986 0.6165722 0.752551 0.6212506 0.7508344 0.6215531 0.7503986 0.6165722 0.7508344 0.6215531 0.7495272 0.6165722 0.7495272 0.6165722 0.7508344 0.6215531 0.7490913 0.6215531 0.7495272 0.6165722 0.7490913 0.6215531 0.7486688 0.6164208 0.7486688 0.6164208 0.7490913 0.6215531 0.7473747 0.6212503 0.7486688 0.6164208 0.7473747 0.6212503 0.7478498 0.6161227 0.7478498 0.6161227 0.7473747 0.6212503 0.7457367 0.6206542 0.7478498 0.6161227 0.7457367 0.6206542 0.7470951 0.6156867 0.7470951 0.6156867 0.7457367 0.6206542 0.7442271 0.6197825 0.7470951 0.6156867 0.7442271 0.6197825 0.7464275 0.6151265 0.7464275 0.6151265 0.7442271 0.6197825 0.7428919 0.6186621 0.7464275 0.6151265 0.7428919 0.6186621 0.7458674 0.6144589 0.7458674 0.6144589 0.7428919 0.6186621 0.7417713 0.6173266 0.7458674 0.6144589 0.7417713 0.6173266 0.7454314 0.6137041 0.7454314 0.6137041 0.7417713 0.6173266 0.7408999 0.615817 0.7454314 0.6137041 0.7408999 0.615817 0.7451335 0.612885 0.7451335 0.612885 0.7408999 0.615817 0.7403038 0.614179 0.7451335 0.612885 0.7403038 0.614179 0.7449821 0.6120269 0.7449821 0.6120269 0.7403038 0.614179 0.7400012 0.6124624 0.7449821 0.6120269 0.7400012 0.6124624 0.7449822 0.6111552 0.7449822 0.6111552 0.7400012 0.6124624 0.7400012 0.6107193 0.7449822 0.6111552 0.7400012 0.6107193 0.7451335 0.6102968 0.7451335 0.6102968 0.7400012 0.6107193 0.740304 0.6090027 0.7451335 0.6102968 0.740304 0.6090027 0.7454317 0.6094778 0.7454317 0.6094778 0.740304 0.6090027 0.7409002 0.6073647 0.7454317 0.6094778 0.7409002 0.6073647 0.7458674 0.6087231 0.7458674 0.6087231 0.7409002 0.6073647 0.7417718 0.6058551 0.7458674 0.6087231 0.7417718 0.6058551 0.7464278 0.6080555 0.7464278 0.6080555 0.7417718 0.6058551 0.7428922 0.6045199 0.7464278 0.6080555 0.7428922 0.6045199 0.7470954 0.6074954 0.7470954 0.6074954 0.7428922 0.6045199 0.7442277 0.6033993 0.7470954 0.6074954 0.7442277 0.6033993 0.7478502 0.6070597 0.7478502 0.6070597 0.7442277 0.6033993 0.7457373 0.6025279 0.7478502 0.6070597 0.7457373 0.6025279 0.7486691 0.6067615 0.7486691 0.6067615 0.7457373 0.6025279 0.7473753 0.6019318 0.7486691 0.6067615 0.7473753 0.6019318 0.7495275 0.6066101 0.7495275 0.6066101 0.7473753 0.6019318 0.7490919 0.6016292 0.7495275 0.6066101 0.7490919 0.6016292 0.7503991 0.6066102 0.7503991 0.6066102 0.7490919 0.6016292 0.7508351 0.6016292 0.7503991 0.6066102 0.7508351 0.6016292 0.7512573 0.6067615 0.7512573 0.6067615 0.7508351 0.6016292 0.7525516 0.6019321 0.7512573 0.6067615 0.7525516 0.6019321 0.7520763 0.6070597 0.7520763 0.6070597 0.7525516 0.6019321 0.7541897 0.6025282 0.7520763 0.6070597 0.7541897 0.6025282 0.7528312 0.6074956 0.7528312 0.6074956 0.7541897 0.6025282 0.7556992 0.6033998 0.7528312 0.6074956 0.7556992 0.6033998 0.7534988 0.6080558 0.7534988 0.6080558 0.7556992 0.6033998 0.7570344 0.6045202 0.7534988 0.6080558 0.7570344 0.6045202 0.754059 0.6087234 0.754059 0.6087234 0.7570344 0.6045202 0.7581548 0.6058557 0.754059 0.6087234 0.7581548 0.6058557 0.7544947 0.6094782 0.7544947 0.6094782 0.7581548 0.6058557 0.7590264 0.6073653 0.7544947 0.6094782 0.7590264 0.6073653 0.7547929 0.6102972 0.7547929 0.6102972 0.7590264 0.6073653 0.7596226 0.6090033 0.7547929 0.6102972 0.7596226 0.6090033 0.754944 0.6111555 0.754944 0.6111555 0.7596226 0.6090033 0.7599251 0.61072 0.8681691 0.3628298 0.8715025 0.3661631 0.8635691 0.3956633 0.8635691 0.3956633 0.8715025 0.3661631 0.893069 0.3661632 0.9492357 0.3099966 0.9413023 0.3394965 0.9197357 0.3394965 0.893069 0.3661632 0.893069 0.38773 0.8635691 0.3956633 0.8635691 0.3956633 0.893069 0.38773 0.8964024 0.3910633 0.8635691 0.3956633 0.8964024 0.3910633 0.9492357 0.3956633 0.8964024 0.3910633 0.9164024 0.3910633 0.9492357 0.3956633 0.9492357 0.3956633 0.9164024 0.3910633 0.9197357 0.38773 0.9492357 0.3956633 0.9197357 0.38773 0.9197357 0.3661632 0.9197357 0.3661632 0.9413023 0.3661632 0.9492357 0.3956633 0.9492357 0.3956633 0.9413023 0.3661632 0.9446357 0.3628298 0.9492357 0.3956633 0.9446357 0.3628298 0.9492357 0.3099966 0.9492357 0.3099966 0.9446357 0.3628298 0.9446357 0.3428298 0.9492357 0.3099966 0.9446357 0.3428298 0.9413023 0.3394965 0.9197357 0.3394965 0.9197357 0.3179299 0.9492357 0.3099966 0.9492357 0.3099966 0.9197357 0.3179299 0.9164024 0.3145965 0.9492357 0.3099966 0.9164024 0.3145965 0.8635691 0.3099966 0.8635691 0.3099966 0.9164024 0.3145965 0.8964024 0.3145965 0.8635691 0.3099966 0.8964024 0.3145965 0.893069 0.3179299 0.8681691 0.3628298 0.8635691 0.3956633 0.8681691 0.3428298 0.8681691 0.3428298 0.8635691 0.3956633 0.8635691 0.3099966 0.8681691 0.3428298 0.8635691 0.3099966 0.8715025 0.3394965 0.8715025 0.3394965 0.8635691 0.3099966 0.893069 0.3179299 0.8715025 0.3394965 0.893069 0.3179299 0.893069 0.3394965 0.7650573 0.6128852 0.7602276 0.614179 0.7649059 0.6120268 0.7649059 0.6120268 0.7602276 0.614179 0.7599251 0.6124624 0.7649059 0.6120268 0.7599251 0.6124624 0.7649061 0.6111552 0.7649061 0.6111552 0.7599251 0.6124624 0.7599251 0.6107193 0.7649061 0.6111552 0.7599251 0.6107193 0.7650574 0.610297 0.7650574 0.610297 0.7599251 0.6107193 0.7602279 0.6090027 0.7650574 0.610297 0.7602279 0.6090027 0.7653555 0.609478 0.7653555 0.609478 0.7602279 0.6090027 0.760824 0.6073647 0.7653555 0.609478 0.760824 0.6073647 0.7657915 0.6087231 0.7657915 0.6087231 0.760824 0.6073647 0.7616957 0.6058551 0.7657915 0.6087231 0.7616957 0.6058551 0.7663517 0.6080555 0.7663517 0.6080555 0.7616957 0.6058551 0.7628161 0.6045199 0.7663517 0.6080555 0.7628161 0.6045199 0.7670193 0.6074954 0.7670193 0.6074954 0.7628161 0.6045199 0.7641516 0.6033996 0.7670193 0.6074954 0.7641516 0.6033996 0.7677741 0.6070596 0.7677741 0.6070596 0.7641516 0.6033996 0.7656611 0.6025279 0.7677741 0.6070596 0.7656611 0.6025279 0.768593 0.6067615 0.768593 0.6067615 0.7656611 0.6025279 0.7672992 0.6019318 0.768593 0.6067615 0.7672992 0.6019318 0.7694513 0.6066102 0.7694513 0.6066102 0.7672992 0.6019318 0.7690159 0.6016292 0.7694513 0.6066102 0.7690159 0.6016292 0.770323 0.6066102 0.770323 0.6066102 0.7690159 0.6016292 0.7707589 0.6016292 0.770323 0.6066102 0.7707589 0.6016292 0.7711814 0.6067617 0.7711814 0.6067617 0.7707589 0.6016292 0.7724755 0.601932 0.7711814 0.6067617 0.7724755 0.601932 0.7720002 0.6070597 0.7720002 0.6070597 0.7724755 0.601932 0.7741135 0.6025282 0.7720002 0.6070597 0.7741135 0.6025282 0.772755 0.6074956 0.772755 0.6074956 0.7741135 0.6025282 0.7756231 0.6033998 0.772755 0.6074956 0.7756231 0.6033998 0.7734227 0.6080558 0.7734227 0.6080558 0.7756231 0.6033998 0.7769583 0.6045204 0.7734227 0.6080558 0.7769583 0.6045204 0.7739828 0.6087234 0.7739828 0.6087234 0.7769583 0.6045204 0.7780788 0.6058557 0.7739828 0.6087234 0.7780788 0.6058557 0.7744185 0.6094782 0.7744185 0.6094782 0.7780788 0.6058557 0.7789503 0.6073653 0.7744185 0.6094782 0.7789503 0.6073653 0.7747167 0.6102973 0.7747167 0.6102973 0.7789503 0.6073653 0.7795464 0.6090033 0.7747167 0.6102973 0.7795464 0.6090033 0.7748681 0.6111556 0.7748681 0.6111556 0.7795464 0.6090033 0.7798489 0.6107199 0.7748681 0.6111556 0.7798489 0.6107199 0.774868 0.6120271 0.774868 0.6120271 0.7798489 0.6107199 0.7798489 0.612463 0.774868 0.6120271 0.7798489 0.612463 0.7747167 0.6128855 0.7747167 0.6128855 0.7798489 0.612463 0.7795462 0.6141796 0.7747167 0.6128855 0.7795462 0.6141796 0.7744185 0.6137045 0.7744185 0.6137045 0.7795462 0.6141796 0.77895 0.6158176 0.7744185 0.6137045 0.77895 0.6158176 0.7739826 0.6144592 0.7739826 0.6144592 0.77895 0.6158176 0.7780784 0.6173272 0.7739826 0.6144592 0.7780784 0.6173272 0.7734224 0.6151267 0.7734224 0.6151267 0.7780784 0.6173272 0.7769579 0.6186624 0.7734224 0.6151267 0.7769579 0.6186624 0.7727547 0.615687 0.7727547 0.615687 0.7769579 0.6186624 0.7756225 0.6197829 0.7727547 0.615687 0.7756225 0.6197829 0.772 0.6161229 0.772 0.6161229 0.7756225 0.6197829 0.7741129 0.6206544 0.772 0.6161229 0.7741129 0.6206544 0.7711809 0.6164208 0.7711809 0.6164208 0.7741129 0.6206544 0.7724749 0.6212505 0.7711809 0.6164208 0.7724749 0.6212505 0.7703227 0.6165722 0.7703227 0.6165722 0.7724749 0.6212505 0.7707582 0.6215531 0.7703227 0.6165722 0.7707582 0.6215531 0.7694511 0.6165721 0.7694511 0.6165721 0.7707582 0.6215531 0.7690151 0.6215531 0.7694511 0.6165721 0.7690151 0.6215531 0.7685927 0.6164208 0.7685927 0.6164208 0.7690151 0.6215531 0.7672986 0.6212503 0.7685927 0.6164208 0.7672986 0.6212503 0.7677737 0.6161226 0.7677737 0.6161226 0.7672986 0.6212503 0.7656605 0.6206541 0.7677737 0.6161226 0.7656605 0.6206541 0.767019 0.6156869 0.767019 0.6156869 0.7656605 0.6206541 0.764151 0.6197825 0.767019 0.6156869 0.764151 0.6197825 0.7663514 0.6151265 0.7663514 0.6151265 0.764151 0.6197825 0.7628158 0.6186621 0.7663514 0.6151265 0.7628158 0.6186621 0.7657912 0.6144589 0.7657912 0.6144589 0.7628158 0.6186621 0.7616953 0.6173266 0.7657912 0.6144589 0.7616953 0.6173266 0.7653555 0.6137041 0.7653555 0.6137041 0.7616953 0.6173266 0.7608238 0.615817 0.7653555 0.6137041 0.7608238 0.615817 0.7650573 0.6128852 0.7650573 0.6128852 0.7608238 0.615817 0.7602276 0.614179 0.9575693 0.1796731 0.9561414 0.1806728 0.9561414 0.1259938 0.9525693 0.1183333 0.9492359 0.1133333 0.9527212 0.1165968 0.9527212 0.1165968 0.9492359 0.1133333 0.9531723 0.1149131 0.9561414 0.1259938 0.9561414 0.1806728 0.9549087 0.1247611 0.953909 0.1833333 0.9492359 0.1133333 0.9549087 0.1819055 0.9549087 0.1819055 0.9492359 0.1133333 0.9561414 0.1806728 0.9542359 0.2019937 0.9528081 0.2009939 0.9561414 0.1959939 0.9561414 0.1959939 0.9528081 0.2009939 0.9515754 0.1997612 0.9561414 0.1959939 0.9515754 0.1997612 0.9549087 0.1947612 0.9618098 0.1036967 0.9611791 0.1039699 0.9592359 0.1033333 0.9498389 0.1099131 0.9549087 0.1119055 0.953909 0.1133333 0.9531723 0.1149131 0.9492359 0.1133333 0.953909 0.1133333 0.953909 0.1133333 0.9492359 0.1133333 0.9493879 0.1115968 0.953909 0.1133333 0.9493879 0.1115968 0.9498389 0.1099131 0.9515754 0.1997612 0.9505757 0.1983334 0.9549087 0.1947612 0.9549087 0.1947612 0.9505757 0.1983334 0.9498389 0.1967536 0.9549087 0.1947612 0.9498389 0.1967536 0.953909 0.1933333 0.953909 0.1933333 0.9498389 0.1967536 0.9493879 0.1950698 0.953909 0.1933333 0.9493879 0.1950698 0.9531723 0.1917536 0.9531723 0.1917536 0.9493879 0.1950698 0.9492359 0.1933333 0.9531723 0.1917536 0.9492359 0.1933333 0.9527212 0.1900698 0.9592939 0.1061452 0.9592504 0.1064052 0.9542359 0.104673 0.9525693 0.1183333 0.9527212 0.1200698 0.9492359 0.1133333 0.9492359 0.1133333 0.9527212 0.1200698 0.9531723 0.1217535 0.9492359 0.1133333 0.9531723 0.1217535 0.9561414 0.1806728 0.9561414 0.1806728 0.9531723 0.1217535 0.953909 0.1233333 0.9561414 0.1806728 0.953909 0.1233333 0.9549087 0.1247611 0.953909 0.1833333 0.9531723 0.1849132 0.9492359 0.1133333 0.9492359 0.1133333 0.9531723 0.1849132 0.9527212 0.1865969 0.9492359 0.1133333 0.9527212 0.1865969 0.9492359 0.1933333 0.9492359 0.1933333 0.9527212 0.1865969 0.9525693 0.1883333 0.9492359 0.1933333 0.9525693 0.1883333 0.9527212 0.1900698 0.9606165 0.202357 0.9611791 0.2026968 0.9592359 0.2033334 0.9592359 0.2033334 0.9611791 0.2026968 0.9618098 0.20297 0.9575693 0.109673 0.9592359 0.1066666 0.9591491 0.1089363 0.9591491 0.1089363 0.9592359 0.1066666 0.9592359 0.1089052 0.9592359 0.2000001 0.9592504 0.2002615 0.9542359 0.2019937 0.9639499 0.1033333 0.9632126 0.1033744 0.9592359 0.1033333 0.9592359 0.1033333 0.9632126 0.1033744 0.9624932 0.1034964 0.9592359 0.1033333 0.9624932 0.1034964 0.9618098 0.1036967 0.9591491 0.1277303 0.9592359 0.1277614 0.9592359 0.1789053 0.9618098 0.20297 0.9624932 0.2031702 0.9592359 0.2033334 0.9592359 0.2033334 0.9624932 0.2031702 0.9632126 0.2032923 0.9592359 0.2033334 0.9632126 0.2032923 0.9639499 0.2033334 0.9592504 0.1064052 0.9592359 0.1066666 0.9542359 0.104673 0.9542359 0.104673 0.9592359 0.1066666 0.9575693 0.109673 0.9542359 0.104673 0.9575693 0.109673 0.9528081 0.1056728 0.9528081 0.1056728 0.9575693 0.109673 0.9561414 0.1106728 0.9528081 0.1056728 0.9561414 0.1106728 0.9515754 0.1069055 0.9515754 0.1069055 0.9561414 0.1106728 0.9549087 0.1119055 0.9515754 0.1069055 0.9549087 0.1119055 0.9505757 0.1083333 0.9505757 0.1083333 0.9549087 0.1119055 0.9498389 0.1099131 0.9561414 0.1259938 0.9575693 0.1269935 0.9575693 0.1796731 0.9575693 0.1796731 0.9575693 0.1269935 0.9591491 0.1277303 0.9575693 0.1796731 0.9591491 0.1277303 0.9591491 0.1789364 0.9591491 0.1789364 0.9591491 0.1277303 0.9592359 0.1789053 0.9592359 0.1977615 0.9592359 0.2000001 0.9591491 0.1977303 0.9591491 0.1977303 0.9592359 0.2000001 0.9542359 0.2019937 0.9591491 0.1977303 0.9542359 0.2019937 0.9575693 0.1969937 0.9575693 0.1969937 0.9542359 0.2019937 0.9561414 0.1959939 0.9592504 0.2002615 0.9592939 0.2005215 0.9542359 0.2019937 0.9542359 0.2019937 0.9592939 0.2005215 0.9593662 0.2007783 0.9542359 0.2019937 0.9593662 0.2007783 0.9558157 0.2027304 0.9558157 0.1039363 0.9594666 0.1056365 0.9542359 0.104673 0.9542359 0.104673 0.9594666 0.1056365 0.9593662 0.1058884 0.9542359 0.104673 0.9593662 0.1058884 0.9592939 0.1061452 0.9593662 0.2007783 0.9594666 0.2010301 0.9558157 0.2027304 0.9558157 0.2027304 0.9594666 0.2010301 0.9595948 0.2012757 0.9558157 0.2027304 0.9595948 0.2012757 0.9574995 0.2031814 0.9574995 0.1034852 0.9597496 0.1051533 0.9558157 0.1039363 0.9558157 0.1039363 0.9597496 0.1051533 0.9595948 0.105391 0.9558157 0.1039363 0.9595948 0.105391 0.9594666 0.1056365 0.9611791 0.1039699 0.9606165 0.1043096 0.9592359 0.1033333 0.9592359 0.1033333 0.9606165 0.1043096 0.9601362 0.1047074 0.9592359 0.1033333 0.9601362 0.1047074 0.9574995 0.1034852 0.9574995 0.1034852 0.9601362 0.1047074 0.9599305 0.1049249 0.9574995 0.1034852 0.9599305 0.1049249 0.9597496 0.1051533 0.9595948 0.2012757 0.9597496 0.2015133 0.9574995 0.2031814 0.9574995 0.2031814 0.9597496 0.2015133 0.9599305 0.2017418 0.9574995 0.2031814 0.9599305 0.2017418 0.9592359 0.2033334 0.9592359 0.2033334 0.9599305 0.2017418 0.9601362 0.2019593 0.9592359 0.2033334 0.9601362 0.2019593 0.9606165 0.202357 0.8376033 0.7947586 0.8390311 0.7947601 0.8382955 0.8096174 0.8406109 0.7947612 0.8398048 0.8104903 0.8390311 0.7947601 0.8390311 0.7947601 0.8398048 0.8104903 0.8390311 0.8100868 0.8390311 0.7947601 0.8390311 0.8100868 0.8382955 0.8096174 0.8422947 0.7947618 0.8414431 0.8110873 0.8406109 0.7947612 0.8406109 0.7947612 0.8414431 0.8110873 0.8406109 0.8108244 0.8406109 0.7947612 0.8406109 0.8108244 0.8398048 0.8104903 0.8440312 0.7947621 0.8431596 0.8113905 0.8422947 0.7947618 0.8422947 0.7947618 0.8431596 0.8113905 0.8422947 0.8112763 0.8422947 0.7947618 0.8422947 0.8112763 0.8414431 0.8110873 0.8457676 0.7947618 0.8449027 0.8113905 0.8440312 0.7947621 0.8440312 0.7947621 0.8449027 0.8113905 0.8440312 0.8114287 0.8440312 0.7947621 0.8440312 0.8114287 0.8431596 0.8113905 0.8474513 0.7947612 0.8466193 0.8110873 0.8457676 0.7947618 0.8457676 0.7947618 0.8466193 0.8110873 0.8457676 0.8112763 0.8457676 0.7947618 0.8457676 0.8112763 0.8449027 0.8113905 0.8490312 0.7947601 0.8482574 0.8104903 0.8474513 0.7947612 0.8474513 0.7947612 0.8482574 0.8104903 0.8474513 0.8108244 0.8474513 0.7947612 0.8474513 0.8108244 0.8466193 0.8110873 0.850459 0.8090856 0.8497668 0.8096174 0.8490312 0.7947601 0.8490312 0.7947601 0.8497668 0.8096174 0.8490312 0.8100868 0.8490312 0.7947601 0.8490312 0.8100868 0.8482574 0.8104903 0.8490312 0.7947601 0.850459 0.7947586 0.850459 0.8090856 0.850459 0.8090856 0.850459 0.7947586 0.8516917 0.7947567 0.850459 0.8090856 0.8516917 0.7947567 0.8516917 0.8078512 0.8196164 0.6239857 0.8065222 0.623978 0.8065299 0.6225511 0.8196164 0.6239857 0.8065299 0.6225511 0.8181963 0.6225579 0.8181963 0.6225579 0.8065299 0.6225511 0.8065358 0.620972 0.8181963 0.6225579 0.8065358 0.620972 0.8166223 0.6209779 0.8166223 0.6209779 0.8065358 0.620972 0.8065399 0.6192887 0.8166223 0.6209779 0.8065399 0.6192887 0.8149426 0.6192936 0.8149426 0.6192936 0.8065399 0.6192887 0.8065419 0.6175523 0.8149426 0.6192936 0.8065419 0.6175523 0.8132085 0.6175563 0.8132085 0.6175563 0.8065419 0.6175523 0.8065419 0.6158158 0.8132085 0.6175563 0.8065419 0.6158158 0.8114719 0.6158187 0.8382955 0.8096174 0.8376033 0.8090856 0.8376033 0.7947586 0.8058373 0.4072124 0.8058373 0.4215391 0.8046036 0.420315 0.8058373 0.4072124 0.8046036 0.420315 0.8046036 0.4072208 0.8046036 0.4072208 0.8046036 0.420315 0.8031749 0.418894 0.8046036 0.4072208 0.8031749 0.418894 0.8031749 0.4072276 0.8031749 0.4072276 0.8031749 0.418894 0.8015944 0.417319 0.8031749 0.4072276 0.8015944 0.417319 0.8015944 0.4072325 0.8015944 0.4072325 0.8015944 0.417319 0.7999103 0.4156383 0.8015944 0.4072325 0.7999103 0.4156383 0.7999103 0.4072356 0.7999103 0.4072356 0.7999103 0.4156383 0.7981737 0.4139031 0.7999103 0.4072356 0.7981737 0.4139031 0.7981737 0.4072366 0.7981737 0.4072366 0.7981737 0.4139031 0.7964373 0.4121655 0.7981737 0.4072366 0.7964373 0.4121655 0.7964373 0.4072356 0.7964373 0.4072356 0.7964373 0.4121655 0.7948408 0.410566 0.7964373 0.4072356 0.7948408 0.410566 0.794754 0.4072325 0.794754 0.4072325 0.7948408 0.410566 0.794754 0.4105657 0.794754 0.4072325 0.794754 0.4105657 0.7931749 0.4072275 0.7931749 0.4072275 0.794754 0.4105657 0.7931749 0.4105607 0.7931749 0.4072275 0.7931749 0.4105607 0.791748 0.4072207 0.791748 0.4072207 0.7931749 0.4105607 0.791748 0.4105539 0.8702359 0.4123418 0.8735693 0.4123422 0.8702376 0.4135745 0.8702376 0.4135745 0.8735693 0.4123422 0.8735709 0.4135749 0.8702376 0.4135745 0.8735709 0.4135749 0.8702389 0.4150023 0.8702389 0.4150023 0.8735709 0.4135749 0.8735722 0.4150027 0.8702389 0.4150023 0.8735722 0.4150027 0.8702399 0.4165821 0.8702399 0.4165821 0.8735722 0.4150027 0.8735732 0.4165825 0.8702399 0.4165821 0.8735732 0.4165825 0.8702403 0.4182658 0.8702403 0.4182658 0.8735732 0.4165825 0.8735737 0.4182663 0.8702403 0.4182658 0.8735737 0.4182663 0.8702403 0.4200023 0.8702403 0.4200023 0.8735737 0.4182663 0.8735737 0.4200027 0.8702403 0.4200023 0.8735737 0.4200027 0.8702399 0.4217388 0.8702399 0.4217388 0.8735737 0.4200027 0.8735732 0.4217392 0.8702399 0.4217388 0.8735732 0.4217392 0.8702389 0.4234225 0.8702389 0.4234225 0.8735732 0.4217392 0.8735723 0.4234229 0.8702389 0.4234225 0.8735723 0.4234229 0.8702376 0.4250023 0.8702376 0.4250023 0.8735723 0.4234229 0.8735709 0.4250028 0.8702376 0.4250023 0.8735709 0.4250028 0.8702359 0.4264301 0.8702359 0.4264301 0.8735709 0.4250028 0.8735693 0.4264305 0.8065222 0.6098884 0.8098555 0.6098904 0.8065299 0.6111223 0.8065299 0.6111223 0.8098555 0.6098904 0.8098631 0.6111243 0.8065299 0.6111223 0.8098631 0.6111243 0.8065358 0.6125511 0.8065358 0.6125511 0.8098631 0.6111243 0.8098691 0.6125531 0.8065358 0.6125511 0.8098691 0.6125531 0.8065399 0.6141316 0.8065399 0.6141316 0.8098691 0.6125531 0.8098732 0.6141335 0.8065399 0.6141316 0.8098732 0.6141335 0.8065419 0.6158158 0.8065419 0.6158158 0.8098732 0.6141335 0.8098733 0.6142204 0.8065419 0.6158158 0.8098733 0.6142204 0.8114719 0.6158187 0.9456732 0.7309494 0.8600067 0.7309494 0.9456733 0.6276161 0.9456733 0.6276161 0.8600067 0.7309494 0.8600067 0.627616 0.8635691 0.1033332 0.9492359 0.1033338 0.9064024 0.1553323 0.9107875 0.1584028 0.9104439 0.1576654 0.9492359 0.1033338 0.9064024 0.1553323 0.905592 0.1554031 0.8635691 0.1033332 0.8635691 0.1033332 0.905592 0.1554031 0.9048063 0.1556135 0.8635691 0.1033332 0.9048063 0.1556135 0.904069 0.1559573 0.904069 0.1559573 0.9034027 0.156424 0.8635691 0.1033332 0.8635691 0.1033332 0.9034027 0.156424 0.9028275 0.1569993 0.8635691 0.1033332 0.9028275 0.1569993 0.902361 0.1576654 0.9018066 0.160809 0.9020172 0.1615948 0.8635691 0.2066643 0.8635691 0.2066643 0.9020172 0.1615948 0.902361 0.1623321 0.8635691 0.2066643 0.902361 0.1623321 0.9028275 0.1629985 0.9028275 0.1629985 0.9034027 0.1635735 0.8635691 0.2066643 0.8635691 0.2066643 0.9034027 0.1635735 0.904069 0.1640402 0.8635691 0.2066643 0.904069 0.1640402 0.9048063 0.164384 0.9072127 0.1645944 0.9492358 0.2066649 0.9064024 0.1646652 0.9064024 0.1646652 0.9492358 0.2066649 0.8635691 0.2066643 0.9064024 0.1646652 0.8635691 0.2066643 0.905592 0.1645944 0.905592 0.1645944 0.8635691 0.2066643 0.9048063 0.164384 0.9104439 0.1576654 0.9099772 0.1569994 0.9492359 0.1033338 0.9492359 0.1033338 0.9099772 0.1569994 0.909402 0.156424 0.9492359 0.1033338 0.909402 0.156424 0.9087358 0.1559574 0.9087358 0.1559574 0.9079985 0.1556135 0.9492359 0.1033338 0.9492359 0.1033338 0.9079985 0.1556135 0.9072127 0.1554031 0.9492359 0.1033338 0.9072127 0.1554031 0.9064024 0.1553323 0.902361 0.1576654 0.9020172 0.1584027 0.8635691 0.1033332 0.8635691 0.1033332 0.9020172 0.1584027 0.9018066 0.1591884 0.8635691 0.1033332 0.9018066 0.1591884 0.8635691 0.2066643 0.8635691 0.2066643 0.9018066 0.1591884 0.9017358 0.1599989 0.8635691 0.2066643 0.9017358 0.1599989 0.9018066 0.160809 0.9072127 0.1645944 0.9079985 0.1643841 0.9492358 0.2066649 0.9492358 0.2066649 0.9079985 0.1643841 0.9087358 0.1640402 0.9492358 0.2066649 0.9087358 0.1640402 0.909402 0.1635735 0.909402 0.1635735 0.9099772 0.1629986 0.9492358 0.2066649 0.9492358 0.2066649 0.9099772 0.1629986 0.9104439 0.1623321 0.9492358 0.2066649 0.9104439 0.1623321 0.9107875 0.1615948 0.9107875 0.1615948 0.9109981 0.1608091 0.9492358 0.2066649 0.9492358 0.2066649 0.9109981 0.1608091 0.9110691 0.159999 0.9492358 0.2066649 0.9110691 0.159999 0.9492359 0.1033338 0.9492359 0.1033338 0.9110691 0.159999 0.9109981 0.1591885 0.9492359 0.1033338 0.9109981 0.1591885 0.9107875 0.1584028 0.9492357 0.1033333 0.8635692 0.1033333 0.9492357 0 0.9492357 0 0.8635692 0.1033333 0.8635692 0 0.9107877 0.2617344 0.9104439 0.2609971 0.9492358 0.2066654 0.9492358 0.2066654 0.9104439 0.2609971 0.9099774 0.260331 0.9048065 0.2589451 0.9040692 0.2592889 0.8635691 0.2066649 0.9099774 0.260331 0.9094022 0.2597556 0.9492358 0.2066654 0.9492358 0.2066654 0.9094022 0.2597556 0.9087359 0.2592889 0.9492358 0.2066654 0.9087359 0.2592889 0.9079986 0.2589451 0.9094022 0.2669051 0.9492358 0.3099965 0.9087359 0.2673718 0.9087359 0.2673718 0.9492358 0.3099965 0.9079986 0.2677156 0.9094022 0.2669051 0.9099774 0.2663302 0.9492358 0.3099965 0.9492358 0.3099965 0.9099774 0.2663302 0.9104439 0.2656638 0.9492358 0.3099965 0.9104439 0.2656638 0.9107877 0.2649264 0.9107877 0.2649264 0.9109983 0.2641407 0.9492358 0.3099965 0.9492358 0.3099965 0.9109983 0.2641407 0.9110691 0.2633306 0.9492358 0.3099965 0.9110691 0.2633306 0.9492358 0.2066654 0.9492358 0.2066654 0.9110691 0.2633306 0.9109983 0.2625201 0.9492358 0.2066654 0.9109983 0.2625201 0.9107877 0.2617344 0.9040692 0.2592889 0.9034029 0.2597556 0.8635691 0.2066649 0.8635691 0.2066649 0.9034029 0.2597556 0.9028277 0.2603309 0.8635691 0.2066649 0.9028277 0.2603309 0.902361 0.260997 0.9048065 0.2677156 0.9055922 0.267926 0.8635691 0.309996 0.8635691 0.309996 0.9055922 0.267926 0.9064025 0.2679968 0.8635691 0.309996 0.9064025 0.2679968 0.9492358 0.3099965 0.9492358 0.3099965 0.9064025 0.2679968 0.9072129 0.267926 0.9492358 0.3099965 0.9072129 0.267926 0.9079986 0.2677156 0.9079986 0.2589451 0.9072129 0.2587347 0.9492358 0.2066654 0.9492358 0.2066654 0.9072129 0.2587347 0.9064025 0.2586639 0.9492358 0.2066654 0.9064025 0.2586639 0.8635691 0.2066649 0.8635691 0.2066649 0.9064025 0.2586639 0.9055922 0.2587347 0.8635691 0.2066649 0.9055922 0.2587347 0.9048065 0.2589451 0.902361 0.260997 0.9020174 0.2617343 0.8635691 0.2066649 0.8635691 0.2066649 0.9020174 0.2617343 0.9018068 0.26252 0.8635691 0.2066649 0.9018068 0.26252 0.8635691 0.309996 0.8635691 0.309996 0.9018068 0.26252 0.9017358 0.2633305 0.8635691 0.309996 0.9017358 0.2633305 0.9018068 0.2641407 0.9018068 0.2641407 0.9020174 0.2649264 0.8635691 0.309996 0.8635691 0.309996 0.9020174 0.2649264 0.902361 0.2656637 0.8635691 0.309996 0.902361 0.2656637 0.9028277 0.2663301 0.9028277 0.2663301 0.9034029 0.2669051 0.8635691 0.309996 0.8635691 0.309996 0.9034029 0.2669051 0.9040692 0.2673718 0.8635691 0.309996 0.9040692 0.2673718 0.9048065 0.2677156 0.9354377 0.7947586 0.9368655 0.7947601 0.9361298 0.8096174 0.9384453 0.7947612 0.9376392 0.8104903 0.9368655 0.7947601 0.9368655 0.7947601 0.9376392 0.8104903 0.9368655 0.8100868 0.9368655 0.7947601 0.9368655 0.8100868 0.9361298 0.8096174 0.9401291 0.7947619 0.9392774 0.8110873 0.9384453 0.7947612 0.9384453 0.7947612 0.9392774 0.8110873 0.9384453 0.8108245 0.9384453 0.7947612 0.9384453 0.8108245 0.9376392 0.8104903 0.9418655 0.7947621 0.9409939 0.8113905 0.9401291 0.7947619 0.9401291 0.7947619 0.9409939 0.8113905 0.9401291 0.8112764 0.9401291 0.7947619 0.9401291 0.8112764 0.9392774 0.8110873 0.9436019 0.7947619 0.9427371 0.8113905 0.9418655 0.7947621 0.9418655 0.7947621 0.9427371 0.8113905 0.9418655 0.8114288 0.9418655 0.7947621 0.9418655 0.8114288 0.9409939 0.8113905 0.9452857 0.7947612 0.9444536 0.8110873 0.9436019 0.7947619 0.9436019 0.7947619 0.9444536 0.8110873 0.9436019 0.8112764 0.9436019 0.7947619 0.9436019 0.8112764 0.9427371 0.8113905 0.9468655 0.7947601 0.9460918 0.8104903 0.9452857 0.7947612 0.9452857 0.7947612 0.9460918 0.8104903 0.9452857 0.8108245 0.9452857 0.7947612 0.9452857 0.8108245 0.9444536 0.8110873 0.9482933 0.8090856 0.9476011 0.8096174 0.9468655 0.7947601 0.9468655 0.7947601 0.9476011 0.8096174 0.9468655 0.8100868 0.9468655 0.7947601 0.9468655 0.8100868 0.9460918 0.8104903 0.9468655 0.7947601 0.9482933 0.7947586 0.9482933 0.8090856 0.9482933 0.8090856 0.9482933 0.7947586 0.949526 0.7947567 0.9482933 0.8090856 0.949526 0.7947567 0.949526 0.8078512 0.833021 0.4213094 0.8199268 0.4213017 0.8199344 0.4198748 0.833021 0.4213094 0.8199344 0.4198748 0.8316009 0.4198817 0.8316009 0.4198817 0.8199344 0.4198748 0.8199403 0.4182957 0.8316009 0.4198817 0.8199403 0.4182957 0.8300268 0.4183016 0.8300268 0.4183016 0.8199403 0.4182957 0.8199444 0.4166123 0.8300268 0.4183016 0.8199444 0.4166123 0.8283472 0.4166173 0.8283472 0.4166173 0.8199444 0.4166123 0.8199465 0.4148761 0.8283472 0.4166173 0.8199465 0.4148761 0.826613 0.41488 0.826613 0.41488 0.8199465 0.4148761 0.8199465 0.4131395 0.826613 0.41488 0.8199465 0.4131395 0.8248764 0.4131423 0.9361298 0.8096174 0.9354377 0.8090856 0.9354377 0.7947586 0.7776585 0.4072124 0.7776585 0.4215391 0.7764247 0.420315 0.7776585 0.4072124 0.7764247 0.420315 0.7764247 0.4072208 0.7764247 0.4072208 0.7764247 0.420315 0.7749959 0.418894 0.7764247 0.4072208 0.7749959 0.418894 0.7749959 0.4072276 0.7749959 0.4072276 0.7749959 0.418894 0.7734155 0.417319 0.7749959 0.4072276 0.7734155 0.417319 0.7734155 0.4072326 0.7734155 0.4072326 0.7734155 0.417319 0.7717313 0.4156384 0.7734155 0.4072326 0.7717313 0.4156384 0.7717313 0.4072356 0.7717313 0.4072356 0.7717313 0.4156384 0.7699947 0.4139032 0.7717313 0.4072356 0.7699947 0.4139032 0.7699947 0.4072366 0.7699947 0.4072366 0.7699947 0.4139032 0.7682583 0.4121655 0.7699947 0.4072366 0.7682583 0.4121655 0.7682583 0.4072356 0.7682583 0.4072356 0.7682583 0.4121655 0.7666619 0.410566 0.7682583 0.4072356 0.7666619 0.410566 0.766575 0.4072325 0.766575 0.4072325 0.7666619 0.410566 0.766575 0.4105658 0.766575 0.4072325 0.766575 0.4105658 0.7649959 0.4072275 0.7649959 0.4072275 0.766575 0.4105658 0.7649959 0.4105607 0.7649959 0.4072275 0.7649959 0.4105607 0.7635691 0.4072207 0.7635691 0.4072207 0.7649959 0.4105607 0.7635691 0.4105539 0.8542338 0.5957942 0.8575671 0.5957946 0.8542355 0.5970268 0.8542355 0.5970268 0.8575671 0.5957946 0.8575689 0.5970273 0.8542355 0.5970268 0.8575689 0.5970273 0.8542369 0.5984547 0.8542369 0.5984547 0.8575689 0.5970273 0.8575702 0.5984551 0.8542369 0.5984547 0.8575702 0.5984551 0.8542377 0.6000345 0.8542377 0.6000345 0.8575702 0.5984551 0.8575711 0.6000349 0.8542377 0.6000345 0.8575711 0.6000349 0.8542382 0.6017182 0.8542382 0.6017182 0.8575711 0.6000349 0.8575716 0.6017187 0.8542382 0.6017182 0.8575716 0.6017187 0.8542382 0.6034547 0.8542382 0.6034547 0.8575716 0.6017187 0.8575716 0.6034551 0.8542382 0.6034547 0.8575716 0.6034551 0.8542377 0.6051911 0.8542377 0.6051911 0.8575716 0.6034551 0.8575711 0.6051915 0.8542377 0.6051911 0.8575711 0.6051915 0.8542369 0.6068749 0.8542369 0.6068749 0.8575711 0.6051915 0.8575702 0.6068753 0.8542369 0.6068749 0.8575702 0.6068753 0.8542355 0.6084547 0.8542355 0.6084547 0.8575702 0.6068753 0.8575689 0.6084551 0.8542355 0.6084547 0.8575689 0.6084551 0.8542338 0.6098825 0.8542338 0.6098825 0.8575689 0.6084551 0.8575671 0.6098829 0.8199268 0.4072123 0.82326 0.4072143 0.8199344 0.408446 0.8199344 0.408446 0.82326 0.4072143 0.8232677 0.408448 0.8199344 0.408446 0.8232677 0.408448 0.8199404 0.4098747 0.8199404 0.4098747 0.8232677 0.408448 0.8232736 0.4098767 0.8199404 0.4098747 0.8232736 0.4098767 0.8199445 0.4114553 0.8199445 0.4114553 0.8232736 0.4098767 0.8232777 0.4114573 0.8199445 0.4114553 0.8232777 0.4114573 0.8199465 0.4131395 0.8199465 0.4131395 0.8232777 0.4114573 0.8232778 0.4115442 0.8199465 0.4131395 0.8232778 0.4115442 0.8248764 0.4131423 0.8199267 0.4072124 0.818693 0.4203149 0.818693 0.4072207 0.818693 0.4072207 0.818693 0.4203149 0.8172643 0.4188939 0.818693 0.4072207 0.8172643 0.4188939 0.8172643 0.4072275 0.8172643 0.4072275 0.8172643 0.4188939 0.8156838 0.417319 0.8172643 0.4072275 0.8156838 0.417319 0.8156838 0.4072325 0.8156838 0.4072325 0.8156838 0.417319 0.8139996 0.4156383 0.8156838 0.4072325 0.8139996 0.4156383 0.8139996 0.4072356 0.8139996 0.4072356 0.8139996 0.4156383 0.812263 0.4139031 0.8139996 0.4072356 0.812263 0.4139031 0.812263 0.4072366 0.812263 0.4072366 0.812263 0.4139031 0.8105267 0.4121655 0.812263 0.4072366 0.8105267 0.4121655 0.8105267 0.4072356 0.8105267 0.4072356 0.8105267 0.4121655 0.8089302 0.4105659 0.8105267 0.4072356 0.8089302 0.4105659 0.8088434 0.4072325 0.8088434 0.4072325 0.8089302 0.4105659 0.8088434 0.4105657 0.8088434 0.4072325 0.8088434 0.4105657 0.8072643 0.4072275 0.8072643 0.4072275 0.8088434 0.4105657 0.8072643 0.4105607 0.8072643 0.4072275 0.8072643 0.4105607 0.8058374 0.4072207 0.8058374 0.4072207 0.8072643 0.4105607 0.8058374 0.4105539 0.8735736 0.4123417 0.8769069 0.4123422 0.8735752 0.4135745 0.8735752 0.4135745 0.8769069 0.4123422 0.8769086 0.4135749 0.8735752 0.4135745 0.8769086 0.4135749 0.8735765 0.4150023 0.8735765 0.4150023 0.8769086 0.4135749 0.8769099 0.4150027 0.8735765 0.4150023 0.8769099 0.4150027 0.8735774 0.4165821 0.8735774 0.4165821 0.8769099 0.4150027 0.8769108 0.4165825 0.8735774 0.4165821 0.8769108 0.4165825 0.8735779 0.4182658 0.8735779 0.4182658 0.8769108 0.4165825 0.8769112 0.4182662 0.8735779 0.4182658 0.8769112 0.4182662 0.8735779 0.4200023 0.8735779 0.4200023 0.8769112 0.4182662 0.8769112 0.4200027 0.8735779 0.4200023 0.8769112 0.4200027 0.8735775 0.4217388 0.8735775 0.4217388 0.8769112 0.4200027 0.8769108 0.4217392 0.8735775 0.4217388 0.8769108 0.4217392 0.8735765 0.4234225 0.8735765 0.4234225 0.8769108 0.4217392 0.8769099 0.4234229 0.8735765 0.4234225 0.8769099 0.4234229 0.8735752 0.4250023 0.8735752 0.4250023 0.8769099 0.4234229 0.8769086 0.4250027 0.8735752 0.4250023 0.8769086 0.4250027 0.8735736 0.4264301 0.8735736 0.4264301 0.8769086 0.4250027 0.8769069 0.4264305 0.8196163 0.6098884 0.8229496 0.6098904 0.819624 0.6111223 0.819624 0.6111223 0.8229496 0.6098904 0.8229573 0.6111243 0.819624 0.6111223 0.8229573 0.6111243 0.8196299 0.6125511 0.8196299 0.6125511 0.8229573 0.6111243 0.8229632 0.6125531 0.8196299 0.6125511 0.8229632 0.6125531 0.819634 0.6141316 0.819634 0.6141316 0.8229632 0.6125531 0.8229673 0.6141335 0.819634 0.6141316 0.8229673 0.6141335 0.8196361 0.6158158 0.8196361 0.6158158 0.8229673 0.6141335 0.8229674 0.6142204 0.7690311 0.7947601 0.7682954 0.8096174 0.7676032 0.7947586 0.7676032 0.7947586 0.7682954 0.8096174 0.7676032 0.8090856 0.8199267 0.4072124 0.8199267 0.4215391 0.818693 0.4203149 0.7706109 0.7947612 0.7698048 0.8104903 0.7690311 0.7947601 0.7690311 0.7947601 0.7698048 0.8104903 0.7690311 0.8100868 0.7690311 0.7947601 0.7690311 0.8100868 0.7682954 0.8096174 0.7722947 0.7947618 0.771443 0.8110873 0.7706109 0.7947612 0.7706109 0.7947612 0.771443 0.8110873 0.7706109 0.8108244 0.7706109 0.7947612 0.7706109 0.8108244 0.7698048 0.8104903 0.7740311 0.7947621 0.7731595 0.8113905 0.7722947 0.7947618 0.7722947 0.7947618 0.7731595 0.8113905 0.7722947 0.8112763 0.7722947 0.7947618 0.7722947 0.8112763 0.771443 0.8110873 0.7757675 0.7947618 0.7749027 0.8113905 0.7740311 0.7947621 0.7740311 0.7947621 0.7749027 0.8113905 0.7740311 0.8114287 0.7740311 0.7947621 0.7740311 0.8114287 0.7731595 0.8113905 0.7774513 0.7947612 0.7766191 0.8110873 0.7757675 0.7947618 0.7757675 0.7947618 0.7766191 0.8110873 0.7757675 0.8112763 0.7757675 0.7947618 0.7757675 0.8112763 0.7749027 0.8113905 0.7790311 0.7947601 0.7782574 0.8104903 0.7774513 0.7947612 0.7774513 0.7947612 0.7782574 0.8104903 0.7774513 0.8108244 0.7774513 0.7947612 0.7774513 0.8108244 0.7766191 0.8110873 0.7804589 0.8090856 0.7797667 0.8096174 0.7790311 0.7947601 0.7790311 0.7947601 0.7797667 0.8096174 0.7790311 0.8100868 0.7790311 0.7947601 0.7790311 0.8100868 0.7782574 0.8104903 0.8229674 0.6142204 0.824566 0.6158187 0.8196361 0.6158158 0.8196361 0.6158158 0.824566 0.6158187 0.8263026 0.6175563 0.8196361 0.6158158 0.8263026 0.6175563 0.8196361 0.6175523 0.8196361 0.6175523 0.8263026 0.6175563 0.8280367 0.6192936 0.8196361 0.6175523 0.8280367 0.6192936 0.819634 0.6192887 0.819634 0.6192887 0.8280367 0.6192936 0.8297164 0.6209779 0.819634 0.6192887 0.8297164 0.6209779 0.8196299 0.620972 0.8196299 0.620972 0.8297164 0.6209779 0.8312904 0.6225579 0.8196299 0.620972 0.8312904 0.6225579 0.819624 0.6225511 0.819624 0.6225511 0.8312904 0.6225579 0.8327105 0.6239857 0.819624 0.6225511 0.8327105 0.6239857 0.8196163 0.623978 0.7816916 0.7947567 0.7816916 0.8078512 0.7804589 0.8090856 0.7816916 0.7947567 0.7804589 0.8090856 0.7804589 0.7947586 0.7804589 0.7947586 0.7804589 0.8090856 0.7790311 0.7947601 0.7917481 0.4072124 0.7905142 0.4203149 0.7905142 0.4072207 0.7905142 0.4072207 0.7905142 0.4203149 0.7890855 0.4188939 0.7905142 0.4072207 0.7890855 0.4188939 0.7890855 0.4072275 0.7890855 0.4072275 0.7890855 0.4188939 0.7875049 0.417319 0.7890855 0.4072275 0.7875049 0.417319 0.7875049 0.4072325 0.7875049 0.4072325 0.7875049 0.417319 0.7858208 0.4156383 0.7875049 0.4072325 0.7858208 0.4156383 0.7858208 0.4072356 0.7858208 0.4072356 0.7858208 0.4156383 0.7840842 0.4139031 0.7858208 0.4072356 0.7840842 0.4139031 0.7840842 0.4072366 0.7840842 0.4072366 0.7840842 0.4139031 0.7823479 0.4121655 0.7840842 0.4072366 0.7823479 0.4121655 0.7823479 0.4072356 0.7823479 0.4072356 0.7823479 0.4121655 0.7807514 0.410566 0.7823479 0.4072356 0.7807514 0.410566 0.7806645 0.4072325 0.7806645 0.4072325 0.7807514 0.410566 0.7806645 0.4105657 0.7806645 0.4072325 0.7806645 0.4105657 0.7790854 0.4072275 0.7790854 0.4072275 0.7806645 0.4105657 0.7790854 0.4105607 0.7790854 0.4072275 0.7790854 0.4105607 0.7776585 0.4072207 0.7776585 0.4072207 0.7790854 0.4105607 0.7776585 0.4105539 0.8542339 0.5817053 0.8575672 0.5817058 0.8542355 0.582938 0.8542355 0.582938 0.8575672 0.5817058 0.8575689 0.5829384 0.8542355 0.582938 0.8575689 0.5829384 0.8542369 0.5843659 0.8542369 0.5843659 0.8575689 0.5829384 0.8575702 0.5843663 0.8542369 0.5843659 0.8575702 0.5843663 0.8542377 0.5859457 0.8542377 0.5859457 0.8575702 0.5843663 0.8575711 0.5859461 0.8542377 0.5859457 0.8575711 0.5859461 0.8542382 0.5876294 0.8542382 0.5876294 0.8575711 0.5859461 0.8575716 0.5876299 0.8542382 0.5876294 0.8575716 0.5876299 0.8542382 0.5893658 0.8542382 0.5893658 0.8575716 0.5876299 0.8575716 0.5893663 0.8542382 0.5893658 0.8575716 0.5893663 0.8542377 0.5911023 0.8542377 0.5911023 0.8575716 0.5893663 0.8575711 0.5911027 0.8542377 0.5911023 0.8575711 0.5911027 0.8542369 0.5927861 0.8542369 0.5927861 0.8575711 0.5911027 0.8575702 0.5927865 0.8542369 0.5927861 0.8575702 0.5927865 0.8542355 0.5943658 0.8542355 0.5943658 0.8575702 0.5927865 0.8575689 0.5943663 0.8542355 0.5943658 0.8575689 0.5943663 0.8542339 0.5957937 0.8542339 0.5957937 0.8575689 0.5943663 0.8575672 0.5957941 0.8327105 0.6098884 0.8360438 0.6098904 0.8327182 0.6111221 0.8327182 0.6111221 0.8360438 0.6098904 0.8360514 0.6111241 0.8327182 0.6111221 0.8360514 0.6111241 0.8327241 0.6125509 0.8327241 0.6125509 0.8360514 0.6111241 0.8360574 0.6125528 0.8327241 0.6125509 0.8360574 0.6125528 0.8327282 0.6141314 0.8327282 0.6141314 0.8360574 0.6125528 0.8360615 0.6141334 0.8327282 0.6141314 0.8360615 0.6141334 0.8327302 0.6158156 0.8327302 0.6158156 0.8360615 0.6141334 0.8360616 0.6142203 0.8668654 0.7947601 0.8661297 0.8096174 0.8654376 0.7947586 0.8654376 0.7947586 0.8661297 0.8096174 0.8654376 0.8090856 0.7917481 0.4072124 0.7917481 0.4215391 0.7905142 0.4203149 0.8684452 0.7947612 0.8676391 0.8104903 0.8668654 0.7947601 0.8668654 0.7947601 0.8676391 0.8104903 0.8668654 0.8100868 0.8668654 0.7947601 0.8668654 0.8100868 0.8661297 0.8096174 0.8701289 0.7947619 0.8692773 0.8110873 0.8684452 0.7947612 0.8684452 0.7947612 0.8692773 0.8110873 0.8684452 0.8108245 0.8684452 0.7947612 0.8684452 0.8108245 0.8676391 0.8104903 0.8718654 0.7947621 0.8709939 0.8113905 0.8701289 0.7947619 0.8701289 0.7947619 0.8709939 0.8113905 0.8701289 0.8112764 0.8701289 0.7947619 0.8701289 0.8112764 0.8692773 0.8110873 0.8736019 0.7947619 0.872737 0.8113905 0.8718654 0.7947621 0.8718654 0.7947621 0.872737 0.8113905 0.8718654 0.8114288 0.8718654 0.7947621 0.8718654 0.8114288 0.8709939 0.8113905 0.8752856 0.7947612 0.8744535 0.8110873 0.8736019 0.7947619 0.8736019 0.7947619 0.8744535 0.8110873 0.8736019 0.8112764 0.8736019 0.7947619 0.8736019 0.8112764 0.872737 0.8113905 0.8768654 0.7947601 0.8760917 0.8104903 0.8752856 0.7947612 0.8752856 0.7947612 0.8760917 0.8104903 0.8752856 0.8108245 0.8752856 0.7947612 0.8752856 0.8108245 0.8744535 0.8110873 0.8782932 0.8090856 0.8776011 0.8096174 0.8768654 0.7947601 0.8768654 0.7947601 0.8776011 0.8096174 0.8768654 0.8100868 0.8768654 0.7947601 0.8768654 0.8100868 0.8760917 0.8104903 0.8360616 0.6142203 0.8376602 0.6158185 0.8327302 0.6158156 0.8327302 0.6158156 0.8376602 0.6158185 0.8393968 0.617556 0.8327302 0.6158156 0.8393968 0.617556 0.8327302 0.6175522 0.8327302 0.6175522 0.8393968 0.617556 0.8411309 0.6192934 0.8327302 0.6175522 0.8411309 0.6192934 0.8327282 0.6192885 0.8327282 0.6192885 0.8411309 0.6192934 0.8428106 0.6209777 0.8327282 0.6192885 0.8428106 0.6209777 0.8327241 0.6209718 0.8327241 0.6209718 0.8428106 0.6209777 0.8443846 0.6225578 0.8327241 0.6209718 0.8443846 0.6225578 0.8327182 0.6225509 0.8327182 0.6225509 0.8443846 0.6225578 0.8458047 0.6239855 0.8327182 0.6225509 0.8458047 0.6239855 0.8327105 0.6239778 0.879526 0.7947567 0.879526 0.8078512 0.8782932 0.8090856 0.879526 0.7947567 0.8782932 0.8090856 0.8782932 0.7947586 0.8782932 0.7947586 0.8782932 0.8090856 0.8768654 0.7947601 0.9604645 0.01673644 0.9606165 0.01499998 0.9639499 0.00999999 0.9606165 0.01499998 0.9604645 0.01326352 0.9639499 0.00999999 0.9639499 0.00999999 0.9604645 0.01326352 0.9600135 0.01157975 0.9639499 0.00999999 0.9600135 0.01157975 0.9637979 0.008263528 0.9637979 0.008263528 0.9600135 0.01157975 0.9592768 0.00999999 0.9637979 0.008263528 0.9592768 0.00999999 0.9633468 0.006579756 0.9633468 0.006579756 0.9592768 0.00999999 0.9582769 0.008572161 0.9589499 0.001339673 0.9603777 0.002339422 0.9570444 0.007339477 0.9570444 0.007339477 0.9603777 0.002339422 0.9616102 0.003572165 0.9570444 0.007339477 0.9616102 0.003572165 0.9582769 0.008572161 0.9582769 0.008572161 0.9616102 0.003572165 0.9626101 0.004999995 0.9582769 0.008572161 0.9626101 0.004999995 0.9633468 0.006579756 0.9600135 0.01842021 0.9600135 0.08157986 0.9592768 0.01999998 0.9592768 0.01999998 0.9600135 0.08157986 0.9592768 0.08000004 0.9592768 0.08000004 0.9582769 0.07857221 0.9592768 0.01999998 0.9592768 0.01999998 0.9582769 0.07857221 0.9570444 0.07733952 0.9592768 0.01999998 0.9570444 0.07733952 0.9582769 0.02142781 0.9604645 0.0867365 0.9606165 0.08500003 0.9639499 0.09000009 0.9639499 0.09000009 0.9606165 0.08500003 0.9604645 0.08326363 0.9639499 0.09000009 0.9604645 0.08326363 0.9639499 0.00999999 0.9639499 0.00999999 0.9604645 0.08326363 0.9600135 0.08157986 0.9639499 0.00999999 0.9600135 0.08157986 0.9604645 0.01673644 0.9604645 0.01673644 0.9600135 0.08157986 0.9600135 0.01842021 0.951376 0.09963673 0.9520067 0.0993635 0.9539499 0.1000001 0.9637979 0.09173649 0.9633468 0.09342026 0.9592768 0.09000009 0.9592768 0.09000009 0.9633468 0.09342026 0.9582769 0.09142786 0.9637979 0.09173649 0.9592768 0.09000009 0.9639499 0.09000009 0.9639499 0.09000009 0.9592768 0.09000009 0.9600135 0.08842027 0.9639499 0.09000009 0.9600135 0.08842027 0.9604645 0.0867365 0.9525691 9.7636e-4 0.9520067 6.36597e-4 0.9539499 0 0.9539499 0 0.9520067 6.36597e-4 0.951376 3.63363e-4 0.9538919 0.09718817 0.9539352 0.09692817 0.9589499 0.09866034 0.9539499 0.00333333 0.9539352 0.003071844 0.9589499 0.001339673 0.9556165 0.09366035 0.9539499 0.09666675 0.9540367 0.09439706 0.9540367 0.09439706 0.9539499 0.09666675 0.9539499 0.09442818 0.951376 3.63363e-4 0.9506924 1.63167e-4 0.9539499 0 0.9539499 0 0.9506924 1.63167e-4 0.9499732 4.1097e-5 0.9539499 0 0.9499732 4.1097e-5 0.9492357 0 0.9492357 0.1000001 0.9499732 0.09995895 0.9539499 0.1000001 0.9539499 0.1000001 0.9499732 0.09995895 0.9506924 0.09983688 0.9539499 0.1000001 0.9506924 0.09983688 0.951376 0.09963673 0.9539499 0.005571901 0.9539499 0.00333333 0.9540367 0.005603015 0.9540367 0.005603015 0.9539499 0.00333333 0.9589499 0.001339673 0.9540367 0.005603015 0.9589499 0.001339673 0.9556165 0.006339669 0.9556165 0.006339669 0.9589499 0.001339673 0.9570444 0.007339477 0.9539352 0.003071844 0.9538919 0.002811849 0.9589499 0.001339673 0.9589499 0.001339673 0.9538919 0.002811849 0.9538196 0.002555131 0.9589499 0.001339673 0.9538196 0.002555131 0.9573701 6.03028e-4 0.9539352 0.09692817 0.9539499 0.09666675 0.9589499 0.09866034 0.9589499 0.09866034 0.9539499 0.09666675 0.9556165 0.09366035 0.9589499 0.09866034 0.9556165 0.09366035 0.9603777 0.0976606 0.9603777 0.0976606 0.9556165 0.09366035 0.9570444 0.0926606 0.9603777 0.0976606 0.9570444 0.0926606 0.9616102 0.09642785 0.9616102 0.09642785 0.9570444 0.0926606 0.9582769 0.09142786 0.9616102 0.09642785 0.9582769 0.09142786 0.9626101 0.09500008 0.9626101 0.09500008 0.9582769 0.09142786 0.9633468 0.09342026 0.9573701 0.09939706 0.9537191 0.09769678 0.9589499 0.09866034 0.9589499 0.09866034 0.9537191 0.09769678 0.9538196 0.09744495 0.9589499 0.09866034 0.9538196 0.09744495 0.9538919 0.09718817 0.9539499 0.07557195 0.9539499 0.02442812 0.9540367 0.07560306 0.9540367 0.07560306 0.9539499 0.02442812 0.9540367 0.02439695 0.9540367 0.07560306 0.9540367 0.02439695 0.9556165 0.07633978 0.9556165 0.07633978 0.9540367 0.02439695 0.9556165 0.0236603 0.9556165 0.07633978 0.9556165 0.0236603 0.9570444 0.07733952 0.9570444 0.07733952 0.9556165 0.0236603 0.9570444 0.02266049 0.9570444 0.07733952 0.9570444 0.02266049 0.9582769 0.02142781 0.9538196 0.002555131 0.9537191 0.002303242 0.9573701 6.03028e-4 0.9573701 6.03028e-4 0.9537191 0.002303242 0.953591 0.002057671 0.9573701 6.03028e-4 0.953591 0.002057671 0.9556863 1.51978e-4 0.9556863 0.09984809 0.953436 0.09817999 0.9573701 0.09939706 0.9573701 0.09939706 0.953436 0.09817999 0.953591 0.09794235 0.9573701 0.09939706 0.953591 0.09794235 0.9537191 0.09769678 0.953591 0.002057671 0.953436 0.001820027 0.9556863 1.51978e-4 0.9556863 1.51978e-4 0.953436 0.001820027 0.9532551 0.001591563 0.9556863 1.51978e-4 0.9532551 0.001591563 0.9539499 0 0.9539499 0 0.9532551 0.001591563 0.9530496 0.001374065 0.9539499 0 0.9530496 0.001374065 0.9525691 9.7636e-4 0.9520067 0.0993635 0.9525691 0.09902369 0.9539499 0.1000001 0.9539499 0.1000001 0.9525691 0.09902369 0.9530496 0.09862595 0.9539499 0.1000001 0.9530496 0.09862595 0.9556863 0.09984809 0.9556863 0.09984809 0.9530496 0.09862595 0.9532551 0.09840846 0.9556863 0.09984809 0.9532551 0.09840846 0.953436 0.09817999 0.9190132 0.7311662 0.940532 0.7326006 0.9170362 0.7608245 0.9170362 0.7608245 0.940532 0.7326006 0.9374281 0.779164 0.9170362 0.7608245 0.9374281 0.779164 0.9187268 0.7779173 0.9074058 0.8995368 0.9289247 0.8981016 0.9105115 0.946099 0.9105115 0.946099 0.9289247 0.8981016 0.930903 0.9277592 0.9105115 0.946099 0.930903 0.9277592 0.9292129 0.9448517 0.9790118 0.7947568 0.9790118 0.8247562 0.9590118 0.7947567 0.9590118 0.7947567 0.9790118 0.8247562 0.9590118 0.824756 0.7286562 0.889063 0.7501751 0.8904975 0.7266792 0.9187213 0.7266792 0.9187213 0.7501751 0.8904975 0.7470712 0.9370608 0.7266792 0.9187213 0.7470712 0.9370608 0.7283697 0.9358141 0.9790118 0.8247562 0.9790092 0.8414866 0.9590118 0.824756 0.9590118 0.824756 0.9790092 0.8414866 0.9590092 0.8414865 0.9342456 0.8995368 0.9557644 0.8981016 0.9373514 0.946099 0.9373514 0.946099 0.9557644 0.8981016 0.9577426 0.9277592 0.9373514 0.946099 0.9577426 0.9277592 0.9560527 0.9448517 0.9525693 0.3348888 0.9525693 0.3048888 0.9725692 0.3348888 0.9725692 0.3348888 0.9525693 0.3048888 0.9725692 0.3048888 0.9525693 0.3548938 0.9525693 0.3348888 0.9725692 0.3548938 0.9725692 0.3548938 0.9525693 0.3348888 0.9725692 0.3348888 0.904677 0.9457592 0.890454 0.95982 0.8895149 0.9304221 0.8895149 0.9304221 0.890454 0.95982 0.8752918 0.9444829 0.8460689 0.9149228 0.8602918 0.900862 0.861231 0.9302599 0.861231 0.9302599 0.8602918 0.900862 0.8754541 0.9161991 0.8931617 0.8986935 0.9072225 0.9129165 0.8754541 0.9161991 0.8754541 0.9161991 0.9072225 0.9129165 0.8895149 0.9304221 0.8754541 0.9161991 0.8895149 0.9304221 0.861231 0.9302599 0.861231 0.9302599 0.8895149 0.9304221 0.8752918 0.9444829 0.861231 0.9302599 0.8752918 0.9444829 0.8435233 0.9477657 0.8435233 0.9477657 0.8752918 0.9444829 0.8575841 0.9619887 0.9725692 0.2848838 0.9725692 0.3048888 0.9525692 0.2848838 0.9525692 0.2848838 0.9725692 0.3048888 0.9525692 0.3048888 0.9725692 0.2548838 0.9725692 0.2848838 0.9525692 0.2548838 0.9525692 0.2548838 0.9725692 0.2848838 0.9525692 0.2848838 0.8653302 0.7311485 0.8868493 0.7325813 0.8633557 0.7608063 0.8633557 0.7608063 0.8868493 0.7325813 0.8837494 0.7791438 0.8633557 0.7608063 0.8837494 0.7791438 0.8650479 0.7778987 0.9492359 0.2047678 0.9707547 0.2033334 0.9523398 0.2513312 0.9523398 0.2513312 0.9707547 0.2033334 0.9727317 0.2329916 0.9523398 0.2513312 0.9727317 0.2329916 0.9710412 0.2500845 0.9525693 0.3048888 0.9525693 0.3348888 0.9492359 0.3048938 0.9492359 0.3048938 0.9525693 0.3348888 0.9492359 0.3346179 0.9560527 0.9448517 0.9577426 0.9277592 0.9590903 0.9480125 0.9590903 0.9480125 0.9577426 0.9277592 0.9610853 0.9278354 0.9590118 0.7947567 0.9590118 0.824756 0.9556753 0.7947794 0.9556753 0.7947794 0.9590118 0.824756 0.9556753 0.8245028 0.7250021 0.9356399 0.7233346 0.9187799 0.7283697 0.9358141 0.7283697 0.9358141 0.7233346 0.9187799 0.7266792 0.9187213 0.8653302 0.7311485 0.8633557 0.7608063 0.8619996 0.7309494 0.8619996 0.7309494 0.8633557 0.7608063 0.8600068 0.7608825 0.8633557 0.7608063 0.8650479 0.7778987 0.8600068 0.7608825 0.8600068 0.7608825 0.8650479 0.7778987 0.8620042 0.7810593 0.8650479 0.7778987 0.8837494 0.7791438 0.8620042 0.7810593 0.8620042 0.7810593 0.8837494 0.7791438 0.8868493 0.7827135 0.9707547 0.2534494 0.9492359 0.2548838 0.9710412 0.2500845 0.9710412 0.2500845 0.9492359 0.2548838 0.9523398 0.2513312 0.8575631 0.8981018 0.8602918 0.900862 0.84334 0.9121626 0.84334 0.9121626 0.8602918 0.900862 0.8460689 0.9149228 0.9710412 0.2500845 0.9727317 0.2329916 0.9744088 0.2499103 0.9744088 0.2499103 0.9727317 0.2329916 0.9760764 0.2330502 0.84334 0.9169039 0.84334 0.9121626 0.8460689 0.9149228 0.7283697 0.9358141 0.7470712 0.9370608 0.7286562 0.939179 0.7286562 0.939179 0.7470712 0.9370608 0.7501751 0.9406134 0.8623041 0.8981561 0.8602918 0.900862 0.8575631 0.8981018 0.9373514 0.946099 0.9560527 0.9448517 0.9342456 0.9496695 0.9342456 0.9496695 0.9560527 0.9448517 0.9590903 0.9480125 0.7286562 0.889063 0.7266792 0.9187213 0.7253299 0.8888463 0.7253299 0.8888463 0.7266792 0.9187213 0.7233346 0.9187799 0.8921728 0.7311484 0.9136918 0.7325812 0.8901984 0.7608062 0.8901984 0.7608062 0.9136918 0.7325812 0.9105919 0.7791438 0.8901984 0.7608062 0.9105919 0.7791438 0.8918904 0.7778986 0.9405321 0.7323838 0.9620509 0.7309494 0.943636 0.7789471 0.943636 0.7789471 0.9620509 0.7309494 0.964028 0.7606076 0.943636 0.7789471 0.964028 0.7606076 0.9623374 0.7777005 0.9525724 0.3848932 0.9525724 0.3548939 0.9725724 0.3848933 0.9725724 0.3848933 0.9525724 0.3548939 0.9725724 0.354894 0.9525697 0.4016236 0.9525724 0.3848932 0.9725698 0.4016237 0.9725698 0.4016237 0.9525724 0.3848932 0.9725724 0.3848933 0.8921728 0.7311484 0.8901984 0.7608062 0.8888422 0.7309494 0.8888422 0.7309494 0.8901984 0.7608062 0.8868494 0.7608824 0.8888469 0.7810593 0.8868494 0.7608824 0.8918904 0.7778986 0.8918904 0.7778986 0.8868494 0.7608824 0.8901984 0.7608062 0.9525724 0.3548939 0.9525724 0.3848932 0.9492359 0.3549165 0.9492359 0.3549165 0.9525724 0.3848932 0.9492359 0.3846399 0.9136918 0.7827135 0.8888469 0.7810593 0.9105919 0.7791438 0.9105919 0.7791438 0.8888469 0.7810593 0.8918904 0.7778986 0.9190132 0.7311662 0.9170362 0.7608245 0.9156869 0.7309495 0.9156869 0.7309495 0.9170362 0.7608245 0.9136915 0.7608831 0.9623374 0.7777005 0.964028 0.7606076 0.9657051 0.7775263 0.9657051 0.7775263 0.964028 0.7606076 0.9673726 0.7606662 0.9620509 0.7810654 0.9405321 0.7824998 0.9623374 0.7777005 0.9623374 0.7777005 0.9405321 0.7824998 0.943636 0.7789471 0.9153591 0.7777432 0.9136915 0.7608831 0.9187268 0.7779173 0.9187268 0.7779173 0.9136915 0.7608831 0.9170362 0.7608245 0.8931828 0.9625803 0.890454 0.95982 0.9074059 0.9485195 0.9074059 0.9485195 0.890454 0.95982 0.904677 0.9457592 0.9187268 0.7779173 0.9374281 0.779164 0.9190132 0.7812822 0.9190132 0.7812822 0.9374281 0.779164 0.940532 0.7827166 0.9525692 0.2548838 0.9525692 0.2848838 0.9492359 0.2548888 0.9492359 0.2548888 0.9525692 0.2848838 0.9492359 0.284613 0.9292129 0.9448517 0.930903 0.9277592 0.9322507 0.9480125 0.9322507 0.9480125 0.930903 0.9277592 0.9342457 0.9278355 0.9322507 0.9480125 0.9074058 0.9496695 0.9292129 0.9448517 0.9292129 0.9448517 0.9074058 0.9496695 0.9105115 0.946099 0.8884418 0.9625259 0.890454 0.95982 0.8931828 0.9625803 0.9074059 0.9485195 0.904677 0.9457592 0.9074059 0.9437782 0.8600067 0.5752796 0.8400071 0.5752797 0.8400071 0.5705658 0.8600067 0.5752796 0.8247218 0.4552798 0.8600067 0.4352796 0.8600067 0.4352796 0.8247218 0.4552798 0.8400071 0.4399938 0.8600067 0.4352796 0.8400071 0.4399938 0.8400071 0.4352797 0.8400071 0.5705658 0.7831004 0.5082798 0.7836754 0.5088549 0.7858649 0.5098758 0.786675 0.5099468 0.8400071 0.5705658 0.8400071 0.5705658 0.786675 0.5099468 0.7874855 0.5098758 0.8400071 0.5705658 0.7874855 0.5098758 0.7882713 0.5096652 0.8600067 0.5752796 0.7907167 0.5076134 0.7910605 0.5068761 0.7836754 0.5088549 0.7843419 0.5093216 0.8400071 0.5705658 0.8400071 0.5705658 0.7843419 0.5093216 0.7850792 0.5096653 0.8400071 0.5705658 0.7850792 0.5096653 0.7858649 0.5098758 0.7882713 0.5096652 0.7890085 0.5093216 0.8400071 0.5705658 0.8400071 0.5705658 0.7890085 0.5093216 0.7896746 0.5088549 0.8400071 0.5705658 0.7896746 0.5088549 0.8600067 0.5752796 0.8600067 0.5752796 0.7896746 0.5088549 0.79025 0.5082797 0.8600067 0.5752796 0.79025 0.5082797 0.7907167 0.5076134 0.7910605 0.5068761 0.7912709 0.5060904 0.8600067 0.5752796 0.8600067 0.5752796 0.7912709 0.5060904 0.7913416 0.50528 0.8600067 0.5752796 0.7913416 0.50528 0.8247218 0.4552798 0.8247218 0.4552798 0.7913416 0.50528 0.7912709 0.5044697 0.7912709 0.5044697 0.7910605 0.5036839 0.8247218 0.4552798 0.8247218 0.4552798 0.7910605 0.5036839 0.7907166 0.5029466 0.8247218 0.4552798 0.7907166 0.5029466 0.79025 0.5022804 0.79025 0.5022804 0.7896746 0.5017052 0.8247218 0.4552798 0.8247218 0.4552798 0.7896746 0.5017052 0.7890085 0.5012387 0.8247218 0.4552798 0.7890085 0.5012387 0.7882713 0.5008949 0.7822899 0.5068761 0.7826337 0.5076134 0.7400093 0.5552804 0.7400093 0.5552804 0.7826337 0.5076134 0.7831004 0.5082798 0.7400093 0.5552804 0.7831004 0.5082798 0.8247218 0.5552799 0.8247218 0.5552799 0.7831004 0.5082798 0.8400071 0.5705658 0.7858649 0.5006843 0.7400093 0.4552803 0.786675 0.5006135 0.786675 0.5006135 0.7400093 0.4552803 0.8247218 0.4552798 0.786675 0.5006135 0.8247218 0.4552798 0.7874855 0.5006843 0.7874855 0.5006843 0.8247218 0.4552798 0.7882713 0.5008949 0.7858649 0.5006843 0.7850792 0.5008949 0.7400093 0.4552803 0.7400093 0.4552803 0.7850792 0.5008949 0.7843419 0.5012387 0.7400093 0.4552803 0.7843419 0.5012387 0.7836754 0.5017052 0.7836754 0.5017052 0.7831004 0.5022804 0.7400093 0.4552803 0.7400093 0.4552803 0.7831004 0.5022804 0.7826337 0.5029467 0.7400093 0.4552803 0.7826337 0.5029467 0.7822899 0.503684 0.7822899 0.503684 0.7820795 0.5044697 0.7400093 0.4552803 0.7400093 0.4552803 0.7820795 0.5044697 0.7820087 0.5052801 0.7400093 0.4552803 0.7820087 0.5052801 0.7400093 0.5552804 0.7400093 0.5552804 0.7820087 0.5052801 0.7820795 0.5060904 0.7400093 0.5552804 0.7820795 0.5060904 0.7822899 0.5068761 0.9535322 0.8147671 0.9535322 0.7980753 0.9537936 0.7980753 0.9535322 0.8147671 0.9537936 0.7980753 0.9540536 0.8147501 0.9554914 0.7980767 0.9551994 0.8145827 0.9552739 0.7980764 0.9552739 0.7980764 0.9551994 0.8145827 0.9550454 0.8146172 0.9552739 0.7980764 0.9550454 0.8146172 0.9550454 0.7980761 0.9550454 0.7980761 0.9550454 0.8146172 0.9546727 0.814684 0.9550454 0.7980761 0.9546727 0.814684 0.9548078 0.7980759 0.9548078 0.7980759 0.9546727 0.814684 0.9545623 0.8146994 0.9548078 0.7980759 0.9545623 0.8146994 0.9545622 0.7980757 0.9545622 0.7980757 0.9545623 0.8146994 0.9541112 0.814746 0.9545622 0.7980757 0.9541112 0.814746 0.9543104 0.7980755 0.9543104 0.7980755 0.9541112 0.814746 0.9540536 0.8147501 0.9543104 0.7980755 0.9540536 0.8147501 0.9540536 0.7980754 0.9540536 0.7980754 0.9540536 0.8147501 0.9537936 0.7980753 0.8400005 0.4366596 0.8236563 0.4527258 0.8399978 0.4361786 0.8399978 0.4361786 0.8236563 0.4527258 0.8235952 0.4525818 0.9554914 0.7980767 0.9554914 0.8145045 0.9551994 0.8145827 0.8400028 0.4372222 0.8238291 0.4531371 0.8400005 0.4366596 0.8400005 0.4366596 0.8238291 0.4531371 0.8237386 0.4529219 0.8400005 0.4366596 0.8237386 0.4529219 0.8236563 0.4527258 0.8400047 0.4378532 0.8240287 0.4536133 0.8400028 0.4372222 0.8400028 0.4372222 0.8240287 0.4536133 0.8239058 0.4533199 0.8400028 0.4372222 0.8239058 0.4533199 0.8238291 0.4531371 0.8400061 0.438537 0.8242481 0.4541398 0.8400047 0.4378532 0.8400047 0.4378532 0.8242481 0.4541398 0.8240923 0.4537662 0.8400047 0.4378532 0.8240923 0.4537662 0.8240287 0.4536133 0.8245055 0.4547583 0.8244819 0.4547011 0.8400061 0.438537 0.8400061 0.438537 0.8244819 0.4547011 0.8242939 0.4542495 0.8400061 0.438537 0.8242939 0.4542495 0.8242481 0.4541398 0.8400061 0.438537 0.8400068 0.4392563 0.8245055 0.4547583 0.8245055 0.4547583 0.8400068 0.4392563 0.8400071 0.4399938 0.8245055 0.4547583 0.8400071 0.4399938 0.8247218 0.4552798 0.740009 0.4547014 0.8244819 0.4547011 0.7400093 0.4552803 0.7400093 0.4552803 0.8244819 0.4547011 0.8245055 0.4547583 0.7400093 0.4552803 0.8245055 0.4547583 0.8247218 0.4552798 0.740008 0.45414 0.7400063 0.4536132 0.8240287 0.4536133 0.8240287 0.4536133 0.8240923 0.4537662 0.740008 0.45414 0.740008 0.45414 0.8240923 0.4537662 0.8242481 0.4541398 0.740008 0.45414 0.8242481 0.4541398 0.740009 0.4547014 0.740009 0.4547014 0.8242481 0.4541398 0.8242939 0.4542495 0.740009 0.4547014 0.8242939 0.4542495 0.8244819 0.4547011 0.9579067 0.6112683 0.9574953 0.611271 0.9574953 0.527616 0.9583402 0.4276961 0.9585542 0.4276158 0.9585542 0.5113542 0.740004 0.453137 0.8237386 0.4529219 0.8238291 0.4531371 0.740004 0.453137 0.8238291 0.4531371 0.7400063 0.4536132 0.7400063 0.4536132 0.8238291 0.4531371 0.8239058 0.4533199 0.7400063 0.4536132 0.8239058 0.4533199 0.8240287 0.4536133 0.9551988 0.8981011 0.9546723 0.8981007 0.9546727 0.814684 0.9546727 0.814684 0.9550454 0.8146172 0.9551988 0.8981011 0.9551988 0.8981011 0.9550454 0.8146172 0.9551994 0.8145827 0.9551988 0.8981011 0.9551994 0.8145827 0.9556747 0.8981016 0.9556747 0.8981016 0.9551994 0.8145827 0.9554914 0.8145045 0.9556747 0.8981016 0.9554914 0.8145045 0.9556753 0.8144448 0.954111 0.8981005 0.9535322 0.8981004 0.9535322 0.8147671 0.9535322 0.8147671 0.9540536 0.8147501 0.954111 0.8981005 0.954111 0.8981005 0.9540536 0.8147501 0.9541112 0.814746 0.954111 0.8981005 0.9541112 0.814746 0.9546723 0.8981007 0.9546723 0.8981007 0.9541112 0.814746 0.9545623 0.8146994 0.9546723 0.8981007 0.9545623 0.8146994 0.9546727 0.814684 0.9517135 0.7996744 0.9512936 0.7980753 0.9535322 0.7980753 0.8632051 0.8064212 0.8642049 0.8078512 0.8601987 0.8147671 0.8601987 0.8147671 0.8642049 0.8078512 0.8654376 0.8090856 0.9535322 0.8147671 0.949526 0.8078512 0.9505258 0.8064212 0.8601987 0.7980753 0.8624373 0.7980753 0.8620174 0.7996744 0.8620174 0.7996744 0.8618654 0.8014137 0.8601987 0.7980753 0.8601987 0.7980753 0.8618654 0.8014137 0.8620174 0.8031525 0.8601987 0.7980753 0.8620174 0.8031525 0.8601987 0.8147671 0.8601987 0.8147671 0.8620174 0.8031525 0.8624684 0.8048388 0.8601987 0.8147671 0.8624684 0.8048388 0.8632051 0.8064212 0.8701289 0.8112764 0.8709939 0.8113905 0.8601987 0.8147671 0.9324685 0.8048388 0.9332052 0.8064212 0.8812624 0.8048388 0.8812624 0.8048388 0.9332052 0.8064212 0.8805257 0.8064212 0.8805257 0.8064212 0.9332052 0.8064212 0.879526 0.8078512 0.879526 0.8078512 0.9332052 0.8064212 0.9342049 0.8078512 0.879526 0.8078512 0.9342049 0.8078512 0.9354377 0.8090856 0.8676391 0.8104903 0.8684452 0.8108245 0.8601987 0.8147671 0.8601987 0.8147671 0.8684452 0.8108245 0.8692773 0.8110873 0.8601987 0.8147671 0.8692773 0.8110873 0.8701289 0.8112764 0.8709939 0.8113905 0.8718654 0.8114288 0.8601987 0.8147671 0.8601987 0.8147671 0.8718654 0.8114288 0.872737 0.8113905 0.8601987 0.8147671 0.872737 0.8113905 0.9535322 0.8147671 0.9535322 0.8147671 0.872737 0.8113905 0.8736019 0.8112764 0.9535322 0.8147671 0.8736019 0.8112764 0.8744535 0.8110873 0.9505258 0.8064212 0.9512625 0.8048388 0.9535322 0.8147671 0.9535322 0.8147671 0.9512625 0.8048388 0.9517135 0.8031525 0.9535322 0.8147671 0.9517135 0.8031525 0.9535322 0.7980753 0.9535322 0.7980753 0.9517135 0.8031525 0.9518655 0.8014137 0.9535322 0.7980753 0.9518655 0.8014137 0.9517135 0.7996744 0.8744535 0.8110873 0.8752856 0.8108245 0.9535322 0.8147671 0.9535322 0.8147671 0.8752856 0.8108245 0.8760917 0.8104903 0.9535322 0.8147671 0.8760917 0.8104903 0.8768654 0.8100868 0.879526 0.8078512 0.9401291 0.8112764 0.9535322 0.8147671 0.9535322 0.8147671 0.9401291 0.8112764 0.9409939 0.8113905 0.9535322 0.8147671 0.9409939 0.8113905 0.9418655 0.8114288 0.9418655 0.8114288 0.9427371 0.8113905 0.9535322 0.8147671 0.9535322 0.8147671 0.9427371 0.8113905 0.9436019 0.8112764 0.9535322 0.8147671 0.9436019 0.8112764 0.9444536 0.8110873 0.8768654 0.8100868 0.8776011 0.8096174 0.9535322 0.8147671 0.9535322 0.8147671 0.8776011 0.8096174 0.8782932 0.8090856 0.9535322 0.8147671 0.8782932 0.8090856 0.879526 0.8078512 0.8812935 0.7980753 0.9324374 0.7980753 0.9320175 0.7996744 0.9376392 0.8104903 0.9384453 0.8108245 0.879526 0.8078512 0.879526 0.8078512 0.9384453 0.8108245 0.9392774 0.8110873 0.879526 0.8078512 0.9392774 0.8110873 0.9401291 0.8112764 0.8654376 0.8090856 0.8661297 0.8096174 0.8601987 0.8147671 0.8601987 0.8147671 0.8661297 0.8096174 0.8668654 0.8100868 0.8601987 0.8147671 0.8668654 0.8100868 0.8676391 0.8104903 0.9324685 0.8048388 0.8812624 0.8048388 0.9320175 0.8031525 0.9320175 0.8031525 0.8812624 0.8048388 0.8817135 0.8031525 0.9320175 0.8031525 0.8817135 0.8031525 0.9318655 0.8014137 0.9318655 0.8014137 0.8817135 0.8031525 0.8818655 0.8014137 0.9318655 0.8014137 0.8818655 0.8014137 0.9320175 0.7996744 0.9320175 0.7996744 0.8818655 0.8014137 0.8817135 0.7996744 0.9320175 0.7996744 0.8817135 0.7996744 0.8812935 0.7980753 0.9444536 0.8110873 0.9452857 0.8108245 0.9535322 0.8147671 0.9535322 0.8147671 0.9452857 0.8108245 0.9460918 0.8104903 0.9535322 0.8147671 0.9460918 0.8104903 0.9468655 0.8100868 0.9354377 0.8090856 0.9361298 0.8096174 0.879526 0.8078512 0.879526 0.8078512 0.9361298 0.8096174 0.9368655 0.8100868 0.879526 0.8078512 0.9368655 0.8100868 0.9376392 0.8104903 0.9468655 0.8100868 0.9476011 0.8096174 0.9535322 0.8147671 0.9535322 0.8147671 0.9476011 0.8096174 0.9482933 0.8090856 0.9535322 0.8147671 0.9482933 0.8090856 0.949526 0.8078512 0.9535322 0.8147671 0.9535322 0.8981004 0.8601987 0.8147671 0.8601987 0.8147671 0.9535322 0.8981004 0.8601987 0.8981004 0.7372468 0.7822303 0.7378081 0.7823806 0.7328345 0.7926797 0.7388104 0.8880665 0.7383345 0.8883998 0.7328345 0.8783465 0.7328345 0.8783465 0.7366679 0.8888463 0.6471679 0.8783465 0.6471679 0.8783465 0.7366679 0.8888463 0.6433345 0.8888463 0.6471679 0.8783465 0.6400011 0.885513 0.6471679 0.7926797 0.6471679 0.7926797 0.6400011 0.885513 0.6400011 0.7855129 0.6471679 0.7926797 0.6400011 0.7855129 0.6400518 0.7849341 0.6421943 0.7823806 0.6427557 0.7822303 0.6471679 0.7926797 0.6471679 0.7926797 0.6427557 0.7822303 0.6433345 0.7821796 0.6471679 0.7926797 0.6433345 0.7821796 0.7328345 0.7926797 0.7328345 0.7926797 0.6433345 0.7821796 0.7366679 0.7821796 0.7328345 0.7926797 0.7366679 0.7821796 0.7372468 0.7822303 0.7399506 0.8860918 0.7398002 0.8866531 0.7328345 0.8783465 0.7383345 0.8883998 0.7378081 0.8886454 0.7328345 0.8783465 0.7328345 0.8783465 0.7378081 0.8886454 0.7372467 0.8887957 0.7328345 0.8783465 0.7372467 0.8887957 0.7366679 0.8888463 0.6400518 0.7849341 0.6402022 0.7843728 0.6471679 0.7926797 0.6471679 0.7926797 0.6402022 0.7843728 0.6404477 0.7838463 0.6471679 0.7926797 0.6404477 0.7838463 0.640781 0.7833704 0.640781 0.7833704 0.641192 0.7829594 0.6471679 0.7926797 0.6471679 0.7926797 0.641192 0.7829594 0.6416679 0.7826262 0.6471679 0.7926797 0.6416679 0.7826262 0.6421943 0.7823806 0.7398002 0.7843728 0.7328345 0.7926797 0.7395547 0.7838463 0.7395547 0.7838463 0.7328345 0.7926797 0.7392214 0.7833704 0.7398002 0.7843728 0.7399506 0.7849341 0.7328345 0.7926797 0.7328345 0.7926797 0.7399506 0.7849341 0.7400013 0.7855129 0.7328345 0.7926797 0.7400013 0.7855129 0.7328345 0.8783465 0.7328345 0.8783465 0.7400013 0.7855129 0.7400013 0.885513 0.7328345 0.8783465 0.7400013 0.885513 0.7399506 0.8860918 0.7398002 0.8866531 0.7395547 0.8871797 0.7328345 0.8783465 0.7328345 0.8783465 0.7395547 0.8871797 0.7392214 0.8876557 0.7328345 0.8783465 0.7392214 0.8876557 0.7388104 0.8880665 0.7378081 0.7823806 0.7383346 0.7826262 0.7328345 0.7926797 0.7328345 0.7926797 0.7383346 0.7826262 0.7388104 0.7829594 0.7328345 0.7926797 0.7388104 0.7829594 0.7392214 0.7833704 0.6433345 0.8888463 0.6427557 0.8887957 0.6471679 0.8783465 0.6471679 0.8783465 0.6427557 0.8887957 0.6421943 0.8886454 0.6471679 0.8783465 0.6421943 0.8886454 0.6416678 0.8883998 0.6416678 0.8883998 0.641192 0.8880665 0.6471679 0.8783465 0.6471679 0.8783465 0.641192 0.8880665 0.640781 0.8876557 0.6471679 0.8783465 0.640781 0.8876557 0.6404477 0.8871797 0.6404477 0.8871797 0.6402022 0.8866531 0.6471679 0.8783465 0.6471679 0.8783465 0.6402022 0.8866531 0.6400518 0.8860918 0.6471679 0.8783465 0.6400518 0.8860918 0.6400011 0.885513 0.7236558 0.7583065 0.723739 0.7581095 0.7400004 0.7743722 0.7247218 0.7557541 0.7400071 0.7710398 0.7400068 0.7717773 0.7247218 0.7557541 0.7400068 0.7717773 0.7244814 0.7563328 0.7244814 0.7563328 0.7400068 0.7717773 0.740006 0.7724964 0.7244814 0.7563328 0.740006 0.7724964 0.7242938 0.7567836 0.7400046 0.7731798 0.7240927 0.7572664 0.740006 0.7724964 0.740006 0.7724964 0.7240927 0.7572664 0.724248 0.756894 0.740006 0.7724964 0.724248 0.756894 0.7242938 0.7567836 0.7400004 0.7743722 0.723739 0.7581095 0.7400028 0.7738102 0.723739 0.7581095 0.723829 0.7578958 0.7400028 0.7738102 0.7400028 0.7738102 0.723829 0.7578958 0.7239061 0.7577121 0.7400028 0.7738102 0.7239061 0.7577121 0.7400046 0.7731798 0.7400046 0.7731798 0.7239061 0.7577121 0.7240282 0.7574203 0.7400046 0.7731798 0.7240282 0.7574203 0.7240927 0.7572664 0.7236558 0.7583065 0.7400004 0.7743722 0.7235951 0.7584495 0.7235951 0.7584495 0.7400004 0.7743722 0.7399978 0.7748524 0.8582395 0.8145045 0.8582395 0.7980767 0.8585315 0.8145827 0.8585315 0.8145827 0.8582395 0.7980767 0.858457 0.7980764 0.8585315 0.8145827 0.858457 0.7980764 0.8586855 0.8146172 0.8586855 0.8146172 0.858457 0.7980764 0.8586854 0.7980761 0.8586855 0.8146172 0.8586854 0.7980761 0.8590582 0.814684 0.8590582 0.814684 0.8586854 0.7980761 0.8589231 0.7980759 0.8590582 0.814684 0.8589231 0.7980759 0.8591687 0.8146994 0.8591687 0.8146994 0.8589231 0.7980759 0.8591687 0.7980757 0.8591687 0.8146994 0.8591687 0.7980757 0.8596197 0.814746 0.8596197 0.814746 0.8591687 0.7980757 0.8594205 0.7980755 0.8596197 0.814746 0.8594205 0.7980755 0.8596773 0.8147501 0.8601987 0.7980753 0.8601987 0.8147671 0.8599373 0.7980753 0.8599373 0.7980753 0.8601987 0.8147671 0.8596773 0.8147501 0.8599373 0.7980753 0.8596773 0.8147501 0.8596773 0.7980754 0.8596773 0.7980754 0.8596773 0.8147501 0.8594205 0.7980755 0.7240927 0.7572664 0.7240282 0.7574203 0.6400063 0.7574208 0.8596199 0.8981005 0.8590586 0.8981007 0.8590582 0.814684 0.8590582 0.814684 0.8591687 0.8146994 0.8596199 0.8981005 0.8596199 0.8981005 0.8591687 0.8146994 0.8596197 0.814746 0.8596199 0.8981005 0.8596197 0.814746 0.8601987 0.8981004 0.8601987 0.8981004 0.8596197 0.814746 0.8596773 0.8147501 0.8601987 0.8981004 0.8596773 0.8147501 0.8601987 0.8147671 0.8585321 0.8981011 0.8580562 0.8981016 0.8580562 0.8144453 0.8580562 0.8144453 0.8582395 0.8145045 0.8585321 0.8981011 0.8585321 0.8981011 0.8582395 0.8145045 0.8585315 0.8145827 0.8585321 0.8981011 0.8585315 0.8145827 0.8590586 0.8981007 0.8590586 0.8981007 0.8585315 0.8145827 0.8586855 0.8146172 0.8590586 0.8981007 0.8586855 0.8146172 0.8590582 0.814684 0.6400063 0.7574208 0.7240282 0.7574203 0.640004 0.7578964 0.7240282 0.7574203 0.7239061 0.7577121 0.640004 0.7578964 0.640004 0.7578964 0.7239061 0.7577121 0.723829 0.7578958 0.9570843 0.611442 0.9574953 0.5276161 0.9574953 0.6114434 0.6400012 0.758307 0.723829 0.7578958 0.723739 0.7581095 0.8580562 0.8981016 0.857841 0.8143637 0.8580562 0.8144453 0.7240927 0.7572664 0.6400063 0.7574208 0.724248 0.756894 0.724248 0.756894 0.6400063 0.7574208 0.6400079 0.7568945 0.724248 0.756894 0.6400079 0.7568945 0.7242938 0.7567836 0.7242938 0.7567836 0.6400079 0.7568945 0.6400089 0.7563334 0.7242938 0.7567836 0.6400089 0.7563334 0.7244814 0.7563328 0.7244814 0.7563328 0.6400089 0.7563334 0.6400093 0.7557546 0.7244814 0.7563328 0.6400093 0.7557546 0.7247218 0.7557541 0.8538792 0.7996743 0.8534592 0.7980753 0.8556978 0.7980753 0.8556978 0.8147671 0.8516917 0.8078512 0.8526914 0.8064212 0.7653708 0.8064212 0.7663705 0.8078512 0.7623644 0.8147671 0.7623644 0.8147671 0.7663705 0.8078512 0.7676032 0.8090856 0.8346342 0.8048388 0.8353708 0.8064212 0.7834281 0.8048388 0.7816916 0.8078512 0.8363706 0.8078512 0.8376033 0.8090856 0.8526914 0.8064212 0.8534281 0.8048388 0.8556978 0.8147671 0.8556978 0.8147671 0.8534281 0.8048388 0.8538792 0.8031525 0.8556978 0.8147671 0.8538792 0.8031525 0.8556978 0.7980753 0.8556978 0.7980753 0.8538792 0.8031525 0.8540312 0.8014137 0.8556978 0.7980753 0.8540312 0.8014137 0.8538792 0.7996743 0.7623644 0.7980753 0.764603 0.7980753 0.7641831 0.7996743 0.7641831 0.7996743 0.7640311 0.8014137 0.7623644 0.7980753 0.7623644 0.7980753 0.7640311 0.8014137 0.7641831 0.8031525 0.7623644 0.7980753 0.7641831 0.8031525 0.7623644 0.8147671 0.7623644 0.8147671 0.7641831 0.8031525 0.7646341 0.8048388 0.7623644 0.8147671 0.7646341 0.8048388 0.7653708 0.8064212 0.7722947 0.8112763 0.7731595 0.8113905 0.7623644 0.8147671 0.8363706 0.8078512 0.7816916 0.8078512 0.8353708 0.8064212 0.8353708 0.8064212 0.7816916 0.8078512 0.7826914 0.8064212 0.8353708 0.8064212 0.7826914 0.8064212 0.7834281 0.8048388 0.7698048 0.8104903 0.7706109 0.8108244 0.7623644 0.8147671 0.7623644 0.8147671 0.7706109 0.8108244 0.771443 0.8110873 0.7623644 0.8147671 0.771443 0.8110873 0.7722947 0.8112763 0.7731595 0.8113905 0.7740311 0.8114287 0.7623644 0.8147671 0.7623644 0.8147671 0.7740311 0.8114287 0.7749027 0.8113905 0.7623644 0.8147671 0.7749027 0.8113905 0.8556978 0.8147671 0.8556978 0.8147671 0.7749027 0.8113905 0.7757675 0.8112763 0.8556978 0.8147671 0.7757675 0.8112763 0.7766191 0.8110873 0.7816916 0.8078512 0.8422947 0.8112763 0.8556978 0.8147671 0.8556978 0.8147671 0.8422947 0.8112763 0.8431596 0.8113905 0.8556978 0.8147671 0.8431596 0.8113905 0.8440312 0.8114287 0.8440312 0.8114287 0.8449027 0.8113905 0.8556978 0.8147671 0.8556978 0.8147671 0.8449027 0.8113905 0.8457676 0.8112763 0.8556978 0.8147671 0.8457676 0.8112763 0.8466193 0.8110873 0.7766191 0.8110873 0.7774513 0.8108244 0.8556978 0.8147671 0.8556978 0.8147671 0.7774513 0.8108244 0.7782574 0.8104903 0.8556978 0.8147671 0.7782574 0.8104903 0.7790311 0.8100868 0.8398048 0.8104903 0.8406109 0.8108244 0.7816916 0.8078512 0.7816916 0.8078512 0.8406109 0.8108244 0.8414431 0.8110873 0.7816916 0.8078512 0.8414431 0.8110873 0.8422947 0.8112763 0.7790311 0.8100868 0.7797667 0.8096174 0.8556978 0.8147671 0.8556978 0.8147671 0.7797667 0.8096174 0.7804589 0.8090856 0.8556978 0.8147671 0.7804589 0.8090856 0.7816916 0.8078512 0.7834592 0.7980753 0.834603 0.7980753 0.8341831 0.7996743 0.7676032 0.8090856 0.7682954 0.8096174 0.7623644 0.8147671 0.7623644 0.8147671 0.7682954 0.8096174 0.7690311 0.8100868 0.7623644 0.8147671 0.7690311 0.8100868 0.7698048 0.8104903 0.8466193 0.8110873 0.8474513 0.8108244 0.8556978 0.8147671 0.8556978 0.8147671 0.8474513 0.8108244 0.8482574 0.8104903 0.8556978 0.8147671 0.8482574 0.8104903 0.8490312 0.8100868 0.8346342 0.8048388 0.7834281 0.8048388 0.8341831 0.8031525 0.8341831 0.8031525 0.7834281 0.8048388 0.7838791 0.8031525 0.8341831 0.8031525 0.7838791 0.8031525 0.8340312 0.8014137 0.8340312 0.8014137 0.7838791 0.8031525 0.7840311 0.8014137 0.8340312 0.8014137 0.7840311 0.8014137 0.8341831 0.7996743 0.8341831 0.7996743 0.7840311 0.8014137 0.7838791 0.7996743 0.8341831 0.7996743 0.7838791 0.7996743 0.7834592 0.7980753 0.8376033 0.8090856 0.8382955 0.8096174 0.7816916 0.8078512 0.7816916 0.8078512 0.8382955 0.8096174 0.8390311 0.8100868 0.7816916 0.8078512 0.8390311 0.8100868 0.8398048 0.8104903 0.8490312 0.8100868 0.8497668 0.8096174 0.8556978 0.8147671 0.8556978 0.8147671 0.8497668 0.8096174 0.850459 0.8090856 0.8556978 0.8147671 0.850459 0.8090856 0.8516917 0.8078512 0.7623644 0.8981004 0.7623644 0.8147671 0.8556978 0.8981004 0.8556978 0.8981004 0.7623644 0.8147671 0.8556978 0.8147671 0.8236558 0.5578323 0.8237391 0.5576353 0.8400005 0.5738982 0.8247218 0.5552799 0.8400071 0.5705658 0.8400068 0.5713031 0.8247218 0.5552799 0.8400068 0.5713031 0.8244814 0.5558586 0.8244814 0.5558586 0.8400068 0.5713031 0.840006 0.5720223 0.8244814 0.5558586 0.840006 0.5720223 0.8242939 0.5563095 0.8400047 0.5727056 0.8240928 0.5567923 0.840006 0.5720223 0.840006 0.5720223 0.8240928 0.5567923 0.8242481 0.5564198 0.840006 0.5720223 0.8242481 0.5564198 0.8242939 0.5563095 0.8400005 0.5738982 0.8237391 0.5576353 0.8400028 0.573336 0.8237391 0.5576353 0.8238291 0.5574218 0.8400028 0.573336 0.8400028 0.573336 0.8238291 0.5574218 0.8239062 0.5572379 0.8400028 0.573336 0.8239062 0.5572379 0.8400047 0.5727056 0.8400047 0.5727056 0.8239062 0.5572379 0.8240283 0.5569461 0.8400047 0.5727056 0.8240283 0.5569461 0.8240928 0.5567923 0.8236558 0.5578323 0.8400005 0.5738982 0.8235952 0.5579753 0.8235952 0.5579753 0.8400005 0.5738982 0.8399978 0.5743782 0.7604051 0.8145044 0.7604052 0.7980767 0.7606971 0.8145827 0.7606971 0.8145827 0.7604052 0.7980767 0.7606227 0.7980763 0.7606971 0.8145827 0.7606227 0.7980763 0.7608511 0.8146171 0.7608511 0.8146171 0.7606227 0.7980763 0.7608512 0.7980761 0.7608511 0.8146171 0.7608512 0.7980761 0.7612239 0.814684 0.7612239 0.814684 0.7608512 0.7980761 0.7610888 0.7980759 0.7612239 0.814684 0.7610888 0.7980759 0.7613343 0.8146994 0.7613343 0.8146994 0.7610888 0.7980759 0.7613344 0.7980756 0.7613343 0.8146994 0.7613344 0.7980756 0.7617854 0.814746 0.7617854 0.814746 0.7613344 0.7980756 0.7615862 0.7980755 0.7617854 0.814746 0.7615862 0.7980755 0.7618429 0.8147501 0.7623644 0.7980753 0.7623644 0.8147671 0.762103 0.7980753 0.762103 0.7980753 0.7623644 0.8147671 0.7618429 0.8147501 0.762103 0.7980753 0.7618429 0.8147501 0.761843 0.7980754 0.761843 0.7980754 0.7618429 0.8147501 0.7615862 0.7980755 0.8240928 0.5567923 0.8240283 0.5569461 0.7400063 0.5569466 0.7617856 0.8981005 0.7612243 0.8981007 0.7612239 0.814684 0.7612239 0.814684 0.7613343 0.8146994 0.7617856 0.8981005 0.7617856 0.8981005 0.7613343 0.8146994 0.7617854 0.814746 0.7617856 0.8981005 0.7617854 0.814746 0.7623644 0.8981004 0.7623644 0.8981004 0.7617854 0.814746 0.7618429 0.8147501 0.7623644 0.8981004 0.7618429 0.8147501 0.7623644 0.8147671 0.7606977 0.8981011 0.7602218 0.8981016 0.7602218 0.8144452 0.7602218 0.8144452 0.7604051 0.8145044 0.7606977 0.8981011 0.7606977 0.8981011 0.7604051 0.8145044 0.7606971 0.8145827 0.7606977 0.8981011 0.7606971 0.8145827 0.7612243 0.8981007 0.7612243 0.8981007 0.7606971 0.8145827 0.7608511 0.8146171 0.7612243 0.8981007 0.7608511 0.8146171 0.7612239 0.814684 0.7400063 0.5569466 0.8240283 0.5569461 0.740004 0.5574223 0.8240283 0.5569461 0.8239062 0.5572379 0.740004 0.5574223 0.740004 0.5574223 0.8239062 0.5572379 0.8238291 0.5574218 0.9566734 0.6114429 0.9567978 0.5276161 0.9570843 0.6114429 0.7400012 0.5578328 0.8238291 0.5574218 0.8237391 0.5576353 0.7602218 0.8981016 0.7600066 0.8143637 0.7602218 0.8144452 0.8240928 0.5567923 0.7400063 0.5569466 0.8242481 0.5564198 0.8242481 0.5564198 0.7400063 0.5569466 0.7400079 0.5564203 0.8242481 0.5564198 0.7400079 0.5564203 0.8242939 0.5563095 0.8242939 0.5563095 0.7400079 0.5564203 0.740009 0.5558592 0.8242939 0.5563095 0.740009 0.5558592 0.8244814 0.5558586 0.8244814 0.5558586 0.740009 0.5558592 0.7400093 0.5552804 0.8244814 0.5558586 0.7400093 0.5552804 0.8247218 0.5552799 0.7400071 0.6404678 0.7400071 0.6357539 0.7600066 0.6357538 0.7600066 0.7757538 0.7400071 0.775754 0.7400071 0.7710398 0.7400071 0.6404678 0.7600066 0.6357538 0.7247218 0.655754 0.6820087 0.7057543 0.6820795 0.7065646 0.6400093 0.7557546 0.6400093 0.7557546 0.6820795 0.7065646 0.6822898 0.7073504 0.6400093 0.7557546 0.6822898 0.7073504 0.6826336 0.7080877 0.6826336 0.7080877 0.6831004 0.708754 0.6400093 0.7557546 0.6400093 0.7557546 0.6831004 0.708754 0.6836753 0.7093291 0.6400093 0.7557546 0.6836753 0.7093291 0.6843418 0.7097956 0.6890085 0.7097956 0.7247218 0.7557541 0.6882712 0.7101394 0.6882712 0.7101394 0.7247218 0.7557541 0.6874855 0.71035 0.6890085 0.7097956 0.6896745 0.7093291 0.7247218 0.7557541 0.7247218 0.7557541 0.6896745 0.7093291 0.6902499 0.7087539 0.7247218 0.7557541 0.6902499 0.7087539 0.6907166 0.7080876 0.6843418 0.7097956 0.6850791 0.7101395 0.6400093 0.7557546 0.6400093 0.7557546 0.6850791 0.7101395 0.6858648 0.71035 0.6400093 0.7557546 0.6858648 0.71035 0.7247218 0.7557541 0.7247218 0.7557541 0.6858648 0.71035 0.686675 0.7104208 0.7247218 0.7557541 0.686675 0.7104208 0.6874855 0.71035 0.6907166 0.7080876 0.6910604 0.7073503 0.7247218 0.7557541 0.7247218 0.7557541 0.6910604 0.7073503 0.6912708 0.7065646 0.7247218 0.7557541 0.6912708 0.7065646 0.6913416 0.7057542 0.6912708 0.7049439 0.6910604 0.7041581 0.7247218 0.655754 0.7247218 0.655754 0.6910604 0.7041581 0.6907166 0.7034209 0.7247218 0.655754 0.6907166 0.7034209 0.6902499 0.7027546 0.7600066 0.7757538 0.7400071 0.7710398 0.7600066 0.6357538 0.7600066 0.6357538 0.7400071 0.7710398 0.7247218 0.7557541 0.7600066 0.6357538 0.7247218 0.7557541 0.7247218 0.655754 0.7247218 0.655754 0.7247218 0.7557541 0.6913416 0.7057542 0.7247218 0.655754 0.6913416 0.7057542 0.6912708 0.7049439 0.6902499 0.7027546 0.6896745 0.7021794 0.7247218 0.655754 0.7247218 0.655754 0.6896745 0.7021794 0.6890085 0.7017127 0.7247218 0.655754 0.6890085 0.7017127 0.6882712 0.7013691 0.6820087 0.7057543 0.6400093 0.7557546 0.6820795 0.704944 0.6820795 0.704944 0.6400093 0.7557546 0.6400093 0.6557545 0.6820795 0.704944 0.6400093 0.6557545 0.6822898 0.7041582 0.6858648 0.7011585 0.6400093 0.6557545 0.6866749 0.7010875 0.6866749 0.7010875 0.6400093 0.6557545 0.7247218 0.655754 0.6866749 0.7010875 0.7247218 0.655754 0.6874855 0.7011585 0.6874855 0.7011585 0.7247218 0.655754 0.6882712 0.7013691 0.6858648 0.7011585 0.6850791 0.7013691 0.6400093 0.6557545 0.6400093 0.6557545 0.6850791 0.7013691 0.6843418 0.7017127 0.6400093 0.6557545 0.6843418 0.7017127 0.6836754 0.7021794 0.6836754 0.7021794 0.6831004 0.7027546 0.6400093 0.6557545 0.6400093 0.6557545 0.6831004 0.7027546 0.6826336 0.7034209 0.6400093 0.6557545 0.6826336 0.7034209 0.6822898 0.7041582 0.8556978 0.8147671 0.8556978 0.7980753 0.8559592 0.7980753 0.8556978 0.8147671 0.8559592 0.7980753 0.8562192 0.8147501 0.8576571 0.7980767 0.8573651 0.8145827 0.8574396 0.7980763 0.8574396 0.7980763 0.8573651 0.8145827 0.8572111 0.8146171 0.8574396 0.7980763 0.8572111 0.8146171 0.8572111 0.7980761 0.8572111 0.7980761 0.8572111 0.8146171 0.8568384 0.814684 0.8572111 0.7980761 0.8568384 0.814684 0.8569735 0.7980759 0.8569735 0.7980759 0.8568384 0.814684 0.8567279 0.8146994 0.8569735 0.7980759 0.8567279 0.8146994 0.8567279 0.7980756 0.8567279 0.7980756 0.8567279 0.8146994 0.8562768 0.814746 0.8567279 0.7980756 0.8562768 0.814746 0.856476 0.7980755 0.856476 0.7980755 0.8562768 0.814746 0.8562192 0.8147501 0.856476 0.7980755 0.8562192 0.8147501 0.8562193 0.7980754 0.8562193 0.7980754 0.8562192 0.8147501 0.8559592 0.7980753 0.7400004 0.6371336 0.7236562 0.6531998 0.7399978 0.6366528 0.7399978 0.6366528 0.7236562 0.6531998 0.7235952 0.653056 0.8576571 0.7980767 0.857657 0.8145044 0.8573651 0.8145827 0.7400028 0.6376965 0.723829 0.6536111 0.7400004 0.6371336 0.7400004 0.6371336 0.723829 0.6536111 0.7237386 0.6533961 0.7400004 0.6371336 0.7237386 0.6533961 0.7236562 0.6531998 0.7400046 0.6383274 0.7240287 0.6540873 0.7400028 0.6376965 0.7400028 0.6376965 0.7240287 0.6540873 0.7239057 0.6537942 0.7400028 0.6376965 0.7239057 0.6537942 0.723829 0.6536111 0.740006 0.639011 0.724248 0.6546141 0.7400046 0.6383274 0.7400046 0.6383274 0.724248 0.6546141 0.7240923 0.6542404 0.7400046 0.6383274 0.7240923 0.6542404 0.7240287 0.6540873 0.7245054 0.6552325 0.7244818 0.6551752 0.740006 0.639011 0.740006 0.639011 0.7244818 0.6551752 0.7242938 0.6547238 0.740006 0.639011 0.7242938 0.6547238 0.724248 0.6546141 0.740006 0.639011 0.7400068 0.6397305 0.7245054 0.6552325 0.7245054 0.6552325 0.7400068 0.6397305 0.7400071 0.6404678 0.7245054 0.6552325 0.7400071 0.6404678 0.7247218 0.655754 0.6400089 0.6551757 0.7244818 0.6551752 0.6400093 0.6557545 0.6400093 0.6557545 0.7244818 0.6551752 0.7245054 0.6552325 0.6400093 0.6557545 0.7245054 0.6552325 0.7247218 0.655754 0.6400079 0.6546142 0.6400063 0.6540874 0.7240287 0.6540873 0.7240287 0.6540873 0.7240923 0.6542404 0.6400079 0.6546142 0.6400079 0.6546142 0.7240923 0.6542404 0.724248 0.6546141 0.6400079 0.6546142 0.724248 0.6546141 0.6400089 0.6551757 0.6400089 0.6551757 0.724248 0.6546141 0.7242938 0.6547238 0.6400089 0.6551757 0.7242938 0.6547238 0.7244818 0.6551752 0.9583178 0.6112682 0.9579067 0.611271 0.9579067 0.527616 0.9583179 0.5276961 0.9585319 0.527616 0.9585319 0.6113543 0.640004 0.6536111 0.7237386 0.6533961 0.723829 0.6536111 0.640004 0.6536111 0.723829 0.6536111 0.6400063 0.6540874 0.6400063 0.6540874 0.723829 0.6536111 0.7239057 0.6537942 0.6400063 0.6540874 0.7239057 0.6537942 0.7240287 0.6540873 0.8573645 0.8981011 0.8568379 0.8981007 0.8568384 0.814684 0.8568384 0.814684 0.8572111 0.8146171 0.8573645 0.8981011 0.8573645 0.8981011 0.8572111 0.8146171 0.8573651 0.8145827 0.8573645 0.8981011 0.8573651 0.8145827 0.8578404 0.8981016 0.8578404 0.8981016 0.8573651 0.8145827 0.857657 0.8145044 0.8578404 0.8981016 0.857657 0.8145044 0.857841 0.8144448 0.8562766 0.8981005 0.8556978 0.8981004 0.8556978 0.8147671 0.8556978 0.8147671 0.8562192 0.8147501 0.8562766 0.8981005 0.8562766 0.8981005 0.8562192 0.8147501 0.8562768 0.814746 0.8562766 0.8981005 0.8562768 0.814746 0.8568379 0.8981007 0.8568379 0.8981007 0.8562768 0.814746 0.8567279 0.8146994 0.8568379 0.8981007 0.8567279 0.8146994 0.8568384 0.814684 0.7977257 0.6196371 0.7977257 0.6268038 0.7969151 0.6196371 0.7969151 0.6196371 0.7977257 0.6268038 0.7969151 0.6268038 0.7969151 0.6196371 0.7969151 0.6268038 0.7961291 0.6196371 0.7961291 0.6196371 0.7969151 0.6268038 0.7961291 0.6268038 0.7961291 0.6196371 0.7961291 0.6268038 0.7953912 0.6196371 0.7953912 0.6196371 0.7961291 0.6268038 0.7953912 0.6268038 0.7953912 0.6196371 0.7953912 0.6268038 0.7947244 0.6196371 0.7947244 0.6196371 0.7953912 0.6268038 0.7947244 0.6268038 0.7947244 0.6196371 0.7947244 0.6268038 0.7941482 0.6196371 0.7941482 0.6196371 0.7947244 0.6268038 0.7941482 0.6268038 0.8769112 0.4195085 0.8769112 0.4123417 0.8775775 0.4195085 0.8775775 0.4195085 0.8769112 0.4123417 0.8775775 0.4123417 0.8775775 0.4195085 0.8775775 0.4123417 0.8783148 0.4195085 0.8783148 0.4195085 0.8775775 0.4123417 0.8783148 0.4123417 0.8783148 0.4195085 0.8783148 0.4123417 0.8791005 0.4195085 0.8791005 0.4195085 0.8783148 0.4123417 0.8791005 0.4123417 0.8791005 0.4195085 0.8791005 0.4123417 0.8799109 0.4195085 0.8799109 0.4195085 0.8791005 0.4123417 0.8799109 0.4123417 0.8799109 0.4195085 0.8799109 0.4123417 0.8807212 0.4195085 0.8807212 0.4195085 0.8799109 0.4123417 0.8807212 0.4123417 0.8807212 0.4195085 0.8807212 0.4123417 0.8815069 0.4195085 0.8815069 0.4195085 0.8807212 0.4123417 0.8815069 0.4123417 0.8815069 0.4195085 0.8815069 0.4123417 0.8822442 0.4195085 0.8822442 0.4195085 0.8815069 0.4123417 0.8822442 0.4123417 0.8822442 0.4195085 0.8822442 0.4123417 0.8829106 0.4195085 0.8829106 0.4195085 0.8822442 0.4123417 0.8829106 0.4123417 0.8600067 0.7898803 0.8600067 0.7827135 0.8605829 0.7898803 0.8605829 0.7898803 0.8600067 0.7827135 0.8605829 0.7827135 0.8605829 0.7898803 0.8605829 0.7827135 0.8612497 0.7898803 0.8612497 0.7898803 0.8605829 0.7827135 0.8612497 0.7827135 0.8612497 0.7898803 0.8612497 0.7827135 0.8619875 0.7898803 0.8619875 0.7898803 0.8612497 0.7827135 0.8619875 0.7827135 0.8619875 0.7898803 0.8619875 0.7827135 0.8627736 0.7898803 0.8627736 0.7898803 0.8619875 0.7827135 0.8627736 0.7827135 0.8627736 0.7898803 0.8627736 0.7827135 0.8635842 0.7898803 0.8635842 0.7898803 0.8627736 0.7827135 0.8635842 0.7827135 0.8635842 0.7898803 0.8635842 0.7827135 0.8643943 0.7898803 0.8643943 0.7898803 0.8635842 0.7827135 0.8643943 0.7827135 0.8643943 0.7898803 0.8643943 0.7827135 0.8651797 0.7898803 0.8651797 0.7898803 0.8643943 0.7827135 0.8651797 0.7827135 0.8651797 0.7898803 0.8651797 0.7827135 0.8659164 0.7898803 0.8659164 0.7898803 0.8651797 0.7827135 0.8659164 0.7827135 0.8659164 0.7898803 0.8659164 0.7827135 0.8665823 0.7898803 0.8665823 0.7898803 0.8659164 0.7827135 0.8665823 0.7827135 0.7798489 0.6268039 0.7798489 0.6196371 0.7804241 0.6268039 0.7804241 0.6268039 0.7798489 0.6196371 0.7804241 0.6196371 0.7804241 0.6268039 0.7804241 0.6196371 0.7810904 0.6268039 0.7810904 0.6268039 0.7804241 0.6196371 0.7810904 0.6196371 0.7810904 0.6268039 0.7810904 0.6196371 0.7818277 0.6268039 0.7818277 0.6268039 0.7810904 0.6196371 0.7818277 0.6196371 0.7818277 0.6268039 0.7818277 0.6196371 0.7826135 0.6268039 0.7826135 0.6268039 0.7818277 0.6196371 0.7826135 0.6196371 0.7826135 0.6268039 0.7826135 0.6196371 0.7834238 0.6268039 0.7834238 0.6268039 0.7826135 0.6196371 0.7834238 0.6196371 0.7834238 0.6268039 0.7834238 0.6196371 0.7842341 0.6268039 0.7842341 0.6268039 0.7834238 0.6196371 0.7842341 0.6196371 0.7842341 0.6268039 0.7842341 0.6196371 0.7850199 0.6268039 0.7850199 0.6268039 0.7842341 0.6196371 0.7850199 0.6196371 0.7850199 0.6268039 0.7850199 0.6196371 0.7857572 0.6268039 0.7857572 0.6268039 0.7850199 0.6196371 0.7857572 0.6196371 0.7857572 0.6268039 0.7857572 0.6196371 0.7864235 0.6268039 0.7864235 0.6268039 0.7857572 0.6196371 0.7864235 0.6196371 0.7864235 0.6268039 0.7864235 0.6196371 0.7869986 0.6268039 0.7869986 0.6268039 0.7864235 0.6196371 0.7869986 0.6196371 0.8007238 0.6196371 0.8007238 0.6268038 0.800058 0.6196371 0.800058 0.6196371 0.8007238 0.6268038 0.800058 0.6268038 0.800058 0.6196371 0.800058 0.6268038 0.7993212 0.6196371 0.7993212 0.6196371 0.800058 0.6268038 0.7993212 0.6268038 0.7993212 0.6196371 0.7993212 0.6268038 0.7985358 0.6196371 0.7985358 0.6196371 0.7993212 0.6268038 0.7985358 0.6268038 0.7985358 0.6196371 0.7985358 0.6268038 0.7977257 0.6196371 0.7977257 0.6196371 0.7985358 0.6268038 0.7977257 0.6268038 0.8671466 0.4204245 0.8671466 0.4275913 0.8663359 0.4204245 0.8663359 0.4204245 0.8671466 0.4275913 0.8663359 0.4275913 0.8663359 0.4204245 0.8663359 0.4275913 0.8655499 0.4204245 0.8655499 0.4204245 0.8663359 0.4275913 0.8655499 0.4275913 0.8655499 0.4204245 0.8655499 0.4275913 0.8648121 0.4204245 0.8648121 0.4204245 0.8655499 0.4275913 0.8648121 0.4275913 0.8648121 0.4204245 0.8648121 0.4275913 0.8641453 0.4204245 0.8641453 0.4204245 0.8648121 0.4275913 0.8641453 0.4275913 0.8641453 0.4204245 0.8641453 0.4275913 0.863569 0.4204245 0.863569 0.4204245 0.8641453 0.4275913 0.863569 0.4275913 0.8731578 0.7898803 0.8731578 0.7827135 0.8738241 0.7898803 0.8738241 0.7898803 0.8731578 0.7827135 0.8738241 0.7827135 0.8738241 0.7898803 0.8738241 0.7827135 0.8745614 0.7898803 0.8745614 0.7898803 0.8738241 0.7827135 0.8745614 0.7827135 0.8745614 0.7898803 0.8745614 0.7827135 0.8753471 0.7898803 0.8753471 0.7898803 0.8745614 0.7827135 0.8753471 0.7827135 0.8753471 0.7898803 0.8753471 0.7827135 0.8761575 0.7898803 0.8761575 0.7898803 0.8753471 0.7827135 0.8761575 0.7827135 0.8761575 0.7898803 0.8761575 0.7827135 0.8769678 0.7898803 0.8769678 0.7898803 0.8761575 0.7827135 0.8769678 0.7827135 0.8769678 0.7898803 0.8769678 0.7827135 0.8777536 0.7898803 0.8777536 0.7898803 0.8769678 0.7827135 0.8777536 0.7827135 0.8777536 0.7898803 0.8777536 0.7827135 0.8784909 0.7898803 0.8784909 0.7898803 0.8777536 0.7827135 0.8784909 0.7827135 0.8784909 0.7898803 0.8784909 0.7827135 0.8791571 0.7898803 0.8791571 0.7898803 0.8784909 0.7827135 0.8791571 0.7827135 0.8665822 0.7898803 0.8665822 0.7827135 0.8671585 0.7898803 0.8671585 0.7898803 0.8665822 0.7827135 0.8671585 0.7827135 0.8671585 0.7898803 0.8671585 0.7827135 0.8678252 0.7898803 0.8678252 0.7898803 0.8671585 0.7827135 0.8678252 0.7827135 0.8678252 0.7898803 0.8678252 0.7827135 0.8685631 0.7898803 0.8685631 0.7898803 0.8678252 0.7827135 0.8685631 0.7827135 0.8685631 0.7898803 0.8685631 0.7827135 0.8693491 0.7898803 0.8693491 0.7898803 0.8685631 0.7827135 0.8693491 0.7827135 0.8693491 0.7898803 0.8693491 0.7827135 0.8701598 0.7898803 0.8701598 0.7898803 0.8693491 0.7827135 0.8701598 0.7827135 0.8701598 0.7898803 0.8701598 0.7827135 0.8709698 0.7898803 0.8709698 0.7898803 0.8701598 0.7827135 0.8709698 0.7827135 0.8709698 0.7898803 0.8709698 0.7827135 0.8717552 0.7898803 0.8717552 0.7898803 0.8709698 0.7827135 0.8717552 0.7827135 0.8717552 0.7898803 0.8717552 0.7827135 0.872492 0.7898803 0.872492 0.7898803 0.8717552 0.7827135 0.872492 0.7827135 0.872492 0.7898803 0.872492 0.7827135 0.8731578 0.7898803 0.8731578 0.7898803 0.872492 0.7827135 0.8731578 0.7827135 0.7869986 0.6268039 0.7869986 0.6196371 0.7875738 0.6268039 0.7875738 0.6268039 0.7869986 0.6196371 0.7875738 0.6196371 0.7875738 0.6268039 0.7875738 0.6196371 0.7882401 0.6268039 0.7882401 0.6268039 0.7875738 0.6196371 0.7882401 0.6196371 0.7882401 0.6268039 0.7882401 0.6196371 0.7889774 0.6268039 0.7889774 0.6268039 0.7882401 0.6196371 0.7889774 0.6196371 0.7889774 0.6268039 0.7889774 0.6196371 0.7897631 0.6268039 0.7897631 0.6268039 0.7889774 0.6196371 0.7897631 0.6196371 0.7897631 0.6268039 0.7897631 0.6196371 0.7905734 0.6268039 0.7905734 0.6268039 0.7897631 0.6196371 0.7905734 0.6196371 0.7905734 0.6268039 0.7905734 0.6196371 0.7913838 0.6268039 0.7913838 0.6268039 0.7905734 0.6196371 0.7913838 0.6196371 0.7913838 0.6268039 0.7913838 0.6196371 0.7921695 0.6268039 0.7921695 0.6268039 0.7913838 0.6196371 0.7921695 0.6196371 0.7921695 0.6268039 0.7921695 0.6196371 0.7929068 0.6268039 0.7929068 0.6268039 0.7921695 0.6196371 0.7929068 0.6196371 0.7929068 0.6268039 0.7929068 0.6196371 0.7935732 0.6268039 0.7935732 0.6268039 0.7929068 0.6196371 0.7935732 0.6196371 0.7935732 0.6268039 0.7935732 0.6196371 0.7941483 0.6268039 0.7941483 0.6268039 0.7935732 0.6196371 0.7941483 0.6196371 0.8701446 0.4204245 0.8701446 0.4275913 0.8694788 0.4204245 0.8694788 0.4204245 0.8701446 0.4275913 0.8694788 0.4275913 0.8694788 0.4204245 0.8694788 0.4275913 0.8687421 0.4204245 0.8687421 0.4204245 0.8694788 0.4275913 0.8687421 0.4275913 0.8687421 0.4204245 0.8687421 0.4275913 0.8679566 0.4204245 0.8679566 0.4204245 0.8687421 0.4275913 0.8679566 0.4275913 0.8679566 0.4204245 0.8679566 0.4275913 0.8671466 0.4204245 0.8671466 0.4204245 0.8679566 0.4275913 0.8671466 0.4275913 0.763569 0.4209486 0.763569 0.4276152 0.6652378 0.4209492 0.6652378 0.4209492 0.763569 0.4276152 0.6635712 0.4276159 0.6652378 0.4209492 0.6635712 0.4276159 0.6469049 0.4009493 0.6469049 0.4009493 0.6635712 0.4276159 0.6400012 0.4040459 0.6469049 0.4009493 0.6400012 0.4040459 0.6469049 0.2409492 0.6469049 0.2409492 0.6400012 0.4040459 0.6400011 0.2373791 0.6469049 0.2409492 0.6400011 0.2373791 0.6669045 0.2204752 0.6669045 0.2204752 0.6400011 0.2373791 0.6635712 0.2138085 0.6669045 0.2204752 0.6635712 0.2138085 0.763569 0.2204746 0.763569 0.2204746 0.6635712 0.2138085 0.763569 0.213808 0.7635689 0.2071406 0.763569 0.2138072 0.6669044 0.2071412 0.6669044 0.2071412 0.763569 0.2138072 0.6635711 0.2138079 0.6669044 0.2071412 0.6635711 0.2138079 0.6469048 0.1866675 0.6469048 0.1866675 0.6635711 0.2138079 0.6400011 0.1902377 0.6469048 0.1866675 0.6400011 0.1902377 0.6469048 0.02666741 0.6469048 0.02666741 0.6400011 0.1902377 0.6400011 0.02357095 0.6469048 0.02666741 0.6400011 0.02357095 0.6652378 0.006667256 0.6652378 0.006667256 0.6400011 0.02357095 0.6635712 6.46573e-7 0.6652378 0.006667256 0.6635712 6.46573e-7 0.763569 0.00666666 0.763569 0.00666666 0.6635712 6.46573e-7 0.7635689 0 0.7400013 0.6080899 0.7400013 0.6280899 0.6400012 0.6080899 0.6400012 0.6080899 0.7400013 0.6280899 0.6400012 0.6280899 0.6865283 0.5081567 0.6400012 0.4480897 0.6900012 0.507853 0.6900012 0.507853 0.6400012 0.4480897 0.7400013 0.4480897 0.6900012 0.507853 0.7400013 0.4480897 0.6934741 0.5081567 0.6865283 0.5081567 0.6831608 0.509059 0.6400012 0.4480897 0.6400012 0.4480897 0.6831608 0.509059 0.6800012 0.5105324 0.6400012 0.4480897 0.6800012 0.5105324 0.6771454 0.5125321 0.7028571 0.5431739 0.7400013 0.6080899 0.7000012 0.5451735 0.7000012 0.5451735 0.7400013 0.6080899 0.6968417 0.5466467 0.6746804 0.5407086 0.6400012 0.6080899 0.6726806 0.537853 0.6726806 0.537853 0.6400012 0.6080899 0.6712073 0.5346934 0.6746804 0.5407086 0.6771454 0.5431739 0.6400012 0.6080899 0.6400012 0.6080899 0.6771454 0.5431739 0.6800012 0.5451735 0.6400012 0.6080899 0.6800012 0.5451735 0.6831608 0.5466467 0.7028571 0.5431739 0.7053221 0.5407086 0.7400013 0.6080899 0.7400013 0.6080899 0.7053221 0.5407086 0.7073218 0.537853 0.7400013 0.6080899 0.7073218 0.537853 0.7087952 0.5346934 0.6771454 0.5125321 0.6746804 0.5149971 0.6400012 0.4480897 0.6400012 0.4480897 0.6746804 0.5149971 0.6726806 0.517853 0.6400012 0.4480897 0.6726806 0.517853 0.6712073 0.5210126 0.6831608 0.5466467 0.6865283 0.547549 0.6400012 0.6080899 0.6400012 0.6080899 0.6865283 0.547549 0.6900012 0.547853 0.6400012 0.6080899 0.6900012 0.547853 0.7400013 0.6080899 0.7400013 0.6080899 0.6900012 0.547853 0.6934741 0.547549 0.7400013 0.6080899 0.6934741 0.547549 0.6968417 0.5466467 0.7028571 0.5125321 0.7000012 0.5105324 0.7400013 0.4480897 0.7400013 0.4480897 0.7000012 0.5105324 0.6968417 0.509059 0.7400013 0.4480897 0.6968417 0.509059 0.6934741 0.5081567 0.6712073 0.5210126 0.670305 0.5243801 0.6400012 0.4480897 0.6400012 0.4480897 0.670305 0.5243801 0.6700012 0.527853 0.6400012 0.4480897 0.6700012 0.527853 0.6400012 0.6080899 0.6400012 0.6080899 0.6700012 0.527853 0.670305 0.5313259 0.6400012 0.6080899 0.670305 0.5313259 0.6712073 0.5346934 0.7087952 0.5346934 0.7096975 0.5313259 0.7400013 0.6080899 0.7400013 0.6080899 0.7096975 0.5313259 0.7100012 0.527853 0.7400013 0.6080899 0.7100012 0.527853 0.7400013 0.4480897 0.7400013 0.4480897 0.7100012 0.527853 0.7096975 0.5243801 0.7400013 0.4480897 0.7096975 0.5243801 0.7087952 0.5210126 0.7087952 0.5210126 0.7073218 0.517853 0.7400013 0.4480897 0.7400013 0.4480897 0.7073218 0.517853 0.7053221 0.5149971 0.7400013 0.4480897 0.7053221 0.5149971 0.7028571 0.5125321 0.7400013 0.4276158 0.7400013 0.4480897 0.6400012 0.4276158 0.6400012 0.4276158 0.7400013 0.4480897 0.6400012 0.4480897 0.8771885 0.5526213 0.8600067 0.5526213 0.8600067 0.527616 0.8771885 0.6026108 0.9566734 0.6276161 0.8771885 0.6028549 0.8771885 0.6028549 0.9566734 0.6276161 0.8600067 0.6276161 0.8771885 0.6028549 0.8600067 0.6276161 0.8600067 0.6028549 0.8959711 0.5617225 0.8929613 0.5586501 0.9566734 0.527616 0.8771885 0.6026108 0.8814651 0.6021526 0.9566734 0.6276161 0.9566734 0.6276161 0.8814651 0.6021526 0.8855996 0.6009683 0.9566734 0.6276161 0.8855996 0.6009683 0.8894696 0.5990929 0.8894696 0.5990929 0.8929613 0.5965819 0.9566734 0.6276161 0.9566734 0.6276161 0.8929613 0.5965819 0.8959711 0.5935096 0.9566734 0.6276161 0.8959711 0.5935096 0.8984097 0.5899671 0.8929613 0.5586501 0.8894696 0.5561392 0.9566734 0.527616 0.9566734 0.527616 0.8894696 0.5561392 0.8855996 0.5542637 0.9566734 0.527616 0.8855996 0.5542637 0.8600067 0.527616 0.8600067 0.527616 0.8855996 0.5542637 0.8814651 0.5530794 0.8600067 0.527616 0.8814651 0.5530794 0.8771885 0.5526213 0.9013035 0.5733311 0.9002049 0.5691732 0.9566734 0.527616 0.9566734 0.527616 0.9002049 0.5691732 0.8984097 0.5652649 0.9566734 0.527616 0.8984097 0.5652649 0.8959711 0.5617225 0.8984097 0.5899671 0.9002049 0.5860588 0.9566734 0.6276161 0.9566734 0.6276161 0.9002049 0.5860588 0.9013035 0.5819009 0.9566734 0.6276161 0.9013035 0.5819009 0.9566734 0.527616 0.9566734 0.527616 0.9013035 0.5819009 0.9016734 0.577616 0.9566734 0.527616 0.9016734 0.577616 0.9013035 0.5733311 0.763569 0.2836062 0.7635691 0.2600001 0.8635691 0.2836062 0.8635691 0.2836062 0.7635691 0.2600001 0.8635692 0.2600001 0.8031662 0.6926295 0.8000066 0.6941027 0.7600066 0.6280899 0.7600066 0.6280899 0.8000066 0.6941027 0.7971508 0.6961024 0.8000066 0.7287439 0.8031662 0.7302173 0.7600066 0.7947567 0.8031662 0.7302173 0.8065338 0.7311196 0.7600066 0.7947567 0.7600066 0.7947567 0.8065338 0.7311196 0.8100067 0.7314233 0.7600066 0.7947567 0.8100067 0.7314233 0.8600067 0.7947567 0.8600067 0.7947567 0.8100067 0.7314233 0.8134796 0.7311196 0.8134796 0.7311196 0.8168471 0.7302173 0.8600067 0.7947567 0.8600067 0.7947567 0.8168471 0.7302173 0.8200067 0.7287439 0.8600067 0.7947567 0.8200067 0.7287439 0.8228625 0.7267442 0.7971508 0.6961024 0.7946858 0.6985676 0.7600066 0.6280899 0.7600066 0.6280899 0.7946858 0.6985676 0.7926861 0.7014233 0.7600066 0.6280899 0.7926861 0.7014233 0.7912127 0.7045829 0.8228625 0.7267442 0.8253275 0.7242792 0.8600067 0.7947567 0.8600067 0.7947567 0.8253275 0.7242792 0.8273273 0.7214233 0.8600067 0.7947567 0.8273273 0.7214233 0.8288006 0.7182638 0.8297029 0.7079504 0.8600067 0.6280899 0.8300067 0.7114233 0.8300067 0.7114233 0.8600067 0.6280899 0.8600067 0.7947567 0.8300067 0.7114233 0.8600067 0.7947567 0.8297029 0.7148962 0.8297029 0.7148962 0.8600067 0.7947567 0.8288006 0.7182638 0.8168471 0.6926295 0.8134796 0.6917272 0.8600067 0.6280899 0.8600067 0.6280899 0.8134796 0.6917272 0.8100067 0.6914233 0.8600067 0.6280899 0.8100067 0.6914233 0.7600066 0.6280899 0.7600066 0.6280899 0.8100067 0.6914233 0.8065338 0.6917272 0.7600066 0.6280899 0.8065338 0.6917272 0.8031662 0.6926295 0.7600066 0.7947567 0.7912127 0.7182638 0.7926861 0.7214233 0.7912127 0.7045829 0.7903104 0.7079504 0.7600066 0.6280899 0.7600066 0.6280899 0.7903104 0.7079504 0.7900066 0.7114233 0.7600066 0.6280899 0.7900066 0.7114233 0.7600066 0.7947567 0.7600066 0.7947567 0.7900066 0.7114233 0.7903104 0.7148962 0.7600066 0.7947567 0.7903104 0.7148962 0.7912127 0.7182638 0.7926861 0.7214233 0.7946858 0.7242792 0.7600066 0.7947567 0.7600066 0.7947567 0.7946858 0.7242792 0.7971508 0.7267442 0.7600066 0.7947567 0.7971508 0.7267442 0.8000066 0.7287439 0.8297029 0.7079504 0.8288006 0.7045829 0.8600067 0.6280899 0.8600067 0.6280899 0.8288006 0.7045829 0.8273273 0.7014233 0.8600067 0.6280899 0.8273273 0.7014233 0.8253275 0.6985677 0.8253275 0.6985677 0.8228625 0.6961024 0.8600067 0.6280899 0.8600067 0.6280899 0.8228625 0.6961024 0.8200067 0.6941027 0.8600067 0.6280899 0.8200067 0.6941027 0.8168471 0.6926295 0.8635691 0.3836063 0.8635691 0.4072124 0.763569 0.3836063 0.763569 0.3836063 0.8635691 0.4072124 0.763569 0.4072124 0.8385638 0.3007881 0.8385638 0.2836063 0.8635691 0.2836063 0.8178539 0.3249031 0.8220118 0.3238045 0.8635691 0.3836063 0.7885743 0.3007881 0.763569 0.3836063 0.7883302 0.3007881 0.7883302 0.3007881 0.763569 0.3836063 0.763569 0.2836063 0.7883302 0.3007881 0.763569 0.2836063 0.7883302 0.2836063 0.7885743 0.3007881 0.7890325 0.3050646 0.763569 0.3836063 0.763569 0.3836063 0.7890325 0.3050646 0.7902168 0.3091992 0.763569 0.3836063 0.7902168 0.3091992 0.7920922 0.3130692 0.8220118 0.3238045 0.8259202 0.3220092 0.8635691 0.3836063 0.8635691 0.3836063 0.8259202 0.3220092 0.8294627 0.3195707 0.8635691 0.3836063 0.8294627 0.3195707 0.8325349 0.3165608 0.8325349 0.3165608 0.8350459 0.3130692 0.8635691 0.3836063 0.8635691 0.3836063 0.8350459 0.3130692 0.8369213 0.3091992 0.8635691 0.3836063 0.8369213 0.3091992 0.8635691 0.2836063 0.8635691 0.2836063 0.8369213 0.3091992 0.8381056 0.3050646 0.8635691 0.2836063 0.8381056 0.3050646 0.8385638 0.3007881 0.7920922 0.3130692 0.7946032 0.3165608 0.763569 0.3836063 0.763569 0.3836063 0.7946032 0.3165608 0.7976755 0.3195707 0.763569 0.3836063 0.7976755 0.3195707 0.801218 0.3220092 0.801218 0.3220092 0.8051263 0.3238044 0.763569 0.3836063 0.763569 0.3836063 0.8051263 0.3238044 0.8092842 0.3249031 0.763569 0.3836063 0.8092842 0.3249031 0.8635691 0.3836063 0.8635691 0.3836063 0.8092842 0.3249031 0.8135691 0.325273 0.8635691 0.3836063 0.8135691 0.325273 0.8178539 0.3249031 0.8600067 0.452377 0.8600068 0.4276159 0.8771886 0.452377 0.8771886 0.452377 0.8600068 0.4276159 0.9583401 0.4276159 0.8894696 0.4990928 0.8929613 0.4965818 0.9583401 0.527616 0.9002049 0.4691731 0.8984097 0.4652648 0.9583401 0.4276159 0.8600067 0.5026107 0.8771886 0.5026107 0.8600067 0.527616 0.8600067 0.527616 0.8771886 0.5026107 0.8814651 0.5021525 0.8600067 0.527616 0.8814651 0.5021525 0.9583401 0.527616 0.9583401 0.527616 0.8814651 0.5021525 0.8855996 0.5009682 0.9583401 0.527616 0.8855996 0.5009682 0.8894696 0.4990928 0.8929613 0.4965818 0.8959711 0.4935095 0.9583401 0.527616 0.9583401 0.527616 0.8959711 0.4935095 0.8984097 0.489967 0.9583401 0.527616 0.8984097 0.489967 0.9002049 0.4860587 0.8771886 0.4526212 0.8771886 0.452377 0.8814651 0.4530794 0.8814651 0.4530794 0.8771886 0.452377 0.9583401 0.4276159 0.8814651 0.4530794 0.9583401 0.4276159 0.8855996 0.4542636 0.8855996 0.4542636 0.9583401 0.4276159 0.8894696 0.456139 0.9002049 0.4860587 0.9013035 0.4819008 0.9583401 0.527616 0.9583401 0.527616 0.9013035 0.4819008 0.9016734 0.4776159 0.9583401 0.527616 0.9016734 0.4776159 0.9583401 0.4276159 0.9583401 0.4276159 0.9016734 0.4776159 0.9013035 0.473331 0.9583401 0.4276159 0.9013035 0.473331 0.9002049 0.4691731 0.8984097 0.4652648 0.8959711 0.4617223 0.9583401 0.4276159 0.9583401 0.4276159 0.8959711 0.4617223 0.8929613 0.4586501 0.9583401 0.4276159 0.8929613 0.4586501 0.8894696 0.456139 0.8409004 0.6067106 0.8342337 0.6067106 0.8409004 0.5817053 0.8409004 0.5817053 0.8342337 0.6067106 0.8342337 0.5817053 0.8475672 0.5817053 0.8542339 0.5817053 0.8475672 0.6064665 0.8475672 0.6064665 0.8542339 0.5817053 0.8542339 0.6064665 0.838808 0.1600001 0.8635692 0.1600001 0.838808 0.1771819 0.838808 0.1771819 0.8635692 0.1600001 0.8635692 0.2600001 0.7920922 0.189463 0.7946032 0.1929546 0.7635691 0.2600001 0.8220119 0.2001982 0.8259202 0.198403 0.8635692 0.2600001 0.7885743 0.1600001 0.7885743 0.1771819 0.7635691 0.1600001 0.7635691 0.1600001 0.7885743 0.1771819 0.7890325 0.1814584 0.7635691 0.1600001 0.7890325 0.1814584 0.7635691 0.2600001 0.7635691 0.2600001 0.7890325 0.1814584 0.7902168 0.185593 0.7635691 0.2600001 0.7902168 0.185593 0.7920922 0.189463 0.7946032 0.1929546 0.7976756 0.1959645 0.7635691 0.2600001 0.7635691 0.2600001 0.7976756 0.1959645 0.801218 0.198403 0.7635691 0.2600001 0.801218 0.198403 0.8051263 0.2001982 0.8385639 0.1771819 0.838808 0.1771819 0.8381057 0.1814584 0.8381057 0.1814584 0.838808 0.1771819 0.8635692 0.2600001 0.8381057 0.1814584 0.8635692 0.2600001 0.8369214 0.185593 0.8369214 0.185593 0.8635692 0.2600001 0.835046 0.189463 0.8051263 0.2001982 0.8092842 0.2012969 0.7635691 0.2600001 0.7635691 0.2600001 0.8092842 0.2012969 0.8135691 0.2016668 0.7635691 0.2600001 0.8135691 0.2016668 0.8635692 0.2600001 0.8635692 0.2600001 0.8135691 0.2016668 0.817854 0.2012969 0.8635692 0.2600001 0.817854 0.2012969 0.8220119 0.2001982 0.8259202 0.198403 0.8294627 0.1959645 0.8635692 0.2600001 0.8635692 0.2600001 0.8294627 0.1959645 0.832535 0.1929546 0.8635692 0.2600001 0.832535 0.1929546 0.835046 0.189463 0.8475672 0.6067107 0.8409004 0.6067107 0.8475672 0.5817054 0.8475672 0.5817054 0.8409004 0.6067107 0.8409004 0.5817054 0.8635692 0.3956633 0.8702358 0.3956633 0.8635692 0.4204245 0.8635692 0.4204245 0.8702358 0.3956633 0.8702358 0.4204245 0.8007239 0.6196371 0.800968 0.6196371 0.8007239 0.6263038 0.8007239 0.6263038 0.800968 0.6196371 0.800968 0.6263038 0.9262123 0.3956634 0.9262123 0.4128448 0.9195455 0.3956634 0.9195455 0.3956634 0.9262123 0.4128448 0.9195455 0.4128448 0.9262122 0.4128447 0.9262122 0.3956633 0.9328789 0.4128447 0.9328789 0.4128447 0.9262122 0.3956633 0.9328789 0.3956633 0.8012121 0.6263038 0.800968 0.6263038 0.8012121 0.6196371 0.8012121 0.6196371 0.800968 0.6263038 0.800968 0.6196371 0.9328804 0.4113971 0.939547 0.4113995 0.9328793 0.4156704 0.9328793 0.4156704 0.939547 0.4113995 0.9395459 0.4156728 0.9328793 0.4156704 0.9395459 0.4156728 0.9328789 0.4197968 0.9328789 0.4197968 0.9395459 0.4156728 0.9395455 0.4197993 0.9328789 0.4197968 0.9395455 0.4197993 0.9328793 0.423654 0.9328793 0.423654 0.9395455 0.4197993 0.9395459 0.4236564 0.9328793 0.423654 0.9395459 0.4236564 0.9328804 0.4271284 0.9328804 0.4271284 0.9395459 0.4236564 0.939547 0.4271309 0.7798489 0.5817054 0.7865157 0.5817054 0.7798489 0.5847777 0.7798489 0.5847777 0.7865157 0.5817054 0.7865157 0.5847777 0.7798489 0.5847777 0.7865157 0.5847777 0.7798489 0.5883202 0.7798489 0.5883202 0.7865157 0.5847777 0.7865157 0.5883202 0.7798489 0.5883202 0.7865157 0.5883202 0.7798489 0.5922285 0.7798489 0.5922285 0.7865157 0.5883202 0.7865157 0.5922285 0.7798489 0.5922285 0.7865157 0.5922285 0.7798489 0.5963864 0.7798489 0.5963864 0.7865157 0.5922285 0.7865157 0.5963864 0.7798489 0.5963864 0.7865157 0.5963864 0.7798489 0.6006712 0.7798489 0.6006712 0.7865157 0.5963864 0.7865157 0.6006712 0.7798489 0.6006712 0.7865157 0.6006712 0.7798489 0.6049562 0.7798489 0.6049562 0.7865157 0.6006712 0.7865157 0.6049562 0.7798489 0.6049562 0.7865157 0.6049562 0.7798489 0.6091141 0.7798489 0.6091141 0.7865157 0.6049562 0.7865157 0.6091141 0.7798489 0.6091141 0.7865157 0.6091141 0.7798489 0.6130223 0.7798489 0.6130223 0.7865157 0.6091141 0.7865156 0.6130223 0.7798489 0.6130223 0.7865156 0.6130223 0.7798489 0.6165648 0.7798489 0.6165648 0.7865156 0.6130223 0.7865156 0.6165648 0.7798489 0.6165648 0.7865156 0.6165648 0.7798489 0.6196371 0.7798489 0.6196371 0.7865156 0.6165648 0.7865156 0.6196371 0.8065222 0.6146193 0.7998555 0.6146181 0.8065205 0.6111449 0.8065205 0.6111449 0.7998555 0.6146181 0.7998538 0.6111437 0.8065205 0.6111449 0.7998538 0.6111437 0.8065193 0.6072877 0.8065193 0.6072877 0.7998538 0.6111437 0.7998527 0.6072865 0.8065193 0.6072877 0.7998527 0.6072865 0.806519 0.6031613 0.806519 0.6031613 0.7998527 0.6072865 0.7998523 0.6031602 0.806519 0.6031613 0.7998523 0.6031602 0.8065193 0.598888 0.8065193 0.598888 0.7998523 0.6031602 0.7998526 0.5988868 0.9328803 0.3956633 0.939547 0.3956658 0.9328792 0.3999367 0.9328792 0.3999367 0.939547 0.3956658 0.9395458 0.3999391 0.9328792 0.3999367 0.9395458 0.3999391 0.9328788 0.4040631 0.9328788 0.4040631 0.9395458 0.3999391 0.9395455 0.4040655 0.9328788 0.4040631 0.9395455 0.4040655 0.9328792 0.4079203 0.9328792 0.4079203 0.9395455 0.4040655 0.9395458 0.4079227 0.9328792 0.4079203 0.9395458 0.4079227 0.9328803 0.4113947 0.9328803 0.4113947 0.9395458 0.4079227 0.939547 0.4113972 0.7865157 0.5817053 0.7931824 0.5817053 0.7865157 0.5847777 0.7865157 0.5847777 0.7931824 0.5817053 0.7931824 0.5847777 0.7865157 0.5847777 0.7931824 0.5847777 0.7865157 0.5883201 0.7865157 0.5883201 0.7931824 0.5847777 0.7931824 0.5883201 0.7865157 0.5883201 0.7931824 0.5883201 0.7865157 0.5922284 0.7865157 0.5922284 0.7931824 0.5883201 0.7931824 0.5922284 0.7865157 0.5922284 0.7931824 0.5922284 0.7865157 0.5963863 0.7865157 0.5963863 0.7931824 0.5922284 0.7931824 0.5963863 0.7865157 0.5963863 0.7931824 0.5963863 0.7865157 0.6006712 0.7865157 0.6006712 0.7931824 0.5963863 0.7931824 0.6006712 0.7865157 0.6006712 0.7931824 0.6006712 0.7865157 0.6049561 0.7865157 0.6049561 0.7931824 0.6006712 0.7931824 0.6049561 0.7865157 0.6049561 0.7931824 0.6049561 0.7865157 0.609114 0.7865157 0.609114 0.7931824 0.6049561 0.7931824 0.609114 0.7865157 0.609114 0.7931824 0.609114 0.7865157 0.6130223 0.7865157 0.6130223 0.7931824 0.609114 0.7931824 0.6130223 0.7865157 0.6130223 0.7931824 0.6130223 0.7865157 0.6165648 0.7865157 0.6165648 0.7931824 0.6130223 0.7931824 0.6165648 0.7865157 0.6165648 0.7931824 0.6165648 0.7865157 0.6196371 0.7865157 0.6196371 0.7931824 0.6165648 0.7931824 0.6196371 0.7998523 0.6146194 0.7931856 0.6146182 0.7998505 0.611145 0.7998505 0.611145 0.7931856 0.6146182 0.7931838 0.6111438 0.7998505 0.611145 0.7931838 0.6111438 0.7998494 0.6072878 0.7998494 0.6072878 0.7931838 0.6111438 0.7931827 0.6072866 0.7998494 0.6072878 0.7931827 0.6072866 0.799849 0.6031614 0.799849 0.6031614 0.7931827 0.6072866 0.7931823 0.6031602 0.799849 0.6031614 0.7931823 0.6031602 0.7998493 0.598888 0.7998493 0.598888 0.7931823 0.6031602 0.7931826 0.5988869 0.7998526 0.5988868 0.7998555 0.5817053 0.8065193 0.598888 0.8065193 0.598888 0.7998555 0.5817053 0.8065222 0.5817066 0.7998523 0.5817067 0.7998493 0.598888 0.7931856 0.5817055 0.7931856 0.5817055 0.7998493 0.598888 0.7931826 0.5988869 0.8342337 0.5970272 0.8273299 0.5970262 0.8342337 0.5935543 0.8342337 0.5935543 0.8273299 0.5970262 0.8273299 0.5935534 0.8342337 0.5935543 0.8273299 0.5935534 0.8342328 0.5901867 0.8342328 0.5901867 0.8273299 0.5935534 0.8273289 0.5901858 0.8342328 0.5901867 0.8273289 0.5901858 0.834231 0.5870271 0.834231 0.5870271 0.8273289 0.5901858 0.8273271 0.5870262 0.834231 0.5870271 0.8273271 0.5870262 0.8342283 0.5841713 0.8342283 0.5841713 0.8273271 0.5870262 0.8273245 0.5841704 0.8342283 0.5841713 0.8273245 0.5841704 0.8342249 0.5817063 0.8342249 0.5817063 0.8273245 0.5841704 0.8273211 0.5817054 0.8203691 0.6098883 0.8134654 0.6098842 0.8203844 0.6070345 0.8203844 0.6070345 0.8134654 0.6098842 0.8134806 0.6070305 0.8203844 0.6070345 0.8134806 0.6070305 0.8203963 0.6038763 0.8203963 0.6038763 0.8134806 0.6070305 0.8134925 0.6038722 0.8203963 0.6038763 0.8134925 0.6038722 0.8204044 0.6005097 0.8204044 0.6005097 0.8134925 0.6038722 0.8135007 0.6005056 0.8204044 0.6005097 0.8135007 0.6005056 0.8204085 0.597037 0.8204085 0.597037 0.8135007 0.6005056 0.8135048 0.597033 0.8204085 0.597037 0.8135048 0.597033 0.8204085 0.5935639 0.8204085 0.5935639 0.8135048 0.597033 0.8135048 0.5935598 0.8204085 0.5935639 0.8135048 0.5935598 0.8204044 0.5901955 0.8204044 0.5901955 0.8135048 0.5935598 0.8135007 0.5901914 0.8204044 0.5901955 0.8135007 0.5901914 0.8203963 0.5870345 0.8203963 0.5870345 0.8135007 0.5901914 0.8134925 0.5870305 0.8203963 0.5870345 0.8134925 0.5870305 0.8203844 0.5841768 0.8203844 0.5841768 0.8134925 0.5870305 0.8134806 0.5841727 0.8203844 0.5841768 0.8134806 0.5841727 0.8203691 0.5817095 0.8203691 0.5817095 0.8134806 0.5841727 0.8134654 0.5817054 0.8273124 0.609883 0.8204085 0.6098821 0.8273158 0.6070272 0.8273158 0.6070272 0.8204085 0.6098821 0.820412 0.6070263 0.8273158 0.6070272 0.820412 0.6070263 0.8273184 0.6038676 0.8273184 0.6038676 0.820412 0.6070263 0.8204146 0.6038667 0.8273184 0.6038676 0.8204146 0.6038667 0.8273203 0.6005001 0.8273203 0.6005001 0.8204146 0.6038667 0.8204164 0.6004992 0.8273203 0.6005001 0.8204164 0.6004992 0.8273212 0.5970272 0.8273212 0.5970272 0.8204164 0.6004992 0.8204173 0.5970263 0.8273212 0.5970272 0.8204173 0.5970263 0.8273212 0.5935543 0.8273212 0.5935543 0.8204173 0.5970263 0.8204173 0.5935534 0.8273212 0.5935543 0.8204173 0.5935534 0.8273203 0.5901868 0.8273203 0.5901868 0.8204173 0.5935534 0.8204164 0.5901858 0.8273203 0.5901868 0.8204164 0.5901858 0.8273184 0.5870271 0.8273184 0.5870271 0.8204164 0.5901858 0.8204146 0.5870262 0.8273184 0.5870271 0.8204146 0.5870262 0.8273158 0.5841714 0.8273158 0.5841714 0.8204146 0.5870262 0.8204119 0.5841704 0.8273158 0.5841714 0.8204119 0.5841704 0.8273124 0.5817064 0.8273124 0.5817064 0.8204119 0.5841704 0.8204085 0.5817054 0.8134259 0.6098885 0.8065222 0.6098844 0.8134412 0.6070345 0.8134412 0.6070345 0.8065222 0.6098844 0.8065375 0.6070305 0.8134412 0.6070345 0.8065375 0.6070305 0.8134531 0.6038764 0.8134531 0.6038764 0.8065375 0.6070305 0.8065494 0.6038722 0.8134531 0.6038764 0.8065494 0.6038722 0.8134612 0.6005097 0.8134612 0.6005097 0.8065494 0.6038722 0.8065575 0.6005056 0.8134612 0.6005097 0.8065575 0.6005056 0.8134654 0.597037 0.8134654 0.597037 0.8065575 0.6005056 0.8065617 0.597033 0.8134654 0.597037 0.8065617 0.597033 0.8134654 0.5935639 0.8134654 0.5935639 0.8065617 0.597033 0.8065617 0.5935598 0.8134654 0.5935639 0.8065617 0.5935598 0.8134613 0.5901955 0.8134613 0.5901955 0.8065617 0.5935598 0.8065575 0.5901914 0.8134613 0.5901955 0.8065575 0.5901914 0.8134531 0.5870345 0.8134531 0.5870345 0.8065575 0.5901914 0.8065494 0.5870305 0.8134531 0.5870345 0.8065494 0.5870305 0.8134412 0.584177 0.8134412 0.584177 0.8065494 0.5870305 0.8065375 0.584173 0.8134412 0.584177 0.8065375 0.584173 0.8134259 0.5817095 0.8134259 0.5817095 0.8065375 0.584173 0.8065222 0.5817054 0.8342249 0.609883 0.8273211 0.6098821 0.8342283 0.6070272 0.8342283 0.6070272 0.8273211 0.6098821 0.8273245 0.6070263 0.8342283 0.6070272 0.8273245 0.6070263 0.834231 0.6038676 0.834231 0.6038676 0.8273245 0.6070263 0.8273271 0.6038666 0.834231 0.6038676 0.8273271 0.6038666 0.8342328 0.6005001 0.8342328 0.6005001 0.8273271 0.6038666 0.8273289 0.6004992 0.8342328 0.6005001 0.8273289 0.6004992 0.8342337 0.5970272 0.8342337 0.5970272 0.8273289 0.6004992 0.8273299 0.5970262</float_array>
          <technique_common>
            <accessor source="#Hand_part-mesh-map-0-array" count="7776" stride="2">
              <param name="S" type="float"/>
              <param name="T" type="float"/>
            </accessor>
          </technique_common>
        </source>
        <vertices id="Hand_part-mesh-vertices">
          <input semantic="POSITION" source="#Hand_part-mesh-positions"/>
        </vertices>
        <triangles material="Material_002-material" count="2592">
          <input semantic="VERTEX" source="#Hand_part-mesh-vertices" offset="0"/>
          <input semantic="NORMAL" source="#Hand_part-mesh-normals" offset="1"/>
          <input semantic="TEXCOORD" source="#Hand_part-mesh-map-0" offset="2" set="0"/>
          <p>0 0 0 1 0 1 2 0 2 2 1 3 1 1 4 3 1 5 4 2 6 0 2 7 5 2 8 5 3 9 0 3 10 2 3 11 6 4 12 4 4 13 7 4 14 7 5 15 4 5 16 5 5 17 1 6 18 6 6 19 3 6 20 3 7 21 6 7 22 7 7 23 8 8 24 4 8 25 9 8 26 9 9 27 4 9 28 6 9 29 9 10 30 6 10 31 10 10 32 10 11 33 6 11 34 1 11 35 10 12 36 1 12 37 11 12 38 11 13 39 1 13 40 0 13 41 11 14 42 0 14 43 8 14 44 8 15 45 0 15 46 4 15 47 12 16 48 5 16 49 13 16 50 13 17 51 5 17 52 2 17 53 13 18 54 2 18 55 14 18 56 14 19 57 2 19 58 3 19 59 14 20 60 3 20 61 15 20 62 15 21 63 3 21 64 7 21 65 15 22 66 7 22 67 12 22 68 12 23 69 7 23 70 5 23 71 13 24 72 14 24 73 11 24 74 11 25 75 14 25 76 10 25 77 14 26 78 15 26 79 10 26 80 10 27 81 15 27 82 9 27 83 15 28 84 12 28 85 9 28 86 9 29 87 12 29 88 8 29 89 12 30 90 13 30 91 8 30 92 8 31 93 13 31 94 11 31 95 16 32 96 17 32 97 18 32 98 19 33 99 20 33 100 18 33 101 21 34 102 22 34 103 23 34 104 23 35 105 22 35 106 24 35 107 25 36 108 26 36 109 27 36 110 28 37 111 29 37 112 30 37 113 30 38 114 29 38 115 31 38 116 30 39 117 31 39 118 32 39 119 33 40 120 34 40 121 35 40 122 36 41 123 37 41 124 38 41 125 39 42 126 40 42 127 41 42 128 41 43 129 40 43 130 42 43 131 41 44 132 42 44 133 43 44 134 44 45 135 45 45 136 46 45 137 47 46 138 48 46 139 49 46 140 49 47 141 48 47 142 50 47 143 49 48 144 50 48 145 18 48 146 18 49 147 50 49 148 51 49 149 18 50 150 51 50 151 19 50 152 25 51 153 27 51 154 52 51 155 26 52 156 25 52 157 53 52 158 53 53 159 25 53 160 54 53 161 53 54 162 54 54 163 55 54 164 55 55 165 54 55 166 56 55 167 55 56 168 56 56 169 57 56 170 24 57 171 58 57 172 23 57 173 23 58 174 58 58 175 59 58 176 23 59 177 59 59 178 60 59 179 61 60 180 62 60 181 63 60 182 63 61 183 62 61 184 64 61 185 63 62 186 64 62 187 65 62 188 63 63 189 66 63 190 67 63 191 68 64 192 69 64 193 70 64 194 71 65 195 72 65 196 49 65 197 49 66 198 72 66 199 73 66 200 49 67 201 73 67 202 47 67 203 17 68 204 74 68 205 18 68 206 18 69 207 74 69 208 75 69 209 18 70 210 75 70 211 76 70 212 76 71 213 75 71 214 77 71 215 76 72 216 77 72 217 78 72 218 78 73 219 77 73 220 52 73 221 78 74 222 52 74 223 79 74 224 79 75 225 52 75 226 27 75 227 57 76 228 56 76 229 80 76 230 80 77 231 56 77 232 81 77 233 80 78 234 81 78 235 82 78 236 82 79 237 83 79 238 80 79 239 80 80 240 83 80 241 84 80 242 80 81 243 84 81 244 30 81 245 30 82 246 84 82 247 85 82 248 30 83 249 85 83 250 28 83 251 86 84 252 23 84 253 87 84 254 42 85 255 88 85 256 43 85 257 43 86 258 88 86 259 89 86 260 43 87 261 89 87 262 90 87 263 90 88 264 89 88 265 91 88 266 90 89 267 91 89 268 92 89 269 92 90 270 91 90 271 30 90 272 92 91 273 30 91 274 93 91 275 94 92 276 95 92 277 96 92 278 46 93 279 45 93 280 97 93 281 97 94 282 45 94 283 98 94 284 97 95 285 98 95 286 99 95 287 70 96 288 100 96 289 68 96 290 68 97 291 100 97 292 101 97 293 68 98 294 101 98 295 102 98 296 102 99 297 101 99 298 103 99 299 102 100 300 103 100 301 104 100 302 105 101 303 106 101 304 107 101 305 107 102 306 106 102 307 108 102 308 107 103 309 108 103 310 109 103 311 49 104 312 110 104 313 71 104 314 71 105 315 110 105 316 111 105 317 71 106 318 111 106 319 105 106 320 105 107 321 111 107 322 112 107 323 105 108 324 112 108 325 106 108 326 113 109 327 114 109 328 115 109 329 115 110 330 114 110 331 116 110 332 115 111 333 116 111 334 117 111 335 117 112 336 116 112 337 118 112 338 117 113 339 118 113 340 33 113 341 33 114 342 118 114 343 119 114 344 33 115 345 119 115 346 34 115 347 113 116 348 115 116 349 20 116 350 20 117 351 115 117 352 120 117 353 20 118 354 120 118 355 121 118 356 122 119 357 123 119 358 20 119 359 20 120 360 123 120 361 124 120 362 20 121 363 124 121 364 125 121 365 35 122 366 38 122 367 33 122 368 33 123 369 38 123 370 30 123 371 33 124 372 30 124 373 126 124 374 126 125 375 30 125 376 32 125 377 127 126 378 128 126 379 129 126 380 37 127 381 130 127 382 38 127 383 38 128 384 130 128 385 131 128 386 38 129 387 131 129 388 132 129 389 133 130 390 134 130 391 30 130 392 30 131 393 134 131 394 135 131 395 30 132 396 135 132 397 93 132 398 63 133 399 136 133 400 61 133 401 61 134 402 136 134 403 137 134 404 61 135 405 137 135 406 39 135 407 39 136 408 137 136 409 138 136 410 39 137 411 138 137 412 40 137 413 67 138 414 139 138 415 63 138 416 63 139 417 139 139 418 140 139 419 63 140 420 140 140 421 96 140 422 96 141 423 140 141 424 141 141 425 96 142 426 141 142 427 94 142 428 95 143 429 142 143 430 96 143 431 96 144 432 142 144 433 143 144 434 96 145 435 143 145 436 144 145 437 144 146 438 143 146 439 145 146 440 144 147 441 145 147 442 146 147 443 146 148 444 145 148 445 147 148 446 104 149 447 148 149 448 102 149 449 102 150 450 148 150 451 149 150 452 102 151 453 149 151 454 150 151 455 150 152 456 149 152 457 151 152 458 150 153 459 151 153 460 152 153 461 152 154 462 151 154 463 109 154 464 152 155 465 109 155 466 153 155 467 153 156 468 109 156 469 108 156 470 154 157 471 155 157 472 86 157 473 155 158 474 156 158 475 86 158 476 86 159 477 156 159 478 157 159 479 86 160 480 157 160 481 158 160 482 158 161 483 159 161 484 86 161 485 86 162 486 159 162 487 160 162 488 86 163 489 160 163 490 23 163 491 23 164 492 160 164 493 161 164 494 23 165 495 161 165 496 21 165 497 132 166 498 162 166 499 38 166 500 38 167 501 162 167 502 163 167 503 38 168 504 163 168 505 30 168 506 30 169 507 163 169 508 164 169 509 30 170 510 164 170 511 133 170 512 46 171 513 165 171 514 44 171 515 44 172 516 165 172 517 166 172 518 44 173 519 166 173 520 147 173 521 147 174 522 166 174 523 167 174 524 147 175 525 167 175 526 146 175 527 99 176 528 98 176 529 68 176 530 68 177 531 98 177 532 168 177 533 68 178 534 168 178 535 128 178 536 125 179 537 169 179 538 20 179 539 20 180 540 169 180 541 170 180 542 20 181 543 170 181 544 18 181 545 18 182 546 170 182 547 171 182 548 18 183 549 171 183 550 16 183 551 38 184 552 172 184 553 36 184 554 36 185 555 172 185 556 173 185 557 36 186 558 173 186 559 174 186 560 174 187 561 173 187 562 86 187 563 174 188 564 86 188 565 175 188 566 175 189 567 86 189 568 87 189 569 127 190 570 129 190 571 86 190 572 86 191 573 129 191 574 176 191 575 86 192 576 176 192 577 154 192 578 127 193 579 177 193 580 128 193 581 128 194 582 177 194 583 178 194 584 128 195 585 178 195 586 68 195 587 68 196 588 178 196 589 179 196 590 68 197 591 179 197 592 69 197 593 121 198 594 180 198 595 20 198 596 20 199 597 180 199 598 181 199 599 20 200 600 181 200 601 182 200 602 65 201 603 183 201 604 63 201 605 63 202 606 183 202 607 184 202 608 63 203 609 184 203 610 66 203 611 66 204 612 184 204 613 185 204 614 66 205 615 185 205 616 186 205 617 186 206 618 187 206 619 66 206 620 66 207 621 187 207 622 188 207 623 66 208 624 188 208 625 189 208 626 189 209 627 188 209 628 190 209 629 189 210 630 190 210 631 191 210 632 191 211 633 190 211 634 192 211 635 191 212 636 192 212 637 193 212 638 193 213 639 192 213 640 194 213 641 193 214 642 194 214 643 195 214 644 195 215 645 194 215 646 196 215 647 195 216 648 196 216 649 60 216 650 60 217 651 196 217 652 197 217 653 60 218 654 197 218 655 23 218 656 182 219 657 198 219 658 20 219 659 20 220 660 198 220 661 199 220 662 20 221 663 199 221 664 122 221 665 63 222 666 200 222 667 201 222 668 63 223 669 201 223 670 136 223 671 136 224 672 201 224 673 202 224 674 136 225 675 202 225 676 137 225 677 137 226 678 202 226 679 203 226 680 137 227 681 203 227 682 138 227 683 138 228 684 203 228 685 204 228 686 138 229 687 204 229 688 40 229 689 40 230 690 204 230 691 205 230 692 40 231 693 205 231 694 42 231 695 42 232 696 205 232 697 206 232 698 42 233 699 206 233 700 88 233 701 88 234 702 206 234 703 207 234 704 88 235 705 207 235 706 89 235 707 89 236 708 207 236 709 208 236 710 89 237 711 208 237 712 91 237 713 91 238 714 208 238 715 209 238 716 91 239 717 209 239 718 30 239 719 210 240 720 200 240 721 96 240 722 96 241 723 200 241 724 63 241 725 68 242 726 211 242 727 212 242 728 68 243 729 212 243 730 99 243 731 99 244 732 212 244 733 213 244 734 99 245 735 213 245 736 97 245 737 97 246 738 213 246 739 214 246 740 97 247 741 214 247 742 46 247 743 46 248 744 214 248 745 215 248 746 46 249 747 215 249 748 165 249 749 165 250 750 215 250 751 216 250 752 165 251 753 216 251 754 166 251 755 166 252 756 216 252 757 217 252 758 166 253 759 217 253 760 167 253 761 167 254 762 217 254 763 218 254 764 167 255 765 218 255 766 146 255 767 146 256 768 218 256 769 219 256 770 146 257 771 219 257 772 144 257 773 144 258 774 219 258 775 210 258 776 144 259 777 210 259 778 96 259 779 49 260 780 220 260 781 221 260 782 49 261 783 221 261 784 110 261 785 110 262 786 221 262 787 222 262 788 110 263 789 222 263 790 111 263 791 111 264 792 222 264 793 223 264 794 111 265 795 223 265 796 112 265 797 112 266 798 223 266 799 224 266 800 112 267 801 224 267 802 106 267 803 106 268 804 224 268 805 225 268 806 106 269 807 225 269 808 108 269 809 108 270 810 225 270 811 226 270 812 108 271 813 226 271 814 153 271 815 153 272 816 226 272 817 227 272 818 153 273 819 227 273 820 152 273 821 152 274 822 227 274 823 228 274 824 152 275 825 228 275 826 150 275 827 150 276 828 228 276 829 229 276 830 150 277 831 229 277 832 102 277 833 230 278 834 220 278 835 18 278 836 18 279 837 220 279 838 49 279 839 80 280 840 231 280 841 232 280 842 80 281 843 232 281 844 57 281 845 57 282 846 232 282 847 233 282 848 57 283 849 233 283 850 55 283 851 55 284 852 233 284 853 234 284 854 55 285 855 234 285 856 53 285 857 53 286 858 234 286 859 235 286 860 53 287 861 235 287 862 26 287 863 26 288 864 235 288 865 236 288 866 26 289 867 236 289 868 27 289 869 27 290 870 236 290 871 237 290 872 27 291 873 237 291 874 79 291 875 79 292 876 237 292 877 238 292 878 79 293 879 238 293 880 78 293 881 78 294 882 238 294 883 239 294 884 78 295 885 239 295 886 76 295 887 76 296 888 239 296 889 230 296 890 76 297 891 230 297 892 18 297 893 128 298 894 240 298 895 129 298 896 129 299 897 240 299 898 241 299 899 129 300 900 241 300 901 176 300 902 176 301 903 241 301 904 242 301 905 176 302 906 242 302 907 154 302 908 154 303 909 242 303 910 243 303 911 154 304 912 243 304 913 155 304 914 155 305 915 243 305 916 244 305 917 155 306 918 244 306 919 156 306 920 156 307 921 244 307 922 245 307 923 156 308 924 245 308 925 157 308 926 157 309 927 245 309 928 246 309 929 157 310 930 246 310 931 158 310 932 158 311 933 246 311 934 247 311 935 158 312 936 247 312 937 159 312 938 159 313 939 247 313 940 248 313 941 159 314 942 248 314 943 160 314 944 160 315 945 248 315 946 249 315 947 160 316 948 249 316 949 161 316 950 161 317 951 249 317 952 250 317 953 161 318 954 250 318 955 21 318 956 21 319 957 250 319 958 251 319 959 21 320 960 251 320 961 22 320 962 22 321 963 251 321 964 252 321 965 22 322 966 252 322 967 24 322 968 24 323 969 252 323 970 253 323 971 24 324 972 253 324 973 58 324 974 58 325 975 253 325 976 254 325 977 58 326 978 254 326 979 59 326 980 59 327 981 254 327 982 255 327 983 59 328 984 255 328 985 60 328 986 60 329 987 255 329 988 256 329 989 60 330 990 256 330 991 195 330 992 195 331 993 256 331 994 257 331 995 195 332 996 257 332 997 193 332 998 193 333 999 257 333 1000 258 333 1001 193 334 1002 258 334 1003 191 334 1004 191 335 1005 258 335 1006 259 335 1007 191 336 1008 259 336 1009 189 336 1010 189 337 1011 259 337 1012 260 337 1013 189 338 1014 260 338 1015 66 338 1016 66 339 1017 260 339 1018 261 339 1019 66 340 1020 261 340 1021 67 340 1022 67 341 1023 261 341 1024 262 341 1025 67 342 1026 262 342 1027 139 342 1028 139 343 1029 262 343 1030 263 343 1031 139 344 1032 263 344 1033 140 344 1034 140 345 1035 263 345 1036 264 345 1037 140 346 1038 264 346 1039 141 346 1040 141 347 1041 264 347 1042 265 347 1043 141 348 1044 265 348 1045 94 348 1046 94 349 1047 265 349 1048 266 349 1049 94 350 1050 266 350 1051 95 350 1052 95 351 1053 266 351 1054 267 351 1055 95 352 1056 267 352 1057 142 352 1058 142 353 1059 267 353 1060 268 353 1061 142 354 1062 268 354 1063 143 354 1064 143 355 1065 268 355 1066 269 355 1067 143 356 1068 269 356 1069 145 356 1070 145 357 1071 269 357 1072 270 357 1073 145 358 1074 270 358 1075 147 358 1076 147 359 1077 270 359 1078 271 359 1079 147 360 1080 271 360 1081 44 360 1082 44 361 1083 271 361 1084 272 361 1085 44 362 1086 272 362 1087 45 362 1088 45 363 1089 272 363 1090 273 363 1091 45 364 1092 273 364 1093 98 364 1094 98 365 1095 273 365 1096 274 365 1097 98 366 1098 274 366 1099 168 366 1100 168 367 1101 274 367 1102 275 367 1103 168 368 1104 275 368 1105 128 368 1106 128 369 1107 275 369 1108 240 369 1109 148 370 1110 276 370 1111 149 370 1112 149 371 1113 276 371 1114 277 371 1115 149 372 1116 277 372 1117 151 372 1118 151 373 1119 277 373 1120 278 373 1121 151 374 1122 278 374 1123 109 374 1124 109 375 1125 278 375 1126 279 375 1127 109 376 1128 279 376 1129 107 376 1130 107 377 1131 279 377 1132 280 377 1133 107 378 1134 280 378 1135 105 378 1136 105 379 1137 280 379 1138 281 379 1139 105 380 1140 281 380 1141 71 380 1142 71 381 1143 281 381 1144 282 381 1145 71 382 1146 282 382 1147 72 382 1148 72 383 1149 282 383 1150 283 383 1151 72 384 1152 283 384 1153 73 384 1154 73 385 1155 283 385 1156 284 385 1157 73 386 1158 284 386 1159 47 386 1160 47 387 1161 284 387 1162 285 387 1163 47 388 1164 285 388 1165 48 388 1166 48 389 1167 285 389 1168 286 389 1169 48 390 1170 286 390 1171 50 390 1172 50 391 1173 286 391 1174 287 391 1175 50 392 1176 287 392 1177 51 392 1178 51 393 1179 287 393 1180 288 393 1181 51 394 1182 288 394 1183 19 394 1184 19 395 1185 288 395 1186 289 395 1187 19 396 1188 289 396 1189 20 396 1190 20 397 1191 289 397 1192 290 397 1193 20 398 1194 290 398 1195 113 398 1196 113 399 1197 290 399 1198 291 399 1199 113 400 1200 291 400 1201 114 400 1202 114 401 1203 291 401 1204 292 401 1205 114 402 1206 292 402 1207 116 402 1208 116 403 1209 292 403 1210 293 403 1211 116 404 1212 293 404 1213 118 404 1214 118 405 1215 293 405 1216 294 405 1217 118 406 1218 294 406 1219 119 406 1220 119 407 1221 294 407 1222 295 407 1223 119 408 1224 295 408 1225 34 408 1226 34 409 1227 295 409 1228 296 409 1229 34 410 1230 296 410 1231 35 410 1232 35 411 1233 296 411 1234 297 411 1235 35 412 1236 297 412 1237 38 412 1238 38 413 1239 297 413 1240 298 413 1241 38 414 1242 298 414 1243 172 414 1244 172 415 1245 298 415 1246 299 415 1247 172 416 1248 299 416 1249 173 416 1250 173 417 1251 299 417 1252 300 417 1253 173 418 1254 300 418 1255 86 418 1256 86 419 1257 300 419 1258 301 419 1259 86 420 1260 301 420 1261 127 420 1262 127 421 1263 301 421 1264 302 421 1265 127 422 1266 302 422 1267 177 422 1268 177 423 1269 302 423 1270 303 423 1271 177 424 1272 303 424 1273 178 424 1274 178 425 1275 303 425 1276 304 425 1277 178 426 1278 304 426 1279 179 426 1280 179 427 1281 304 427 1282 305 427 1283 179 428 1284 305 428 1285 69 428 1286 69 429 1287 305 429 1288 306 429 1289 69 430 1290 306 430 1291 70 430 1292 70 431 1293 306 431 1294 307 431 1295 70 432 1296 307 432 1297 100 432 1298 100 433 1299 307 433 1300 308 433 1301 100 434 1302 308 434 1303 101 434 1304 101 435 1305 308 435 1306 309 435 1307 101 436 1308 309 436 1309 103 436 1310 103 437 1311 309 437 1312 310 437 1313 103 438 1314 310 438 1315 104 438 1316 104 439 1317 310 439 1318 311 439 1319 104 440 1320 311 440 1321 148 440 1322 148 441 1323 311 441 1324 276 441 1325 194 442 1326 312 442 1327 196 442 1328 196 443 1329 312 443 1330 313 443 1331 196 444 1332 313 444 1333 197 444 1334 197 445 1335 313 445 1336 314 445 1337 197 446 1338 314 446 1339 23 446 1340 23 447 1341 314 447 1342 315 447 1343 23 448 1344 315 448 1345 87 448 1346 87 449 1347 315 449 1348 316 449 1349 87 450 1350 316 450 1351 175 450 1352 175 451 1353 316 451 1354 317 451 1355 175 452 1356 317 452 1357 174 452 1358 174 453 1359 317 453 1360 318 453 1361 174 454 1362 318 454 1363 36 454 1364 36 455 1365 318 455 1366 319 455 1367 36 456 1368 319 456 1369 37 456 1370 37 457 1371 319 457 1372 320 457 1373 37 458 1374 320 458 1375 130 458 1376 130 459 1377 320 459 1378 321 459 1379 130 460 1380 321 460 1381 131 460 1382 131 461 1383 321 461 1384 322 461 1385 131 462 1386 322 462 1387 132 462 1388 132 463 1389 322 463 1390 323 463 1391 132 464 1392 323 464 1393 162 464 1394 162 465 1395 323 465 1396 324 465 1397 162 466 1398 324 466 1399 163 466 1400 163 467 1401 324 467 1402 325 467 1403 163 468 1404 325 468 1405 164 468 1406 164 469 1407 325 469 1408 326 469 1409 164 470 1410 326 470 1411 133 470 1412 133 471 1413 326 471 1414 327 471 1415 133 472 1416 327 472 1417 134 472 1418 134 473 1419 327 473 1420 328 473 1421 134 474 1422 328 474 1423 135 474 1424 135 475 1425 328 475 1426 329 475 1427 135 476 1428 329 476 1429 93 476 1430 93 477 1431 329 477 1432 330 477 1433 93 478 1434 330 478 1435 92 478 1436 92 479 1437 330 479 1438 331 479 1439 92 480 1440 331 480 1441 90 480 1442 90 481 1443 331 481 1444 332 481 1445 90 482 1446 332 482 1447 43 482 1448 43 483 1449 332 483 1450 333 483 1451 43 484 1452 333 484 1453 41 484 1454 41 485 1455 333 485 1456 334 485 1457 41 486 1458 334 486 1459 39 486 1460 39 487 1461 334 487 1462 335 487 1463 39 488 1464 335 488 1465 61 488 1466 61 489 1467 335 489 1468 336 489 1469 61 490 1470 336 490 1471 62 490 1472 62 491 1473 336 491 1474 337 491 1475 62 492 1476 337 492 1477 64 492 1478 64 493 1479 337 493 1480 338 493 1481 64 494 1482 338 494 1483 65 494 1484 65 495 1485 338 495 1486 339 495 1487 65 496 1488 339 496 1489 183 496 1490 183 497 1491 339 497 1492 340 497 1493 183 498 1494 340 498 1495 184 498 1496 184 499 1497 340 499 1498 341 499 1499 184 500 1500 341 500 1501 185 500 1502 185 501 1503 341 501 1504 342 501 1505 185 502 1506 342 502 1507 186 502 1508 186 503 1509 342 503 1510 343 503 1511 186 504 1512 343 504 1513 187 504 1514 187 505 1515 343 505 1516 344 505 1517 187 506 1518 344 506 1519 188 506 1520 188 507 1521 344 507 1522 345 507 1523 188 508 1524 345 508 1525 190 508 1526 190 509 1527 345 509 1528 346 509 1529 190 510 1530 346 510 1531 192 510 1532 192 511 1533 346 511 1534 347 511 1535 192 512 1536 347 512 1537 194 512 1538 194 513 1539 347 513 1540 312 513 1541 199 514 1542 348 514 1543 122 514 1544 122 515 1545 348 515 1546 349 515 1547 122 516 1548 349 516 1549 123 516 1550 123 517 1551 349 517 1552 350 517 1553 123 518 1554 350 518 1555 124 518 1556 124 519 1557 350 519 1558 351 519 1559 124 520 1560 351 520 1561 125 520 1562 125 521 1563 351 521 1564 352 521 1565 125 522 1566 352 522 1567 169 522 1568 169 523 1569 352 523 1570 353 523 1571 169 524 1572 353 524 1573 170 524 1574 170 525 1575 353 525 1576 354 525 1577 170 526 1578 354 526 1579 171 526 1580 171 527 1581 354 527 1582 355 527 1583 171 528 1584 355 528 1585 16 528 1586 16 529 1587 355 529 1588 356 529 1589 16 530 1590 356 530 1591 17 530 1592 17 531 1593 356 531 1594 357 531 1595 17 532 1596 357 532 1597 74 532 1598 74 533 1599 357 533 1600 358 533 1601 74 534 1602 358 534 1603 75 534 1604 75 535 1605 358 535 1606 359 535 1607 75 536 1608 359 536 1609 77 536 1610 77 537 1611 359 537 1612 360 537 1613 77 538 1614 360 538 1615 52 538 1616 52 539 1617 360 539 1618 361 539 1619 52 540 1620 361 540 1621 25 540 1622 25 541 1623 361 541 1624 362 541 1625 25 542 1626 362 542 1627 54 542 1628 54 543 1629 362 543 1630 363 543 1631 54 544 1632 363 544 1633 56 544 1634 56 545 1635 363 545 1636 364 545 1637 56 546 1638 364 546 1639 81 546 1640 81 547 1641 364 547 1642 365 547 1643 81 548 1644 365 548 1645 82 548 1646 82 549 1647 365 549 1648 366 549 1649 82 550 1650 366 550 1651 83 550 1652 83 551 1653 366 551 1654 367 551 1655 83 552 1656 367 552 1657 84 552 1658 84 553 1659 367 553 1660 368 553 1661 84 554 1662 368 554 1663 85 554 1664 85 555 1665 368 555 1666 369 555 1667 85 556 1668 369 556 1669 28 556 1670 28 557 1671 369 557 1672 370 557 1673 28 558 1674 370 558 1675 29 558 1676 29 559 1677 370 559 1678 371 559 1679 29 560 1680 371 560 1681 31 560 1682 31 561 1683 371 561 1684 372 561 1685 31 562 1686 372 562 1687 32 562 1688 32 563 1689 372 563 1690 373 563 1691 32 564 1692 373 564 1693 126 564 1694 126 565 1695 373 565 1696 374 565 1697 126 566 1698 374 566 1699 33 566 1700 33 567 1701 374 567 1702 375 567 1703 33 568 1704 375 568 1705 117 568 1706 117 569 1707 375 569 1708 376 569 1709 117 570 1710 376 570 1711 115 570 1712 115 571 1713 376 571 1714 377 571 1715 115 572 1716 377 572 1717 120 572 1718 120 573 1719 377 573 1720 378 573 1721 120 574 1722 378 574 1723 121 574 1724 121 575 1725 378 575 1726 379 575 1727 121 576 1728 379 576 1729 180 576 1730 180 577 1731 379 577 1732 380 577 1733 180 578 1734 380 578 1735 181 578 1736 181 579 1737 380 579 1738 381 579 1739 181 580 1740 381 580 1741 182 580 1742 182 581 1743 381 581 1744 382 581 1745 182 582 1746 382 582 1747 198 582 1748 198 583 1749 382 583 1750 383 583 1751 198 584 1752 383 584 1753 199 584 1754 199 585 1755 383 585 1756 348 585 1757 324 586 1758 384 586 1759 325 586 1760 325 587 1761 384 587 1762 385 587 1763 325 588 1764 385 588 1765 326 588 1766 326 589 1767 385 589 1768 386 589 1769 326 590 1770 386 590 1771 327 590 1772 327 591 1773 386 591 1774 387 591 1775 327 592 1776 387 592 1777 328 592 1778 328 593 1779 387 593 1780 388 593 1781 328 594 1782 388 594 1783 329 594 1784 329 595 1785 388 595 1786 389 595 1787 329 596 1788 389 596 1789 330 596 1790 330 597 1791 389 597 1792 390 597 1793 330 598 1794 390 598 1795 331 598 1796 331 599 1797 390 599 1798 391 599 1799 331 600 1800 391 600 1801 332 600 1802 332 601 1803 391 601 1804 392 601 1805 332 602 1806 392 602 1807 333 602 1808 333 603 1809 392 603 1810 393 603 1811 333 604 1812 393 604 1813 334 604 1814 334 605 1815 393 605 1816 394 605 1817 334 606 1818 394 606 1819 335 606 1820 335 607 1821 394 607 1822 395 607 1823 335 608 1824 395 608 1825 336 608 1826 336 609 1827 395 609 1828 396 609 1829 336 610 1830 396 610 1831 337 610 1832 337 611 1833 396 611 1834 397 611 1835 337 612 1836 397 612 1837 338 612 1838 338 613 1839 397 613 1840 398 613 1841 338 614 1842 398 614 1843 339 614 1844 339 615 1845 398 615 1846 399 615 1847 339 616 1848 399 616 1849 340 616 1850 340 617 1851 399 617 1852 400 617 1853 340 618 1854 400 618 1855 341 618 1856 341 619 1857 400 619 1858 401 619 1859 341 620 1860 401 620 1861 342 620 1862 342 621 1863 401 621 1864 402 621 1865 342 622 1866 402 622 1867 343 622 1868 343 623 1869 402 623 1870 403 623 1871 343 624 1872 403 624 1873 344 624 1874 344 625 1875 403 625 1876 404 625 1877 344 626 1878 404 626 1879 345 626 1880 345 627 1881 404 627 1882 405 627 1883 345 628 1884 405 628 1885 346 628 1886 346 629 1887 405 629 1888 406 629 1889 346 630 1890 406 630 1891 347 630 1892 347 631 1893 406 631 1894 407 631 1895 347 632 1896 407 632 1897 312 632 1898 312 633 1899 407 633 1900 408 633 1901 312 634 1902 408 634 1903 313 634 1904 313 635 1905 408 635 1906 409 635 1907 313 636 1908 409 636 1909 314 636 1910 314 637 1911 409 637 1912 410 637 1913 314 638 1914 410 638 1915 315 638 1916 315 639 1917 410 639 1918 411 639 1919 315 640 1920 411 640 1921 316 640 1922 316 641 1923 411 641 1924 412 641 1925 316 642 1926 412 642 1927 317 642 1928 317 643 1929 412 643 1930 413 643 1931 317 644 1932 413 644 1933 318 644 1934 318 645 1935 413 645 1936 414 645 1937 318 646 1938 414 646 1939 319 646 1940 319 647 1941 414 647 1942 415 647 1943 319 648 1944 415 648 1945 320 648 1946 320 649 1947 415 649 1948 416 649 1949 320 650 1950 416 650 1951 321 650 1952 321 651 1953 416 651 1954 417 651 1955 321 652 1956 417 652 1957 322 652 1958 322 653 1959 417 653 1960 418 653 1961 322 654 1962 418 654 1963 323 654 1964 323 655 1965 418 655 1966 419 655 1967 323 656 1968 419 656 1969 324 656 1970 324 657 1971 419 657 1972 384 657 1973 295 658 1974 420 658 1975 296 658 1976 296 659 1977 420 659 1978 421 659 1979 296 660 1980 421 660 1981 297 660 1982 297 661 1983 421 661 1984 422 661 1985 297 662 1986 422 662 1987 298 662 1988 298 663 1989 422 663 1990 423 663 1991 298 664 1992 423 664 1993 299 664 1994 299 665 1995 423 665 1996 424 665 1997 299 666 1998 424 666 1999 300 666 2000 300 667 2001 424 667 2002 425 667 2003 300 668 2004 425 668 2005 301 668 2006 301 669 2007 425 669 2008 426 669 2009 301 670 2010 426 670 2011 302 670 2012 302 671 2013 426 671 2014 427 671 2015 302 672 2016 427 672 2017 303 672 2018 303 673 2019 427 673 2020 428 673 2021 303 674 2022 428 674 2023 304 674 2024 304 675 2025 428 675 2026 429 675 2027 304 676 2028 429 676 2029 305 676 2030 305 677 2031 429 677 2032 430 677 2033 305 678 2034 430 678 2035 306 678 2036 306 679 2037 430 679 2038 431 679 2039 306 680 2040 431 680 2041 307 680 2042 307 681 2043 431 681 2044 432 681 2045 307 682 2046 432 682 2047 308 682 2048 308 683 2049 432 683 2050 433 683 2051 308 684 2052 433 684 2053 309 684 2054 309 685 2055 433 685 2056 434 685 2057 309 686 2058 434 686 2059 310 686 2060 310 687 2061 434 687 2062 435 687 2063 310 688 2064 435 688 2065 311 688 2066 311 689 2067 435 689 2068 436 689 2069 311 690 2070 436 690 2071 276 690 2072 276 691 2073 436 691 2074 437 691 2075 276 692 2076 437 692 2077 277 692 2078 277 693 2079 437 693 2080 438 693 2081 277 694 2082 438 694 2083 278 694 2084 278 695 2085 438 695 2086 439 695 2087 278 696 2088 439 696 2089 279 696 2090 279 697 2091 439 697 2092 440 697 2093 279 698 2094 440 698 2095 280 698 2096 280 699 2097 440 699 2098 441 699 2099 280 700 2100 441 700 2101 281 700 2102 281 701 2103 441 701 2104 442 701 2105 281 702 2106 442 702 2107 282 702 2108 282 703 2109 442 703 2110 443 703 2111 282 704 2112 443 704 2113 283 704 2114 283 705 2115 443 705 2116 444 705 2117 283 706 2118 444 706 2119 284 706 2120 284 707 2121 444 707 2122 445 707 2123 284 708 2124 445 708 2125 285 708 2126 285 709 2127 445 709 2128 446 709 2129 285 710 2130 446 710 2131 286 710 2132 286 711 2133 446 711 2134 447 711 2135 286 712 2136 447 712 2137 287 712 2138 287 713 2139 447 713 2140 448 713 2141 287 714 2142 448 714 2143 288 714 2144 288 715 2145 448 715 2146 449 715 2147 288 716 2148 449 716 2149 289 716 2150 289 717 2151 449 717 2152 450 717 2153 289 718 2154 450 718 2155 290 718 2156 290 719 2157 450 719 2158 451 719 2159 290 720 2160 451 720 2161 291 720 2162 291 721 2163 451 721 2164 452 721 2165 291 722 2166 452 722 2167 292 722 2168 292 723 2169 452 723 2170 453 723 2171 292 724 2172 453 724 2173 293 724 2174 293 725 2175 453 725 2176 454 725 2177 293 726 2178 454 726 2179 294 726 2180 294 727 2181 454 727 2182 455 727 2183 294 728 2184 455 728 2185 295 728 2186 295 729 2187 455 729 2188 420 729 2189 266 730 2190 456 730 2191 267 730 2192 267 731 2193 456 731 2194 457 731 2195 267 732 2196 457 732 2197 268 732 2198 268 733 2199 457 733 2200 458 733 2201 268 734 2202 458 734 2203 269 734 2204 269 735 2205 458 735 2206 459 735 2207 269 736 2208 459 736 2209 270 736 2210 270 737 2211 459 737 2212 460 737 2213 270 738 2214 460 738 2215 271 738 2216 271 739 2217 460 739 2218 461 739 2219 271 740 2220 461 740 2221 272 740 2222 272 741 2223 461 741 2224 462 741 2225 272 742 2226 462 742 2227 273 742 2228 273 743 2229 462 743 2230 463 743 2231 273 744 2232 463 744 2233 274 744 2234 274 745 2235 463 745 2236 464 745 2237 274 746 2238 464 746 2239 275 746 2240 275 747 2241 464 747 2242 465 747 2243 275 748 2244 465 748 2245 240 748 2246 240 749 2247 465 749 2248 466 749 2249 240 750 2250 466 750 2251 241 750 2252 241 751 2253 466 751 2254 467 751 2255 241 752 2256 467 752 2257 242 752 2258 242 753 2259 467 753 2260 468 753 2261 242 754 2262 468 754 2263 243 754 2264 243 755 2265 468 755 2266 469 755 2267 243 756 2268 469 756 2269 244 756 2270 244 757 2271 469 757 2272 470 757 2273 244 758 2274 470 758 2275 245 758 2276 245 759 2277 470 759 2278 471 759 2279 245 760 2280 471 760 2281 246 760 2282 246 761 2283 471 761 2284 472 761 2285 246 762 2286 472 762 2287 247 762 2288 247 763 2289 472 763 2290 473 763 2291 247 764 2292 473 764 2293 248 764 2294 248 765 2295 473 765 2296 474 765 2297 248 766 2298 474 766 2299 249 766 2300 249 767 2301 474 767 2302 475 767 2303 249 768 2304 475 768 2305 250 768 2306 250 769 2307 475 769 2308 476 769 2309 250 770 2310 476 770 2311 251 770 2312 251 771 2313 476 771 2314 477 771 2315 251 772 2316 477 772 2317 252 772 2318 252 773 2319 477 773 2320 478 773 2321 252 774 2322 478 774 2323 253 774 2324 253 775 2325 478 775 2326 479 775 2327 253 776 2328 479 776 2329 254 776 2330 254 777 2331 479 777 2332 480 777 2333 254 778 2334 480 778 2335 255 778 2336 255 779 2337 480 779 2338 481 779 2339 255 780 2340 481 780 2341 256 780 2342 256 781 2343 481 781 2344 482 781 2345 256 782 2346 482 782 2347 257 782 2348 257 783 2349 482 783 2350 483 783 2351 257 784 2352 483 784 2353 258 784 2354 258 785 2355 483 785 2356 484 785 2357 258 786 2358 484 786 2359 259 786 2360 259 787 2361 484 787 2362 485 787 2363 259 788 2364 485 788 2365 260 788 2366 260 789 2367 485 789 2368 486 789 2369 260 790 2370 486 790 2371 261 790 2372 261 791 2373 486 791 2374 487 791 2375 261 792 2376 487 792 2377 262 792 2378 262 793 2379 487 793 2380 488 793 2381 262 794 2382 488 794 2383 263 794 2384 263 795 2385 488 795 2386 489 795 2387 263 796 2388 489 796 2389 264 796 2390 264 797 2391 489 797 2392 490 797 2393 264 798 2394 490 798 2395 265 798 2396 265 799 2397 490 799 2398 491 799 2399 265 800 2400 491 800 2401 266 800 2402 266 801 2403 491 801 2404 456 801 2405 492 802 2406 493 802 2407 494 802 2408 494 803 2409 493 803 2410 495 803 2411 496 804 2412 497 804 2413 498 804 2414 495 805 2415 499 805 2416 494 805 2417 494 806 2418 499 806 2419 500 806 2420 494 807 2421 500 807 2422 501 807 2423 500 808 2424 502 808 2425 501 808 2426 501 809 2427 502 809 2428 503 809 2429 501 810 2430 503 810 2431 504 810 2432 504 811 2433 505 811 2434 501 811 2435 501 812 2436 505 812 2437 506 812 2438 501 813 2439 506 813 2440 496 813 2441 496 814 2442 506 814 2443 507 814 2444 496 815 2445 507 815 2446 497 815 2447 498 816 2448 508 816 2449 496 816 2450 496 817 2451 508 817 2452 509 817 2453 496 818 2454 509 818 2455 510 818 2456 510 819 2457 509 819 2458 511 819 2459 510 820 2460 511 820 2461 512 820 2462 492 821 2463 494 821 2464 513 821 2465 513 822 2466 494 822 2467 510 822 2468 513 823 2469 510 823 2470 514 823 2471 514 824 2472 510 824 2473 512 824 2474 514 825 2475 512 825 2476 515 825 2477 364 826 2478 516 826 2479 365 826 2480 365 827 2481 516 827 2482 517 827 2483 365 828 2484 517 828 2485 366 828 2486 366 829 2487 517 829 2488 518 829 2489 366 830 2490 518 830 2491 367 830 2492 367 831 2493 518 831 2494 519 831 2495 367 832 2496 519 832 2497 368 832 2498 368 833 2499 519 833 2500 520 833 2501 368 834 2502 520 834 2503 369 834 2504 369 835 2505 520 835 2506 521 835 2507 369 836 2508 521 836 2509 370 836 2510 370 837 2511 521 837 2512 522 837 2513 370 838 2514 522 838 2515 371 838 2516 371 839 2517 522 839 2518 523 839 2519 371 840 2520 523 840 2521 372 840 2522 372 841 2523 523 841 2524 524 841 2525 372 842 2526 524 842 2527 373 842 2528 373 843 2529 524 843 2530 525 843 2531 373 844 2532 525 844 2533 374 844 2534 374 845 2535 525 845 2536 526 845 2537 374 846 2538 526 846 2539 375 846 2540 375 847 2541 526 847 2542 527 847 2543 375 848 2544 527 848 2545 376 848 2546 376 849 2547 527 849 2548 528 849 2549 376 850 2550 528 850 2551 377 850 2552 377 851 2553 528 851 2554 529 851 2555 377 852 2556 529 852 2557 378 852 2558 378 853 2559 529 853 2560 530 853 2561 378 854 2562 530 854 2563 379 854 2564 379 855 2565 530 855 2566 531 855 2567 379 856 2568 531 856 2569 380 856 2570 380 857 2571 531 857 2572 532 857 2573 380 858 2574 532 858 2575 381 858 2576 381 859 2577 532 859 2578 533 859 2579 381 860 2580 533 860 2581 382 860 2582 382 861 2583 533 861 2584 534 861 2585 382 862 2586 534 862 2587 383 862 2588 383 863 2589 534 863 2590 535 863 2591 383 864 2592 535 864 2593 348 864 2594 348 865 2595 535 865 2596 536 865 2597 348 866 2598 536 866 2599 349 866 2600 349 867 2601 536 867 2602 537 867 2603 349 868 2604 537 868 2605 350 868 2606 350 869 2607 537 869 2608 538 869 2609 350 870 2610 538 870 2611 351 870 2612 351 871 2613 538 871 2614 539 871 2615 351 872 2616 539 872 2617 352 872 2618 352 873 2619 539 873 2620 540 873 2621 352 874 2622 540 874 2623 353 874 2624 353 875 2625 540 875 2626 541 875 2627 353 876 2628 541 876 2629 354 876 2630 354 877 2631 541 877 2632 542 877 2633 354 878 2634 542 878 2635 355 878 2636 355 879 2637 542 879 2638 543 879 2639 355 880 2640 543 880 2641 356 880 2642 356 881 2643 543 881 2644 544 881 2645 356 882 2646 544 882 2647 357 882 2648 357 883 2649 544 883 2650 545 883 2651 357 884 2652 545 884 2653 358 884 2654 358 885 2655 545 885 2656 546 885 2657 358 886 2658 546 886 2659 359 886 2660 359 887 2661 546 887 2662 547 887 2663 359 888 2664 547 888 2665 360 888 2666 360 889 2667 547 889 2668 548 889 2669 360 890 2670 548 890 2671 361 890 2672 361 891 2673 548 891 2674 549 891 2675 361 892 2676 549 892 2677 362 892 2678 362 893 2679 549 893 2680 550 893 2681 362 894 2682 550 894 2683 363 894 2684 363 895 2685 550 895 2686 551 895 2687 363 896 2688 551 896 2689 364 896 2690 364 897 2691 551 897 2692 516 897 2693 552 898 2694 553 898 2695 554 898 2696 555 899 2697 230 899 2698 556 899 2699 556 900 2700 230 900 2701 557 900 2702 554 901 2703 553 901 2704 558 901 2705 559 902 2706 230 902 2707 560 902 2708 560 903 2709 230 903 2710 553 903 2711 226 904 2712 225 904 2713 561 904 2714 561 905 2715 225 905 2716 224 905 2717 561 906 2718 224 906 2719 562 906 2720 563 907 2721 564 907 2722 231 907 2723 238 908 2724 565 908 2725 566 908 2726 557 909 2727 230 909 2728 566 909 2729 566 910 2730 230 910 2731 239 910 2732 566 911 2733 239 911 2734 238 911 2735 224 912 2736 223 912 2737 562 912 2738 562 913 2739 223 913 2740 222 913 2741 562 914 2742 222 914 2743 567 914 2744 567 915 2745 222 915 2746 221 915 2747 567 916 2748 221 916 2749 568 916 2750 568 917 2751 221 917 2752 220 917 2753 568 918 2754 220 918 2755 569 918 2756 570 919 2757 571 919 2758 234 919 2759 555 920 2760 572 920 2761 230 920 2762 230 921 2763 572 921 2764 573 921 2765 230 922 2766 573 922 2767 553 922 2768 553 923 2769 573 923 2770 574 923 2771 553 924 2772 574 924 2773 558 924 2774 559 925 2775 575 925 2776 230 925 2777 230 926 2778 575 926 2779 576 926 2780 230 927 2781 576 927 2782 220 927 2783 220 928 2784 576 928 2785 577 928 2786 220 929 2787 577 929 2788 569 929 2789 578 930 2790 579 930 2791 229 930 2792 229 931 2793 579 931 2794 580 931 2795 581 932 2796 582 932 2797 583 932 2798 583 933 2799 582 933 2800 584 933 2801 585 934 2802 586 934 2803 226 934 2804 587 935 2805 588 935 2806 231 935 2807 231 936 2808 588 936 2809 589 936 2810 231 937 2811 589 937 2812 563 937 2813 590 938 2814 591 938 2815 592 938 2816 580 939 2817 593 939 2818 229 939 2819 229 940 2820 593 940 2821 594 940 2822 229 941 2823 594 941 2824 595 941 2825 571 942 2826 582 942 2827 234 942 2828 234 943 2829 582 943 2830 581 943 2831 234 944 2832 581 944 2833 235 944 2834 235 945 2835 581 945 2836 596 945 2837 235 946 2838 596 946 2839 236 946 2840 236 947 2841 596 947 2842 565 947 2843 236 948 2844 565 948 2845 237 948 2846 237 949 2847 565 949 2848 238 949 2849 554 950 2850 597 950 2851 552 950 2852 552 951 2853 597 951 2854 590 951 2855 552 952 2856 590 952 2857 598 952 2858 598 953 2859 590 953 2860 592 953 2861 599 954 2862 585 954 2863 600 954 2864 600 955 2865 585 955 2866 226 955 2867 600 956 2868 226 956 2869 601 956 2870 601 957 2871 226 957 2872 561 957 2873 586 958 2874 602 958 2875 226 958 2876 226 959 2877 602 959 2878 603 959 2879 226 960 2880 603 960 2881 227 960 2882 233 961 2883 604 961 2884 234 961 2885 234 962 2886 604 962 2887 605 962 2888 234 963 2889 605 963 2890 570 963 2891 603 964 2892 606 964 2893 227 964 2894 227 965 2895 606 965 2896 607 965 2897 227 966 2898 607 966 2899 228 966 2900 232 967 2901 608 967 2902 233 967 2903 233 968 2904 608 968 2905 609 968 2906 233 969 2907 609 969 2908 604 969 2909 564 970 2910 610 970 2911 231 970 2912 231 971 2913 610 971 2914 611 971 2915 231 972 2916 611 972 2917 232 972 2918 232 973 2919 611 973 2920 612 973 2921 232 974 2922 612 974 2923 608 974 2924 607 975 2925 613 975 2926 228 975 2927 228 976 2928 613 976 2929 614 976 2930 228 977 2931 614 977 2932 229 977 2933 229 978 2934 614 978 2935 615 978 2936 229 979 2937 615 979 2938 578 979 2939 531 980 2940 530 980 2941 616 980 2942 529 981 2943 617 981 2944 530 981 2945 530 982 2946 617 982 2947 618 982 2948 530 983 2949 618 983 2950 616 983 2951 528 984 2952 619 984 2953 529 984 2954 529 985 2955 619 985 2956 620 985 2957 529 986 2958 620 986 2959 617 986 2960 527 987 2961 621 987 2962 528 987 2963 528 988 2964 621 988 2965 622 988 2966 528 989 2967 622 989 2968 619 989 2969 526 990 2970 623 990 2971 527 990 2972 527 991 2973 623 991 2974 624 991 2975 527 992 2976 624 992 2977 621 992 2978 525 993 2979 625 993 2980 526 993 2981 526 994 2982 625 994 2983 626 994 2984 526 995 2985 626 995 2986 623 995 2987 524 996 2988 627 996 2989 525 996 2990 525 997 2991 627 997 2992 628 997 2993 525 998 2994 628 998 2995 625 998 2996 629 999 2997 630 999 2998 524 999 2999 524 1000 3000 630 1000 3001 631 1000 3002 524 1001 3003 631 1001 3004 627 1001 3005 524 1002 3006 523 1002 3007 629 1002 3008 629 1003 3009 523 1003 3010 522 1003 3011 629 1004 3012 522 1004 3013 632 1004 3014 632 1005 3015 522 1005 3016 521 1005 3017 632 1006 3018 521 1006 3019 633 1006 3020 633 1007 3021 521 1007 3022 520 1007 3023 633 1008 3024 520 1008 3025 634 1008 3026 634 1009 3027 520 1009 3028 519 1009 3029 634 1010 3030 519 1010 3031 635 1010 3032 635 1011 3033 519 1011 3034 518 1011 3035 635 1012 3036 518 1012 3037 636 1012 3038 636 1013 3039 518 1013 3040 517 1013 3041 636 1014 3042 517 1014 3043 637 1014 3044 616 1015 3045 638 1015 3046 531 1015 3047 531 1016 3048 638 1016 3049 639 1016 3050 531 1017 3051 639 1017 3052 532 1017 3053 532 1018 3054 639 1018 3055 640 1018 3056 532 1019 3057 640 1019 3058 533 1019 3059 533 1020 3060 640 1020 3061 641 1020 3062 533 1021 3063 641 1021 3064 534 1021 3065 534 1022 3066 641 1022 3067 642 1022 3068 534 1023 3069 642 1023 3070 535 1023 3071 535 1024 3072 642 1024 3073 643 1024 3074 535 1025 3075 643 1025 3076 536 1025 3077 536 1026 3078 643 1026 3079 644 1026 3080 536 1027 3081 644 1027 3082 537 1027 3083 537 1028 3084 644 1028 3085 591 1028 3086 537 1029 3087 591 1029 3088 538 1029 3089 538 1030 3090 591 1030 3091 590 1030 3092 538 1031 3093 590 1031 3094 539 1031 3095 539 1032 3096 590 1032 3097 597 1032 3098 539 1033 3099 597 1033 3100 540 1033 3101 540 1034 3102 597 1034 3103 554 1034 3104 540 1035 3105 554 1035 3106 541 1035 3107 541 1036 3108 554 1036 3109 558 1036 3110 541 1037 3111 558 1037 3112 542 1037 3113 542 1038 3114 558 1038 3115 574 1038 3116 542 1039 3117 574 1039 3118 543 1039 3119 543 1040 3120 574 1040 3121 573 1040 3122 543 1041 3123 573 1041 3124 544 1041 3125 544 1042 3126 573 1042 3127 572 1042 3128 544 1043 3129 572 1043 3130 545 1043 3131 545 1044 3132 572 1044 3133 555 1044 3134 545 1045 3135 555 1045 3136 546 1045 3137 546 1046 3138 555 1046 3139 556 1046 3140 546 1047 3141 556 1047 3142 547 1047 3143 547 1048 3144 556 1048 3145 557 1048 3146 547 1049 3147 557 1049 3148 548 1049 3149 548 1050 3150 557 1050 3151 566 1050 3152 548 1051 3153 566 1051 3154 549 1051 3155 549 1052 3156 566 1052 3157 565 1052 3158 549 1053 3159 565 1053 3160 550 1053 3161 550 1054 3162 565 1054 3163 596 1054 3164 550 1055 3165 596 1055 3166 551 1055 3167 551 1056 3168 596 1056 3169 581 1056 3170 551 1057 3171 581 1057 3172 516 1057 3173 516 1058 3174 581 1058 3175 583 1058 3176 516 1059 3177 583 1059 3178 517 1059 3179 517 1060 3180 583 1060 3181 584 1060 3182 517 1061 3183 584 1061 3184 637 1061 3185 645 1062 3186 646 1062 3187 510 1062 3188 510 1063 3189 646 1063 3190 496 1063 3191 510 1064 3192 494 1064 3193 647 1064 3194 648 1065 3195 649 1065 3196 494 1065 3197 647 1066 3198 650 1066 3199 510 1066 3200 510 1067 3201 650 1067 3202 651 1067 3203 510 1068 3204 651 1068 3205 652 1068 3206 652 1069 3207 653 1069 3208 510 1069 3209 510 1070 3210 653 1070 3211 654 1070 3212 510 1071 3213 654 1071 3214 655 1071 3215 656 1072 3216 657 1072 3217 645 1072 3218 645 1073 3219 657 1073 3220 658 1073 3221 645 1074 3222 658 1074 3223 659 1074 3224 659 1075 3225 660 1075 3226 645 1075 3227 645 1076 3228 660 1076 3229 661 1076 3230 645 1077 3231 661 1077 3232 662 1077 3233 663 1078 3234 664 1078 3235 665 1078 3236 665 1079 3237 664 1079 3238 645 1079 3239 665 1080 3240 645 1080 3241 666 1080 3242 666 1081 3243 645 1081 3244 662 1081 3245 649 1082 3246 667 1082 3247 494 1082 3248 494 1083 3249 667 1083 3250 668 1083 3251 494 1084 3252 668 1084 3253 669 1084 3254 669 1085 3255 670 1085 3256 494 1085 3257 494 1086 3258 670 1086 3259 671 1086 3260 494 1087 3261 671 1087 3262 647 1087 3263 655 1088 3264 672 1088 3265 510 1088 3266 510 1089 3267 672 1089 3268 673 1089 3269 510 1090 3270 673 1090 3271 645 1090 3272 645 1091 3273 673 1091 3274 674 1091 3275 645 1092 3276 674 1092 3277 656 1092 3278 663 1093 3279 675 1093 3280 664 1093 3281 664 1094 3282 675 1094 3283 676 1094 3284 664 1095 3285 676 1095 3286 677 1095 3287 677 1096 3288 678 1096 3289 664 1096 3290 664 1097 3291 678 1097 3292 679 1097 3293 664 1098 3294 679 1098 3295 680 1098 3296 680 1099 3297 681 1099 3298 664 1099 3299 664 1100 3300 681 1100 3301 682 1100 3302 664 1101 3303 682 1101 3304 494 1101 3305 494 1102 3306 682 1102 3307 683 1102 3308 494 1103 3309 683 1103 3310 648 1103 3311 684 1104 3312 664 1104 3313 501 1104 3314 501 1105 3315 664 1105 3316 494 1105 3317 685 1106 3318 686 1106 3319 496 1106 3320 496 1107 3321 686 1107 3322 687 1107 3323 688 1108 3324 689 1108 3325 501 1108 3326 687 1109 3327 690 1109 3328 496 1109 3329 496 1110 3330 690 1110 3331 691 1110 3332 496 1111 3333 691 1111 3334 692 1111 3335 693 1112 3336 646 1112 3337 694 1112 3338 694 1113 3339 646 1113 3340 695 1113 3341 693 1114 3342 696 1114 3343 646 1114 3344 646 1115 3345 696 1115 3346 697 1115 3347 646 1116 3348 697 1116 3349 698 1116 3350 698 1117 3351 699 1117 3352 646 1117 3353 646 1118 3354 699 1118 3355 700 1118 3356 646 1119 3357 700 1119 3358 496 1119 3359 496 1120 3360 700 1120 3361 701 1120 3362 496 1121 3363 701 1121 3364 685 1121 3365 689 1122 3366 702 1122 3367 501 1122 3368 501 1123 3369 702 1123 3370 703 1123 3371 501 1124 3372 703 1124 3373 704 1124 3374 705 1125 3375 706 1125 3376 684 1125 3377 684 1126 3378 706 1126 3379 707 1126 3380 684 1127 3381 707 1127 3382 646 1127 3383 646 1128 3384 707 1128 3385 708 1128 3386 646 1129 3387 708 1129 3388 695 1129 3389 692 1130 3390 709 1130 3391 496 1130 3392 496 1131 3393 709 1131 3394 710 1131 3395 496 1132 3396 710 1132 3397 501 1132 3398 501 1133 3399 710 1133 3400 711 1133 3401 501 1134 3402 711 1134 3403 688 1134 3404 704 1135 3405 712 1135 3406 501 1135 3407 501 1136 3408 712 1136 3409 713 1136 3410 501 1137 3411 713 1137 3412 684 1137 3413 684 1138 3414 713 1138 3415 714 1138 3416 684 1139 3417 714 1139 3418 715 1139 3419 715 1140 3420 716 1140 3421 684 1140 3422 684 1141 3423 716 1141 3424 717 1141 3425 684 1142 3426 717 1142 3427 718 1142 3428 718 1143 3429 719 1143 3430 684 1143 3431 684 1144 3432 719 1144 3433 720 1144 3434 684 1145 3435 720 1145 3436 705 1145 3437 479 1146 3438 478 1146 3439 721 1146 3440 477 1147 3441 722 1147 3442 478 1147 3443 478 1148 3444 722 1148 3445 723 1148 3446 478 1149 3447 723 1149 3448 721 1149 3449 476 1150 3450 724 1150 3451 477 1150 3452 477 1151 3453 724 1151 3454 725 1151 3455 477 1152 3456 725 1152 3457 722 1152 3458 475 1153 3459 726 1153 3460 476 1153 3461 476 1154 3462 726 1154 3463 727 1154 3464 476 1155 3465 727 1155 3466 724 1155 3467 474 1156 3468 728 1156 3469 475 1156 3470 475 1157 3471 728 1157 3472 729 1157 3473 475 1158 3474 729 1158 3475 726 1158 3476 473 1159 3477 730 1159 3478 474 1159 3479 474 1160 3480 730 1160 3481 731 1160 3482 474 1161 3483 731 1161 3484 728 1161 3485 472 1162 3486 732 1162 3487 473 1162 3488 473 1163 3489 732 1163 3490 733 1163 3491 473 1164 3492 733 1164 3493 730 1164 3494 734 1165 3495 735 1165 3496 472 1165 3497 472 1166 3498 735 1166 3499 736 1166 3500 472 1167 3501 736 1167 3502 732 1167 3503 472 1168 3504 471 1168 3505 734 1168 3506 734 1169 3507 471 1169 3508 470 1169 3509 734 1170 3510 470 1170 3511 737 1170 3512 737 1171 3513 470 1171 3514 469 1171 3515 737 1172 3516 469 1172 3517 738 1172 3518 738 1173 3519 469 1173 3520 468 1173 3521 738 1174 3522 468 1174 3523 739 1174 3524 739 1175 3525 468 1175 3526 467 1175 3527 739 1176 3528 467 1176 3529 740 1176 3530 740 1177 3531 467 1177 3532 466 1177 3533 740 1178 3534 466 1178 3535 741 1178 3536 741 1179 3537 466 1179 3538 465 1179 3539 741 1180 3540 465 1180 3541 742 1180 3542 721 1181 3543 743 1181 3544 479 1181 3545 479 1182 3546 743 1182 3547 744 1182 3548 479 1183 3549 744 1183 3550 480 1183 3551 480 1184 3552 744 1184 3553 745 1184 3554 480 1185 3555 745 1185 3556 481 1185 3557 481 1186 3558 745 1186 3559 746 1186 3560 481 1187 3561 746 1187 3562 482 1187 3563 482 1188 3564 746 1188 3565 747 1188 3566 482 1189 3567 747 1189 3568 483 1189 3569 483 1190 3570 747 1190 3571 748 1190 3572 483 1191 3573 748 1191 3574 484 1191 3575 484 1192 3576 748 1192 3577 749 1192 3578 484 1193 3579 749 1193 3580 485 1193 3581 485 1194 3582 749 1194 3583 750 1194 3584 485 1195 3585 750 1195 3586 486 1195 3587 486 1196 3588 750 1196 3589 751 1196 3590 486 1197 3591 751 1197 3592 487 1197 3593 487 1198 3594 751 1198 3595 752 1198 3596 487 1199 3597 752 1199 3598 488 1199 3599 488 1200 3600 752 1200 3601 753 1200 3602 488 1201 3603 753 1201 3604 489 1201 3605 489 1202 3606 753 1202 3607 754 1202 3608 489 1203 3609 754 1203 3610 490 1203 3611 490 1204 3612 754 1204 3613 755 1204 3614 490 1205 3615 755 1205 3616 491 1205 3617 491 1206 3618 755 1206 3619 756 1206 3620 491 1207 3621 756 1207 3622 456 1207 3623 456 1208 3624 756 1208 3625 757 1208 3626 456 1209 3627 757 1209 3628 457 1209 3629 457 1210 3630 757 1210 3631 758 1210 3632 457 1211 3633 758 1211 3634 458 1211 3635 458 1212 3636 758 1212 3637 759 1212 3638 458 1213 3639 759 1213 3640 459 1213 3641 459 1214 3642 759 1214 3643 760 1214 3644 459 1215 3645 760 1215 3646 460 1215 3647 460 1216 3648 760 1216 3649 761 1216 3650 460 1217 3651 761 1217 3652 461 1217 3653 461 1218 3654 761 1218 3655 762 1218 3656 461 1219 3657 762 1219 3658 462 1219 3659 462 1220 3660 762 1220 3661 763 1220 3662 462 1221 3663 763 1221 3664 463 1221 3665 463 1222 3666 763 1222 3667 764 1222 3668 463 1223 3669 764 1223 3670 464 1223 3671 464 1224 3672 764 1224 3673 765 1224 3674 464 1225 3675 765 1225 3676 465 1225 3677 465 1226 3678 765 1226 3679 766 1226 3680 465 1227 3681 766 1227 3682 742 1227 3683 432 1228 3684 767 1228 3685 433 1228 3686 433 1229 3687 767 1229 3688 768 1229 3689 433 1230 3690 768 1230 3691 434 1230 3692 434 1231 3693 768 1231 3694 769 1231 3695 434 1232 3696 769 1232 3697 435 1232 3698 435 1233 3699 769 1233 3700 770 1233 3701 435 1234 3702 770 1234 3703 436 1234 3704 436 1235 3705 770 1235 3706 771 1235 3707 436 1236 3708 771 1236 3709 437 1236 3710 437 1237 3711 771 1237 3712 772 1237 3713 437 1238 3714 772 1238 3715 438 1238 3716 438 1239 3717 772 1239 3718 599 1239 3719 438 1240 3720 599 1240 3721 439 1240 3722 439 1241 3723 599 1241 3724 600 1241 3725 439 1242 3726 600 1242 3727 440 1242 3728 440 1243 3729 600 1243 3730 601 1243 3731 440 1244 3732 601 1244 3733 441 1244 3734 441 1245 3735 601 1245 3736 561 1245 3737 441 1246 3738 561 1246 3739 442 1246 3740 442 1247 3741 561 1247 3742 562 1247 3743 442 1248 3744 562 1248 3745 443 1248 3746 443 1249 3747 562 1249 3748 567 1249 3749 443 1250 3750 567 1250 3751 444 1250 3752 444 1251 3753 567 1251 3754 568 1251 3755 444 1252 3756 568 1252 3757 445 1252 3758 445 1253 3759 568 1253 3760 569 1253 3761 445 1254 3762 569 1254 3763 446 1254 3764 446 1255 3765 569 1255 3766 577 1255 3767 446 1256 3768 577 1256 3769 447 1256 3770 447 1257 3771 577 1257 3772 576 1257 3773 447 1258 3774 576 1258 3775 448 1258 3776 448 1259 3777 576 1259 3778 575 1259 3779 448 1260 3780 575 1260 3781 449 1260 3782 449 1261 3783 575 1261 3784 559 1261 3785 449 1262 3786 559 1262 3787 450 1262 3788 450 1263 3789 559 1263 3790 560 1263 3791 450 1264 3792 560 1264 3793 451 1264 3794 451 1265 3795 560 1265 3796 553 1265 3797 451 1266 3798 553 1266 3799 452 1266 3800 452 1267 3801 553 1267 3802 552 1267 3803 452 1268 3804 552 1268 3805 453 1268 3806 453 1269 3807 552 1269 3808 598 1269 3809 453 1270 3810 598 1270 3811 454 1270 3812 454 1271 3813 598 1271 3814 592 1271 3815 431 1272 3816 773 1272 3817 432 1272 3818 432 1273 3819 773 1273 3820 774 1273 3821 432 1274 3822 774 1274 3823 767 1274 3824 430 1275 3825 775 1275 3826 431 1275 3827 431 1276 3828 775 1276 3829 776 1276 3830 431 1277 3831 776 1277 3832 773 1277 3833 429 1278 3834 777 1278 3835 430 1278 3836 430 1279 3837 777 1279 3838 778 1279 3839 430 1280 3840 778 1280 3841 775 1280 3842 428 1281 3843 779 1281 3844 429 1281 3845 429 1282 3846 779 1282 3847 780 1282 3848 429 1283 3849 780 1283 3850 777 1283 3851 427 1284 3852 781 1284 3853 428 1284 3854 428 1285 3855 781 1285 3856 782 1285 3857 428 1286 3858 782 1286 3859 779 1286 3860 426 1287 3861 783 1287 3862 427 1287 3863 427 1288 3864 783 1288 3865 784 1288 3866 427 1289 3867 784 1289 3868 781 1289 3869 425 1290 3870 785 1290 3871 426 1290 3872 426 1291 3873 785 1291 3874 786 1291 3875 426 1292 3876 786 1292 3877 783 1292 3878 787 1293 3879 788 1293 3880 425 1293 3881 425 1294 3882 788 1294 3883 789 1294 3884 425 1295 3885 789 1295 3886 785 1295 3887 592 1296 3888 790 1296 3889 454 1296 3890 454 1297 3891 790 1297 3892 791 1297 3893 454 1298 3894 791 1298 3895 455 1298 3896 455 1299 3897 791 1299 3898 792 1299 3899 455 1300 3900 792 1300 3901 420 1300 3902 420 1301 3903 792 1301 3904 793 1301 3905 420 1302 3906 793 1302 3907 421 1302 3908 421 1303 3909 793 1303 3910 794 1303 3911 421 1304 3912 794 1304 3913 422 1304 3914 422 1305 3915 794 1305 3916 795 1305 3917 422 1306 3918 795 1306 3919 423 1306 3920 423 1307 3921 795 1307 3922 787 1307 3923 423 1308 3924 787 1308 3925 424 1308 3926 424 1309 3927 787 1309 3928 425 1309 3929 385 1310 3930 796 1310 3931 386 1310 3932 386 1311 3933 796 1311 3934 797 1311 3935 386 1312 3936 797 1312 3937 387 1312 3938 387 1313 3939 797 1313 3940 798 1313 3941 387 1314 3942 798 1314 3943 388 1314 3944 388 1315 3945 798 1315 3946 799 1315 3947 388 1316 3948 799 1316 3949 389 1316 3950 389 1317 3951 799 1317 3952 800 1317 3953 389 1318 3954 800 1318 3955 390 1318 3956 390 1319 3957 800 1319 3958 801 1319 3959 390 1320 3960 801 1320 3961 391 1320 3962 391 1321 3963 801 1321 3964 802 1321 3965 391 1322 3966 802 1322 3967 392 1322 3968 392 1323 3969 802 1323 3970 803 1323 3971 392 1324 3972 803 1324 3973 393 1324 3974 393 1325 3975 803 1325 3976 804 1325 3977 393 1326 3978 804 1326 3979 394 1326 3980 394 1327 3981 804 1327 3982 805 1327 3983 394 1328 3984 805 1328 3985 395 1328 3986 395 1329 3987 805 1329 3988 806 1329 3989 395 1330 3990 806 1330 3991 396 1330 3992 396 1331 3993 806 1331 3994 807 1331 3995 396 1332 3996 807 1332 3997 397 1332 3998 397 1333 3999 807 1333 4000 808 1333 4001 397 1334 4002 808 1334 4003 398 1334 4004 398 1335 4005 808 1335 4006 809 1335 4007 398 1336 4008 809 1336 4009 399 1336 4010 399 1337 4011 809 1337 4012 810 1337 4013 399 1338 4014 810 1338 4015 400 1338 4016 400 1339 4017 810 1339 4018 811 1339 4019 400 1340 4020 811 1340 4021 401 1340 4022 401 1341 4023 811 1341 4024 812 1341 4025 401 1342 4026 812 1342 4027 402 1342 4028 402 1343 4029 812 1343 4030 813 1343 4031 402 1344 4032 813 1344 4033 403 1344 4034 403 1345 4035 813 1345 4036 814 1345 4037 403 1346 4038 814 1346 4039 404 1346 4040 404 1347 4041 814 1347 4042 815 1347 4043 404 1348 4044 815 1348 4045 405 1348 4046 405 1349 4047 815 1349 4048 816 1349 4049 405 1350 4050 816 1350 4051 406 1350 4052 406 1351 4053 816 1351 4054 817 1351 4055 406 1352 4056 817 1352 4057 407 1352 4058 407 1353 4059 817 1353 4060 818 1353 4061 384 1354 4062 819 1354 4063 385 1354 4064 385 1355 4065 819 1355 4066 820 1355 4067 385 1356 4068 820 1356 4069 796 1356 4070 419 1357 4071 821 1357 4072 384 1357 4073 384 1358 4074 821 1358 4075 822 1358 4076 384 1359 4077 822 1359 4078 819 1359 4079 418 1360 4080 823 1360 4081 419 1360 4082 419 1361 4083 823 1361 4084 824 1361 4085 419 1362 4086 824 1362 4087 821 1362 4088 417 1363 4089 825 1363 4090 418 1363 4091 418 1364 4092 825 1364 4093 826 1364 4094 418 1365 4095 826 1365 4096 823 1365 4097 416 1366 4098 827 1366 4099 417 1366 4100 417 1367 4101 827 1367 4102 828 1367 4103 417 1368 4104 828 1368 4105 825 1368 4106 415 1369 4107 829 1369 4108 416 1369 4109 416 1370 4110 829 1370 4111 830 1370 4112 416 1371 4113 830 1371 4114 827 1371 4115 414 1372 4116 831 1372 4117 415 1372 4118 415 1373 4119 831 1373 4120 832 1373 4121 415 1374 4122 832 1374 4123 829 1374 4124 833 1375 4125 834 1375 4126 414 1375 4127 414 1376 4128 834 1376 4129 835 1376 4130 414 1377 4131 835 1377 4132 831 1377 4133 818 1378 4134 836 1378 4135 407 1378 4136 407 1379 4137 836 1379 4138 837 1379 4139 407 1380 4140 837 1380 4141 408 1380 4142 408 1381 4143 837 1381 4144 838 1381 4145 408 1382 4146 838 1382 4147 409 1382 4148 409 1383 4149 838 1383 4150 839 1383 4151 409 1384 4152 839 1384 4153 410 1384 4154 410 1385 4155 839 1385 4156 840 1385 4157 410 1386 4158 840 1386 4159 411 1386 4160 411 1387 4161 840 1387 4162 841 1387 4163 411 1388 4164 841 1388 4165 412 1388 4166 412 1389 4167 841 1389 4168 833 1389 4169 412 1390 4170 833 1390 4171 413 1390 4172 413 1391 4173 833 1391 4174 414 1391 4175 811 1392 4176 810 1392 4177 200 1392 4178 810 1393 4179 809 1393 4180 200 1393 4181 200 1394 4182 809 1394 4183 808 1394 4184 200 1395 4185 808 1395 4186 201 1395 4187 201 1396 4188 808 1396 4189 807 1396 4190 201 1397 4191 807 1397 4192 202 1397 4193 202 1398 4194 807 1398 4195 806 1398 4196 206 1399 4197 205 1399 4198 805 1399 4199 805 1400 4200 205 1400 4201 204 1400 4202 805 1401 4203 204 1401 4204 806 1401 4205 806 1402 4206 204 1402 4207 203 1402 4208 806 1403 4209 203 1403 4210 202 1403 4211 812 1404 4212 756 1404 4213 813 1404 4214 813 1405 4215 756 1405 4216 755 1405 4217 755 1406 4218 754 1406 4219 813 1406 4220 813 1407 4221 754 1407 4222 753 1407 4223 813 1408 4224 753 1408 4225 814 1408 4226 759 1409 4227 758 1409 4228 210 1409 4229 210 1410 4230 758 1410 4231 757 1410 4232 210 1411 4233 757 1411 4234 200 1411 4235 200 1412 4236 757 1412 4237 756 1412 4238 200 1413 4239 756 1413 4240 811 1413 4241 811 1414 4242 756 1414 4243 812 1414 4244 842 1415 4245 843 1415 4246 211 1415 4247 219 1416 4248 218 1416 4249 761 1416 4250 761 1417 4251 218 1417 4252 762 1417 4253 219 1418 4254 761 1418 4255 210 1418 4256 210 1419 4257 761 1419 4258 760 1419 4259 210 1420 4260 760 1420 4261 759 1420 4262 844 1421 4263 845 1421 4264 209 1421 4265 209 1422 4266 845 1422 4267 846 1422 4268 847 1423 4269 848 1423 4270 214 1423 4271 849 1424 4272 850 1424 4273 206 1424 4274 764 1425 4275 851 1425 4276 765 1425 4277 765 1426 4278 851 1426 4279 766 1426 4280 846 1427 4281 852 1427 4282 209 1427 4283 209 1428 4284 852 1428 4285 853 1428 4286 209 1429 4287 853 1429 4288 854 1429 4289 855 1430 4290 856 1430 4291 211 1430 4292 211 1431 4293 856 1431 4294 857 1431 4295 211 1432 4296 857 1432 4297 842 1432 4298 802 1433 4299 849 1433 4300 803 1433 4301 803 1434 4302 849 1434 4303 206 1434 4304 803 1435 4305 206 1435 4306 804 1435 4307 804 1436 4308 206 1436 4309 805 1436 4310 850 1437 4311 858 1437 4312 206 1437 4313 206 1438 4314 858 1438 4315 859 1438 4316 206 1439 4317 859 1439 4318 207 1439 4319 848 1440 4320 851 1440 4321 214 1440 4322 214 1441 4323 851 1441 4324 764 1441 4325 214 1442 4326 764 1442 4327 215 1442 4328 215 1443 4329 764 1443 4330 763 1443 4331 215 1444 4332 763 1444 4333 216 1444 4334 216 1445 4335 763 1445 4336 762 1445 4337 216 1446 4338 762 1446 4339 217 1446 4340 217 1447 4341 762 1447 4342 218 1447 4343 213 1448 4344 860 1448 4345 214 1448 4346 214 1449 4347 860 1449 4348 861 1449 4349 214 1450 4350 861 1450 4351 847 1450 4352 750 1451 4353 818 1451 4354 751 1451 4355 751 1452 4356 818 1452 4357 817 1452 4358 751 1453 4359 817 1453 4360 752 1453 4361 752 1454 4362 817 1454 4363 816 1454 4364 752 1455 4365 816 1455 4366 753 1455 4367 753 1456 4368 816 1456 4369 815 1456 4370 753 1457 4371 815 1457 4372 814 1457 4373 859 1458 4374 862 1458 4375 207 1458 4376 207 1459 4377 862 1459 4378 863 1459 4379 207 1460 4380 863 1460 4381 208 1460 4382 212 1461 4383 864 1461 4384 213 1461 4385 213 1462 4386 864 1462 4387 865 1462 4388 213 1463 4389 865 1463 4390 860 1463 4391 863 1464 4392 866 1464 4393 208 1464 4394 208 1465 4395 866 1465 4396 867 1465 4397 208 1466 4398 867 1466 4399 209 1466 4400 209 1467 4401 867 1467 4402 868 1467 4403 209 1468 4404 868 1468 4405 844 1468 4406 843 1469 4407 869 1469 4408 211 1469 4409 211 1470 4410 869 1470 4411 870 1470 4412 211 1471 4413 870 1471 4414 212 1471 4415 212 1472 4416 870 1472 4417 871 1472 4418 212 1473 4419 871 1473 4420 864 1473 4421 505 1474 4422 504 1474 4423 872 1474 4424 872 1475 4425 504 1475 4426 873 1475 4427 872 1476 4428 873 1476 4429 874 1476 4430 504 1477 4431 503 1477 4432 873 1477 4433 873 1478 4434 503 1478 4435 875 1478 4436 873 1479 4437 875 1479 4438 876 1479 4439 513 1480 4440 877 1480 4441 492 1480 4442 492 1481 4443 877 1481 4444 878 1481 4445 514 1482 4446 515 1482 4447 879 1482 4448 879 1483 4449 515 1483 4450 880 1483 4451 879 1484 4452 880 1484 4453 881 1484 4454 877 1485 4455 882 1485 4456 878 1485 4457 878 1486 4458 882 1486 4459 883 1486 4460 515 1487 4461 512 1487 4462 880 1487 4463 880 1488 4464 512 1488 4465 884 1488 4466 880 1489 4467 884 1489 4468 885 1489 4469 886 1490 4470 511 1490 4471 887 1490 4472 887 1491 4473 511 1491 4474 509 1491 4475 888 1492 4476 886 1492 4477 889 1492 4478 889 1493 4479 886 1493 4480 887 1493 4481 890 1494 4482 891 1494 4483 892 1494 4484 892 1495 4485 891 1495 4486 893 1495 4487 894 1496 4488 895 1496 4489 896 1496 4490 896 1497 4491 895 1497 4492 897 1497 4493 888 1498 4494 889 1498 4495 897 1498 4496 897 1499 4497 889 1499 4498 892 1499 4499 897 1500 4500 892 1500 4501 896 1500 4502 896 1501 4503 892 1501 4504 893 1501 4505 896 1502 4506 893 1502 4507 898 1502 4508 898 1503 4509 893 1503 4510 899 1503 4511 900 1504 4512 898 1504 4513 901 1504 4514 901 1505 4515 898 1505 4516 899 1505 4517 500 1506 4518 900 1506 4519 502 1506 4520 502 1507 4521 900 1507 4522 901 1507 4523 499 1508 4524 495 1508 4525 902 1508 4526 902 1509 4527 495 1509 4528 903 1509 4529 902 1510 4530 903 1510 4531 904 1510 4532 495 1511 4533 493 1511 4534 903 1511 4535 903 1512 4536 493 1512 4537 905 1512 4538 903 1513 4539 905 1513 4540 906 1513 4541 511 1514 4542 886 1514 4543 512 1514 4544 512 1515 4545 886 1515 4546 884 1515 4547 885 1516 4548 884 1516 4549 888 1516 4550 888 1517 4551 884 1517 4552 886 1517 4553 492 1518 4554 878 1518 4555 493 1518 4556 493 1519 4557 878 1519 4558 905 1519 4559 882 1520 4560 877 1520 4561 881 1520 4562 881 1521 4563 877 1521 4564 879 1521 4565 499 1522 4566 902 1522 4567 500 1522 4568 500 1523 4569 902 1523 4570 900 1523 4571 902 1524 4572 904 1524 4573 900 1524 4574 900 1525 4575 904 1525 4576 898 1525 4577 904 1526 4578 903 1526 4579 898 1526 4580 898 1527 4581 903 1527 4582 896 1527 4583 894 1528 4584 896 1528 4585 906 1528 4586 906 1529 4587 896 1529 4588 903 1529 4589 882 1530 4590 895 1530 4591 883 1530 4592 883 1531 4593 895 1531 4594 894 1531 4595 906 1532 4596 905 1532 4597 883 1532 4598 883 1533 4599 905 1533 4600 878 1533 4601 906 1534 4602 883 1534 4603 894 1534 4604 881 1535 4605 880 1535 4606 895 1535 4607 895 1536 4608 880 1536 4609 897 1536 4610 881 1537 4611 895 1537 4612 882 1537 4613 880 1538 4614 885 1538 4615 897 1538 4616 897 1539 4617 885 1539 4618 888 1539 4619 514 1540 4620 879 1540 4621 513 1540 4622 513 1541 4623 879 1541 4624 877 1541 4625 508 1542 4626 498 1542 4627 907 1542 4628 907 1543 4629 498 1543 4630 908 1543 4631 907 1544 4632 908 1544 4633 909 1544 4634 498 1545 4635 497 1545 4636 908 1545 4637 908 1546 4638 497 1546 4639 910 1546 4640 908 1547 4641 910 1547 4642 911 1547 4643 912 1548 4644 507 1548 4645 913 1548 4646 913 1549 4647 507 1549 4648 506 1549 4649 914 1550 4650 912 1550 4651 915 1550 4652 915 1551 4653 912 1551 4654 913 1551 4655 508 1552 4656 907 1552 4657 509 1552 4658 509 1553 4659 907 1553 4660 887 1553 4661 889 1554 4662 887 1554 4663 909 1554 4664 909 1555 4665 887 1555 4666 907 1555 4667 507 1556 4668 912 1556 4669 497 1556 4670 497 1557 4671 912 1557 4672 910 1557 4673 892 1558 4674 889 1558 4675 908 1558 4676 908 1559 4677 889 1559 4678 909 1559 4679 505 1560 4680 872 1560 4681 506 1560 4682 506 1561 4683 872 1561 4684 913 1561 4685 911 1562 4686 910 1562 4687 914 1562 4688 914 1563 4689 910 1563 4690 912 1563 4691 890 1564 4692 892 1564 4693 911 1564 4694 911 1565 4695 892 1565 4696 908 1565 4697 915 1566 4698 913 1566 4699 874 1566 4700 874 1567 4701 913 1567 4702 872 1567 4703 915 1568 4704 891 1568 4705 914 1568 4706 914 1569 4707 891 1569 4708 890 1569 4709 874 1570 4710 873 1570 4711 891 1570 4712 891 1571 4713 873 1571 4714 893 1571 4715 502 1572 4716 901 1572 4717 503 1572 4718 503 1573 4719 901 1573 4720 875 1573 4721 876 1574 4722 875 1574 4723 899 1574 4724 899 1575 4725 875 1575 4726 901 1575 4727 899 1576 4728 893 1576 4729 876 1576 4730 876 1577 4731 893 1577 4732 873 1577 4733 874 1578 4734 891 1578 4735 915 1578 4736 914 1579 4737 890 1579 4738 911 1579 4739 102 1580 4740 229 1580 4741 595 1580 4742 102 1581 4743 916 1581 4744 68 1581 4745 68 1582 4746 916 1582 4747 855 1582 4748 68 1583 4749 855 1583 4750 211 1583 4751 595 1584 4752 917 1584 4753 918 1584 4754 919 1585 4755 920 1585 4756 595 1585 4757 595 1586 4758 920 1586 4759 921 1586 4760 595 1587 4761 921 1587 4762 922 1587 4763 102 1588 4764 923 1588 4765 924 1588 4766 918 1589 4767 925 1589 4768 595 1589 4769 595 1590 4770 925 1590 4771 926 1590 4772 595 1591 4773 926 1591 4774 919 1591 4775 922 1592 4776 927 1592 4777 595 1592 4778 595 1593 4779 927 1593 4780 928 1593 4781 595 1594 4782 928 1594 4783 102 1594 4784 102 1595 4785 928 1595 4786 929 1595 4787 102 1596 4788 929 1596 4789 923 1596 4790 924 1597 4791 930 1597 4792 102 1597 4793 102 1598 4794 930 1598 4795 931 1598 4796 102 1599 4797 931 1599 4798 916 1599 4799 916 1600 4800 931 1600 4801 932 1600 4802 932 1601 4803 933 1601 4804 916 1601 4805 916 1602 4806 933 1602 4807 934 1602 4808 916 1603 4809 934 1603 4810 935 1603 4811 935 1604 4812 936 1604 4813 916 1604 4814 916 1605 4815 936 1605 4816 937 1605 4817 916 1606 4818 937 1606 4819 938 1606 4820 939 1607 4821 940 1607 4822 941 1607 4823 941 1608 4824 940 1608 4825 917 1608 4826 941 1609 4827 917 1609 4828 942 1609 4829 942 1610 4830 917 1610 4831 595 1610 4832 943 1611 4833 944 1611 4834 945 1611 4835 945 1612 4836 944 1612 4837 916 1612 4838 945 1613 4839 916 1613 4840 946 1613 4841 946 1614 4842 916 1614 4843 938 1614 4844 943 1615 4845 947 1615 4846 944 1615 4847 944 1616 4848 947 1616 4849 948 1616 4850 944 1617 4851 948 1617 4852 949 1617 4853 949 1618 4854 950 1618 4855 944 1618 4856 944 1619 4857 950 1619 4858 951 1619 4859 944 1620 4860 951 1620 4861 952 1620 4862 952 1621 4863 953 1621 4864 944 1621 4865 944 1622 4866 953 1622 4867 954 1622 4868 944 1623 4869 954 1623 4870 941 1623 4871 941 1624 4872 954 1624 4873 955 1624 4874 941 1625 4875 955 1625 4876 939 1625 4877 956 1626 4878 851 1626 4879 848 1626 4880 956 1627 4881 848 1627 4882 957 1627 4883 870 1628 4884 958 1628 4885 871 1628 4886 871 1629 4887 958 1629 4888 959 1629 4889 871 1630 4890 959 1630 4891 864 1630 4892 864 1631 4893 959 1631 4894 960 1631 4895 864 1632 4896 960 1632 4897 865 1632 4898 865 1633 4899 960 1633 4900 961 1633 4901 865 1634 4902 961 1634 4903 860 1634 4904 860 1635 4905 961 1635 4906 962 1635 4907 860 1636 4908 962 1636 4909 861 1636 4910 861 1637 4911 962 1637 4912 957 1637 4913 861 1638 4914 957 1638 4915 847 1638 4916 847 1639 4917 957 1639 4918 848 1639 4919 869 1640 4920 963 1640 4921 870 1640 4922 870 1641 4923 963 1641 4924 964 1641 4925 870 1642 4926 964 1642 4927 958 1642 4928 843 1643 4929 965 1643 4930 869 1643 4931 869 1644 4932 965 1644 4933 966 1644 4934 869 1645 4935 966 1645 4936 963 1645 4937 842 1646 4938 967 1646 4939 843 1646 4940 843 1647 4941 967 1647 4942 968 1647 4943 843 1648 4944 968 1648 4945 965 1648 4946 857 1649 4947 969 1649 4948 842 1649 4949 842 1650 4950 969 1650 4951 970 1650 4952 842 1651 4953 970 1651 4954 967 1651 4955 971 1652 4956 972 1652 4957 857 1652 4958 857 1653 4959 972 1653 4960 973 1653 4961 857 1654 4962 973 1654 4963 969 1654 4964 857 1655 4965 856 1655 4966 971 1655 4967 971 1656 4968 856 1656 4969 855 1656 4970 971 1657 4971 855 1657 4972 916 1657 4973 974 1658 4974 972 1658 4975 944 1658 4976 944 1659 4977 972 1659 4978 971 1659 4979 944 1660 4980 971 1660 4981 916 1660 4982 975 1661 4983 976 1661 4984 967 1661 4985 967 1662 4986 970 1662 4987 975 1662 4988 975 1663 4989 970 1663 4990 969 1663 4991 975 1664 4992 969 1664 4993 974 1664 4994 974 1665 4995 969 1665 4996 973 1665 4997 974 1666 4998 973 1666 4999 972 1666 5000 977 1667 5001 978 1667 5002 963 1667 5003 963 1668 5004 966 1668 5005 977 1668 5006 977 1669 5007 966 1669 5008 965 1669 5009 977 1670 5010 965 1670 5011 976 1670 5012 976 1671 5013 965 1671 5014 968 1671 5015 976 1672 5016 968 1672 5017 967 1672 5018 979 1673 5019 980 1673 5020 960 1673 5021 960 1674 5022 959 1674 5023 979 1674 5024 979 1675 5025 959 1675 5026 958 1675 5027 979 1676 5028 958 1676 5029 978 1676 5030 978 1677 5031 958 1677 5032 964 1677 5033 978 1678 5034 964 1678 5035 963 1678 5036 981 1679 5037 982 1679 5038 956 1679 5039 956 1680 5040 957 1680 5041 981 1680 5042 981 1681 5043 957 1681 5044 962 1681 5045 981 1682 5046 962 1682 5047 980 1682 5048 980 1683 5049 962 1683 5050 961 1683 5051 980 1684 5052 961 1684 5053 960 1684 5054 742 1685 5055 766 1685 5056 851 1685 5057 797 1686 5058 796 1686 5059 983 1686 5060 983 1687 5061 796 1687 5062 820 1687 5063 956 1688 5064 737 1688 5065 738 1688 5066 849 1689 5067 802 1689 5068 801 1689 5069 801 1690 5070 800 1690 5071 849 1690 5072 849 1691 5073 800 1691 5074 799 1691 5075 849 1692 5076 799 1692 5077 983 1692 5078 983 1693 5079 799 1693 5080 798 1693 5081 983 1694 5082 798 1694 5083 797 1694 5084 826 1695 5085 825 1695 5086 983 1695 5087 746 1696 5088 745 1696 5089 839 1696 5090 839 1697 5091 745 1697 5092 840 1697 5093 840 1698 5094 745 1698 5095 841 1698 5096 841 1699 5097 745 1699 5098 744 1699 5099 841 1700 5100 744 1700 5101 743 1700 5102 821 1701 5103 824 1701 5104 983 1701 5105 983 1702 5106 824 1702 5107 823 1702 5108 983 1703 5109 823 1703 5110 826 1703 5111 825 1704 5112 828 1704 5113 983 1704 5114 983 1705 5115 828 1705 5116 827 1705 5117 983 1706 5118 827 1706 5119 956 1706 5120 956 1707 5121 827 1707 5122 830 1707 5123 956 1708 5124 830 1708 5125 829 1708 5126 738 1709 5127 739 1709 5128 956 1709 5129 956 1710 5130 739 1710 5131 740 1710 5132 956 1711 5133 740 1711 5134 851 1711 5135 851 1712 5136 740 1712 5137 741 1712 5138 851 1713 5139 741 1713 5140 742 1713 5141 829 1714 5142 832 1714 5143 956 1714 5144 956 1715 5145 832 1715 5146 831 1715 5147 956 1716 5148 831 1716 5149 835 1716 5150 841 1717 5151 727 1717 5152 956 1717 5153 956 1718 5154 727 1718 5155 726 1718 5156 956 1719 5157 726 1719 5158 729 1719 5159 729 1720 5160 728 1720 5161 956 1720 5162 956 1721 5163 728 1721 5164 731 1721 5165 956 1722 5166 731 1722 5167 730 1722 5168 835 1723 5169 834 1723 5170 956 1723 5171 956 1724 5172 834 1724 5173 833 1724 5174 956 1725 5175 833 1725 5176 841 1725 5177 818 1726 5178 750 1726 5179 749 1726 5180 722 1727 5181 725 1727 5182 841 1727 5183 841 1728 5184 725 1728 5185 724 1728 5186 841 1729 5187 724 1729 5188 727 1729 5189 820 1730 5190 819 1730 5191 983 1730 5192 983 1731 5193 819 1731 5194 822 1731 5195 983 1732 5196 822 1732 5197 821 1732 5198 746 1733 5199 839 1733 5200 747 1733 5201 747 1734 5202 839 1734 5203 838 1734 5204 747 1735 5205 838 1735 5206 748 1735 5207 748 1736 5208 838 1736 5209 837 1736 5210 748 1737 5211 837 1737 5212 749 1737 5213 749 1738 5214 837 1738 5215 836 1738 5216 749 1739 5217 836 1739 5218 818 1739 5219 730 1740 5220 733 1740 5221 956 1740 5222 956 1741 5223 733 1741 5224 732 1741 5225 956 1742 5226 732 1742 5227 736 1742 5228 743 1743 5229 721 1743 5230 841 1743 5231 841 1744 5232 721 1744 5233 723 1744 5234 841 1745 5235 723 1745 5236 722 1745 5237 736 1746 5238 735 1746 5239 956 1746 5240 956 1747 5241 735 1747 5242 734 1747 5243 956 1748 5244 734 1748 5245 737 1748 5246 956 1749 5247 982 1749 5248 983 1749 5249 983 1750 5250 982 1750 5251 984 1750 5252 981 1751 5253 980 1751 5254 646 1751 5255 985 1752 5256 986 1752 5257 684 1752 5258 684 1753 5259 987 1753 5260 664 1753 5261 664 1754 5262 987 1754 5263 988 1754 5264 664 1755 5265 989 1755 5266 645 1755 5267 645 1756 5268 989 1756 5269 990 1756 5270 645 1757 5271 990 1757 5272 991 1757 5273 992 1758 5274 993 1758 5275 645 1758 5276 645 1759 5277 993 1759 5278 984 1759 5279 645 1760 5280 984 1760 5281 646 1760 5282 646 1761 5283 984 1761 5284 982 1761 5285 646 1762 5286 982 1762 5287 981 1762 5288 994 1763 5289 995 1763 5290 684 1763 5291 986 1764 5292 996 1764 5293 684 1764 5294 684 1765 5295 996 1765 5296 997 1765 5297 684 1766 5298 997 1766 5299 987 1766 5300 991 1767 5301 998 1767 5302 645 1767 5303 645 1768 5304 998 1768 5305 999 1768 5306 645 1769 5307 999 1769 5308 1000 1769 5309 1000 1770 5310 1001 1770 5311 645 1770 5312 645 1771 5313 1001 1771 5314 1002 1771 5315 645 1772 5316 1002 1772 5317 992 1772 5318 975 1773 5319 646 1773 5320 976 1773 5321 976 1774 5322 646 1774 5323 977 1774 5324 975 1775 5325 974 1775 5326 646 1775 5327 646 1776 5328 974 1776 5329 944 1776 5330 646 1777 5331 944 1777 5332 684 1777 5333 684 1778 5334 944 1778 5335 941 1778 5336 684 1779 5337 941 1779 5338 994 1779 5339 995 1780 5340 1003 1780 5341 684 1780 5342 684 1781 5343 1003 1781 5344 1004 1781 5345 684 1782 5346 1004 1782 5347 985 1782 5348 980 1783 5349 979 1783 5350 646 1783 5351 646 1784 5352 979 1784 5353 978 1784 5354 646 1785 5355 978 1785 5356 977 1785 5357 988 1786 5358 1005 1786 5359 664 1786 5360 664 1787 5361 1005 1787 5362 1006 1787 5363 664 1788 5364 1006 1788 5365 1007 1788 5366 1007 1789 5367 1008 1789 5368 664 1789 5369 664 1790 5370 1008 1790 5371 1009 1790 5372 664 1791 5373 1009 1791 5374 1010 1791 5375 1010 1792 5376 1011 1792 5377 664 1792 5378 664 1793 5379 1011 1793 5380 1012 1793 5381 664 1794 5382 1012 1794 5383 989 1794 5384 1013 1795 5385 1014 1795 5386 844 1795 5387 1015 1796 5388 854 1796 5389 853 1796 5390 1015 1797 5391 853 1797 5392 1016 1797 5393 1016 1798 5394 853 1798 5395 852 1798 5396 1016 1799 5397 852 1799 5398 1017 1799 5399 846 1800 5400 1018 1800 5401 852 1800 5402 852 1801 5403 1018 1801 5404 1019 1801 5405 852 1802 5406 1019 1802 5407 1017 1802 5408 844 1803 5409 1014 1803 5410 845 1803 5411 1014 1804 5412 1020 1804 5413 845 1804 5414 845 1805 5415 1020 1805 5416 1021 1805 5417 845 1806 5418 1021 1806 5419 846 1806 5420 846 1807 5421 1021 1807 5422 1022 1807 5423 846 1808 5424 1022 1808 5425 1018 1808 5426 1013 1809 5427 844 1809 5428 1023 1809 5429 1023 1810 5430 844 1810 5431 868 1810 5432 1023 1811 5433 868 1811 5434 1024 1811 5435 1024 1812 5436 868 1812 5437 867 1812 5438 1024 1813 5439 867 1813 5440 1025 1813 5441 1025 1814 5442 867 1814 5443 866 1814 5444 1025 1815 5445 866 1815 5446 1026 1815 5447 1026 1816 5448 866 1816 5449 863 1816 5450 1026 1817 5451 863 1817 5452 1027 1817 5453 1027 1818 5454 863 1818 5455 862 1818 5456 1027 1819 5457 862 1819 5458 1028 1819 5459 1028 1820 5460 862 1820 5461 859 1820 5462 1028 1821 5463 859 1821 5464 1029 1821 5465 849 1822 5466 983 1822 5467 850 1822 5468 850 1823 5469 983 1823 5470 1029 1823 5471 850 1824 5472 1029 1824 5473 858 1824 5474 858 1825 5475 1029 1825 5476 859 1825 5477 1018 1826 5478 1022 1826 5479 999 1826 5480 993 1827 5481 992 1827 5482 1026 1827 5483 1026 1828 5484 1027 1828 5485 993 1828 5486 993 1829 5487 1027 1829 5488 1028 1829 5489 993 1830 5490 1028 1830 5491 984 1830 5492 984 1831 5493 1028 1831 5494 1029 1831 5495 984 1832 5496 1029 1832 5497 983 1832 5498 1002 1833 5499 1001 1833 5500 1013 1833 5501 1013 1834 5502 1023 1834 5503 1002 1834 5504 1002 1835 5505 1023 1835 5506 1024 1835 5507 1002 1836 5508 1024 1836 5509 992 1836 5510 992 1837 5511 1024 1837 5512 1025 1837 5513 992 1838 5514 1025 1838 5515 1026 1838 5516 999 1839 5517 1022 1839 5518 1000 1839 5519 1022 1840 5520 1021 1840 5521 1000 1840 5522 1000 1841 5523 1021 1841 5524 1020 1841 5525 1000 1842 5526 1020 1842 5527 1001 1842 5528 1001 1843 5529 1020 1843 5530 1014 1843 5531 1001 1844 5532 1014 1844 5533 1013 1844 5534 1018 1845 5535 999 1845 5536 1019 1845 5537 1019 1846 5538 999 1846 5539 998 1846 5540 1019 1847 5541 998 1847 5542 1017 1847 5543 1017 1848 5544 998 1848 5545 991 1848 5546 1017 1849 5547 991 1849 5548 1016 1849 5549 1016 1850 5550 991 1850 5551 990 1850 5552 1016 1851 5553 990 1851 5554 1015 1851 5555 637 1852 5556 584 1852 5557 582 1852 5558 1030 1853 5559 632 1853 5560 633 1853 5561 768 1854 5562 767 1854 5563 1031 1854 5564 1031 1855 5565 767 1855 5566 774 1855 5567 641 1856 5568 640 1856 5569 793 1856 5570 795 1857 5571 639 1857 5572 638 1857 5573 633 1858 5574 634 1858 5575 1030 1858 5576 1030 1859 5577 634 1859 5578 635 1859 5579 1030 1860 5580 635 1860 5581 582 1860 5582 582 1861 5583 635 1861 5584 636 1861 5585 582 1862 5586 636 1862 5587 637 1862 5588 585 1863 5589 599 1863 5590 772 1863 5591 772 1864 5592 771 1864 5593 585 1864 5594 585 1865 5595 771 1865 5596 770 1865 5597 585 1866 5598 770 1866 5599 1031 1866 5600 1031 1867 5601 770 1867 5602 769 1867 5603 1031 1868 5604 769 1868 5605 768 1868 5606 780 1869 5607 779 1869 5608 1031 1869 5609 639 1870 5610 795 1870 5611 640 1870 5612 640 1871 5613 795 1871 5614 794 1871 5615 640 1872 5616 794 1872 5617 793 1872 5618 775 1873 5619 778 1873 5620 1031 1873 5621 1031 1874 5622 778 1874 5623 777 1874 5624 1031 1875 5625 777 1875 5626 780 1875 5627 779 1876 5628 782 1876 5629 1031 1876 5630 1031 1877 5631 782 1877 5632 781 1877 5633 1031 1878 5634 781 1878 5635 1030 1878 5636 1030 1879 5637 781 1879 5638 784 1879 5639 1030 1880 5640 784 1880 5641 783 1880 5642 795 1881 5643 622 1881 5644 1030 1881 5645 1030 1882 5646 622 1882 5647 621 1882 5648 1030 1883 5649 621 1883 5650 624 1883 5651 624 1884 5652 623 1884 5653 1030 1884 5654 1030 1885 5655 623 1885 5656 626 1885 5657 1030 1886 5658 626 1886 5659 625 1886 5660 783 1887 5661 786 1887 5662 1030 1887 5663 1030 1888 5664 786 1888 5665 785 1888 5666 1030 1889 5667 785 1889 5668 789 1889 5669 617 1890 5670 620 1890 5671 795 1890 5672 795 1891 5673 620 1891 5674 619 1891 5675 795 1892 5676 619 1892 5677 622 1892 5678 789 1893 5679 788 1893 5680 1030 1893 5681 1030 1894 5682 788 1894 5683 787 1894 5684 1030 1895 5685 787 1895 5686 795 1895 5687 592 1896 5688 591 1896 5689 644 1896 5690 774 1897 5691 773 1897 5692 1031 1897 5693 1031 1898 5694 773 1898 5695 776 1898 5696 1031 1899 5697 776 1899 5698 775 1899 5699 625 1900 5700 628 1900 5701 1030 1900 5702 1030 1901 5703 628 1901 5704 627 1901 5705 1030 1902 5706 627 1902 5707 631 1902 5708 641 1903 5709 793 1903 5710 642 1903 5711 642 1904 5712 793 1904 5713 792 1904 5714 642 1905 5715 792 1905 5716 643 1905 5717 643 1906 5718 792 1906 5719 791 1906 5720 643 1907 5721 791 1907 5722 644 1907 5723 644 1908 5724 791 1908 5725 790 1908 5726 644 1909 5727 790 1909 5728 592 1909 5729 638 1910 5730 616 1910 5731 795 1910 5732 795 1911 5733 616 1911 5734 618 1911 5735 795 1912 5736 618 1912 5737 617 1912 5738 631 1913 5739 630 1913 5740 1030 1913 5741 1030 1914 5742 630 1914 5743 629 1914 5744 1030 1915 5745 629 1915 5746 632 1915 5747 987 1916 5748 1031 1916 5749 988 1916 5750 988 1917 5751 1031 1917 5752 1030 1917 5753 1032 1918 5754 1033 1918 5755 578 1918 5756 942 1919 5757 595 1919 5758 594 1919 5759 942 1920 5760 594 1920 5761 1034 1920 5762 1034 1921 5763 594 1921 5764 593 1921 5765 1034 1922 5766 593 1922 5767 1035 1922 5768 580 1923 5769 1036 1923 5770 593 1923 5771 593 1924 5772 1036 1924 5773 1037 1924 5774 593 1925 5775 1037 1925 5776 1035 1925 5777 578 1926 5778 1033 1926 5779 579 1926 5780 1033 1927 5781 1038 1927 5782 579 1927 5783 579 1928 5784 1038 1928 5785 1039 1928 5786 579 1929 5787 1039 1929 5788 580 1929 5789 580 1930 5790 1039 1930 5791 1040 1930 5792 580 1931 5793 1040 1931 5794 1036 1931 5795 1032 1932 5796 578 1932 5797 1041 1932 5798 1041 1933 5799 578 1933 5800 615 1933 5801 1041 1934 5802 615 1934 5803 1042 1934 5804 1042 1935 5805 615 1935 5806 614 1935 5807 1042 1936 5808 614 1936 5809 1043 1936 5810 1043 1937 5811 614 1937 5812 613 1937 5813 1043 1938 5814 613 1938 5815 1044 1938 5816 1044 1939 5817 613 1939 5818 607 1939 5819 1044 1940 5820 607 1940 5821 1045 1940 5822 1045 1941 5823 607 1941 5824 606 1941 5825 1045 1942 5826 606 1942 5827 1046 1942 5828 1046 1943 5829 606 1943 5830 603 1943 5831 1046 1944 5832 603 1944 5833 1047 1944 5834 585 1945 5835 1031 1945 5836 586 1945 5837 586 1946 5838 1031 1946 5839 1047 1946 5840 586 1947 5841 1047 1947 5842 602 1947 5843 602 1948 5844 1047 1948 5845 603 1948 5846 1036 1949 5847 1040 1949 5848 1003 1949 5849 997 1950 5850 996 1950 5851 1044 1950 5852 1044 1951 5853 1045 1951 5854 997 1951 5855 997 1952 5856 1045 1952 5857 1046 1952 5858 997 1953 5859 1046 1953 5860 987 1953 5861 987 1954 5862 1046 1954 5863 1047 1954 5864 987 1955 5865 1047 1955 5866 1031 1955 5867 986 1956 5868 985 1956 5869 1032 1956 5870 1032 1957 5871 1041 1957 5872 986 1957 5873 986 1958 5874 1041 1958 5875 1042 1958 5876 986 1959 5877 1042 1959 5878 996 1959 5879 996 1960 5880 1042 1960 5881 1043 1960 5882 996 1961 5883 1043 1961 5884 1044 1961 5885 1003 1962 5886 1040 1962 5887 1004 1962 5888 1040 1963 5889 1039 1963 5890 1004 1963 5891 1004 1964 5892 1039 1964 5893 1038 1964 5894 1004 1965 5895 1038 1965 5896 985 1965 5897 985 1966 5898 1038 1966 5899 1033 1966 5900 985 1967 5901 1033 1967 5902 1032 1967 5903 1036 1968 5904 1003 1968 5905 1037 1968 5906 1037 1969 5907 1003 1969 5908 995 1969 5909 1037 1970 5910 995 1970 5911 1035 1970 5912 1035 1971 5913 995 1971 5914 994 1971 5915 1035 1972 5916 994 1972 5917 1034 1972 5918 1034 1973 5919 994 1973 5920 941 1973 5921 1034 1974 5922 941 1974 5923 942 1974 5924 587 1975 5925 231 1975 5926 80 1975 5927 30 1976 5928 209 1976 5929 854 1976 5930 587 1977 5931 80 1977 5932 1048 1977 5933 1049 1978 5934 1050 1978 5935 990 1978 5936 990 1979 5937 1050 1979 5938 1051 1979 5939 990 1980 5940 1051 1980 5941 1052 1980 5942 1052 1981 5943 1053 1981 5944 990 1981 5945 990 1982 5946 1053 1982 5947 1054 1982 5948 990 1983 5949 1054 1983 5950 1055 1983 5951 1056 1984 5952 1015 1984 5953 1057 1984 5954 1057 1985 5955 1015 1985 5956 1058 1985 5957 1056 1986 5958 1059 1986 5959 1015 1986 5960 1015 1987 5961 1059 1987 5962 1060 1987 5963 1015 1988 5964 1060 1988 5965 1061 1988 5966 1055 1989 5967 1062 1989 5968 990 1989 5969 990 1990 5970 1062 1990 5971 1063 1990 5972 990 1991 5973 1063 1991 5974 1015 1991 5975 1015 1992 5976 1063 1992 5977 1064 1992 5978 1015 1993 5979 1064 1993 5980 1058 1993 5981 1061 1994 5982 1065 1994 5983 1015 1994 5984 1015 1995 5985 1065 1995 5986 1066 1995 5987 1015 1996 5988 1066 1996 5989 1067 1996 5990 1068 1997 5991 1069 1997 5992 1048 1997 5993 1048 1998 5994 1069 1998 5995 1070 1998 5996 1048 1999 5997 1070 1999 5998 1071 1999 5999 30 2000 6000 854 2000 6001 80 2000 6002 80 2001 6003 854 2001 6004 1015 2001 6005 80 2002 6006 1015 2002 6007 1048 2002 6008 1048 2003 6009 1015 2003 6010 1067 2003 6011 1048 2004 6012 1067 2004 6013 1068 2004 6014 1071 2005 6015 1072 2005 6016 1048 2005 6017 1048 2006 6018 1072 2006 6019 1073 2006 6020 1048 2007 6021 1073 2007 6022 1074 2007 6023 1049 2008 6024 990 2008 6025 1075 2008 6026 1075 2009 6027 990 2009 6028 989 2009 6029 1075 2010 6030 989 2010 6031 1076 2010 6032 1077 2011 6033 989 2011 6034 1078 2011 6035 1078 2012 6036 989 2012 6037 1048 2012 6038 1078 2013 6039 1048 2013 6040 1079 2013 6041 1079 2014 6042 1048 2014 6043 1074 2014 6044 1077 2015 6045 1080 2015 6046 989 2015 6047 989 2016 6048 1080 2016 6049 1081 2016 6050 989 2017 6051 1081 2017 6052 1082 2017 6053 1082 2018 6054 1083 2018 6055 989 2018 6056 989 2019 6057 1083 2019 6058 1084 2019 6059 989 2020 6060 1084 2020 6061 1076 2020 6062 1030 2021 6063 582 2021 6064 571 2021 6065 1030 2022 6066 571 2022 6067 1085 2022 6068 611 2023 6069 1086 2023 6070 612 2023 6071 612 2024 6072 1086 2024 6073 1087 2024 6074 612 2025 6075 1087 2025 6076 608 2025 6077 608 2026 6078 1087 2026 6079 1088 2026 6080 608 2027 6081 1088 2027 6082 609 2027 6083 609 2028 6084 1088 2028 6085 1089 2028 6086 609 2029 6087 1089 2029 6088 604 2029 6089 604 2030 6090 1089 2030 6091 1090 2030 6092 604 2031 6093 1090 2031 6094 605 2031 6095 605 2032 6096 1090 2032 6097 1085 2032 6098 605 2033 6099 1085 2033 6100 570 2033 6101 570 2034 6102 1085 2034 6103 571 2034 6104 610 2035 6105 1091 2035 6106 611 2035 6107 611 2036 6108 1091 2036 6109 1092 2036 6110 611 2037 6111 1092 2037 6112 1086 2037 6113 564 2038 6114 1093 2038 6115 610 2038 6116 610 2039 6117 1093 2039 6118 1094 2039 6119 610 2040 6120 1094 2040 6121 1091 2040 6122 563 2041 6123 1095 2041 6124 564 2041 6125 564 2042 6126 1095 2042 6127 1096 2042 6128 564 2043 6129 1096 2043 6130 1093 2043 6131 589 2044 6132 1097 2044 6133 563 2044 6134 563 2045 6135 1097 2045 6136 1098 2045 6137 563 2046 6138 1098 2046 6139 1095 2046 6140 1099 2047 6141 1100 2047 6142 589 2047 6143 589 2048 6144 1100 2048 6145 1101 2048 6146 589 2049 6147 1101 2049 6148 1097 2049 6149 589 2050 6150 588 2050 6151 1099 2050 6152 1099 2051 6153 588 2051 6154 587 2051 6155 1099 2052 6156 587 2052 6157 1048 2052 6158 1012 2053 6159 1100 2053 6160 989 2053 6161 989 2054 6162 1100 2054 6163 1099 2054 6164 989 2055 6165 1099 2055 6166 1048 2055 6167 1011 2056 6168 1010 2056 6169 1095 2056 6170 1095 2057 6171 1098 2057 6172 1011 2057 6173 1011 2058 6174 1098 2058 6175 1097 2058 6176 1011 2059 6177 1097 2059 6178 1012 2059 6179 1012 2060 6180 1097 2060 6181 1101 2060 6182 1012 2061 6183 1101 2061 6184 1100 2061 6185 1009 2062 6186 1008 2062 6187 1091 2062 6188 1091 2063 6189 1094 2063 6190 1009 2063 6191 1009 2064 6192 1094 2064 6193 1093 2064 6194 1009 2065 6195 1093 2065 6196 1010 2065 6197 1010 2066 6198 1093 2066 6199 1096 2066 6200 1010 2067 6201 1096 2067 6202 1095 2067 6203 1007 2068 6204 1006 2068 6205 1088 2068 6206 1088 2069 6207 1087 2069 6208 1007 2069 6209 1007 2070 6210 1087 2070 6211 1086 2070 6212 1007 2071 6213 1086 2071 6214 1008 2071 6215 1008 2072 6216 1086 2072 6217 1092 2072 6218 1008 2073 6219 1092 2073 6220 1091 2073 6221 1005 2074 6222 988 2074 6223 1030 2074 6224 1030 2075 6225 1085 2075 6226 1005 2075 6227 1005 2076 6228 1085 2076 6229 1090 2076 6230 1005 2077 6231 1090 2077 6232 1006 2077 6233 1006 2078 6234 1090 2078 6235 1089 2078 6236 1006 2079 6237 1089 2079 6238 1088 2079 6239 920 2080 6240 714 2080 6241 921 2080 6242 921 2081 6243 714 2081 6244 713 2081 6245 921 2082 6246 713 2082 6247 922 2082 6248 922 2083 6249 713 2083 6250 712 2083 6251 922 2084 6252 712 2084 6253 927 2084 6254 927 2085 6255 712 2085 6256 704 2085 6257 927 2086 6258 704 2086 6259 928 2086 6260 928 2087 6261 704 2087 6262 703 2087 6263 928 2088 6264 703 2088 6265 929 2088 6266 929 2089 6267 703 2089 6268 702 2089 6269 929 2090 6270 702 2090 6271 923 2090 6272 923 2091 6273 702 2091 6274 689 2091 6275 923 2092 6276 689 2092 6277 924 2092 6278 924 2093 6279 689 2093 6280 688 2093 6281 924 2094 6282 688 2094 6283 930 2094 6284 930 2095 6285 688 2095 6286 711 2095 6287 930 2096 6288 711 2096 6289 931 2096 6290 931 2097 6291 711 2097 6292 710 2097 6293 931 2098 6294 710 2098 6295 932 2098 6296 932 2099 6297 710 2099 6298 709 2099 6299 932 2100 6300 709 2100 6301 933 2100 6302 933 2101 6303 709 2101 6304 692 2101 6305 933 2102 6306 692 2102 6307 934 2102 6308 934 2103 6309 692 2103 6310 691 2103 6311 934 2104 6312 691 2104 6313 935 2104 6314 935 2105 6315 691 2105 6316 690 2105 6317 935 2106 6318 690 2106 6319 936 2106 6320 936 2107 6321 690 2107 6322 687 2107 6323 936 2108 6324 687 2108 6325 937 2108 6326 937 2109 6327 687 2109 6328 686 2109 6329 937 2110 6330 686 2110 6331 938 2110 6332 938 2111 6333 686 2111 6334 685 2111 6335 938 2112 6336 685 2112 6337 946 2112 6338 946 2113 6339 685 2113 6340 701 2113 6341 946 2114 6342 701 2114 6343 945 2114 6344 945 2115 6345 701 2115 6346 700 2115 6347 945 2116 6348 700 2116 6349 943 2116 6350 943 2117 6351 700 2117 6352 699 2117 6353 943 2118 6354 699 2118 6355 947 2118 6356 947 2119 6357 699 2119 6358 698 2119 6359 947 2120 6360 698 2120 6361 948 2120 6362 948 2121 6363 698 2121 6364 697 2121 6365 948 2122 6366 697 2122 6367 949 2122 6368 949 2123 6369 697 2123 6370 696 2123 6371 949 2124 6372 696 2124 6373 950 2124 6374 950 2125 6375 696 2125 6376 693 2125 6377 950 2126 6378 693 2126 6379 951 2126 6380 951 2127 6381 693 2127 6382 694 2127 6383 951 2128 6384 694 2128 6385 952 2128 6386 952 2129 6387 694 2129 6388 695 2129 6389 952 2130 6390 695 2130 6391 953 2130 6392 953 2131 6393 695 2131 6394 708 2131 6395 953 2132 6396 708 2132 6397 954 2132 6398 954 2133 6399 708 2133 6400 707 2133 6401 954 2134 6402 707 2134 6403 955 2134 6404 955 2135 6405 707 2135 6406 706 2135 6407 955 2136 6408 706 2136 6409 939 2136 6410 939 2137 6411 706 2137 6412 705 2137 6413 939 2138 6414 705 2138 6415 940 2138 6416 940 2139 6417 705 2139 6418 720 2139 6419 940 2140 6420 720 2140 6421 917 2140 6422 917 2141 6423 720 2141 6424 719 2141 6425 917 2142 6426 719 2142 6427 918 2142 6428 918 2143 6429 719 2143 6430 718 2143 6431 918 2144 6432 718 2144 6433 925 2144 6434 925 2145 6435 718 2145 6436 717 2145 6437 925 2146 6438 717 2146 6439 926 2146 6440 926 2147 6441 717 2147 6442 716 2147 6443 926 2148 6444 716 2148 6445 919 2148 6446 919 2149 6447 716 2149 6448 715 2149 6449 919 2150 6450 715 2150 6451 920 2150 6452 920 2151 6453 715 2151 6454 714 2151 6455 682 2152 6456 1078 2152 6457 683 2152 6458 683 2153 6459 1078 2153 6460 1079 2153 6461 683 2154 6462 1079 2154 6463 648 2154 6464 648 2155 6465 1079 2155 6466 1074 2155 6467 648 2156 6468 1074 2156 6469 649 2156 6470 649 2157 6471 1074 2157 6472 1073 2157 6473 649 2158 6474 1073 2158 6475 667 2158 6476 667 2159 6477 1073 2159 6478 1072 2159 6479 667 2160 6480 1072 2160 6481 668 2160 6482 668 2161 6483 1072 2161 6484 1071 2161 6485 668 2162 6486 1071 2162 6487 669 2162 6488 669 2163 6489 1071 2163 6490 1070 2163 6491 669 2164 6492 1070 2164 6493 670 2164 6494 670 2165 6495 1070 2165 6496 1069 2165 6497 670 2166 6498 1069 2166 6499 671 2166 6500 671 2167 6501 1069 2167 6502 1068 2167 6503 671 2168 6504 1068 2168 6505 647 2168 6506 647 2169 6507 1068 2169 6508 1067 2169 6509 647 2170 6510 1067 2170 6511 650 2170 6512 650 2171 6513 1067 2171 6514 1066 2171 6515 650 2172 6516 1066 2172 6517 651 2172 6518 651 2173 6519 1066 2173 6520 1065 2173 6521 651 2174 6522 1065 2174 6523 652 2174 6524 652 2175 6525 1065 2175 6526 1061 2175 6527 652 2176 6528 1061 2176 6529 653 2176 6530 653 2177 6531 1061 2177 6532 1060 2177 6533 653 2178 6534 1060 2178 6535 654 2178 6536 654 2179 6537 1060 2179 6538 1059 2179 6539 654 2180 6540 1059 2180 6541 655 2180 6542 655 2181 6543 1059 2181 6544 1056 2181 6545 655 2182 6546 1056 2182 6547 672 2182 6548 672 2183 6549 1056 2183 6550 1057 2183 6551 672 2184 6552 1057 2184 6553 673 2184 6554 673 2185 6555 1057 2185 6556 1058 2185 6557 673 2186 6558 1058 2186 6559 674 2186 6560 674 2187 6561 1058 2187 6562 1064 2187 6563 674 2188 6564 1064 2188 6565 656 2188 6566 656 2189 6567 1064 2189 6568 1063 2189 6569 656 2190 6570 1063 2190 6571 657 2190 6572 657 2191 6573 1063 2191 6574 1062 2191 6575 657 2192 6576 1062 2192 6577 658 2192 6578 658 2193 6579 1062 2193 6580 1055 2193 6581 658 2194 6582 1055 2194 6583 659 2194 6584 659 2195 6585 1055 2195 6586 1054 2195 6587 659 2196 6588 1054 2196 6589 660 2196 6590 660 2197 6591 1054 2197 6592 1053 2197 6593 660 2198 6594 1053 2198 6595 661 2198 6596 661 2199 6597 1053 2199 6598 1052 2199 6599 661 2200 6600 1052 2200 6601 662 2200 6602 662 2201 6603 1052 2201 6604 1051 2201 6605 662 2202 6606 1051 2202 6607 666 2202 6608 666 2203 6609 1051 2203 6610 1050 2203 6611 666 2204 6612 1050 2204 6613 665 2204 6614 665 2205 6615 1050 2205 6616 1049 2205 6617 665 2206 6618 1049 2206 6619 663 2206 6620 663 2207 6621 1049 2207 6622 1075 2207 6623 663 2208 6624 1075 2208 6625 675 2208 6626 675 2209 6627 1075 2209 6628 1076 2209 6629 675 2210 6630 1076 2210 6631 676 2210 6632 676 2211 6633 1076 2211 6634 1084 2211 6635 676 2212 6636 1084 2212 6637 677 2212 6638 677 2213 6639 1084 2213 6640 1083 2213 6641 677 2214 6642 1083 2214 6643 678 2214 6644 678 2215 6645 1083 2215 6646 1082 2215 6647 678 2216 6648 1082 2216 6649 679 2216 6650 679 2217 6651 1082 2217 6652 1081 2217 6653 679 2218 6654 1081 2218 6655 680 2218 6656 680 2219 6657 1081 2219 6658 1080 2219 6659 680 2220 6660 1080 2220 6661 681 2220 6662 681 2221 6663 1080 2221 6664 1077 2221 6665 681 2222 6666 1077 2222 6667 682 2222 6668 682 2223 6669 1077 2223 6670 1078 2223 6671 1102 2224 6672 1103 2224 6673 1104 2224 6674 1104 2225 6675 1103 2225 6676 1105 2225 6677 1104 2226 6678 1105 2226 6679 1106 2226 6680 1106 2227 6681 1105 2227 6682 1107 2227 6683 1106 2228 6684 1107 2228 6685 1108 2228 6686 1108 2229 6687 1107 2229 6688 1109 2229 6689 1108 2230 6690 1109 2230 6691 1110 2230 6692 1110 2231 6693 1109 2231 6694 1111 2231 6695 1110 2232 6696 1111 2232 6697 1112 2232 6698 1112 2233 6699 1111 2233 6700 1113 2233 6701 1114 2234 6702 1115 2234 6703 1116 2234 6704 1116 2235 6705 1115 2235 6706 1117 2235 6707 1116 2236 6708 1117 2236 6709 1118 2236 6710 1118 2237 6711 1117 2237 6712 1119 2237 6713 1118 2238 6714 1119 2238 6715 1120 2238 6716 1120 2239 6717 1119 2239 6718 1121 2239 6719 1120 2240 6720 1121 2240 6721 1122 2240 6722 1122 2241 6723 1121 2241 6724 1123 2241 6725 1122 2242 6726 1123 2242 6727 1124 2242 6728 1124 2243 6729 1123 2243 6730 1125 2243 6731 1120 2244 6732 1122 2244 6733 1106 2244 6734 1106 2245 6735 1122 2245 6736 1104 2245 6737 1126 2246 6738 1108 2246 6739 1127 2246 6740 1127 2247 6741 1108 2247 6742 1118 2247 6743 1127 2248 6744 1118 2248 6745 1128 2248 6746 1126 2249 6747 1129 2249 6748 1108 2249 6749 1108 2250 6750 1129 2250 6751 1130 2250 6752 1108 2251 6753 1130 2251 6754 1131 2251 6755 1132 2252 6756 1120 2252 6757 1133 2252 6758 1133 2253 6759 1120 2253 6760 1134 2253 6761 1135 2254 6762 1106 2254 6763 1136 2254 6764 1136 2255 6765 1106 2255 6766 1137 2255 6767 1135 2256 6768 1138 2256 6769 1106 2256 6770 1106 2257 6771 1138 2257 6772 1139 2257 6773 1106 2258 6774 1139 2258 6775 1140 2258 6776 1132 2259 6777 1141 2259 6778 1120 2259 6779 1120 2260 6780 1141 2260 6781 1142 2260 6782 1120 2261 6783 1142 2261 6784 1143 2261 6785 1131 2262 6786 1144 2262 6787 1108 2262 6788 1108 2263 6789 1144 2263 6790 1145 2263 6791 1108 2264 6792 1145 2264 6793 1146 2264 6794 1140 2265 6795 1147 2265 6796 1106 2265 6797 1106 2266 6798 1147 2266 6799 1148 2266 6800 1106 2267 6801 1148 2267 6802 1120 2267 6803 1120 2268 6804 1148 2268 6805 1149 2268 6806 1120 2269 6807 1149 2269 6808 1134 2269 6809 1150 2270 6810 1151 2270 6811 1118 2270 6812 1118 2271 6813 1151 2271 6814 1152 2271 6815 1118 2272 6816 1152 2272 6817 1128 2272 6818 1146 2273 6819 1153 2273 6820 1108 2273 6821 1108 2274 6822 1153 2274 6823 1154 2274 6824 1108 2275 6825 1154 2275 6826 1106 2275 6827 1106 2276 6828 1154 2276 6829 1155 2276 6830 1106 2277 6831 1155 2277 6832 1137 2277 6833 1143 2278 6834 1156 2278 6835 1120 2278 6836 1120 2279 6837 1156 2279 6838 1157 2279 6839 1120 2280 6840 1157 2280 6841 1118 2280 6842 1118 2281 6843 1157 2281 6844 1158 2281 6845 1118 2282 6846 1158 2282 6847 1159 2282 6848 1159 2283 6849 1160 2283 6850 1118 2283 6851 1118 2284 6852 1160 2284 6853 1161 2284 6854 1118 2285 6855 1161 2285 6856 1150 2285 6857 1116 2286 6858 1118 2286 6859 1110 2286 6860 1110 2287 6861 1118 2287 6862 1108 2287 6863 1162 2288 6864 1163 2288 6865 1114 2288 6866 1164 2289 6867 1110 2289 6868 1165 2289 6869 1165 2290 6870 1110 2290 6871 1112 2290 6872 1165 2291 6873 1112 2291 6874 1166 2291 6875 1167 2292 6876 1168 2292 6877 1116 2292 6878 1164 2293 6879 1169 2293 6880 1110 2293 6881 1110 2294 6882 1169 2294 6883 1170 2294 6884 1110 2295 6885 1170 2295 6886 1171 2295 6887 1171 2296 6888 1172 2296 6889 1110 2296 6890 1110 2297 6891 1172 2297 6892 1173 2297 6893 1110 2298 6894 1173 2298 6895 1174 2298 6896 1168 2299 6897 1175 2299 6898 1116 2299 6899 1116 2300 6900 1175 2300 6901 1176 2300 6902 1116 2301 6903 1176 2301 6904 1114 2301 6905 1114 2302 6906 1176 2302 6907 1177 2302 6908 1114 2303 6909 1177 2303 6910 1162 2303 6911 1178 2304 6912 1179 2304 6913 1116 2304 6914 1116 2305 6915 1179 2305 6916 1180 2305 6917 1116 2306 6918 1180 2306 6919 1167 2306 6920 1174 2307 6921 1181 2307 6922 1110 2307 6923 1110 2308 6924 1181 2308 6925 1182 2308 6926 1110 2309 6927 1182 2309 6928 1116 2309 6929 1116 2310 6930 1182 2310 6931 1183 2310 6932 1116 2311 6933 1183 2311 6934 1178 2311 6935 1119 2312 6936 1117 2312 6937 1109 2312 6938 1109 2313 6939 1117 2313 6940 1111 2313 6941 1184 2314 6942 1185 2314 6943 1107 2314 6944 1107 2315 6945 1185 2315 6946 1186 2315 6947 1187 2316 6948 1188 2316 6949 1109 2316 6950 1188 2317 6951 1189 2317 6952 1109 2317 6953 1109 2318 6954 1189 2318 6955 1190 2318 6956 1109 2319 6957 1190 2319 6958 1119 2319 6959 1119 2320 6960 1190 2320 6961 1191 2320 6962 1191 2321 6963 1192 2321 6964 1119 2321 6965 1119 2322 6966 1192 2322 6967 1193 2322 6968 1119 2323 6969 1193 2323 6970 1194 2323 6971 1186 2324 6972 1195 2324 6973 1107 2324 6974 1107 2325 6975 1195 2325 6976 1196 2325 6977 1107 2326 6978 1196 2326 6979 1197 2326 6980 1194 2327 6981 1198 2327 6982 1119 2327 6983 1119 2328 6984 1198 2328 6985 1199 2328 6986 1119 2329 6987 1199 2329 6988 1200 2329 6989 1201 2330 6990 1121 2330 6991 1202 2330 6992 1202 2331 6993 1121 2331 6994 1119 2331 6995 1202 2332 6996 1119 2332 6997 1203 2332 6998 1203 2333 6999 1119 2333 7000 1200 2333 7001 1204 2334 7002 1205 2334 7003 1121 2334 7004 1121 2335 7005 1205 2335 7006 1206 2335 7007 1121 2336 7008 1206 2336 7009 1107 2336 7010 1107 2337 7011 1206 2337 7012 1207 2337 7013 1107 2338 7014 1207 2338 7015 1184 2338 7016 1109 2339 7017 1208 2339 7018 1209 2339 7019 1197 2340 7020 1210 2340 7021 1107 2340 7022 1107 2341 7023 1210 2341 7024 1211 2341 7025 1107 2342 7026 1211 2342 7027 1109 2342 7028 1109 2343 7029 1211 2343 7030 1212 2343 7031 1109 2344 7032 1212 2344 7033 1208 2344 7034 1209 2345 7035 1213 2345 7036 1109 2345 7037 1109 2346 7038 1213 2346 7039 1214 2346 7040 1109 2347 7041 1214 2347 7042 1187 2347 7043 1201 2348 7044 1215 2348 7045 1121 2348 7046 1121 2349 7047 1215 2349 7048 1216 2349 7049 1121 2350 7050 1216 2350 7051 1217 2350 7052 1217 2351 7053 1218 2351 7054 1121 2351 7055 1121 2352 7056 1218 2352 7057 1219 2352 7058 1121 2353 7059 1219 2353 7060 1204 2353 7061 1123 2354 7062 1121 2354 7063 1105 2354 7064 1105 2355 7065 1121 2355 7066 1107 2355 7067 1220 2356 7068 1221 2356 7069 1125 2356 7070 1222 2357 7071 1223 2357 7072 1123 2357 7073 1224 2358 7074 1105 2358 7075 1225 2358 7076 1225 2359 7077 1105 2359 7078 1103 2359 7079 1225 2360 7080 1103 2360 7081 1226 2360 7082 1224 2361 7083 1227 2361 7084 1105 2361 7085 1105 2362 7086 1227 2362 7087 1228 2362 7088 1105 2363 7089 1228 2363 7090 1229 2363 7091 1223 2364 7092 1230 2364 7093 1123 2364 7094 1123 2365 7095 1230 2365 7096 1231 2365 7097 1123 2366 7098 1231 2366 7099 1232 2366 7100 1232 2367 7101 1233 2367 7102 1123 2367 7103 1123 2368 7104 1233 2368 7105 1234 2368 7106 1123 2369 7107 1234 2369 7108 1125 2369 7109 1125 2370 7110 1234 2370 7111 1235 2370 7112 1125 2371 7113 1235 2371 7114 1220 2371 7115 1229 2372 7116 1236 2372 7117 1105 2372 7118 1105 2373 7119 1236 2373 7120 1237 2373 7121 1105 2374 7122 1237 2374 7123 1238 2374 7124 1238 2375 7125 1239 2375 7126 1105 2375 7127 1105 2376 7128 1239 2376 7129 1240 2376 7130 1105 2377 7131 1240 2377 7132 1123 2377 7133 1123 2378 7134 1240 2378 7135 1241 2378 7136 1123 2379 7137 1241 2379 7138 1222 2379 7139 1242 2380 7140 1102 2380 7141 1243 2380 7142 1243 2381 7143 1102 2381 7144 1104 2381 7145 1244 2382 7146 1245 2382 7147 1122 2382 7148 1246 2383 7149 1247 2383 7150 1104 2383 7151 1248 2384 7152 1249 2384 7153 1124 2384 7154 1124 2385 7155 1249 2385 7156 1250 2385 7157 1124 2386 7158 1250 2386 7159 1122 2386 7160 1122 2387 7161 1250 2387 7162 1251 2387 7163 1122 2388 7164 1251 2388 7165 1244 2388 7166 1245 2389 7167 1252 2389 7168 1122 2389 7169 1122 2390 7170 1252 2390 7171 1253 2390 7172 1122 2391 7173 1253 2391 7174 1254 2391 7175 1255 2392 7176 1243 2392 7177 1256 2392 7178 1256 2393 7179 1243 2393 7180 1104 2393 7181 1256 2394 7182 1104 2394 7183 1257 2394 7184 1257 2395 7185 1104 2395 7186 1258 2395 7187 1254 2396 7188 1259 2396 7189 1122 2396 7190 1122 2397 7191 1259 2397 7192 1260 2397 7193 1122 2398 7194 1260 2398 7195 1104 2398 7196 1104 2399 7197 1260 2399 7198 1261 2399 7199 1104 2400 7200 1261 2400 7201 1246 2400 7202 1247 2401 7203 1262 2401 7204 1104 2401 7205 1104 2402 7206 1262 2402 7207 1263 2402 7208 1104 2403 7209 1263 2403 7210 1258 2403 7211 1124 2404 7212 1125 2404 7213 1248 2404 7214 1248 2405 7215 1125 2405 7216 1221 2405 7217 1103 2406 7218 1102 2406 7219 1226 2406 7220 1226 2407 7221 1102 2407 7222 1242 2407 7223 1264 2408 7224 1113 2408 7225 1265 2408 7226 1265 2409 7227 1113 2409 7228 1111 2409 7229 1266 2410 7230 1267 2410 7231 1117 2410 7232 1268 2411 7233 1269 2411 7234 1111 2411 7235 1270 2412 7236 1271 2412 7237 1115 2412 7238 1115 2413 7239 1271 2413 7240 1272 2413 7241 1115 2414 7242 1272 2414 7243 1117 2414 7244 1117 2415 7245 1272 2415 7246 1273 2415 7247 1117 2416 7248 1273 2416 7249 1266 2416 7250 1267 2417 7251 1274 2417 7252 1117 2417 7253 1117 2418 7254 1274 2418 7255 1275 2418 7256 1117 2419 7257 1275 2419 7258 1276 2419 7259 1277 2420 7260 1265 2420 7261 1278 2420 7262 1278 2421 7263 1265 2421 7264 1111 2421 7265 1278 2422 7266 1111 2422 7267 1279 2422 7268 1279 2423 7269 1111 2423 7270 1280 2423 7271 1276 2424 7272 1281 2424 7273 1117 2424 7274 1117 2425 7275 1281 2425 7276 1282 2425 7277 1117 2426 7278 1282 2426 7279 1111 2426 7280 1111 2427 7281 1282 2427 7282 1283 2427 7283 1111 2428 7284 1283 2428 7285 1268 2428 7286 1269 2429 7287 1284 2429 7288 1111 2429 7289 1111 2430 7290 1284 2430 7291 1285 2430 7292 1111 2431 7293 1285 2431 7294 1280 2431 7295 1115 2432 7296 1114 2432 7297 1270 2432 7298 1270 2433 7299 1114 2433 7300 1163 2433 7301 1112 2434 7302 1113 2434 7303 1166 2434 7304 1166 2435 7305 1113 2435 7306 1264 2435 7307 1265 2436 7308 1277 2436 7309 1165 2436 7310 1165 2437 7311 1277 2437 7312 1164 2437 7313 1264 2438 7314 1265 2438 7315 1166 2438 7316 1166 2439 7317 1265 2439 7318 1165 2439 7319 1225 2440 7320 1226 2440 7321 1243 2440 7322 1243 2441 7323 1226 2441 7324 1242 2441 7325 1224 2442 7326 1225 2442 7327 1255 2442 7328 1255 2443 7329 1225 2443 7330 1243 2443 7331 1164 2444 7332 1277 2444 7333 1169 2444 7334 1169 2445 7335 1277 2445 7336 1278 2445 7337 1169 2446 7338 1278 2446 7339 1170 2446 7340 1170 2447 7341 1278 2447 7342 1279 2447 7343 1170 2448 7344 1279 2448 7345 1171 2448 7346 1171 2449 7347 1279 2449 7348 1280 2449 7349 1171 2450 7350 1280 2450 7351 1172 2450 7352 1172 2451 7353 1280 2451 7354 1285 2451 7355 1172 2452 7356 1285 2452 7357 1173 2452 7358 1173 2453 7359 1285 2453 7360 1284 2453 7361 1173 2454 7362 1284 2454 7363 1174 2454 7364 1174 2455 7365 1284 2455 7366 1269 2455 7367 1174 2456 7368 1269 2456 7369 1181 2456 7370 1181 2457 7371 1269 2457 7372 1268 2457 7373 1181 2458 7374 1268 2458 7375 1182 2458 7376 1182 2459 7377 1268 2459 7378 1283 2459 7379 1182 2460 7380 1283 2460 7381 1183 2460 7382 1183 2461 7383 1283 2461 7384 1282 2461 7385 1183 2462 7386 1282 2462 7387 1178 2462 7388 1178 2463 7389 1282 2463 7390 1281 2463 7391 1178 2464 7392 1281 2464 7393 1179 2464 7394 1179 2465 7395 1281 2465 7396 1276 2465 7397 1179 2466 7398 1276 2466 7399 1180 2466 7400 1180 2467 7401 1276 2467 7402 1275 2467 7403 1180 2468 7404 1275 2468 7405 1167 2468 7406 1167 2469 7407 1275 2469 7408 1274 2469 7409 1167 2470 7410 1274 2470 7411 1168 2470 7412 1168 2471 7413 1274 2471 7414 1267 2471 7415 1168 2472 7416 1267 2472 7417 1175 2472 7418 1175 2473 7419 1267 2473 7420 1266 2473 7421 1175 2474 7422 1266 2474 7423 1176 2474 7424 1176 2475 7425 1266 2475 7426 1273 2475 7427 1176 2476 7428 1273 2476 7429 1177 2476 7430 1177 2477 7431 1273 2477 7432 1272 2477 7433 1177 2478 7434 1272 2478 7435 1162 2478 7436 1162 2479 7437 1272 2479 7438 1271 2479 7439 1224 2480 7440 1255 2480 7441 1227 2480 7442 1227 2481 7443 1255 2481 7444 1256 2481 7445 1227 2482 7446 1256 2482 7447 1228 2482 7448 1228 2483 7449 1256 2483 7450 1257 2483 7451 1228 2484 7452 1257 2484 7453 1229 2484 7454 1229 2485 7455 1257 2485 7456 1258 2485 7457 1229 2486 7458 1258 2486 7459 1236 2486 7460 1236 2487 7461 1258 2487 7462 1263 2487 7463 1236 2488 7464 1263 2488 7465 1237 2488 7466 1237 2489 7467 1263 2489 7468 1262 2489 7469 1237 2490 7470 1262 2490 7471 1238 2490 7472 1238 2491 7473 1262 2491 7474 1247 2491 7475 1238 2492 7476 1247 2492 7477 1239 2492 7478 1239 2493 7479 1247 2493 7480 1246 2493 7481 1239 2494 7482 1246 2494 7483 1240 2494 7484 1240 2495 7485 1246 2495 7486 1261 2495 7487 1240 2496 7488 1261 2496 7489 1241 2496 7490 1241 2497 7491 1261 2497 7492 1260 2497 7493 1241 2498 7494 1260 2498 7495 1222 2498 7496 1222 2499 7497 1260 2499 7498 1259 2499 7499 1222 2500 7500 1259 2500 7501 1223 2500 7502 1223 2501 7503 1259 2501 7504 1254 2501 7505 1223 2502 7506 1254 2502 7507 1230 2502 7508 1230 2503 7509 1254 2503 7510 1253 2503 7511 1230 2504 7512 1253 2504 7513 1231 2504 7514 1231 2505 7515 1253 2505 7516 1252 2505 7517 1231 2506 7518 1252 2506 7519 1232 2506 7520 1232 2507 7521 1252 2507 7522 1245 2507 7523 1232 2508 7524 1245 2508 7525 1233 2508 7526 1233 2509 7527 1245 2509 7528 1244 2509 7529 1233 2510 7530 1244 2510 7531 1234 2510 7532 1234 2511 7533 1244 2511 7534 1251 2511 7535 1234 2512 7536 1251 2512 7537 1235 2512 7538 1235 2513 7539 1251 2513 7540 1250 2513 7541 1235 2514 7542 1250 2514 7543 1220 2514 7544 1220 2515 7545 1250 2515 7546 1249 2515 7547 1271 2516 7548 1270 2516 7549 1162 2516 7550 1162 2517 7551 1270 2517 7552 1163 2517 7553 1221 2518 7554 1220 2518 7555 1248 2518 7556 1248 2519 7557 1220 2519 7558 1249 2519 7559 1206 2520 7560 1148 2520 7561 1207 2520 7562 1207 2521 7563 1148 2521 7564 1147 2521 7565 1207 2522 7566 1147 2522 7567 1184 2522 7568 1184 2523 7569 1147 2523 7570 1140 2523 7571 1184 2524 7572 1140 2524 7573 1185 2524 7574 1185 2525 7575 1140 2525 7576 1139 2525 7577 1185 2526 7578 1139 2526 7579 1186 2526 7580 1186 2527 7581 1139 2527 7582 1138 2527 7583 1186 2528 7584 1138 2528 7585 1195 2528 7586 1195 2529 7587 1138 2529 7588 1135 2529 7589 1195 2530 7590 1135 2530 7591 1196 2530 7592 1196 2531 7593 1135 2531 7594 1136 2531 7595 1196 2532 7596 1136 2532 7597 1197 2532 7598 1197 2533 7599 1136 2533 7600 1137 2533 7601 1197 2534 7602 1137 2534 7603 1210 2534 7604 1210 2535 7605 1137 2535 7606 1155 2535 7607 1210 2536 7608 1155 2536 7609 1211 2536 7610 1211 2537 7611 1155 2537 7612 1154 2537 7613 1211 2538 7614 1154 2538 7615 1212 2538 7616 1212 2539 7617 1154 2539 7618 1153 2539 7619 1212 2540 7620 1153 2540 7621 1208 2540 7622 1208 2541 7623 1153 2541 7624 1146 2541 7625 1208 2542 7626 1146 2542 7627 1209 2542 7628 1209 2543 7629 1146 2543 7630 1145 2543 7631 1209 2544 7632 1145 2544 7633 1213 2544 7634 1213 2545 7635 1145 2545 7636 1144 2545 7637 1213 2546 7638 1144 2546 7639 1214 2546 7640 1214 2547 7641 1144 2547 7642 1131 2547 7643 1214 2548 7644 1131 2548 7645 1187 2548 7646 1187 2549 7647 1131 2549 7648 1130 2549 7649 1187 2550 7650 1130 2550 7651 1188 2550 7652 1188 2551 7653 1130 2551 7654 1129 2551 7655 1188 2552 7656 1129 2552 7657 1189 2552 7658 1189 2553 7659 1129 2553 7660 1126 2553 7661 1189 2554 7662 1126 2554 7663 1190 2554 7664 1190 2555 7665 1126 2555 7666 1127 2555 7667 1190 2556 7668 1127 2556 7669 1191 2556 7670 1191 2557 7671 1127 2557 7672 1128 2557 7673 1191 2558 7674 1128 2558 7675 1192 2558 7676 1192 2559 7677 1128 2559 7678 1152 2559 7679 1192 2560 7680 1152 2560 7681 1193 2560 7682 1193 2561 7683 1152 2561 7684 1151 2561 7685 1193 2562 7686 1151 2562 7687 1194 2562 7688 1194 2563 7689 1151 2563 7690 1150 2563 7691 1194 2564 7692 1150 2564 7693 1198 2564 7694 1198 2565 7695 1150 2565 7696 1161 2565 7697 1198 2566 7698 1161 2566 7699 1199 2566 7700 1199 2567 7701 1161 2567 7702 1160 2567 7703 1199 2568 7704 1160 2568 7705 1200 2568 7706 1200 2569 7707 1160 2569 7708 1159 2569 7709 1200 2570 7710 1159 2570 7711 1203 2570 7712 1203 2571 7713 1159 2571 7714 1158 2571 7715 1203 2572 7716 1158 2572 7717 1202 2572 7718 1202 2573 7719 1158 2573 7720 1157 2573 7721 1202 2574 7722 1157 2574 7723 1201 2574 7724 1201 2575 7725 1157 2575 7726 1156 2575 7727 1201 2576 7728 1156 2576 7729 1215 2576 7730 1215 2577 7731 1156 2577 7732 1143 2577 7733 1215 2578 7734 1143 2578 7735 1216 2578 7736 1216 2579 7737 1143 2579 7738 1142 2579 7739 1216 2580 7740 1142 2580 7741 1217 2580 7742 1217 2581 7743 1142 2581 7744 1141 2581 7745 1217 2582 7746 1141 2582 7747 1218 2582 7748 1218 2583 7749 1141 2583 7750 1132 2583 7751 1218 2584 7752 1132 2584 7753 1219 2584 7754 1219 2585 7755 1132 2585 7756 1133 2585 7757 1219 2586 7758 1133 2586 7759 1204 2586 7760 1204 2587 7761 1133 2587 7762 1134 2587 7763 1204 2588 7764 1134 2588 7765 1205 2588 7766 1205 2589 7767 1134 2589 7768 1149 2589 7769 1205 2590 7770 1149 2590 7771 1206 2590 7772 1206 2591 7773 1149 2591 7774 1148 2591 7775</p>
        </triangles>
      </mesh>
    </geometry>
  </library_geometries>
  <library_visual_scenes>
    <visual_scene id="Scene" name="Scene">
      <node id="Hand_part" name="Hand_part" type="NODE">
        <matrix sid="transform">0.001 0 0 0 0 0.001 0 0 0 0 0.001 0 0 0 0 1</matrix>
        <instance_geometry url="#Hand_part-mesh" name="Hand_part">
          <bind_material>
            <technique_common>
              <instance_material symbol="Material_002-material" target="#Material_002-material">
                <bind_vertex_input semantic="UVMap" input_semantic="TEXCOORD" input_set="0"/>
              </instance_material>
            </technique_common>
          </bind_material>
        </instance_geometry>
      </node>
    </visual_scene>
  </library_visual_scenes>
  <scene>
    <instance_visual_scene url="#Scene"/>
  </scene>
</COLLADA>