<?xml version="1.0" encoding="utf-8"?>
<COLLADA xmlns="http://www.collada.org/2005/11/COLLADASchema" version="1.4.1" xmlns:xsi="http://www.w3.org/2001/XMLSchema-instance">
  <asset>
    <contributor>
      <author>Blender User</author>
      <authoring_tool>Blender 4.1.1 commit date:2024-04-15, commit time:15:11, hash:e1743a0317bc</authoring_tool>
    </contributor>
    <created>2026-06-09T06:24:21</created>
    <modified>2026-06-09T06:24:21</modified>
    <unit name="meter" meter="1"/>
    <up_axis>Z_UP</up_axis>
  </asset>
  <library_effects>
    <effect id="Material_001-effect">
      <profile_COMMON>
        <technique sid="common">
          <lambert>
            <emission>
              <color sid="emission">0 0 0 1</color>
            </emission>
            <diffuse>
              <color sid="diffuse">0.8001417 0.1173542 0.1566236 1</color>
            </diffuse>
            <index_of_refraction>
              <float sid="ior">1.5</float>
            </index_of_refraction>
          </lambert>
        </technique>
      </profile_COMMON>
    </effect>
  </library_effects>
  <library_images/>
  <library_materials>
    <material id="Material_001-material" name="Material.001">
      <instance_effect url="#Material_001-effect"/>
    </material>
  </library_materials>
  <library_geometries>
    <geometry id="ID2_001-mesh" name="ID2.001">
      <mesh>
        <source id="ID2_001-mesh-positions">
          <float_array id="ID2_001-mesh-positions-array" count="19554">-30.07105 -14.98169 5.154663 -32.07104 -14.98169 5.154663 -30.07105 -14.98169 -24.34534 -32.07104 -14.98169 -24.84534 -24.07105 -14.98169 -29.84534 -24.99994 -14.98169 -31.9165 23.92896 -14.98169 -29.84534 25.00006 -14.98169 -31.9165 30.07111 -14.98169 -23.84534 32.0711 -14.98169 -24.84534 30.07111 -14.98169 5.154663 32.0711 -14.98169 5.154663 30.07111 15.01831 5.154663 32.0711 15.01831 5.154663 30.07111 15.01831 -23.84534 32.0711 15.01831 -24.84534 23.92896 15.01831 -29.84534 25.00006 15.01831 -31.9165 -24.07105 15.01831 -29.84534 -24.99994 15.01831 -31.9165 -30.07105 15.01831 -24.34534 -32.07104 15.01831 -24.84534 -30.07105 15.01831 5.154663 -32.07104 15.01831 5.154663 5.908874 -1.023621 -29.84534 6.000061 0.01831054 -29.84534 5.908874 1.060181 -29.84534 5.638184 -2.033813 -29.84534 5.196228 -2.981689 -29.84534 4.596313 -3.83844 -29.84534 -4.596191 3.875 -29.84534 -5.196106 3.018311 -29.84534 -5.638123 2.070374 -29.84534 -3.856689 -4.578003 -29.84534 -2.999939 -5.177856 -29.84534 -2.052063 -5.619873 -29.84534 -4.596191 -3.83844 -29.84534 -5.196106 -2.981689 -29.84534 -5.638123 -2.033813 -29.84534 -3.856689 4.614563 -29.84534 -2.999939 5.214416 -29.84534 -2.052063 5.656433 -29.84534 3.85675 -4.578003 -29.84534 3.000061 -5.177856 -29.84534 2.052185 -5.619873 -29.84534 -5.908813 -1.023621 -29.84534 -5.999939 0.01831054 -29.84534 -5.908813 1.060181 -29.84534 4.596313 3.875 -29.84534 5.196228 3.018311 -29.84534 5.638184 2.070374 -29.84534 1.041931 -5.890564 -29.84534 6.10352e-5 -5.981689 -29.84534 -1.04187 -5.890564 -29.84534 -1.04187 5.927124 -29.84534 6.10352e-5 6.018311 -29.84534 1.041931 5.927124 -29.84534 2.052185 5.656433 -29.84534 3.000061 5.214416 -29.84534 3.85675 4.614563 -29.84534 30.07111 7.516663 1.2207e-4 30.07111 7.516663 5.154663 30.07111 -7.480103 1.2207e-4 30.07111 -7.553406 1.2207e-4 30.07111 -7.553406 5.154663 30.07111 4.786377 -5.634644 30.07111 5.708069 -4.731812 30.07111 -7.342712 -1.282837 30.07111 -6.987366 -2.523193 30.07111 -6.424805 -3.684204 30.07111 -5.671509 -4.731812 30.07111 -4.749817 -5.634644 30.07111 -3.687012 -6.366211 30.07111 6.461365 -3.684204 30.07111 7.023987 -2.523193 30.07111 7.379272 -1.282837 30.07111 1.303711 -7.234375 30.07111 2.551147 -6.904785 30.07111 3.723572 -6.366211 30.07111 -2.514587 -6.904785 30.07111 -1.267151 -7.234375 30.07111 0.01831054 -7.345337 -5.638123 -2.033813 -31.9165 -5.196106 -2.981689 -31.9165 -4.596191 -3.83844 -31.9165 5.196228 -2.981689 -31.9165 5.638184 -2.033813 -31.9165 5.908874 -1.023621 -31.9165 6.000061 0.01831054 -31.9165 5.908874 1.060181 -31.9165 5.638184 2.070374 -31.9165 5.196228 3.018311 -31.9165 4.596313 3.875 -31.9165 -3.856689 -4.578003 -31.9165 -2.999939 -5.177856 -31.9165 -2.052063 -5.619873 -31.9165 3.85675 4.614563 -31.9165 3.000061 5.214416 -31.9165 2.052185 5.656433 -31.9165 -1.04187 5.927124 -31.9165 6.10352e-5 6.018311 -31.9165 1.041931 5.927124 -31.9165 -5.638123 2.070374 -31.9165 -5.908813 1.060181 -31.9165 -5.999939 0.01831054 -31.9165 -5.908813 -1.023621 -31.9165 2.052185 -5.619873 -31.9165 3.000061 -5.177856 -31.9165 -1.04187 -5.890564 -31.9165 6.10352e-5 -5.981689 -31.9165 1.041931 -5.890564 -31.9165 3.85675 -4.578003 -31.9165 4.596313 -3.83844 -31.9165 -2.052063 5.656433 -31.9165 -2.999939 5.214416 -31.9165 -3.856689 4.614563 -31.9165 -4.596191 3.875 -31.9165 -5.196106 3.018311 -31.9165 -32.07104 7.516663 1.2207e-4 -32.07104 7.516663 5.154663 -32.07104 1.303711 -7.234375 -32.07104 2.551147 -6.904785 -32.07104 -7.480103 1.2207e-4 -32.07104 -7.553406 1.2207e-4 -32.07104 -7.553406 5.154663 -32.07104 -7.342712 -1.282837 -32.07104 -6.987366 -2.523193 -32.07104 -6.424805 -3.684204 -32.07104 3.723572 -6.366211 -32.07104 4.786377 -5.634644 -32.07104 5.708069 -4.731812 -32.07104 6.461365 -3.684204 -32.07104 7.023987 -2.523193 -32.07104 7.379272 -1.282837 -32.07104 -5.671509 -4.731812 -32.07104 -4.749817 -5.634644 -32.07104 -3.687012 -6.366211 -32.07104 -2.514587 -6.904785 -32.07104 -1.267151 -7.234375 -32.07104 0.01831054 -7.345337 -30.07105 -7.553406 5.154663 -30.07105 -7.553406 1.2207e-4 -30.07105 6.461365 -3.684204 -30.07105 5.708069 -4.731812 -30.07105 -2.514587 -6.904785 -30.07105 -3.687012 -6.366211 -30.07105 7.516663 5.154663 -30.07105 7.516663 1.2207e-4 -30.07105 7.379272 -1.282837 -30.07105 7.023987 -2.523193 -30.07105 4.786377 -5.634644 -30.07105 3.723572 -6.366211 -30.07105 2.551147 -6.904785 -30.07105 -7.480103 1.2207e-4 -30.07105 -7.342712 -1.282837 -30.07105 -6.987366 -2.523193 -30.07105 -6.424805 -3.684204 -30.07105 1.303711 -7.234375 -30.07105 0.01831054 -7.345337 -30.07105 -1.267151 -7.234375 -30.07105 -4.749817 -5.634644 -30.07105 -5.671509 -4.731812 32.0711 -7.553406 5.154663 32.0711 -7.553406 1.2207e-4 32.0711 6.461365 -3.684204 32.0711 5.708069 -4.731812 32.0711 -2.514587 -6.904785 32.0711 -3.687012 -6.366211 32.0711 7.516663 5.154663 32.0711 7.516663 1.2207e-4 32.0711 7.379272 -1.282837 32.0711 7.023987 -2.523193 32.0711 4.786377 -5.634644 32.0711 3.723572 -6.366211 32.0711 2.551147 -6.904785 32.0711 -7.480103 1.2207e-4 32.0711 -7.342712 -1.282837 32.0711 -6.987366 -2.523193 32.0711 -6.424805 -3.684204 32.0711 1.303711 -7.234375 32.0711 0.01831054 -7.345337 32.0711 -1.267151 -7.234375 32.0711 -4.749817 -5.634644 32.0711 -5.671509 -4.731812 -21.47717 10.25781 -31.9165 -21.49994 10.51831 -31.9165 -23.99994 12.01831 -31.9165 -21.14905 -9.517518 -31.9165 -20.96411 -9.332642 -31.9165 18.59052 -9.968689 -31.9165 18.70099 -9.73169 -31.9165 19.25006 9.219239 -31.9165 18.85095 -9.517518 -31.9165 -20.96411 11.66736 -31.9165 -22.92828 14.31641 -31.9165 -23.2981 13.94666 -31.9165 -19.03577 11.66736 -31.9165 -18.85089 11.48248 -31.9165 21.00006 15.01831 -31.9165 -18.70093 11.26831 -31.9165 -18.59039 11.03131 -31.9165 -18.49994 10.51831 -31.9165 -19.48694 -9.072205 -31.9165 -19.24994 -9.182679 -31.9165 18.59052 10.00525 -31.9165 18.52283 10.25781 -31.9165 -19.03577 -9.332642 -31.9165 21.14911 11.48248 -31.9165 23.29816 13.94666 -31.9165 20.96423 11.66736 -31.9165 22.92841 14.31641 -31.9165 20.75006 11.81732 -31.9165 20.96423 -11.6308 -31.9165 20.75006 -11.78076 -31.9165 22.50006 -14.57977 -31.9165 -21.49994 -10.48169 -31.9165 -21.47717 -10.22125 -31.9165 -23.99994 -11.98169 -31.9165 -21.40949 -9.968689 -31.9165 -21.29901 -9.73169 -31.9165 -21.14905 11.48248 -31.9165 -22.49994 14.61633 -31.9165 -20.74994 11.81732 -31.9165 -22.026 14.83734 -31.9165 -20.513 11.9278 -31.9165 -21.52087 14.97272 -31.9165 19.03589 -9.332642 -31.9165 19.25006 -9.182679 -31.9165 19.487 -9.072205 -31.9165 21.29907 11.26831 -31.9165 21.40961 11.03131 -31.9165 24.00006 12.01831 -31.9165 21.47723 10.77875 -31.9165 21.50006 10.51831 -31.9165 20.75006 -9.182679 -31.9165 20.96423 -9.332642 -31.9165 21.00006 -14.98169 -31.9165 -18.70093 -11.23169 -31.9165 -18.85089 -11.44592 -31.9165 -21.29901 -11.23169 -31.9165 -21.40949 -10.99475 -31.9165 -21.47717 -10.74219 -31.9165 -21.47717 10.77875 -31.9165 -21.40949 11.03131 -31.9165 -23.95435 12.53925 -31.9165 -21.29901 11.26831 -31.9165 -23.81903 13.04431 -31.9165 -23.59802 13.51831 -31.9165 -20.99994 15.01831 -31.9165 -20.26044 11.99548 -31.9165 -19.99994 12.01831 -31.9165 -19.7395 11.99548 -31.9165 -19.48694 11.9278 -31.9165 -19.24994 11.81732 -31.9165 -18.59039 -9.968689 -31.9165 19.03589 9.369202 -31.9165 22.50006 14.61633 -31.9165 22.02612 14.83734 -31.9165 20.51306 11.9278 -31.9165 21.521 14.97272 -31.9165 20.2605 11.99548 -31.9165 20.00006 12.01831 -31.9165 21.47723 -10.22125 -31.9165 21.50006 -10.48169 -31.9165 24.00006 -11.98169 -31.9165 22.02612 -14.80078 -31.9165 20.51306 -11.89124 -31.9165 21.521 -14.93616 -31.9165 -19.03577 -11.6308 -31.9165 -19.24994 -11.78076 -31.9165 -20.99994 -14.98169 -31.9165 -19.48694 -11.89124 -31.9165 -19.7395 -11.95892 -31.9165 -21.14905 -11.44592 -31.9165 -23.2981 -13.91009 -31.9165 -20.96411 -11.6308 -31.9165 -22.92828 -14.27985 -31.9165 -20.74994 -11.78076 -31.9165 -23.95435 -12.50269 -31.9165 -23.81903 -13.00775 -31.9165 -23.59802 -13.48169 -31.9165 -20.74994 -9.182679 -31.9165 -20.513 -9.072205 -31.9165 -18.59039 10.00525 -31.9165 -20.26044 -9.004517 -31.9165 -18.52277 10.25781 -31.9165 -19.99994 -8.98169 -31.9165 -19.7395 -9.004517 -31.9165 -18.70093 9.768311 -31.9165 -18.85089 9.554078 -31.9165 -20.26044 9.041077 -31.9165 -20.513 9.108765 -31.9165 -20.74994 9.219239 -31.9165 -20.96411 9.369202 -31.9165 -18.52277 10.77875 -31.9165 -18.52277 -10.22125 -31.9165 20.00006 -11.98169 -31.9165 19.73956 -11.95892 -31.9165 18.50006 10.51831 -31.9165 18.52283 10.77875 -31.9165 18.59052 11.03131 -31.9165 19.25006 11.81732 -31.9165 19.487 11.9278 -31.9165 19.73956 11.99548 -31.9165 23.95447 12.53925 -31.9165 23.81915 13.04431 -31.9165 23.59815 13.51831 -31.9165 21.14911 -9.517518 -31.9165 21.29907 -9.73169 -31.9165 21.40961 -9.968689 -31.9165 21.47723 -10.74219 -31.9165 21.40961 -10.99475 -31.9165 23.95447 -12.50269 -31.9165 21.29907 -11.23169 -31.9165 23.81915 -13.00775 -31.9165 21.14911 -11.44592 -31.9165 -19.99994 -11.98169 -31.9165 -20.26044 -11.95892 -31.9165 -21.52087 -14.93616 -31.9165 -20.513 -11.89124 -31.9165 -22.026 -14.80078 -31.9165 -22.49994 -14.57977 -31.9165 19.25006 -11.78076 -31.9165 19.03589 -11.6308 -31.9165 18.85095 -11.44592 -31.9165 18.70099 -11.23169 -31.9165 18.59052 -10.99475 -31.9165 18.52283 -10.74219 -31.9165 18.50006 -10.48169 -31.9165 18.52283 -10.22125 -31.9165 18.70099 11.26831 -31.9165 18.85095 11.48248 -31.9165 19.03589 11.66736 -31.9165 22.92841 -14.27985 -31.9165 23.29816 -13.91009 -31.9165 23.59815 -13.48169 -31.9165 20.2605 -11.95892 -31.9165 -21.14905 9.554078 -31.9165 -21.29901 9.768311 -31.9165 -21.40949 10.00525 -31.9165 -18.85089 -9.517518 -31.9165 -18.70093 -9.73169 -31.9165 18.70099 9.768311 -31.9165 18.85095 9.554078 -31.9165 19.487 -11.89124 -31.9165 -18.49994 -10.48169 -31.9165 -18.52277 -10.74219 -31.9165 -18.59039 -10.99475 -31.9165 -19.03577 9.369202 -31.9165 -19.24994 9.219239 -31.9165 -19.48694 9.108765 -31.9165 21.47723 10.25781 -31.9165 21.40961 10.00525 -31.9165 21.29907 9.768311 -31.9165 21.14911 9.554078 -31.9165 20.96423 9.369202 -31.9165 20.75006 9.219239 -31.9165 20.51306 -9.072205 -31.9165 20.51306 9.108765 -31.9165 20.2605 -9.004517 -31.9165 20.2605 9.041077 -31.9165 20.00006 -8.98169 -31.9165 20.00006 9.018311 -31.9165 19.73956 -9.004517 -31.9165 19.73956 9.041077 -31.9165 19.487 9.108765 -31.9165 -19.7395 9.041077 -31.9165 -19.99994 9.018311 -31.9165 24.00006 12.01831 -37.9165 23.95447 12.53925 -37.9165 23.81915 13.04431 -37.9165 23.59815 13.51831 -37.9165 23.29816 13.94666 -37.9165 22.92841 14.31641 -37.9165 22.50006 14.61633 -37.9165 22.02612 14.83734 -37.9165 21.521 14.97272 -37.9165 21.00006 15.01831 -37.9165 24.00006 -11.98169 -37.9165 21.00006 -14.98169 -37.9165 21.521 -14.93616 -37.9165 22.02612 -14.80078 -37.9165 22.50006 -14.57977 -37.9165 22.92841 -14.27985 -37.9165 23.29816 -13.91009 -37.9165 23.59815 -13.48169 -37.9165 23.81915 -13.00775 -37.9165 23.95447 -12.50269 -37.9165 -23.99994 -11.98169 -37.9165 -23.95435 -12.50269 -37.9165 -23.81903 -13.00775 -37.9165 -23.59802 -13.48169 -37.9165 -23.2981 -13.91009 -37.9165 -22.92828 -14.27985 -37.9165 -22.49994 -14.57977 -37.9165 -22.026 -14.80078 -37.9165 -21.52087 -14.93616 -37.9165 -20.99994 -14.98169 -37.9165 -23.99994 12.01831 -37.9165 -20.99994 15.01831 -37.9165 -21.52087 14.97272 -37.9165 -22.026 14.83734 -37.9165 -22.49994 14.61633 -37.9165 -22.92828 14.31641 -37.9165 -23.2981 13.94666 -37.9165 -23.59802 13.51831 -37.9165 -23.81903 13.04431 -37.9165 -23.95435 12.53925 -37.9165 20.00006 -11.98169 -36.9165 19.73956 -11.95892 -36.9165 19.487 -11.89124 -36.9165 19.25006 -11.78076 -36.9165 19.03589 -11.6308 -36.9165 18.85095 -11.44592 -36.9165 18.70099 -11.23169 -36.9165 18.59052 -10.99475 -36.9165 18.52283 -10.74219 -36.9165 18.50006 -10.48169 -36.9165 18.52283 -10.22125 -36.9165 18.59052 -9.968689 -36.9165 18.70099 -9.73169 -36.9165 18.85095 -9.517518 -36.9165 19.03589 -9.332642 -36.9165 19.25006 -9.182679 -36.9165 19.487 -9.072205 -36.9165 19.73956 -9.004517 -36.9165 20.00006 -8.98169 -36.9165 20.2605 -9.004517 -36.9165 20.51306 -9.072205 -36.9165 20.75006 -9.182679 -36.9165 20.96423 -9.332642 -36.9165 21.14911 -9.517518 -36.9165 21.29907 -9.73169 -36.9165 21.40961 -9.968689 -36.9165 21.47723 -10.22125 -36.9165 21.50006 -10.48169 -36.9165 21.47723 -10.74219 -36.9165 21.40961 -10.99475 -36.9165 21.29907 -11.23169 -36.9165 21.14911 -11.44592 -36.9165 20.96423 -11.6308 -36.9165 20.75006 -11.78076 -36.9165 20.51306 -11.89124 -36.9165 20.2605 -11.95892 -36.9165 -19.99994 -11.98169 -36.9165 -20.26044 -11.95892 -36.9165 -20.513 -11.89124 -36.9165 -20.74994 -11.78076 -36.9165 -20.96411 -11.6308 -36.9165 -21.14905 -11.44592 -36.9165 -21.29901 -11.23169 -36.9165 -21.40949 -10.99475 -36.9165 -21.47717 -10.74219 -36.9165 -21.49994 -10.48169 -36.9165 -21.47717 -10.22125 -36.9165 -21.40949 -9.968689 -36.9165 -21.29901 -9.73169 -36.9165 -21.14905 -9.517518 -36.9165 -20.96411 -9.332642 -36.9165 -20.74994 -9.182679 -36.9165 -20.513 -9.072205 -36.9165 -20.26044 -9.004517 -36.9165 -19.99994 -8.98169 -36.9165 -19.7395 -9.004517 -36.9165 -19.48694 -9.072205 -36.9165 -19.24994 -9.182679 -36.9165 -19.03577 -9.332642 -36.9165 -18.85089 -9.517518 -36.9165 -18.70093 -9.73169 -36.9165 -18.59039 -9.968689 -36.9165 -18.52277 -10.22125 -36.9165 -18.49994 -10.48169 -36.9165 -18.52277 -10.74219 -36.9165 -18.59039 -10.99475 -36.9165 -18.70093 -11.23169 -36.9165 -18.85089 -11.44592 -36.9165 -19.03577 -11.6308 -36.9165 -19.24994 -11.78076 -36.9165 -19.48694 -11.89124 -36.9165 -19.7395 -11.95892 -36.9165 20.00006 9.018311 -36.9165 19.73956 9.041077 -36.9165 19.487 9.108765 -36.9165 19.25006 9.219239 -36.9165 19.03589 9.369202 -36.9165 18.85095 9.554078 -36.9165 18.70099 9.768311 -36.9165 18.59052 10.00525 -36.9165 18.52283 10.25781 -36.9165 18.50006 10.51831 -36.9165 18.52283 10.77875 -36.9165 18.59052 11.03131 -36.9165 18.70099 11.26831 -36.9165 18.85095 11.48248 -36.9165 19.03589 11.66736 -36.9165 19.25006 11.81732 -36.9165 19.487 11.9278 -36.9165 19.73956 11.99548 -36.9165 20.00006 12.01831 -36.9165 20.2605 11.99548 -36.9165 20.51306 11.9278 -36.9165 20.75006 11.81732 -36.9165 20.96423 11.66736 -36.9165 21.14911 11.48248 -36.9165 21.29907 11.26831 -36.9165 21.40961 11.03131 -36.9165 21.47723 10.77875 -36.9165 21.50006 10.51831 -36.9165 21.47723 10.25781 -36.9165 21.40961 10.00525 -36.9165 21.29907 9.768311 -36.9165 21.14911 9.554078 -36.9165 20.96423 9.369202 -36.9165 20.75006 9.219239 -36.9165 20.51306 9.108765 -36.9165 20.2605 9.041077 -36.9165 -19.99994 9.018311 -36.9165 -20.26044 9.041077 -36.9165 -20.513 9.108765 -36.9165 -20.74994 9.219239 -36.9165 -20.96411 9.369202 -36.9165 -21.14905 9.554078 -36.9165 -21.29901 9.768311 -36.9165 -21.40949 10.00525 -36.9165 -21.47717 10.25781 -36.9165 -21.49994 10.51831 -36.9165 -21.47717 10.77875 -36.9165 -21.40949 11.03131 -36.9165 -21.29901 11.26831 -36.9165 -21.14905 11.48248 -36.9165 -20.96411 11.66736 -36.9165 -20.74994 11.81732 -36.9165 -20.513 11.9278 -36.9165 -20.26044 11.99548 -36.9165 -19.99994 12.01831 -36.9165 -19.7395 11.99548 -36.9165 -19.48694 11.9278 -36.9165 -19.24994 11.81732 -36.9165 -19.03577 11.66736 -36.9165 -18.85089 11.48248 -36.9165 -18.70093 11.26831 -36.9165 -18.59039 11.03131 -36.9165 -18.52277 10.77875 -36.9165 -18.49994 10.51831 -36.9165 -18.52277 10.25781 -36.9165 -18.59039 10.00525 -36.9165 -18.70093 9.768311 -36.9165 -18.85089 9.554078 -36.9165 -19.03577 9.369202 -36.9165 -19.24994 9.219239 -36.9165 -19.48694 9.108765 -36.9165 -19.7395 9.041077 -36.9165 17.40198 12.01831 -36.9165 17.70191 12.44666 -36.9165 18.07166 12.81641 -36.9165 18.50006 13.11633 -36.9165 18.974 13.33734 -36.9165 19.47913 13.47272 -36.9165 20.00006 13.51831 -36.9165 20.521 13.47272 -36.9165 21.02612 13.33734 -36.9165 21.50006 13.11633 -36.9165 21.92841 12.81641 -36.9165 22.29816 12.44666 -36.9165 22.59815 12.01831 -36.9165 22.81915 11.54431 -36.9165 22.95447 11.03925 -36.9165 23.00006 10.51831 -36.9165 22.95447 9.997315 -36.9165 22.81915 9.492249 -36.9165 22.59815 9.018311 -36.9165 22.29816 8.589905 -36.9165 21.92841 8.220154 -36.9165 21.50006 7.920227 -36.9165 21.02612 7.699219 -36.9165 20.521 7.563843 -36.9165 20.00006 7.518311 -36.9165 19.47913 7.563843 -36.9165 18.974 7.699219 -36.9165 18.50006 7.920227 -36.9165 18.07166 8.220154 -36.9165 17.70191 8.589905 -36.9165 17.40198 9.018311 -36.9165 17.18097 9.492249 -36.9165 17.04566 9.997315 -36.9165 17.00006 10.51831 -36.9165 17.04566 11.03925 -36.9165 17.18097 11.54431 -36.9165 -19.479 -7.527283 -36.9165 -18.97388 -7.662659 -36.9165 -18.49994 -7.883667 -36.9165 -18.07159 -8.183594 -36.9165 -17.70184 -8.553345 -36.9165 -17.40186 -8.98169 -36.9165 -17.18085 -9.455689 -36.9165 -17.04553 -9.960755 -36.9165 -16.99994 -10.48169 -36.9165 -17.04553 -11.00269 -36.9165 -17.18085 -11.50775 -36.9165 -17.40186 -11.98169 -36.9165 -17.70184 -12.41009 -36.9165 -18.07159 -12.77985 -36.9165 -18.49994 -13.07977 -36.9165 -18.97388 -13.30078 -36.9165 -19.479 -13.43616 -36.9165 -19.99994 -13.48169 -36.9165 -20.52087 -13.43616 -36.9165 -21.026 -13.30078 -36.9165 -21.49994 -13.07977 -36.9165 -21.92835 -12.77985 -36.9165 -22.2981 -12.41009 -36.9165 -22.59802 -11.98169 -36.9165 -22.81903 -11.50775 -36.9165 -22.95435 -11.00269 -36.9165 -22.99994 -10.48169 -36.9165 -22.95435 -9.960755 -36.9165 -22.81903 -9.455689 -36.9165 -22.59802 -8.98169 -36.9165 -22.2981 -8.553345 -36.9165 -21.92835 -8.183594 -36.9165 -21.49994 -7.883667 -36.9165 -21.026 -7.662659 -36.9165 -20.52087 -7.527283 -36.9165 -19.99994 -7.481689 -36.9165 22.95447 -9.960755 -36.9165 23.00006 -10.48169 -36.9165 22.95447 -11.00269 -36.9165 22.81915 -11.50775 -36.9165 22.59815 -11.98169 -36.9165 22.29816 -12.41009 -36.9165 21.92841 -12.77985 -36.9165 21.50006 -13.07977 -36.9165 21.02612 -13.30078 -36.9165 20.521 -13.43616 -36.9165 20.00006 -13.48169 -36.9165 19.47913 -13.43616 -36.9165 18.974 -13.30078 -36.9165 18.50006 -13.07977 -36.9165 18.07166 -12.77985 -36.9165 17.70191 -12.41009 -36.9165 17.40198 -11.98169 -36.9165 17.18097 -11.50775 -36.9165 17.04566 -11.00269 -36.9165 17.00006 -10.48169 -36.9165 17.04566 -9.960755 -36.9165 17.18097 -9.455689 -36.9165 17.40198 -8.98169 -36.9165 17.70191 -8.553345 -36.9165 18.07166 -8.183594 -36.9165 18.50006 -7.883667 -36.9165 18.974 -7.662659 -36.9165 19.47913 -7.527283 -36.9165 20.00006 -7.481689 -36.9165 20.521 -7.527283 -36.9165 21.02612 -7.662659 -36.9165 21.50006 -7.883667 -36.9165 21.92841 -8.183594 -36.9165 22.29816 -8.553345 -36.9165 22.59815 -8.98169 -36.9165 22.81915 -9.455689 -36.9165 -2.999939 11.48828 -36.9165 -3.999939 10.48828 -36.9165 -12.84998 12.86829 -36.9165 -3.999939 4.018311 -36.9165 12.85004 -12.83173 -36.9165 4.000061 -10.45172 -36.9165 4.000061 -3.981689 -36.9165 -10.46997 4.018311 -36.9165 -11.46997 3.018311 -36.9165 -12.84998 -12.83173 -36.9165 -11.46997 -2.981689 -36.9165 -10.46997 -3.981689 -36.9165 -3.999939 -3.981689 -36.9165 -3.999939 -10.45172 -36.9165 -2.999939 -11.45172 -36.9165 3.000061 -11.45172 -36.9165 10.47003 -3.981689 -36.9165 11.47003 -2.981689 -36.9165 12.85004 12.86829 -36.9165 11.47003 3.018311 -36.9165 10.47003 4.018311 -36.9165 3.000061 11.48828 -36.9165 4.000061 10.48828 -36.9165 4.000061 4.018311 -36.9165 -21.026 13.33734 -36.9165 -20.52087 13.47272 -36.9165 -19.99994 13.51831 -36.9165 -19.479 13.47272 -36.9165 -18.97388 13.33734 -36.9165 -18.49994 13.11633 -36.9165 -18.07159 12.81641 -36.9165 -17.70184 12.44666 -36.9165 -17.40186 12.01831 -36.9165 -17.18085 11.54431 -36.9165 -17.04553 11.03925 -36.9165 -16.99994 10.51831 -36.9165 -17.04553 9.997315 -36.9165 -17.18085 9.492249 -36.9165 -17.40186 9.018311 -36.9165 -17.70184 8.589905 -36.9165 -18.07159 8.220154 -36.9165 -18.49994 7.920227 -36.9165 -18.97388 7.699219 -36.9165 -19.479 7.563843 -36.9165 -19.99994 7.518311 -36.9165 -20.52087 7.563843 -36.9165 -21.026 7.699219 -36.9165 -21.49994 7.920227 -36.9165 -21.92835 8.220154 -36.9165 -22.2981 8.589905 -36.9165 -22.59802 9.018311 -36.9165 -22.81903 9.492249 -36.9165 -22.95435 9.997315 -36.9165 -22.99994 10.51831 -36.9165 -22.95435 11.03925 -36.9165 -22.81903 11.54431 -36.9165 -22.59802 12.01831 -36.9165 -22.2981 12.44666 -36.9165 -21.92835 12.81641 -36.9165 -21.49994 13.11633 -36.9165 -21.49994 -7.883667 -37.9165 -21.92835 -8.183594 -37.9165 -21.92835 8.220154 -37.9165 -22.99994 10.51831 -37.9165 -22.95435 11.03925 -37.9165 -22.81903 11.54431 -37.9165 -22.2981 8.589905 -37.9165 -22.59802 -8.98169 -37.9165 -22.2981 -8.553345 -37.9165 -21.92835 -12.77985 -37.9165 -22.2981 -12.41009 -37.9165 -20.22778 14.9093 -37.9165 -20.41699 14.82727 -37.9165 -22.2981 12.44666 -37.9165 -22.59802 12.01831 -37.9165 -22.59802 -11.98169 -37.9165 -22.81903 -11.50775 -37.9165 -22.95435 -11.00269 -37.9165 -20.98254 14.17474 -37.9165 -20.99561 14.09674 -37.9165 -22.95435 9.997315 -37.9165 -22.81903 9.492249 -37.9165 -22.59802 9.018311 -37.9165 -22.81903 -9.455689 -37.9165 -22.95435 -9.960755 -37.9165 -22.99994 -10.48169 -37.9165 -20.58576 -14.68884 -37.9165 -20.41699 -14.79071 -37.9165 -20.22778 -14.87274 -37.9165 -21.49994 13.11633 -37.9165 -20.99994 14.01831 -37.9165 -21.026 13.33734 -37.9165 -20.99994 13.34668 -37.9165 -20.99994 -13.98169 -37.9165 -20.99561 -14.06018 -37.9165 -19.58576 15.01831 -37.9165 -19.80695 15.00598 -37.9165 -20.02277 14.96936 -37.9165 -21.026 7.699219 -37.9165 -20.99994 7.68988 -37.9165 -20.99994 -7.65332 -37.9165 -20.02277 -14.9328 -37.9165 -19.80695 -14.96942 -37.9165 -19.58576 -14.98169 -37.9165 -21.92835 12.81641 -37.9165 -21.49994 7.920227 -37.9165 -21.026 -7.662659 -37.9165 -20.99994 -13.31012 -37.9165 -21.026 -13.30078 -37.9165 -21.49994 -13.07977 -37.9165 -20.98254 -14.13818 -37.9165 -20.96088 -14.21515 -37.9165 -20.93073 14.32727 -37.9165 -20.96088 14.25171 -37.9165 -20.93073 -14.29071 -37.9165 -20.89227 -14.36438 -37.9165 -20.84583 14.47229 -37.9165 -20.89227 14.40094 -37.9165 -20.58576 14.7254 -37.9165 -20.72986 14.60608 -37.9165 -20.79157 14.54077 -37.9165 -20.84583 -14.43573 -37.9165 -20.79157 -14.50421 -37.9165 -20.72986 -14.56952 -37.9165 -17.54248 8.797547 -41.3739 -17.28101 9.250428 -41.63537 -17.40186 9.018311 -41.51453 -17.10217 9.741822 -41.81421 -17.18085 9.492249 -41.73547 -17.01135 10.25684 -41.90503 -17.04553 9.997315 -41.87085 -17.01135 10.77972 -41.90503 -16.99994 10.51831 -41.9165 -17.10217 11.29474 -41.81421 -17.04553 11.03925 -41.87085 -17.28101 11.78613 -41.63537 -17.18085 11.54431 -41.73547 -17.70184 12.44666 -41.2146 -17.54248 12.23901 -41.3739 -17.40186 12.01831 -41.51453 -18.07159 12.81641 -40.84485 -18.49994 13.11633 -40.4165 -18.97388 13.33734 -39.9425 -19.479 13.47272 -39.43738 -19.99994 13.51831 -38.9165 -20.52087 13.47272 -38.39551 -17.70184 8.589905 -41.2146 -18.07159 8.220154 -40.84485 -18.49994 7.920227 -40.4165 -18.97388 7.699219 -39.9425 -19.479 7.563843 -39.43738 -19.99994 7.518311 -38.9165 -20.52087 7.563843 -38.39551 12.85004 12.86829 -67.91651 12.85004 -12.83173 -67.91651 6.10352e-5 12.86829 -52.51648 -1.315552 12.86829 -53.43762 -1.212402 12.86829 -53.21643 0.243164 12.86829 -52.53772 0.4788818 12.86829 -52.60083 0.7000733 12.86829 -52.70398 0.8999634 12.86829 -52.84399 1.07251 12.86829 -53.0166 1.212463 12.86829 -53.21643 1.378784 12.86829 -54.15954 1.315613 12.86829 -54.39526 1.212463 12.86829 -54.61645 1.07251 12.86829 -54.81641 0.8999634 12.86829 -54.98889 0.7000733 12.86829 -55.12891 0.4788818 12.86829 -55.23205 -0.2430419 12.86829 -55.29516 -12.84998 12.86829 -67.91651 6.10352e-5 12.86829 -55.31641 0.243164 12.86829 -55.29516 -1.072388 12.86829 -53.0166 -0.8998413 12.86829 -52.84399 -0.6999512 12.86829 -52.70398 -0.4787598 12.86829 -52.60083 -0.2430419 12.86829 -52.53772 1.315613 12.86829 -53.43762 1.378784 12.86829 -53.67334 1.400024 12.86829 -53.9165 -0.4787598 12.86829 -55.23205 -0.6999512 12.86829 -55.12891 -0.8998413 12.86829 -54.98889 -1.072388 12.86829 -54.81641 -1.212402 12.86829 -54.61645 -1.315552 12.86829 -54.39526 -1.378662 12.86829 -54.15954 -1.399963 12.86829 -53.9165 -1.378662 12.86829 -53.67334 -12.84998 -12.83173 -67.91651 1.315613 -12.83173 -53.43762 1.212463 -12.83173 -53.21643 1.07251 -12.83173 -53.0166 -0.4787598 -12.83173 -52.60083 -0.6999512 -12.83173 -52.70398 0.8999634 -12.83173 -52.84399 0.7000733 -12.83173 -52.70398 0.4788818 -12.83173 -52.60083 0.8999634 -12.83173 -54.98889 0.7000733 -12.83173 -55.12891 0.4788818 -12.83173 -55.23205 1.07251 -12.83173 -54.81641 1.212463 -12.83173 -54.61645 1.315613 -12.83173 -54.39526 1.378784 -12.83173 -54.15954 1.400024 -12.83173 -53.9165 1.378784 -12.83173 -53.67334 -0.8998413 -12.83173 -52.84399 -1.072388 -12.83173 -53.0166 -1.212402 -12.83173 -53.21643 -0.4787598 -12.83173 -55.23205 -0.2430419 -12.83173 -55.29516 6.10352e-5 -12.83173 -55.31641 0.243164 -12.83173 -55.29516 0.243164 -12.83173 -52.53772 6.10352e-5 -12.83173 -52.51648 -0.2430419 -12.83173 -52.53772 -1.315552 -12.83173 -53.43762 -1.378662 -12.83173 -53.67334 -1.399963 -12.83173 -53.9165 -1.378662 -12.83173 -54.15954 -1.315552 -12.83173 -54.39526 -1.212402 -12.83173 -54.61645 -1.072388 -12.83173 -54.81641 -0.8998413 -12.83173 -54.98889 -0.6999512 -12.83173 -55.12891 17.5426 -8.760987 -41.3739 17.28113 -9.213868 -41.63537 17.40198 -8.98169 -41.51453 17.1023 -9.705262 -41.81421 17.18097 -9.455689 -41.73547 17.01148 -10.22028 -41.90503 17.04566 -9.960755 -41.87085 17.01148 -10.74316 -41.90503 17.00006 -10.48169 -41.9165 17.1023 -11.25818 -41.81421 17.04566 -11.00269 -41.87085 17.28113 -11.74957 -41.63537 17.18097 -11.50775 -41.73547 17.70191 -12.41009 -41.2146 17.5426 -12.20245 -41.3739 17.40198 -11.98169 -41.51453 18.07166 -12.77985 -40.84485 18.50006 -13.07977 -40.4165 18.974 -13.30078 -39.9425 19.47913 -13.43616 -39.43738 20.00006 -13.48169 -38.9165 20.521 -13.43616 -38.39551 17.70191 -8.553345 -41.2146 18.07166 -8.183594 -40.84485 18.50006 -7.883667 -40.4165 18.974 -7.662659 -39.9425 19.47913 -7.527283 -39.43738 20.00006 -7.481689 -38.9165 20.521 -7.527283 -38.39551 21.00006 -7.65332 -37.9165 21.02612 -7.662659 -37.9165 21.50006 -7.883667 -37.9165 21.92841 -8.183594 -37.9165 22.29816 -8.553345 -37.9165 22.59815 -8.98169 -37.9165 22.81915 -9.455689 -37.9165 22.95447 -9.960755 -37.9165 23.00006 -10.48169 -37.9165 22.95447 -11.00269 -37.9165 22.81915 -11.50775 -37.9165 22.59815 -11.98169 -37.9165 22.29816 -12.41009 -37.9165 21.92841 -12.77985 -37.9165 21.50006 -13.07977 -37.9165 21.02612 -13.30078 -37.9165 21.00006 -13.31012 -37.9165 -18.07159 -12.77985 -40.84485 -18.49994 -13.07977 -40.4165 -18.97388 -13.30078 -39.9425 -19.479 -13.43616 -39.43738 -19.99994 -13.48169 -38.9165 -20.52087 -13.43616 -38.39551 -17.54248 -12.20245 -41.3739 -17.70184 -12.41009 -41.2146 -17.28101 -11.74957 -41.63537 -17.40186 -11.98169 -41.51453 -17.10217 -11.25818 -41.81421 -17.18085 -11.50775 -41.73547 -17.01135 -10.74316 -41.90503 -17.04553 -11.00269 -41.87085 -17.01135 -10.22028 -41.90503 -16.99994 -10.48169 -41.9165 -17.10217 -9.705262 -41.81421 -17.04553 -9.960755 -41.87085 -17.28101 -9.213868 -41.63537 -17.18085 -9.455689 -41.73547 -17.70184 -8.553345 -41.2146 -17.54248 -8.760987 -41.3739 -17.40186 -8.98169 -41.51453 -20.52087 -7.527283 -38.39551 -19.99994 -7.481689 -38.9165 -19.479 -7.527283 -39.43738 -18.97388 -7.662659 -39.9425 -18.49994 -7.883667 -40.4165 -18.07159 -8.183594 -40.84485 18.07166 12.81641 -40.84485 18.50006 13.11633 -40.4165 18.974 13.33734 -39.9425 19.47913 13.47272 -39.43738 20.00006 13.51831 -38.9165 20.521 13.47272 -38.39551 21.00006 13.34668 -37.9165 21.02612 13.33734 -37.9165 21.50006 13.11633 -37.9165 21.92841 12.81641 -37.9165 22.29816 12.44666 -37.9165 22.59815 12.01831 -37.9165 22.81915 11.54431 -37.9165 22.95447 11.03925 -37.9165 23.00006 10.51831 -37.9165 22.95447 9.997315 -37.9165 22.81915 9.492249 -37.9165 22.59815 9.018311 -37.9165 22.29816 8.589905 -37.9165 21.92841 8.220154 -37.9165 21.50006 7.920227 -37.9165 21.02612 7.699219 -37.9165 21.00006 7.68988 -37.9165 17.5426 12.23901 -41.3739 17.70191 12.44666 -41.2146 17.28113 11.78613 -41.63537 17.40198 12.01831 -41.51453 17.1023 11.29474 -41.81421 17.18097 11.54431 -41.73547 17.01148 10.77972 -41.90503 17.04566 11.03925 -41.87085 17.01148 10.25684 -41.90503 17.00006 10.51831 -41.9165 17.1023 9.741822 -41.81421 17.04566 9.997315 -41.87085 17.28113 9.250428 -41.63537 17.18097 9.492249 -41.73547 17.70191 8.589905 -41.2146 17.5426 8.797547 -41.3739 17.40198 9.018311 -41.51453 20.521 7.563843 -38.39551 20.00006 7.518311 -38.9165 19.47913 7.563843 -39.43738 18.974 7.699219 -39.9425 18.50006 7.920227 -40.4165 18.07166 8.220154 -40.84485 20.22784 -14.87274 -37.9165 20.41711 -14.79071 -37.9165 20.58582 14.7254 -37.9165 20.41711 14.82727 -37.9165 20.22784 14.9093 -37.9165 20.98267 -14.13818 -37.9165 20.99567 -14.06018 -37.9165 21.00006 14.01831 -37.9165 20.99567 14.09674 -37.9165 21.00006 -13.98169 -37.9165 20.02283 14.96936 -37.9165 19.80707 15.00598 -37.9165 19.58582 15.01831 -37.9165 19.58582 -14.98169 -37.9165 19.80707 -14.96942 -37.9165 20.02283 -14.9328 -37.9165 20.98267 14.17474 -37.9165 20.961 14.25171 -37.9165 20.93085 -14.29071 -37.9165 20.961 -14.21515 -37.9165 20.93085 14.32727 -37.9165 20.8924 14.40094 -37.9165 20.84589 -14.43573 -37.9165 20.8924 -14.36438 -37.9165 20.84589 14.47229 -37.9165 20.79163 14.54077 -37.9165 20.72998 14.60608 -37.9165 20.58582 -14.68884 -37.9165 20.72998 -14.56952 -37.9165 20.79163 -14.50421 -37.9165 -3.999939 -10.45172 -45.83374 -3.999939 -3.981689 -50.9165 -3.999939 -9.604615 -50.9165 -10.46997 -3.981689 -45.83374 -9.622803 -3.981689 -50.9165 3.000061 11.48828 -45.9165 -2.999939 11.48828 -45.9165 4.000061 10.48828 -45.83374 4.000061 4.018311 -50.9165 4.000061 9.641175 -50.9165 3.000061 10.65271 -50.93005 -2.999939 10.65271 -50.93005 10.47003 4.018311 -45.83374 9.622925 4.018311 -50.9165 11.47003 3.018311 -45.9165 11.47003 -2.981689 -45.9165 10.47003 3.018311 -51.9165 10.47003 -2.981689 -51.9165 3.000061 -9.451722 -51.9165 -2.999939 -9.451722 -51.9165 3.000061 -2.981689 -51.9165 -2.999939 -2.981689 -51.9165 -2.999939 9.488282 -51.9165 3.000061 9.488282 -51.9165 -2.999939 3.018311 -51.9165 3.000061 3.018311 -51.9165 -10.46997 3.018311 -51.9165 -10.46997 -2.981689 -51.9165 -11.46997 3.018311 -45.9165 -11.46997 -2.981689 -45.9165 -10.46997 4.018311 -45.83374 -3.999939 4.018311 -50.9165 -9.622803 4.018311 -50.9165 -3.999939 10.48828 -45.83374 -3.999939 9.641175 -50.9165 10.47003 -3.981689 -45.83374 4.000061 -3.981689 -50.9165 9.622925 -3.981689 -50.9165 4.000061 -10.45172 -45.83374 4.000061 -9.604615 -50.9165 3.000061 -11.45172 -45.9165 -2.999939 -11.45172 -45.9165 3.000061 -10.61609 -50.93005 -2.999939 -10.61609 -50.93005 15.00006 -14.98169 -42.5022 -0.8998413 -14.98169 -54.98889 -1.072388 -14.98169 -54.81641 -1.378662 -14.98169 -54.15954 -1.399963 -14.98169 -53.9165 -1.378662 -14.98169 -53.67334 -1.315552 -14.98169 -53.43762 -0.6999512 -14.98169 -52.70398 -0.4787598 -14.98169 -52.60083 -1.212402 -14.98169 -54.61645 -1.315552 -14.98169 -54.39526 -1.212402 -14.98169 -53.21643 -1.072388 -14.98169 -53.0166 -0.8998413 -14.98169 -52.84399 -0.2430419 -14.98169 -52.53772 6.10352e-5 -14.98169 -52.51648 0.243164 -14.98169 -52.53772 0.4788818 -14.98169 -52.60083 0.7000733 -14.98169 -52.70398 0.8999634 -14.98169 -52.84399 1.07251 -14.98169 -53.0166 1.212463 -14.98169 -53.21643 1.315613 -14.98169 -53.43762 -0.4787598 -14.98169 -55.23205 -0.6999512 -14.98169 -55.12891 -14.99994 -14.98169 -67.91651 -14.99994 -14.98169 -42.5022 1.378784 -14.98169 -54.15954 15.00006 -14.98169 -67.91651 1.400024 -14.98169 -53.9165 1.378784 -14.98169 -53.67334 1.315613 -14.98169 -54.39526 1.212463 -14.98169 -54.61645 1.07251 -14.98169 -54.81641 0.8999634 -14.98169 -54.98889 0.7000733 -14.98169 -55.12891 0.4788818 -14.98169 -55.23205 0.243164 -14.98169 -55.29516 6.10352e-5 -14.98169 -55.31641 -0.2430419 -14.98169 -55.29516 16.00006 -13.98169 -42.9165 15.98773 -14.13818 -42.91138 15.86597 -14.48187 -42.86096 15.89105 -14.43573 -42.87134 15.9397 -14.32385 -42.89148 15.95111 -14.29071 -42.89624 15.98486 -14.1554 -42.91016 15.76593 -14.62469 -42.81946 15.80908 -14.56952 -42.8374 15.64264 -14.74792 -42.76843 15.70715 -14.68884 -42.79516 15.49988 -14.84784 -42.70923 15.58783 -14.79071 -42.74573 15.34198 -14.92145 -42.64392 15.45404 -14.87274 -42.69031 15.15649 -14.96942 -42.56702 15.17364 -14.96655 -42.5741 15.30908 -14.9328 -42.63025 15.17371 -14.96655 -67.91651 15.34204 -14.92139 -67.91651 15.50006 -14.84772 -67.91651 15.64282 -14.74774 -67.91651 15.76611 -14.62451 -67.91651 15.86609 -14.48169 -67.91651 15.93976 -14.32373 -67.91651 15.98486 -14.1554 -67.91651 16.00006 -13.98169 -67.91651 16.00006 14.01831 -42.9165 16.00006 14.01831 -67.91651 -15.15637 15.00598 -67.91651 -14.99994 15.01831 -67.91651 -15.76599 -14.62451 -67.91651 -15.86597 -14.48169 -67.91651 -15.99994 14.01831 -67.91651 -15.99994 -13.98169 -67.91651 15.00006 15.01831 -67.91651 15.17371 15.00311 -67.91651 15.93976 14.36029 -67.91651 15.98486 14.19196 -67.91651 15.34204 14.95795 -67.91651 15.50006 14.88428 -67.91651 15.64282 14.7843 -67.91651 15.76611 14.66107 -67.91651 15.86609 14.51831 -67.91651 -15.17358 -14.96655 -67.91651 -15.34198 -14.92139 -67.91651 -15.93964 -14.32373 -67.91651 -15.98474 -14.1554 -67.91651 -15.98767 14.17474 -67.91651 -15.95099 14.32727 -67.91651 -15.89099 14.47229 -67.91651 15.00006 -14.98175 -67.91651 -15.49994 -14.84772 -67.91651 -15.64276 -14.74774 -67.91651 -15.80896 14.60608 -67.91651 -15.70703 14.7254 -67.91651 -15.58771 14.82727 -67.91651 -15.45392 14.9093 -67.91651 -15.30896 14.96936 -67.91651 15.76611 14.66107 -42.81958 15.70697 14.72559 -42.79504 15.00006 15.01831 -42.5022 15.17371 15.00311 -42.57422 15.30896 14.96936 -42.63025 15.45386 14.90936 -42.69018 15.34204 14.95795 -42.64392 15.64282 14.7843 -42.76843 15.58765 14.82745 -42.7456 15.50006 14.88428 -42.70935 15.80908 14.60608 -42.8374 15.86597 14.51843 -42.86096 15.89105 14.47229 -42.87134 15.9397 14.36041 -42.89148 15.95111 14.32727 -42.89624 15.98486 14.19196 -42.91016 15.98773 14.17474 -42.91138 -15.99994 14.01831 -42.9165 -15.99994 -13.98169 -42.9165 -15.76599 -14.62451 -42.81958 -15.70685 -14.68903 -42.79504 -15.17358 -14.96655 -42.57422 -15.3089 -14.9328 -42.63025 -15.4538 -14.8728 -42.69018 -15.34198 -14.92139 -42.64392 -15.64276 -14.74774 -42.76843 -15.58752 -14.79089 -42.7456 -15.49994 -14.84772 -42.70935 -15.80896 -14.56952 -42.8374 -15.86591 -14.48187 -42.86096 -15.89099 -14.43573 -42.87134 -15.93957 -14.32385 -42.89148 -15.95099 -14.29071 -42.89624 -15.98474 -14.1554 -42.91016 -15.98767 -14.13818 -42.91138 -14.99994 15.01831 -42.5022 6.10352e-5 15.01831 -55.31641 0.243164 15.01831 -55.29516 0.4788818 15.01831 -55.23205 0.7000733 15.01831 -55.12891 0.8999634 15.01831 -54.98889 1.07251 15.01831 -54.81641 1.212463 15.01831 -54.61645 1.212463 15.01831 -53.21643 1.315613 15.01831 -53.43762 1.378784 15.01831 -53.67334 1.07251 15.01831 -53.0166 0.8999634 15.01831 -52.84399 0.7000733 15.01831 -52.70398 1.315613 15.01831 -54.39526 1.378784 15.01831 -54.15954 1.400024 15.01831 -53.9165 0.4788818 15.01831 -52.60083 0.243164 15.01831 -52.53772 6.10352e-5 15.01831 -52.51648 -0.2430419 15.01831 -52.53772 -0.4787598 15.01831 -52.60083 -0.6999512 15.01831 -52.70398 -0.8998413 15.01831 -52.84399 -1.072388 15.01831 -53.0166 -1.212402 15.01831 -53.21643 -1.315552 15.01831 -53.43762 -0.2430419 15.01831 -55.29516 -0.4787598 15.01831 -55.23205 -1.378662 15.01831 -54.15954 -1.399963 15.01831 -53.9165 -1.378662 15.01831 -53.67334 -1.315552 15.01831 -54.39526 -1.212402 15.01831 -54.61645 -1.072388 15.01831 -54.81641 -0.8998413 15.01831 -54.98889 -0.6999512 15.01831 -55.12891 -15.98767 14.17474 -42.91138 -15.95099 14.32727 -42.89624 -15.89099 14.47229 -42.87134 -15.80896 14.60608 -42.8374 -15.70703 14.7254 -42.79516 -15.58771 14.82727 -42.74573 -15.45392 14.9093 -42.69031 -15.30896 14.96936 -42.63025 -15.15637 15.00598 -42.56702 14.65668 -26.29816 -367.9165 14.65668 -24.29816 -367.9165 14.65668 -26.29816 -341.9165 14.65668 -24.29816 -343.9165 14.65668 -6.673157 -341.9165 14.65668 6.076843 -343.9165 14.65668 25.70184 -341.9165 14.65668 23.70184 -343.9165 14.65668 25.70184 -367.9165 14.65668 23.70184 -367.9165 -15.34332 -24.29816 -343.9165 -15.34332 -24.29816 -367.9165 -15.34332 -26.29816 -367.9165 -15.34332 25.70184 -341.9165 -15.34332 25.70184 -367.9165 -15.34332 23.70184 -367.9165 -15.34332 23.70184 -343.9165 -15.34332 6.076843 -343.9165 -15.34332 -6.673157 -341.9165 -15.34332 -26.29816 -341.9165 -7.718445 -10.13873 -343.9165 -7.502747 -9.923035 -343.9165 6.031677 -24.29816 -343.9165 -7.968323 -10.31372 -343.9165 -9.718323 -7.282593 -343.9165 -9.968201 -7.457581 -343.9165 -9.718323 -10.31372 -343.9165 -9.441834 -10.44263 -343.9165 -9.147217 -10.52161 -343.9165 -8.843323 -10.54816 -343.9165 -8.539429 -10.52161 -343.9165 -8.244751 -10.44263 -343.9165 -8.539429 -7.074768 -343.9165 -5.981445 1.753967 -343.9165 -6.252136 0.7437134 -343.9165 -0.3433228 -6.298157 -343.9165 0.6985474 -6.207031 -343.9165 -6.252136 -1.340027 -343.9165 -5.981445 -2.350281 -343.9165 -8.244751 -7.153687 -343.9165 -5.53949 -3.298157 -343.9165 -4.200012 4.298096 -343.9165 -3.343323 4.89801 -343.9165 -2.395447 5.339966 -343.9165 -7.327759 -9.673157 -343.9165 -7.198853 -9.396729 -343.9165 -6.343323 -0.2981567 -343.9165 1.708801 5.339966 -343.9165 0.6985474 5.610657 -343.9165 6.031677 6.076843 -343.9165 -0.3433228 5.701843 -343.9165 -1.385193 5.610657 -343.9165 -10.1839 -7.673279 -343.9165 -10.35889 -7.923157 -343.9165 -10.48779 -8.199646 -343.9165 -10.48779 -9.396729 -343.9165 -10.35889 -9.673157 -343.9165 -4.939575 3.558533 -343.9165 -5.53949 2.701843 -343.9165 -10.1839 -9.923035 -343.9165 -9.968201 -10.13873 -343.9165 1.708801 -5.93634 -343.9165 2.656677 -5.494324 -343.9165 3.513428 -4.894409 -343.9165 5.294861 1.753967 -343.9165 4.852844 2.701843 -343.9165 4.25293 3.558533 -343.9165 -8.843323 -7.048157 -343.9165 -9.147217 -7.074768 -343.9165 -9.441834 -7.153687 -343.9165 -10.56671 -8.494263 -343.9165 -10.59332 -8.798157 -343.9165 -10.56671 -9.102051 -343.9165 -7.119873 -9.102051 -343.9165 -7.093323 -8.798157 -343.9165 -1.385193 -6.207031 -343.9165 -7.119873 -8.494263 -343.9165 -2.395447 -5.93634 -343.9165 -7.198853 -8.199646 -343.9165 -3.343323 -5.494324 -343.9165 -7.327759 -7.923157 -343.9165 -4.200012 -4.894409 -343.9165 -7.502747 -7.673279 -343.9165 -4.939575 -4.154907 -343.9165 -7.718445 -7.457581 -343.9165 -7.968323 -7.282593 -343.9165 4.25293 -4.154907 -343.9165 4.852844 -3.298157 -343.9165 5.294861 -2.350281 -343.9165 3.513428 4.298096 -343.9165 2.656677 4.89801 -343.9165 5.565552 -1.340027 -343.9165 5.656677 -0.2981567 -343.9165 5.565552 0.7437134 -343.9165 -7.502747 7.076965 -343.9165 -7.327759 7.326843 -343.9165 -8.244751 6.557373 -343.9165 -7.968323 6.686279 -343.9165 -7.718445 6.861267 -343.9165 -7.198853 7.603271 -343.9165 -7.119873 7.897949 -343.9165 -7.093323 8.201844 -343.9165 -7.119873 8.505738 -343.9165 -7.198853 8.800354 -343.9165 6.031677 23.70184 -343.9165 -7.327759 9.076844 -343.9165 -7.502747 9.326722 -343.9165 -7.718445 9.54242 -343.9165 -8.843323 9.951844 -343.9165 -9.147217 9.925232 -343.9165 -9.441834 9.846314 -343.9165 -9.718323 9.717408 -343.9165 -9.968201 9.54242 -343.9165 -10.56671 8.505738 -343.9165 -10.59332 8.201844 -343.9165 -10.56671 7.897949 -343.9165 -10.48779 7.603271 -343.9165 -10.35889 7.326843 -343.9165 -10.1839 7.076965 -343.9165 -7.968323 9.717408 -343.9165 -8.244751 9.846314 -343.9165 -8.539429 9.925232 -343.9165 -9.968201 6.861267 -343.9165 -9.718323 6.686279 -343.9165 -9.441834 6.557373 -343.9165 -9.147217 6.478394 -343.9165 -8.843323 6.451843 -343.9165 -8.539429 6.478394 -343.9165 -10.1839 9.326722 -343.9165 -10.35889 9.076844 -343.9165 -10.48779 8.800354 -343.9165 8.460572 -10.52161 -343.9165 8.156678 -10.54816 -343.9165 7.852783 -10.52161 -343.9165 8.755249 -10.44263 -343.9165 9.031678 -10.31372 -343.9165 9.281556 -10.13873 -343.9165 9.281556 -7.457581 -343.9165 9.031678 -7.282593 -343.9165 8.755249 -7.153687 -343.9165 8.460572 -7.074768 -343.9165 8.156678 -7.048157 -343.9165 7.852783 -7.074768 -343.9165 7.558166 -7.153687 -343.9165 7.281677 -7.282593 -343.9165 7.031799 -7.457581 -343.9165 6.512207 -9.396729 -343.9165 6.641113 -9.673157 -343.9165 6.816101 -9.923035 -343.9165 7.031799 -10.13873 -343.9165 7.281677 -10.31372 -343.9165 7.558166 -10.44263 -343.9165 9.497254 -9.923035 -343.9165 9.672242 -9.673157 -343.9165 9.801148 -9.396729 -343.9165 9.801148 -8.199646 -343.9165 9.672242 -7.923157 -343.9165 9.497254 -7.673279 -343.9165 6.816101 -7.673279 -343.9165 6.641113 -7.923157 -343.9165 6.512207 -8.199646 -343.9165 6.433289 -8.494263 -343.9165 6.406677 -8.798157 -343.9165 6.433289 -9.102051 -343.9165 9.880127 -9.102051 -343.9165 9.906678 -8.798157 -343.9165 9.880127 -8.494263 -343.9165 8.755249 6.557373 -343.9165 9.031678 6.686279 -343.9165 9.281556 6.861267 -343.9165 9.497254 7.076965 -343.9165 9.672242 7.326843 -343.9165 9.031678 9.717408 -343.9165 9.281556 9.54242 -343.9165 9.497254 9.326722 -343.9165 9.801148 7.603271 -343.9165 9.880127 7.897949 -343.9165 9.906678 8.201844 -343.9165 7.852783 9.925232 -343.9165 7.558166 9.846314 -343.9165 6.406677 8.201844 -343.9165 6.433289 7.897949 -343.9165 9.880127 8.505738 -343.9165 9.801148 8.800354 -343.9165 9.672242 9.076844 -343.9165 8.755249 9.846314 -343.9165 8.460572 9.925232 -343.9165 8.156678 9.951844 -343.9165 7.558166 6.557373 -343.9165 7.852783 6.478394 -343.9165 8.156678 6.451843 -343.9165 8.460572 6.478394 -343.9165 7.281677 9.717408 -343.9165 7.031799 9.54242 -343.9165 6.816101 9.326722 -343.9165 6.641113 9.076844 -343.9165 6.512207 8.800354 -343.9165 6.433289 8.505738 -343.9165 6.512207 7.603271 -343.9165 6.641113 7.326843 -343.9165 6.816101 7.076965 -343.9165 7.031799 6.861267 -343.9165 7.281677 6.686279 -343.9165 6.656677 -24.29816 -367.9165 6.656677 -26.29816 -367.9165 8.460572 9.925232 -341.9165 8.755249 9.846314 -341.9165 9.031678 9.717408 -341.9165 9.281556 9.54242 -341.9165 -3.343323 4.89801 -341.9165 -2.395447 5.339966 -341.9165 -6.718323 25.70184 -341.9165 -1.385193 5.610657 -341.9165 -0.3433228 5.701843 -341.9165 9.801148 7.603271 -341.9165 9.672242 7.326843 -341.9165 7.281677 6.686279 -341.9165 7.031799 6.861267 -341.9165 6.816101 7.076965 -341.9165 7.281677 9.717408 -341.9165 7.558166 9.846314 -341.9165 7.852783 9.925232 -341.9165 8.156678 9.951844 -341.9165 9.497254 9.326722 -341.9165 9.672242 9.076844 -341.9165 9.801148 8.800354 -341.9165 9.497254 7.076965 -341.9165 9.281556 6.861267 -341.9165 9.031678 6.686279 -341.9165 4.25293 -4.154907 -341.9165 3.513428 -4.894409 -341.9165 7.558166 6.557373 -341.9165 0.6985474 5.610657 -341.9165 1.708801 5.339966 -341.9165 6.641113 7.326843 -341.9165 6.512207 7.603271 -341.9165 6.433289 7.897949 -341.9165 6.641113 9.076844 -341.9165 6.816101 9.326722 -341.9165 7.031799 9.54242 -341.9165 9.880127 8.505738 -341.9165 9.906678 8.201844 -341.9165 9.880127 7.897949 -341.9165 6.406677 8.201844 -341.9165 6.433289 8.505738 -341.9165 6.512207 8.800354 -341.9165 8.755249 6.557373 -341.9165 8.460572 6.478394 -341.9165 8.156678 6.451843 -341.9165 2.656677 -5.494324 -341.9165 1.708801 -5.93634 -341.9165 0.6985474 -6.207031 -341.9165 -0.3433228 -6.298157 -341.9165 -1.385193 -6.207031 -341.9165 -6.718323 -6.673157 -341.9165 -2.395447 -5.93634 -341.9165 -6.252136 -1.340027 -341.9165 -6.343323 -0.2981567 -341.9165 -5.981445 1.753967 -341.9165 -5.53949 2.701843 -341.9165 4.852844 2.701843 -341.9165 4.25293 3.558533 -341.9165 7.852783 6.478394 -341.9165 3.513428 4.298096 -341.9165 2.656677 4.89801 -341.9165 5.294861 1.753967 -341.9165 5.565552 0.7437134 -341.9165 5.656677 -0.2981567 -341.9165 5.565552 -1.340027 -341.9165 5.294861 -2.350281 -341.9165 4.852844 -3.298157 -341.9165 -3.343323 -5.494324 -341.9165 -4.200012 -4.894409 -341.9165 -4.939575 -4.154907 -341.9165 -6.252136 0.7437134 -341.9165 -4.939575 3.558533 -341.9165 -4.200012 4.298096 -341.9165 -5.53949 -3.298157 -341.9165 -5.981445 -2.350281 -341.9165 -8.843323 9.951844 -341.9165 -8.539429 9.925232 -341.9165 -7.198853 7.603271 -341.9165 -7.327759 7.326843 -341.9165 -7.502747 7.076965 -341.9165 -7.718445 6.861267 -341.9165 -10.48779 8.800354 -341.9165 -10.35889 9.076844 -341.9165 -10.1839 9.326722 -341.9165 -9.147217 9.925232 -341.9165 -9.441834 9.846314 -341.9165 -8.244751 9.846314 -341.9165 -7.968323 9.717408 -341.9165 -7.718445 9.54242 -341.9165 -7.502747 9.326722 -341.9165 -7.327759 9.076844 -341.9165 -7.198853 8.800354 -341.9165 -7.119873 8.505738 -341.9165 -7.093323 8.201844 -341.9165 -7.119873 7.897949 -341.9165 -7.968323 6.686279 -341.9165 -8.244751 6.557373 -341.9165 -8.539429 6.478394 -341.9165 -9.718323 6.686279 -341.9165 -9.968201 6.861267 -341.9165 -10.1839 7.076965 -341.9165 -10.35889 7.326843 -341.9165 -10.48779 7.603271 -341.9165 -10.56671 7.897949 -341.9165 -10.59332 8.201844 -341.9165 -10.56671 8.505738 -341.9165 -9.968201 9.54242 -341.9165 -9.718323 9.717408 -341.9165 -8.843323 6.451843 -341.9165 -9.147217 6.478394 -341.9165 -9.441834 6.557373 -341.9165 8.156678 -7.048157 -341.9165 8.460572 -7.074768 -341.9165 8.755249 -7.153687 -341.9165 9.031678 -7.282593 -341.9165 9.497254 -9.923035 -341.9165 9.281556 -10.13873 -341.9165 9.031678 -10.31372 -341.9165 8.755249 -10.44263 -341.9165 8.460572 -10.52161 -341.9165 8.156678 -10.54816 -341.9165 -6.718323 -26.29816 -341.9165 9.281556 -7.457581 -341.9165 9.497254 -7.673279 -341.9165 9.672242 -7.923157 -341.9165 7.852783 -7.074768 -341.9165 7.031799 -7.457581 -341.9165 7.281677 -7.282593 -341.9165 7.558166 -7.153687 -341.9165 7.852783 -10.52161 -341.9165 7.558166 -10.44263 -341.9165 7.281677 -10.31372 -341.9165 7.031799 -10.13873 -341.9165 6.816101 -9.923035 -341.9165 6.641113 -9.673157 -341.9165 9.801148 -8.199646 -341.9165 9.880127 -8.494263 -341.9165 9.906678 -8.798157 -341.9165 6.512207 -9.396729 -341.9165 6.433289 -9.102051 -341.9165 6.406677 -8.798157 -341.9165 6.433289 -8.494263 -341.9165 6.512207 -8.199646 -341.9165 6.641113 -7.923157 -341.9165 6.816101 -7.673279 -341.9165 9.880127 -9.102051 -341.9165 9.801148 -9.396729 -341.9165 9.672242 -9.673157 -341.9165 -7.502747 -9.923035 -341.9165 -7.718445 -10.13873 -341.9165 -7.968323 -10.31372 -341.9165 -8.244751 -10.44263 -341.9165 -8.843323 -7.048157 -341.9165 -8.539429 -7.074768 -341.9165 -8.244751 -7.153687 -341.9165 -7.968323 -7.282593 -341.9165 -8.539429 -10.52161 -341.9165 -8.843323 -10.54816 -341.9165 -9.147217 -10.52161 -341.9165 -9.441834 -10.44263 -341.9165 -9.718323 -10.31372 -341.9165 -9.968201 -10.13873 -341.9165 -9.147217 -7.074768 -341.9165 -7.718445 -7.457581 -341.9165 -7.502747 -7.673279 -341.9165 -7.327759 -7.923157 -341.9165 -7.093323 -8.798157 -341.9165 -7.119873 -9.102051 -341.9165 -7.198853 -9.396729 -341.9165 -7.327759 -9.673157 -341.9165 -9.968201 -7.457581 -341.9165 -9.718323 -7.282593 -341.9165 -9.441834 -7.153687 -341.9165 -7.198853 -8.199646 -341.9165 -7.119873 -8.494263 -341.9165 -10.56671 -9.102051 -341.9165 -10.59332 -8.798157 -341.9165 -10.56671 -8.494263 -341.9165 -10.48779 -8.199646 -341.9165 -10.35889 -7.923157 -341.9165 -10.1839 -7.673279 -341.9165 -10.1839 -9.923035 -341.9165 -10.35889 -9.673157 -341.9165 -10.48779 -9.396729 -341.9165 -7.343323 25.70184 -362.9165 -7.343323 25.70184 -367.9165 -3.843323 25.70184 -356.8543 -4.842834 25.70184 -357.5541 -5.705627 25.70184 -358.4169 5.718872 25.70184 -359.4165 5.018982 25.70184 -358.4169 4.156189 25.70184 -357.5541 3.156677 25.70184 -356.8543 -6.405518 25.70184 -359.4165 -6.921143 25.70184 -360.5223 -7.236999 25.70184 -361.7009 -2.737427 25.70184 -356.3386 -1.558838 25.70184 -356.0228 6.656677 25.70184 -367.9165 6.656677 25.70184 -362.9165 6.550354 25.70184 -361.7009 6.234558 25.70184 -360.5223 2.050842 25.70184 -356.3386 0.8721924 25.70184 -356.0228 -0.3433228 25.70184 -355.9165 -7.343323 23.70184 -367.9165 6.656677 -26.29816 -362.9165 -7.343323 -26.29816 -367.9165 -7.343323 -26.29816 -362.9165 -7.236999 -26.29816 -361.7009 -6.921143 -26.29816 -360.5223 -6.405518 -26.29816 -359.4165 -5.705627 -26.29816 -358.4169 2.050842 -26.29816 -356.3386 3.156677 -26.29816 -356.8543 4.156189 -26.29816 -357.5541 5.018982 -26.29816 -358.4169 -4.842834 -26.29816 -357.5541 -3.843323 -26.29816 -356.8543 -2.737427 -26.29816 -356.3386 -1.558838 -26.29816 -356.0228 -0.3433228 -26.29816 -355.9165 0.8721924 -26.29816 -356.0228 5.718872 -26.29816 -359.4165 6.234558 -26.29816 -360.5223 6.550354 -26.29816 -361.7009 -7.343323 -24.29816 -367.9165 -7.343323 -24.29816 -362.9165 -5.705627 -24.29816 -358.4169 -6.405518 -24.29816 -359.4165 -6.921143 -24.29816 -360.5223 -7.236999 -24.29816 -361.7009 6.656677 -24.29816 -362.9165 6.550354 -24.29816 -361.7009 -2.737427 -24.29816 -356.3386 -3.843323 -24.29816 -356.8543 -4.842834 -24.29816 -357.5541 6.234558 -24.29816 -360.5223 5.718872 -24.29816 -359.4165 5.018982 -24.29816 -358.4169 4.156189 -24.29816 -357.5541 3.156677 -24.29816 -356.8543 2.050842 -24.29816 -356.3386 0.8721924 -24.29816 -356.0228 -0.3433228 -24.29816 -355.9165 -1.558838 -24.29816 -356.0228 6.656677 23.70184 -367.9165 6.656677 23.70184 -362.9165 -7.343323 23.70184 -362.9165 -7.236999 23.70184 -361.7009 -6.921143 23.70184 -360.5223 -6.405518 23.70184 -359.4165 -5.705627 23.70184 -358.4169 -4.842834 23.70184 -357.5541 -3.843323 23.70184 -356.8543 -2.737427 23.70184 -356.3386 -1.558838 23.70184 -356.0228 -0.3433228 23.70184 -355.9165 4.156189 23.70184 -357.5541 5.018982 23.70184 -358.4169 5.718872 23.70184 -359.4165 6.234558 23.70184 -360.5223 6.550354 23.70184 -361.7009 0.8721924 23.70184 -356.0228 2.050842 23.70184 -356.3386 3.156677 23.70184 -356.8543 -12.49329 -12.44818 -36.91638 -12.49329 12.55182 -36.91638 -12.49329 -12.44818 -336.9165 -12.49329 12.55182 -336.9165 12.50671 -12.44818 -36.91638 12.50671 -12.44818 -336.9165 12.50671 12.55182 -36.91638 12.50671 12.55182 -336.9165 11.50671 -11.44818 -36.91638 11.50671 11.55182 -36.91638 -11.49329 11.55182 -36.91638 -11.49329 -11.44818 -36.91638 11.50671 -11.44818 -336.9165 -11.49329 -11.44818 -336.9165 -11.49329 11.55182 -336.9165 11.50671 11.55182 -336.9165 -10.58282 21.17902 -341.9165 -10.84332 21.20184 -341.9165 -12.34332 23.70184 -341.9165 9.192505 20.85089 -341.9165 9.00763 20.66602 -341.9165 9.643677 -18.88861 -341.9165 9.406678 -18.99915 -341.9165 -9.544251 -19.54816 -341.9165 9.192505 -19.14911 -341.9165 -11.99237 20.66602 -341.9165 -14.64142 22.63019 -341.9165 -14.27167 22.99994 -341.9165 -11.99237 18.73767 -341.9165 -11.80749 18.5528 -341.9165 -15.34332 -21.29816 -341.9165 -11.59332 18.40277 -341.9165 -11.35632 18.2923 -341.9165 -10.84332 18.20184 -341.9165 8.747132 19.18878 -341.9165 8.857666 18.95184 -341.9165 -10.33026 -18.88861 -341.9165 -10.58282 -18.82098 -341.9165 9.00763 18.73767 -341.9165 -11.80749 -21.44721 -341.9165 -14.27167 -23.59631 -341.9165 -11.99237 -21.26233 -341.9165 -14.64142 -23.2265 -341.9165 -12.14233 -21.04816 -341.9165 11.30572 -21.26233 -341.9165 11.45575 -21.04816 -341.9165 14.25476 -22.79816 -341.9165 10.15668 21.20184 -341.9165 9.896241 21.17902 -341.9165 11.65668 23.70184 -341.9165 9.643677 21.11139 -341.9165 9.406678 21.00086 -341.9165 -11.80749 20.85089 -341.9165 -14.94141 22.20184 -341.9165 -12.14233 20.45184 -341.9165 -15.16241 21.72791 -341.9165 -12.25287 20.21484 -341.9165 -15.29773 21.22278 -341.9165 9.00763 -19.33399 -341.9165 8.857666 -19.54816 -341.9165 8.747132 -19.78516 -341.9165 -11.59332 -21.59723 -341.9165 -11.35632 -21.7077 -341.9165 -12.34332 -24.29816 -341.9165 -11.10376 -21.77539 -341.9165 -10.84332 -21.79816 -341.9165 8.857666 -21.04816 -341.9165 9.00763 -21.26233 -341.9165 14.65668 -21.29816 -341.9165 10.90668 18.40277 -341.9165 11.12085 18.5528 -341.9165 10.90668 21.00086 -341.9165 10.66974 21.11139 -341.9165 10.41718 21.17902 -341.9165 -11.10376 21.17902 -341.9165 -11.35632 21.11139 -341.9165 -12.86426 23.65625 -341.9165 -11.59332 21.00086 -341.9165 -13.36938 23.52094 -341.9165 -13.84332 23.29993 -341.9165 -15.34332 20.70184 -341.9165 -12.32056 19.96228 -341.9165 -12.34332 19.70184 -341.9165 -12.32056 19.44135 -341.9165 -12.25287 19.18878 -341.9165 -12.14233 18.95184 -341.9165 9.643677 18.2923 -341.9165 -9.694275 -19.33399 -341.9165 -14.94141 -22.79816 -341.9165 -15.16241 -22.32422 -341.9165 -12.25287 -20.81122 -341.9165 -15.29773 -21.81909 -341.9165 -12.32056 -20.55866 -341.9165 -12.34332 -20.29816 -341.9165 9.896241 -21.77539 -341.9165 10.15668 -21.79816 -341.9165 11.65668 -24.29816 -341.9165 14.47577 -22.32422 -341.9165 11.56622 -20.81122 -341.9165 14.61108 -21.81909 -341.9165 11.30572 18.73767 -341.9165 11.45575 18.95184 -341.9165 14.65668 20.70184 -341.9165 11.56622 19.18878 -341.9165 11.63391 19.44135 -341.9165 11.12085 20.85089 -341.9165 13.58502 22.99994 -341.9165 11.30572 20.66602 -341.9165 13.95483 22.63019 -341.9165 11.45575 20.45184 -341.9165 12.17761 23.65625 -341.9165 12.68274 23.52094 -341.9165 13.15668 23.29993 -341.9165 8.857666 20.45184 -341.9165 8.747132 20.21484 -341.9165 -10.33026 18.2923 -341.9165 8.679444 19.96228 -341.9165 -10.58282 18.22461 -341.9165 8.656678 19.70184 -341.9165 8.679444 19.44135 -341.9165 -10.09332 18.40277 -341.9165 -9.879151 18.5528 -341.9165 -9.366089 19.96228 -341.9165 -9.433777 20.21484 -341.9165 -9.544251 20.45184 -341.9165 -9.694275 20.66602 -341.9165 -11.10376 18.22461 -341.9165 9.896241 18.22461 -341.9165 11.65668 -20.29816 -341.9165 11.63391 -20.03772 -341.9165 -10.84332 -18.79816 -341.9165 -11.10376 -18.82098 -341.9165 -11.35632 -18.88861 -341.9165 -12.14233 -19.54816 -341.9165 -12.25287 -19.78516 -341.9165 -12.32056 -20.03772 -341.9165 -12.86426 -24.25256 -341.9165 -13.36938 -24.11725 -341.9165 -13.84332 -23.89624 -341.9165 9.192505 -21.44721 -341.9165 9.406678 -21.59723 -341.9165 9.643677 -21.7077 -341.9165 10.41718 -21.77539 -341.9165 10.66974 -21.7077 -341.9165 12.17761 -24.25256 -341.9165 10.90668 -21.59723 -341.9165 12.68274 -24.11725 -341.9165 11.12085 -21.44721 -341.9165 11.65668 19.70184 -341.9165 11.63391 19.96228 -341.9165 14.61108 21.22278 -341.9165 11.56622 20.21484 -341.9165 14.47577 21.72791 -341.9165 14.25476 22.20184 -341.9165 11.45575 -19.54816 -341.9165 11.30572 -19.33399 -341.9165 11.12085 -19.14911 -341.9165 10.90668 -18.99915 -341.9165 10.66974 -18.88861 -341.9165 10.41718 -18.82098 -341.9165 10.15668 -18.79816 -341.9165 9.896241 -18.82098 -341.9165 -11.59332 -18.99915 -341.9165 -11.80749 -19.14911 -341.9165 -11.99237 -19.33399 -341.9165 13.95483 -23.2265 -341.9165 13.58502 -23.59631 -341.9165 13.15668 -23.89624 -341.9165 11.63391 -20.55866 -341.9165 -9.879151 20.85089 -341.9165 -10.09332 21.00086 -341.9165 -10.33026 21.11139 -341.9165 9.192505 18.5528 -341.9165 9.406678 18.40277 -341.9165 -10.09332 -18.99915 -341.9165 -9.879151 -19.14911 -341.9165 11.56622 -19.78516 -341.9165 10.15668 18.20184 -341.9165 10.41718 18.22461 -341.9165 10.66974 18.2923 -341.9165 -9.694275 18.73767 -341.9165 -9.544251 18.95184 -341.9165 -9.433777 19.18878 -341.9165 -10.58282 -21.77539 -341.9165 -10.33026 -21.7077 -341.9165 -10.09332 -21.59723 -341.9165 -9.879151 -21.44721 -341.9165 -9.694275 -21.26233 -341.9165 -9.544251 -21.04816 -341.9165 8.747132 -20.81122 -341.9165 -9.433777 -20.81122 -341.9165 8.679444 -20.55866 -341.9165 -9.366089 -20.55866 -341.9165 8.656678 -20.29816 -341.9165 -9.343323 -20.29816 -341.9165 8.679444 -20.03772 -341.9165 -9.366089 -20.03772 -341.9165 -9.433777 -19.78516 -341.9165 -9.366089 19.44135 -341.9165 -9.343323 19.70184 -341.9165 -12.34332 -24.29816 -335.9165 -12.86426 -24.25256 -335.9165 -13.36938 -24.11725 -335.9165 -13.84332 -23.89624 -335.9165 -14.27167 -23.59631 -335.9165 -14.64142 -23.2265 -335.9165 -14.94141 -22.79816 -335.9165 -15.16241 -22.32422 -335.9165 -15.29773 -21.81909 -335.9165 -15.34332 -21.29816 -335.9165 11.65668 -24.29816 -335.9165 14.65668 -21.29816 -335.9165 14.61108 -21.81909 -335.9165 14.47577 -22.32422 -335.9165 14.25476 -22.79816 -335.9165 13.95483 -23.2265 -335.9165 13.58502 -23.59631 -335.9165 13.15668 -23.89624 -335.9165 12.68274 -24.11725 -335.9165 12.17761 -24.25256 -335.9165 11.65668 23.70184 -335.9165 12.17761 23.65625 -335.9165 12.68274 23.52094 -335.9165 13.15668 23.29993 -335.9165 13.58502 22.99994 -335.9165 13.95483 22.63019 -335.9165 14.25476 22.20184 -335.9165 14.47577 21.72791 -335.9165 14.61108 21.22278 -335.9165 14.65668 20.70184 -335.9165 -12.34332 23.70184 -335.9165 -15.34332 20.70184 -335.9165 -15.29773 21.22278 -335.9165 -15.16241 21.72791 -335.9165 -14.94141 22.20184 -335.9165 -14.64142 22.63019 -335.9165 -14.27167 22.99994 -335.9165 -13.84332 23.29993 -335.9165 -13.36938 23.52094 -335.9165 -12.86426 23.65625 -335.9165 11.65668 -20.29816 -336.9165 11.63391 -20.03772 -336.9165 11.56622 -19.78516 -336.9165 11.45575 -19.54816 -336.9165 11.30572 -19.33399 -336.9165 11.12085 -19.14911 -336.9165 10.90668 -18.99915 -336.9165 10.66974 -18.88861 -336.9165 10.41718 -18.82098 -336.9165 10.15668 -18.79816 -336.9165 9.896241 -18.82098 -336.9165 9.643677 -18.88861 -336.9165 9.406678 -18.99915 -336.9165 9.192505 -19.14911 -336.9165 9.00763 -19.33399 -336.9165 8.857666 -19.54816 -336.9165 8.747132 -19.78516 -336.9165 8.679444 -20.03772 -336.9165 8.656678 -20.29816 -336.9165 8.679444 -20.55866 -336.9165 8.747132 -20.81122 -336.9165 8.857666 -21.04816 -336.9165 9.00763 -21.26233 -336.9165 9.192505 -21.44721 -336.9165 9.406678 -21.59723 -336.9165 9.643677 -21.7077 -336.9165 9.896241 -21.77539 -336.9165 10.15668 -21.79816 -336.9165 10.41718 -21.77539 -336.9165 10.66974 -21.7077 -336.9165 10.90668 -21.59723 -336.9165 11.12085 -21.44721 -336.9165 11.30572 -21.26233 -336.9165 11.45575 -21.04816 -336.9165 11.56622 -20.81122 -336.9165 11.63391 -20.55866 -336.9165 11.65668 19.70184 -336.9165 11.63391 19.96228 -336.9165 11.56622 20.21484 -336.9165 11.45575 20.45184 -336.9165 11.30572 20.66602 -336.9165 11.12085 20.85089 -336.9165 10.90668 21.00086 -336.9165 10.66974 21.11139 -336.9165 10.41718 21.17902 -336.9165 10.15668 21.20184 -336.9165 9.896241 21.17902 -336.9165 9.643677 21.11139 -336.9165 9.406678 21.00086 -336.9165 9.192505 20.85089 -336.9165 9.00763 20.66602 -336.9165 8.857666 20.45184 -336.9165 8.747132 20.21484 -336.9165 8.679444 19.96228 -336.9165 8.656678 19.70184 -336.9165 8.679444 19.44135 -336.9165 8.747132 19.18878 -336.9165 8.857666 18.95184 -336.9165 9.00763 18.73767 -336.9165 9.192505 18.5528 -336.9165 9.406678 18.40277 -336.9165 9.643677 18.2923 -336.9165 9.896241 18.22461 -336.9165 10.15668 18.20184 -336.9165 10.41718 18.22461 -336.9165 10.66974 18.2923 -336.9165 10.90668 18.40277 -336.9165 11.12085 18.5528 -336.9165 11.30572 18.73767 -336.9165 11.45575 18.95184 -336.9165 11.56622 19.18878 -336.9165 11.63391 19.44135 -336.9165 -9.343323 -20.29816 -336.9165 -9.366089 -20.03772 -336.9165 -9.433777 -19.78516 -336.9165 -9.544251 -19.54816 -336.9165 -9.694275 -19.33399 -336.9165 -9.879151 -19.14911 -336.9165 -10.09332 -18.99915 -336.9165 -10.33026 -18.88861 -336.9165 -10.58282 -18.82098 -336.9165 -10.84332 -18.79816 -336.9165 -11.10376 -18.82098 -336.9165 -11.35632 -18.88861 -336.9165 -11.59332 -18.99915 -336.9165 -11.80749 -19.14911 -336.9165 -11.99237 -19.33399 -336.9165 -12.14233 -19.54816 -336.9165 -12.25287 -19.78516 -336.9165 -12.32056 -20.03772 -336.9165 -12.34332 -20.29816 -336.9165 -12.32056 -20.55866 -336.9165 -12.25287 -20.81122 -336.9165 -12.14233 -21.04816 -336.9165 -11.99237 -21.26233 -336.9165 -11.80749 -21.44721 -336.9165 -11.59332 -21.59723 -336.9165 -11.35632 -21.7077 -336.9165 -11.10376 -21.77539 -336.9165 -10.84332 -21.79816 -336.9165 -10.58282 -21.77539 -336.9165 -10.33026 -21.7077 -336.9165 -10.09332 -21.59723 -336.9165 -9.879151 -21.44721 -336.9165 -9.694275 -21.26233 -336.9165 -9.544251 -21.04816 -336.9165 -9.433777 -20.81122 -336.9165 -9.366089 -20.55866 -336.9165 -9.343323 19.70184 -336.9165 -9.366089 19.96228 -336.9165 -9.433777 20.21484 -336.9165 -9.544251 20.45184 -336.9165 -9.694275 20.66602 -336.9165 -9.879151 20.85089 -336.9165 -10.09332 21.00086 -336.9165 -10.33026 21.11139 -336.9165 -10.58282 21.17902 -336.9165 -10.84332 21.20184 -336.9165 -11.10376 21.17902 -336.9165 -11.35632 21.11139 -336.9165 -11.59332 21.00086 -336.9165 -11.80749 20.85089 -336.9165 -11.99237 20.66602 -336.9165 -12.14233 20.45184 -336.9165 -12.25287 20.21484 -336.9165 -12.32056 19.96228 -336.9165 -12.34332 19.70184 -336.9165 -12.32056 19.44135 -336.9165 -12.25287 19.18878 -336.9165 -12.14233 18.95184 -336.9165 -11.99237 18.73767 -336.9165 -11.80749 18.5528 -336.9165 -11.59332 18.40277 -336.9165 -11.35632 18.2923 -336.9165 -11.10376 18.22461 -336.9165 -10.84332 18.20184 -336.9165 -10.58282 18.22461 -336.9165 -10.33026 18.2923 -336.9165 -10.09332 18.40277 -336.9165 -9.879151 18.5528 -336.9165 -9.694275 18.73767 -336.9165 -9.544251 18.95184 -336.9165 -9.433777 19.18878 -336.9165 -9.366089 19.44135 -336.9165 -12.34332 -17.70007 -336.9165 -12.77167 -18.00006 -336.9165 -13.14142 -18.36981 -336.9165 -13.44141 -18.79816 -336.9165 -13.66241 -19.2721 -336.9165 -13.79773 -19.77722 -336.9165 -13.84332 -20.29816 -336.9165 -13.79773 -20.81909 -336.9165 -13.66241 -21.32422 -336.9165 -13.44141 -21.79816 -336.9165 -13.14142 -22.2265 -336.9165 -12.77167 -22.59631 -336.9165 -12.34332 -22.89624 -336.9165 -11.86938 -23.11725 -336.9165 -11.36426 -23.25256 -336.9165 -10.84332 -23.29816 -336.9165 -10.32239 -23.25256 -336.9165 -9.817261 -23.11725 -336.9165 -9.343323 -22.89624 -336.9165 -8.914978 -22.59631 -336.9165 -8.545166 -22.2265 -336.9165 -8.24524 -21.79816 -336.9165 -8.024231 -21.32422 -336.9165 -7.888916 -20.81909 -336.9165 -7.843323 -20.29816 -336.9165 -7.888916 -19.77722 -336.9165 -8.024231 -19.2721 -336.9165 -8.24524 -18.79816 -336.9165 -8.545166 -18.36981 -336.9165 -8.914978 -18.00006 -336.9165 -9.343323 -17.70007 -336.9165 -9.817261 -17.47907 -336.9165 -10.32239 -17.34375 -336.9165 -10.84332 -17.29816 -336.9165 -11.36426 -17.34375 -336.9165 -11.86938 -17.47907 -336.9165 7.20227 19.18091 -336.9165 7.337585 18.67578 -336.9165 7.558594 18.20184 -336.9165 7.85852 17.7735 -336.9165 8.228333 17.40369 -336.9165 8.656678 17.10376 -336.9165 9.130616 16.88275 -336.9165 9.635743 16.74744 -336.9165 10.15668 16.70184 -336.9165 10.67761 16.74744 -336.9165 11.18274 16.88275 -336.9165 11.65668 17.10376 -336.9165 12.08502 17.40369 -336.9165 12.45483 17.7735 -336.9165 12.75476 18.20184 -336.9165 12.97577 18.67578 -336.9165 13.11108 19.18091 -336.9165 13.15668 19.70184 -336.9165 13.11108 20.22278 -336.9165 12.97577 20.72791 -336.9165 12.75476 21.20184 -336.9165 12.45483 21.63019 -336.9165 12.08502 21.99994 -336.9165 11.65668 22.29993 -336.9165 11.18274 22.52094 -336.9165 10.67761 22.65625 -336.9165 10.15668 22.70184 -336.9165 9.635743 22.65625 -336.9165 9.130616 22.52094 -336.9165 8.656678 22.29993 -336.9165 8.228333 21.99994 -336.9165 7.85852 21.63019 -336.9165 7.558594 21.20184 -336.9165 7.337585 20.72791 -336.9165 7.20227 20.22278 -336.9165 7.156677 19.70184 -336.9165 9.635743 -23.25256 -336.9165 10.15668 -23.29816 -336.9165 10.67761 -23.25256 -336.9165 11.18274 -23.11725 -336.9165 11.65668 -22.89624 -336.9165 12.08502 -22.59631 -336.9165 12.45483 -22.2265 -336.9165 12.75476 -21.79816 -336.9165 12.97577 -21.32422 -336.9165 13.11108 -20.81909 -336.9165 13.15668 -20.29816 -336.9165 13.11108 -19.77722 -336.9165 12.97577 -19.2721 -336.9165 12.75476 -18.79816 -336.9165 12.45483 -18.36981 -336.9165 12.08502 -18.00006 -336.9165 11.65668 -17.70007 -336.9165 11.18274 -17.47907 -336.9165 10.67761 -17.34375 -336.9165 10.15668 -17.29816 -336.9165 9.635743 -17.34375 -336.9165 9.130616 -17.47907 -336.9165 8.656678 -17.70007 -336.9165 8.228333 -18.00006 -336.9165 7.85852 -18.36981 -336.9165 7.558594 -18.79816 -336.9165 7.337585 -19.2721 -336.9165 7.20227 -19.77722 -336.9165 7.156677 -20.29816 -336.9165 7.20227 -20.81909 -336.9165 7.337585 -21.32422 -336.9165 7.558594 -21.79816 -336.9165 7.85852 -22.2265 -336.9165 8.228333 -22.59631 -336.9165 8.656678 -22.89624 -336.9165 9.130616 -23.11725 -336.9165 -11.81329 2.701843 -336.9165 -10.81329 3.701843 -336.9165 -13.1933 12.55182 -336.9165 -4.343323 3.701843 -336.9165 12.50671 -13.14819 -336.9165 10.12671 -4.298157 -336.9165 3.656677 -4.298157 -336.9165 -4.343323 10.17181 -336.9165 -3.343323 11.17181 -336.9165 2.656677 11.17181 -336.9165 3.656677 10.17181 -336.9165 3.656677 3.701843 -336.9165 10.12671 3.701843 -336.9165 11.12671 2.701843 -336.9165 11.12671 -3.298157 -336.9165 3.656677 -10.76819 -336.9165 2.656677 -11.76819 -336.9165 -13.1933 -13.14819 -336.9165 -3.343323 -11.76819 -336.9165 -4.343323 -10.76819 -336.9165 -11.81329 -3.298157 -336.9165 -10.81329 -4.298157 -336.9165 -4.343323 -4.298157 -336.9165 -13.66241 20.72791 -336.9165 -13.79773 20.22278 -336.9165 -13.84332 19.70184 -336.9165 -13.79773 19.18091 -336.9165 -13.66241 18.67578 -336.9165 -13.44141 18.20184 -336.9165 -13.14142 17.7735 -336.9165 -12.77167 17.40369 -336.9165 -12.34332 17.10376 -336.9165 -11.86938 16.88275 -336.9165 -11.36426 16.74744 -336.9165 -10.84332 16.70184 -336.9165 -10.32239 16.74744 -336.9165 -9.817261 16.88275 -336.9165 -9.343323 17.10376 -336.9165 -8.914978 17.40369 -336.9165 -8.545166 17.7735 -336.9165 -8.24524 18.20184 -336.9165 -8.024231 18.67578 -336.9165 -7.888916 19.18091 -336.9165 -7.843323 19.70184 -336.9165 -7.888916 20.22278 -336.9165 -8.024231 20.72791 -336.9165 -8.24524 21.20184 -336.9165 -8.545166 21.63019 -336.9165 -8.914978 21.99994 -336.9165 -9.343323 22.29993 -336.9165 -9.817261 22.52094 -336.9165 -10.32239 22.65625 -336.9165 -10.84332 22.70184 -336.9165 -11.36426 22.65625 -336.9165 -11.86938 22.52094 -336.9165 -12.34332 22.29993 -336.9165 -12.77167 21.99994 -336.9165 -13.14142 21.63019 -336.9165 -13.44141 21.20184 -336.9165 7.558594 21.20184 -335.9165 7.85852 21.63019 -335.9165 -8.545166 21.63019 -335.9165 -10.84332 22.70184 -335.9165 -11.36426 22.65625 -335.9165 -11.86938 22.52094 -335.9165 -8.914978 21.99994 -335.9165 8.656678 22.29993 -335.9165 8.228333 21.99994 -335.9165 12.45483 21.63019 -335.9165 12.08502 21.99994 -335.9165 -15.23431 19.92969 -335.9165 -15.15234 20.1189 -335.9165 -12.77167 21.99994 -335.9165 -12.34332 22.29993 -335.9165 11.65668 22.29993 -335.9165 11.18274 22.52094 -335.9165 10.67761 22.65625 -335.9165 -14.49976 20.68445 -335.9165 -14.42175 20.69745 -335.9165 -10.32239 22.65625 -335.9165 -9.817261 22.52094 -335.9165 -9.343323 22.29993 -335.9165 9.130616 22.52094 -335.9165 9.635743 22.65625 -335.9165 10.15668 22.70184 -335.9165 14.36377 20.2876 -335.9165 14.4657 20.1189 -335.9165 14.54767 19.92969 -335.9165 -13.44141 21.20184 -335.9165 -14.34332 20.70184 -335.9165 -13.66241 20.72791 -335.9165 -13.67175 20.70184 -335.9165 13.65668 20.70184 -335.9165 13.73517 20.69745 -335.9165 -15.34332 19.2876 -335.9165 -15.33099 19.50885 -335.9165 -15.29437 19.72461 -335.9165 -8.024231 20.72791 -335.9165 -8.014893 20.70184 -335.9165 7.328247 20.70184 -335.9165 14.60773 19.72461 -335.9165 14.64435 19.50885 -335.9165 14.65668 19.2876 -335.9165 -13.14142 21.63019 -335.9165 -8.24524 21.20184 -335.9165 7.337585 20.72791 -335.9165 12.98511 20.70184 -335.9165 12.97577 20.72791 -335.9165 12.75476 21.20184 -335.9165 13.81311 20.68445 -335.9165 13.89014 20.66278 -335.9165 -14.65234 20.63263 -335.9165 -14.57678 20.66278 -335.9165 13.9657 20.63263 -335.9165 14.03937 20.59418 -335.9165 -14.7973 20.54767 -335.9165 -14.72601 20.59418 -335.9165 -15.05041 20.2876 -335.9165 -14.93109 20.43176 -335.9165 -14.86578 20.49341 -335.9165 14.11066 20.54767 -335.9165 14.1792 20.49341 -335.9165 14.24445 20.43176 -335.9165 -9.122559 17.24439 -332.459 -9.57544 16.98291 -332.1975 -9.343323 17.10376 -332.3184 -10.06683 16.80408 -332.0187 -9.817261 16.88275 -332.0974 -10.58185 16.71326 -331.9279 -10.32239 16.74744 -331.962 -11.1048 16.71326 -331.9279 -10.84332 16.70184 -331.9165 -11.61975 16.80408 -332.0187 -11.36426 16.74744 -331.962 -12.11114 16.98291 -332.1975 -11.86938 16.88275 -332.0974 -12.77167 17.40369 -332.6184 -12.56403 17.24439 -332.459 -12.34332 17.10376 -332.3184 -13.14142 17.7735 -332.9881 -13.44141 18.20184 -333.4165 -13.66241 18.67578 -333.8904 -13.79773 19.18091 -334.3955 -13.84332 19.70184 -334.9165 -13.79773 20.22278 -335.4374 -8.914978 17.40369 -332.6184 -8.545166 17.7735 -332.9881 -8.24524 18.20184 -333.4165 -8.024231 18.67578 -333.8904 -7.888916 19.18091 -334.3955 -7.843323 19.70184 -334.9165 -7.888916 20.22278 -335.4374 -13.1933 -13.14819 -305.9165 12.50671 -13.14819 -305.9165 -13.1933 -0.2981567 -321.3165 -13.1933 1.017395 -320.3953 -13.1933 0.9142456 -320.6165 -13.1933 -0.5412598 -321.2952 -13.1933 -0.7769775 -321.232 -13.1933 -0.998169 -321.1289 -13.1933 -1.198059 -320.9889 -13.1933 -1.370605 -320.8164 -13.1933 -1.51062 -320.6165 -13.1933 -1.67688 -319.6734 -13.1933 -1.613708 -319.4376 -13.1933 -1.51062 -319.2164 -13.1933 -1.370605 -319.0166 -13.1933 -1.198059 -318.844 -13.1933 -0.998169 -318.7041 -13.1933 -0.7769775 -318.6009 -13.1933 -0.05505371 -318.5377 -13.1933 12.55182 -305.9165 -13.1933 -0.2981567 -318.5165 -13.1933 -0.5412598 -318.5377 -13.1933 0.774292 -320.8164 -13.1933 0.6017456 -320.9889 -13.1933 0.4018555 -321.1289 -13.1933 0.180664 -321.232 -13.1933 -0.05505371 -321.2952 -13.1933 -1.613708 -320.3953 -13.1933 -1.67688 -320.1596 -13.1933 -1.698181 -319.9165 -13.1933 0.180664 -318.6009 -13.1933 0.4018555 -318.7041 -13.1933 0.6017456 -318.844 -13.1933 0.774292 -319.0166 -13.1933 0.9142456 -319.2164 -13.1933 1.017395 -319.4376 -13.1933 1.080566 -319.6734 -13.1933 1.101807 -319.9165 -13.1933 1.080566 -320.1596 12.50671 12.55182 -305.9165 12.50671 -1.613708 -320.3953 12.50671 -1.51062 -320.6165 12.50671 -1.370605 -320.8164 12.50671 0.180664 -321.232 12.50671 0.4018555 -321.1289 12.50671 -1.198059 -320.9889 12.50671 -0.998169 -321.1289 12.50671 -0.7769775 -321.232 12.50671 -1.198059 -318.844 12.50671 -0.998169 -318.7041 12.50671 -0.7769775 -318.6009 12.50671 -1.370605 -319.0166 12.50671 -1.51062 -319.2164 12.50671 -1.613708 -319.4376 12.50671 -1.67688 -319.6734 12.50671 -1.698181 -319.9165 12.50671 -1.67688 -320.1596 12.50671 0.6017456 -320.9889 12.50671 0.774292 -320.8164 12.50671 0.9142456 -320.6165 12.50671 0.180664 -318.6009 12.50671 -0.05505371 -318.5377 12.50671 -0.2981567 -318.5165 12.50671 -0.5412598 -318.5377 12.50671 -0.5412598 -321.2952 12.50671 -0.2981567 -321.3165 12.50671 -0.05505371 -321.2952 12.50671 1.017395 -320.3953 12.50671 1.080566 -320.1596 12.50671 1.101807 -319.9165 12.50671 1.080566 -319.6734 12.50671 1.017395 -319.4376 12.50671 0.9142456 -319.2164 12.50671 0.774292 -319.0166 12.50671 0.6017456 -318.844 12.50671 0.4018555 -318.7041 8.435975 -17.8407 -332.459 8.888855 -17.57922 -332.1975 8.656678 -17.70007 -332.3184 9.380249 -17.40039 -332.0187 9.130616 -17.47907 -332.0974 9.895203 -17.30957 -331.9279 9.635743 -17.34375 -331.962 10.41815 -17.30957 -331.9279 10.15668 -17.29816 -331.9165 10.93317 -17.40039 -332.0187 10.67761 -17.34375 -331.962 11.42456 -17.57922 -332.1975 11.18274 -17.47907 -332.0974 12.08502 -18.00006 -332.6184 11.87744 -17.8407 -332.459 11.65668 -17.70007 -332.3184 12.45483 -18.36981 -332.9881 12.75476 -18.79816 -333.4165 12.97577 -19.2721 -333.8904 13.11108 -19.77722 -334.3955 13.15668 -20.29816 -334.9165 13.11108 -20.81909 -335.4374 8.228333 -18.00006 -332.6184 7.85852 -18.36981 -332.9881 7.558594 -18.79816 -333.4165 7.337585 -19.2721 -333.8904 7.20227 -19.77722 -334.3955 7.156677 -20.29816 -334.9165 7.20227 -20.81909 -335.4374 7.328247 -21.29816 -335.9165 7.337585 -21.32422 -335.9165 7.558594 -21.79816 -335.9165 7.85852 -22.2265 -335.9165 8.228333 -22.59631 -335.9165 8.656678 -22.89624 -335.9165 9.130616 -23.11725 -335.9165 9.635743 -23.25256 -335.9165 10.15668 -23.29816 -335.9165 10.67761 -23.25256 -335.9165 11.18274 -23.11725 -335.9165 11.65668 -22.89624 -335.9165 12.08502 -22.59631 -335.9165 12.45483 -22.2265 -335.9165 12.75476 -21.79816 -335.9165 12.97577 -21.32422 -335.9165 12.98511 -21.29816 -335.9165 12.45483 17.7735 -332.9881 12.75476 18.20184 -333.4165 12.97577 18.67578 -333.8904 13.11108 19.18091 -334.3955 13.15668 19.70184 -334.9165 13.11108 20.22278 -335.4374 11.87744 17.24439 -332.459 12.08502 17.40369 -332.6184 11.42456 16.98291 -332.1975 11.65668 17.10376 -332.3184 10.93317 16.80408 -332.0187 11.18274 16.88275 -332.0974 10.41815 16.71326 -331.9279 10.67761 16.74744 -331.962 9.895203 16.71326 -331.9279 10.15668 16.70184 -331.9165 9.380249 16.80408 -332.0187 9.635743 16.74744 -331.962 8.888855 16.98291 -332.1975 9.130616 16.88275 -332.0974 8.228333 17.40369 -332.6184 8.435975 17.24439 -332.459 8.656678 17.10376 -332.3184 7.20227 20.22278 -335.4374 7.156677 19.70184 -334.9165 7.20227 19.18091 -334.3955 7.337585 18.67578 -333.8904 7.558594 18.20184 -333.4165 7.85852 17.7735 -332.9881 -13.14142 -18.36981 -332.9881 -13.44141 -18.79816 -333.4165 -13.66241 -19.2721 -333.8904 -13.79773 -19.77722 -334.3955 -13.84332 -20.29816 -334.9165 -13.79773 -20.81909 -335.4374 -13.67175 -21.29816 -335.9165 -13.66241 -21.32422 -335.9165 -13.44141 -21.79816 -335.9165 -13.14142 -22.2265 -335.9165 -12.77167 -22.59631 -335.9165 -12.34332 -22.89624 -335.9165 -11.86938 -23.11725 -335.9165 -11.36426 -23.25256 -335.9165 -10.84332 -23.29816 -335.9165 -10.32239 -23.25256 -335.9165 -9.817261 -23.11725 -335.9165 -9.343323 -22.89624 -335.9165 -8.914978 -22.59631 -335.9165 -8.545166 -22.2265 -335.9165 -8.24524 -21.79816 -335.9165 -8.024231 -21.32422 -335.9165 -8.014893 -21.29816 -335.9165 -12.56403 -17.8407 -332.459 -12.77167 -18.00006 -332.6184 -12.11114 -17.57922 -332.1975 -12.34332 -17.70007 -332.3184 -11.61975 -17.40039 -332.0187 -11.86938 -17.47907 -332.0974 -11.1048 -17.30957 -331.9279 -11.36426 -17.34375 -331.962 -10.58185 -17.30957 -331.9279 -10.84332 -17.29816 -331.9165 -10.06683 -17.40039 -332.0187 -10.32239 -17.34375 -331.962 -9.57544 -17.57922 -332.1975 -9.817261 -17.47907 -332.0974 -8.914978 -18.00006 -332.6184 -9.122559 -17.8407 -332.459 -9.343323 -17.70007 -332.3184 -7.888916 -20.81909 -335.4374 -7.843323 -20.29816 -334.9165 -7.888916 -19.77722 -334.3955 -8.024231 -19.2721 -333.8904 -8.24524 -18.79816 -333.4165 -8.545166 -18.36981 -332.9881 14.54767 -20.526 -335.9165 14.4657 -20.71521 -335.9165 -15.05041 -20.88397 -335.9165 -15.15234 -20.71521 -335.9165 -15.23431 -20.526 -335.9165 13.81311 -21.28076 -335.9165 13.73517 -21.29382 -335.9165 -14.34332 -21.29816 -335.9165 -14.42175 -21.29382 -335.9165 13.65668 -21.29816 -335.9165 -15.29437 -20.32098 -335.9165 -15.33099 -20.10516 -335.9165 -15.34332 -19.88397 -335.9165 14.65668 -19.88397 -335.9165 14.64435 -20.10516 -335.9165 14.60773 -20.32098 -335.9165 -14.49976 -21.28076 -335.9165 -14.57678 -21.25909 -335.9165 13.9657 -21.22894 -335.9165 13.89014 -21.25909 -335.9165 -14.65234 -21.22894 -335.9165 -14.72601 -21.19049 -335.9165 14.11066 -21.14404 -335.9165 14.03937 -21.19049 -335.9165 -14.7973 -21.14404 -335.9165 -14.86578 -21.08978 -335.9165 -14.93109 -21.02808 -335.9165 14.36377 -20.88397 -335.9165 14.24445 -21.02808 -335.9165 14.1792 -21.08978 -335.9165 10.12671 3.701843 -327.9992 3.656677 3.701843 -322.9165 9.279541 3.701843 -322.9165 3.656677 10.17181 -327.9992 3.656677 9.324707 -322.9165 -11.81329 -3.298157 -327.9165 -11.81329 2.701843 -327.9165 -10.81329 -4.298157 -327.9992 -4.343323 -4.298157 -322.9165 -9.966187 -4.298157 -322.9165 -10.97772 -3.298157 -322.9028 -10.97772 2.701843 -322.9028 -4.343323 -10.76819 -327.9992 -4.343323 -9.921021 -322.9165 -3.343323 -11.76819 -327.9165 2.656677 -11.76819 -327.9165 -3.343323 -10.76819 -321.9165 2.656677 -10.76819 -321.9165 9.126709 -3.298157 -321.9165 9.126709 2.701843 -321.9165 2.656677 -3.298157 -321.9165 2.656677 2.701843 -321.9165 -9.813294 2.701843 -321.9165 -9.813294 -3.298157 -321.9165 -3.343323 2.701843 -321.9165 -3.343323 -3.298157 -321.9165 -3.343323 10.17181 -321.9165 2.656677 10.17181 -321.9165 -3.343323 11.17181 -327.9165 2.656677 11.17181 -327.9165 -4.343323 10.17181 -327.9992 -4.343323 3.701843 -322.9165 -4.343323 9.324707 -322.9165 -10.81329 3.701843 -327.9992 -9.966187 3.701843 -322.9165 3.656677 -10.76819 -327.9992 3.656677 -4.298157 -322.9165 3.656677 -9.921021 -322.9165 10.12671 -4.298157 -327.9992 9.279541 -4.298157 -322.9165 11.12671 -3.298157 -327.9165 11.12671 2.701843 -327.9165 10.29108 -3.298157 -322.9028 10.29108 2.701843 -322.9028 14.65668 -15.29816 -331.3307 14.65668 0.6017456 -318.844 14.65668 0.774292 -319.0166 14.65668 1.080566 -319.6734 14.65668 1.101807 -319.9165 14.65668 1.080566 -320.1596 14.65668 1.017395 -320.3953 14.65668 0.4018555 -321.1289 14.65668 0.180664 -321.232 14.65668 0.9142456 -319.2164 14.65668 1.017395 -319.4376 14.65668 0.9142456 -320.6165 14.65668 0.774292 -320.8164 14.65668 0.6017456 -320.9889 14.65668 -0.05505371 -321.2952 14.65668 -0.2981567 -321.3165 14.65668 -0.5412598 -321.2952 14.65668 -0.7769775 -321.232 14.65668 -0.998169 -321.1289 14.65668 -1.198059 -320.9889 14.65668 -1.370605 -320.8164 14.65668 -1.51062 -320.6165 14.65668 -1.613708 -320.3953 14.65668 0.180664 -318.6009 14.65668 0.4018555 -318.7041 14.65668 14.70184 -305.9165 14.65668 14.70184 -331.3307 14.65668 -1.67688 -319.6734 14.65668 -15.29816 -305.9165 14.65668 -1.698181 -319.9165 14.65668 -1.67688 -320.1596 14.65668 -1.613708 -319.4376 14.65668 -1.51062 -319.2164 14.65668 -1.370605 -319.0166 14.65668 -1.198059 -318.844 14.65668 -0.998169 -318.7041 14.65668 -0.7769775 -318.6009 14.65668 -0.5412598 -318.5377 14.65668 -0.2981567 -318.5165 14.65668 -0.05505371 -318.5377 13.65668 -16.29816 -330.9165 13.81311 -16.28583 -330.9216 14.15686 -16.16406 -330.972 14.11066 -16.18915 -330.9616 13.99884 -16.23779 -330.9415 13.9657 -16.24921 -330.9367 13.83038 -16.28296 -330.9227 14.29968 -16.06403 -331.0134 14.24445 -16.10718 -330.9956 14.42285 -15.9408 -331.0645 14.36377 -16.00525 -331.0378 14.52283 -15.79803 -331.1237 14.4657 -15.88593 -331.0872 14.59644 -15.64008 -331.189 14.54767 -15.75214 -331.1427 14.64435 -15.45459 -331.2659 14.64148 -15.4718 -331.2587 14.60773 -15.60718 -331.2027 14.64148 -15.4718 -305.9165 14.59637 -15.6402 -305.9165 14.5227 -15.79816 -305.9165 14.42273 -15.94098 -305.9165 14.2995 -16.06421 -305.9165 14.15668 -16.16419 -305.9165 13.99872 -16.23785 -305.9165 13.83032 -16.28296 -305.9165 13.65668 -16.29816 -305.9165 -14.34332 -16.29816 -330.9165 -14.34332 -16.29816 -305.9165 -15.33099 14.85828 -305.9165 -15.34332 14.70184 -305.9165 14.2995 15.4679 -305.9165 14.15668 15.56787 -305.9165 -14.34332 15.70184 -305.9165 13.65668 15.70184 -305.9165 -15.34332 -15.29816 -305.9165 -15.32812 -15.4718 -305.9165 -14.68536 -16.23785 -305.9165 -14.51697 -16.28296 -305.9165 -15.28302 -15.6402 -305.9165 -15.20935 -15.79816 -305.9165 -15.10937 -15.94098 -305.9165 -14.98608 -16.06421 -305.9165 -14.84332 -16.16419 -305.9165 14.64148 14.87549 -305.9165 14.59637 15.04382 -305.9165 13.99872 15.64154 -305.9165 13.83032 15.68665 -305.9165 -14.49976 15.68951 -305.9165 -14.65234 15.65289 -305.9165 -14.7973 15.59283 -305.9165 14.5227 15.20184 -305.9165 14.42273 15.3446 -305.9165 -14.93109 15.51086 -305.9165 -15.05041 15.40894 -305.9165 -15.15234 15.28961 -305.9165 -15.23431 15.15582 -305.9165 -15.29437 15.01086 -305.9165 -14.98608 -16.06421 -331.0134 -15.05066 -16.00507 -331.0379 -15.34332 -15.29816 -331.3307 -15.32812 -15.4718 -331.2587 -15.29437 -15.60712 -331.2027 -15.23444 -15.75201 -331.1427 -15.28302 -15.6402 -331.189 -15.10937 -15.94098 -331.0644 -15.15247 -15.88574 -331.0873 -15.20935 -15.79816 -331.1235 -14.93109 -16.10718 -330.9956 -14.84351 -16.16406 -330.972 -14.7973 -16.18915 -330.9616 -14.68542 -16.23779 -330.9415 -14.65234 -16.24921 -330.9367 -14.51703 -16.28296 -330.9227 -14.49976 -16.28583 -330.9216 -14.34332 15.70184 -330.9165 13.65668 15.70184 -330.9165 14.2995 15.4679 -331.0134 14.36401 15.40875 -331.0379 14.64148 14.87549 -331.2587 14.60779 15.01074 -331.2027 14.54779 15.15564 -331.1427 14.59637 15.04382 -331.189 14.42273 15.3446 -331.0644 14.46588 15.28943 -331.0873 14.5227 15.20184 -331.1235 14.24445 15.51086 -330.9956 14.15686 15.56775 -330.972 14.11066 15.59283 -330.9616 13.99884 15.64148 -330.9415 13.9657 15.65289 -330.9367 13.83038 15.68665 -330.9227 13.81311 15.68951 -330.9216 -15.34332 14.70184 -331.3307 -15.34332 -0.2981567 -318.5165 -15.34332 -0.5412598 -318.5377 -15.34332 -0.7769775 -318.6009 -15.34332 -0.998169 -318.7041 -15.34332 -1.198059 -318.844 -15.34332 -1.370605 -319.0166 -15.34332 -1.51062 -319.2164 -15.34332 -1.51062 -320.6165 -15.34332 -1.613708 -320.3953 -15.34332 -1.67688 -320.1596 -15.34332 -1.370605 -320.8164 -15.34332 -1.198059 -320.9889 -15.34332 -0.998169 -321.1289 -15.34332 -1.613708 -319.4376 -15.34332 -1.67688 -319.6734 -15.34332 -1.698181 -319.9165 -15.34332 -0.7769775 -321.232 -15.34332 -0.5412598 -321.2952 -15.34332 -0.2981567 -321.3165 -15.34332 -0.05505371 -321.2952 -15.34332 0.180664 -321.232 -15.34332 0.4018555 -321.1289 -15.34332 0.6017456 -320.9889 -15.34332 0.774292 -320.8164 -15.34332 0.9142456 -320.6165 -15.34332 1.017395 -320.3953 -15.34332 -0.05505371 -318.5377 -15.34332 0.180664 -318.6009 -15.34332 1.080566 -319.6734 -15.34332 1.101807 -319.9165 -15.34332 1.080566 -320.1596 -15.34332 1.017395 -319.4376 -15.34332 0.9142456 -319.2164 -15.34332 0.774292 -319.0166 -15.34332 0.6017456 -318.844 -15.34332 0.4018555 -318.7041 -14.49976 15.68951 -330.9216 -14.65234 15.65289 -330.9367 -14.7973 15.59283 -330.9616 -14.93109 15.51086 -330.9956 -15.05041 15.40894 -331.0378 -15.15234 15.28961 -331.0872 -15.23431 15.15582 -331.1427 -15.29437 15.01086 -331.2027 -15.33099 14.85828 -331.2659 -12.39331 4.701843 -415.2665 11.70666 4.701843 -415.2665 -12.39331 -13.59814 -415.2665 11.70666 -13.59814 -415.2665 -15.34332 -13.59814 -412.3165 -15.34332 4.701843 -412.3165 -15.29852 4.701843 -412.8287 -15.29852 -13.59814 -412.8287 -15.16541 4.701843 -413.3255 -15.16541 -13.59814 -413.3255 -14.94812 4.701843 -413.7915 -14.94812 -13.59814 -413.7915 -14.65314 4.701843 -414.2127 -14.65314 -13.59814 -414.2127 -14.28955 4.701843 -414.5763 -14.28955 -13.59814 -414.5763 -13.86829 4.701843 -414.8712 -13.86829 -13.59814 -414.8712 -13.40228 4.701843 -415.0886 -13.40228 -13.59814 -415.0886 -12.90558 4.701843 -415.2216 -12.90558 -13.59814 -415.2216 -12.39331 -13.59814 -349.9165 -12.39331 4.701843 -349.9165 -12.90558 4.701843 -349.9613 -12.90558 -13.59814 -349.9613 -13.40228 4.701843 -350.0944 -13.40228 -13.59814 -350.0944 -13.86829 4.701843 -350.3117 -13.86829 -13.59814 -350.3117 -14.28955 4.701843 -350.6066 -14.28955 -13.59814 -350.6066 -14.65314 4.701843 -350.9702 -14.65314 -13.59814 -350.9702 -14.94812 4.701843 -351.3915 -14.94812 -13.59814 -351.3915 -15.16541 4.701843 -351.8575 -15.16541 -13.59814 -351.8575 -15.29852 4.701843 -352.3542 -15.29852 -13.59814 -352.3542 -15.34332 4.701843 -352.8665 -15.34332 -13.59814 -352.8665 14.65668 -13.59814 -352.8665 14.65668 4.701843 -352.8665 14.61188 4.701843 -352.3542 14.61188 -13.59814 -352.3542 14.47876 4.701843 -351.8575 14.47876 -13.59814 -351.8575 14.26147 4.701843 -351.3915 14.26147 -13.59814 -351.3915 13.96649 4.701843 -350.9702 13.96649 -13.59814 -350.9702 13.60291 4.701843 -350.6066 13.60291 -13.59814 -350.6066 13.1817 4.701843 -350.3117 13.1817 -13.59814 -350.3117 12.71564 4.701843 -350.0944 12.71564 -13.59814 -350.0944 12.21893 4.701843 -349.9613 12.21893 -13.59814 -349.9613 11.70666 4.701843 -349.9165 11.70666 -13.59814 -349.9165 12.21893 4.701843 -415.2216 12.21893 -13.59814 -415.2216 12.71564 4.701843 -415.0886 12.71564 -13.59814 -415.0886 13.1817 4.701843 -414.8712 13.1817 -13.59814 -414.8712 13.60291 4.701843 -414.5763 13.60291 -13.59814 -414.5763 13.96649 4.701843 -414.2127 13.96649 -13.59814 -414.2127 14.26147 4.701843 -413.7915 14.26147 -13.59814 -413.7915 14.47876 4.701843 -413.3255 14.47876 -13.59814 -413.3255 14.61188 4.701843 -412.8287 14.61188 -13.59814 -412.8287 14.65668 4.701843 -412.3165 14.65668 -13.59814 -412.3165 14.65668 -13.59814 -407.2665 14.65668 -8.598145 -407.2665 14.65668 -8.598145 -397.2665 14.65668 -13.59814 -397.2665 10.50671 -13.59814 -397.2665 10.50671 -8.598145 -397.2665 10.50671 -8.598145 -407.2665 10.50671 -13.59814 -407.2665 -15.34332 -13.59814 -397.2665 -11.1933 -13.59814 -397.2665 -11.1933 -13.59814 -407.2665 -15.34332 -13.59814 -407.2665 -15.34332 -8.598145 -397.2665 -15.34332 -8.598145 -407.2665 -11.1933 -8.598145 -407.2665 -11.1933 -8.598145 -397.2665 1.133911 24.05182 -402.9769 3.543335 24.05182 -403.0385 1.156677 24.05182 -402.7164 3.555176 24.05182 -402.609 1.133911 24.05182 -402.456 0.9557495 24.05182 -403.4664 3.22821 24.05182 -404.2831 1.066223 24.05182 -403.2295 3.378845 24.05182 -403.8807 3.484375 24.05182 -403.4641 -0.0828247 24.05182 -404.1937 0.7178955 24.05182 -406.4693 0.1697387 24.05182 -404.126 1.124268 24.05182 -406.3298 0.4066773 24.05182 -404.0155 -0.3433228 24.05182 -404.2164 -0.128479 24.05182 -406.6105 0.298584 24.05182 -406.5633 0.4066773 24.05182 -401.4174 1.321106 24.05182 -399.1895 0.1697387 24.05182 -401.307 0.9230347 24.05182 -399.0278 -0.0828247 24.05182 -401.2393 0.8057251 24.05182 -403.6807 2.799194 24.05182 -405.0262 3.03418 24.05182 -404.6665 -0.6037598 24.05182 -404.1937 -0.5581665 24.05182 -406.6105 -0.3433228 24.05182 -406.6165 -0.8563233 24.05182 -401.307 -2.007751 24.05182 -399.1895 -1.093323 24.05182 -401.4174 -2.38562 24.05182 -399.394 -1.307495 24.05182 -401.5674 -0.3433228 24.05182 -401.2164 -0.7723389 24.05182 -398.8402 -0.6037598 24.05182 -401.2393 -1.196167 24.05182 -398.9108 -1.609619 24.05182 -399.0278 0.5095215 24.05182 -398.9108 0.08569335 24.05182 -398.8402 -0.3433228 24.05182 -398.8165 3.519714 24.05182 -402.1808 3.437317 24.05182 -401.759 1.066223 24.05182 -402.2034 1.512878 24.05182 -406.1464 1.878906 24.05182 -405.9214 0.6208496 24.05182 -403.8656 2.218018 24.05182 -405.6575 2.526001 24.05182 -405.3579 -0.8563233 24.05182 -404.126 -1.404541 24.05182 -406.4693 -0.9852295 24.05182 -406.5633 -1.642334 24.05182 -403.4664 -3.485779 24.05182 -405.0262 -1.492371 24.05182 -403.6807 -3.212646 24.05182 -405.3579 -1.307495 24.05182 -403.8656 -1.752869 24.05182 -402.2034 -4.123962 24.05182 -401.759 -1.820557 24.05182 -402.456 -4.20636 24.05182 -402.1808 -1.843323 24.05182 -402.7164 -2.73877 24.05182 -399.6388 -3.062744 24.05182 -399.921 -1.492371 24.05182 -401.7523 -3.35376 24.05182 -400.2371 -1.642334 24.05182 -401.9664 0.8057251 24.05182 -401.7523 2.37616 24.05182 -399.921 0.6208496 24.05182 -401.5674 2.052124 24.05182 -399.6388 1.699036 24.05182 -399.394 3.309082 24.05182 -401.3489 3.136475 24.05182 -400.9555 0.9557495 24.05182 -401.9664 2.921631 24.05182 -400.5834 2.667175 24.05182 -400.2371 -2.904663 24.05182 -405.6575 -2.565552 24.05182 -405.9214 -1.093323 24.05182 -404.0155 -2.199524 24.05182 -406.1464 -1.810913 24.05182 -406.3298 -4.241821 24.05182 -402.609 -4.22998 24.05182 -403.0385 -1.820557 24.05182 -402.9769 -4.170959 24.05182 -403.4641 -1.752869 24.05182 -403.2295 -3.608276 24.05182 -400.5834 -3.82312 24.05182 -400.9555 -3.995728 24.05182 -401.3489 -4.065491 24.05182 -403.8807 -3.914856 24.05182 -404.2831 -3.720825 24.05182 -404.6665 -0.3433228 29.70184 -398.8165 0.08569335 29.70184 -398.8402 0.5095215 29.70184 -398.9108 0.9230347 29.70184 -399.0278 1.321106 29.70184 -399.1895 1.699036 29.70184 -399.394 2.052124 29.70184 -399.6388 2.37616 29.70184 -399.921 2.667175 29.70184 -400.2371 2.921631 29.70184 -400.5834 3.136475 29.70184 -400.9555 3.309082 29.70184 -401.3489 3.437317 29.70184 -401.759 3.519714 29.70184 -402.1808 3.555176 29.70184 -402.609 3.543335 29.70184 -403.0385 3.484375 29.70184 -403.4641 3.378845 29.70184 -403.8807 3.22821 29.70184 -404.2831 3.03418 29.70184 -404.6665 2.799194 29.70184 -405.0262 2.526001 29.70184 -405.3579 2.218018 29.70184 -405.6575 1.878906 29.70184 -405.9214 1.512878 29.70184 -406.1464 1.124268 29.70184 -406.3298 0.7178955 29.70184 -406.4693 0.298584 29.70184 -406.5633 -0.128479 29.70184 -406.6105 -0.3433228 29.70184 -406.6165 -0.5581665 29.70184 -406.6105 -0.9852295 29.70184 -406.5633 -1.404541 29.70184 -406.4693 -1.810913 29.70184 -406.3298 -2.199524 29.70184 -406.1464 -2.565552 29.70184 -405.9214 -2.904663 29.70184 -405.6575 -3.212646 29.70184 -405.3579 -3.485779 29.70184 -405.0262 -3.720825 29.70184 -404.6665 -3.914856 29.70184 -404.2831 -4.065491 29.70184 -403.8807 -4.170959 29.70184 -403.4641 -4.22998 29.70184 -403.0385 -4.241821 29.70184 -402.609 -4.20636 29.70184 -402.1808 -4.123962 29.70184 -401.759 -3.995728 29.70184 -401.3489 -3.82312 29.70184 -400.9555 -3.608276 29.70184 -400.5834 -3.35376 29.70184 -400.2371 -3.062744 29.70184 -399.921 -2.73877 29.70184 -399.6388 -2.38562 29.70184 -399.394 -2.007751 29.70184 -399.1895 -1.609619 29.70184 -399.0278 -1.196167 29.70184 -398.9108 -0.7723389 29.70184 -398.8402 0.09082031 29.70184 -400.2545 -0.1254272 29.70184 -400.226 -0.3433228 29.70184 -400.2164 -0.5612183 29.70184 -400.226 -0.7774658 29.70184 -400.2545 -0.9903565 29.70184 -400.3016 -1.198364 29.70184 -400.3673 -1.399841 29.70184 -400.4507 -1.593323 29.70184 -400.5514 -1.777283 29.70184 -400.6686 -1.950256 29.70184 -400.8013 -2.111084 29.70184 -400.9487 -2.258423 29.70184 -401.1095 -2.833801 29.70184 -402.4985 -2.843323 29.70184 -402.7164 -2.833801 29.70184 -402.9343 -2.805359 29.70184 -403.1506 -1.198364 29.70184 -405.0657 -0.9903565 29.70184 -405.1313 -0.7774658 29.70184 -405.1785 -0.5612183 29.70184 -405.207 -0.3433228 29.70184 -405.2164 -0.1254272 29.70184 -405.207 0.09082031 29.70184 -405.1785 0.3037109 29.70184 -405.1313 -2.391174 29.70184 -401.2825 -2.508362 29.70184 -401.4664 -2.60907 29.70184 -401.6599 -2.692566 29.70184 -401.8614 -2.758118 29.70184 -402.0694 -2.805359 29.70184 -402.2824 -2.758118 29.70184 -403.3635 -2.692566 29.70184 -403.5715 -2.60907 29.70184 -403.773 -2.508362 29.70184 -403.9664 -2.391174 29.70184 -404.1504 0.5117188 29.70184 -405.0657 0.7132568 29.70184 -404.9822 0.9066773 29.70184 -404.8815 1.090637 29.70184 -404.7644 1.263672 29.70184 -404.6316 -2.258423 29.70184 -404.3234 -2.111084 29.70184 -404.4842 -1.950256 29.70184 -404.6316 -1.777283 29.70184 -404.7644 -1.593323 29.70184 -404.8815 -1.399841 29.70184 -404.9822 1.090637 29.70184 -400.6686 0.9066773 29.70184 -400.5514 0.7132568 29.70184 -400.4507 0.5117188 29.70184 -400.3673 0.3037109 29.70184 -400.3016 1.70459 29.70184 -401.2825 1.571777 29.70184 -401.1095 1.424438 29.70184 -400.9487 1.263672 29.70184 -400.8013 2.071472 29.70184 -403.3635 2.118713 29.70184 -403.1506 2.147156 29.70184 -402.9343 2.156677 29.70184 -402.7164 2.147156 29.70184 -402.4985 2.118713 29.70184 -402.2824 2.071472 29.70184 -402.0694 2.00592 29.70184 -401.8614 1.922424 29.70184 -401.6599 1.821777 29.70184 -401.4664 1.424438 29.70184 -404.4842 1.571777 29.70184 -404.3234 1.70459 29.70184 -404.1504 1.821777 29.70184 -403.9664 1.922424 29.70184 -403.773 2.00592 29.70184 -403.5715 -0.2125854 28.70184 -401.2222 -0.0828247 28.70184 -401.2393 0.04492187 28.70184 -401.2676 0.1697387 28.70184 -401.307 0.2905884 28.70184 -401.357 0.4066773 28.70184 -401.4174 0.5170288 28.70184 -401.4877 0.6208496 28.70184 -401.5674 0.7173462 28.70184 -401.6558 0.8057251 28.70184 -401.7523 0.885437 28.70184 -401.8561 0.9557495 28.70184 -401.9664 1.016174 28.70184 -402.0825 1.066223 28.70184 -402.2034 1.105591 28.70184 -402.3283 1.133911 28.70184 -402.456 1.151001 28.70184 -402.5857 1.156677 28.70184 -402.7164 1.151001 28.70184 -402.8472 1.133911 28.70184 -402.9769 1.105591 28.70184 -403.1047 1.066223 28.70184 -403.2295 1.016174 28.70184 -403.3504 0.9557495 28.70184 -403.4664 0.885437 28.70184 -403.5769 0.8057251 28.70184 -403.6807 0.7173462 28.70184 -403.7771 0.6208496 28.70184 -403.8656 0.5170288 28.70184 -403.9452 0.4066773 28.70184 -404.0155 0.2905884 28.70184 -404.0759 0.1697387 28.70184 -404.126 0.04492187 28.70184 -404.1654 -0.0828247 28.70184 -404.1937 -0.2125854 28.70184 -404.2108 -0.3433228 28.70184 -404.2164 -0.4740601 28.70184 -404.2108 -0.6037598 28.70184 -404.1937 -0.7315674 28.70184 -404.1654 -0.8563233 28.70184 -404.126 -0.9772339 28.70184 -404.0759 -1.093323 28.70184 -404.0155 -1.203674 28.70184 -403.9452 -1.307495 28.70184 -403.8656 -1.403992 28.70184 -403.7771 -1.492371 28.70184 -403.6807 -1.572021 28.70184 -403.5769 -1.642334 28.70184 -403.4664 -1.702759 28.70184 -403.3504 -1.752869 28.70184 -403.2295 -1.792175 28.70184 -403.1047 -1.820557 28.70184 -402.9769 -1.837585 28.70184 -402.8472 -1.843323 28.70184 -402.7164 -1.837585 28.70184 -402.5857 -1.820557 28.70184 -402.456 -1.792175 28.70184 -402.3283 -1.752869 28.70184 -402.2034 -1.702759 28.70184 -402.0825 -1.642334 28.70184 -401.9664 -1.572021 28.70184 -401.8561 -1.492371 28.70184 -401.7523 -1.403992 28.70184 -401.6558 -1.307495 28.70184 -401.5674 -1.203674 28.70184 -401.4877 -1.093323 28.70184 -401.4174 -0.9772339 28.70184 -401.357 -0.8563233 28.70184 -401.307 -0.7315674 28.70184 -401.2676 -0.6037598 28.70184 -401.2393 -0.4740601 28.70184 -401.2222 -0.3433228 28.70184 -401.2164 -11.8559 20.50183 -350.6749 -12.12305 20.50183 -350.6311 -12.39331 20.50183 -351.9617 -9.984436 20.50183 -353.7853 -11.39331 20.50183 -353.6938 -10.07086 20.50183 -354.0418 -10.18451 20.50183 -354.2875 -12.93072 20.50183 -355.558 -12.66364 20.50183 -355.6018 -12.39331 20.50183 -354.2712 -10.18451 20.50183 -351.9454 -10.3241 20.50183 -351.7135 -11.39331 20.50183 -352.5391 -10.48791 20.50183 -351.498 -10.88037 20.50183 -355.1067 -10.67407 20.50183 -354.9315 -13.39331 20.50183 -352.5391 -14.71576 20.50183 -352.1911 -14.80218 20.50183 -352.4476 -14.86035 20.50183 -353.5209 -14.80218 20.50183 -353.7853 -13.39331 20.50183 -353.6938 -14.11255 20.50183 -351.3015 -14.29871 20.50183 -351.498 -11.10443 20.50183 -350.9743 -11.34357 20.50183 -350.8475 -11.59503 20.50183 -350.7473 -12.39331 20.50183 -355.6165 -12.12305 20.50183 -355.6018 -11.8559 20.50183 -355.558 -10.48791 20.50183 -354.7349 -10.3241 20.50183 -354.5194 -14.46252 20.50183 -354.5194 -14.29871 20.50183 -354.7349 -14.11255 20.50183 -354.9315 -13.90625 20.50183 -355.1067 -13.68219 20.50183 -355.2586 -13.44305 20.50183 -355.3854 -13.19159 20.50183 -355.4856 -14.86035 20.50183 -352.712 -14.88965 20.50183 -352.9811 -14.88965 20.50183 -353.2518 -14.71576 20.50183 -354.0418 -14.60211 20.50183 -354.2875 -12.39331 20.50183 -350.6165 -12.66364 20.50183 -350.6311 -12.93072 20.50183 -350.6749 -13.90625 20.50183 -351.1262 -14.46252 20.50183 -351.7135 -14.60211 20.50183 -351.9454 -10.67407 20.50183 -351.3015 -10.88037 20.50183 -351.1262 -9.92627 20.50183 -352.712 -9.984436 20.50183 -352.4476 -10.07086 20.50183 -352.1911 -11.59503 20.50183 -355.4856 -11.34357 20.50183 -355.3854 -11.10443 20.50183 -355.2586 -13.19159 20.50183 -350.7473 -13.44305 20.50183 -350.8475 -13.68219 20.50183 -350.9743 -9.92627 20.50183 -353.5209 -9.896973 20.50183 -353.2518 -9.896973 20.50183 -352.9811 -14.71576 23.60181 -354.0418 -14.80218 23.60181 -353.7853 -13.39331 23.60181 -353.6938 -9.92627 23.60181 -353.5209 -9.984436 23.60181 -353.7853 -11.39331 23.60181 -353.6938 -14.60211 23.60181 -351.9454 -14.46252 23.60181 -351.7135 -13.39331 23.60181 -352.5391 -14.29871 23.60181 -351.498 -14.11255 23.60181 -351.3015 -13.44305 23.60181 -350.8475 -12.39331 23.60181 -351.9617 -13.19159 23.60181 -350.7473 -12.93072 23.60181 -350.6749 -12.66364 23.60181 -350.6311 -14.86035 23.60181 -352.712 -14.80218 23.60181 -352.4476 -14.71576 23.60181 -352.1911 -14.11255 23.60181 -354.9315 -14.29871 23.60181 -354.7349 -11.8559 23.60181 -355.558 -12.12305 23.60181 -355.6018 -12.39331 23.60181 -354.2712 -10.07086 23.60181 -354.0418 -10.18451 23.60181 -354.2875 -10.3241 23.60181 -354.5194 -13.90625 23.60181 -351.1262 -13.68219 23.60181 -350.9743 -14.86035 23.60181 -353.5209 -14.88965 23.60181 -353.2518 -14.88965 23.60181 -352.9811 -13.90625 23.60181 -355.1067 -14.46252 23.60181 -354.5194 -14.60211 23.60181 -354.2875 -12.39331 23.60181 -355.6165 -12.66364 23.60181 -355.6018 -12.93072 23.60181 -355.558 -10.48791 23.60181 -354.7349 -10.67407 23.60181 -354.9315 -10.88037 23.60181 -355.1067 -11.10443 23.60181 -355.2586 -11.34357 23.60181 -355.3854 -11.59503 23.60181 -355.4856 -10.3241 23.60181 -351.7135 -10.18451 23.60181 -351.9454 -11.39331 23.60181 -352.5391 -10.07086 23.60181 -352.1911 -9.984436 23.60181 -352.4476 -12.39331 23.60181 -350.6165 -12.12305 23.60181 -350.6311 -11.8559 23.60181 -350.6749 -13.19159 23.60181 -355.4856 -13.44305 23.60181 -355.3854 -13.68219 23.60181 -355.2586 -9.92627 23.60181 -352.712 -9.896973 23.60181 -352.9811 -9.896973 23.60181 -353.2518 -11.59503 23.60181 -350.7473 -11.34357 23.60181 -350.8475 -11.10443 23.60181 -350.9743 -10.88037 23.60181 -351.1262 -10.67407 23.60181 -351.3015 -10.48791 23.60181 -351.498 11.45666 20.50183 -354.2712 11.72699 20.50183 -355.6018 11.99414 20.50183 -355.558 12.9696 20.50183 -355.1067 13.17596 20.50183 -354.9315 12.45666 20.50183 -353.6938 13.36206 20.50183 -354.7349 13.52588 20.50183 -354.5194 10.91925 20.50183 -355.558 11.1864 20.50183 -355.6018 11.45666 20.50183 -355.6165 11.99414 20.50183 -350.6749 11.72699 20.50183 -350.6311 11.45666 20.50183 -351.9617 13.66547 20.50183 -354.2875 13.77911 20.50183 -354.0418 13.86554 20.50183 -353.7853 12.25494 20.50183 -355.4856 12.50641 20.50183 -355.3854 12.74554 20.50183 -355.2586 13.66547 20.50183 -351.9454 13.52588 20.50183 -351.7135 12.45666 20.50183 -352.5391 13.36206 20.50183 -351.498 9.387452 20.50183 -354.5194 9.55127 20.50183 -354.7349 10.45666 20.50183 -353.6938 9.737427 20.50183 -354.9315 9.943726 20.50183 -355.1067 10.16779 20.50183 -355.2586 10.40698 20.50183 -355.3854 10.65845 20.50183 -355.4856 10.45666 20.50183 -352.5391 9.134217 20.50183 -352.1911 9.047791 20.50183 -352.4476 8.989624 20.50183 -353.5209 9.047791 20.50183 -353.7853 9.737427 20.50183 -351.3015 9.55127 20.50183 -351.498 12.74554 20.50183 -350.9743 12.50641 20.50183 -350.8475 12.25494 20.50183 -350.7473 8.989624 20.50183 -352.712 8.960328 20.50183 -352.9811 8.960328 20.50183 -353.2518 9.134217 20.50183 -354.0418 9.247925 20.50183 -354.2875 11.45666 20.50183 -350.6165 11.1864 20.50183 -350.6311 10.91925 20.50183 -350.6749 9.943726 20.50183 -351.1262 9.387452 20.50183 -351.7135 9.247925 20.50183 -351.9454 13.17596 20.50183 -351.3015 12.9696 20.50183 -351.1262 13.92377 20.50183 -352.712 13.86554 20.50183 -352.4476 13.77911 20.50183 -352.1911 10.65845 20.50183 -350.7473 10.40698 20.50183 -350.8475 10.16779 20.50183 -350.9743 13.92377 20.50183 -353.5209 13.953 20.50183 -353.2518 13.953 20.50183 -352.9811 9.134217 23.60181 -354.0418 9.047791 23.60181 -353.7853 10.45666 23.60181 -353.6938 9.737427 23.60181 -354.9315 9.55127 23.60181 -354.7349 11.99414 23.60181 -355.558 11.72699 23.60181 -355.6018 11.45666 23.60181 -354.2712 13.92377 23.60181 -353.5209 13.86554 23.60181 -353.7853 12.45666 23.60181 -353.6938 9.247925 23.60181 -351.9454 9.387452 23.60181 -351.7135 10.45666 23.60181 -352.5391 9.55127 23.60181 -351.498 9.737427 23.60181 -351.3015 10.40698 23.60181 -350.8475 11.45666 23.60181 -351.9617 10.65845 23.60181 -350.7473 10.91925 23.60181 -350.6749 11.1864 23.60181 -350.6311 9.943726 23.60181 -355.1067 9.387452 23.60181 -354.5194 9.247925 23.60181 -354.2875 13.77911 23.60181 -354.0418 13.66547 23.60181 -354.2875 13.52588 23.60181 -354.5194 9.943726 23.60181 -351.1262 10.16779 23.60181 -350.9743 8.989624 23.60181 -352.712 9.047791 23.60181 -352.4476 9.134217 23.60181 -352.1911 11.45666 23.60181 -355.6165 11.1864 23.60181 -355.6018 10.91925 23.60181 -355.558 13.36206 23.60181 -354.7349 13.17596 23.60181 -354.9315 12.9696 23.60181 -355.1067 12.74554 23.60181 -355.2586 12.50641 23.60181 -355.3854 12.25494 23.60181 -355.4856 8.989624 23.60181 -353.5209 8.960328 23.60181 -353.2518 8.960328 23.60181 -352.9811 10.65845 23.60181 -355.4856 10.40698 23.60181 -355.3854 10.16779 23.60181 -355.2586 13.52588 23.60181 -351.7135 13.66547 23.60181 -351.9454 12.45666 23.60181 -352.5391 13.77911 23.60181 -352.1911 13.86554 23.60181 -352.4476 11.45666 23.60181 -350.6165 11.72699 23.60181 -350.6311 11.99414 23.60181 -350.6749 13.92377 23.60181 -352.712 13.953 23.60181 -352.9811 13.953 23.60181 -353.2518 12.25494 23.60181 -350.7473 12.50641 23.60181 -350.8475 12.74554 23.60181 -350.9743 12.9696 23.60181 -351.1262 13.17596 23.60181 -351.3015 13.36206 23.60181 -351.498 10.91925 20.50183 -414.758 11.1864 20.50183 -414.8018 11.45666 20.50183 -413.4711 12.45666 20.50183 -411.7391 13.66547 20.50183 -411.1455 13.52588 20.50183 -410.9135 11.99414 20.50183 -409.8749 11.72699 20.50183 -409.8311 11.45666 20.50183 -411.1618 13.86554 20.50183 -412.9853 12.45666 20.50183 -412.8938 13.77911 20.50183 -413.2418 13.66547 20.50183 -413.4875 9.737427 20.50183 -410.5015 9.55127 20.50183 -410.698 10.45666 20.50183 -411.7391 11.45666 20.50183 -414.8165 11.72699 20.50183 -414.8018 11.99414 20.50183 -414.758 9.134217 20.50183 -411.3911 9.047791 20.50183 -411.6477 9.943726 20.50183 -410.3262 9.387452 20.50183 -410.9135 9.247925 20.50183 -411.1455 12.9696 20.50183 -414.3067 13.17596 20.50183 -414.1315 10.45666 20.50183 -412.8938 9.737427 20.50183 -414.1315 9.943726 20.50183 -414.3067 10.16779 20.50183 -414.4586 10.40698 20.50183 -414.5854 10.65845 20.50183 -414.6856 8.989624 20.50183 -411.912 8.960328 20.50183 -412.1811 8.960328 20.50183 -412.4518 8.989624 20.50183 -412.7209 9.047791 20.50183 -412.9853 9.134217 20.50183 -413.2418 9.247925 20.50183 -413.4875 11.45666 20.50183 -409.8165 11.1864 20.50183 -409.8311 10.91925 20.50183 -409.8749 13.36206 20.50183 -410.698 13.17596 20.50183 -410.5015 12.9696 20.50183 -410.3262 12.74554 20.50183 -410.1743 12.50641 20.50183 -410.0476 12.25494 20.50183 -409.9473 13.92377 20.50183 -411.912 13.86554 20.50183 -411.6477 13.77911 20.50183 -411.3911 13.36206 20.50183 -413.9349 13.52588 20.50183 -413.7194 9.387452 20.50183 -413.7194 9.55127 20.50183 -413.9349 10.65845 20.50183 -409.9473 10.40698 20.50183 -410.0476 10.16779 20.50183 -410.1743 13.92377 20.50183 -412.7209 13.953 20.50183 -412.4518 13.953 20.50183 -412.1811 12.25494 20.50183 -414.6856 12.50641 20.50183 -414.5854 12.74554 20.50183 -414.4586 10.91925 23.60181 -409.8749 11.1864 23.60181 -409.8311 11.45666 23.60181 -411.1618 9.134217 23.60181 -413.2418 9.047791 23.60181 -412.9853 10.45666 23.60181 -412.8938 10.45666 23.60181 -411.7391 9.247925 23.60181 -411.1455 9.387452 23.60181 -410.9135 11.99414 23.60181 -414.758 11.72699 23.60181 -414.8018 11.45666 23.60181 -413.4711 9.55127 23.60181 -410.698 9.737427 23.60181 -410.5015 9.943726 23.60181 -410.3262 10.16779 23.60181 -410.1743 10.40698 23.60181 -410.0476 10.65845 23.60181 -409.9473 8.989624 23.60181 -411.912 9.047791 23.60181 -411.6477 9.134217 23.60181 -411.3911 13.92377 23.60181 -412.7209 13.86554 23.60181 -412.9853 12.45666 23.60181 -412.8938 13.77911 23.60181 -413.2418 13.66547 23.60181 -413.4875 8.989624 23.60181 -412.7209 8.960328 23.60181 -412.4518 8.960328 23.60181 -412.1811 12.25494 23.60181 -414.6856 11.45666 23.60181 -409.8165 11.72699 23.60181 -409.8311 11.99414 23.60181 -409.8749 11.45666 23.60181 -414.8165 11.1864 23.60181 -414.8018 10.91925 23.60181 -414.758 9.943726 23.60181 -414.3067 9.737427 23.60181 -414.1315 9.55127 23.60181 -413.9349 13.52588 23.60181 -410.9135 13.66547 23.60181 -411.1455 12.45666 23.60181 -411.7391 13.77911 23.60181 -411.3911 13.86554 23.60181 -411.6477 12.9696 23.60181 -410.3262 13.17596 23.60181 -410.5015 13.36206 23.60181 -410.698 10.65845 23.60181 -414.6856 10.40698 23.60181 -414.5854 10.16779 23.60181 -414.4586 9.387452 23.60181 -413.7194 9.247925 23.60181 -413.4875 13.52588 23.60181 -413.7194 13.36206 23.60181 -413.9349 13.17596 23.60181 -414.1315 13.92377 23.60181 -411.912 13.953 23.60181 -412.1811 13.953 23.60181 -412.4518 12.9696 23.60181 -414.3067 12.74554 23.60181 -414.4586 12.50641 23.60181 -414.5854 12.25494 23.60181 -409.9473 12.50641 23.60181 -410.0476 12.74554 23.60181 -410.1743 -10.14587 20.50183 -411.3911 -10.25952 20.50183 -411.1455 -11.46832 20.50183 -411.7391 -13.00574 20.50183 -414.758 -12.73859 20.50183 -414.8018 -12.46832 20.50183 -413.4711 -14.53754 20.50183 -410.9135 -14.67712 20.50183 -411.1455 -13.46832 20.50183 -411.7391 -14.79077 20.50183 -411.3911 -14.8772 20.50183 -411.6477 -10.25952 20.50183 -413.4875 -10.14587 20.50183 -413.2418 -11.46832 20.50183 -412.8938 -10.05945 20.50183 -412.9853 -10.00122 20.50183 -412.7209 -10.05945 20.50183 -411.6477 -14.93536 20.50183 -412.7209 -14.8772 20.50183 -412.9853 -13.46832 20.50183 -412.8938 -14.79077 20.50183 -413.2418 -10.39911 20.50183 -410.9135 -10.56293 20.50183 -410.698 -10.74908 20.50183 -410.5015 -11.41858 20.50183 -410.0476 -12.46832 20.50183 -411.1618 -11.67004 20.50183 -409.9473 -11.93091 20.50183 -409.8749 -12.198 20.50183 -409.8311 -9.971985 20.50183 -412.4518 -9.971985 20.50183 -412.1811 -10.00122 20.50183 -411.912 -12.46832 20.50183 -414.8165 -12.198 20.50183 -414.8018 -11.93091 20.50183 -414.758 -14.67712 20.50183 -413.4875 -14.53754 20.50183 -413.7194 -14.37372 20.50183 -413.9349 -13.7572 20.50183 -414.4586 -13.51807 20.50183 -414.5854 -13.26654 20.50183 -414.6856 -12.46832 20.50183 -409.8165 -12.73859 20.50183 -409.8311 -13.00574 20.50183 -409.8749 -13.98126 20.50183 -410.3262 -14.18756 20.50183 -410.5015 -14.37372 20.50183 -410.698 -10.95538 20.50183 -410.3262 -11.17944 20.50183 -410.1743 -10.95538 20.50183 -414.3067 -10.74908 20.50183 -414.1315 -14.18756 20.50183 -414.1315 -13.98126 20.50183 -414.3067 -13.26654 20.50183 -409.9473 -13.51807 20.50183 -410.0476 -13.7572 20.50183 -410.1743 -11.67004 20.50183 -414.6856 -11.41858 20.50183 -414.5854 -11.17944 20.50183 -414.4586 -10.56293 20.50183 -413.9349 -10.39911 20.50183 -413.7194 -14.93536 20.50183 -411.912 -14.96466 20.50183 -412.1811 -14.96466 20.50183 -412.4518 -10.39911 23.60181 -410.9135 -10.25952 23.60181 -411.1455 -11.46832 23.60181 -411.7391 -14.8772 23.60181 -411.6477 -14.79077 23.60181 -411.3911 -13.46832 23.60181 -411.7391 -14.67712 23.60181 -411.1455 -14.53754 23.60181 -410.9135 -14.53754 23.60181 -413.7194 -14.67712 23.60181 -413.4875 -13.46832 23.60181 -412.8938 -10.14587 23.60181 -413.2418 -10.25952 23.60181 -413.4875 -11.46832 23.60181 -412.8938 -13.00574 23.60181 -409.8749 -12.73859 23.60181 -409.8311 -12.46832 23.60181 -411.1618 -14.37372 23.60181 -410.698 -14.18756 23.60181 -410.5015 -13.98126 23.60181 -410.3262 -10.05945 23.60181 -412.9853 -13.7572 23.60181 -410.1743 -13.51807 23.60181 -410.0476 -13.26654 23.60181 -409.9473 -14.79077 23.60181 -413.2418 -14.8772 23.60181 -412.9853 -14.93536 23.60181 -412.7209 -14.96466 23.60181 -412.4518 -14.96466 23.60181 -412.1811 -14.93536 23.60181 -411.912 -12.46832 23.60181 -414.8165 -12.73859 23.60181 -414.8018 -12.46832 23.60181 -413.4711 -13.00574 23.60181 -414.758 -11.67004 23.60181 -414.6856 -11.93091 23.60181 -414.758 -12.198 23.60181 -414.8018 -10.14587 23.60181 -411.3911 -10.05945 23.60181 -411.6477 -10.00122 23.60181 -411.912 -9.971985 23.60181 -412.1811 -9.971985 23.60181 -412.4518 -10.00122 23.60181 -412.7209 -12.46832 23.60181 -409.8165 -12.198 23.60181 -409.8311 -11.93091 23.60181 -409.8749 -10.95538 23.60181 -410.3262 -10.74908 23.60181 -410.5015 -10.56293 23.60181 -410.698 -13.26654 23.60181 -414.6856 -13.51807 23.60181 -414.5854 -13.7572 23.60181 -414.4586 -13.98126 23.60181 -414.3067 -14.18756 23.60181 -414.1315 -14.37372 23.60181 -413.9349 -11.67004 23.60181 -409.9473 -11.41858 23.60181 -410.0476 -11.17944 23.60181 -410.1743 -10.39911 23.60181 -413.7194 -10.56293 23.60181 -413.9349 -10.74908 23.60181 -414.1315 -10.95538 23.60181 -414.3067 -11.17944 23.60181 -414.4586 -11.41858 23.60181 -414.5854 11.70666 20.50183 -415.2665 12.21893 20.50183 -415.2216 12.71564 20.50183 -415.0886 13.1817 20.50183 -414.8712 13.60291 20.50183 -414.5763 13.96649 20.50183 -414.2127 14.26147 20.50183 -413.7915 14.47876 20.50183 -413.3255 14.61188 20.50183 -412.8287 14.65668 20.50183 -412.3165 2.683533 24.05182 -411.0327 1.193481 24.05182 -411.432 -0.3433228 24.05182 -402.7164 -0.3433228 24.05182 -411.5665 -1.880127 24.05182 -411.432 6.436157 24.05182 -408.4052 5.345337 24.05182 -409.496 4.081665 24.05182 -410.3808 8.372254 24.05182 -404.2532 7.972961 24.05182 -405.7434 7.320984 24.05182 -407.1415 7.972961 24.05182 -399.6896 8.372254 24.05182 -401.1797 8.506714 24.05182 -402.7164 5.345337 24.05182 -395.937 6.436157 24.05182 -397.0278 7.320984 24.05182 -398.2915 1.193481 24.05182 -394.0009 2.683533 24.05182 -394.4002 4.081665 24.05182 -395.0521 -3.370178 24.05182 -394.4002 -1.880127 24.05182 -394.0009 -0.3433228 24.05182 -393.8665 -7.122803 24.05182 -397.0278 -6.031982 24.05182 -395.937 -4.768311 24.05182 -395.0521 -9.058838 24.05182 -401.1797 -8.659607 24.05182 -399.6896 -8.00763 24.05182 -398.2915 -8.659607 24.05182 -405.7434 -9.058838 24.05182 -404.2532 -9.193299 24.05182 -402.7164 -6.031982 24.05182 -409.496 -7.122803 24.05182 -408.4052 -8.00763 24.05182 -407.1415 -3.370178 24.05182 -411.0327 -4.768311 24.05182 -410.3808 -0.3433228 23.95184 -393.7665 1.210815 23.60181 -393.9024 1.210815 23.95184 -393.9024 2.717773 23.60181 -394.3062 2.717773 23.95184 -394.3062 4.131714 23.60181 -394.9655 4.131714 23.95184 -394.9655 5.409607 23.60181 -395.8604 5.409607 23.95184 -395.8604 6.512756 23.60181 -396.9635 6.512756 23.95184 -396.9635 7.407593 23.60181 -398.2415 7.407593 23.95184 -398.2415 8.066956 23.60181 -399.6554 8.066956 23.95184 -399.6554 8.470704 23.60181 -401.1623 8.470704 23.95184 -401.1623 8.60669 23.60181 -402.7164 8.60669 23.95184 -402.7164 8.470704 23.60181 -404.2706 8.470704 23.95184 -404.2706 8.066956 23.60181 -405.7775 8.066956 23.95184 -405.7775 7.407593 23.60181 -407.1915 7.407593 23.95184 -407.1915 6.512756 23.60181 -408.4694 6.512756 23.95184 -408.4694 5.409607 23.60181 -409.5726 5.409607 23.95184 -409.5726 4.131714 23.60181 -410.4674 4.131714 23.95184 -410.4674 2.717773 23.60181 -411.1267 2.717773 23.95184 -411.1267 1.210815 23.60181 -411.5305 1.210815 23.95184 -411.5305 -0.3433228 23.60181 -411.6665 -0.3433228 23.95184 -411.6665 -1.897461 23.60181 -411.5305 -1.897461 23.95184 -411.5305 -3.404419 23.60181 -411.1267 -3.404419 23.95184 -411.1267 -4.818298 23.60181 -410.4674 -4.818298 23.95184 -410.4674 -6.096252 23.60181 -409.5726 -6.096252 23.95184 -409.5726 -7.199402 23.60181 -408.4694 -7.199402 23.95184 -408.4694 -8.094239 23.60181 -407.1915 -8.094239 23.95184 -407.1915 -8.75354 23.60181 -405.7775 -8.75354 23.95184 -405.7775 -9.157349 23.60181 -404.2706 -9.157349 23.95184 -404.2706 -9.293335 23.60181 -402.7164 -9.293335 23.95184 -402.7164 -9.157349 23.60181 -401.1623 -9.157349 23.95184 -401.1623 -8.75354 23.60181 -399.6554 -8.75354 23.95184 -399.6554 -8.094239 23.60181 -398.2415 -8.094239 23.95184 -398.2415 -7.199402 23.60181 -396.9635 -7.199402 23.95184 -396.9635 -6.096252 23.60181 -395.8604 -6.096252 23.95184 -395.8604 -4.818298 23.60181 -394.9655 -4.818298 23.95184 -394.9655 -3.404419 23.60181 -394.3062 -3.404419 23.95184 -394.3062 -1.897461 23.60181 -393.9024 -1.897461 23.95184 -393.9024 -0.3433228 23.60181 -393.7665 8.581665 20.50183 -415.2665 5.106689 23.60181 -415.2665 8.581665 23.60181 -415.2665 -9.268311 20.50183 -415.2665 -9.268311 23.60181 -415.2665 -5.793335 23.60181 -415.2665 -12.39331 20.50183 -415.2665 -15.34332 20.50183 -412.3165 -15.29852 20.50183 -412.8287 -15.16541 20.50183 -413.3255 -14.94812 20.50183 -413.7915 -14.65314 20.50183 -414.2127 -14.28955 20.50183 -414.5763 -13.86829 20.50183 -414.8712 -13.40228 20.50183 -415.0886 -12.90558 20.50183 -415.2216 14.65668 20.50183 -355.9915 14.65668 20.50183 -352.8665 14.65668 20.50183 -409.1915 14.65668 20.64832 -357.0665 14.65668 23.60181 -355.9915 14.65668 20.64832 -381.3797 14.65668 21.90479 -380.6479 14.65668 22.18311 -380.4617 14.65668 20.64832 -362.2032 14.65668 23.60181 -409.1915 14.65668 20.64832 -408.1165 14.65668 21.90479 -366.9479 14.65668 22.18311 -366.7617 14.65668 20.64832 -367.6798 14.65668 22.89386 -366.2011 14.65668 22.89386 -379.9011 14.65668 23.21472 -379.564 14.65668 23.40241 -379.2999 14.65668 23.21472 -365.864 14.65668 23.40241 -365.5999 14.65668 23.51123 -365.3838 14.65668 23.51123 -379.0838 14.65668 23.57178 -378.8958 14.65668 23.59876 -378.7225 14.65668 23.57178 -365.1958 14.65668 23.59876 -365.0225 14.65668 23.60181 -364.9415 14.65668 23.60181 -378.6415 14.65668 23.58698 -378.4629 14.65668 23.54266 -378.2843 14.65668 23.58698 -364.7629 14.65668 23.54266 -364.5843 14.65668 23.46301 -364.3931 14.65668 23.46301 -378.0931 14.65668 23.30353 -377.8338 14.65668 23.00073 -377.4844 14.65668 23.30353 -364.1337 14.65668 23.00073 -363.7844 14.65668 22.73029 -363.5371 14.65668 22.73029 -377.2371 14.65668 22.51782 -377.0656 14.65668 21.89105 -376.6261 14.65668 22.51782 -363.3656 14.65668 21.89105 -362.9262 14.65668 21.30939 -362.571 14.65668 21.30939 -376.271 14.65668 20.64832 -375.9032 -15.34332 20.50183 -409.1915 -12.26831 20.50183 -409.1915 -11.74738 20.50183 -409.2371 -9.268311 20.50183 -412.1915 -11.24225 20.50183 -409.3724 -10.76831 20.50183 -409.5934 -10.33997 20.50183 -409.8933 -9.970154 20.50183 -410.2631 -9.670228 20.50183 -410.6915 -9.449219 20.50183 -411.1654 -9.313904 20.50183 -411.6705 -9.268311 23.60181 -412.1915 -9.313904 23.60181 -411.6705 -9.449219 23.60181 -411.1654 -9.670228 23.60181 -410.6915 -9.970154 23.60181 -410.2631 -10.33997 23.60181 -409.8933 -10.76831 23.60181 -409.5934 -11.24225 23.60181 -409.3724 -11.74738 23.60181 -409.2371 -12.26831 23.60181 -409.1915 -14.26831 23.60181 -409.1915 -15.34332 23.60181 -409.1915 11.58166 20.50183 -409.1915 8.581665 20.50183 -412.1915 10.08166 20.50183 -409.5934 10.5556 20.50183 -409.3724 11.06073 20.50183 -409.2371 8.762635 20.50183 -411.1654 8.983582 20.50183 -410.6915 9.28357 20.50183 -410.2631 9.653321 20.50183 -409.8933 8.627259 20.50183 -411.6705 8.581665 23.60181 -412.1915 13.58166 23.60181 -409.1915 11.58166 23.60181 -409.1915 11.06073 23.60181 -409.2371 10.5556 23.60181 -409.3724 10.08166 23.60181 -409.5934 9.653321 23.60181 -409.8933 9.28357 23.60181 -410.2631 8.983582 23.60181 -410.6915 8.762635 23.60181 -411.1654 8.627259 23.60181 -411.6705 -12.39331 20.50183 -349.9165 -9.268311 20.50183 -349.9165 -9.268311 20.50183 -352.9915 -12.26831 20.50183 -355.9915 -15.34332 20.50183 -355.9915 -15.34332 20.50183 -352.8665 -14.12726 20.50183 -350.4799 -13.7326 20.50183 -350.238 -10.76831 20.50183 -355.5895 -11.24225 20.50183 -355.8106 -11.74738 20.50183 -355.9459 -13.30493 20.50183 -350.0609 -12.8548 20.50183 -349.9528 -9.449219 20.50183 -354.0175 -9.670228 20.50183 -354.4915 -9.970154 20.50183 -354.9198 -10.33997 20.50183 -355.2896 -15.30701 20.50183 -352.405 -15.19891 20.50183 -351.9548 -15.02179 20.50183 -351.5272 -9.313904 20.50183 -353.5124 -14.77991 20.50183 -351.1325 -14.47931 20.50183 -350.7805 -9.268311 23.60181 -352.9915 -9.268311 23.60181 -350.9915 -9.268311 23.60181 -349.9165 -15.34332 23.60181 -355.9915 -14.26831 23.60181 -355.9915 -12.26831 23.60181 -355.9915 -11.74738 23.60181 -355.9459 -11.24225 23.60181 -355.8106 -10.76831 23.60181 -355.5895 -10.33997 23.60181 -355.2896 -9.970154 23.60181 -354.9198 -9.670228 23.60181 -354.4915 -9.449219 23.60181 -354.0175 -9.313904 23.60181 -353.5124 11.58166 20.50183 -355.9915 8.581665 20.50183 -352.9915 8.581665 20.50183 -349.9165 11.70666 20.50183 -349.9165 8.983582 20.50183 -354.4915 8.762635 20.50183 -354.0175 8.627259 20.50183 -353.5124 12.21893 20.50183 -349.9613 12.71564 20.50183 -350.0944 13.1817 20.50183 -350.3117 11.06073 20.50183 -355.9459 10.5556 20.50183 -355.8106 10.08166 20.50183 -355.5895 13.60291 20.50183 -350.6066 13.96649 20.50183 -350.9702 14.26147 20.50183 -351.3915 14.47876 20.50183 -351.8575 14.61188 20.50183 -352.3542 9.653321 20.50183 -355.2896 9.28357 20.50183 -354.9198 8.581665 23.60181 -352.9915 8.627259 23.60181 -353.5124 8.762635 23.60181 -354.0175 8.983582 23.60181 -354.4915 9.28357 23.60181 -354.9198 9.653321 23.60181 -355.2896 10.08166 23.60181 -355.5895 10.5556 23.60181 -355.8106 11.06073 23.60181 -355.9459 11.58166 23.60181 -355.9915 13.58166 23.60181 -355.9915 8.581665 23.60181 -349.9165 8.581665 23.60181 -350.9915 -12.05127 23.60181 -392.7811 -12.21967 23.60181 -392.8262 -12.39331 23.60181 -391.8414 -12.39331 23.60181 -392.8414 -12.56696 23.60181 -392.8262 -11.62726 23.60181 -392.4843 -11.75055 23.60181 -392.6075 -11.89331 23.60181 -392.7075 -11.40851 23.60181 -392.0151 -11.45361 23.60181 -392.1835 -11.52728 23.60181 -392.3414 -11.45361 23.60181 -391.4995 -11.40851 23.60181 -391.6678 -11.39331 23.60181 -391.8414 -11.75055 23.60181 -391.0755 -11.62726 23.60181 -391.1987 -11.52728 23.60181 -391.3414 -12.21967 23.60181 -390.8566 -12.05127 23.60181 -390.9017 -11.89331 23.60181 -390.9754 -12.73535 23.60181 -390.9017 -12.56696 23.60181 -390.8566 -12.39331 23.60181 -390.8414 -13.15936 23.60181 -391.1987 -13.03613 23.60181 -391.0755 -12.89331 23.60181 -390.9754 -13.37811 23.60181 -391.6678 -13.33301 23.60181 -391.4995 -13.25934 23.60181 -391.3414 -13.33301 23.60181 -392.1835 -13.37811 23.60181 -392.0151 -13.39331 23.60181 -391.8414 -13.03613 23.60181 -392.6075 -13.15936 23.60181 -392.4843 -13.25934 23.60181 -392.3414 -12.73535 23.60181 -392.7811 -12.89331 23.60181 -392.7075 -15.34332 20.64832 -357.0665 -14.26831 23.60181 -358.9039 -14.26831 23.60181 -362.664 -14.78113 22.19287 -362.4336 -15.34332 20.64832 -362.2032 -14.26831 23.60181 -389.564 -14.78113 22.19287 -389.3336 -14.26831 23.60181 -385.2415 -14.26831 23.60181 -371.7915 -15.34332 20.64832 -389.1032 -15.34332 20.64832 -367.6798 -14.78113 22.19287 -367.4494 -14.26831 23.60181 -367.2189 14.6264 23.60181 -378.2197 13.62146 23.60181 -376.3973 13.58166 23.60181 -376.364 14.09448 22.19287 -376.1336 13.88806 23.60181 -376.6555 14.53162 23.60181 -377.7916 14.37445 23.60181 -377.3823 14.15832 23.60181 -377.0007 13.58166 23.60181 -367.2189 14.09448 22.19287 -367.4494 13.58166 23.60181 -371.7915 14.6264 23.60181 -364.5197 13.88806 23.60181 -362.9555 13.58166 23.60181 -362.664 14.09448 22.19287 -362.4336 14.53162 23.60181 -364.0916 14.37445 23.60181 -363.6823 14.15832 23.60181 -363.3007 7.506714 20.64832 -349.9165 5.106689 23.60181 -350.9915 1.934143 23.60181 -350.9915 2.164551 22.19287 -350.4786 2.394958 20.64832 -349.9165 -8.193299 20.64832 -349.9165 1.297424 23.60181 -350.4148 1.642639 23.60181 -350.6851 0.9163208 22.89386 -349.9165 1.476929 22.18311 -349.9165 1.663147 21.90479 -349.9165 0.9158936 23.60181 -350.1987 0.5065918 23.60181 -350.0415 0.5792236 23.21472 -349.9165 0.07849121 23.60181 -349.9468 0.09899902 23.51123 -349.9165 0.3151245 23.40241 -349.9165 -0.3433228 23.60181 -349.9165 -0.2622681 23.59876 -349.9165 -0.08898925 23.57178 -349.9165 -0.5218506 23.58698 -349.9165 -0.7780151 23.60181 -349.9487 -2.331238 23.60181 -350.6868 -2.620789 23.60181 -350.9915 -2.851196 22.19287 -350.4786 -1.203186 23.60181 -350.0446 -0.8917236 23.46301 -349.9165 -0.7005005 23.54266 -349.9165 -1.609558 23.60181 -350.202 -1.500305 23.00073 -349.9165 -1.151062 23.30353 -349.9165 -1.988342 23.60181 -350.4177 -1.91925 22.51782 -349.9165 -1.757019 22.71924 -349.9165 -3.081604 20.64832 -349.9165 -2.713806 21.30939 -349.9165 -2.366089 21.87952 -349.9165 -5.793335 23.60181 -350.9915 -15.34332 20.64832 -408.1165 -14.84497 23.60181 -390.2008 -14.57471 23.60181 -389.8555 -14.30804 23.60181 -389.5973 -15.34332 22.89386 -390.5819 -15.34332 22.18311 -390.0213 -15.34332 21.90479 -389.835 -15.06103 23.60181 -390.5822 -15.21826 23.60181 -390.9916 -15.34332 23.21472 -390.9189 -15.31299 23.60181 -391.4197 -15.34332 23.51123 -391.3992 -15.34332 23.40241 -391.1831 -15.34332 23.60181 -391.8414 -15.34332 23.59876 -391.7604 -15.34332 23.57178 -391.5871 -15.34332 23.58698 -392.02 -15.31299 23.60181 -392.2633 -14.30804 23.60181 -394.0856 -14.26831 23.60181 -394.1189 -14.78113 22.19287 -394.3493 -14.57471 23.60181 -393.8275 -15.21826 23.60181 -392.6914 -15.34332 23.46301 -392.3898 -15.34332 23.54266 -392.1986 -15.06103 23.60181 -393.1007 -15.34332 23.00073 -392.9985 -15.34332 23.30353 -392.6492 -14.84497 23.60181 -393.4822 -15.34332 22.51782 -393.4174 -15.34332 22.73029 -393.2458 -15.34332 20.64832 -394.5797 -15.34332 21.30939 -394.2119 -15.34332 21.89105 -393.8568 -14.26831 23.60181 -402.729 -14.84497 23.60181 -363.3007 -14.57471 23.60181 -362.9555 -15.34332 22.89386 -363.6818 -15.34332 22.18311 -363.1212 -15.34332 21.90479 -362.935 -15.06103 23.60181 -363.6823 -15.21826 23.60181 -364.0916 -15.34332 23.21472 -364.0189 -15.31299 23.60181 -364.5197 -15.34332 23.51123 -364.4992 -15.34332 23.40241 -364.283 -15.34332 23.60181 -364.9415 -15.34332 23.59876 -364.8604 -15.34332 23.57178 -364.6871 -15.34332 23.58698 -365.12 -15.31299 23.60181 -365.3633 -14.57471 23.60181 -366.9274 -15.21826 23.60181 -365.7913 -15.34332 23.46301 -365.4898 -15.34332 23.54266 -365.2987 -15.06103 23.60181 -366.2007 -15.34332 23.00073 -366.0985 -15.34332 23.30353 -365.7492 -14.84497 23.60181 -366.5822 -15.34332 22.51782 -366.5174 -15.34332 22.73029 -366.3458 -15.34332 21.30939 -367.3119 -15.34332 21.89105 -366.9568 14.15832 23.60181 -380.2822 13.88806 23.60181 -380.6275 14.09448 22.19287 -381.1494 13.62146 23.60181 -380.8856 13.58166 23.60181 -380.919 14.37445 23.60181 -379.9007 14.53162 23.60181 -379.4913 14.6264 23.60181 -379.0632 13.58166 23.60181 -385.2415 13.58166 23.60181 -402.729 14.15832 23.60181 -366.5822 13.88806 23.60181 -366.9274 14.37445 23.60181 -366.2007 14.53162 23.60181 -365.7913 14.6264 23.60181 -365.3633 13.58166 23.60181 -358.9039 -0.001281738 14.60181 -353.8062 -0.1696777 14.60181 -353.8513 -0.3433228 14.60181 -352.8665 -0.3433228 14.60181 -353.8665 -0.5169678 14.60181 -353.8513 0.4227295 14.60181 -353.5092 0.2994995 14.60181 -353.6325 0.1566772 14.60181 -353.7325 0.6414795 14.60181 -353.0401 0.5963745 14.60181 -353.2085 0.5227051 14.60181 -353.3665 0.5963745 14.60181 -352.5244 0.6414795 14.60181 -352.6928 0.6566773 14.60181 -352.8665 0.2994995 14.60181 -352.1004 0.4227295 14.60181 -352.2237 0.5227051 14.60181 -352.3665 -0.1696777 14.60181 -351.8817 -0.001281738 14.60181 -351.9268 0.1566772 14.60181 -352.0004 -0.6853638 14.60181 -351.9268 -0.5169678 14.60181 -351.8817 -0.3433228 14.60181 -351.8665 -1.109375 14.60181 -352.2237 -0.986084 14.60181 -352.1004 -0.8433228 14.60181 -352.0004 -1.328125 14.60181 -352.6928 -1.28302 14.60181 -352.5244 -1.209351 14.60181 -352.3665 -1.28302 14.60181 -353.2085 -1.328125 14.60181 -353.0401 -1.343323 14.60181 -352.8665 -0.986084 14.60181 -353.6325 -1.109375 14.60181 -353.5092 -1.209351 14.60181 -353.3665 -0.6853638 14.60181 -353.8062 -0.8433228 14.60181 -353.7325 -0.3433228 23.70184 -351.8665 -0.5169678 23.70184 -351.8817 -0.6853638 23.70184 -351.9268 -0.8433228 23.70184 -352.0004 -0.986084 23.70184 -352.1004 -1.109375 23.70184 -352.2237 -1.209351 23.70184 -352.3665 -1.28302 23.70184 -352.5244 -1.328125 23.70184 -352.6928 -1.343323 23.70184 -352.8665 -1.328125 23.70184 -353.0401 -1.28302 23.70184 -353.2085 -1.209351 23.70184 -353.3665 -1.109375 23.70184 -353.5092 -0.986084 23.70184 -353.6325 -0.8433228 23.70184 -353.7325 -0.6853638 23.70184 -353.8062 -0.5169678 23.70184 -353.8513 -0.3433228 23.70184 -353.8665 -0.1696777 23.70184 -353.8513 -0.001281738 23.70184 -353.8062 0.1566772 23.70184 -353.7325 0.2994995 23.70184 -353.6325 0.4227295 23.70184 -353.5092 0.5227051 23.70184 -353.3665 0.5963745 23.70184 -353.2085 0.6414795 23.70184 -353.0401 0.6566773 23.70184 -352.8665 0.6414795 23.70184 -352.6928 0.5963745 23.70184 -352.5244 0.5227051 23.70184 -352.3665 0.4227295 23.70184 -352.2237 0.2994995 23.70184 -352.1004 0.1566772 23.70184 -352.0004 -0.001281738 23.70184 -351.9268 -0.1696777 23.70184 -351.8817 -12.05127 14.60181 -365.8812 -12.21967 14.60181 -365.9263 -12.39331 14.60181 -364.9415 -12.39331 14.60181 -365.9415 -12.56696 14.60181 -365.9263 -11.62726 14.60181 -365.5842 -11.75055 14.60181 -365.7075 -11.89331 14.60181 -365.8075 -11.40851 14.60181 -365.1151 -11.45361 14.60181 -365.2835 -11.52728 14.60181 -365.4415 -11.45361 14.60181 -364.5994 -11.40851 14.60181 -364.7678 -11.39331 14.60181 -364.9415 -11.75055 14.60181 -364.1754 -11.62726 14.60181 -364.2987 -11.52728 14.60181 -364.4415 -12.21967 14.60181 -363.9567 -12.05127 14.60181 -364.0018 -11.89331 14.60181 -364.0755 -12.73535 14.60181 -364.0018 -12.56696 14.60181 -363.9567 -12.39331 14.60181 -363.9415 -13.15936 14.60181 -364.2987 -13.03613 14.60181 -364.1754 -12.89331 14.60181 -364.0755 -13.37811 14.60181 -364.7678 -13.33301 14.60181 -364.5994 -13.25934 14.60181 -364.4415 -13.33301 14.60181 -365.2835 -13.37811 14.60181 -365.1151 -13.39331 14.60181 -364.9415 -13.03613 14.60181 -365.7075 -13.15936 14.60181 -365.5842 -13.25934 14.60181 -365.4415 -12.73535 14.60181 -365.8812 -12.89331 14.60181 -365.8075 -12.39331 23.70184 -363.9415 -12.56696 23.70184 -363.9567 -12.73535 23.70184 -364.0018 -12.89331 23.70184 -364.0755 -13.03613 23.70184 -364.1754 -13.15936 23.70184 -364.2987 -13.25934 23.70184 -364.4415 -13.33301 23.70184 -364.5994 -13.37811 23.70184 -364.7678 -13.39331 23.70184 -364.9415 -13.37811 23.70184 -365.1151 -13.33301 23.70184 -365.2835 -13.25934 23.70184 -365.4415 -13.15936 23.70184 -365.5842 -13.03613 23.70184 -365.7075 -12.89331 23.70184 -365.8075 -12.73535 23.70184 -365.8812 -12.56696 23.70184 -365.9263 -12.39331 23.70184 -365.9415 -12.21967 23.70184 -365.9263 -12.05127 23.70184 -365.8812 -11.89331 23.70184 -365.8075 -11.75055 23.70184 -365.7075 -11.62726 23.70184 -365.5842 -11.52728 23.70184 -365.4415 -11.45361 23.70184 -365.2835 -11.40851 23.70184 -365.1151 -11.39331 23.70184 -364.9415 -11.40851 23.70184 -364.7678 -11.45361 23.70184 -364.5994 -11.52728 23.70184 -364.4415 -11.62726 23.70184 -364.2987 -11.75055 23.70184 -364.1754 -11.89331 23.70184 -364.0755 -12.05127 23.70184 -364.0018 -12.21967 23.70184 -363.9567 12.04871 14.60181 -365.8812 11.88031 14.60181 -365.9263 11.70666 14.60181 -364.9415 11.70666 14.60181 -365.9415 11.53302 14.60181 -365.9263 12.47272 14.60181 -365.5842 12.34949 14.60181 -365.7075 12.20666 14.60181 -365.8075 12.69147 14.60181 -365.1151 12.64636 14.60181 -365.2835 12.57269 14.60181 -365.4415 12.64636 14.60181 -364.5994 12.69147 14.60181 -364.7678 12.70666 14.60181 -364.9415 12.34949 14.60181 -364.1754 12.47272 14.60181 -364.2987 12.57269 14.60181 -364.4415 11.88031 14.60181 -363.9567 12.04871 14.60181 -364.0018 12.20666 14.60181 -364.0755 11.36468 14.60181 -364.0018 11.53302 14.60181 -363.9567 11.70666 14.60181 -363.9415 10.94061 14.60181 -364.2987 11.0639 14.60181 -364.1754 11.20666 14.60181 -364.0755 10.72186 14.60181 -364.7678 10.76697 14.60181 -364.5994 10.84064 14.60181 -364.4415 10.76697 14.60181 -365.2835 10.72186 14.60181 -365.1151 10.70666 14.60181 -364.9415 11.0639 14.60181 -365.7075 10.94061 14.60181 -365.5842 10.84064 14.60181 -365.4415 11.36468 14.60181 -365.8812 11.20666 14.60181 -365.8075 11.70666 23.70184 -363.9415 11.53302 23.70184 -363.9567 11.36468 23.70184 -364.0018 11.20666 23.70184 -364.0755 11.0639 23.70184 -364.1754 10.94061 23.70184 -364.2987 10.84064 23.70184 -364.4415 10.76697 23.70184 -364.5994 10.72186 23.70184 -364.7678 10.70666 23.70184 -364.9415 10.72186 23.70184 -365.1151 10.76697 23.70184 -365.2835 10.84064 23.70184 -365.4415 10.94061 23.70184 -365.5842 11.0639 23.70184 -365.7075 11.20666 23.70184 -365.8075 11.36468 23.70184 -365.8812 11.53302 23.70184 -365.9263 11.70666 23.70184 -365.9415 11.88031 23.70184 -365.9263 12.04871 23.70184 -365.8812 12.20666 23.70184 -365.8075 12.34949 23.70184 -365.7075 12.47272 23.70184 -365.5842 12.57269 23.70184 -365.4415 12.64636 23.70184 -365.2835 12.69147 23.70184 -365.1151 12.70666 23.70184 -364.9415 12.69147 23.70184 -364.7678 12.64636 23.70184 -364.5994 12.57269 23.70184 -364.4415 12.47272 23.70184 -364.2987 12.34949 23.70184 -364.1754 12.20666 23.70184 -364.0755 12.04871 23.70184 -364.0018 11.88031 23.70184 -363.9567 -12.8548 4.701843 -349.9528 -13.30493 4.701843 -350.0609 -13.7326 4.701843 -350.238 -14.12726 4.701843 -350.4799 -14.47931 4.701843 -350.7805 -14.77991 4.701843 -351.1325 -15.02179 4.701843 -351.5272 -15.19891 4.701843 -351.9548 -15.30701 4.701843 -352.405 12.04871 23.60181 -379.5812 11.88031 23.60181 -379.6263 11.70666 23.60181 -378.6415 11.70666 23.60181 -379.6415 11.53302 23.60181 -379.6263 12.47272 23.60181 -379.2843 12.34949 23.60181 -379.4075 12.20666 23.60181 -379.5075 12.69147 23.60181 -378.8151 12.64636 23.60181 -378.9835 12.57269 23.60181 -379.1415 12.64636 23.60181 -378.2994 12.69147 23.60181 -378.4678 12.70666 23.60181 -378.6415 12.34949 23.60181 -377.8754 12.47272 23.60181 -377.9987 12.57269 23.60181 -378.1415 11.88031 23.60181 -377.6566 12.04871 23.60181 -377.7018 12.20666 23.60181 -377.7755 11.36468 23.60181 -377.7018 11.53302 23.60181 -377.6566 11.70666 23.60181 -377.6415 10.94061 23.60181 -377.9987 11.0639 23.60181 -377.8754 11.20666 23.60181 -377.7755 10.72186 23.60181 -378.4678 10.76697 23.60181 -378.2994 10.84064 23.60181 -378.1415 10.76697 23.60181 -378.9835 10.72186 23.60181 -378.8151 10.70666 23.60181 -378.6415 11.0639 23.60181 -379.4075 10.94061 23.60181 -379.2843 10.84064 23.60181 -379.1415 11.36468 23.60181 -379.5812 11.20666 23.60181 -379.5075 9.181702 23.60181 -402.729 9.181702 23.60181 -358.9039 5.106689 23.60181 -358.9039 -0.3433228 23.60181 -350.9165 -0.6819458 23.60181 -350.9461 -1.010254 23.60181 -351.0341 -1.318298 23.60181 -351.1777 -2.17572 23.60181 -352.1995 -2.263672 23.60181 -352.5278 -0.004699707 23.60181 -354.7868 0.3236084 23.60181 -354.6989 -1.596741 23.60181 -351.3727 -1.837097 23.60181 -351.613 -2.032043 23.60181 -351.8915 1.577087 23.60181 -352.5278 1.489075 23.60181 -352.1995 -0.004699707 23.60181 -350.9461 0.3236084 23.60181 -351.0341 -2.293335 23.60181 -352.8665 -2.263672 23.60181 -353.2051 -5.793335 23.60181 -358.9039 -2.17572 23.60181 -353.5334 -2.032043 23.60181 -353.8414 -1.837097 23.60181 -354.1199 -1.596741 23.60181 -354.3602 -1.318298 23.60181 -354.5552 0.6317139 23.60181 -351.1777 0.9100952 23.60181 -351.3727 1.150452 23.60181 -351.613 1.345459 23.60181 -351.8915 -1.010254 23.60181 -354.6989 -0.6819458 23.60181 -354.7868 -0.3433228 23.60181 -354.8165 0.6317139 23.60181 -354.5552 0.9100952 23.60181 -354.3602 1.150452 23.60181 -354.1199 1.345459 23.60181 -353.8414 1.489075 23.60181 -353.5334 1.577087 23.60181 -353.2051 1.606689 23.60181 -352.8665 -9.868287 23.60181 -358.9039 -14.22571 23.60181 -365.6084 -14.08209 23.60181 -365.9165 -13.88708 23.60181 -366.1949 -13.64673 23.60181 -366.4353 -13.88708 23.60181 -363.688 -14.08209 23.60181 -363.9664 -14.22571 23.60181 -364.2745 -14.31366 23.60181 -364.6029 -13.36829 23.60181 -366.6302 -13.06024 23.60181 -366.7739 -12.73193 23.60181 -366.8618 -11.41833 23.60181 -366.6302 -11.13989 23.60181 -366.4353 -9.868287 23.60181 -371.7915 -10.89954 23.60181 -366.1949 -10.70459 23.60181 -365.9165 -10.56091 23.60181 -365.6084 -10.47296 23.60181 -365.2801 -10.4433 23.60181 -364.9415 -10.47296 23.60181 -364.6029 -10.56091 23.60181 -364.2745 -10.70459 23.60181 -363.9664 -10.89954 23.60181 -363.688 -11.13989 23.60181 -363.4477 -11.41833 23.60181 -363.2527 -12.39331 23.60181 -366.8915 -12.05469 23.60181 -366.8618 -11.72638 23.60181 -366.7739 -11.72638 23.60181 -363.1091 -12.05469 23.60181 -363.0211 -12.39331 23.60181 -362.9915 -12.73193 23.60181 -363.0211 -13.06024 23.60181 -363.1091 -13.36829 23.60181 -363.2527 -13.64673 23.60181 -363.4477 -14.31366 23.60181 -365.2801 -14.34332 23.60181 -364.9415 -14.14764 23.60181 -390.9901 -14.26831 23.60181 -391.3059 -13.9743 23.60181 -390.7 -13.19708 23.60181 -393.6181 -13.49182 23.60181 -390.2303 -13.75348 23.60181 -390.4442 -10.50903 23.60181 -391.3396 -10.62396 23.60181 -391.0217 -9.868287 23.60181 -385.2415 -10.79205 23.60181 -390.7286 -14.26831 23.60181 -392.3771 -14.14764 23.60181 -392.6928 -12.8783 23.60181 -393.7302 -12.54486 23.60181 -393.7856 -9.868287 23.60181 -402.729 -10.79205 23.60181 -392.9544 -10.62396 23.60181 -392.6611 -11.0083 23.60181 -390.4688 -11.26611 23.60181 -390.2503 -11.5578 23.60181 -390.0795 -12.8783 23.60181 -389.9527 -13.19708 23.60181 -390.0648 -13.9743 23.60181 -392.9829 -13.75348 23.60181 -393.2388 -13.49182 23.60181 -393.4526 -10.50903 23.60181 -392.3433 -10.45062 23.60181 -392.0104 -10.45062 23.60181 -391.6725 -11.87457 23.60181 -389.9617 -12.20691 23.60181 -389.9004 -12.54486 23.60181 -389.8973 -12.20691 23.60181 -393.7825 -11.87457 23.60181 -393.7212 -11.5578 23.60181 -393.6034 -11.26611 23.60181 -393.4326 -11.0083 23.60181 -393.2141 9.764039 23.60181 -378.8104 9.822388 23.60181 -379.1433 9.181702 23.60181 -385.2415 9.937317 23.60181 -379.4612 12.5105 23.60181 -376.8648 9.764039 23.60181 -378.4725 9.181702 23.60181 -371.7915 9.822388 23.60181 -378.1396 9.937317 23.60181 -377.8218 13.28772 23.60181 -379.7829 13.46106 23.60181 -379.4927 13.58166 23.60181 -379.1771 13.58166 23.60181 -378.1058 10.10547 23.60181 -379.7543 10.32166 23.60181 -380.0141 10.57947 23.60181 -380.2327 10.87115 23.60181 -380.4034 11.18793 23.60181 -380.5212 11.52026 23.60181 -380.5825 11.85822 23.60181 -380.5856 12.19165 23.60181 -380.5302 12.19165 23.60181 -376.7528 11.85822 23.60181 -376.6973 11.52026 23.60181 -376.7004 13.46106 23.60181 -377.7902 13.28772 23.60181 -377.5 13.06683 23.60181 -377.2442 12.80518 23.60181 -377.0303 11.18793 23.60181 -376.7617 10.87115 23.60181 -376.8795 10.57947 23.60181 -377.0503 10.32166 23.60181 -377.2688 10.10547 23.60181 -377.5286 12.5105 23.60181 -380.4181 12.80518 23.60181 -380.2526 13.06683 23.60181 -380.0388 13.2005 23.60181 -366.1949 13.39545 23.60181 -365.9165 13.53906 23.60181 -364.2745 13.39545 23.60181 -363.9664 10.21289 23.60181 -366.1949 10.45325 23.60181 -366.4353 10.73169 23.60181 -366.6302 13.2005 23.60181 -363.688 12.96014 23.60181 -363.4477 12.6817 23.60181 -363.2527 12.3736 23.60181 -363.1091 11.03973 23.60181 -363.1091 10.73169 23.60181 -363.2527 10.45325 23.60181 -363.4477 10.21289 23.60181 -363.688 10.01794 23.60181 -363.9664 12.04529 23.60181 -366.8618 12.3736 23.60181 -366.7739 12.6817 23.60181 -366.6302 12.96014 23.60181 -366.4353 12.04529 23.60181 -363.0211 11.70666 23.60181 -362.9915 11.36804 23.60181 -363.0211 9.786316 23.60181 -365.2801 9.874268 23.60181 -365.6084 10.01794 23.60181 -365.9165 11.03973 23.60181 -366.7739 11.36804 23.60181 -366.8618 11.70666 23.60181 -366.8915 9.874268 23.60181 -364.2745 9.786316 23.60181 -364.6029 9.756714 23.60181 -364.9415 13.53906 23.60181 -365.6084 13.62707 23.60181 -365.2801 13.62707 23.60181 -364.6029 13.65668 23.60181 -364.9415 5.106689 23.60181 -385.2415 -5.793335 23.60181 -385.2415 -5.793335 23.60181 -371.7915 5.106689 23.60181 -371.7915 12.64636 23.40186 -378.9835 12.69147 23.40186 -378.8151 13.58166 23.40186 -379.1771 12.70666 23.40186 -378.6415 13.58166 23.40186 -378.1058 10.72186 23.40186 -378.8151 9.764039 23.40186 -378.8104 10.70666 23.40186 -378.6415 9.764039 23.40186 -378.4725 10.72186 23.40186 -378.4678 9.822388 23.40186 -378.1396 10.76697 23.40186 -378.2994 9.937317 23.40186 -377.8218 10.84064 23.40186 -378.1415 10.10547 23.40186 -377.5286 10.94061 23.40186 -377.9987 10.32166 23.40186 -377.2688 11.0639 23.40186 -377.8754 10.57947 23.40186 -377.0503 11.20666 23.40186 -377.7755 10.87115 23.40186 -376.8795 11.36468 23.40186 -377.7018 11.18793 23.40186 -376.7617 11.53302 23.40186 -377.6566 11.52026 23.40186 -376.7004 11.70666 23.40186 -377.6415 11.85822 23.40186 -376.6973 11.88031 23.40186 -377.6566 12.19165 23.40186 -376.7528 12.04871 23.40186 -377.7018 12.5105 23.40186 -376.8648 12.20666 23.40186 -377.7755 12.80518 23.40186 -377.0303 12.34949 23.40186 -377.8754 13.06683 23.40186 -377.2442 12.47272 23.40186 -377.9987 13.28772 23.40186 -377.5 12.57269 23.40186 -378.1415 13.46106 23.40186 -377.7902 12.64636 23.40186 -378.2994 12.69147 23.40186 -378.4678 12.57269 23.40186 -379.1415 13.46106 23.40186 -379.4927 12.47272 23.40186 -379.2843 13.28772 23.40186 -379.7829 12.34949 23.40186 -379.4075 13.06683 23.40186 -380.0388 12.20666 23.40186 -379.5075 12.80518 23.40186 -380.2526 12.04871 23.40186 -379.5812 12.5105 23.40186 -380.4181 11.88031 23.40186 -379.6263 12.19165 23.40186 -380.5302 11.70666 23.40186 -379.6415 11.85822 23.40186 -380.5856 11.53302 23.40186 -379.6263 11.52026 23.40186 -380.5825 11.36468 23.40186 -379.5812 11.18793 23.40186 -380.5212 11.20666 23.40186 -379.5075 10.87115 23.40186 -380.4034 11.0639 23.40186 -379.4075 10.57947 23.40186 -380.2327 10.94061 23.40186 -379.2843 10.32166 23.40186 -380.0141 10.84064 23.40186 -379.1415 10.10547 23.40186 -379.7543 10.76697 23.40186 -378.9835 9.937317 23.40186 -379.4612 9.822388 23.40186 -379.1433 -13.33301 23.40186 -391.4995 -13.37811 23.40186 -391.6678 -14.26831 23.40186 -391.3059 -13.39331 23.40186 -391.8414 -14.26831 23.40186 -392.3771 -13.25934 23.40186 -391.3414 -14.14764 23.40186 -390.9901 -13.15936 23.40186 -391.1987 -13.9743 23.40186 -390.7 -13.03613 23.40186 -391.0755 -13.75348 23.40186 -390.4442 -12.89331 23.40186 -390.9754 -13.49182 23.40186 -390.2303 -12.73535 23.40186 -390.9017 -13.19708 23.40186 -390.0648 -12.56696 23.40186 -390.8566 -12.8783 23.40186 -389.9527 -12.39331 23.40186 -390.8414 -12.54486 23.40186 -389.8973 -12.21967 23.40186 -390.8566 -12.20691 23.40186 -389.9004 -12.05127 23.40186 -390.9017 -11.87457 23.40186 -389.9617 -11.89331 23.40186 -390.9754 -11.5578 23.40186 -390.0795 -11.75055 23.40186 -391.0755 -11.26611 23.40186 -390.2503 -11.62726 23.40186 -391.1987 -11.0083 23.40186 -390.4688 -11.52728 23.40186 -391.3414 -10.79205 23.40186 -390.7286 -11.45361 23.40186 -391.4995 -10.62396 23.40186 -391.0217 -11.40851 23.40186 -391.6678 -13.37811 23.40186 -392.0151 -13.33301 23.40186 -392.1835 -14.14764 23.40186 -392.6928 -13.25934 23.40186 -392.3414 -13.9743 23.40186 -392.9829 -13.15936 23.40186 -392.4843 -13.75348 23.40186 -393.2388 -13.03613 23.40186 -392.6075 -13.49182 23.40186 -393.4526 -12.89331 23.40186 -392.7075 -13.19708 23.40186 -393.6181 -12.73535 23.40186 -392.7811 -12.8783 23.40186 -393.7302 -12.56696 23.40186 -392.8262 -12.54486 23.40186 -393.7856 -12.39331 23.40186 -392.8414 -12.20691 23.40186 -393.7825 -12.21967 23.40186 -392.8262 -11.87457 23.40186 -393.7212 -12.05127 23.40186 -392.7811 -11.5578 23.40186 -393.6034 -11.89331 23.40186 -392.7075 -11.26611 23.40186 -393.4326 -11.75055 23.40186 -392.6075 -11.0083 23.40186 -393.2141 -11.62726 23.40186 -392.4843 -10.79205 23.40186 -392.9544 -11.52728 23.40186 -392.3414 -10.62396 23.40186 -392.6611 -11.45361 23.40186 -392.1835 -10.50903 23.40186 -392.3433 -11.40851 23.40186 -392.0151 -10.45062 23.40186 -392.0104 -11.39331 23.40186 -391.8414 -10.45062 23.40186 -391.6725 -10.50903 23.40186 -391.3396 -1.837097 23.70184 -351.613 -1.596741 23.70184 -351.3727 -1.318298 23.70184 -351.1777 -1.010254 23.70184 -351.0341 -0.6819458 23.70184 -350.9461 -0.3433228 23.70184 -350.9165 -0.004699707 23.70184 -350.9461 0.3236084 23.70184 -351.0341 0.6317139 23.70184 -351.1777 0.9100952 23.70184 -351.3727 1.150452 23.70184 -351.613 1.345459 23.70184 -351.8915 1.489075 23.70184 -352.1995 1.577087 23.70184 -352.5278 1.606689 23.70184 -352.8665 1.577087 23.70184 -353.2051 1.489075 23.70184 -353.5334 1.345459 23.70184 -353.8414 1.150452 23.70184 -354.1199 0.9100952 23.70184 -354.3602 0.6317139 23.70184 -354.5552 0.3236084 23.70184 -354.6989 -0.004699707 23.70184 -354.7868 -0.3433228 23.70184 -354.8165 -0.6819458 23.70184 -354.7868 -1.010254 23.70184 -354.6989 -1.318298 23.70184 -354.5552 -1.596741 23.70184 -354.3602 -1.837097 23.70184 -354.1199 -2.032043 23.70184 -353.8414 -2.17572 23.70184 -353.5334 -2.263672 23.70184 -353.2051 -2.293335 23.70184 -352.8665 -2.263672 23.70184 -352.5278 -2.17572 23.70184 -352.1995 -2.032043 23.70184 -351.8915 -14.31366 23.70184 -364.6029 -14.22571 23.70184 -364.2745 -14.08209 23.70184 -363.9664 -13.88708 23.70184 -363.688 -13.64673 23.70184 -363.4477 -13.36829 23.70184 -363.2527 -13.06024 23.70184 -363.1091 -12.73193 23.70184 -363.0211 -12.39331 23.70184 -362.9915 -12.05469 23.70184 -363.0211 -11.72638 23.70184 -363.1091 -11.41833 23.70184 -363.2527 -11.13989 23.70184 -363.4477 -10.89954 23.70184 -363.688 -10.70459 23.70184 -363.9664 -10.56091 23.70184 -364.2745 -10.47296 23.70184 -364.6029 -10.4433 23.70184 -364.9415 -10.47296 23.70184 -365.2801 -10.56091 23.70184 -365.6084 -10.70459 23.70184 -365.9165 -10.89954 23.70184 -366.1949 -11.13989 23.70184 -366.4353 -11.41833 23.70184 -366.6302 -11.72638 23.70184 -366.7739 -12.05469 23.70184 -366.8618 -12.39331 23.70184 -366.8915 -12.73193 23.70184 -366.8618 -13.06024 23.70184 -366.7739 -13.36829 23.70184 -366.6302 -13.64673 23.70184 -366.4353 -13.88708 23.70184 -366.1949 -14.08209 23.70184 -365.9165 -14.22571 23.70184 -365.6084 -14.31366 23.70184 -365.2801 -14.34332 23.70184 -364.9415 9.786316 23.70184 -364.6029 9.874268 23.70184 -364.2745 10.01794 23.70184 -363.9664 10.21289 23.70184 -363.688 10.45325 23.70184 -363.4477 10.73169 23.70184 -363.2527 11.03973 23.70184 -363.1091 11.36804 23.70184 -363.0211 11.70666 23.70184 -362.9915 12.04529 23.70184 -363.0211 12.3736 23.70184 -363.1091 12.6817 23.70184 -363.2527 12.96014 23.70184 -363.4477 13.2005 23.70184 -363.688 13.39545 23.70184 -363.9664 13.53906 23.70184 -364.2745 13.62707 23.70184 -364.6029 13.65668 23.70184 -364.9415 13.62707 23.70184 -365.2801 13.53906 23.70184 -365.6084 13.39545 23.70184 -365.9165 13.2005 23.70184 -366.1949 12.96014 23.70184 -366.4353 12.6817 23.70184 -366.6302 12.3736 23.70184 -366.7739 12.04529 23.70184 -366.8618 11.70666 23.70184 -366.8915 11.36804 23.70184 -366.8618 11.03973 23.70184 -366.7739 10.73169 23.70184 -366.6302 10.45325 23.70184 -366.4353 10.21289 23.70184 -366.1949 10.01794 23.70184 -365.9165 9.874268 23.70184 -365.6084 9.786316 23.70184 -365.2801 9.756714 23.70184 -364.9415 -15.31079 -24.09815 -412.7532 -15.34332 -24.09815 -412.3165 -15.31079 -13.59814 -412.7532 -15.20575 -13.59814 -413.2069 -15.20575 -24.09815 -413.2069 -15.03058 -13.59814 -413.6384 -15.03058 -24.09815 -413.6384 -14.78967 -13.59814 -414.0369 -14.78967 -24.09815 -414.0369 -14.48907 -13.59814 -414.3926 -14.48907 -24.09815 -414.3926 -14.13629 -13.59814 -414.6965 -14.13629 -24.09815 -414.6965 -13.73999 -13.59814 -414.9411 -13.73999 -24.09815 -414.9411 -13.31018 -13.59814 -415.1204 -13.31018 -24.09815 -415.1204 -12.85754 -13.59814 -415.2297 -12.85754 -24.09815 -415.2297 -12.39331 -24.09815 -415.2665 -15.34332 -21.14465 -374.7782 -15.34332 -21.14465 -355.6047 -15.34332 -21.81226 -409.9498 -15.34332 -21.14465 -409.5782 -15.34332 -21.14465 -380.2547 -15.34332 -21.81226 -375.1499 -15.34332 -22.388 -375.5015 -15.34332 -23.22662 -410.9121 -15.34332 -23.01398 -410.7404 -15.34332 -22.388 -410.3015 -15.34332 -22.40228 -354.8721 -15.34332 -22.67407 -354.6904 -15.34332 -23.3902 -354.1261 -15.34332 -24.08331 -412.138 -15.34332 -24.039 -411.9593 -15.34332 -23.95935 -411.7681 -15.34332 -23.22662 -376.1121 -15.34332 -22.40228 -379.5222 -15.34332 -22.67407 -379.3404 -15.34332 -23.01398 -375.9404 -15.34332 -23.79987 -411.5087 -15.34332 -23.49713 -411.1595 -15.34332 -23.71094 -353.7891 -15.34332 -23.89868 -353.525 -15.34332 -24.00751 -353.3088 -15.34332 -24.06805 -353.1209 -15.34332 -24.09509 -352.9476 -15.34332 -24.09815 -352.8665 -15.34332 -24.09815 -377.5165 -15.34332 -24.09509 -377.5976 -15.34332 -23.3902 -378.7761 -15.34332 -23.71094 -378.4392 -15.34332 -24.08331 -377.3379 -15.34332 -24.039 -377.1593 -15.34332 -23.95935 -376.9681 -15.34332 -23.89868 -378.175 -15.34332 -24.00751 -377.9589 -15.34332 -24.06805 -377.7709 -15.34332 -23.79987 -376.7088 -15.34332 -23.49713 -376.3595 -12.39331 -24.19818 -378.5165 -12.39331 -19.09815 -378.5165 -12.56696 -24.19818 -378.5013 -12.56696 -19.09815 -378.5013 -12.73535 -24.19818 -378.4562 -12.73535 -19.09815 -378.4562 -12.89331 -24.19818 -378.3825 -12.89331 -19.09815 -378.3825 -13.03613 -24.19818 -378.2825 -13.03613 -19.09815 -378.2825 -13.15936 -24.19818 -378.1593 -13.15936 -19.09815 -378.1593 -13.25934 -24.19818 -378.0165 -13.25934 -19.09815 -378.0165 -13.33301 -24.19818 -377.8585 -13.33301 -19.09815 -377.8585 -13.37811 -24.19818 -377.6901 -13.37811 -19.09815 -377.6901 -13.39331 -24.19818 -377.5165 -13.39331 -19.09815 -377.5165 -13.37811 -24.19818 -377.3428 -13.37811 -19.09815 -377.3428 -13.33301 -24.19818 -377.1744 -13.33301 -19.09815 -377.1744 -13.25934 -24.19818 -377.0165 -13.25934 -19.09815 -377.0165 -13.15936 -24.19818 -376.8737 -13.15936 -19.09815 -376.8737 -13.03613 -24.19818 -376.7504 -13.03613 -19.09815 -376.7504 -12.89331 -24.19818 -376.6505 -12.89331 -19.09815 -376.6505 -12.73535 -24.19818 -376.5768 -12.73535 -19.09815 -376.5768 -12.56696 -24.19818 -376.5316 -12.56696 -19.09815 -376.5316 -12.39331 -24.19818 -376.5165 -12.39331 -19.09815 -376.5165 -12.21967 -24.19818 -376.5316 -12.21967 -19.09815 -376.5316 -12.05127 -24.19818 -376.5768 -12.05127 -19.09815 -376.5768 -11.89331 -24.19818 -376.6505 -11.89331 -19.09815 -376.6505 -11.75055 -24.19818 -376.7504 -11.75055 -19.09815 -376.7504 -11.62726 -24.19818 -376.8737 -11.62726 -19.09815 -376.8737 -11.52728 -24.19818 -377.0165 -11.52728 -19.09815 -377.0165 -11.45361 -24.19818 -377.1744 -11.45361 -19.09815 -377.1744 -11.40851 -24.19818 -377.3428 -11.40851 -19.09815 -377.3428 -11.39331 -24.19818 -377.5165 -11.39331 -19.09815 -377.5165 -11.40851 -24.19818 -377.6901 -11.40851 -19.09815 -377.6901 -11.45361 -24.19818 -377.8585 -11.45361 -19.09815 -377.8585 -11.52728 -24.19818 -378.0165 -11.52728 -19.09815 -378.0165 -11.62726 -24.19818 -378.1593 -11.62726 -19.09815 -378.1593 -11.75055 -24.19818 -378.2825 -11.75055 -19.09815 -378.2825 -11.89331 -24.19818 -378.3825 -11.89331 -19.09815 -378.3825 -12.05127 -24.19818 -378.4562 -12.05127 -19.09815 -378.4562 -12.21967 -24.19818 -378.5013 -12.21967 -19.09815 -378.5013 -12.39331 -19.09815 -377.5165 -12.39331 -24.19818 -353.8665 -12.39331 -19.09815 -353.8665 -12.56696 -24.19818 -353.8513 -12.56696 -19.09815 -353.8513 -12.73535 -24.19818 -353.8062 -12.73535 -19.09815 -353.8062 -12.89331 -24.19818 -353.7325 -12.89331 -19.09815 -353.7325 -13.03613 -24.19818 -353.6325 -13.03613 -19.09815 -353.6325 -13.15936 -24.19818 -353.5092 -13.15936 -19.09815 -353.5092 -13.25934 -24.19818 -353.3665 -13.25934 -19.09815 -353.3665 -13.33301 -24.19818 -353.2085 -13.33301 -19.09815 -353.2085 -13.37811 -24.19818 -353.0401 -13.37811 -19.09815 -353.0401 -13.39331 -24.19818 -352.8665 -13.39331 -19.09815 -352.8665 -13.37811 -24.19818 -352.6928 -13.37811 -19.09815 -352.6928 -13.33301 -24.19818 -352.5244 -13.33301 -19.09815 -352.5244 -13.25934 -24.19818 -352.3665 -13.25934 -19.09815 -352.3665 -13.15936 -24.19818 -352.2237 -13.15936 -19.09815 -352.2237 -13.03613 -24.19818 -352.1004 -13.03613 -19.09815 -352.1004 -12.89331 -24.19818 -352.0004 -12.89331 -19.09815 -352.0004 -12.73535 -24.19818 -351.9268 -12.73535 -19.09815 -351.9268 -12.56696 -24.19818 -351.8817 -12.56696 -19.09815 -351.8817 -12.39331 -24.19818 -351.8665 -12.39331 -19.09815 -351.8665 -12.21967 -24.19818 -351.8817 -12.21967 -19.09815 -351.8817 -12.05127 -24.19818 -351.9268 -12.05127 -19.09815 -351.9268 -11.89331 -24.19818 -352.0004 -11.89331 -19.09815 -352.0004 -11.75055 -24.19818 -352.1004 -11.75055 -19.09815 -352.1004 -11.62726 -24.19818 -352.2237 -11.62726 -19.09815 -352.2237 -11.52728 -24.19818 -352.3665 -11.52728 -19.09815 -352.3665 -11.45361 -24.19818 -352.5244 -11.45361 -19.09815 -352.5244 -11.40851 -24.19818 -352.6928 -11.40851 -19.09815 -352.6928 -11.39331 -24.19818 -352.8665 -11.39331 -19.09815 -352.8665 -11.40851 -24.19818 -353.0401 -11.40851 -19.09815 -353.0401 -11.45361 -24.19818 -353.2085 -11.45361 -19.09815 -353.2085 -11.52728 -24.19818 -353.3665 -11.52728 -19.09815 -353.3665 -11.62726 -24.19818 -353.5092 -11.62726 -19.09815 -353.5092 -11.75055 -24.19818 -353.6325 -11.75055 -19.09815 -353.6325 -11.89331 -24.19818 -353.7325 -11.89331 -19.09815 -353.7325 -12.05127 -24.19818 -353.8062 -12.05127 -19.09815 -353.8062 -12.21967 -24.19818 -353.8513 -12.21967 -19.09815 -353.8513 -12.39331 -19.09815 -352.8665 -12.39331 -24.19818 -413.3165 -12.39331 -19.09815 -413.3165 -12.56696 -24.19818 -413.3013 -12.56696 -19.09815 -413.3013 -12.73535 -24.19818 -413.2562 -12.73535 -19.09815 -413.2562 -12.89331 -24.19818 -413.1825 -12.89331 -19.09815 -413.1825 -13.03613 -24.19818 -413.0825 -13.03613 -19.09815 -413.0825 -13.15936 -24.19818 -412.9592 -13.15936 -19.09815 -412.9592 -13.25934 -24.19818 -412.8165 -13.25934 -19.09815 -412.8165 -13.33301 -24.19818 -412.6585 -13.33301 -19.09815 -412.6585 -13.37811 -24.19818 -412.4901 -13.37811 -19.09815 -412.4901 -13.39331 -24.19818 -412.3165 -13.39331 -19.09815 -412.3165 -13.37811 -24.19818 -412.1428 -13.37811 -19.09815 -412.1428 -13.33301 -24.19818 -411.9744 -13.33301 -19.09815 -411.9744 -13.25934 -24.19818 -411.8165 -13.25934 -19.09815 -411.8165 -13.15936 -24.19818 -411.6737 -13.15936 -19.09815 -411.6737 -13.03613 -24.19818 -411.5504 -13.03613 -19.09815 -411.5504 -12.89331 -24.19818 -411.4505 -12.89331 -19.09815 -411.4505 -12.73535 -24.19818 -411.3768 -12.73535 -19.09815 -411.3768 -12.56696 -24.19818 -411.3317 -12.56696 -19.09815 -411.3317 -12.39331 -24.19818 -411.3165 -12.39331 -19.09815 -411.3165 -12.21967 -24.19818 -411.3317 -12.21967 -19.09815 -411.3317 -12.05127 -24.19818 -411.3768 -12.05127 -19.09815 -411.3768 -11.89331 -24.19818 -411.4505 -11.89331 -19.09815 -411.4505 -11.75055 -24.19818 -411.5504 -11.75055 -19.09815 -411.5504 -11.62726 -24.19818 -411.6737 -11.62726 -19.09815 -411.6737 -11.52728 -24.19818 -411.8165 -11.52728 -19.09815 -411.8165 -11.45361 -24.19818 -411.9744 -11.45361 -19.09815 -411.9744 -11.40851 -24.19818 -412.1428 -11.40851 -19.09815 -412.1428 -11.39331 -24.19818 -412.3165 -11.39331 -19.09815 -412.3165 -11.40851 -24.19818 -412.4901 -11.40851 -19.09815 -412.4901 -11.45361 -24.19818 -412.6585 -11.45361 -19.09815 -412.6585 -11.52728 -24.19818 -412.8165 -11.52728 -19.09815 -412.8165 -11.62726 -24.19818 -412.9592 -11.62726 -19.09815 -412.9592 -11.75055 -24.19818 -413.0825 -11.75055 -19.09815 -413.0825 -11.89331 -24.19818 -413.1825 -11.89331 -19.09815 -413.1825 -12.05127 -24.19818 -413.2562 -12.05127 -19.09815 -413.2562 -12.21967 -24.19818 -413.3013 -12.21967 -19.09815 -413.3013 -12.39331 -19.09815 -412.3165 11.70666 -24.19818 -378.5165 11.70666 -19.09815 -378.5165 11.53302 -24.19818 -378.5013 11.53302 -19.09815 -378.5013 11.36468 -24.19818 -378.4562 11.36468 -19.09815 -378.4562 11.20666 -24.19818 -378.3825 11.20666 -19.09815 -378.3825 11.0639 -24.19818 -378.2825 11.0639 -19.09815 -378.2825 10.94061 -24.19818 -378.1593 10.94061 -19.09815 -378.1593 10.84064 -24.19818 -378.0165 10.84064 -19.09815 -378.0165 10.76697 -24.19818 -377.8585 10.76697 -19.09815 -377.8585 10.72186 -24.19818 -377.6901 10.72186 -19.09815 -377.6901 10.70666 -24.19818 -377.5165 10.70666 -19.09815 -377.5165 10.72186 -24.19818 -377.3428 10.72186 -19.09815 -377.3428 10.76697 -24.19818 -377.1744 10.76697 -19.09815 -377.1744 10.84064 -24.19818 -377.0165 10.84064 -19.09815 -377.0165 10.94061 -24.19818 -376.8737 10.94061 -19.09815 -376.8737 11.0639 -24.19818 -376.7504 11.0639 -19.09815 -376.7504 11.20666 -24.19818 -376.6505 11.20666 -19.09815 -376.6505 11.36468 -24.19818 -376.5768 11.36468 -19.09815 -376.5768 11.53302 -24.19818 -376.5316 11.53302 -19.09815 -376.5316 11.70666 -24.19818 -376.5165 11.70666 -19.09815 -376.5165 11.88031 -24.19818 -376.5316 11.88031 -19.09815 -376.5316 12.04871 -24.19818 -376.5768 12.04871 -19.09815 -376.5768 12.20666 -24.19818 -376.6505 12.20666 -19.09815 -376.6505 12.34949 -24.19818 -376.7504 12.34949 -19.09815 -376.7504 12.47272 -24.19818 -376.8737 12.47272 -19.09815 -376.8737 12.57269 -24.19818 -377.0165 12.57269 -19.09815 -377.0165 12.64636 -24.19818 -377.1744 12.64636 -19.09815 -377.1744 12.69147 -24.19818 -377.3428 12.69147 -19.09815 -377.3428 12.70666 -24.19818 -377.5165 12.70666 -19.09815 -377.5165 12.69147 -24.19818 -377.6901 12.69147 -19.09815 -377.6901 12.64636 -24.19818 -377.8585 12.64636 -19.09815 -377.8585 12.57269 -24.19818 -378.0165 12.57269 -19.09815 -378.0165 12.47272 -24.19818 -378.1593 12.47272 -19.09815 -378.1593 12.34949 -24.19818 -378.2825 12.34949 -19.09815 -378.2825 12.20666 -24.19818 -378.3825 12.20666 -19.09815 -378.3825 12.04871 -24.19818 -378.4562 12.04871 -19.09815 -378.4562 11.88031 -24.19818 -378.5013 11.88031 -19.09815 -378.5013 11.70666 -19.09815 -377.5165 11.70666 -24.19818 -353.8665 11.70666 -19.09815 -353.8665 11.53302 -24.19818 -353.8513 11.53302 -19.09815 -353.8513 11.36468 -24.19818 -353.8062 11.36468 -19.09815 -353.8062 11.20666 -24.19818 -353.7325 11.20666 -19.09815 -353.7325 11.0639 -24.19818 -353.6325 11.0639 -19.09815 -353.6325 10.94061 -24.19818 -353.5092 10.94061 -19.09815 -353.5092 10.84064 -24.19818 -353.3665 10.84064 -19.09815 -353.3665 10.76697 -24.19818 -353.2085 10.76697 -19.09815 -353.2085 10.72186 -24.19818 -353.0401 10.72186 -19.09815 -353.0401 10.70666 -24.19818 -352.8665 10.70666 -19.09815 -352.8665 10.72186 -24.19818 -352.6928 10.72186 -19.09815 -352.6928 10.76697 -24.19818 -352.5244 10.76697 -19.09815 -352.5244 10.84064 -24.19818 -352.3665 10.84064 -19.09815 -352.3665 10.94061 -24.19818 -352.2237 10.94061 -19.09815 -352.2237 11.0639 -24.19818 -352.1004 11.0639 -19.09815 -352.1004 11.20666 -24.19818 -352.0004 11.20666 -19.09815 -352.0004 11.36468 -24.19818 -351.9268 11.36468 -19.09815 -351.9268 11.53302 -24.19818 -351.8817 11.53302 -19.09815 -351.8817 11.70666 -24.19818 -351.8665 11.70666 -19.09815 -351.8665 11.88031 -24.19818 -351.8817 11.88031 -19.09815 -351.8817 12.04871 -24.19818 -351.9268 12.04871 -19.09815 -351.9268 12.20666 -24.19818 -352.0004 12.20666 -19.09815 -352.0004 12.34949 -24.19818 -352.1004 12.34949 -19.09815 -352.1004 12.47272 -24.19818 -352.2237 12.47272 -19.09815 -352.2237 12.57269 -24.19818 -352.3665 12.57269 -19.09815 -352.3665 12.64636 -24.19818 -352.5244 12.64636 -19.09815 -352.5244 12.69147 -24.19818 -352.6928 12.69147 -19.09815 -352.6928 12.70666 -24.19818 -352.8665 12.70666 -19.09815 -352.8665 12.69147 -24.19818 -353.0401 12.69147 -19.09815 -353.0401 12.64636 -24.19818 -353.2085 12.64636 -19.09815 -353.2085 12.57269 -24.19818 -353.3665 12.57269 -19.09815 -353.3665 12.47272 -24.19818 -353.5092 12.47272 -19.09815 -353.5092 12.34949 -24.19818 -353.6325 12.34949 -19.09815 -353.6325 12.20666 -24.19818 -353.7325 12.20666 -19.09815 -353.7325 12.04871 -24.19818 -353.8062 12.04871 -19.09815 -353.8062 11.88031 -24.19818 -353.8513 11.88031 -19.09815 -353.8513 11.70666 -19.09815 -352.8665 11.70666 -24.19818 -413.3165 11.70666 -19.09815 -413.3165 11.53302 -24.19818 -413.3013 11.53302 -19.09815 -413.3013 11.36468 -24.19818 -413.2562 11.36468 -19.09815 -413.2562 11.20666 -24.19818 -413.1825 11.20666 -19.09815 -413.1825 11.0639 -24.19818 -413.0825 11.0639 -19.09815 -413.0825 10.94061 -24.19818 -412.9592 10.94061 -19.09815 -412.9592 10.84064 -24.19818 -412.8165 10.84064 -19.09815 -412.8165 10.76697 -24.19818 -412.6585 10.76697 -19.09815 -412.6585 10.72186 -24.19818 -412.4901 10.72186 -19.09815 -412.4901 10.70666 -24.19818 -412.3165 10.70666 -19.09815 -412.3165 10.72186 -24.19818 -412.1428 10.72186 -19.09815 -412.1428 10.76697 -24.19818 -411.9744 10.76697 -19.09815 -411.9744 10.84064 -24.19818 -411.8165 10.84064 -19.09815 -411.8165 10.94061 -24.19818 -411.6737 10.94061 -19.09815 -411.6737 11.0639 -24.19818 -411.5504 11.0639 -19.09815 -411.5504 11.20666 -24.19818 -411.4505 11.20666 -19.09815 -411.4505 11.36468 -24.19818 -411.3768 11.36468 -19.09815 -411.3768 11.53302 -24.19818 -411.3317 11.53302 -19.09815 -411.3317 11.70666 -24.19818 -411.3165 11.70666 -19.09815 -411.3165 11.88031 -24.19818 -411.3317 11.88031 -19.09815 -411.3317 12.04871 -24.19818 -411.3768 12.04871 -19.09815 -411.3768 12.20666 -24.19818 -411.4505 12.20666 -19.09815 -411.4505 12.34949 -24.19818 -411.5504 12.34949 -19.09815 -411.5504 12.47272 -24.19818 -411.6737 12.47272 -19.09815 -411.6737 12.57269 -24.19818 -411.8165 12.57269 -19.09815 -411.8165 12.64636 -24.19818 -411.9744 12.64636 -19.09815 -411.9744 12.69147 -24.19818 -412.1428 12.69147 -19.09815 -412.1428 12.70666 -24.19818 -412.3165 12.70666 -19.09815 -412.3165 12.69147 -24.19818 -412.4901 12.69147 -19.09815 -412.4901 12.64636 -24.19818 -412.6585 12.64636 -19.09815 -412.6585 12.57269 -24.19818 -412.8165 12.57269 -19.09815 -412.8165 12.47272 -24.19818 -412.9592 12.47272 -19.09815 -412.9592 12.34949 -24.19818 -413.0825 12.34949 -19.09815 -413.0825 12.20666 -24.19818 -413.1825 12.20666 -19.09815 -413.1825 12.04871 -24.19818 -413.2562 12.04871 -19.09815 -413.2562 11.88031 -24.19818 -413.3013 11.88031 -19.09815 -413.3013 11.70666 -19.09815 -412.3165 -12.21478 -24.08331 -349.9165 -12.39331 -24.09815 -349.9165 -11.9715 -24.09815 -349.9468 -10.40735 -24.09815 -350.6851 -10.11584 -24.09815 -350.9915 -9.885437 -22.68921 -350.4786 -11.5434 -24.09815 -350.0415 -11.84497 -23.95935 -349.9165 -12.03613 -24.039 -349.9165 -11.13409 -24.09815 -350.1987 -11.23633 -23.49713 -349.9165 -11.58557 -23.79987 -349.9165 -10.75262 -24.09815 -350.4148 -10.81726 -23.01398 -349.9165 -10.98895 -23.22662 -349.9165 -9.65503 -21.14465 -349.9165 -10.02667 -21.81226 -349.9165 -10.37842 -22.388 -349.9165 9.10669 -24.09815 -350.9915 9.4292 -24.09815 -350.9915 9.198792 -22.68921 -350.4786 -9.793335 -24.09815 -350.9915 8.968384 -21.14465 -349.9165 -14.84497 -24.09815 -354.5072 -14.57471 -24.09815 -354.8524 -14.78113 -22.68921 -355.3743 -14.26831 -24.09815 -355.1439 -15.06103 -24.09815 -354.1257 -15.21826 -24.09815 -353.7164 -15.31299 -24.09815 -353.2883 -15.31299 -24.09815 -411.8947 -14.57471 -24.09815 -410.3305 -14.26831 -24.09815 -410.039 -14.78113 -22.68921 -409.8086 -15.21826 -24.09815 -411.4666 -15.06103 -24.09815 -411.0573 -14.84497 -24.09815 -410.6757 -14.26831 -24.09815 -402.1415 -14.26831 -24.09815 -379.794 -14.78113 -22.68921 -380.0244 -14.26831 -24.09815 -386.6915 -14.84497 -24.09815 -379.1572 -14.57471 -24.09815 -379.5025 -15.06103 -24.09815 -378.7757 -15.21826 -24.09815 -378.3663 -15.31299 -24.09815 -377.9382 11.52814 -24.08331 -415.2665 11.70666 -24.09815 -415.2665 11.27203 -24.09815 -415.2343 9.718811 -24.09815 -414.4961 9.4292 -24.09815 -414.1915 9.198792 -22.68921 -414.7043 10.8468 -24.09815 -415.1384 11.15832 -23.95935 -415.2665 11.34955 -24.039 -415.2665 10.44043 -24.09815 -414.9808 10.54968 -23.49713 -415.2665 10.89899 -23.79987 -415.2665 10.06165 -24.09815 -414.7652 10.13062 -23.01398 -415.2665 10.29297 -23.21558 -415.2665 8.968384 -21.14465 -415.2665 9.340027 -21.81226 -415.2665 9.684327 -22.37647 -415.2665 -9.793335 -24.09815 -414.1915 -10.11584 -24.09815 -414.1915 -9.885437 -22.68921 -414.7043 9.10669 -24.09815 -414.1915 -9.65503 -21.14465 -415.2665 14.09448 -22.68921 -355.3743 13.58166 -24.09815 -355.1439 13.58166 -24.09815 -365.1915 13.58166 -24.09815 -375.239 14.09448 -22.68921 -375.0086 14.65668 -21.14465 -374.7782 14.65668 -21.14465 -355.6047 14.65668 -24.09815 -377.5165 14.6264 -24.09815 -377.9382 14.65668 -24.08331 -377.695 14.65668 -24.039 -377.8736 14.65668 -23.95935 -378.0648 14.53162 -24.09815 -378.3663 14.65668 -23.79987 -378.3242 14.65668 -23.49713 -378.6735 14.37445 -24.09815 -378.7757 14.65668 -23.22662 -378.9208 14.65668 -23.01398 -379.0925 14.15832 -24.09815 -379.1572 14.65668 -22.388 -379.5314 13.58166 -24.09815 -379.794 14.09448 -22.68921 -380.0244 13.88806 -24.09815 -379.5025 14.65668 -21.14465 -380.2547 14.65668 -21.81226 -379.8831 14.15686 -24.09815 -379.1594 14.65668 -22.40228 -375.5108 13.88806 -24.09815 -375.5305 14.15686 -24.09815 -375.8735 14.15832 -24.09815 -375.8757 14.65668 -22.67407 -375.6925 14.65668 -23.3902 -376.2568 14.37445 -24.09815 -376.2573 14.53162 -24.09815 -376.6666 14.65668 -23.71094 -376.5938 14.6264 -24.09815 -377.0947 14.65668 -24.00751 -377.074 14.65668 -23.89868 -376.8579 14.65668 -24.09509 -377.4354 14.65668 -24.06805 -377.262 13.58166 -24.09815 -386.6915 13.58166 -24.09815 -410.039 14.09448 -22.68921 -409.8086 13.58166 -24.09815 -402.1415 14.65668 -21.14465 -409.5782 14.65668 -24.08331 -353.045 14.65668 -24.09815 -352.8665 14.6264 -24.09815 -353.2883 13.88806 -24.09815 -354.8524 14.53162 -24.09815 -353.7164 14.65668 -23.95935 -353.4148 14.65668 -24.039 -353.2236 14.37445 -24.09815 -354.1257 14.65668 -23.49713 -354.0234 14.65668 -23.79987 -353.6742 14.15832 -24.09815 -354.5072 14.65668 -23.01398 -354.4425 14.65668 -23.22662 -354.2708 14.65668 -21.81232 -355.2331 14.65668 -22.388 -354.8814 10.06598 -24.09815 -350.4148 9.720704 -24.09815 -350.6851 10.44708 -23.3902 -349.9165 9.882752 -22.67407 -349.9165 9.700989 -22.40228 -349.9165 10.44745 -24.09815 -350.1987 10.85681 -24.09815 -350.0415 10.784 -23.71094 -349.9165 11.28491 -24.09815 -349.9468 11.26428 -24.00751 -349.9165 11.04816 -23.89868 -349.9165 11.70666 -24.09815 -349.9165 11.62555 -24.09509 -349.9165 11.45227 -24.06805 -349.9165 -14.78113 -22.68921 -375.0086 -14.26831 -24.09815 -375.239 -14.26831 -24.09815 -365.1915 -15.31299 -24.09815 -377.0947 -14.57471 -24.09815 -375.5305 -15.21826 -24.09815 -376.6666 -15.06103 -24.09815 -376.2573 -14.84497 -24.09815 -375.8757 -10.75262 -24.09815 -414.7681 -10.40735 -24.09815 -414.4978 -11.13367 -23.3902 -415.2665 -10.56934 -22.67407 -415.2665 -10.38763 -22.40228 -415.2665 -11.13409 -24.09815 -414.9842 -11.5434 -24.09815 -415.1414 -11.47064 -23.71094 -415.2665 -11.9715 -24.09815 -415.2362 -11.95093 -24.00751 -415.2665 -11.7348 -23.89868 -415.2665 -12.31219 -24.09509 -415.2665 -12.13892 -24.06805 -415.2665 14.15832 -24.09815 -410.6757 13.88806 -24.09815 -410.3305 14.65668 -23.3902 -411.0568 14.65668 -22.67407 -410.4925 14.65668 -22.40228 -410.3108 14.37445 -24.09815 -411.0573 14.53162 -24.09815 -411.4666 14.65668 -23.71094 -411.3937 14.6264 -24.09815 -411.8947 14.65668 -24.00751 -411.8741 14.65668 -23.89868 -411.6579 14.65668 -24.09815 -412.3165 14.65668 -24.09509 -412.2354 14.65668 -24.06805 -412.062 -12.8548 -13.59814 -349.9528 -12.8548 -24.09815 -349.9528 -13.30493 -13.59814 -350.0609 -13.30493 -24.09815 -350.0609 -13.7326 -13.59814 -350.238 -13.7326 -24.09815 -350.238 -14.12726 -13.59814 -350.4799 -14.12726 -24.09815 -350.4799 -14.47931 -13.59814 -350.7805 -14.47931 -24.09815 -350.7805 -14.77991 -13.59814 -351.1325 -14.77991 -24.09815 -351.1325 -15.02179 -13.59814 -351.5272 -15.02179 -24.09815 -351.5272 -15.19891 -13.59814 -351.9548 -15.19891 -24.09815 -351.9548 -15.30701 -13.59814 -352.405 -15.30701 -24.09815 -352.405 -0.3433228 -24.69818 -406.7164 0.3512573 -24.64819 -406.6557 0.3512573 -24.69818 -406.6557 1.02478 -24.64819 -406.4752 1.02478 -24.69818 -406.4752 1.656677 -24.64819 -406.1806 1.656677 -24.69818 -406.1806 2.227844 -24.64819 -405.7807 2.227844 -24.69818 -405.7807 2.720886 -24.64819 -405.2876 2.720886 -24.69818 -405.2876 3.120789 -24.64819 -404.7164 3.120789 -24.69818 -404.7164 3.415466 -24.64819 -404.0845 3.415466 -24.69818 -404.0845 3.595886 -24.64819 -403.4111 3.595886 -24.69818 -403.4111 3.656677 -24.64819 -402.7164 3.656677 -24.69818 -402.7164 3.595886 -24.64819 -402.0219 3.595886 -24.69818 -402.0219 3.415466 -24.64819 -401.3484 3.415466 -24.69818 -401.3484 3.120789 -24.64819 -400.7164 3.120789 -24.69818 -400.7164 2.720886 -24.64819 -400.1453 2.720886 -24.69818 -400.1453 2.227844 -24.64819 -399.6523 2.227844 -24.69818 -399.6523 1.656677 -24.64819 -399.2524 1.656677 -24.69818 -399.2524 1.02478 -24.64819 -398.9577 1.02478 -24.69818 -398.9577 0.3512573 -24.64819 -398.7772 0.3512573 -24.69818 -398.7772 -0.3433228 -24.64819 -398.7164 -0.3433228 -24.69818 -398.7164 -1.037903 -24.64819 -398.7772 -1.037903 -24.69818 -398.7772 -1.711426 -24.64819 -398.9577 -1.711426 -24.69818 -398.9577 -2.343323 -24.64819 -399.2524 -2.343323 -24.69818 -399.2524 -2.91449 -24.64819 -399.6523 -2.91449 -24.69818 -399.6523 -3.407471 -24.64819 -400.1453 -3.407471 -24.69818 -400.1453 -3.807434 -24.64819 -400.7164 -3.807434 -24.69818 -400.7164 -4.102112 -24.64819 -401.3484 -4.102112 -24.69818 -401.3484 -4.282532 -24.64819 -402.0219 -4.282532 -24.69818 -402.0219 -4.343323 -24.64819 -402.7164 -4.343323 -24.69818 -402.7164 -4.282532 -24.64819 -403.4111 -4.282532 -24.69818 -403.4111 -4.102112 -24.64819 -404.0845 -4.102112 -24.69818 -404.0845 -3.807434 -24.64819 -404.7164 -3.807434 -24.69818 -404.7164 -3.407471 -24.64819 -405.2876 -3.407471 -24.69818 -405.2876 -2.91449 -24.64819 -405.7807 -2.91449 -24.69818 -405.7807 -2.343323 -24.64819 -406.1806 -2.343323 -24.69818 -406.1806 -1.711426 -24.64819 -406.4752 -1.711426 -24.69818 -406.4752 -1.037903 -24.64819 -406.6557 -1.037903 -24.69818 -406.6557 -0.3433228 -24.64819 -406.7164 0.1776123 -24.69818 -399.762 -0.3433228 -24.69818 -399.7164 -0.8642578 -24.69818 -399.762 -1.369385 -24.69818 -399.8974 -1.843323 -24.69818 -400.1184 -2.271667 -24.69818 -400.4183 -2.641418 -24.69818 -400.7881 -2.941406 -24.69818 -401.2164 -3.162415 -24.69818 -401.6904 -3.297729 -24.69818 -402.1955 -3.343323 -24.69818 -402.7164 -3.297729 -24.69818 -403.2374 -3.162415 -24.69818 -403.7425 -2.941406 -24.69818 -404.2164 -2.641418 -24.69818 -404.6448 -2.271667 -24.69818 -405.0146 -1.843323 -24.69818 -405.3145 -1.369385 -24.69818 -405.5355 -0.8642578 -24.69818 -405.6709 -0.3433228 -24.69818 -405.7164 0.1776123 -24.69818 -405.6709 0.6827393 -24.69818 -405.5355 1.156677 -24.69818 -405.3145 1.585022 -24.69818 -405.0146 1.954834 -24.69818 -404.6448 2.254761 -24.69818 -404.2164 2.475769 -24.69818 -403.7425 2.611084 -24.69818 -403.2374 2.656677 -24.69818 -402.7164 2.611084 -24.69818 -402.1955 2.475769 -24.69818 -401.6904 2.254761 -24.69818 -401.2164 1.954834 -24.69818 -400.7881 1.585022 -24.69818 -400.4183 1.156677 -24.69818 -400.1184 0.6827393 -24.69818 -399.8974 -0.3433228 -24.64819 -403.7164 -0.3433228 -30.09815 -403.7164 -0.1696777 -24.64819 -403.7012 -0.1696777 -30.09815 -403.7012 -0.001281738 -24.64819 -403.6561 -0.001281738 -30.09815 -403.6561 0.1566772 -24.64819 -403.5825 0.1566772 -30.09815 -403.5825 0.2994995 -24.64819 -403.4825 0.2994995 -30.09815 -403.4825 0.4227295 -24.64819 -403.3593 0.4227295 -30.09815 -403.3593 0.5227051 -24.64819 -403.2164 0.5227051 -30.09815 -403.2164 0.5963745 -24.64819 -403.0585 0.5963745 -30.09815 -403.0585 0.6414795 -24.64819 -402.8901 0.6414795 -30.09815 -402.8901 0.6566773 -24.64819 -402.7164 0.6566773 -30.09815 -402.7164 0.6414795 -24.64819 -402.5428 0.6414795 -30.09815 -402.5428 0.5963745 -24.64819 -402.3745 0.5963745 -30.09815 -402.3745 0.5227051 -24.64819 -402.2164 0.5227051 -30.09815 -402.2164 0.4227295 -24.64819 -402.0737 0.4227295 -30.09815 -402.0737 0.2994995 -24.64819 -401.9505 0.2994995 -30.09815 -401.9505 0.1566772 -24.64819 -401.8504 0.1566772 -30.09815 -401.8504 -0.001281738 -24.64819 -401.7767 -0.001281738 -30.09815 -401.7767 -0.1696777 -24.64819 -401.7316 -0.1696777 -30.09815 -401.7316 -0.3433228 -24.64819 -401.7164 -0.3433228 -30.09815 -401.7164 -0.5169678 -24.64819 -401.7316 -0.5169678 -30.09815 -401.7316 -0.6853638 -24.64819 -401.7767 -0.6853638 -30.09815 -401.7767 -0.8433228 -24.64819 -401.8504 -0.8433228 -30.09815 -401.8504 -0.986084 -24.64819 -401.9505 -0.986084 -30.09815 -401.9505 -1.109375 -24.64819 -402.0737 -1.109375 -30.09815 -402.0737 -1.209351 -24.64819 -402.2164 -1.209351 -30.09815 -402.2164 -1.28302 -24.64819 -402.3745 -1.28302 -30.09815 -402.3745 -1.328125 -24.64819 -402.5428 -1.328125 -30.09815 -402.5428 -1.343323 -24.64819 -402.7164 -1.343323 -30.09815 -402.7164 -1.328125 -24.64819 -402.8901 -1.328125 -30.09815 -402.8901 -1.28302 -24.64819 -403.0585 -1.28302 -30.09815 -403.0585 -1.209351 -24.64819 -403.2164 -1.209351 -30.09815 -403.2164 -1.109375 -24.64819 -403.3593 -1.109375 -30.09815 -403.3593 -0.986084 -24.64819 -403.4825 -0.986084 -30.09815 -403.4825 -0.8433228 -24.64819 -403.5825 -0.8433228 -30.09815 -403.5825 -0.6853638 -24.64819 -403.6561 -0.6853638 -30.09815 -403.6561 -0.5169678 -24.64819 -403.7012 -0.5169678 -30.09815 -403.7012 -0.3433228 -30.09815 -405.7164 0.1776123 -30.09815 -405.6709 0.6827393 -30.09815 -405.5355 1.156677 -30.09815 -405.3145 1.585022 -30.09815 -405.0146 1.954834 -30.09815 -404.6448 2.254761 -30.09815 -404.2164 2.475769 -30.09815 -403.7425 2.611084 -30.09815 -403.2374 2.656677 -30.09815 -402.7164 2.611084 -30.09815 -402.1955 2.475769 -30.09815 -401.6904 2.254761 -30.09815 -401.2164 1.954834 -30.09815 -400.7881 1.585022 -30.09815 -400.4183 1.156677 -30.09815 -400.1184 0.6827393 -30.09815 -399.8974 0.1776123 -30.09815 -399.762 -0.3433228 -30.09815 -399.7164 -0.8642578 -30.09815 -399.762 -1.369385 -30.09815 -399.8974 -1.843323 -30.09815 -400.1184 -2.271667 -30.09815 -400.4183 -2.641418 -30.09815 -400.7881 -2.941406 -30.09815 -401.2164 -3.162415 -30.09815 -401.6904 -3.297729 -30.09815 -402.1955 -3.343323 -30.09815 -402.7164 -3.297729 -30.09815 -403.2374 -3.162415 -30.09815 -403.7425 -2.941406 -30.09815 -404.2164 -2.641418 -30.09815 -404.6448 -2.271667 -30.09815 -405.0146 -1.843323 -30.09815 -405.3145 -1.369385 -30.09815 -405.5355 -0.8642578 -30.09815 -405.6709 -8.61261 -24.64819 -399.7067 -9.009644 -24.64819 -401.1884 -9.143311 -24.64819 -402.7164 -9.009644 -24.64819 -404.2446 -8.61261 -24.64819 -405.7263 -7.964355 -24.64819 -407.1165 -7.084534 -24.64819 -408.373 -5.999817 -24.64819 -409.4577 -4.743286 -24.64819 -410.3375 -3.353088 -24.64819 -410.9858 -1.871399 -24.64819 -411.3828 -0.3433228 -24.64819 -411.5165 1.184814 -24.64819 -411.3828 2.666443 -24.64819 -410.9858 4.056702 -24.64819 -410.3375 5.313232 -24.64819 -409.4577 6.397888 -24.64819 -408.373 7.27771 -24.64819 -407.1165 7.925964 -24.64819 -405.7263 8.322999 -24.64819 -404.2446 8.456665 -24.64819 -402.7164 8.322999 -24.64819 -401.1884 7.925964 -24.64819 -399.7067 7.27771 -24.64819 -398.3165 6.397888 -24.64819 -397.0599 5.313232 -24.64819 -395.9753 4.056702 -24.64819 -395.0955 2.666443 -24.64819 -394.4472 1.184814 -24.64819 -394.0502 -0.3433228 -24.64819 -393.9165 -1.871399 -24.64819 -394.0502 -3.353088 -24.64819 -394.4472 -4.743286 -24.64819 -395.0955 -5.999817 -24.64819 -395.9753 -7.084534 -24.64819 -397.0599 -7.964355 -24.64819 -398.3165 1.184814 -24.09815 -411.3828 2.666443 -24.09815 -410.9858 4.056702 -24.09815 -410.3375 5.313232 -24.09815 -409.4577 6.397888 -24.09815 -408.373 7.27771 -24.09815 -407.1165 7.925964 -24.09815 -405.7263 8.322999 -24.09815 -404.2446 8.456665 -24.09815 -402.7164 8.322999 -24.09815 -401.1884 7.925964 -24.09815 -399.7067 7.27771 -24.09815 -398.3165 6.397888 -24.09815 -397.0599 5.313232 -24.09815 -395.9753 4.056702 -24.09815 -395.0955 2.666443 -24.09815 -394.4472 1.184814 -24.09815 -394.0502 -0.3433228 -24.09815 -393.9165 -1.871399 -24.09815 -394.0502 -3.353088 -24.09815 -394.4472 -4.743286 -24.09815 -395.0955 -5.999817 -24.09815 -395.9753 -7.084534 -24.09815 -397.0599 -7.964355 -24.09815 -398.3165 -8.61261 -24.09815 -399.7067 -9.009644 -24.09815 -401.1884 -9.143311 -24.09815 -402.7164 -9.009644 -24.09815 -404.2446 -8.61261 -24.09815 -405.7263 -7.964355 -24.09815 -407.1165 -7.084534 -24.09815 -408.373 -5.999817 -24.09815 -409.4577 -4.743286 -24.09815 -410.3375 -3.353088 -24.09815 -410.9858 -1.871399 -24.09815 -411.3828 -0.3433228 -24.09815 -411.5165 -0.3433228 -24.64819 -402.7164 -10.70459 -24.09815 -351.8915 -10.56091 -24.09815 -352.1995 -10.47296 -24.09815 -352.5278 -10.4433 -24.09815 -352.8665 -11.41833 -24.09815 -351.1777 -11.13989 -24.09815 -351.3727 -11.41833 -24.09815 -354.5552 -11.72638 -24.09815 -354.6989 -9.793335 -24.09815 -365.1915 -12.05469 -24.09815 -354.7868 -12.73193 -24.09815 -354.7868 -13.06024 -24.09815 -354.6989 -10.70459 -24.09815 -353.8414 -10.56091 -24.09815 -353.5334 -10.47296 -24.09815 -353.2051 -10.89954 -24.09815 -354.1199 -11.13989 -24.09815 -354.3602 -10.89954 -24.09815 -351.613 -13.36829 -24.09815 -354.5552 -13.64673 -24.09815 -354.3602 -13.88708 -24.09815 -354.1199 -14.08209 -24.09815 -353.8414 -14.22571 -24.09815 -353.5334 -13.64673 -24.09815 -351.3727 -13.88708 -24.09815 -351.613 -14.08209 -24.09815 -351.8915 -14.22571 -24.09815 -352.1995 -14.31366 -24.09815 -352.5278 -14.34332 -24.09815 -352.8665 -14.31366 -24.09815 -353.2051 -11.72638 -24.09815 -351.0341 -12.05469 -24.09815 -350.9461 -12.39331 -24.09815 -350.9165 -12.73193 -24.09815 -350.9461 -13.06024 -24.09815 -351.0341 -13.36829 -24.09815 -351.1777 9.786316 -24.09815 -353.2051 13.2005 -24.09815 -351.613 13.39545 -24.09815 -351.8915 14.34393 -24.09815 -351.5446 13.53906 -24.09815 -353.5334 13.39545 -24.09815 -353.8414 9.10669 -24.09815 -365.1915 10.01794 -24.09815 -353.8414 9.874268 -24.09815 -353.5334 9.756714 -24.09815 -352.8665 9.786316 -24.09815 -352.5278 9.874268 -24.09815 -352.1995 13.53906 -24.09815 -352.1995 13.62707 -24.09815 -352.5278 13.65668 -24.09815 -352.8665 10.01794 -24.09815 -351.8915 10.21289 -24.09815 -351.613 10.45325 -24.09815 -351.3727 10.73169 -24.09815 -351.1777 11.03973 -24.09815 -351.0341 14.10303 -24.09815 -351.146 13.80243 -24.09815 -350.7904 12.96014 -24.09815 -351.3727 13.44965 -24.09815 -350.4864 12.6817 -24.09815 -351.1777 13.05341 -24.09815 -350.2418 12.3736 -24.09815 -351.0341 12.6236 -24.09815 -350.0626 12.04529 -24.09815 -350.9461 12.1709 -24.09815 -349.9532 11.70666 -24.09815 -350.9165 11.36804 -24.09815 -350.9461 13.2005 -24.09815 -354.1199 12.96014 -24.09815 -354.3602 12.6817 -24.09815 -354.5552 12.3736 -24.09815 -354.6989 12.04529 -24.09815 -354.7868 11.70666 -24.09815 -354.8165 10.73169 -24.09815 -354.5552 10.45325 -24.09815 -354.3602 10.21289 -24.09815 -354.1199 11.36804 -24.09815 -354.7868 11.03973 -24.09815 -354.6989 14.62415 -24.09815 -352.4297 14.5191 -24.09815 -351.976 13.62707 -24.09815 -353.2051 12.04529 -24.09815 -375.5961 12.3736 -24.09815 -375.6841 13.39545 -24.09815 -376.5415 13.2005 -24.09815 -376.263 12.96014 -24.09815 -376.0227 12.6817 -24.09815 -375.8277 13.53906 -24.09815 -376.8495 13.62707 -24.09815 -377.1779 13.65668 -24.09815 -377.5165 9.756714 -24.09815 -377.5165 9.786316 -24.09815 -377.1779 9.874268 -24.09815 -376.8495 10.01794 -24.09815 -376.5415 10.21289 -24.09815 -376.263 10.45325 -24.09815 -376.0227 10.73169 -24.09815 -375.8277 11.03973 -24.09815 -375.6841 11.36804 -24.09815 -375.5961 13.53906 -24.09815 -378.1834 13.39545 -24.09815 -378.4915 10.01794 -24.09815 -378.4915 9.874268 -24.09815 -378.1834 9.10669 -24.09815 -386.6915 9.786316 -24.09815 -377.8551 11.70666 -24.09815 -375.5665 11.70666 -24.09815 -379.4664 12.04529 -24.09815 -379.4368 12.3736 -24.09815 -379.3489 11.36804 -24.09815 -379.4368 11.03973 -24.09815 -379.3489 10.73169 -24.09815 -379.2052 13.2005 -24.09815 -378.7699 12.96014 -24.09815 -379.0103 12.6817 -24.09815 -379.2052 10.45325 -24.09815 -379.0103 10.21289 -24.09815 -378.7699 13.62707 -24.09815 -377.8551 10.21289 -24.09815 -411.0631 10.45325 -24.09815 -410.8227 9.10669 -24.09815 -402.1415 12.04529 -24.09815 -410.3961 12.3736 -24.09815 -410.4841 13.62707 -24.09815 -411.9779 13.65668 -24.09815 -412.3165 14.15668 -24.09815 -412.8915 10.73169 -24.09815 -410.6277 11.03973 -24.09815 -410.4841 11.36804 -24.09815 -410.3961 9.756714 -24.09815 -412.3165 9.10669 -24.09815 -412.8915 9.786316 -24.09815 -412.6551 9.874268 -24.09815 -412.9834 9.786316 -24.09815 -411.9779 9.874268 -24.09815 -411.6495 10.01794 -24.09815 -411.3414 11.70666 -24.09815 -410.3665 12.6817 -24.09815 -410.6277 12.96014 -24.09815 -410.8227 13.2005 -24.09815 -411.0631 13.39545 -24.09815 -411.3414 13.53906 -24.09815 -411.6495 14.26147 -24.09815 -413.7915 14.47876 -24.09815 -413.3255 14.61188 -24.09815 -412.8287 10.21289 -24.09815 -413.5699 10.45325 -24.09815 -413.8103 10.73169 -24.09815 -414.0052 13.62707 -24.09815 -412.6551 13.53906 -24.09815 -412.9834 13.39545 -24.09815 -413.2915 13.96649 -24.09815 -414.2127 13.2005 -24.09815 -413.5699 13.60291 -24.09815 -414.5763 12.96014 -24.09815 -413.8103 13.1817 -24.09815 -414.8712 12.6817 -24.09815 -414.0052 12.71564 -24.09815 -415.0886 12.3736 -24.09815 -414.1489 12.21893 -24.09815 -415.2216 12.04529 -24.09815 -414.2368 11.70666 -24.09815 -414.2665 11.36804 -24.09815 -414.2368 11.03973 -24.09815 -414.1489 10.01794 -24.09815 -413.2915 -9.793335 -24.09815 -412.8915 -10.89954 -24.09815 -413.5699 -11.13989 -24.09815 -413.8103 -11.41833 -24.09815 -414.0052 -11.72638 -24.09815 -414.1489 -13.88708 -24.09815 -413.5699 -13.64673 -24.09815 -413.8103 -13.36829 -24.09815 -414.0052 -13.06024 -24.09815 -414.1489 -12.73193 -24.09815 -414.2368 -12.39331 -24.09815 -414.2665 -12.05469 -24.09815 -414.2368 -10.4433 -24.09815 -412.3165 -10.47296 -24.09815 -412.6551 -10.56091 -24.09815 -412.9834 -10.70459 -24.09815 -413.2915 -11.41833 -24.09815 -410.6277 -11.13989 -24.09815 -410.8227 -9.793335 -24.09815 -402.1415 -10.89954 -24.09815 -411.0631 -13.64673 -24.09815 -410.8227 -13.88708 -24.09815 -411.0631 -14.08209 -24.09815 -411.3414 -13.36829 -24.09815 -410.6277 -13.06024 -24.09815 -410.4841 -12.73193 -24.09815 -410.3961 -12.39331 -24.09815 -410.3665 -12.05469 -24.09815 -410.3961 -11.72638 -24.09815 -410.4841 -10.70459 -24.09815 -411.3414 -10.56091 -24.09815 -411.6495 -10.47296 -24.09815 -411.9779 -14.22571 -24.09815 -411.6495 -14.31366 -24.09815 -411.9779 -14.34332 -24.09815 -412.3165 -14.31366 -24.09815 -412.6551 -14.22571 -24.09815 -412.9834 -14.08209 -24.09815 -413.2915 -13.64673 -24.09815 -376.0227 -13.36829 -24.09815 -375.8277 -12.39331 -24.09815 -354.8165 -9.793335 -24.09815 -386.6915 -10.4433 -24.09815 -377.5165 -10.47296 -24.09815 -377.8551 -11.72638 -24.09815 -379.3489 -12.05469 -24.09815 -379.4368 -10.56091 -24.09815 -378.1834 -10.70459 -24.09815 -378.4915 -10.89954 -24.09815 -378.7699 -12.73193 -24.09815 -375.5961 -12.39331 -24.09815 -375.5665 -11.41833 -24.09815 -375.8277 -11.13989 -24.09815 -376.0227 -10.89954 -24.09815 -376.263 -11.13989 -24.09815 -379.0103 -11.41833 -24.09815 -379.2052 -12.05469 -24.09815 -375.5961 -11.72638 -24.09815 -375.6841 -10.70459 -24.09815 -376.5415 -10.56091 -24.09815 -376.8495 -10.47296 -24.09815 -377.1779 -12.39331 -24.09815 -379.4664 -12.73193 -24.09815 -379.4368 -13.06024 -24.09815 -379.3489 -13.06024 -24.09815 -375.6841 -13.88708 -24.09815 -376.263 -14.08209 -24.09815 -376.5415 -14.22571 -24.09815 -376.8495 -14.31366 -24.09815 -377.1779 -14.34332 -24.09815 -377.5165 -14.31366 -24.09815 -377.8551 -14.22571 -24.09815 -378.1834 -14.08209 -24.09815 -378.4915 -13.88708 -24.09815 -378.7699 -13.64673 -24.09815 -379.0103 -13.36829 -24.09815 -379.2052 14.62415 -13.59814 -352.4297 14.5191 -13.59814 -351.976 14.34393 -13.59814 -351.5446 14.10303 -13.59814 -351.146 13.80243 -13.59814 -350.7904 13.44965 -13.59814 -350.4864 13.05341 -13.59814 -350.2418 12.6236 -13.59814 -350.0626 12.1709 -13.59814 -349.9532 0.8566895 -13.59814 -415.2665 0.8566895 -13.59814 -414.7665 -1.543335 -13.59814 -414.7665 -1.543335 -13.59814 -415.2665 -14.34332 -24.19818 -377.5165 -14.31366 -24.19818 -377.8551 -14.22571 -24.19818 -378.1834 -14.08209 -24.19818 -378.4915 -13.88708 -24.19818 -378.7699 -13.64673 -24.19818 -379.0103 -13.36829 -24.19818 -379.2052 -13.06024 -24.19818 -379.3489 -12.73193 -24.19818 -379.4368 -12.39331 -24.19818 -379.4664 -12.05469 -24.19818 -379.4368 -11.72638 -24.19818 -379.3489 -11.41833 -24.19818 -379.2052 -11.13989 -24.19818 -379.0103 -10.89954 -24.19818 -378.7699 -10.70459 -24.19818 -378.4915 -10.56091 -24.19818 -378.1834 -10.47296 -24.19818 -377.8551 -10.4433 -24.19818 -377.5165 -10.47296 -24.19818 -377.1779 -10.56091 -24.19818 -376.8495 -10.70459 -24.19818 -376.5415 -10.89954 -24.19818 -376.263 -11.13989 -24.19818 -376.0227 -11.41833 -24.19818 -375.8277 -11.72638 -24.19818 -375.6841 -12.05469 -24.19818 -375.5961 -12.39331 -24.19818 -375.5665 -12.73193 -24.19818 -375.5961 -13.06024 -24.19818 -375.6841 -13.36829 -24.19818 -375.8277 -13.64673 -24.19818 -376.0227 -13.88708 -24.19818 -376.263 -14.08209 -24.19818 -376.5415 -14.22571 -24.19818 -376.8495 -14.31366 -24.19818 -377.1779 -14.34332 -24.19818 -412.3165 -14.31366 -24.19818 -412.6551 -14.22571 -24.19818 -412.9834 -14.08209 -24.19818 -413.2915 -13.88708 -24.19818 -413.5699 -13.64673 -24.19818 -413.8103 -13.36829 -24.19818 -414.0052 -13.06024 -24.19818 -414.1489 -12.73193 -24.19818 -414.2368 -12.39331 -24.19818 -414.2665 -12.05469 -24.19818 -414.2368 -11.72638 -24.19818 -414.1489 -11.41833 -24.19818 -414.0052 -11.13989 -24.19818 -413.8103 -10.89954 -24.19818 -413.5699 -10.70459 -24.19818 -413.2915 -10.56091 -24.19818 -412.9834 -10.47296 -24.19818 -412.6551 -10.4433 -24.19818 -412.3165 -10.47296 -24.19818 -411.9779 -10.56091 -24.19818 -411.6495 -10.70459 -24.19818 -411.3414 -10.89954 -24.19818 -411.0631 -11.13989 -24.19818 -410.8227 -11.41833 -24.19818 -410.6277 -11.72638 -24.19818 -410.4841 -12.05469 -24.19818 -410.3961 -12.39331 -24.19818 -410.3665 -12.73193 -24.19818 -410.3961 -13.06024 -24.19818 -410.4841 -13.36829 -24.19818 -410.6277 -13.64673 -24.19818 -410.8227 -13.88708 -24.19818 -411.0631 -14.08209 -24.19818 -411.3414 -14.22571 -24.19818 -411.6495 -14.31366 -24.19818 -411.9779 9.756714 -24.19818 -352.8665 9.786316 -24.19818 -353.2051 9.874268 -24.19818 -353.5334 10.01794 -24.19818 -353.8414 10.21289 -24.19818 -354.1199 10.45325 -24.19818 -354.3602 10.73169 -24.19818 -354.5552 11.03973 -24.19818 -354.6989 11.36804 -24.19818 -354.7868 11.70666 -24.19818 -354.8165 12.04529 -24.19818 -354.7868 12.3736 -24.19818 -354.6989 12.6817 -24.19818 -354.5552 12.96014 -24.19818 -354.3602 13.2005 -24.19818 -354.1199 13.39545 -24.19818 -353.8414 13.53906 -24.19818 -353.5334 13.62707 -24.19818 -353.2051 13.65668 -24.19818 -352.8665 13.62707 -24.19818 -352.5278 13.53906 -24.19818 -352.1995 13.39545 -24.19818 -351.8915 13.2005 -24.19818 -351.613 12.96014 -24.19818 -351.3727 12.6817 -24.19818 -351.1777 12.3736 -24.19818 -351.0341 12.04529 -24.19818 -350.9461 11.70666 -24.19818 -350.9165 11.36804 -24.19818 -350.9461 11.03973 -24.19818 -351.0341 10.73169 -24.19818 -351.1777 10.45325 -24.19818 -351.3727 10.21289 -24.19818 -351.613 10.01794 -24.19818 -351.8915 9.874268 -24.19818 -352.1995 9.786316 -24.19818 -352.5278 9.756714 -24.19818 -377.5165 9.786316 -24.19818 -377.8551 9.874268 -24.19818 -378.1834 10.01794 -24.19818 -378.4915 10.21289 -24.19818 -378.7699 10.45325 -24.19818 -379.0103 10.73169 -24.19818 -379.2052 11.03973 -24.19818 -379.3489 11.36804 -24.19818 -379.4368 11.70666 -24.19818 -379.4664 12.04529 -24.19818 -379.4368 12.3736 -24.19818 -379.3489 12.6817 -24.19818 -379.2052 12.96014 -24.19818 -379.0103 13.2005 -24.19818 -378.7699 13.39545 -24.19818 -378.4915 13.53906 -24.19818 -378.1834 13.62707 -24.19818 -377.8551 13.65668 -24.19818 -377.5165 13.62707 -24.19818 -377.1779 13.53906 -24.19818 -376.8495 13.39545 -24.19818 -376.5415 13.2005 -24.19818 -376.263 12.96014 -24.19818 -376.0227 12.6817 -24.19818 -375.8277 12.3736 -24.19818 -375.6841 12.04529 -24.19818 -375.5961 11.70666 -24.19818 -375.5665 11.36804 -24.19818 -375.5961 11.03973 -24.19818 -375.6841 10.73169 -24.19818 -375.8277 10.45325 -24.19818 -376.0227 10.21289 -24.19818 -376.263 10.01794 -24.19818 -376.5415 9.874268 -24.19818 -376.8495 9.786316 -24.19818 -377.1779 9.756714 -24.19818 -412.3165 9.786316 -24.19818 -412.6551 9.874268 -24.19818 -412.9834 10.01794 -24.19818 -413.2915 10.21289 -24.19818 -413.5699 10.45325 -24.19818 -413.8103 10.73169 -24.19818 -414.0052 11.03973 -24.19818 -414.1489 11.36804 -24.19818 -414.2368 11.70666 -24.19818 -414.2665 12.04529 -24.19818 -414.2368 12.3736 -24.19818 -414.1489 12.6817 -24.19818 -414.0052 12.96014 -24.19818 -413.8103 13.2005 -24.19818 -413.5699 13.39545 -24.19818 -413.2915 13.53906 -24.19818 -412.9834 13.62707 -24.19818 -412.6551 13.65668 -24.19818 -412.3165 13.62707 -24.19818 -411.9779 13.53906 -24.19818 -411.6495 13.39545 -24.19818 -411.3414 13.2005 -24.19818 -411.0631 12.96014 -24.19818 -410.8227 12.6817 -24.19818 -410.6277 12.3736 -24.19818 -410.4841 12.04529 -24.19818 -410.3961 11.70666 -24.19818 -410.3665 11.36804 -24.19818 -410.3961 11.03973 -24.19818 -410.4841 10.73169 -24.19818 -410.6277 10.45325 -24.19818 -410.8227 10.21289 -24.19818 -411.0631 10.01794 -24.19818 -411.3414 9.874268 -24.19818 -411.6495 9.786316 -24.19818 -411.9779 -14.34332 -24.19818 -352.8665 -14.31366 -24.19818 -353.2051 -14.22571 -24.19818 -353.5334 -14.08209 -24.19818 -353.8414 -13.88708 -24.19818 -354.1199 -13.64673 -24.19818 -354.3602 -13.36829 -24.19818 -354.5552 -13.06024 -24.19818 -354.6989 -12.73193 -24.19818 -354.7868 -12.39331 -24.19818 -354.8165 -12.05469 -24.19818 -354.7868 -11.72638 -24.19818 -354.6989 -11.41833 -24.19818 -354.5552 -11.13989 -24.19818 -354.3602 -10.89954 -24.19818 -354.1199 -10.70459 -24.19818 -353.8414 -10.56091 -24.19818 -353.5334 -10.47296 -24.19818 -353.2051 -10.4433 -24.19818 -352.8665 -10.47296 -24.19818 -352.5278 -10.56091 -24.19818 -352.1995 -10.70459 -24.19818 -351.8915 -10.89954 -24.19818 -351.613 -11.13989 -24.19818 -351.3727 -11.41833 -24.19818 -351.1777 -11.72638 -24.19818 -351.0341 -12.05469 -24.19818 -350.9461 -12.39331 -24.19818 -350.9165 -12.73193 -24.19818 -350.9461 -13.06024 -24.19818 -351.0341 -13.36829 -24.19818 -351.1777 -13.64673 -24.19818 -351.3727 -13.88708 -24.19818 -351.613 -14.08209 -24.19818 -351.8915 -14.22571 -24.19818 -352.1995 -14.31366 -24.19818 -352.5278 -1.543335 -15.3327 -415.2665 0.8566895 -15.3327 -415.2665 0.8566895 -15.3327 -414.7665 -1.543335 -15.3327 -414.7665 10.50671 -10.49817 -397.2665 10.50671 -10.49817 -398.0665 10.50671 -12.2182 -398.0665 10.50671 -13.09454 -400.857 10.50671 -12.81842 -401.1331 10.50671 -13.09454 -401.4093 10.50671 -13.09454 -398.8665 10.50671 -13.59814 -406.3013 10.50671 -13.09454 -403.1237 10.50671 -10.49817 -406.4664 10.50671 -10.49817 -407.2665 10.50671 -12.3642 -406.4664 10.50671 -12.7171 -407.2665 10.50671 -13.09454 -405.6665 10.50671 -13.09454 -403.6759 10.50671 -12.81842 -403.3998 14.65668 -13.09454 -403.6759 14.65668 -13.59814 -406.3013 14.65668 -10.49817 -398.0665 14.65668 -10.49817 -397.2665 14.65668 -12.2182 -398.0665 14.65668 -13.09454 -398.8665 14.65668 -13.09454 -400.857 14.65668 -10.49817 -407.2665 14.65668 -10.49817 -406.4664 14.65668 -12.7171 -407.2665 14.65668 -12.3642 -406.4664 14.65668 -13.09454 -405.6665 14.65668 -12.81842 -401.1331 14.65668 -13.09454 -401.4093 14.65668 -13.09454 -403.1237 14.65668 -12.81842 -403.3998 10.50671 -10.11804 -398.0665 10.50671 -10.11804 -397.2665 10.50671 -9.398194 -398.0665 10.50671 -9.398194 -406.4664 10.50671 -10.11804 -406.4664 10.50671 -10.11804 -407.2665 14.65668 -10.11804 -406.4664 14.65668 -10.11804 -407.2665 14.65668 -9.398194 -406.4664 14.65668 -9.398194 -398.0665 14.65668 -10.11804 -398.0665 14.65668 -10.11804 -397.2665 10.50671 -12.62946 -399.5998 10.50671 -11.82947 -399.5998 10.50671 -12.62946 -400.3998 10.50671 -11.82947 -400.3998 14.65668 -11.82947 -399.5998 14.65668 -12.62946 -399.5998 14.65668 -11.82947 -400.3998 14.65668 -12.62946 -400.3998 10.50671 -12.62946 -401.8665 10.50671 -11.82947 -401.8665 10.50671 -12.62946 -402.6665 10.50671 -11.82947 -402.6665 14.65668 -11.82947 -401.8665 14.65668 -12.62946 -401.8665 14.65668 -11.82947 -402.6665 14.65668 -12.62946 -402.6665 10.50671 -12.62946 -404.1331 10.50671 -11.82947 -404.1331 10.50671 -12.62946 -404.9331 10.50671 -11.82947 -404.9331 14.65668 -11.82947 -404.1331 14.65668 -12.62946 -404.1331 14.65668 -11.82947 -404.9331 14.65668 -12.62946 -404.9331 -11.1933 -13.09454 -403.6759 -11.1933 -13.59814 -406.3013 -11.1933 -10.49817 -398.0665 -11.1933 -10.49817 -397.2665 -11.1933 -12.2182 -398.0665 -11.1933 -13.09454 -398.8665 -11.1933 -13.09454 -400.857 -11.1933 -10.49817 -407.2665 -11.1933 -10.49817 -406.4664 -11.1933 -12.7171 -407.2665 -11.1933 -12.3642 -406.4664 -11.1933 -13.09454 -405.6665 -11.1933 -12.81842 -401.1331 -11.1933 -13.09454 -401.4093 -11.1933 -13.09454 -403.1237 -11.1933 -12.81842 -403.3998 -15.34332 -10.49817 -397.2665 -15.34332 -10.49817 -398.0665 -15.34332 -12.2182 -398.0665 -15.34332 -13.09454 -400.857 -15.34332 -12.81842 -401.1331 -15.34332 -13.09454 -401.4093 -15.34332 -13.09454 -398.8665 -15.34332 -13.59814 -406.3013 -15.34332 -13.09454 -403.1237 -15.34332 -10.49817 -406.4664 -15.34332 -10.49817 -407.2665 -15.34332 -12.3642 -406.4664 -15.34332 -12.7171 -407.2665 -15.34332 -13.09454 -405.6665 -15.34332 -13.09454 -403.6759 -15.34332 -12.81842 -403.3998 -11.1933 -10.11804 -406.4664 -11.1933 -10.11804 -407.2665 -11.1933 -9.398194 -406.4664 -11.1933 -9.398194 -398.0665 -11.1933 -10.11804 -398.0665 -11.1933 -10.11804 -397.2665 -15.34332 -10.11804 -398.0665 -15.34332 -10.11804 -397.2665 -15.34332 -9.398194 -398.0665 -15.34332 -9.398194 -406.4664 -15.34332 -10.11804 -406.4664 -15.34332 -10.11804 -407.2665 -11.1933 -11.82947 -399.5998 -11.1933 -12.62946 -399.5998 -11.1933 -11.82947 -400.3998 -11.1933 -12.62946 -400.3998 -15.34332 -12.62946 -399.5998 -15.34332 -11.82947 -399.5998 -15.34332 -12.62946 -400.3998 -15.34332 -11.82947 -400.3998 -11.1933 -11.82947 -401.8665 -11.1933 -12.62946 -401.8665 -11.1933 -11.82947 -402.6665 -11.1933 -12.62946 -402.6665 -15.34332 -12.62946 -401.8665 -15.34332 -11.82947 -401.8665 -15.34332 -12.62946 -402.6665 -15.34332 -11.82947 -402.6665 -11.1933 -11.82947 -404.1331 -11.1933 -12.62946 -404.1331 -11.1933 -11.82947 -404.9331 -11.1933 -12.62946 -404.9331 -15.34332 -12.62946 -404.1331 -15.34332 -11.82947 -404.1331 -15.34332 -12.62946 -404.9331 -15.34332 -11.82947 -404.9331 11.50671 -13.59814 -407.2665 11.50671 -8.598145 -407.2665 11.50671 -13.59814 -397.2665 11.50671 -8.598145 -397.2665 -12.1933 -8.598145 -407.2665 -12.1933 -13.59814 -407.2665 -12.1933 -8.598145 -397.2665 -12.1933 -13.59814 -397.2665</float_array>
          <technique_common>
            <accessor source="#ID2_001-mesh-positions-array" count="6518" stride="3">
              <param name="X" type="float"/>
              <param name="Y" type="float"/>
              <param name="Z" type="float"/>
            </accessor>
          </technique_common>
        </source>
        <source id="ID2_001-mesh-normals">
          <float_array id="ID2_001-mesh-normals-array" count="17493">0.5773666 -0.5773547 0.5773296 -0.5773549 -0.5773529 0.577343 0.5369079 -0.8099018 0.2361975 -0.7172651 -0.6302855 -0.2971041 0.2182349 -0.7985059 0.5610364 -0.2971205 -0.6302595 -0.7172813 -0.2250216 -0.8026636 0.5523555 0.2971113 -0.6302695 -0.7172763 -0.5458481 -0.8057393 0.2298568 0.7172769 -0.6302666 -0.297116 -0.577355 -0.5773529 0.5773431 -0.577364 0.5773559 0.577331 0.5773545 0.5773531 0.5773433 -0.5458502 0.8057371 0.2298598 0.7172756 0.6302732 -0.2971051 -0.2250174 0.802662 0.5523595 0.2971203 0.6302616 -0.7172796 0.2182392 0.798508 0.5610318 -0.2971088 0.6302681 -0.7172786 0.5368984 0.809911 0.2361869 -0.7172779 0.6302652 -0.2971165 0.5773546 0.5773531 0.5773434 -0.577364 0.5773559 0.577331 -0.675933 0.1191993 0.7272594 -0.6863448 -6.01304e-7 0.7272763 -0.6759341 -0.1191992 0.7272584 -0.6449665 0.2347388 0.7272661 -0.5944081 0.3431706 0.7272641 -0.5257723 0.44118 0.7272714 0.525781 -0.4411839 0.7272628 0.5943972 -0.3431887 0.7272645 0.6449605 -0.2347464 0.7272689 0.441177 0.525771 0.7272742 0.3431772 0.5944164 0.7272542 0.2347556 0.6449602 0.7272663 0.5257861 0.4411713 0.7272667 0.594406 0.3431882 0.7272575 0.6449545 0.2347518 0.7272725 0.4411755 -0.5257723 0.7272742 0.3431753 -0.5944174 0.7272542 0.2347536 -0.6449608 0.7272664 -0.4411795 0.525781 0.7272655 -0.3431832 0.594408 0.7272582 -0.2347481 0.6449609 0.727268 0.6759298 0.1191765 0.727266 0.6863602 -2.64709e-6 0.7272618 0.6759298 -0.11918 0.7272655 -0.5257689 -0.4411904 0.7272676 -0.5944009 -0.3431681 0.7272711 -0.6449736 -0.2347301 0.7272626 -0.1191725 0.6759235 0.7272725 -8.39894e-7 0.6863721 0.7272506 0.1191774 0.6759201 0.727275 0.1191954 -0.6759242 0.7272682 -2.62912e-6 -0.6863576 0.7272643 -0.1191943 -0.675927 0.7272658 -0.2347501 -0.6449603 0.727268 -0.343185 -0.5944071 0.7272581 -0.4411807 -0.5257799 0.7272656 -0.7193113 -0.6936998 0.03703886 -0.5773503 -0.5773503 0.5773503 -0.5831539 0.5429836 0.6042355 -0.9045357 0.3015067 0.3015114 -0.5773686 0.577339 0.5773434 -0.7269908 -0.4365248 0.5300289 -0.7269977 -0.5209125 0.4473527 -0.7270035 0.6739053 0.1315966 -0.7269831 0.6413941 0.2451716 -0.7269778 0.5899041 0.3514492 -0.7269979 0.5209127 0.4473524 -0.7269909 0.4365248 0.5300287 -0.7269814 0.3392401 0.5970045 -0.7269728 -0.589901 0.3514648 -0.7270014 -0.6413763 0.2451643 -0.7269961 -0.6739158 0.1315833 -0.726978 -0.1176668 0.676504 -0.7270004 -0.2318726 0.6463016 -0.7269815 -0.3392395 0.5970047 -0.7270003 0.2318731 0.6463015 -0.726988 0.1176644 0.6764937 -0.726983 -1.66394e-6 0.6866556 0.6449537 0.2347529 -0.7272728 0.5944064 0.34319 -0.7272563 0.525784 0.4411727 -0.7272674 -0.5944105 0.3431697 -0.7272625 -0.6449668 0.2347368 -0.7272665 -0.6759325 0.1191973 -0.7272601 -0.6863495 -2.80719e-6 -0.7272719 -0.6759328 -0.1192011 -0.7272593 -0.6449725 -0.2347312 -0.7272633 -0.5944015 -0.3431701 -0.7272697 -0.5257675 -0.4411914 -0.727268 0.4411756 0.5257732 -0.7272734 0.3431763 0.5944169 -0.7272542 0.2347538 0.6449602 -0.7272668 -0.4411792 -0.5257822 -0.7272648 -0.3431836 -0.5944076 -0.7272583 -0.2347483 -0.6449603 -0.7272685 0.1191977 -0.6759238 -0.7272682 -8.13736e-7 -0.686358 -0.7272639 -0.1191929 -0.6759272 -0.7272658 0.6449606 -0.2347445 -0.7272695 0.6759294 -0.1191782 -0.7272662 0.6863641 -7.91681e-7 -0.7272582 0.6759285 0.1191783 -0.727267 -0.2347493 0.6449597 -0.7272686 -0.3431855 0.5944067 -0.7272582 0.1191759 0.6759203 -0.727275 -2.65367e-6 0.6863726 -0.7272501 -0.1191745 0.6759232 -0.7272725 -0.4411808 0.525781 -0.7272646 -0.5257725 0.4411786 -0.7272721 0.2347556 -0.6449596 -0.7272667 0.3431772 -0.5944162 -0.7272543 0.4411765 -0.5257723 -0.7272737 0.5257817 -0.4411824 -0.7272632 0.594399 -0.3431877 -0.7272633 -0.7269787 -0.1176663 0.6765034 -0.7270017 -0.2318713 0.6463005 -0.583154 0.5429835 0.6042354 -0.9045356 0.3015068 0.3015115 -0.7270033 0.6739054 0.1315966 -0.7269836 0.6413937 0.2451714 -0.7269784 0.5899035 0.3514489 -0.7269795 -0.3392397 0.5970069 -0.7269914 -0.4365237 0.5300289 -0.7269952 -0.5209168 0.4473521 -0.7269734 -0.5899004 0.3514645 -0.7270018 -0.6413757 0.2451644 -0.7269951 0.5209171 0.4473516 -0.7269914 0.436524 0.5300285 -0.7269795 0.3392401 0.5970067 -0.7270015 0.2318724 0.6463003 -0.7269858 0.1176647 0.676496 -0.7269821 -1.47434e-6 0.6866565 0.5773503 0.5773503 0.5773503 0.9045401 0.3014946 0.3015101 0.726973 -0.5899012 0.351464 0.7269973 -0.5209136 0.4473524 0.7270013 0.2318708 0.6463012 0.7269799 0.3392413 0.5970057 0.5773684 -0.5773389 0.5773436 0.719303 -0.6937085 0.03703814 0.7270048 -0.6739069 0.131581 0.7269944 -0.6413832 0.2451668 0.7269909 -0.4365252 0.5300284 0.72698 -0.3392409 0.5970056 0.7270011 -0.2318718 0.6463009 0.5831544 0.5429813 0.604237 0.7270004 0.6739084 0.1315977 0.7269837 0.6413934 0.2451721 0.7269785 0.5899032 0.3514494 0.7269783 -0.1176676 0.6765035 0.7269928 -1.64103e-6 0.6866451 0.7269788 0.1176652 0.6765034 0.7269907 0.4365252 0.5300286 0.726997 0.5209139 0.4473525 0.7269734 -0.5899004 0.3514642 0.7269952 -0.5209169 0.4473518 0.7270016 0.2318713 0.6463005 0.7269793 0.3392404 0.5970068 0.7270045 -0.6739072 0.131581 0.7269946 -0.6413831 0.2451667 0.7269914 -0.4365242 0.5300285 0.7269796 -0.3392398 0.5970068 0.7270017 -0.2318711 0.6463004 0.7269843 0.6413927 0.2451722 0.7269793 0.5899019 0.3514499 0.7269786 -0.1176665 0.6765033 0.7269908 -1.64104e-6 0.6866472 0.7269791 0.1176646 0.6765031 0.7269911 0.4365244 0.5300287 0.7269955 0.5209162 0.4473522 0.6759229 0.1191692 0.7272737 0.6863914 -6.45443e-6 0.7272323 -0.7159848 0.031273 0.6974151 0.5257366 -0.4412161 0.7272754 0.4411585 -0.5258425 0.7272338 0.6450243 -0.2347232 0.7272198 0.5944158 -0.343127 0.7272784 0.3431723 0.594429 0.7272462 0.5257328 -0.4412127 0.7272801 0.4411606 -0.5258397 0.7272346 -0.4664438 0.5559331 0.6880179 -0.5559141 0.4665045 0.6879921 -0.4411848 -0.5257874 0.7272576 -0.5257906 -0.4411889 0.7272528 0.03127378 0.716 0.6973995 -0.5944085 -0.3432077 0.7272462 -0.6449489 -0.2347042 0.7272928 -0.6863274 -7.50294e-6 0.7272927 -0.2347288 -0.6450011 0.7272387 -0.343131 -0.5944243 0.7272695 0.6449794 0.2347564 0.7272489 0.6759178 0.1191683 0.7272785 -0.4411874 -0.5257903 0.7272539 -0.525785 -0.4411843 0.7272597 0.5558972 0.4664973 0.6880107 -0.4411882 -0.5257911 0.727253 0.4664694 0.5559221 0.6880095 -0.3431293 -0.5944199 0.727274 -0.4411914 0.5257871 0.7272538 -0.3431381 0.5944224 0.7272677 0.3628548 -0.6284721 0.6880112 0.6863918 -6.45443e-6 0.727232 0.6759243 -0.1191754 0.7272714 -0.7159957 -0.03126943 0.6974041 0.6449996 -0.2347272 0.7272405 0.5944138 -0.3431287 0.7272792 0.525734 -0.4412134 0.727279 -0.3628548 0.628472 0.6880111 0.3431726 -0.5944164 0.7272563 -0.2482271 0.6819293 0.6880086 0.2347583 -0.6449813 0.7272466 -0.1260496 0.7146848 0.6879951 0.4411566 -0.5258414 0.7272356 0.3431658 -0.5944187 0.7272576 0.2347558 -0.6449818 0.7272471 -0.5944112 -0.3432093 0.7272433 -0.6449655 -0.2347096 0.7272764 0.715997 0.03127318 0.6974025 -0.6759735 -0.1191878 0.7272235 -0.6863324 -7.503e-6 0.7272881 -0.3431294 -0.5944228 0.7272714 -0.4411876 -0.5257916 0.7272529 0.03123176 -0.7159788 0.6974232 -0.5944405 0.3432108 0.7272186 -0.525808 0.441142 0.7272686 0.594456 0.3431371 0.7272408 0.6449912 0.2347607 0.7272371 0.6759173 0.119168 0.7272791 0.6759188 -0.1191743 0.7272767 0.6450117 -0.2347298 0.7272289 -0.714684 0.1260182 0.6880016 0.594426 -0.3431314 0.7272679 -0.6819621 0.2481871 0.6879905 -0.6284983 0.3628455 0.687992 -0.03127396 0.715992 0.6974077 0.1192563 -0.675942 0.7272416 -5.47359e-6 -0.686324 0.727296 -0.1192624 -0.6759439 0.7272389 -0.2347268 -0.6449974 0.7272426 -0.3431271 -0.5944162 0.7272779 -0.6449578 -0.2347078 0.7272838 0.4411544 0.5258401 0.7272379 0.362851 0.6284703 0.6880148 0.2482283 0.6819294 0.688008 -0.2347304 -0.6450101 0.7272302 0.1260513 0.7146903 0.687989 -0.1192595 -0.6759417 0.7272413 -4.90499e-6 -0.686324 0.727296 -0.6759803 -0.1191889 0.7272171 -0.6863331 -7.503e-6 0.7272874 0.7159793 -0.03126913 0.6974209 0.2482271 -0.6819294 0.6880085 -0.2347308 0.6450045 0.7272349 0.1260101 -0.7147037 0.6879826 -0.4411855 0.5257868 0.7272576 -0.343124 0.594409 0.7272853 -0.03123146 -0.7159748 0.6974273 -0.2347304 0.6450052 0.7272344 -0.1191797 0.675929 0.7272663 0.5257495 0.4411685 0.7272949 -0.5559352 -0.4664906 0.6879845 0.4411581 0.5258434 0.7272334 -0.4664411 -0.555935 0.6880183 0.3431648 0.5944138 0.7272623 -0.7146827 -0.1260154 0.6880034 -0.681959 -0.2482068 0.6879865 -0.6284915 -0.3628346 0.688004 0.3431684 -0.5944179 0.7272571 0.2347612 -0.6449849 0.7272425 -0.644987 0.2347198 0.7272541 0.1192537 -0.6759276 0.7272554 -0.6759856 0.1191807 0.7272135 -6.71231e-6 -0.6863468 0.7272744 -0.1192605 -0.675936 0.7272465 -0.5944304 0.3432091 0.7272276 -0.5257984 0.441136 0.7272793 0.1191659 0.6759173 0.7272794 0.234754 0.6449797 0.7272495 0.3431649 0.5944191 0.7272578 0.441156 0.5258423 0.7272354 -0.6759845 -0.1191896 0.7272132 -0.6759498 -0.1191835 0.7272464 -6.55383e-6 0.6863834 0.72724 0.1191644 0.675924 0.7272735 0.6863894 -6.45443e-6 0.7272342 0.6759296 -0.1191759 0.7272663 0.6450052 -0.2347283 0.7272351 0.3431598 -0.5944098 0.7272678 0.2347584 -0.6449821 0.7272459 0.1192569 -0.6759425 0.727241 0.7146821 0.1260187 0.6880035 0.6819617 0.2481879 0.6879906 0.6284893 0.362881 0.6879816 -0.5257883 -0.4411868 0.7272558 -0.5944045 -0.3432049 0.7272508 -0.6449541 -0.2347041 0.7272883 -0.6759728 0.1191794 0.7272256 -0.6449365 0.2347347 0.7272941 0.7146848 -0.1260149 0.6880015 -0.594442 0.3432123 0.7272167 0.6819594 -0.248206 0.6879864 -0.525802 0.4411375 0.7272758 -8.35123e-6 0.6863822 0.727241 0.1191688 0.6759256 0.7272712 -0.1260101 -0.7147092 0.6879769 0.2347593 0.6449866 0.7272416 -0.2482262 -0.6819297 0.6880086 -0.3628502 -0.6284705 0.688015 0.3431627 0.5944097 0.7272665 0.4411529 0.5258364 0.7272416 0.5257527 0.4411711 0.7272911 0.5944559 0.3431372 0.7272408 0.6449822 0.2347573 0.7272463 0.6759143 0.1191677 0.7272819 0.686394 -6.45447e-6 0.7272299 0.6758779 -0.1191831 0.7273132 0.5944159 -0.3431269 0.7272784 0.5257394 -0.4412192 0.7272714 0.4411457 -0.5258391 0.7272439 0.4664722 -0.5559201 0.6880092 0.5559192 -0.4664821 0.6880032 0.6284829 -0.3628687 0.6879938 -0.1191776 0.6759287 0.727267 0.5257476 0.4411683 0.7272964 0.594454 0.3431364 0.7272427 0.6449767 0.2347559 0.7272515 -0.5257804 -0.4411803 0.7272655 -0.5944123 -0.3432105 0.7272418 0.5944568 0.3431378 0.7272398 0.5257448 0.4411645 0.7273008 0.2347549 0.6449816 0.7272474 -0.6863357 -7.50303e-6 0.727285 -0.6759789 0.1191803 0.7272198 -0.6449263 0.2347307 0.7273043 -0.4411848 0.5257867 0.7272582 -0.3431302 0.594425 0.7272693 -0.2347291 0.6450079 0.7272326 -0.6759791 0.1191805 0.7272196 -0.6449354 0.2347344 0.7272951 -0.5944303 0.3432083 0.7272282 -0.5258001 0.4411371 0.7272774 -0.4411868 0.5257892 0.7272552 -0.3431304 0.5944251 0.7272692 -0.2347284 -0.6450042 0.727236 -0.2347311 0.6450045 0.727235 -0.119258 -0.6759324 0.7272503 -0.1191782 0.6759162 0.7272785 -6.46059e-6 -0.6863373 0.7272834 -7.46574e-6 0.686396 0.7272281 0.1192516 -0.6759304 0.7272533 0.11917 0.675916 0.72728 0.2347573 0.6449806 0.7272476 -0.119174 0.6759163 0.727279 -7.38401e-6 0.6863926 0.7272312 0.7159904 0.0312733 -0.6974093 0.7146831 0.126018 -0.6880026 0.681955 0.248184 -0.6879986 0.628489 0.3628804 -0.6879823 0.5558995 0.4664982 -0.6880081 0.4664786 0.5559264 -0.6879997 0.3628675 0.6284945 -0.6879839 0.2482281 0.6819326 -0.688005 0.1260492 0.7146813 -0.6879988 0.0312739 0.7160043 -0.697395 0.7159977 -0.03126955 -0.697402 0.03123068 -0.715988 -0.6974136 0.1260072 -0.7147068 -0.6879799 0.2482281 -0.681937 -0.6880005 0.3628534 -0.6284762 -0.6880082 0.466479 -0.5559316 -0.6879953 0.5559207 -0.4664844 -0.6880005 0.6284818 -0.3628697 -0.6879944 0.6819522 -0.2482036 -0.6879943 0.7146856 -0.1260156 -0.6880005 -0.7159864 -0.03126943 -0.6974137 -0.7146857 -0.1260144 -0.6880006 -0.6819534 -0.2482025 -0.6879935 -0.6284911 -0.362834 -0.6880047 -0.555938 -0.4664916 -0.6879815 -0.4664504 -0.5559393 -0.6880084 -0.3628674 -0.6284942 -0.6879843 -0.2482281 -0.6819326 -0.688005 -0.1260097 -0.7147001 -0.6879866 -0.03123092 -0.7159934 -0.6974082 -0.7160072 0.03127366 -0.697392 -0.031273 0.7159991 -0.6974004 -0.1260467 0.714688 -0.6879922 -0.2482281 0.681937 -0.6880006 -0.3628535 0.6284765 -0.6880078 -0.4664507 0.5559446 -0.688004 -0.5559167 0.4665066 -0.6879886 -0.6284985 0.362846 -0.6879916 -0.6819548 0.2481848 -0.6879986 -0.7146839 0.1260191 -0.6880016 -1.10233e-6 0.6863973 -0.7272268 0.1191776 0.675933 -0.727263 0.2347668 0.6449921 -0.7272343 0.3431714 0.5944233 -0.7272512 0.4411572 0.5258491 -0.7272298 0.5257561 0.4411773 -0.7272849 0.5944615 0.3431394 -0.7272352 0.6449934 0.2347605 -0.7272353 0.6759336 0.11917 -0.7272636 0.6863973 -7.48067e-6 -0.7272269 0.6759345 -0.1191784 -0.7272614 0.6450158 -0.2347339 -0.7272239 0.5944296 -0.3431361 -0.7272629 0.5257406 -0.4412236 -0.7272679 0.4411596 -0.5258487 -0.7272286 0.343171 -0.5944238 -0.727251 0.234767 -0.6449923 -0.7272341 0.1192591 -0.675948 -0.7272356 -7.45704e-6 -0.6863389 -0.7272819 -0.1192691 -0.6759491 -0.7272329 -0.2347391 -0.6450152 -0.7272228 -0.3431359 -0.5944295 -0.7272629 -0.4411872 -0.5257968 -0.7272494 -0.5257917 -0.4411932 -0.7272495 -0.5944216 -0.3432099 -0.7272346 -0.6449697 -0.2347089 -0.7272729 -0.675991 -0.1191897 -0.727207 -0.686339 -6.47368e-6 -0.7272819 -0.6759892 0.1191834 -0.7272096 -0.6449428 0.2347383 -0.7272873 -0.5944474 0.3432163 -0.7272104 -0.5258093 0.4411476 -0.7272644 -0.4411897 0.5257964 -0.7272482 -0.3431355 0.59443 -0.7272627 -0.2347394 0.6450155 -0.7272224 -0.1191758 0.6759349 -0.7272614 -0.1192691 -0.6759491 -0.727233 -1.10233e-6 0.6863973 -0.7272268 -0.6759892 0.1191834 -0.7272097 0.6277989 -0.3624033 -0.6888631 0.5552257 -0.4666543 -0.6884463 0.4664596 -0.5559456 -0.6879971 0.3628292 -0.6284816 -0.6880159 0.248225 -0.6819253 -0.6880133 0.1260478 -0.7146707 -0.68801 1.72252e-6 -0.7257042 -0.6880069 -0.1255192 -0.7144889 -0.6882954 -0.2485865 -0.6813911 -0.688412 -0.3628525 -0.6284735 -0.6880111 -0.4664719 -0.5559213 -0.6880084 -0.5558937 -0.4664906 -0.688018 -0.6284788 -0.3628734 -0.6879951 -0.6819444 -0.2481809 -0.6880102 -0.7146708 -0.1260154 -0.6880158 -0.7257079 -2.87141e-6 -0.688003 -0.7146722 0.1260136 -0.6880147 -0.6819434 0.2482007 -0.6880041 -0.6284705 0.3628636 -0.6880078 -0.5559121 0.466478 -0.6880116 -0.4664711 0.5559221 -0.6880082 -0.3628512 0.6284741 -0.6880111 -0.2482232 0.681926 -0.6880133 -0.1259185 0.714592 -0.6881155 -3.86295e-6 0.7256854 -0.6880267 0.1260062 0.7146948 -0.6879925 0.2482247 0.6819292 -0.6880095 0.3628298 0.628484 -0.6880134 0.4664612 0.5559461 -0.6879957 0.5559456 0.4664604 -0.6879965 0.6278303 0.3630935 -0.688471 0.681219 0.2479135 -0.6888248 0.7139275 0.1258733 -0.6888131 0.7249562 -3.82895e-6 -0.688795 0.713926 -0.1258767 -0.6888141 0.6812207 -0.2478958 -0.6888295 -0.126048 -0.7146758 -0.6880047 -0.2482247 -0.6819292 -0.6880096 -0.3628545 -0.6284775 -0.6880063 -0.4664746 -0.5559261 -0.6880028 -0.5558964 -0.4664941 -0.6880135 -0.6278309 -0.3631376 -0.6884472 -0.6812198 -0.2478961 -0.6888303 -0.7139263 -0.1258747 -0.6888142 -0.7249563 -3.83241e-6 -0.6887949 -0.7139278 0.1258714 -0.6888131 -0.6812191 0.2479136 -0.6888247 -0.62778 0.3624262 -0.6888684 -0.5552117 0.466663 -0.6884517 -0.4664738 0.5559247 -0.6880043 -0.3628535 0.6284753 -0.6880089 -0.2482249 0.6819252 -0.6880133 -0.1260085 0.7146896 -0.6879976 -4.73715e-6 0.7256808 -0.6880315 0.1254774 0.7145081 -0.6882832 0.2485865 0.6813912 -0.6884118 0.362828 0.6284797 -0.6880182 0.4664577 0.5559421 -0.6880012 0.5559432 0.4664564 -0.6880013 0.6284803 0.3628274 -0.688018 0.6819438 0.2481991 -0.6880043 0.7146725 0.126012 -0.6880148 0.7257079 -4.5058e-6 -0.688003 0.7146705 -0.1260171 -0.6880159 0.6819448 -0.2481821 -0.6880095 0.6284875 -0.3628399 -0.688005 0.5559222 -0.4664715 -0.6880078 0.466457 -0.555943 -0.688001 0.3628268 -0.6284805 -0.6880182 0.2482232 -0.681926 -0.6880132 0.1259578 -0.7145732 -0.6881278 8.05103e-7 -0.7257089 -0.688002 -0.1259185 0.7145919 -0.6881155 -3.85949e-6 0.7256855 -0.6880267 0.1260063 0.7146948 -0.6879925 0.2482247 0.6819292 -0.6880095 0.3628298 0.628484 -0.6880134 0.4664612 0.5559461 -0.6879957 0.7139275 0.1258733 -0.6888132 0.6812207 -0.2478958 -0.6888294 0.5552257 -0.4666543 -0.6884462 -0.1255192 -0.7144891 -0.6882953 -0.2485866 -0.6813912 -0.6884118 -0.2274557 0.549131 -0.8041884 -0.5491191 0.2274569 -0.8041962 0.5773655 -0.5773662 -0.5773192 -0.577334 0.5773501 -0.5773667 -0.5773631 0.5773715 -0.5773162 0.5491191 -0.2274569 -0.8041962 0.577334 -0.5773501 -0.5773667 -0.2274567 0.5491291 -0.8041895 -0.549128 0.2274552 -0.8041907 0.5773823 0.5773588 -0.5773099 -0.549131 -0.2274557 -0.8041884 -0.2274569 -0.5491191 -0.8041962 -0.5773501 -0.577334 -0.5773667 -0.5491293 -0.2274566 -0.8041895 -0.2274553 -0.549128 -0.8041907 0.2274557 -0.549131 -0.8041885 0.2274567 -0.5491291 -0.8041895 0.549128 -0.2274553 -0.8041907 -0.5773819 -0.5773681 -0.5773009 0.549131 0.2274557 -0.8041885 0.2274569 0.5491189 -0.8041965 0.2274551 0.549128 -0.8041906 0.5491288 0.2274566 -0.8041897 0.5773611 0.577345 -0.577345 0.1259578 -0.7145732 -0.6881278 7.91281e-7 -0.7257089 -0.688002 -0.126048 -0.7146758 -0.6880047 -0.2482247 -0.6819292 -0.6880096 -0.5552118 0.466663 -0.6884517 -0.1260085 0.7146896 -0.6879977 0.1254774 0.7145082 -0.6882831 0.2485866 0.6813913 -0.6884117 0.7146725 0.126012 -0.6880148 0.7146705 -0.126017 -0.6880159 0.3431695 -0.5944265 -0.7272495 0.4411607 -0.5257922 -0.7272688 0.4411588 0.5257924 -0.7272698 0.6863454 -2.71567e-6 -0.7272758 0.6759435 -0.1191868 -0.7272516 0.6449818 -0.2347285 -0.727256 0.5257869 0.4411554 -0.7272757 0.5944029 -0.3431611 -0.7272729 0.5257816 -0.4411798 -0.7272648 0.4411617 0.5257965 -0.7272651 0.5257965 0.4411642 -0.7272636 -0.2041822 0.518352 -0.8304343 -0.2487928 0.4507592 -0.8572739 0.525789 -0.4411861 -0.7272557 0.5944138 -0.3431674 -0.727261 0.5944169 0.3431643 -0.7272599 0.6449726 0.2347448 -0.7272588 0.6759409 0.1191849 -0.7272544 -0.3678861 0.08034092 -0.9263938 -0.3702068 0.04010379 -0.9280834 0.6759461 0.1191819 -0.72725 0.6449673 0.2347417 -0.7272645 0.5944086 0.3431671 -0.7272652 0.6449691 -0.2347244 -0.7272684 0.6759454 -0.1191874 -0.7272498 0.6863449 -2.71567e-6 -0.7272763 -0.2852545 -0.3788252 -0.8804098 -0.2487934 -0.4507606 -0.857273 -0.2041835 -0.5183576 -0.8304304 0.3431717 -0.5944283 -0.7272471 -0.3768531 0.01026839 -0.9262161 0.2547625 -0.6422818 -0.7228902 0.03796833 -0.7801028 -0.6244982 -0.3768559 -0.01026052 -0.9262152 -0.370201 -0.04009503 -0.9280861 -0.02083933 0.9993414 -0.02970856 -0.08943897 0.6366254 -0.7659692 -0.1510882 0.580874 -0.7998487 0.2648948 0.6440663 -0.7176415 0.03049033 0.7903262 -0.6119272 0.0379737 -0.7801092 -0.62449 -0.1511175 -0.5808817 -0.7998375 -0.08937925 -0.6367185 -0.7658988 -0.0207374 -0.9993478 -0.02956223 0.4411554 -0.5257867 -0.727276 0.3431659 0.5944278 -0.7272502 0.2547578 -0.6422836 -0.7228902 0.03057712 0.7903246 -0.6119248 0.2649538 0.6440605 -0.717625 0.3431683 0.5944272 -0.7272495 -0.3678805 -0.08033943 -0.926396 -0.3638214 -0.1205211 -0.9236389 -0.358361 0.160463 -0.9196897 -0.363956 0.1204605 -0.9235938 -0.3582195 -0.1603001 -0.9197732 -0.3510931 -0.2002637 -0.9146738 -0.3419668 0.2396665 -0.9086356 -0.3511639 0.2002391 -0.9146521 -0.2852579 0.3788257 -0.8804085 -0.3128381 0.320623 -0.8940544 -0.3311262 0.2792032 -0.9013329 -0.3418856 -0.2395372 -0.9087004 -0.3310921 -0.2792149 -0.9013419 -0.3127979 -0.3205473 -0.8940956 -0.8601936 0.3078643 -0.4065547 -0.8890612 0.2210586 -0.4008783 -0.8759658 0.2647371 -0.4032347 -0.9080265 0.1328966 -0.397274 -0.8999086 0.1770972 -0.3984987 -0.9172853 0.04433113 -0.3957555 -0.9138409 0.0886628 -0.3962748 -0.9173402 -0.04427325 -0.3956349 -0.9183404 -8.56324e-5 -0.3957915 -0.9080222 -0.1328815 -0.3972885 -0.9138357 -0.08866077 -0.3962873 -0.8891093 -0.2210842 -0.4007574 -0.8998554 -0.1770803 -0.3986263 -0.838616 -0.3508777 -0.416663 -0.8597358 -0.3081298 -0.407321 -0.8759644 -0.2647079 -0.4032571 -0.8029953 -0.4157954 -0.426981 -0.751025 -0.4929461 -0.4392784 -0.6884746 -0.5642962 -0.4556015 -0.6155193 -0.627772 -0.4764854 -0.5323387 -0.6811434 -0.5026522 -0.4393262 -0.7223526 -0.5340405 -0.8383728 0.3528908 -0.4154505 -0.8029955 0.4157981 -0.4269782 -0.7510046 0.4929948 -0.4392587 -0.6884881 0.5642932 -0.4555847 -0.6155147 0.6277524 -0.4765172 -0.5322685 0.6812607 -0.5025677 -0.4393865 0.7222934 -0.5340709 -0.301518 -0.3015304 -0.9045255 -0.3015324 0.3015327 -0.90452 2.32033e-7 -0.7272335 -0.6863902 0.6449691 -0.7272796 -0.23469 0.5943205 -0.7272905 -0.3432663 -0.1190786 -0.7272441 -0.6759707 -0.2346769 -0.7272877 -0.6449647 -0.3432276 -0.7272801 -0.5943556 -0.4412817 -0.7272539 -0.5257112 -0.5258225 -0.7272328 -0.4411838 -0.5943793 -0.727266 -0.3432165 -0.6759257 -0.7272721 0.1191627 -0.6449705 -0.7272514 0.2347731 -0.5944547 -0.7272375 0.343146 -0.525748 -0.7273066 0.441151 -0.441213 -0.7272119 0.5258269 -0.3432204 -0.7272826 0.5943567 -0.2346881 -0.7272821 0.6449669 0.1190784 -0.7272416 0.6759735 0.301532 -0.3015332 -0.9045199 -2.32031e-7 -0.7272359 0.6863876 -0.119088 -0.7272441 0.675969 0.5257974 -0.7272087 -0.4412534 0.4412757 -0.7272538 -0.5257164 0.3432222 -0.7272809 -0.5943577 0.2346861 -0.727288 -0.6449611 0.1190877 -0.7272435 -0.6759697 -0.6449707 -0.7272514 -0.234773 -0.6759096 -0.7272896 -0.1191469 -0.6863896 -0.727234 1.55233e-5 0.2346794 -0.7272834 0.6449686 0.343227 -0.7272843 0.5943508 0.4412183 -0.7272106 0.5258244 0.525722 -0.727282 0.4412226 0.5943974 -0.727262 0.3431935 0.6449695 -0.7272799 0.2346875 0.6759855 -0.7272143 0.1191769 0.6863172 -0.7273024 1.56572e-5 0.6759801 -0.7272225 -0.1191574 0.3015177 0.3015313 -0.9045253 -0.6449702 0.7272512 -0.2347746 -0.5943798 0.7272673 -0.3432129 -0.5258205 0.7272326 -0.4411865 0.2346908 0.7272881 -0.6449592 0.343227 0.7272795 -0.5943566 -0.4412845 0.7272537 -0.5257092 -0.3432267 0.727281 -0.5943549 -0.2346746 0.7272873 -0.6449659 -0.4412195 0.7272114 0.5258222 -0.3432188 0.7272825 0.5943577 -0.2346764 0.7272818 0.6449715 -0.5257502 0.7273064 0.4411488 -0.5944542 0.7272381 0.3431457 -0.6449698 0.7272517 0.2347744 -0.6759252 0.7272721 0.1191661 -0.6863797 0.7272434 1.50165e-5 -0.6759191 0.7272803 -0.1191503 0.4412778 0.7272535 -0.5257151 0.5257945 0.7272083 -0.4412576 0.5943223 0.7272918 -0.3432604 0.2346937 0.727284 0.6449629 0.1190913 0.7272449 0.6759675 9.47081e-6 0.7272363 0.6863873 -0.1190727 0.7272436 0.6759722 -0.119073 0.7272437 -0.675972 8.99371e-6 0.7272335 -0.6863902 0.1190907 0.727245 -0.6759675 0.6449708 0.7272801 -0.2346832 0.6759698 0.7272315 -0.1191608 0.6863272 0.7272929 1.4983e-5 0.6759856 0.7272137 0.1191791 0.6449707 0.7272803 0.2346835 0.5943974 0.7272627 0.3431922 0.5257204 0.7272823 0.441224 0.4412153 0.7272116 0.5258254 0.3432269 0.7272825 0.594353 0.8602038 -0.3078874 -0.4065156 0.8890694 -0.221046 -0.4008668 0.8759613 -0.2647076 -0.4032642 0.9080244 -0.1328959 -0.3972787 0.8999074 -0.1770961 -0.3985018 0.9172821 -0.04432874 -0.3957632 0.9138393 -0.0886594 -0.3962792 0.9173395 0.04426652 -0.3956375 0.9183365 7.89362e-5 -0.3958006 0.9080228 0.1328826 -0.3972869 0.9138339 0.08865892 -0.3962921 0.8890984 0.2210964 -0.4007749 0.8998558 0.1770799 -0.3986256 0.8386631 0.350791 -0.4166415 0.8597845 0.3080149 -0.4073051 0.8759659 0.2647433 -0.4032306 0.8029715 0.4158412 -0.4269811 0.7510021 0.4929757 -0.4392844 0.6884771 0.5642952 -0.4555988 0.615511 0.6277717 -0.4764966 0.5322974 0.6811792 -0.5026475 0.4393833 0.7223263 -0.534029 0.8384376 -0.3528244 -0.4153762 0.8029832 -0.4158088 -0.4269909 0.7509729 -0.493018 -0.4392869 0.688488 -0.5642933 -0.4555847 0.6155226 -0.6277531 -0.4765061 0.5323106 -0.6812248 -0.5025717 0.4393302 -0.7223196 -0.5340819 -0.03049057 -0.7903262 -0.6119272 -0.264899 -0.6440653 -0.7176409 -0.3431839 -0.5944085 -0.7272574 -0.4411813 -0.5257855 -0.7272611 -0.5257666 -0.4412125 -0.727256 -0.59438 -0.3431831 -0.7272812 -0.6449731 -0.234727 -0.7272641 -0.6759457 -0.1191888 -0.7272493 -0.6863455 -4.26141e-6 -0.7272757 -0.6759436 0.1191831 -0.7272522 -0.6449713 0.2347419 -0.7272608 -0.5944036 0.3431916 -0.7272579 -0.5257866 0.4411956 -0.7272517 -0.4411783 0.5257784 -0.727268 -0.3431859 0.5944098 -0.7272554 -0.2548112 0.6422744 -0.7228796 -0.03805518 0.7801026 -0.6244933 -0.8029953 0.4157979 -0.4269788 -0.7510244 0.4929497 -0.4392756 -0.6884739 0.5643024 -0.4555947 -0.6155058 0.6277805 -0.4764918 -0.5322884 0.6811915 -0.5026403 -0.4393789 0.7223314 -0.534026 -0.860188 0.3078991 -0.4065402 -0.8383954 0.3529073 -0.4153909 -0.889099 0.2210963 -0.4007736 -0.8759675 0.2647401 -0.4032294 -0.9080232 0.1328818 -0.3972861 -0.8998568 0.1770809 -0.3986229 -0.9173385 0.04427015 -0.395639 -0.9138309 0.08866024 -0.3962984 -0.9172758 -0.04433184 -0.3957777 -0.9183365 8.04988e-5 -0.3958007 -0.9080182 -0.1328924 -0.3972943 -0.9138351 -0.08865976 -0.396289 -0.8890825 -0.2210623 -0.400829 -0.8998854 -0.1770778 -0.3985597 -0.8385993 -0.3508681 -0.4167048 -0.8597441 -0.3080986 -0.4073272 -0.8759659 -0.2647044 -0.403256 -0.4393389 -0.7223094 -0.5340886 -0.5323189 -0.6812127 -0.5025794 -0.6155261 -0.6277429 -0.476515 -0.6884892 -0.5642919 -0.4555847 -0.7510059 -0.4929892 -0.4392628 -0.8029958 -0.4157978 -0.4269776 0.8029717 -0.4158431 -0.4269792 0.751002 -0.4929794 -0.4392805 0.6884722 -0.5643021 -0.4555978 0.6155144 -0.627781 -0.4764798 0.5323298 -0.6811556 -0.5026451 0.4393218 -0.7223575 -0.5340375 -0.03049021 -0.7903264 -0.611927 -0.2649003 -0.6440703 -0.7176359 -0.3431839 -0.5944085 -0.7272574 -0.4411847 -0.5257882 -0.7272571 -0.5257762 -0.4412201 -0.7272443 -0.5943748 -0.3431846 -0.7272847 -0.6449842 -0.234731 -0.7272529 -0.6759433 -0.1191883 -0.7272517 -0.6863455 -4.26141e-6 -0.7272758 -0.675946 0.1191831 -0.72725 -0.644958 0.2347388 -0.7272737 -0.5943832 0.3431906 -0.727275 -0.525775 0.4411875 -0.727265 -0.4411823 0.5257833 -0.7272621 -0.3431851 0.5944078 -0.7272574 -0.2547367 0.6422888 -0.7228931 -0.03794687 0.7801117 -0.6244884 0.860206 -0.3078917 -0.4065079 0.8384416 -0.3528261 -0.4153667 0.8891096 -0.2210849 -0.4007566 0.8759629 -0.264711 -0.4032582 0.9080225 -0.1328831 -0.3972876 0.8998563 -0.177081 -0.3986238 0.9173405 -0.04426932 -0.3956345 0.9138364 -0.08865833 -0.3962864 0.9172759 0.04432535 -0.3957781 0.9183405 -8.40677e-5 -0.3957915 0.9080192 0.1328927 -0.3972918 0.9138355 0.08865773 -0.3962886 0.8890724 0.2210747 -0.4008444 0.8998907 0.177077 -0.398548 0.8386643 0.3507887 -0.416641 0.859783 0.3080116 -0.407311 0.8759633 0.2647415 -0.4032373 0.4393959 0.7222831 -0.5340772 0.532278 0.6812484 -0.5025743 0.6155183 0.6277423 -0.4765259 0.688489 0.564292 -0.4555847 0.7509748 0.4930121 -0.4392902 0.8029834 0.4158108 -0.4269883 0.2042191 -0.5186207 -0.8302574 0.2489068 -0.4508988 -0.8571672 0.2852662 0.378907 -0.8803708 0.248804 0.4506935 -0.8573052 0.204157 0.5184184 -0.8303989 0.367814 -0.080168 -0.9264373 0.3703624 -0.0401293 -0.9280201 0.376769 0.01040869 -0.9262488 0.3703671 0.04013812 -0.9280179 0.3767732 -0.01040089 -0.9262472 0.1511238 0.5808771 -0.7998396 0.08944082 0.6366993 -0.7659075 0.02083361 0.9993419 -0.02969759 0.02073097 -0.9993485 -0.0295462 0.08941107 -0.6366055 -0.765989 0.1510902 -0.5810417 -0.7997264 0.367814 0.080168 -0.9264373 0.3638219 0.1205205 -0.9236388 0.3582184 -0.1602988 -0.9197738 0.3638217 -0.1205195 -0.923639 0.3582212 0.1603007 -0.9197724 0.3510136 0.2003205 -0.9146919 0.3419007 -0.239733 -0.908643 0.3510134 -0.2003194 -0.9146922 0.3418993 0.2397325 -0.9086437 0.3311613 0.2791802 -0.9013272 0.3127911 0.3203659 -0.894163 0.2853996 -0.3790827 -0.8802519 0.3128615 -0.3203511 -0.8941437 0.3311603 -0.2791793 -0.9013279 -0.9170489 -0.3974161 -0.03288984 -0.5788943 -0.5788813 -0.5742629 -0.8691059 -0.3197111 -0.3774119 -0.3974155 -0.9170492 -0.03289145 -0.2808467 -0.9006696 -0.331541 0.3765143 0.9232546 -0.07640743 -0.3765139 0.9232544 -0.076411 0.9170489 0.3974161 -0.03288978 0.5788943 0.5788813 -0.5742629 0.8691096 0.3197016 -0.3774114 0.3380726 0.8296241 -0.4443318 -0.3380815 0.8296216 -0.4443297 0.3974156 0.9170492 -0.03289115 0.2808631 0.9006654 -0.3315388 0.9232547 0.376513 -0.07641303 0.9232546 -0.3765138 -0.07640868 0.5969078 0.383674 -0.7046244 0.5969113 -0.3836623 -0.7046276 0.3380751 -0.3019271 -0.8913727 -0.338076 -0.3019165 -0.8913759 0.1100471 -0.1100482 -0.9878153 -0.1100502 -0.1100491 -0.9878149 -0.3380765 0.3019166 -0.8913758 0.3380771 0.3019061 -0.8913791 -0.1100471 0.1100482 -0.9878153 0.1100502 0.1100491 -0.9878149 -0.5969117 0.3836675 -0.7046246 -0.5969077 -0.3836778 -0.7046222 -0.9232541 0.3765149 -0.07641035 -0.9232547 -0.376513 -0.07641303 -0.3974171 0.9170485 -0.03289234 -0.5788812 0.5788944 -0.5742629 -0.2808458 0.9006696 -0.331542 -0.9170499 0.3974141 -0.03289008 -0.8691095 0.3197193 -0.377397 0.3974159 -0.9170491 -0.03288978 0.5788812 -0.5788944 -0.5742629 0.2808588 -0.9006656 -0.3315416 0.9170494 -0.3974151 -0.03289222 0.8691055 -0.3197307 -0.3773962 0.3765135 -0.9232542 -0.07641643 -0.3765126 -0.9232549 -0.07641112 0.3380728 -0.8296277 -0.4443252 -0.3380622 -0.82963 -0.4443288 0.02505695 -0.9996321 -0.01037973 0.441213 -0.7272222 0.5258126 0.5257474 -0.7272961 0.4411689 0.6759788 -0.7272203 0.119178 0.686333 -0.7272875 1.56876e-5 0.6759846 -0.7272174 -0.1191633 0.6449636 -0.7272865 -0.2346835 0.3432263 -0.727284 -0.5943517 0.2346774 -0.7272828 -0.6449699 0.5943983 -0.7272607 0.343195 0.6449602 -0.7272902 0.2346816 0.5943135 -0.7273001 -0.3432582 0.5258042 -0.7271959 -0.4412665 0.4412831 -0.7272542 -0.5257096 0.1190734 -0.7272446 -0.675971 -8.99365e-6 -0.7272391 -0.6863842 -0.11909 -0.7272501 -0.6759622 -0.2346941 -0.7272792 -0.644968 -0.3432311 -0.7272732 -0.594362 -0.441269 -0.727267 -0.5257037 -0.5258311 -0.7272191 -0.4411965 -0.5943726 -0.727274 -0.3432109 -0.644962 -0.7272592 -0.2347728 0.2346779 -0.7272803 0.6449727 0.3432215 -0.72728 0.5943592 -0.03113895 -0.715961 -0.6974456 -0.02779644 -0.999547 -0.01154768 -0.6759276 -0.7272703 0.1191632 0.04345679 -0.9990554 0 -0.6863823 -0.7272409 1.56212e-5 -0.6759245 -0.7272757 -0.119148 -0.6449675 -0.7272536 0.2347746 -0.5944508 -0.7272421 0.3431433 -0.5257549 -0.7272952 0.4411615 -0.4412077 -0.7272226 0.5258167 -0.3432291 -0.727279 0.594356 -0.2346944 -0.7272798 0.6449673 -0.1190911 -0.7272463 0.6759661 -9.47078e-6 -0.7272391 0.6863842 0.1190727 -0.7272465 0.6759691 0.9229972 -0.04292339 -0.3824054 0.9156984 -0.1333861 -0.3790839 0.7740265 -0.5459529 -0.3206533 0.8146609 -0.4716368 -0.3374704 0.8500251 -0.3916915 -0.3521864 0.8788166 -0.3087723 -0.3637874 0.9008085 -0.2217317 -0.3733353 0.6768059 -0.6805884 -0.2805944 0.7273854 -0.6165953 -0.301199 0.5633544 -0.7925371 -0.2334882 0.621575 -0.7398347 -0.2574668 0.4384332 -0.8801587 -0.1819261 0.5015352 -0.8398244 -0.2077438 0.3049808 -0.9439302 -0.1264219 0.3717746 -0.9154524 -0.1540476 0.09514331 -0.99469 -0.03923839 0.1660526 -0.9837442 -0.06836813 0.2352648 -0.9670259 -0.09752625 0.12603 -0.7146993 -0.6879836 0.248276 -0.681866 -0.6880536 0.3628284 -0.6285023 -0.6879975 0.4663975 -0.5559492 -0.6880362 0.5559362 -0.4665324 -0.6879553 0.628464 -0.3628156 -0.6880392 0.681941 -0.2482347 -0.6879941 0.7146872 -0.1260204 -0.6879978 0.7159927 -0.03126096 -0.6974076 0.9230027 0.04292988 -0.3823915 0.71599 0.03126943 -0.69741 -0.1132575 0.7149994 -0.6898902 -0.02809578 0.7152011 -0.6983538 -0.5559737 -0.4664489 -0.6879816 -0.6284692 -0.3628169 -0.6880338 -0.715165 0.02799904 -0.6983948 -0.7159847 -0.0312584 -0.6974158 0.03127855 0.7159907 -0.6974087 0.1261325 0.7146705 -0.6879947 0.6819397 0.248171 -0.6880185 0.7146841 0.1260235 -0.6880006 0.2482932 0.6818389 -0.6880742 0.3628313 0.6284992 -0.6879987 0.4664034 0.5559495 -0.6880321 0.5558777 0.4665743 -0.6879742 0.6284909 0.3628522 -0.6879953 -0.1259741 -0.7147242 -0.687968 -0.2483183 -0.6818547 -0.6880496 -0.6819404 -0.2482311 -0.6879961 -0.7146878 -0.126018 -0.6879977 -0.7150932 0.1133071 -0.689785 -0.6884352 0.2236778 -0.6899458 -0.6451158 0.3286274 -0.6898041 9.15643e-6 0 -1 -0.3628003 -0.6284778 -0.6880346 -0.4664438 -0.5559708 -0.6879875 -0.5855939 0.4256058 -0.6898838 -0.5118296 0.5119957 -0.6898484 -0.4255039 0.5856363 -0.6899106 -0.3287926 0.6449859 -0.6898468 -0.2237119 0.6885146 -0.6898556 0.6770895 0.680427 -0.2803016 0.6212066 0.7402729 -0.257096 0.02790886 0.9995432 -0.01159524 0.1248544 0.9908221 -0.05179768 0.2354754 0.9669758 -0.0975154 0.3714538 0.9156212 -0.1538178 0.3052259 0.9438492 -0.1264359 0.563905 0.792125 -0.2335578 0.5015649 0.8398359 -0.2076258 0.4383632 0.8802896 -0.1814607 0.7275144 0.6165052 -0.3010716 0.7740814 0.5458605 -0.3206783 0.8145768 0.471733 -0.3375394 0.8500466 0.3915859 -0.3522518 0.8787395 0.3088698 -0.3638906 0.9007956 0.2216235 -0.3734307 0.9156299 0.1335126 -0.3792049 -0.9230144 0.04274809 -0.3823832 -0.9230169 -0.04273074 -0.3823795 -0.6770889 -0.6804252 -0.2803072 -0.621384 -0.7401111 -0.2571334 -0.1246416 -0.9908536 -0.05170851 -0.235426 -0.9669878 -0.09751528 -0.3715969 -0.9155502 -0.1538943 -0.305225 -0.9438481 -0.1264448 -0.5638061 -0.7921911 -0.2335727 -0.5014263 -0.8399369 -0.2075518 -0.4386019 -0.8801586 -0.1815195 -0.7274166 -0.6166455 -0.3010205 -0.7739478 -0.5460644 -0.3206533 -0.8146516 -0.4715694 -0.3375872 -0.8501482 -0.391363 -0.3522543 -0.8787465 -0.3088597 -0.3638822 -0.9005364 -0.223103 -0.3731746 -0.9153704 -0.1349676 -0.3793163 -0.02518105 0.9996286 -0.01043021 2.32033e-7 0.7272337 0.68639 -0.1190786 0.7272452 0.6759695 -0.2346802 0.7272805 0.6449715 -0.3432285 0.7272804 0.5943546 -0.4412106 0.7272224 0.5258145 -0.5257568 0.7272951 0.4411596 -0.5944513 0.7272418 0.3431429 -0.5943717 0.7272737 -0.3432132 -0.6449616 0.7272604 -0.2347697 -0.6759244 0.7272756 -0.1191494 -0.5258335 0.727219 -0.4411935 -0.4412665 0.7272671 -0.5257058 -0.3432253 0.7272737 -0.5943648 -0.6449677 0.7272546 0.2347713 -0.6759135 0.727283 0.1191655 -0.686396 0.7272281 1.75072e-5 -0.2346892 0.7272793 -0.6449697 -0.119087 0.7272483 -0.6759647 -2.32029e-7 0.7272436 -0.6863795 0.1190778 0.727248 -0.6759666 0.2346804 0.7272803 -0.6449716 0.3432316 0.7272747 -0.5943599 0.4412721 0.7272666 -0.5257017 0.5258076 0.7271947 -0.4412644 0.5943158 0.7272979 -0.3432588 0.6449627 0.7272889 -0.2346788 0.1190869 0.7272508 0.675962 0.2346893 0.7272804 0.6449683 0.6759878 0.7272121 0.1191765 0.6863198 0.7272999 1.37803e-5 0.6759845 0.7272176 -0.1191619 0.6449685 0.7272832 0.2346801 0.594394 0.727266 0.343191 0.5257315 0.7272709 0.4412295 0.4412048 0.7272226 0.5258191 0.3432225 0.72728 0.5943586 -0.9099342 0.1723854 -0.3772308 -0.8694593 0.3379731 -0.3602983 -0.8046322 0.4912005 -0.3336003 -0.7191835 0.6276937 -0.2979527 -0.6172696 0.7440475 -0.2556787 -0.5029637 0.8388228 -0.2083362 -0.3796156 0.9116852 -0.1572335 -0.2501192 0.9626566 -0.1035984 -0.1173786 0.9918964 -0.04862082 0.5773567 -0.5773599 -0.5773342 0.577355 0.5773499 -0.5773459 0.5773901 -0.5773381 0.5773226 0.9045399 0.3015087 -0.3014968 0.7071382 0 0.7070754 0.7071337 0 -0.7070799 0.5773922 0.5773413 0.5773174 0.9045385 -0.3015098 -0.3014995 0.5773547 0.57735 -0.5773462 0.5773568 -0.5773599 -0.5773342 -0.9045407 0.3015052 -0.3014975 -0.5773568 0.5773599 -0.5773342 -0.5773547 -0.57735 -0.5773462 -0.5773821 0.5773479 0.577321 -0.5773568 0.5773599 -0.5773342 -0.577355 -0.5773499 -0.577346 -0.9045405 -0.3015028 -0.3015004 -0.7071347 0 -0.7070789 -0.7071303 0 0.7070833 -0.577395 -0.5773351 0.5773207 -0.4412068 0.5257788 -0.7272505 -0.5257735 0.4412018 -0.7272574 -2.12757e-7 0.7071108 -0.7071028 -0.3432008 0.594382 -0.7272711 0.3431717 -0.5943896 -0.7272787 0.4412018 -0.5257728 -0.7272579 0.3431624 0.5943902 -0.7272826 0.2348147 0.6449843 -0.7272258 0.1192114 0.6758944 -0.7272933 5.11393e-5 0.6863941 -0.7272298 -0.1191605 0.6759197 -0.7272781 -0.2348242 0.6449602 -0.7272441 -0.1191725 -0.6759561 -0.7272423 0.6449783 -0.2347371 -0.7272562 0.6757016 -0.1192299 -0.7274693 5.10793e-6 0.6863651 -0.7272572 -0.1191664 0.6759273 -0.7272701 0.6759353 0.1191936 -0.7272582 0.644973 0.2347362 -0.7272611 -0.2347227 -0.644968 -0.7272698 0.5944112 0.3431681 -0.7272627 0.441199 -0.5257768 -0.7272567 0.3431702 -0.5943899 -0.7272791 0.2347358 -0.6449699 -0.727264 -0.5943995 0.3431929 -0.7272605 -0.6449772 0.2347775 -0.7272441 0.6863031 7.74554e-7 -0.7273156 -0.2347398 -0.6449685 -0.7272641 -0.1192028 -0.6759322 -0.7272595 -3.80614e-6 0 -1 5.55558e-7 -0.6863532 -0.7272684 0.1192004 -0.6759338 -0.7272584 0.5257585 -0.441214 -0.7272608 0.5944209 -0.3431636 -0.727257 0.6449908 -0.2346991 -0.7272574 0.6450129 0.2346929 -0.7272397 0.5943913 0.3432016 -0.7272632 0.5257804 -0.4411975 -0.7272549 0.5943889 -0.3431689 -0.7272806 0.5257759 0.4412088 -0.7272514 0.4411916 0.5257768 -0.7272611 -0.2347422 0.6449596 -0.7272711 -0.3431938 0.5943952 -0.7272637 -0.441196 0.5257809 -0.7272555 -0.6449344 -0.2347543 -0.7272895 -0.5943979 -0.3431937 -0.7272616 -0.5257859 -0.4411839 -0.7272592 9.0635e-6 -0.6863371 -0.7272835 0.1192284 -0.675947 -0.7272416 0.2347493 -0.6449811 -0.7272498 0.6759473 -0.1191886 -0.7272478 0.6863486 1.73202e-7 -0.7272727 0.6759675 0.119171 -0.727232 -0.6759114 0.1191647 -0.7272851 -0.686379 -1.63408e-7 -0.7272441 0.1191728 0.675927 -0.7272693 -0.6758974 -0.1191805 -0.7272956 0.2347452 0.6449655 -0.7272649 -0.64497 -0.2347794 -0.7272499 0.3431836 0.5943969 -0.727267 -0.5943917 -0.3431754 -0.7272752 0.4411869 0.5257868 -0.7272568 -0.5258101 -0.4411992 -0.7272325 0.5257779 0.4411862 -0.7272636 -0.4412297 -0.5257738 -0.7272402 -0.3432064 -0.5943962 -0.7272568 -0.5257695 0.4411881 -0.7272685 -0.5943997 0.3431808 -0.7272661 -0.6449599 0.2347474 -0.7272692 -0.4411814 -0.5257629 -0.7272773 -0.3431636 -0.5944067 -0.7272685 -0.6758371 0.1191875 -0.7273504 -0.6863961 -7.71229e-7 -0.7272279 -0.6759486 -0.1191718 -0.7272494 -0.5257835 0.4412062 -0.7272475 -0.5943854 0.3432027 -0.7272675 -0.2347841 0.6449599 -0.7272574 -0.3431965 0.5943846 -0.727271 -0.4412014 0.5257759 -0.7272558 -0.6449516 0.2347767 -0.727267 -0.6759242 0.1191636 -0.7272734 -0.6863843 -1.63403e-7 -0.7272391 -0.675908 -0.1191799 -0.7272858 -0.6449886 -0.2347751 -0.7272348 1.84225e-6 -0.7071034 -0.7071102 -0.5943828 -0.3431698 -0.7272852 -0.5257586 -0.4412068 -0.7272652 -0.4412024 -0.5257804 -0.7272521 2.35078e-5 -0.686344 -0.7272771 0.1192128 -0.6759432 -0.7272476 0.2347857 -0.6449774 -0.7272413 0.3431665 -0.5943892 -0.7272815 0.4411995 -0.5257743 -0.7272582 0.6759675 -0.1191888 -0.727229 0.6863431 1.732e-7 -0.7272779 0.6759539 0.1191721 -0.7272444 0.6449604 0.234713 -0.7272799 0.5943768 0.3431993 -0.7272762 0.5257814 0.4412067 -0.7272487 -0.3432004 -0.5943821 -0.7272712 -0.2347356 -0.6449639 -0.7272695 -0.1192191 -0.6759631 -0.7272281 0.4411971 0.5257804 -0.7272552 0.3431645 0.5943912 -0.7272807 0.2348008 0.6449754 -0.7272382 0.1192083 0.6759024 -0.7272863 5.52311e-7 0.6863957 -0.7272284 -0.1191786 0.6759139 -0.7272804 0.5257592 -0.441214 -0.7272602 0.5943682 -0.3431741 -0.7272951 0.6449267 -0.2347163 -0.7273086 -0.1192271 0.6759012 -0.7272843 -1.63404e-7 0.6863888 -0.7272348 0.1192243 0.6759083 -0.7272782 -0.234861 0.6449577 -0.7272345 -0.3431969 0.5943838 -0.7272714 -0.4411995 0.5257743 -0.7272582 -0.4411907 -0.5257762 -0.7272621 -0.3431934 -0.5943863 -0.7272711 -0.2347491 -0.644962 -0.7272667 -0.1191756 -0.6759598 -0.7272384 8.97523e-6 -0.6863341 -0.7272863 0.1192426 -0.6759562 -0.7272307 0.2347781 -0.6449644 -0.7272552 0.3431686 -0.5943967 -0.7272744 0.4412048 -0.5257805 -0.7272505 0.6450749 0.2346768 -0.72719 0.5943766 0.3432 -0.727276 0.5257383 0.4412156 -0.7272744 0.441196 0.5257833 -0.7272539 0.3431742 0.5943955 -0.7272726 0.2348118 0.6449707 -0.7272389 -0.5257592 0.441214 -0.7272603 -0.5944133 0.3431943 -0.7272486 -0.6449699 0.2347745 -0.7272516 -0.645034 -0.2347587 -0.7271998 -0.5943886 -0.343174 -0.7272784 -0.5257541 -0.4412155 -0.727263 0.5257411 -0.4412146 -0.727273 0.59444 -0.343151 -0.7272472 0.6449902 -0.2346989 -0.7272579 0.6759539 -0.1191897 -0.7272415 0.686315 1.73207e-7 -0.7273045 0.675974 0.1191721 -0.7272257 -0.6759088 0.1191617 -0.7272881 -0.6863987 -1.63407e-7 -0.7272255 -0.6759103 -0.1191767 -0.7272841 -0.2347912 0.6449578 -0.7272568 -0.343198 0.5943852 -0.7272698 -0.4412096 0.5257766 -0.7272504 -0.5257895 0.4412039 -0.7272445 -0.594371 0.3432008 -0.7272801 -0.3431969 -0.5943839 -0.7272714 -0.4412021 -0.5257738 -0.727257 -0.5257589 -0.4412143 -0.7272603 -0.6449604 0.2347834 -0.7272571 -0.6759111 0.1191604 -0.7272861 -0.6863932 -1.63405e-7 -0.7272307 0.1192408 -0.6759559 -0.7272313 0.2347686 -0.6449661 -0.7272569 0.6863444 1.732e-7 -0.7272767 0.6759581 0.1191728 -0.7272404 -0.6759194 -0.1191785 -0.7272754 -0.6449884 -0.234767 -0.7272377 -0.5944201 -0.3431637 -0.7272576 -0.2347479 -0.6449645 -0.727265 -0.1191758 -0.6759592 -0.7272388 8.20075e-6 -0.6863346 -0.7272861 0.234834 0.644971 -0.7272314 0.1192315 0.6758963 -0.7272882 2.42494e-6 0.686395 -0.727229 -0.1191905 0.6759119 -0.7272803 0.3431651 -0.5943976 -0.7272753 0.4411935 -0.5257836 -0.7272551 0.5257718 -0.4412047 -0.7272568 0.5944459 -0.3431491 -0.7272433 0.6451039 -0.2346695 -0.7271667 0.6759647 -0.1191881 -0.7272318 0.6449387 0.234712 -0.7272994 0.5943259 0.3432242 -0.727306 0.5257816 0.441195 -0.7272556 0.4411784 0.5257756 -0.72727 0.3431594 0.594402 -0.7272743 -0.5773385 0.5773675 -0.5773449 -0.5773503 -0.5773503 -0.5773503 -0.1192073 -0.675951 0.7272413 -0.2347068 -0.6449738 0.72727 -0.3431441 -0.5943939 0.7272882 -0.4412485 -0.5257624 0.7272369 0.3431555 -0.5943968 0.7272804 0.2347311 -0.6449695 0.727266 -1.45812e-6 0.7071102 0.7071034 0.1192086 -0.675934 0.7272569 8.93881e-6 -0.6863564 0.7272654 -0.6450172 0.2347627 0.7272135 -0.5943711 0.3432083 0.7272765 0.3431733 0.5943896 0.7272778 0.4412195 0.5257741 0.7272463 0.5257741 0.4412089 0.7272526 0.3431355 -0.5943941 0.727292 0.2347201 -0.6449815 0.7272589 0.119223 -0.6759602 0.7272302 1.78363e-5 -0.6863416 0.7272794 -0.5257946 -0.4412029 0.7272414 -0.5944054 -0.3431671 0.7272679 -0.6449851 -0.2347705 0.7272393 -0.525853 0.4411839 0.7272108 -0.4411838 0.5257782 0.7272649 -0.3432214 0.5943798 0.7272632 -0.5257792 0.4411886 0.7272613 -0.4411853 0.5257822 0.7272611 0.2347703 0.6449988 0.7272273 -0.1192023 -0.6759306 0.727261 -0.2347329 -0.6449693 0.7272655 0.5943803 0.3431985 0.7272736 0.6449584 0.2347107 0.7272824 0.6759525 0.1191727 0.7272456 0.5944024 -0.3431664 0.7272707 0.5257908 -0.4411923 0.7272506 0.4412053 -0.5257846 0.7272472 -0.6759421 -0.1191718 0.7272554 -0.6863873 1.61775e-7 0.7272363 -0.6757939 0.119179 0.7273919 0.6863539 -1.7483e-7 0.7272678 0.6759588 -0.1191898 0.7272369 0.6449847 -0.234706 0.7272605 -0.2347781 0.6449689 0.7272514 -0.1191318 0.6759098 0.727292 1.26003e-5 0.6864011 0.7272232 -0.3431849 0.5943956 0.7272676 -0.2347459 0.6449586 0.7272709 -0.1191732 0.6759309 0.7272657 7.71258e-7 0.6863676 0.7272548 0.1191741 0.6759291 0.7272671 9.48663e-6 0 1 0.234744 0.6449574 0.7272725 0.6759134 0.119197 0.7272779 0.6862958 -7.74571e-7 0.7273226 0.6449769 -0.2347328 0.7272588 0.5943887 -0.3431723 0.727279 -0.5943875 -0.3431908 0.7272713 -0.5257886 -0.441196 0.72725 0.1191569 0.6759109 0.7272869 -0.4411886 -0.5257682 0.7272693 -0.3431759 -0.5944032 0.7272656 -0.6449573 -0.2347526 0.7272698 -0.6759165 -0.1191736 0.7272789 -0.6863598 7.71251e-7 0.7272623 -0.6760203 0.1191622 0.7271842 -0.6449695 0.2347518 0.7272592 -0.5943934 0.3431816 0.7272709 0.3431935 0.5943928 0.7272657 0.441177 0.5257846 0.7272645 0.525757 0.4411889 0.7272772 0.6759592 -0.1191923 0.7272362 0.5257761 -0.4411969 0.7272585 0.4411952 -0.525781 0.727256 0.5944138 0.3431647 0.7272622 0.6449936 0.2347261 0.7272462 -3.01887e-5 -0.6863362 0.7272846 -0.1192055 -0.6759651 0.7272285 -0.6450934 0.2347427 0.7271523 -0.5942231 0.3432484 0.7273785 -0.5258666 0.4411745 0.7272066 -0.4411562 0.5257947 0.7272697 0.6449599 -0.2347066 0.7272823 0.5943875 -0.343173 0.7272798 0.5257943 -0.4412031 0.7272415 0.1191889 -0.6759492 0.7272461 0.2347018 -0.6449939 0.7272537 -0.2346999 -0.6449583 0.727286 -0.3431329 -0.5944073 0.7272825 -0.4412852 -0.5257571 0.7272186 -0.5257769 -0.4412028 0.7272542 -0.5944119 -0.3431597 0.727266 -0.6449859 -0.2347708 0.7272386 -0.6760584 -0.1191566 0.7271499 -0.6863824 1.61774e-7 0.7272409 -0.6754115 0.1192378 0.7277374 -0.3431972 0.5943918 0.7272649 -0.2347679 0.6449584 0.7272639 -0.1191626 0.675922 0.7272756 0.3431872 0.5943859 0.7272744 0.441218 0.5257681 0.7272514 0.5258467 0.4411857 0.7272142 0.5943618 0.3432109 0.727283 0.6450699 0.2346782 0.7271939 0.6758532 0.1191875 0.7273355 0.6863371 -1.74839e-7 0.7272835 0.6759862 -0.1191833 0.7272126 0.4412483 -0.5257627 0.7272369 0.3431134 -0.5943994 0.7272982 1.6177e-7 0.6863882 0.7272354 0.1191771 0.675898 0.7272956 0.2347692 0.6449893 0.7272361 1.72874e-6 -0.6863455 0.7272756 -0.1191043 -0.6759679 0.7272424 -0.2347024 -0.6449605 0.7272832 -0.343198 -0.5943852 0.7272698 -0.5257943 0.4412031 0.7272415 -0.4412483 0.5257627 0.7272369 -0.3431438 0.594394 0.7272882 -0.234777 0.6449741 0.727247 -0.119217 0.6759012 0.7272859 -1.26313e-6 0.6863967 0.7272274 -6.14724e-7 -0.707091 0.7071225 -0.4412021 -0.5257788 0.7272534 -0.52577 -0.4412102 0.7272549 -0.5943861 -0.3431673 0.7272835 0.1191504 -0.6759572 0.7272449 0.4412073 -0.5257745 0.7272533 0.3431683 -0.5943894 0.7272804 0.2346996 -0.6449813 0.7272657 0.1192705 0.6759024 0.727276 0.2347698 0.6449848 0.7272399 0.3431193 0.5943979 0.7272967 0.4411919 0.5257883 0.7272527 0.5257789 0.441196 0.727257 0.5943899 0.3432029 0.7272637 -0.6449854 -0.2347773 0.7272369 -0.6758913 -0.1191783 0.7273016 -0.6863932 1.61771e-7 0.7272307 0.6449831 0.2347057 0.7272621 0.6759653 0.1191721 0.7272338 0.6863341 -1.74831e-7 0.7272863 0.6759581 -0.1191916 0.7272372 0.6449787 -0.2346997 0.7272679 0.5943976 -0.3431704 0.7272728 0.5257754 -0.4412089 0.7272517 -0.6759358 0.1191611 0.727263 -0.6449697 0.2347704 0.7272531 -0.5944252 0.3431898 0.727241 -0.5257765 0.4412031 0.7272543 -0.441285 0.5257574 0.7272185 -0.3431326 0.5944074 0.7272826 -0.2347702 0.6449587 0.7272629 6.72866e-6 -0.6863448 0.7272763 -0.1190615 -0.6759672 0.7272502 -0.2346985 -0.644962 0.7272831 -0.3432029 -0.5943936 0.7272607 -0.1192129 0.6759157 0.7272732 -8.8124e-6 0.6863906 0.7272331 0.1192337 0.6758918 0.727292 0.2347727 0.6449938 0.7272309 0.3431137 0.5943992 0.7272982 0.4412485 0.5257624 0.7272369 0.1191204 -0.6759585 0.7272486 -0.4411786 -0.5257753 0.7272701 -0.5257394 -0.4412084 0.727278 -0.5943928 -0.3431741 0.7272748 -0.6863715 1.61776e-7 0.7272511 -0.6760677 0.1191406 0.7271438 -0.6449725 0.2347741 0.7272494 -0.594449 0.3431771 0.7272276 0.4412131 -0.5257758 0.7272489 0.343171 -0.5943897 0.7272789 0.2346973 -0.6449806 0.727267 -0.6449233 -0.2347868 0.7272889 -0.6758907 -0.1191797 0.7273019 0.6759839 0.1191714 0.7272167 0.6863431 -1.74834e-7 0.7272779 0.6759393 -0.1191892 0.7272551 0.6449938 -0.2347048 0.7272529 0.5943938 -0.3431651 0.7272784 0.5257697 -0.4412105 0.7272549 0.5257946 0.4412029 0.7272414 0.5943797 0.343197 0.7272748 0.6449937 0.2346985 0.727255 0.6963464 0.7170619 -0.03039729 0.5773503 0.5773503 -0.5773503 0.3431655 0.7272726 -0.5944007 0.4411893 0.7272602 -0.5257801 0.5257797 0.7272607 -0.4411889 -0.594407 0.7272573 -0.3431867 -0.5257797 0.7272607 -0.441189 -0.4411891 0.7272601 -0.5257802 -0.343173 0.72727 -0.5943995 0.59441 0.7272627 -0.3431702 0.6449707 0.7272591 -0.234749 0.6759242 0.7272683 -0.1191945 0.2347369 0.7272496 -0.6449857 0.1191946 0.7272635 -0.6759294 -0.6963557 0.7170529 -0.03039693 -0.6759233 0.7272722 -0.119176 -0.6449694 0.7272605 -0.2347481 -0.2347355 0.72726 -0.6449746 -0.1191927 0.7272486 -0.6759457 0 0.7272663 -0.6863555 0.5773385 -0.5773675 -0.5773449 -0.6963464 -0.7170619 -0.03039872 0.6963557 -0.7170529 -0.03039836 0.6759144 -0.7272779 -0.1191914 0.6449802 -0.7272498 -0.2347518 0.5944098 -0.7272624 -0.3431713 0.5257797 -0.7272607 -0.4411891 -0.2347357 -0.7272605 -0.6449738 -0.3431731 -0.7272701 -0.5943992 -0.4411894 -0.7272603 -0.52578 -0.5257797 -0.7272607 -0.4411889 0.4411893 -0.7272603 -0.52578 0.3431676 -0.7272689 -0.594404 0.2347357 -0.7272528 -0.6449826 0.1191944 -0.7272629 -0.6759301 0 -0.7272636 -0.6863583 -0.1191927 -0.727249 -0.6759454 -0.594407 -0.7272571 -0.3431874 -0.6449601 -0.7272703 -0.2347437 -0.6759333 -0.7272629 -0.1191765 0.5257772 0.7272638 -0.4411868 0.5944097 0.727263 -0.34317 0.6449733 0.7272564 -0.23475 0.6759242 0.7272683 -0.1191945 -0.6759243 0.7272713 -0.1191762 0.2347356 0.7272521 -0.6449834 0.3431639 0.7272754 -0.5943981 0.4411954 0.727251 -0.5257876 -0.6449708 0.727259 -0.2347488 -0.5944067 0.7272577 -0.3431865 -0.5257772 0.7272638 -0.4411868 -0.4411953 0.7272511 -0.5257877 -0.3431736 0.7272688 -0.5944007 -0.2347386 0.7272519 -0.6449826 -0.1191903 0.727262 -0.6759318 0 0.7272698 -0.6863517 0.1191966 0.7272521 -0.6759412 -0.6963463 -0.7170619 -0.03039872 0.6759154 -0.727277 -0.1191915 0.6449817 -0.7272482 -0.2347523 0.5944094 -0.7272627 -0.3431711 0.5257772 -0.7272638 -0.4411869 0.4411954 -0.7272512 -0.5257873 0.3431639 -0.7272756 -0.5943979 0.2347359 -0.7272533 -0.644982 0.1191949 -0.7272613 -0.6759317 0 -0.7272639 -0.686358 -0.4411956 -0.7272512 -0.5257872 -0.5257772 -0.7272638 -0.4411868 -0.5944066 -0.7272574 -0.3431872 -0.6449626 -0.7272676 -0.2347447 -0.6759333 -0.7272629 -0.1191766 -0.1191903 -0.7272615 -0.6759322 -0.2347393 -0.72725 -0.6449844 -0.3431715 -0.7272731 -0.5943965 -0.5773379 -0.5773463 0.5773667 -0.5773463 0.5773379 0.5773667 -0.5773463 -0.5773379 -0.5773667 -0.5773379 0.5773463 -0.5773667 0.5773463 -0.5773379 0.5773667 0.5773379 -0.5773463 -0.5773667 0.5773379 0.5773463 0.5773667 -0.0699476 -0.3326495 -0.9404529 -0.3015159 0.3015207 0.9045294 -0.3015208 -0.3015159 0.9045294 0.3015159 -0.3015207 0.9045294 0.3015208 0.3015159 0.9045294 -0.3015208 0.3015159 -0.9045294 0.3015159 0.3015207 -0.9045294 0.3015208 -0.3015159 -0.9045294 -0.3015159 -0.3015207 -0.9045294 -0.119218 -0.675976 -0.7272163 5.82038e-5 -0.6863331 -0.7272874 -0.03127098 0.71598 -0.6974201 0.4411903 -0.5257875 -0.7272543 0.5257874 -0.4411912 -0.7272537 0.23471 -0.6449536 -0.7272868 0.3431952 -0.5944043 -0.7272556 -0.5943856 -0.343173 -0.7272813 0.4411846 -0.5257842 -0.7272601 0.5257943 -0.4411852 -0.7272525 -0.5559125 0.4664831 -0.688008 -0.4665013 0.5558967 -0.6880083 0.5257257 0.4412047 -0.7272902 0.441258 0.5257658 -0.7272288 -0.7160007 -0.0312733 -0.6973987 0.3432172 0.5943588 -0.7272824 0.2347827 0.6449897 -0.7272313 6.50667e-6 0.6863858 -0.7272377 0.6449297 0.2348137 -0.7272745 0.594404 0.3432436 -0.727233 -0.2346104 -0.6449481 -0.7273238 -0.1192089 -0.6759717 -0.7272219 0.5257855 0.4411849 -0.7272589 0.4412496 0.5257612 -0.7272372 -0.4665032 -0.555915 -0.6879923 0.5257906 0.4411882 -0.7272532 -0.5559089 -0.466461 -0.6880257 0.5944007 0.3432409 -0.727237 -0.5257623 0.4412534 -0.7272341 -0.5943756 0.3432095 -0.7272722 0.6284871 -0.3628472 -0.6880015 -5.62039e-5 -0.6863331 -0.7272874 0.1192243 -0.6759775 -0.727214 0.03124177 0.7159973 -0.6974037 0.2347193 -0.6449478 -0.727289 0.3431915 -0.5944066 -0.7272555 0.4411937 -0.5257827 -0.7272557 -0.6284776 0.3628821 -0.6879917 0.594434 -0.3432013 -0.7272284 -0.6819593 0.2481908 -0.6879919 0.6449682 -0.2347854 -0.7272495 -0.7146875 0.1260061 -0.6880003 0.5257906 -0.441187 -0.727254 0.594411 -0.3432092 -0.7272436 0.6449553 -0.234789 -0.7272599 0.3431344 0.5943812 -0.7273032 0.2347142 0.6450172 -0.7272291 -0.03124171 -0.7160001 -0.6974009 0.119146 0.6759203 -0.7272799 6.63548e-5 0.6863914 -0.7272324 0.5943987 0.3432447 -0.7272367 0.5257882 0.4411893 -0.7272543 0.7159873 -0.03127413 -0.6974125 -0.3432518 0.5943531 -0.7272707 -0.4412573 0.5257666 -0.7272288 -0.3432012 -0.5944151 -0.7272439 -0.2347149 -0.6449448 -0.7272931 -0.1191543 -0.6759748 -0.7272279 0.1191419 -0.6759778 -0.7272272 0.2347571 -0.6449517 -0.7272733 -0.1260058 0.7146831 -0.6880049 0.3432376 -0.5944043 -0.7272355 -0.248223 0.6819625 -0.6879772 -0.3629134 0.6284707 -0.6879814 -0.7159939 0.0312739 -0.6974057 0.6759287 -0.1191773 -0.727267 0.6863822 -7.48051e-6 -0.727241 0.6759399 0.1191673 -0.7272582 0.6449387 0.2348091 -0.7272682 0.5944542 0.3432208 -0.7272027 0.2347163 0.6450152 -0.7272301 -0.5257934 -0.4412413 -0.7272189 -0.6284579 -0.3628864 -0.6880074 -0.681957 -0.2481908 -0.6879943 0.6449515 0.2348135 -0.7272552 -0.7146951 -0.1260058 -0.6879923 0.6759376 0.1191668 -0.7272604 0.6863822 -7.48051e-6 -0.727241 0.1192207 0.6759206 -0.7272673 -4.4266e-5 0.6863914 -0.7272324 0.03127074 -0.7159804 -0.6974198 0.6819595 -0.2481908 -0.6879917 -0.6449847 0.2347565 -0.7272442 0.7146847 -0.1260067 -0.6880031 -0.5257012 0.4412711 -0.7272675 -0.5943205 0.3432137 -0.7273153 0.7159948 0.03127312 -0.6974049 -0.6449445 0.2347673 -0.7272764 -0.6759398 0.1191683 -0.7272581 -0.441184 -0.5257852 -0.7272598 0.4664671 0.5559112 -0.6880198 -0.525767 -0.4412539 -0.7272305 0.555913 0.4664974 -0.6879979 -0.5943818 -0.3431693 -0.7272862 0.1259921 0.7146824 -0.6880081 0.2482162 0.6819635 -0.6879786 0.362895 0.6284753 -0.687987 0.5944003 -0.3432124 -0.7272508 0.6449577 -0.2347905 -0.7272573 -0.2347534 0.6449849 -0.7272451 0.6759131 -0.119175 -0.7272818 -0.1191686 0.6759259 -0.727271 0.6863653 -7.48036e-6 -0.727257 0.6759171 0.1191681 -0.7272793 -0.343178 0.594364 -0.7272966 -0.4412562 0.525757 -0.7272362 -0.6759184 -0.1191744 -0.7272769 -0.6450026 -0.2347278 -0.7272376 -0.5943711 -0.343177 -0.7272914 -0.5257661 -0.4412526 -0.7272319 0.1191772 0.6759284 -0.7272672 0.119171 0.6758937 -0.7273005 -0.6863902 -6.45482e-6 -0.7272335 -0.6761906 -0.1191362 -0.7270302 2.67049e-5 -0.6863321 -0.7272884 0.119134 -0.6759886 -0.7272184 0.2346764 -0.6449592 -0.7272927 0.5944098 -0.3432014 -0.7272481 0.6448924 -0.2348055 -0.7273102 0.6759412 -0.1191756 -0.7272557 -0.1259921 -0.7146824 -0.6880081 -0.2482163 -0.6819635 -0.6879786 -0.3628602 -0.6284843 -0.6879971 0.4412576 0.5257629 -0.7272313 0.3431556 0.5943679 -0.727304 0.2346197 0.645018 -0.7272589 -0.1191254 0.6759201 -0.7272834 -0.2348086 0.6449782 -0.7272331 0.126006 -0.7146828 -0.688005 -0.3432417 0.594358 -0.7272714 0.248209 -0.6819649 -0.6879797 -0.4412637 0.5257577 -0.7272312 -0.6863823 -6.45486e-6 -0.727241 -0.6759323 -0.1191751 -0.7272639 0.7147049 0.126004 -0.6879826 -0.64503 -0.2347253 -0.727214 0.681966 0.248188 -0.6879863 0.6284705 0.3628502 -0.688015 -0.594394 -0.3431619 -0.7272797 -0.5257607 -0.4412481 -0.7272387 -0.4411648 -0.5257946 -0.7272645 -0.3432024 -0.5944148 -0.7272436 -0.2347656 -0.644927 -0.7272925 -0.119161 -0.675972 -0.7272294 2.73815e-5 -0.6863364 -0.7272843 0.1191086 -0.6759894 -0.7272219 0.3432959 -0.594381 -0.7272272 0.4412072 -0.5257869 -0.7272445 0.5258167 -0.4411735 -0.7272433 0.5559422 -0.4664626 -0.6879977 0.4664742 -0.5559285 -0.688001 0.3628594 -0.6284847 -0.6879972 -0.6759241 0.1191705 -0.7272723 -0.4411849 -0.5257841 -0.7272599 -0.3432261 -0.5944077 -0.7272382 -0.2346327 -0.6449435 -0.7273207 0.4412046 0.5257685 -0.7272593 0.3431094 0.5943889 -0.7273086 -0.3431315 -0.5944322 -0.7272628 -0.4411349 -0.5257934 -0.7272835 -0.6449595 -0.2347403 -0.7272719 2.4674e-6 0.6863939 -0.72723 -0.1191667 0.6759226 -0.7272744 -0.2348047 0.6449678 -0.7272437 -0.5257638 0.4412508 -0.7272347 -0.5943668 0.3432129 -0.7272779 -0.6449814 0.2347592 -0.7272464 -0.1192124 0.6759195 -0.7272698 -0.2347773 0.6449825 -0.7272395 -0.3432067 0.5943562 -0.7272894 -0.4412465 0.5257616 -0.7272388 -0.5257668 0.4412527 -0.7272314 -0.5943645 0.3432134 -0.7272796 0.6449309 0.234815 -0.727273 -0.6449816 0.2347573 -0.7272467 0.6759162 0.119167 -0.7272802 -0.6759155 0.1191679 -0.7272808 0.686396 -7.48066e-6 -0.7272281 -0.6863957 -6.45498e-6 -0.7272284 0.6759164 -0.1191751 -0.7272787 -0.6759175 -0.1191743 -0.7272779 -0.645004 -0.2347283 -0.7272362 -0.6759124 0.1191682 -0.7272835 -0.6863933 -6.45495e-6 -0.7272306 -0.03127706 -0.7159916 0.697408 -0.1260311 -0.7146798 0.6880036 -0.2482147 -0.6819556 0.687987 -0.3628527 -0.6284863 0.6879993 -0.466511 -0.5559157 0.6879864 -0.5559177 -0.4664657 0.6880155 -0.6284868 -0.3628997 0.687974 -0.6819587 -0.2481932 0.6879917 -0.7146729 -0.1260075 0.6880151 -0.7160009 -0.03127366 0.6973986 0.0312494 -0.7159994 0.6974012 0.7160015 -0.03127294 0.6973981 0.7146385 -0.1260153 0.6880494 0.6819515 -0.2481974 0.6879973 0.6284792 -0.3628523 0.6880059 0.5559462 -0.4664735 0.6879872 0.4664942 -0.5559243 0.6879909 0.3628593 -0.6284844 0.6879975 0.2482143 -0.6819554 0.6879873 0.126014 -0.7146822 0.6880043 0.03128695 0.7159867 0.6974124 0.1260188 0.7146809 0.6880047 0.2482035 0.6819576 0.6879891 0.3628933 0.6284757 0.6879875 0.4664608 0.5559161 0.6880201 0.555907 0.4665073 0.6879959 0.628496 0.3628649 0.687984 0.6819587 0.2481932 0.6879917 0.7146736 0.1260074 0.6880143 0.7160038 0.03127348 0.6973955 -0.03125655 0.7160089 0.697391 -0.7160058 0.0312727 0.6973935 -0.7146374 0.1260155 0.6880505 -0.6819521 0.2481971 0.6879968 -0.6284701 0.3628871 0.6879959 -0.5559019 0.4664992 0.6880055 -0.4665005 0.5558992 0.6880069 -0.3628941 0.6284753 0.6879875 -0.2482056 0.681957 0.6879889 -0.1260024 0.7146833 0.6880053 -0.6864091 -7.48055e-6 0.7272157 -0.6759371 -0.1191781 0.727259 -0.6450232 -0.234732 0.7272179 -0.5943814 -0.3431793 0.7272818 -0.5257713 -0.4412584 0.7272246 -0.4411942 -0.5257951 0.7272464 -0.343243 -0.5944114 0.7272272 -0.2347372 -0.6449435 0.7272869 -0.1191794 -0.6759899 0.7272097 8.42352e-6 -0.6863389 0.7272819 0.1191898 -0.6759909 0.7272071 0.2347078 -0.6449667 0.7272759 0.3431621 -0.5944278 0.727252 0.4411577 -0.5258053 0.7272612 0.5257979 -0.4411913 0.7272462 0.5944187 -0.3432108 0.7272365 0.6449685 -0.2347916 0.7272473 0.6759502 -0.119175 0.7272474 0.6864092 -6.45439e-6 0.7272156 0.6759334 0.1191711 0.7272636 0.6449418 0.234821 0.7272616 0.5944081 0.3432483 0.7272273 0.5257952 0.4411928 0.7272472 0.44126 0.5257713 0.7272236 0.3431762 0.5943773 0.7272865 0.2347329 0.6450166 0.7272236 0.1191802 0.6759346 0.727261 5.53397e-6 0.6863973 0.7272268 -0.1191644 0.675934 0.7272641 -0.2347587 0.6449935 0.7272357 -0.3431664 0.5943814 0.7272879 -0.4412233 0.5257814 0.7272385 -0.5257742 0.4412569 0.7272234 -0.5943722 0.343215 0.7272724 -0.6449934 0.2347605 0.7272353 -0.675949 0.1191677 0.7272497 0.6759334 0.1191711 0.7272636 -0.5257742 0.4412569 0.7272235 0.3624523 -0.6277745 0.6888595 0.4666898 -0.555189 0.6884518 0.5559111 -0.466489 0.6880052 0.6284818 -0.3628825 0.6879876 0.6819577 -0.2481871 0.6879948 0.7146685 -0.1260039 0.6880204 0.7257098 -7.51543e-7 0.6880009 0.7144908 0.1254761 0.6883013 0.6814079 0.2485581 0.6884055 0.6284561 0.3628911 0.6880066 0.5559127 0.4664609 0.6880228 0.4664954 0.5559107 0.688001 0.3628342 0.6284785 0.688016 0.248201 0.6819484 0.6879991 0.1260137 0.7146688 0.6880182 2.25049e-5 0.7257089 0.6880019 -0.1259635 0.7146733 0.6880228 -0.2481788 0.6819521 0.6880034 -0.3628531 0.6284733 0.688011 -0.4664865 0.5559165 0.6880024 -0.5559399 0.466464 0.6879987 -0.6284822 0.3628488 0.6880051 -0.6819504 0.2481899 0.688001 -0.7145701 0.1259152 0.6881389 -0.7257145 6.94525e-7 0.687996 -0.7146726 -0.1260049 0.6880159 -0.6819407 -0.248196 0.6880084 -0.6284691 -0.3628585 0.6880118 -0.5559204 -0.4665008 0.6879894 -0.4664632 -0.5559092 0.6880241 -0.3631362 -0.6278194 0.6884585 -0.2478942 -0.681227 0.6888239 -0.125847 -0.713926 0.6888195 6.3363e-7 -0.7249569 0.6887943 0.1258487 -0.7139264 0.6888187 0.2478933 -0.6812282 0.6888229 0.7146779 0.1260046 0.6880104 0.681947 0.2481948 0.6880027 0.6284692 0.3628584 0.6880118 0.5559341 0.4664717 0.6879981 0.4664708 0.5559261 0.6880053 0.3630995 0.6278305 0.6884677 0.2479171 0.6812239 0.6888186 0.1258741 0.7139242 0.6888164 2.33188e-5 0.7249571 0.6887941 -0.1258217 0.7139283 0.6888217 -0.2478927 0.6812273 0.6888242 -0.3624165 0.6277828 0.6888709 -0.4666709 0.5552165 0.6884424 -0.5559433 0.4664658 0.6879948 -0.6284837 0.3628503 0.6880029 -0.68195 0.2481911 0.688001 -0.714668 0.1260058 0.6880205 -0.7257099 8.93213e-7 0.6880009 -0.7144851 -0.1254773 0.688307 -0.6814014 -0.24856 0.6884114 -0.6284651 -0.3628562 0.6880167 -0.5559167 -0.466497 0.687995 -0.4664592 -0.5559067 0.6880288 -0.3628692 -0.6284697 0.6880058 -0.2481787 -0.6819525 0.6880031 -0.1259872 -0.7146713 0.6880205 1.29922e-6 -0.7257089 0.6880019 0.1259899 -0.7146708 0.6880204 0.2481788 -0.6819521 0.6880034 0.3628879 -0.6284642 0.6880008 0.4664785 -0.5558996 0.6880214 0.555927 -0.4664923 0.68799 0.6284894 -0.362846 0.688 0.6819576 -0.2481876 0.6879948 0.7145701 -0.1259152 0.6881389 0.7257145 -7.60176e-7 0.687996 -0.71457 0.1259152 0.6881389 -0.7257145 7.80908e-7 0.687996 -0.7146723 -0.1260063 0.688016 -0.6819403 -0.2481974 0.6880084 -0.6284692 -0.3628584 0.6880119 -0.5559204 -0.4665009 0.6879894 0.4666619 -0.5552016 0.6884606 0.5559281 -0.4664965 0.6879862 0.6284909 -0.3628476 0.6879977 0.6819574 -0.248188 0.6879948 0.7146682 -0.1260049 0.6880204 0.7257098 -7.87825e-7 0.6880009 0.6284651 0.3628563 0.6880167 0.5559296 0.4664688 0.6880037 0.4664672 0.5559235 0.6880097 -0.5491253 0.2274567 0.8041921 -0.2274392 0.5491214 0.8041996 0.5773733 -0.5773624 0.5773152 -0.5773501 0.577334 0.5773668 -0.5773743 0.5773611 0.5773154 0.2274614 -0.5491186 0.8041954 0.5773501 -0.577334 0.5773667 -0.5491291 0.2274567 0.8041895 -0.2274553 0.549128 0.8041908 0.2274557 0.549131 0.8041884 0.5491191 0.2274569 0.8041962 0.577334 0.5773501 0.5773668 0.2274434 0.5491309 0.804192 0.5491241 0.2274559 0.8041932 0.5491452 -0.2274531 0.8041795 0.5491291 -0.2274568 0.8041895 0.2274552 -0.5491281 0.8041907 0.5773681 0.5773816 0.5773012 -0.2274557 -0.549131 0.8041885 -0.5491189 -0.2274568 0.8041964 -0.549128 -0.2274553 0.8041907 -0.2274566 -0.5491288 0.8041897 -0.577345 -0.5773611 0.577345 0.71457 -0.1259152 0.6881389 0.7257145 -7.80908e-7 0.687996 0.7146781 0.1260038 0.6880104 0.6819472 0.248194 0.6880027 0.6284604 0.3628929 0.6880017 0.5559173 0.4664636 0.6880172 0.4664989 0.5559134 0.6879965 -0.6284837 0.3628503 0.6880029 -0.6819505 0.2481895 0.6880011 -0.7146685 0.1260039 0.6880204 -0.7257098 7.51543e-7 0.6880009 -0.7144852 -0.125477 0.688307 0.4665068 -0.5558868 0.6880126 0.5559102 -0.4664844 0.6880089 0.6284803 -0.3628809 0.6879898 0.5944079 -0.3431854 0.7272573 0.5257591 -0.4411998 0.727269 -0.525758 -0.4411969 0.7272715 -7.74503e-7 -0.6863441 0.727277 0.1191557 -0.6759508 0.72725 0.2346988 -0.6449753 0.7272712 -0.4411951 -0.5257927 0.7272475 0.3432013 -0.5943729 0.7272783 0.4411975 -0.5257959 0.7272437 -0.5257634 -0.4411997 0.7272659 -0.441205 -0.5258024 0.7272346 -0.5183109 0.2041394 0.8304705 -0.4505886 0.2488124 0.8573578 0.4412066 -0.5257808 0.7272493 0.3432047 -0.5943845 0.7272672 -0.3432231 -0.5943668 0.727273 -0.2347218 -0.6449745 0.7272645 -0.119165 -0.6759499 0.7272493 -0.08016616 0.3678427 0.9264261 -0.04013669 0.3703677 0.9280178 -0.1191018 -0.675948 0.7272614 -0.2347275 -0.644966 0.7272702 -0.3432068 -0.5943709 0.7272774 0.2347218 -0.6449592 0.7272781 0.1191789 -0.6759515 0.7272455 9.0326e-6 -0.6863441 0.727277 0.3788988 0.2853141 0.8803588 0.4505652 0.2488291 0.8573653 0.5184727 0.2041212 0.8303738 0.5943856 -0.343208 0.7272649 -0.01041299 0.3767768 0.9262456 0.6422761 -0.2547685 0.7228932 0.7800922 -0.03794294 0.624513 0.01040768 0.37678 0.9262444 0.04014956 0.3703487 0.9280247 -0.9993419 0.02083492 0.02969777 -0.6366213 0.08946245 0.7659699 -0.5812674 0.1510349 0.7995728 -0.6440655 -0.2648991 0.7176406 -0.7903395 -0.03040581 0.6119142 0.7800948 -0.03794831 0.6245094 0.5813067 0.1510418 0.799543 0.6363894 0.08946382 0.7661624 0.999342 0.02082872 0.02969455 0.5257586 -0.4412142 0.7272607 -0.5944085 -0.3431839 0.7272574 0.6422671 -0.2547703 0.7229006 -0.7903398 -0.03040647 0.6119139 -0.6440702 -0.2649011 0.7176358 0.08017772 0.3678554 0.92642 0.1204324 0.3638204 0.9236508 -0.1605186 0.3583645 0.9196786 -0.1205086 0.363931 0.9235973 0.1602438 0.3582394 0.9197753 0.2003569 0.3509663 0.9147021 -0.2400317 0.3419869 0.9085317 -0.2003653 0.3510459 0.9146696 -0.3789062 0.2853111 0.8803566 -0.3204995 0.3128008 0.8941117 -0.2791205 0.3311926 0.9013341 0.2398718 0.3419556 0.9085857 0.2790576 0.3310958 0.9013892 0.32064 0.312748 0.8940798 -0.3078268 0.8602177 0.4065322 -0.2210678 0.8891271 0.4007272 -0.2647408 0.8759648 0.4032347 -0.1328919 0.9080092 0.3973151 -0.1770651 0.899824 0.3987039 -0.04439562 0.9172599 0.3958075 -0.0886622 0.9138361 0.3962861 0.04434424 0.917264 0.3958036 1.0998e-5 0.9184358 0.3955703 0.1329011 0.9080191 0.3972894 0.0886861 0.9138306 0.3962934 0.2210922 0.8891325 0.4007014 0.1770589 0.8998155 0.3987258 0.3508133 0.8386635 0.4166215 0.3080227 0.8597858 0.4072967 0.2647126 0.8759612 0.4032608 0.4158132 0.8029866 0.4269802 0.492986 0.7510062 0.439266 0.5642474 0.6884915 0.4556362 0.6277731 0.6155006 0.476508 0.6812505 0.5322923 0.5025561 0.7223055 0.4393606 0.534076 -0.3528975 0.8384547 0.4152795 -0.4157922 0.8029795 0.4270139 -0.4930038 0.7509943 0.4392664 -0.5642886 0.688468 0.4556207 -0.6277828 0.6154968 0.4765003 -0.6812382 0.5323027 0.502562 -0.7223106 0.4393567 0.5340724 0.3015288 0.3015167 0.9045265 -0.3015303 0.3015319 0.9045209 0.7272927 0 0.6863275 0.7272511 -0.6449705 0.234774 0.7272498 -0.5944191 0.343182 0.7272436 0.1192466 0.6759415 0.7272336 0.2347053 0.6450154 0.727307 0.3431468 0.5943694 0.7272322 0.4412491 0.5257686 0.7272461 0.5257582 0.4412387 0.7273005 0.594376 0.3431488 0.7272459 0.6759389 -0.1192477 0.7272247 0.6450235 -0.2347103 0.7273057 0.5943716 -0.3431455 0.727244 0.5257604 -0.4412394 0.7272565 0.441178 -0.5257946 0.7272584 0.3431795 -0.5944098 0.7272548 0.2347711 -0.6449674 0.7272728 -0.1191565 -0.6759261 0.3015359 -0.3015315 0.9045192 0.7272367 2.28764e-7 -0.6863868 0.7272728 0.119157 -0.675926 0.7272704 -0.5257838 0.441168 0.7272326 -0.4412489 0.5257683 0.7273071 -0.3431468 0.5943692 0.7272334 -0.2347058 0.6450153 0.7272439 -0.1192466 0.6759414 0.7272244 0.6450237 0.2347108 0.7272579 0.6759264 0.1192458 0.7272944 0.6863256 2.41821e-7 0.7272549 -0.2347708 -0.6449675 0.7272584 -0.3431791 -0.5944101 0.7272564 -0.4411777 -0.5257951 0.7272684 -0.5257854 -0.4411694 0.7272545 -0.5944147 -0.3431795 0.7272515 -0.64497 -0.2347741 0.7272755 -0.6759228 -0.1191586 0.7272441 -0.686379 -2.32234e-7 0.7272785 -0.6759197 0.1191576 -0.3015342 -0.3015165 0.9045247 -0.727225 0.6450231 0.2347108 -0.7273008 0.5943759 0.3431486 -0.7272461 0.5257582 0.4412385 -0.7272335 -0.2347051 0.6450154 -0.7273076 -0.3431447 0.5943698 -0.7272324 0.441249 0.5257685 -0.7273075 0.3431451 0.5943695 -0.7272334 0.2347068 0.645015 -0.7272555 0.4411798 -0.5257945 -0.7272592 0.3431766 -0.5944106 -0.7272549 0.2347703 -0.6449676 -0.7272444 0.5257593 -0.4412401 -0.7273055 0.5943716 -0.3431461 -0.7272245 0.6450236 -0.2347109 -0.7272451 0.6759398 -0.119248 -0.7273025 0.6863172 -2.35281e-7 -0.7272484 0.6759364 0.119247 -0.7272322 -0.4412492 0.5257686 -0.7272704 -0.5257833 0.4411686 -0.7272497 -0.5944188 0.3431826 -0.7272547 -0.2347722 -0.6449672 -0.7272725 -0.1191603 -0.6759258 -0.7272366 -2.38568e-7 -0.6863869 -0.7272725 0.1191594 -0.6759259 -0.7272435 0.1192496 0.6759412 -0.7272928 2.4182e-7 0.6863274 -0.7272436 -0.1192488 0.6759412 -0.7272518 -0.6449696 0.2347745 -0.7272873 -0.6759105 0.1191562 -0.727234 -0.6863896 2.38569e-7 -0.7272745 -0.6759238 -0.1191583 -0.7272512 -0.6449705 -0.2347741 -0.7272544 -0.5944151 -0.3431791 -0.7272686 -0.5257852 -0.4411693 -0.7272559 -0.4411793 -0.5257945 -0.7272591 -0.3431773 -0.5944103 0.3078997 -0.8601896 0.4065363 0.22109 -0.8891322 0.4007034 0.2647075 -0.875964 0.403258 0.1328985 -0.908017 0.3972948 0.1770517 -0.8998154 0.3987293 0.04439532 -0.9172654 0.3957945 0.0886718 -0.9138323 0.3962928 -0.0443443 -0.9172636 0.3958043 -1.10593e-5 -0.9184367 0.395568 -0.1328944 -0.9080126 0.3973062 -0.08867663 -0.9138334 0.3962892 -0.22107 -0.8891275 0.4007248 -0.1770725 -0.8998227 0.3987035 -0.3509064 -0.8386242 0.4166225 -0.3080322 -0.8597552 0.4073541 -0.2647457 -0.8759624 0.4032363 -0.4157459 -0.8030176 0.4269872 -0.4930251 -0.7509821 0.4392631 -0.5642489 -0.6884884 0.4556393 -0.6277732 -0.6155006 0.4765082 -0.6812504 -0.5322916 0.5025571 -0.7223047 -0.4393613 0.5340763 0.3528923 -0.8384225 0.4153491 0.4157633 -0.8030107 0.4269831 0.4930042 -0.7509941 0.4392663 0.5642887 -0.6884688 0.4556196 0.6277831 -0.6154958 0.4765013 0.6812383 -0.5323015 0.502563 0.7223105 -0.4393574 0.5340717 0.7903398 0.03040558 0.6119138 0.6440653 0.264899 0.7176409 0.5944086 0.343184 0.7272574 0.5257838 0.4411825 0.7272616 0.4411791 0.525779 0.7272671 0.34318 0.5943986 0.7272674 0.2347247 0.6449623 0.7272743 0.1191805 0.6759513 0.7272455 1.29797e-5 0.6863441 0.727277 -0.1191664 0.6759499 0.727249 -0.234715 0.6449727 0.7272683 -0.3431859 0.5944104 0.7272549 -0.4411941 0.5257869 0.7272524 -0.5257829 0.4411774 0.7272654 -0.5944124 0.3431856 0.7272535 -0.6422772 0.2547689 0.722892 -0.7800939 0.03794467 0.6245108 -0.4157969 0.80299 0.4269896 -0.4930241 0.7509835 0.4392621 -0.564252 0.6884885 0.4556351 -0.6277857 0.6154946 0.4764993 -0.6812629 0.5322815 0.5025508 -0.7223098 0.4393579 0.5340723 -0.3078061 0.8602225 0.4065375 -0.3528994 0.8384279 0.415332 -0.2210733 0.8891268 0.4007247 -0.2647457 0.875963 0.4032353 -0.1328883 0.9080135 0.3973063 -0.1770608 0.8998239 0.3987058 -0.04434019 0.9172642 0.3958033 -0.08865952 0.9138367 0.3962852 0.04434019 0.9172662 0.3957989 -1.10592e-5 0.918436 0.3955699 0.1328969 0.9080176 0.3972938 0.08867478 0.9138292 0.3962993 0.2210894 0.8891323 0.4007037 0.1770585 0.8998163 0.3987243 0.3508054 0.8386917 0.4165716 0.3080441 0.8597814 0.4072898 0.2647072 0.8759638 0.4032588 0.7223007 0.4393642 0.5340795 0.6812261 0.5323095 0.502571 0.6277738 0.6154985 0.4765098 0.5642882 0.6884686 0.4556204 0.492999 0.7509949 0.4392706 0.4157932 0.8029808 0.4270102 0.415793 -0.8030031 0.4269685 0.4929856 -0.7510074 0.4392645 0.564251 -0.6884907 0.4556331 0.6277859 -0.6154941 0.4764996 0.6812627 -0.5322845 0.5025479 0.72231 -0.4393573 0.5340725 0.7903397 0.03040581 0.611914 0.6440702 0.2649011 0.7176358 0.5943817 0.3432064 0.7272687 0.5258007 0.4412034 0.7272367 0.4411988 0.525763 0.7272668 0.3431929 0.5943955 0.7272639 0.234739 0.6449717 0.7272614 0.119168 0.6759496 0.727249 7.74503e-7 0.6863441 0.727277 -0.1191766 0.6759502 0.727247 -0.2347274 0.6449596 0.727276 -0.3431796 0.5944017 0.7272651 -0.4411761 0.5257794 0.7272686 -0.5257831 0.4411829 0.7272619 -0.5944077 0.3431853 0.7272574 -0.6422685 0.2547708 0.7228991 -0.7800967 0.03794878 0.624507 0.3079007 -0.860189 0.4065369 0.3528948 -0.838414 0.4153642 0.2210954 -0.889132 0.4007009 0.2647126 -0.8759616 0.4032603 0.1328949 -0.9080204 0.3972883 0.177047 -0.8998178 0.398726 0.04434013 -0.9172639 0.3958042 0.08866924 -0.9138311 0.396296 -0.04434031 -0.9172663 0.3957985 1.0998e-5 -0.9184365 0.3955684 -0.1328901 -0.9080113 0.3973109 -0.08866506 -0.913834 0.3962901 -0.2210671 -0.8891274 0.4007269 -0.1770724 -0.8998222 0.3987045 -0.3509142 -0.8386237 0.416617 -0.3080358 -0.8597548 0.407352 -0.2647402 -0.8759655 0.4032332 -0.7223008 -0.4393643 0.5340793 -0.6812258 -0.5323109 0.5025699 -0.6277735 -0.6154999 0.4765086 -0.5642881 -0.6884683 0.4556209 -0.4929982 -0.7509964 0.4392688 -0.415762 -0.8030122 0.4269818 0.5187659 -0.2041844 0.8301752 0.4508529 -0.2489032 0.8571924 -0.378795 -0.2853103 0.8804047 -0.4506277 -0.2488121 0.8573374 -0.5184676 -0.2041398 0.8303725 0.08044397 -0.367915 0.9263732 0.04011088 -0.3701846 0.9280919 -0.0101884 -0.3768597 0.9262143 -0.04009485 -0.3702037 0.9280849 0.01018291 -0.3768653 0.9262121 -0.5808895 -0.1511155 0.7998322 -0.6360511 -0.08949333 0.7664398 -0.9993415 -0.02083849 0.02970701 0.9993414 -0.02084052 0.0297048 0.6366258 -0.08944559 0.7659681 0.5810556 -0.1510807 0.7997182 -0.08041518 -0.367904 0.9263801 -0.1204324 -0.3638204 0.9236508 0.1602867 -0.3582378 0.9197684 0.120478 -0.3638231 0.9236438 -0.1602425 -0.358243 0.9197741 -0.2002155 -0.3510535 0.9146995 0.2397095 -0.341937 0.9086355 0.2003771 -0.3510322 0.9146724 -0.2396341 -0.3418833 0.9086756 -0.2791693 -0.3310983 0.9013537 -0.3205204 -0.3127984 0.8941051 0.3789978 -0.2854306 0.8802784 0.3207362 -0.312842 0.8940125 0.2790842 -0.3310216 0.9014082 0.397417 0.9170486 0.03289234 0.5788891 0.5788943 0.5742551 0.3196927 0.8691151 0.3774062 0.9170491 0.3974158 0.03289115 0.9006671 0.2808638 0.3315334 -0.9232545 -0.3765147 0.07640665 -0.9232544 0.3765141 0.07641011 -0.397416 -0.917049 0.03288978 -0.578886 -0.5788944 0.5742582 -0.3196965 -0.8691128 0.3774085 -0.8296176 -0.3380755 0.4443417 -0.8296123 0.338085 0.4443444 -0.9170492 -0.3974155 0.03289145 -0.9006674 -0.280847 0.3315466 -0.376513 -0.9232546 0.07641303 0.3765152 -0.923254 0.07641035 -0.3836737 -0.5969069 0.7046253 0.383667 -0.5969117 0.7046248 0.3019143 -0.3380799 0.8913753 0.3019084 0.3380811 0.8913767 0.1100497 -0.1100473 0.9878151 0.110052 0.1100504 0.9878145 -0.3019014 0.3380784 0.8913802 -0.3018954 -0.3380796 0.8913817 -0.1100492 0.1100472 0.9878152 -0.11005 -0.1100503 0.9878147 -0.3836655 0.5969119 0.7046255 0.3836767 0.5969089 0.7046219 -0.3765131 0.923255 0.07640874 0.3765128 0.9232547 0.07641303 -0.9170485 0.397417 0.03288996 -0.5788969 0.5788812 0.5742604 -0.9006679 0.2808583 0.3315361 -0.3974139 0.91705 0.03288972 -0.3197138 0.8691127 0.3773941 0.9170486 -0.3974168 0.03289228 0.5788974 -0.5788812 0.5742599 0.9006687 -0.280846 0.3315438 0.3974148 -0.9170495 0.03289222 0.31971 -0.8691151 0.3773919 0.9232542 -0.3765137 0.07641553 0.9232542 0.3765141 0.07641202 0.8296144 -0.3380866 0.4443393 0.8296197 0.338077 0.4443367 0.9996285 -0.02518439 0.01043325 0.7272671 -0.4411705 -0.5257863 0.7272517 -0.5258075 -0.4411705 0.7272791 -0.6759192 -0.119157 0.7272288 -0.6863952 -2.37754e-7 0.7272724 -0.6759261 0.1191586 0.7272571 -0.6449646 0.2347717 0.7273098 -0.3431438 0.5943677 0.7272274 -0.2347093 0.6450209 0.7272534 -0.5944153 -0.3431809 0.7272616 -0.6449599 -0.234771 0.7272592 -0.59441 0.3431776 0.7272586 -0.5257931 0.4411764 0.727234 -0.4412477 0.5257673 0.7272429 -0.1192519 0.6759414 0.727298 -1.11106e-6 0.6863219 0.7272483 0.1192469 0.6759365 0.7272251 0.234707 0.6450242 0.7273001 0.3431507 0.5943755 0.7272465 0.4412375 0.5257586 0.7272331 0.5257679 0.4412485 0.7273076 0.5943695 0.3431453 0.7272329 0.645015 0.2347082 0.7272515 -0.2347751 -0.6449697 0.7272555 -0.3431791 -0.5944137 0.7160112 0.03127014 0.6973882 0.9995431 0.02791452 0.01159489 0.7272424 0.6759427 -0.1192477 0.7160214 -0.0312727 0.6973775 0.7272999 0.6863198 2.35282e-7 0.7272434 0.6759415 0.1192483 0.7272259 0.6450226 -0.2347092 0.7273105 0.5943665 -0.3431443 0.7272334 0.525768 -0.4412478 0.7272678 0.4411702 -0.5257856 0.7272555 0.3431791 -0.5944136 0.7272519 0.2347741 -0.6449697 0.7272742 0.1191581 -0.6759243 0.727239 2.45103e-7 -0.6863844 0.7272742 -0.1191582 -0.6759244 0.04292118 -0.922994 0.3824132 0.1324179 -0.9156509 0.379538 0.5458998 -0.7740614 0.3206592 0.471414 -0.8147709 0.3375162 0.3917849 -0.8499858 0.3521774 0.308871 -0.8787707 0.3638142 0.2209649 -0.9011189 0.3730406 0.6806082 -0.6768379 0.2804692 0.6163195 -0.72754 0.30139 0.7923495 -0.5635556 0.2336398 0.7398497 -0.6215549 0.2574722 0.880573 -0.4377562 0.181551 0.8396466 -0.5017805 0.2078703 0.944209 -0.3042436 0.1261163 0.9156013 -0.371455 0.1539341 0.9946919 -0.09511804 0.03925025 0.9838079 -0.1657566 0.06816738 0.9671594 -0.2347851 0.09735947 0.7146741 -0.1259936 0.6880164 0.6819519 -0.2482006 0.6879957 0.628414 -0.3628401 0.6880719 0.5559455 -0.4664609 0.6879963 0.4664716 -0.5559642 0.6879739 0.3628186 -0.6284629 0.6880387 0.2481396 -0.681974 0.6879959 0.1259267 -0.7146855 0.6880168 0.03128969 -0.7159951 0.6974038 -0.04292017 -0.9230001 0.3823986 -0.03128987 -0.7159873 0.6974117 -0.7149665 0.1132617 0.6899237 -0.7152856 0.02813225 0.6982657 0.4665449 0.5559277 0.6879537 0.3628171 0.6284699 0.688033 -0.02803856 0.715203 0.6983541 0.03119939 0.7159893 0.6974138 -0.7160106 -0.0312702 0.6973888 -0.7146621 -0.1259688 0.6880334 -0.2481499 -0.6819694 0.6879968 -0.1259266 -0.714685 0.6880173 -0.6819141 -0.2482204 0.688026 -0.6284384 -0.3628364 0.6880516 -0.5559072 -0.4665447 0.6879704 -0.4664134 -0.5559457 0.6880283 -0.3629055 -0.6284478 0.6880066 0.7147301 0.1259861 0.6879597 0.6819453 0.2481743 0.6880117 0.2482192 0.6819566 0.6879844 0.1259678 0.7146854 0.6880094 -0.1132695 0.71501 0.6898773 -0.2237614 0.6885156 0.6898385 -0.3286347 0.6450104 0.6898992 0.6284726 0.3628619 0.688007 0.5559425 0.4664075 0.688035 -0.4255581 0.585683 0.6898375 -0.5119038 0.5118921 0.6898703 -0.5856665 0.4255418 0.6898614 -0.6450373 0.3286415 0.6898708 -0.6885224 0.2237128 0.6898475 -0.6801002 -0.6773298 0.2805142 -0.7398378 -0.6216407 0.2572991 -0.9995431 -0.02791482 0.01159507 -0.9908259 -0.1248285 0.05178683 -0.9671275 -0.2349345 0.09731644 -0.9155732 -0.371563 0.1538394 -0.9441505 -0.304416 0.1261385 -0.7924601 -0.5635293 0.2333273 -0.8399684 -0.5013722 0.2075551 -0.8800666 -0.4387581 0.1815884 -0.6166692 -0.7273985 0.3010157 -0.5457998 -0.7741203 0.3206873 -0.4713828 -0.8147463 0.3376196 -0.3918032 -0.8499545 0.3522325 -0.3092412 -0.8786069 0.3638952 -0.2206975 -0.9011381 0.3731524 -0.1323536 -0.9156048 0.3796718 -0.04291218 0.9230003 0.3823992 0.04292112 0.9230015 0.3823954 0.6801974 0.6772574 0.2804531 0.7402053 0.6212688 0.2571405 0.9908405 0.1247285 0.0517506 0.9670248 0.2352962 0.09746217 0.9156429 0.3714267 0.1537542 0.9438359 0.3052475 0.1264822 0.7921596 0.5639125 0.2334222 0.8398703 0.5015052 0.2076304 0.880288 0.4383687 0.1814557 0.616418 0.7275845 0.3010812 0.5457951 0.774125 0.3206844 0.471461 0.8147093 0.3375996 0.3916506 0.850021 0.3522418 0.3089232 0.8787081 0.3639212 0.2206964 0.9011384 0.3731527 0.1323515 0.915606 0.3796694 -0.9996286 0.02518105 0.01043069 -0.7272336 -2.28765e-7 -0.6863901 -0.7272742 0.1191575 -0.6759244 -0.7272519 0.2347728 -0.6449701 -0.7272552 0.3431795 -0.5944138 -0.7272679 0.4411693 -0.5257862 -0.7272329 0.5257687 -0.4412478 -0.7273094 0.594368 -0.3431441 -0.727309 0.5943678 0.3431454 -0.7272328 0.6450154 0.2347075 -0.7272431 0.675942 0.1192477 -0.7272327 0.5257689 0.441248 -0.727246 0.4412394 0.5257578 -0.7273009 0.3431487 0.5943758 -0.7272285 0.6450193 -0.2347102 -0.7272574 0.6759269 -0.1192461 -0.7272888 0.6863316 -2.41823e-7 -0.7272239 0.2347139 0.6450231 -0.7272483 0.119247 0.6759365 -0.7273027 2.48352e-7 0.6863168 -0.7272481 -0.1192471 0.6759366 -0.7272239 -0.2347142 0.645023 -0.7273013 -0.3431466 0.5943765 -0.7272456 -0.4412395 0.5257581 -0.7272562 -0.5257954 0.4411776 -0.7272571 -0.5944117 0.3431789 -0.7272595 -0.6449621 0.2347711 -0.7272793 -0.1191576 -0.6759189 -0.7272517 -0.2347744 -0.6449697 -0.7272736 -0.675925 -0.1191585 -0.727241 -0.6863822 2.3203e-7 -0.727273 -0.6759255 0.1191587 -0.7272557 -0.6449657 -0.2347735 -0.7272582 -0.5944116 -0.3431771 -0.7272567 -0.5257953 -0.4411768 -0.7272677 -0.4411703 -0.5257856 -0.7272552 -0.3431799 -0.5944135 -0.1722705 0.9099655 0.3772076 -0.3379986 0.8694348 0.3603334 -0.4912526 0.8046191 0.3335555 -0.6276084 0.7192463 0.2979806 -0.743926 0.6173939 0.2557321 -0.8388677 0.5028986 0.2083125 -0.9117351 0.3795112 0.1571959 -0.9626501 0.2501341 0.1036231 -0.9918949 0.1173911 0.04861915 -0.04335325 0.1105302 -0.9929268 0.0434072 0.1105257 -0.9929249 -0.04162526 0.001320302 -0.9991324 0.04336327 -0.110532 -0.9929261 -0.9991822 0.002093613 -0.04038161 -0.9929308 0.1105019 -0.04333531 -0.8898932 0.4283321 -0.1569131 -0.7146849 -0.6879997 -0.126024 -0.8491184 0.4283472 -0.309058 -0.6819323 -0.6880145 -0.2482022 -0.7825628 0.4283317 -0.4518049 -0.6284888 -0.6880002 -0.3628467 -0.6922001 0.4283359 -0.5808506 -0.5559307 -0.6880017 -0.4664705 -0.580781 0.4283235 -0.6922661 -0.4664843 -0.6879914 -0.5559318 -0.4517778 0.428347 -0.78257 -0.3628612 -0.6880153 -0.6284638 -0.3090545 0.4283164 -0.8491352 -0.248242 -0.6879827 -0.6819499 -0.1568812 0.4283505 -0.88989 -0.126056 -0.6880177 -0.7146618 -0.04144448 0.001389145 0.9991399 -0.04142981 -0.00138241 0.9991405 -0.1259877 0.6879927 0.714698 -0.1260598 -0.6879926 0.7146853 -0.2482387 0.6879969 0.6819369 -0.2482738 -0.6879954 0.6819256 -0.3628352 0.6880141 0.6284801 -0.3628613 -0.6880155 0.6284635 -0.4664405 0.6879909 0.5559694 -0.4664658 -0.6879899 0.5559493 -0.5559149 0.6880009 0.4664906 -0.5559276 -0.6880012 0.466475 -0.6284788 0.6880016 0.3628612 -0.6284978 -0.6880015 0.3628284 -0.6819247 0.6880171 0.2482158 -0.6819291 -0.6880174 0.2482029 -0.7146903 0.6879943 0.1260229 -0.7146881 -0.6879945 0.1260334 -0.9991405 -0.001404643 0.04142981 -0.9991404 0.001418948 0.04143023 0.9991822 0.002070724 0.04038321 0.99293 0.1105073 0.04333811 0.8898943 0.428327 0.156921 0.7146904 -0.6879943 0.1260218 0.8491191 0.4283486 0.309054 0.6819247 -0.6880171 0.2482158 0.7825734 0.4283342 0.451784 0.6284788 -0.6880016 0.3628612 0.6922092 0.4283342 0.580841 0.5559142 -0.6880001 0.4664925 0.5808173 0.4283298 0.6922319 0.4664555 -0.6879987 0.555947 0.4518035 0.4283353 0.7825616 0.3628469 -0.6880015 0.6284871 0.3090977 0.4283325 0.8491112 0.24822 -0.6880027 0.6819379 0.1569523 0.4283254 0.8898895 0.1259875 -0.687992 0.7146987 0.04335224 0.1105487 0.9929248 0.04154992 0.001323044 0.9991356 0.156952 0.4283496 -0.8898779 0.1568964 -0.4283499 -0.8898877 0.309076 0.4283217 -0.8491246 0.3090199 -0.4283202 -0.8491458 0.4518436 0.428335 -0.7825385 0.4517806 -0.4283355 -0.7825748 0.5900615 0.3967291 -0.7031596 0.5900385 -0.396724 -0.7031818 0.7660453 -6.36104e-6 -0.6427866 0.76604 -6.36103e-6 -0.6427929 0.8660202 2.66632e-7 -0.5000092 0.8660145 2.28541e-7 -0.5000189 0.939688 6.24677e-6 -0.342033 0.9396811 6.24676e-6 -0.3420519 0.9039905 0.3967253 -0.159406 0.9039876 -0.3967308 -0.1594087 0.9929271 0.1105338 -0.04333645 0.9929274 -0.1105317 -0.04333388 0.5773503 -0.5773503 0.5773503 1 -1.20141e-5 1.15161e-5 1 1.21045e-5 -1.3091e-5 0.7070992 -0.7071145 -1.62871e-5 -0.1924422 -0.9622516 0.192452 -0.5773696 0.5773432 0.577338 -0.5773655 0.5773785 -0.5773069 7.87845e-6 -1 1.16493e-5 -0.7070937 -0.7071199 1.13902e-5 0.1924436 -0.9622529 0.1924443 7.87369e-6 -1 5.78669e-6 -0.5773342 -0.5773299 0.5773867 -1 -1.21044e-5 -1.15162e-5 -1 1.21045e-5 1.3129e-5 0.5773694 0.5773437 -0.5773378 0.5773656 0.5773785 0.5773068 -0.6763598 -0.7268579 0.1192265 0.7166209 -0.694934 -0.05934113 -0.6868327 -0.7268157 -9.90788e-6 0.7188113 -0.6949233 0.0197978 -0.6763597 -0.7268536 -0.1192541 -0.5947742 -0.7268524 0.3434086 0.658532 -0.6949064 -0.2888613 -0.645407 -0.7268257 0.2348919 0.6862799 -0.6949363 -0.2146708 0.7057712 -0.6948979 -0.1378549 -0.1191907 -0.7268588 0.6763653 0.1956273 -0.694921 -0.6919644 -0.2349449 -0.7268294 0.6453837 0.2705169 -0.6949319 -0.666251 -0.3434207 -0.7268434 0.5947781 6.84394e-6 -0.726812 0.6868366 0.04936981 -0.6979305 -0.7144619 0.1183432 -0.6949079 -0.709294 -0.3433667 -0.7268468 -0.5948052 0.3069197 -0.6949182 0.6502992 -0.2349501 -0.7268222 -0.6453897 0.2334924 -0.6949207 0.6801224 -0.1193912 -0.7268273 -0.6763637 -0.5261352 -0.726828 0.4414781 0.579445 -0.6949005 -0.4258602 0.6227461 -0.694938 -0.3595116 0.1191976 -0.7268568 0.6763662 -0.04916113 -0.6979323 -0.7144744 1.40005e-4 -0.7009627 -0.7131979 0.2349218 -0.7268146 -0.6454087 -0.3068763 -0.6949034 0.6503355 0.3433328 -0.7268532 -0.5948169 -0.3765224 -0.6949393 0.6126093 0.4414495 -0.7268407 -0.5261417 6.87616e-6 -0.7268794 -0.6867651 -0.0790863 -0.6949338 0.7147115 0.119398 -0.7268261 -0.6763638 -0.1572412 -0.6948994 0.701705 -0.2334836 -0.6949361 0.6801097 0.1572256 -0.6949058 0.7017023 0.0790857 -0.6949341 0.7147112 -3.26223e-7 -0.6949161 0.7190909 0.7122814 -0.694912 0.09875535 0.6970772 -0.6949315 0.1765038 -0.6454184 -0.7268183 -0.2348836 0.3422222 -0.6949058 -0.6324476 0.4097549 -0.6949333 -0.590905 -0.4414846 -0.726841 0.5261117 0.4722672 -0.6949101 -0.5422764 0.5290322 -0.6949316 -0.4870268 0.234917 -0.7268177 0.6454069 -0.1957539 -0.6949207 -0.6919291 -0.1183407 -0.6949116 -0.7092907 0.5948126 -0.7268067 0.3434388 -0.5794017 -0.6949242 -0.4258804 0.5261597 -0.7268532 0.4414073 -0.5290688 -0.6949176 -0.487007 0.4414827 -0.7268467 0.5261055 0.6453658 -0.7268467 -0.2349403 -0.6970745 -0.6949312 0.1765159 0.6763575 -0.7268564 -0.1192495 -0.7122825 -0.6949093 0.0987659 0.6868246 -0.7268233 -6.07219e-6 -0.4416776 -0.694894 0.5674886 -0.5014113 -0.6949397 0.5154082 0.5261139 -0.7268385 -0.4414861 -0.5550786 -0.6949173 0.4571408 0.5947882 -0.7268274 -0.3434371 -0.5260852 -0.7268187 -0.441553 0.501432 -0.6949283 0.5154036 -0.4414516 -0.7268407 -0.5261399 0.4417044 -0.6949115 0.5674463 0.3765848 -0.6949261 0.6125862 0.6734531 -0.6949125 0.2521064 0.6416068 -0.6949144 0.324707 -0.5947464 -0.726875 -0.3434088 0.6019684 -0.6949329 0.3933222 0.5550845 -0.6949083 0.4571474 -0.4722645 -0.694915 -0.5422726 -0.4097544 -0.6949333 -0.5909053 0.3433871 -0.7268506 0.5947887 -0.3422788 -0.6949003 -0.6324229 -0.2706331 -0.6949348 -0.6662007 -0.7188078 -0.694927 0.01979464 -0.7166323 -0.6949186 -0.05938363 0.6763594 -0.7268579 0.1192302 -0.7057512 -0.6949232 -0.1378293 0.6453543 -0.7268529 0.2349525 -0.6019791 -0.6949218 0.3933253 -0.6415959 -0.6949143 0.3247292 -0.6734429 -0.6949134 0.2521314 -0.6863102 -0.6949235 -0.2146149 -0.6585316 -0.6949065 -0.2888619 -0.6227157 -0.6949261 -0.3595873 3.23238e-7 0.6949067 0.7190999 0.07908666 0.6949302 0.7147148 0.1572297 0.6948893 0.7017178 0.2334958 0.6949132 0.6801289 0.3068683 0.6949113 0.6503308 0.3765356 0.6949207 0.6126223 0.4416729 0.6948958 0.5674901 0.5013994 0.6949204 0.5154458 0.5551163 0.6949021 0.4571183 0.6020043 0.6949189 0.3932919 0.6416071 0.6949003 0.3247367 0.6734519 0.6949018 0.252139 0.6970778 0.6949263 0.1765224 0.7122956 0.6948955 0.09876912 0.7188224 0.6949119 0.01979869 0.7166284 0.6949272 -0.05932873 0.7057825 0.6948909 -0.1378322 0.6862967 0.6949222 -0.2146624 0.6585413 0.6948958 -0.2888653 0.6227355 0.6949316 -0.3595424 0.5794266 0.6948974 -0.4258902 0.5290437 0.6949158 -0.4870368 0.4722724 0.6949023 -0.5422819 0.4097575 0.6949284 -0.590909 0.3422805 0.6948993 -0.6324232 0.2706392 0.6949184 -0.6662154 0.1957558 0.6949114 -0.6919378 0.118342 0.6949037 -0.7092983 0.04916125 0.6979312 -0.7144755 -1.40006e-4 0.700957 -0.7132037 -0.04937088 0.697914 -0.7144778 -0.1183449 0.6948969 -0.7093045 -0.1956284 0.6949173 -0.6919679 -0.2705218 0.6949187 -0.6662628 -0.3422287 0.6948899 -0.6324616 -0.4097584 0.6949263 -0.5909109 -0.472269 0.6949083 -0.5422772 -0.529079 0.6949034 -0.4870162 -0.5794316 0.6949141 -0.4258563 -0.6227422 0.6949149 -0.3595629 -0.6585336 0.6949017 -0.288869 -0.6863209 0.6949068 -0.2146351 -0.7057542 0.6949153 -0.1378542 -0.7166367 0.6949136 -0.05938935 -0.7188134 0.694921 0.01979917 -0.712298 0.6948952 0.09875357 -0.6970856 0.6949233 0.1765034 -0.67346 0.6949046 0.2521097 -0.64161 0.6949128 0.3247044 -0.6019691 0.6949076 0.393366 -0.5550576 0.6949105 0.4571768 -0.5014519 0.6949343 0.515376 -0.441727 0.6948783 0.5674693 -0.3765797 0.6949256 0.6125897 -0.3069318 0.6948972 0.6503159 -0.2334848 0.6949282 0.6801174 -0.1572436 0.6948854 0.7017185 -0.07908689 0.6949229 0.7147219 -0.06488364 0.9276047 -0.3678852 -0.03258842 0.9276195 -0.3721021 -1.90246e-6 0.9276158 -0.3735361 0.03259235 0.9276162 -0.3721099 0.06488263 0.9276046 -0.3678858 0.09668129 0.9276238 -0.3607864 0.1277747 0.927604 -0.3510335 0.1578424 0.9276126 -0.338557 0.18676 0.9276114 -0.3235086 0.2142534 0.9276207 -0.3059664 0.2401149 0.9276055 -0.2861698 0.2641187 0.927622 -0.2641191 0.2861781 0.9276096 -0.2400885 0.3721301 0.9276098 -0.03254812 0.3735306 0.9276179 -4.52019e-6 0.3721406 0.9276056 0.03254455 0.3678436 0.9276231 0.06485807 0.1277708 0.9276064 0.3510289 0.0966835 0.9276223 0.3607896 0.06488442 0.9276015 0.3678934 0.03253573 0.9276308 0.3720787 0 0.9275923 0.3735941 -0.03253585 0.9276329 0.3720734 -0.06488287 0.9276017 0.3678931 -0.09668493 0.9276182 0.3608 0.3060033 0.9276044 -0.2142713 0.3234727 0.9276229 -0.1867654 0.3385545 0.9276048 -0.157893 0.3509811 0.9276267 -0.1277533 0.3608468 0.9276002 -0.09668272 0.3678366 0.9276251 -0.0648685 0.360839 0.9276031 0.09668403 0.3509736 0.9276308 0.1277449 0.3385335 0.9276087 0.1579148 0.3235067 0.9276057 0.1867917 0.3060114 0.9276072 0.2142477 -0.1277584 0.9276 0.3510502 -0.1578344 0.9276288 0.3385161 -0.1867817 0.9276104 0.3234988 -0.2142428 0.9276108 0.3060038 -0.2401117 0.9276291 0.2860957 0.2861365 0.9276193 0.2401006 0.2641505 0.9276054 0.2641457 0.2401353 0.9276124 0.2861298 0.2142572 0.9276171 0.3059743 0.1867606 0.9276124 0.3235052 0.1578411 0.927616 0.3385481 -0.2142368 0.9276142 -0.3059979 -0.1867843 0.9276097 -0.3234996 -0.1578347 0.9276245 -0.3385277 -0.1277619 0.9275972 -0.3510562 -0.09668141 0.9276233 -0.3607876 -0.3059605 0.9276134 -0.2142934 -0.2861716 0.9275995 -0.2401356 -0.2641569 0.927613 -0.2641124 -0.240091 0.9276235 -0.2861314 -0.3608438 0.9276008 0.09668934 -0.367844 0.9276226 0.06486219 -0.3721507 0.9276017 0.03254526 -0.3735445 0.9276123 -1.50485e-6 -0.3721366 0.9276074 -0.03254431 -0.3678433 0.9276221 -0.06487238 -0.3608512 0.9275978 -0.09669005 -0.350986 0.9276238 -0.1277616 -0.3386126 0.9275883 -0.1578658 -0.3234738 0.9276317 -0.1867198 -0.2641865 0.927598 0.2641357 -0.2861285 0.9276111 0.240142 -0.3059617 0.9276206 0.2142602 -0.3235089 0.9276171 0.1867311 -0.3385878 0.927593 0.157891 -0.3509827 0.9276269 0.127749 -0.0805298 0.3864892 -0.9187716 -0.1600834 0.3864896 -0.9082947 -0.238628 0.3865026 -0.8908829 -0.3154506 0.3864858 -0.8666716 -0.3898031 0.3865014 -0.8358651 -0.4611489 0.386499 -0.7987242 -0.5289779 0.3864939 -0.7555163 -0.5928677 0.3865073 -0.7064843 -0.6522119 0.3864989 -0.652103 -0.7064095 0.3864818 -0.5929734 -0.7553875 0.3865064 -0.5291529 -0.7987241 0.3864934 -0.4611538 -0.8359354 0.3864977 -0.3896557 -0.8667082 0.3864681 -0.315372 -0.8908574 0.3864987 -0.2387299 -0.9082752 0.386481 -0.1602143 -0.9187813 0.3865092 -0.08032196 -0.9223051 0.3864628 -5.45358e-6 -0.9187832 0.3865084 0.08030486 -0.9082801 0.386483 0.1601824 -0.8908491 0.3864979 0.238762 -0.8667014 0.3864728 0.3153847 -0.8358874 0.3865125 0.3897438 -0.7987486 0.3864699 0.4611309 -0.7554826 0.3865201 0.5290069 -0.7064087 0.3864786 0.5929765 -0.652109 0.3864883 0.6522121 -0.5928106 0.3865005 0.7065359 -0.5290542 0.3864977 0.7554609 -0.4611424 0.3865038 0.7987256 -0.389635 0.3864991 0.8359444 -0.3154493 0.3864809 0.8666744 -0.2387247 0.3865034 0.8908568 -0.1601855 0.3864871 0.9082778 -0.08033359 0.3865146 0.918778 -1.63449e-7 0.3864688 0.9223025 0.08035928 0.3865202 0.9187734 0.160169 0.3864821 0.9082828 0.2387413 0.386517 0.8908464 0.3154359 0.3864699 0.866684 0.3895601 0.3865097 0.8359743 0.4611427 0.3864988 0.7987279 0.5290511 0.3864925 0.7554657 0.5928107 0.3864995 0.7065365 0.6521093 0.386488 0.6522121 0.7065107 0.3864979 0.5928423 0.7555878 0.3864982 0.5288726 0.798739 0.3864705 0.4611472 0.8358121 0.3864986 0.3899191 0.8666859 0.3865185 0.3153716 0.8908602 0.3864628 0.2387776 0.908259 0.3865342 0.1601778 0.9187994 0.3864681 0.08031421 0.9222834 0.3865147 1.52115e-6 0.9187961 0.3864735 -0.080325 0.9082548 0.3865309 -0.1602096 0.8908742 0.3864616 -0.2387272 0.8666949 0.3865245 -0.3153394 0.8358548 0.3864867 -0.3898395 0.7987262 0.3864963 -0.4611477 0.755494 0.3864913 -0.5290117 0.7065165 0.3864961 -0.5928366 0.6522148 0.3864938 -0.6521031 0.5928673 0.386504 -0.7064864 0.5289864 0.3864975 -0.7555086 0.4611471 0.3865009 -0.7987242 0.3897288 0.3865038 -0.8358985 0.3154363 0.3864684 -0.8666847 0.2386429 0.3865159 -0.8908731 0.1600641 0.3864817 -0.9083014 0.08056253 0.3864951 -0.9187662 -3.44296e-6 0.3865172 -0.9222823 0.154465 -0.6951396 0.7020838 0.07770937 -0.6951052 0.7146958 2.06608e-5 -0.8386236 -0.5447115 0.6927091 -0.6951094 -0.1922942 -0.4717742 -0.8386018 0.2723532 0.6678399 -0.6951168 -0.2660875 0.6351392 -0.6951115 -0.3367762 -0.1545671 -0.6951411 -0.7020597 -0.07782095 -0.6951027 -0.7146861 -2.06608e-5 -0.8386235 0.5447115 0.6351585 -0.6951125 0.3367378 0.5950044 -0.6951387 0.4034253 -0.4717589 -0.8386025 -0.2723776 0.5479736 -0.6951121 0.4653432 0.4350611 -0.6951165 -0.5723068 0.4944183 -0.6951122 -0.5218904 0.4717742 -0.8386017 -0.2723532 -0.6678501 -0.6951175 0.2660601 -0.6927189 -0.6951085 0.1922622 -0.7094046 -0.6951351 -0.1163282 -0.692713 -0.695108 -0.1922852 0.4717588 -0.8386026 0.2723777 -0.494373 -0.6951105 0.5219355 -0.5478918 -0.6951133 0.4654377 0.3706449 -0.6951141 0.615986 0.3019338 -0.6951297 0.6524039 0.2295636 -0.6950905 0.6812855 4.67651e-6 -0.6951344 -0.7188798 0.07771563 -0.6951054 -0.714695 0.1544602 -0.6951406 -0.7020838 0.5479748 -0.6951126 -0.4653409 0.5950067 -0.6951386 -0.403422 -0.5949718 -0.6951406 -0.4034703 -0.5478917 -0.6951127 -0.4654387 -0.4943696 -0.6951102 -0.5219392 -0.4350606 -0.6951164 -0.5723071 -0.3706494 -0.6951139 -0.6159835 -0.3019338 -0.6951297 -0.6524039 -0.2295636 -0.6950905 -0.6812855 -0.7094087 -0.6951346 0.1163069 -0.717854 -0.6951027 0.03896009 -0.717851 -0.6951059 -0.03896045 -0.6678505 -0.6951176 -0.2660589 -0.6351389 -0.6951113 -0.3367772 4.11628e-6 -0.6951344 0.7188799 -0.07781583 -0.6951026 0.7146867 -0.1545736 -0.6951418 0.7020577 -0.4350611 -0.6951165 0.5723068 -0.5949701 -0.6951407 0.4034727 -0.6351402 -0.6951115 0.3367744 0.4944204 -0.6951119 0.521889 0.4350606 -0.6951164 0.5723071 0.7094046 -0.6951351 0.1163282 0.6927044 -0.6951088 0.1923136 0.6678553 -0.6951156 0.2660521 0.2294781 -0.6950889 -0.6813159 0.30185 -0.695132 -0.6524401 0.3706499 -0.6951139 -0.6159833 -0.2294781 -0.6950889 0.6813159 -0.3017718 -0.6951296 0.6524788 -0.3705695 -0.6951164 0.6160288 0.7094087 -0.6951346 -0.1163069 0.717854 -0.6951027 -0.03896009 0.717851 -0.6951059 0.03896045 -0.6678394 0.6951162 -0.2660905 -0.6927096 0.69511 -0.1922904 0.4717742 0.8386018 0.2723531 0.7094048 0.6951354 -0.1163259 0.6927136 0.6951085 -0.1922814 -0.4717588 0.8386024 0.2723777 -0.6351578 0.6951118 0.3367407 -0.5950046 0.695139 0.4034247 0.4717588 0.8386024 -0.2723779 -0.5479745 0.6951133 0.4653401 -0.494421 0.6951127 0.5218873 -0.3019334 0.695129 0.6524047 -2.06578e-5 0.8386235 -0.5447115 -0.2295634 0.6950902 0.6812858 -0.1544772 0.6951446 0.7020761 -0.07771861 0.6950999 0.7146999 -0.7094048 0.6951354 0.1163259 -0.6927049 0.6951093 0.1923097 -0.6678548 0.695115 0.2660546 -0.4944183 0.6951122 -0.5218904 -0.5479751 0.6951129 -0.4653402 0.1545553 0.695138 -0.7020654 0.07781165 0.6951081 -0.7146819 2.06578e-5 0.8386235 0.5447115 0.66785 0.6951171 -0.2660614 0.635138 0.6951103 -0.3367812 0.5949714 0.6951401 -0.4034715 -0.4350606 0.6951164 0.5723071 -0.370645 0.6951141 0.6159861 -0.7094089 0.6951348 -0.1163045 -0.717854 0.6951027 -0.03896039 -0.717851 0.6951059 0.03896081 -0.435061 0.6951164 -0.5723068 -0.5950066 0.6951385 -0.4034225 -0.6351382 0.6951103 -0.3367807 4.09771e-6 0.6951344 -0.7188799 -0.07772481 0.6951001 -0.7146991 -0.1544721 0.6951446 -0.7020772 0.5478922 0.6951134 -0.4654371 0.4943701 0.6951107 -0.5219382 0.4350606 0.6951164 -0.5723071 0.3706494 0.695114 -0.6159836 0.3019335 0.6951293 -0.6524043 0.2295635 0.6950907 -0.6812852 0.5949699 0.6951406 0.4034728 0.6351395 0.6951107 0.3367773 -0.4717742 0.8386017 -0.2723534 0.6678496 0.6951169 0.2660627 0.6927195 0.695109 0.1922584 4.65432e-6 0.6951344 0.7188798 0.07780653 0.6951078 0.7146826 0.1545615 0.6951378 0.7020643 -0.2294778 0.6950883 -0.6813165 -0.3018497 0.6951317 -0.6524405 -0.3706499 0.6951139 -0.6159833 0.7094089 0.6951348 0.1163045 0.717854 0.6951027 0.03896039 0.717851 0.6951059 -0.03896081 0.2294778 0.6950883 0.6813165 0.3017715 0.6951294 0.6524793 0.3705695 0.6951164 0.6160288 0.435061 0.6951164 0.5723068 0.4943733 0.6951108 0.5219349 0.547892 0.6951136 0.4654368 -2.06608e-5 -0.8386236 0.5447115 0.0777114 -0.695104 -0.7146967 0.1544826 -0.6951341 -0.7020853 0.4350099 -0.6951323 -0.5723264 0.4944451 -0.6950785 -0.52191 -0.4717741 -0.8386019 0.2723531 0.5479997 -0.6951302 -0.4652852 -0.1545777 -0.6951311 -0.7020674 -0.07781165 -0.6951081 -0.7146819 -4.11649e-6 -0.6951344 -0.7188799 0.1544876 -0.6951335 0.7020847 0.07770514 -0.6951038 0.7146976 2.06608e-5 -0.8386236 -0.5447115 0.6351392 -0.6951113 -0.3367766 0.6678398 -0.6951167 -0.266088 0.6926656 -0.6951334 -0.1923643 0.2294965 -0.6950954 -0.681303 -0.4717587 -0.8386026 -0.2723777 0.547999 -0.6951306 0.4652855 -0.5950276 -0.6951195 -0.4034242 0.4717588 -0.8386024 0.2723776 -0.3706224 -0.695102 -0.6160131 -0.3018947 -0.6951409 -0.65241 -0.2295821 -0.6950974 -0.6812721 0.4717741 -0.8386018 -0.2723531 -0.6678428 -0.6950953 0.2661365 -0.7094046 -0.6951352 -0.1163282 0.2295822 -0.6950974 0.6812722 -0.7094087 -0.6951346 0.1163069 -0.6678433 -0.6950953 -0.2661352 -0.6351 -0.6951546 -0.3367612 -4.67651e-6 -0.6951344 0.7188798 -0.07780653 -0.6951078 0.7146826 -0.154584 -0.6951314 0.7020657 -0.5950258 -0.6951197 0.4034265 -0.6351015 -0.6951546 0.3367586 0.4944477 -0.6950787 0.5219072 0.4350094 -0.6951323 0.5723268 0.7094509 -0.6950869 0.1163342 0.6926609 -0.6951327 0.1923837 -0.2294965 -0.6950954 0.681303 -0.3017326 -0.6951408 0.652485 -0.3705425 -0.6951045 0.6160585 0.709455 -0.6950863 -0.1163128 0.7178348 -0.6951271 -0.0388782 0.7178318 -0.6951302 0.03887856 -0.6678323 0.6950941 -0.2661661 0.4717741 0.8386019 0.2723532 0.1545778 0.6951316 -0.7020668 0.07780742 0.6951062 -0.7146841 2.06578e-5 0.8386235 0.5447116 0.7094514 0.6950873 -0.116329 0.6926701 0.6951325 -0.1923514 -0.4717587 0.8386024 0.2723779 -0.6351183 0.6951544 0.3367271 -0.5950595 0.695117 0.4033815 0.4717589 0.8386025 -0.2723776 -0.3018943 0.6951403 0.6524109 -2.06578e-5 0.8386237 -0.5447113 -0.2295817 0.6950964 0.6812733 -0.1544876 0.6951335 0.7020847 -0.07770937 0.6951052 0.7146958 -0.5950621 0.6951173 -0.403377 -0.6350994 0.6951534 -0.3367648 -0.370618 0.6951022 0.6160157 -0.7094048 0.6951354 0.1163259 -0.6678478 0.6950929 0.2661302 -4.65432e-6 0.6951344 -0.7188798 -0.07771563 0.6951054 -0.714695 -0.1544826 0.6951341 -0.7020853 0.5479167 0.695131 -0.4653819 0.4943971 0.6950771 -0.5219573 0.4350098 0.6951326 -0.5723261 0.3706494 0.6951139 -0.6159835 0.2295821 0.6950976 -0.6812719 -0.2294963 0.695095 -0.6813036 -0.3018106 0.695143 -0.6524467 -0.3706229 0.695102 -0.6160129 -0.4717741 0.8386018 -0.2723535 0.692676 0.695133 0.1923285 -4.09771e-6 0.6951344 0.7188799 0.0778023 0.695106 0.7146849 0.1545839 0.6951309 0.7020661 0.7094555 0.6950867 0.1163076 0.7178349 0.6951271 0.03887671 0.7178319 0.6951302 -0.03887712 0.2294963 0.6950949 0.6813036 0.4350101 0.6951323 0.5723263 0.4944 0.695077 0.5219547 0.5479167 0.6951311 0.4653818 -0.1544876 -0.6951335 -0.7020847 -0.07770937 -0.6951052 -0.7146958 4.23063e-6 -0.8386077 0.5447359 -0.4717548 -0.8386054 -0.2723755 0.6351389 -0.6951113 0.3367772 0.5949718 -0.6951406 0.4034703 0.1544928 -0.6950816 0.702135 0.0777024 -0.6951302 0.7146723 8.20474e-6 -0.8386128 -0.5447279 0.692681 -0.6951267 -0.1923326 -0.4717491 -0.8386113 0.2723675 0.6678501 -0.6951175 -0.2660597 0.6351403 -0.6951115 -0.3367741 -0.4944183 -0.6951123 0.5218904 -0.5479751 -0.6951129 0.4653402 0.4717598 -0.838608 -0.2723592 0.07780236 -0.6951065 -0.7146844 0.154584 -0.6951314 -0.7020657 -0.6678326 -0.6950945 0.2661643 -0.6927091 -0.6951094 0.1922942 -0.5950628 -0.695118 0.4033752 -0.6351004 -0.6951544 0.3367608 0.4943999 -0.695077 -0.5219548 0.4717549 -0.8386055 0.2723753 -0.4944205 -0.6951121 -0.5218884 -0.370618 -0.6951022 -0.6160157 -0.3018946 -0.6951409 -0.65241 -0.2295822 -0.6950974 -0.6812722 -0.7178539 -0.6951028 0.03896009 -0.7094032 -0.6951403 -0.1163065 -0.6927151 -0.6951037 -0.1922932 -0.6678481 -0.6950933 -0.2661284 -0.6351196 -0.6951557 -0.3367219 -0.07770717 -0.6951316 0.7146704 -0.1545859 -0.6950846 0.7021116 0.5479167 -0.6951308 0.4653822 0.4943966 -0.6950767 0.5219584 0.3706494 -0.6951139 0.6159835 0.3019338 -0.6951298 0.6524038 0.2295795 -0.6951231 0.6812468 0.6926695 -0.6951319 0.1923553 0.6678505 -0.6951177 0.2660589 0.5479165 -0.6951308 -0.4653822 0.5949698 -0.6951404 -0.4034734 -0.5950602 -0.6951177 -0.4033792 -0.5479738 -0.6951124 -0.4653424 -0.229585 -0.6951184 0.6812497 -0.3018109 -0.6951432 0.6524463 -0.3706229 -0.695102 0.6160129 0.7094495 -0.6950921 -0.1163119 0.7178347 -0.6951272 -0.0388782 0.3017718 -0.6951296 -0.6524788 0.3705695 -0.6951164 -0.6160288 -0.1544928 0.6950817 0.702135 -0.07770663 0.6951315 0.7146705 -8.2107e-6 0.838613 -0.5447278 -0.6678425 0.6950949 -0.2661382 -0.6927251 0.6951033 -0.1922587 0.4717492 0.8386111 0.2723675 0.4717548 0.8386054 -0.2723754 -0.6350991 0.6951535 0.3367652 -0.595027 0.6951189 0.4034261 0.1544876 0.6951336 -0.7020847 0.07770508 0.6951034 -0.714698 -4.22472e-6 0.8386036 0.5447424 -0.5478922 0.6951134 0.4654371 -0.4943701 0.6951107 0.5219382 -0.3706225 0.695102 0.6160132 -0.3018944 0.6951406 0.6524105 -0.2295793 0.6951226 0.6812474 -0.6927136 0.6951085 0.1922813 -0.667843 0.695095 0.266137 0.7094499 0.6950924 -0.1163073 0.6926722 0.6951282 -0.1923594 -0.4717534 0.8386065 0.2723751 0.6678548 0.695115 -0.2660546 0.6351578 0.6951118 -0.3367407 -0.7094033 0.6951406 -0.1163036 -0.7178539 0.6951028 -0.03896039 0.229582 0.6950972 -0.6812723 0.07770287 0.6951298 0.7146726 0.1545858 0.6950842 0.702112 -0.07780653 0.6951078 -0.7146826 -0.154584 0.6951314 -0.7020657 -0.4943733 0.6951108 -0.5219349 -0.547892 0.6951136 -0.4654368 0.5950069 0.6951389 0.4034214 0.6351385 0.6951106 0.3367795 -0.4717597 0.8386079 -0.2723595 0.6678394 0.6951162 0.2660905 0.6926661 0.6951339 0.1923604 0.4944453 0.6950787 0.5219095 0.5479999 0.6951307 0.4652843 -0.3017323 0.6951407 -0.6524853 -0.3705425 0.6951045 -0.6160585 -0.5950252 0.6951191 -0.4034285 -0.6351005 0.6951535 -0.3367626 0.5950046 0.695139 -0.4034247 0.5479991 0.6951309 -0.465285 0.4944483 0.6950794 -0.5219058 0.7178348 0.6951273 0.03887671 0.43501 0.6951329 -0.5723257 0.3706469 0.6951102 -0.6159893 0.3019327 0.6951314 -0.6524025 0.2295847 0.695118 0.6812503 0.3018497 0.6951318 0.6524405 0.3706499 0.6951139 0.6159833 0.6678506 -0.6951177 0.2660585 0.635139 -0.6951115 0.3367767 -0.4717515 -0.838608 -0.2723735 4.23063e-6 -0.8386077 0.5447358 -0.5950067 -0.6951387 0.403422 -0.6351392 -0.6951113 0.3367766 0.4717597 -0.838608 -0.272359 -0.6678398 -0.6951167 0.266088 -0.4717526 -0.8386086 0.2723696 0.6926811 -0.6951268 -0.1923322 0.7094495 -0.6950922 -0.1163113 0.6926696 -0.695132 0.1923549 0.4717549 -0.8386054 0.2723754 -0.6678554 -0.6951157 -0.2660517 0.5949716 -0.6951403 0.4034711 0.5478914 -0.6951124 0.4654393 0.4943696 -0.6951102 0.5219392 0.3019335 -0.6951292 0.6524046 8.20474e-6 -0.838613 -0.5447278 0.2295607 -0.6951152 0.6812613 0.1544822 -0.6950917 0.7021274 0.07771587 -0.6951262 0.7146747 0.7178318 -0.6951303 -0.03887784 0.7178348 -0.6951271 0.03887873 0.7094509 -0.6950869 0.1163339 -4.11649e-6 -0.6951343 -0.7188799 0.07781583 -0.6951026 -0.7146868 0.1545736 -0.6951418 -0.7020577 -0.6351586 -0.6951127 -0.3367374 -0.5950044 -0.6951387 -0.4034253 -0.5479736 -0.6951121 -0.4653432 -0.370645 -0.6951141 -0.6159861 -0.3019101 -0.6951206 -0.6524245 -0.2295508 -0.6951065 -0.6812734 -0.1545859 -0.6950846 0.7021116 -0.435061 -0.6951165 0.5723068 -0.4944182 -0.695112 0.5218909 -0.5479746 -0.6951123 0.4653416 0.494373 -0.6951105 -0.5219355 -0.4944204 -0.6951119 -0.521889 -0.2295537 -0.6951274 0.6812511 -0.3018264 -0.695123 0.6524606 -0.3706499 -0.6951139 0.6159833 0.5478916 -0.695113 -0.4654383 -0.7178539 -0.6951028 0.03896009 -0.4717631 0.8386054 -0.2723613 -0.692714 0.6951088 0.1922787 -0.66785 0.6951171 0.2660614 0.4717514 0.8386079 -0.2723737 -0.635138 0.6951103 0.3367812 -0.5949714 0.6951401 0.4034715 -0.5949699 0.6951406 -0.4034728 -0.6351395 0.6951107 -0.3367773 0.4717525 0.8386086 0.2723699 0.6351578 0.6951118 -0.3367407 -0.47175 0.8386089 0.272373 -8.2107e-6 0.8386129 -0.5447279 0.6926721 0.6951281 -0.1923596 -0.3706494 0.6951139 0.6159835 -0.3019101 0.6951206 0.6524245 -0.2295482 0.6951321 0.6812481 -0.6678496 0.6951169 -0.2660627 -0.6927255 0.6951037 -0.1922561 -0.7094036 0.6951408 -0.1163007 -0.7178509 0.6951059 -0.03895956 -0.717854 0.6951028 0.03896099 -0.709405 0.6951355 0.116324 -4.65432e-6 0.6951344 -0.7188799 -4.22472e-6 0.8386035 0.5447423 0.1544772 0.6951446 -0.7020761 0.07771861 0.6950999 -0.7147 0.6926661 0.6951339 0.1923606 0.7094553 0.6950865 0.1163098 0.7178318 0.6951303 0.03887784 0.7178348 0.6951272 -0.03887724 0.7094499 0.6950924 -0.1163074 -4.09771e-6 0.6951343 0.7188799 0.07771641 0.6951263 0.7146745 0.1545754 0.695095 0.7021036 0.4944185 0.6951125 0.5218898 0.5479753 0.6951132 0.4653394 -0.2294653 0.6951044 -0.6813043 -0.3017482 0.6951206 -0.6524994 -0.3705695 0.6951164 -0.6160288 0.2295662 0.6951114 0.6812632 0.5479745 0.6951133 -0.4653401 0.494421 0.6951127 -0.5218873 0.3019327 0.6951315 -0.6524025 0.0312559 0.6974108 -0.7159898 0.1259968 0.6880255 -0.7146648 0.2481874 0.6879984 -0.681954 0.3628193 0.6880142 -0.6284893 0.4664427 0.6880055 -0.5559495 0.5559144 0.6880037 -0.466487 0.6285005 0.6879911 -0.3628436 0.6819439 0.6880043 -0.2481989 0.7146862 0.6879997 -0.1260164 0.7159929 0.6974079 -0.03124904 0.1369293 0.9163477 -0.3762411 0.06956255 0.9162723 -0.3944696 0 1 0 -1.78333e-6 0.9162864 -0.4005239 -0.06955826 0.916274 -0.3944664 0.306797 0.9163009 -0.2574262 0.257433 0.9163025 -0.3067871 0.2001868 0.91634 -0.3467655 0.3944472 0.9162833 -0.06954509 0.3762796 0.9163259 -0.1369686 0.3468108 0.9163112 -0.2002406 0.3762866 0.9163242 0.1369612 0.3944426 0.916285 0.06954842 0.400524 0.9162864 -2.00738e-7 0.2574361 0.9162998 0.306792 0.3067903 0.9163013 0.257433 0.3468102 0.9163126 0.2002353 0.06954449 0.9163347 0.3943277 0.1369708 0.9162901 0.3763664 0.2001965 0.9163418 0.3467552 -0.1369811 0.916289 0.3763652 -0.06953001 0.9163345 0.3943308 -7.76011e-6 0.916288 0.40052 -0.3067972 0.9163009 0.2574263 -0.2574304 0.9163012 0.3067926 -0.2002338 0.9163092 0.3468197 -0.3943043 0.9163459 0.06952935 -0.3764167 0.9162652 0.136999 -0.3468105 0.9163113 0.2002404 -0.3764079 0.9162672 -0.1370092 -0.3943033 0.9163474 -0.06951659 -0.4003787 0.9163499 1.31442e-6 -0.257429 0.9163014 -0.3067934 -0.3067981 0.9162993 -0.2574307 -0.3468162 0.9163111 -0.2002311 -0.136931 0.9163514 -0.3762314 -0.2002373 0.9163083 -0.3468204 -7.54407e-6 0.3753888 0.9268674 0.1191827 0.7272774 0.6759166 0.1609434 0.3754811 0.9127493 0.2347507 0.7272611 0.6449679 0.3170087 0.3753929 0.8709684 0.3431808 0.7272688 0.5943964 0.4634206 0.3754975 0.8026477 0.4411923 0.7272612 0.5257762 0.5957781 0.3754153 0.7100083 0.5257827 0.7272611 0.4411847 0.7100097 0.3754137 0.5957775 0.5943971 0.7272669 0.3431838 0.8026708 0.3754362 0.4634299 0.6449559 0.7272737 0.2347446 0.8709437 0.3754628 0.3169934 0.6759399 0.7272554 0.1191838 0.9127879 0.3753818 0.1609559 0.6863631 0.7272592 7.157e-7 0.9268701 0.3753822 1.67449e-6 0.6759405 0.7272545 -0.1191863 0.9127914 0.3753748 -0.1609525 0.6449551 0.7272738 -0.2347465 0.870941 0.3754637 -0.3169997 0.5944038 0.7272592 -0.3431882 0.8026708 0.3754356 -0.4634305 0.5257861 0.7272616 -0.4411799 0.7100221 0.3754143 -0.5957624 0.4411963 0.7272545 -0.5257821 0.5957818 0.3754149 -0.7100055 0.343178 0.7272727 -0.5943933 0.463411 0.375493 -0.8026551 0.2347308 0.7272739 -0.6449607 0.3169775 0.375512 -0.8709282 0.1191663 0.7272564 -0.675942 0.1609373 0.375359 -0.9128006 -3.64047e-6 0.7272802 -0.6863407 1.37342e-6 0.3753818 -0.9268703 -0.1191708 0.7272565 -0.6759411 -0.1609311 0.3753545 -0.9128035 -0.2347356 0.7272758 -0.6449567 -0.3169854 0.3755137 -0.8709247 -0.3431773 0.7272681 -0.5943993 -0.463424 0.3754335 -0.8026756 -0.4411894 0.7272549 -0.5257872 -0.5957711 0.3754153 -0.7100143 -0.5257867 0.7272633 -0.4411762 -0.7100193 0.3754103 -0.5957682 -0.5944079 0.7272631 -0.3431732 -0.8026793 0.3754352 -0.463416 -0.6449643 0.727265 -0.2347483 -0.8709856 0.3753437 -0.3170195 -0.6759339 0.727259 -0.1191966 -0.9127393 0.3755029 -0.1609498 -0.6863631 0.727259 2.37002e-6 -0.926815 0.3755183 1.78596e-6 -0.6759325 0.7272599 0.1191983 -0.9127341 0.3755114 0.1609587 -0.6449637 0.727265 0.2347501 -0.8709894 0.3753444 0.3170081 -0.5943988 0.7272711 0.3431716 -0.8026767 0.3754309 0.4634239 -0.5257804 0.7272608 0.441188 -0.7100175 0.3754138 0.595768 -0.4411772 0.7272688 0.5257784 -0.5957745 0.3754143 0.710012 -0.3431782 0.727264 0.5944038 -0.4634217 0.3754301 0.8026785 -0.234754 0.7272629 0.6449645 -0.3170217 0.3753883 0.8709656 -0.1191808 0.7272773 0.6759169 -0.1609313 0.3754813 0.9127513 9.44474e-7 0.7272484 0.6863745 0.3015271 0.30151 -0.9045292 0 0.7070994 -0.7071143 -0.301507 0.301507 -0.904537 -0.5773752 0.5773332 -0.5773426 0 0.7070959 -0.7071177 -0.03129804 0.6974073 -0.7159913 -0.7159907 0.6974101 -0.03124862 -0.714684 0.6880002 -0.1260264 -0.681934 0.6880047 -0.2482252 -0.6284794 0.6879914 -0.3628796 -0.5559202 0.688001 -0.4664841 -0.4664787 0.6879978 -0.5559287 -0.3628723 0.6880266 -0.628445 -0.2482429 0.6879947 -0.6819376 -0.1260399 0.6880236 -0.7146591 0.9045383 0.3015128 0.301497 0.7159906 0.6974103 0.03124916 0.904547 0.3015 -0.3014842 0.9911589 0.1229353 -0.04991006 0.5389298 0.829553 0.1462763 0.9912849 0.122108 -0.04943561 0.9308998 0.1864516 -0.3141043 0.9455163 0.1848719 -0.2679948 0.9913629 0.1213309 0.04978436 0.5389298 0.829553 -0.1462763 0.991159 0.1229342 0.04991036 0.9309193 0.186425 -0.3140622 0.9454789 0.18493 -0.2680871 0.9912884 0.1220805 -0.04943335 0.9561185 0.1870857 -0.225469 0.9561253 0.1870761 -0.2254484 0.9688138 0.1848497 -0.165017 0.9741745 0.1946287 -0.1144723 0.9688324 0.1848087 -0.1649527 0.9741749 0.1946195 -0.1144849 0.9777303 0.1891924 -0.09082823 0.9777326 0.1891822 -0.09082454 0.9688168 0.2440618 -0.04275447 0.8557633 0.5169244 -0.02141427 0.9688349 0.2439902 -0.04275155 0.855695 0.5170377 -0.02140444 0.7071152 0.707098 7.28921e-4 0.7071158 0.7070975 7.27525e-4 0.936868 0.3481854 0.03233057 0.9800689 0.1901214 0.05760961 0.9800661 0.1901346 0.05761498 0.9751666 0.1949144 0.1051592 0.9751686 0.194907 0.1051541 0.9727603 0.183436 0.141735 0.9644945 0.183542 0.1899018 0.9727629 0.1834281 0.1417273 0.9644955 0.1835393 0.1898996 0.9586393 0.1813938 0.2193334 0.9586526 0.1813662 0.2192978 0.9496589 0.183157 0.2541685 0.9363032 0.1856026 0.298141 0.9496568 0.1831484 0.2541822 0.9363052 0.1856173 0.2981257 0.9250149 0.186508 0.331002 0.9250151 0.186505 0.331003 0.9913603 0.1213514 0.04978537 -0.9045385 0.3015125 -0.301497 -0.03127646 0.6974161 -0.7159838 -0.1260006 0.6880221 -0.7146674 -0.7160037 0.6973959 -0.03127056 -0.2482153 0.6880089 -0.6819332 -0.3628665 0.6880144 -0.6284618 -0.4664371 0.6880195 -0.5559368 -0.5559384 0.6879891 -0.46648 -0.6284946 0.6880089 -0.36282 -0.6819587 0.6879929 -0.2481895 -0.714666 0.6880238 -0.1259996 -0.6963484 0.717059 -0.03041732 -0.675947 0.7272496 -0.1191789 -0.6449652 0.7272641 -0.2347486 -0.5944228 0.7272508 -0.3431734 -0.5257497 0.7272807 -0.4411918 -0.4411709 0.7272456 -0.5258157 -0.3431932 0.7272613 -0.5943985 -0.2347136 0.7272769 -0.6449635 -0.1191731 0.727252 -0.6759455 -0.03041863 0.7170608 -0.6963466 -0.3498017 0.7257432 -0.5923982 -0.5389298 0.829553 -0.1462763 0.03127622 0.697418 -0.7159818 0.7159954 0.6974041 -0.03127545 0.3628605 0.6880179 -0.6284614 0.2481735 0.6880066 -0.6819509 0.1259998 0.6880216 -0.714668 0.6819289 0.6880169 -0.2482051 0.628504 0.6879866 -0.362846 0.5558979 0.6880097 -0.4664979 0.4664711 0.6880077 -0.5559228 0.7146692 0.6880116 -0.1260475 0.6963464 0.7170613 -0.03041213 0.3497996 0.7257471 -0.5923947 0.03041869 0.7170639 -0.6963434 0.1191738 0.7272524 -0.6759451 0.2347527 0.7272783 -0.6449477 0.3431991 0.7272577 -0.5943995 0.4411804 0.7272586 -0.5257897 0.5257886 0.727255 -0.4411877 0.5944067 0.7272807 -0.3431376 0.6449904 0.7272447 -0.2347396 0.6759269 0.7272632 -0.1192103 -0.02811717 0.6983777 0.7151769 -0.3014971 0.301513 0.9045383 -0.7159981 0.6974017 0.03127068 -0.03127622 0.697418 0.7159818 -0.9045378 0.3015137 0.3014978 -0.7151939 0.6983612 0.02809536 -0.425495 0.6898788 0.5856802 -0.3286665 0.6898566 0.6450397 -0.3628705 0.688014 0.6284599 -0.2482096 0.6880083 0.681936 -0.1259998 0.6880216 0.714668 -0.2236803 0.6898841 0.6884962 -0.1132465 0.6898581 0.7150322 -0.6819594 0.6879926 0.2481887 -0.6284673 0.6880035 0.3628774 -0.5559173 0.688003 0.4664846 -0.4664676 0.6880116 0.555921 -0.7150225 0.689864 0.1132724 -0.6884968 0.689869 0.223725 -0.6450549 0.6898427 0.3286659 -0.7146657 0.6880237 0.1260016 -0.5856621 0.6898742 0.4255273 -0.5118811 0.6898547 0.5119358 -0.696347 0.7170606 0.03041493 -0.5923978 0.7257439 0.349801 -0.1462758 0.8295525 0.5389306 -0.5389298 0.829553 0.1462763 -0.3497993 0.7257439 0.5923988 -0.03041887 0.7170602 0.6963473 -0.1191742 0.72725 0.6759475 -0.2347133 0.7272667 0.6449751 -0.3431627 0.7272666 0.5944097 -0.4411833 0.7272586 0.5257874 -0.5257871 0.7272689 0.4411665 -0.5944046 0.7272634 0.3431781 -0.6449703 0.7272669 0.234726 -0.6759462 0.7272504 0.1191791 0.03127646 0.6974161 0.7159838 0.715995 0.6974046 0.03127461 0.3014976 0.3015135 0.9045379 0.03125554 0.6974202 0.7159807 0.6285021 0.6879809 0.3628603 0.681938 0.6880159 0.248183 0.7146693 0.6880117 0.1260473 0.1260427 0.6879994 0.7146818 0.2482597 0.6880123 0.6819137 0.3628839 0.6880137 0.6284524 0.1260005 0.6880217 0.7146678 0.2481695 0.6880066 0.6819522 0.3628318 0.6880158 0.6284802 0.4664934 0.6880052 0.5559073 0.5559203 0.6880012 0.4664838 0.6284793 0.6879914 0.3628798 0.6819339 0.6880046 0.2482254 0.714684 0.6880001 0.1260269 0.4664964 0.6880026 0.5559079 0.555918 0.6880232 0.4664539 0.6963492 0.7170585 0.03041112 0.6759216 0.7272683 0.1192093 0.6449961 0.7272396 0.2347394 0.5943631 0.7272959 0.343181 0.5257889 0.7272418 0.441209 0.4411978 0.7272684 0.5257616 0.343199 0.727264 0.5943918 0.2347509 0.7272673 0.6449607 0.1191738 0.7272476 0.6759501 0.03041863 0.7170607 0.6963467 0.3498008 0.7257437 0.5923982 0.146268 0.8295537 0.5389307 0.5923963 0.7257426 0.3498062 0.2482748 0.6879957 -0.6819249 0.1259602 0.6880208 -0.7146758 0 1 0 -1.61014e-6 0.6879987 -0.725712 -0.1259636 0.6880218 -0.7146743 0.5559118 0.6879643 -0.4665483 0.4664096 0.6880421 -0.5559319 0.3629024 0.6880071 -0.628449 0.7146663 0.6880207 -0.1260151 0.6819496 0.6879889 -0.2482259 0.6284735 0.6880307 -0.3628152 0.6819446 0.6880143 0.2481693 0.7146741 0.6880106 0.126025 0.7257097 0.688001 4.42272e-6 0.4664927 0.6880715 0.5558257 0.5558696 0.6879868 0.4665653 0.6285195 0.6879927 0.3628076 0.1261206 0.6880149 0.7146532 0.2481449 0.6879904 0.6819776 0.3629634 0.6879813 0.628442 -0.2481415 0.6879895 0.6819797 -0.1260319 0.6880177 0.7146661 8.76253e-5 0.6880025 0.7257084 -0.5558766 0.6880111 0.4665211 -0.4665316 0.6880229 0.5558531 -0.3628873 0.6880018 0.6284635 -0.7146696 0.688012 0.1260433 -0.6819368 0.6880133 0.2481936 -0.6284908 0.687995 0.3628529 -0.6819575 0.6879898 -0.2482017 -0.7146728 0.6880199 -0.1259818 -0.7257103 0.6880003 8.22003e-6 -0.4664535 0.6879937 -0.555955 -0.5559802 0.6879928 -0.4664248 -0.6285022 0.6880284 -0.3627699 -0.2482057 0.6879932 -0.6819525 -0.3627635 0.6880311 -0.6285029 -0.9911593 0.1229317 -0.04991132 -0.5735839 0.8191469 0 -0.4096467 0.8950325 0.1763704 -0.8611401 0.3664721 0.3523296 -0.9912841 0.1221148 0.04943436 -0.3952808 0.9000077 0.1836825 -0.8612264 0.3663387 0.352257 -0.573593 0.8191406 0 -0.5735846 0.8191465 0 -0.9912849 0.1221083 0.04943585 -0.9913626 0.1213309 -0.04978853 -0.8611404 0.3664738 -0.3523267 -0.4096313 0.8950375 -0.176381 0.5757076 0.812726 0.08965039 0.3884697 0.8128663 0.4339812 0.3948431 0.900148 0.1839359 0.8611743 0.3663632 0.352359 0.4374573 0.8085498 0.3935459 0.5606593 0.8100309 0.1717888 0.5311896 0.8089074 0.2520049 0.4895385 0.8078396 0.3282489 0.4096316 0.8950372 -0.1763815 0.8611658 0.3664482 -0.3522916 0.5735989 0.8191363 0 0.5756964 0.8127332 0.08965748 0.4363917 0.8080202 0.3958104 0.4096464 0.8950327 0.1763701 0.8611397 0.366473 0.3523297 0.5606655 0.8100265 0.171789 0.5311881 0.8089077 0.252007 0.4895332 0.8078339 0.3282706 -0.04991501 0.1229302 0.9911593 0 0.8191532 0.573575 0.176371 0.8950329 0.4096456 0.3523119 0.3664637 0.8611508 0.04943352 0.1221054 0.9912854 0.04991012 0.1229358 0.9911589 0.3278385 0.8055695 0.493538 0.3957344 0.8073289 0.4377378 0.2254458 0.1871032 0.9561207 0.268063 0.184888 0.9454939 0.3140614 0.1864544 0.9309138 0.2571598 0.8053242 0.5341553 0.1721575 0.8098133 0.5608603 0.1648936 0.1847944 0.9688453 0.09291076 0.8112301 0.5772984 0.090716 0.1894229 0.9776961 0.1145349 0.1946118 0.9741705 -0.001010835 0.707113 0.7070999 0.0214008 0.5176824 0.8553052 0.04287177 0.2443596 0.9687366 -0.03293663 0.3556187 0.9340507 -0.09209495 0.8127785 0.5752475 -0.3961455 0.8080648 0.4360048 -0.1764269 0.8950698 0.4095407 -0.3524945 0.3664465 0.8610834 -0.1735006 0.8100435 0.5601134 -0.1061049 0.1940327 0.9752401 -0.05743217 0.1933442 0.9794486 -0.253419 0.8089317 0.5304794 -0.1904075 0.183595 0.9643848 -0.1413136 0.1837195 0.9727681 -0.3290469 0.8078922 0.4889157 -0.2546244 0.1831409 0.9495398 -0.2199354 0.1814003 0.9585001 -0.04978781 0.1213318 0.9913626 -0.3310516 0.1865101 0.9249967 -0.2984381 0.185633 0.9362026 0 0.8191434 0.5735889 -0.9911602 0.1229248 0.0499109 -0.4935414 0.8055793 0.3278092 -0.4387861 0.8078777 0.3934469 -0.3888819 0.8129045 0.4335402 -0.9561172 0.1870943 0.2254676 -0.9455133 0.1848785 0.2680011 -0.9308911 0.1864997 0.3141013 -0.5341799 0.8053056 0.2571669 -0.5608658 0.809821 0.1721033 -0.9688156 0.1848442 0.1650121 -0.5772922 0.8112222 0.0930171 -0.977689 0.1894146 0.09081 -0.9741815 0.1946016 0.114458 -0.7071096 0.7071036 -7.25385e-4 -0.855528 0.5173135 0.0214132 -0.9687231 0.2444204 0.04282754 -0.9366872 0.3486674 -0.03237706 -0.5754169 0.8129246 -0.08971613 -0.3886581 0.8128225 -0.4338945 -0.3949936 0.9001032 -0.1838328 -0.8611749 0.3663635 -0.3523575 -0.4374453 0.8085426 -0.393574 -0.5606625 0.8100258 -0.1718019 -0.9751437 0.1950408 -0.1051375 -0.979998 0.1904547 -0.05771517 -0.5311449 0.8089353 -0.2520098 -0.9644831 0.1835672 -0.1899354 -0.9727624 0.1834309 -0.1417272 -0.4895583 0.8078346 -0.3282315 -0.9496519 0.183173 -0.2541832 -0.958639 0.1813949 -0.2193332 -0.9913631 0.1213301 -0.04978281 -0.9250269 0.186491 -0.3309779 -0.9362959 0.1856126 -0.2981579 -0.5735777 0.8191513 3.27188e-7 -0.4935463 0.805575 0.3278125 -0.437764 0.8073344 0.395694 -0.9561155 0.1871045 0.2254666 -0.9455045 0.1848934 0.2680221 -0.9309017 0.1864621 0.3140925 -0.5341307 0.8053405 0.25716 -0.5608773 0.8098112 0.1721117 -0.9688497 0.1847552 0.1649112 -0.5772824 0.8112301 0.09300971 -0.9776912 0.1894048 0.09080636 -0.9741766 0.1946186 0.1144706 -0.7071087 0.7071045 -7.31074e-4 -0.85544 0.5174595 0.02140569 -0.9687319 0.2443853 0.04282963 -0.9367152 0.3485924 -0.03237736 -0.5754202 0.8129206 -0.08973217 -0.4363962 0.8080169 -0.395812 -0.560667 0.810024 -0.1717954 -0.9751496 0.1950128 -0.105135 -0.9799929 0.190479 -0.05772113 -0.5311683 0.8089245 -0.2519952 -0.9644863 0.1835583 -0.1899281 -0.972752 0.1834591 -0.1417619 -0.4895381 0.8078423 -0.3282428 -0.9496362 0.1831924 -0.2542276 -0.9586563 0.1813878 -0.219264 -0.9250235 0.1865139 -0.3309745 -0.9363014 0.1856023 -0.2981469 0.4935202 0.8055838 -0.3278304 0.4387989 0.8078851 -0.3934174 0.8612263 0.3663393 -0.3522569 0.3884637 0.812873 -0.4339738 0.3948525 0.900144 -0.1839363 0.5342215 0.8052656 -0.2572057 0.5608689 0.8098247 -0.1720755 0.577567 0.8110249 -0.09303313 0.5735911 0.8191419 0 0.5735663 0.8191592 0 0.4935176 0.8055901 -0.3278185 0.437753 0.8073352 -0.3957051 0.5342126 0.8052779 -0.2571855 0.5608556 0.8098325 -0.1720823 0.5775672 0.8110256 -0.09302508 0.5735846 0.8191464 0 -0.2482406 0.6879974 0.6819358 -0.1261162 0.6880264 0.7146428 0 1 0 -1.10169e-4 0.688011 0.7257003 0.1259023 0.688027 0.71468 -0.5559618 0.6880475 0.4663659 -0.4665213 0.687977 0.5559186 -0.3627994 0.6880363 0.6284765 -0.7146658 0.6880278 0.125978 -0.6819582 0.6879996 0.2481724 -0.6284649 0.6880146 0.3628605 -0.6819491 0.6879986 -0.2482002 -0.7146601 0.6880286 -0.1260066 -0.7257025 0.6880087 -2.55691e-7 -0.4665212 0.6879766 -0.5559193 -0.5559617 0.6880479 -0.4663655 -0.6284644 0.6880146 -0.3628617 -0.12601 0.6880223 -0.7146655 -0.2481385 0.6880018 -0.6819685 -0.3627988 0.6880365 -0.6284767 0.2482406 0.6879974 -0.6819358 0.1260058 0.6880313 -0.7146576 -1.09657e-4 0.6880111 -0.7257001 0.555885 0.6880185 -0.4665003 0.466479 0.6880237 -0.5558965 0.3628722 0.6880143 -0.6284587 0.7146659 0.6880278 -0.125978 0.6819583 0.6879996 -0.2481724 0.6284306 0.6880174 -0.3629146 0.6819492 0.6879986 0.2482002 0.7146601 0.6880286 0.1260066 0.7257025 0.6880087 2.55691e-7 0.4664786 0.6880235 0.5558969 0.5558839 0.6880187 0.4665013 0.6284308 0.6880173 0.3629145 0.2481385 0.6880018 0.6819685 0.3628715 0.6880143 0.6284589 1.03712e-4 0.7272582 -0.686364 0.1191872 0.7272269 -0.6759701 0.2346821 0.72727 -0.6449828 0.3432106 0.7272484 -0.5944041 0.4412102 0.7272396 -0.5257909 0.5258116 0.7272402 -0.4411847 0.5944135 0.7272488 -0.3431936 0.6449653 0.7272642 -0.234748 0.6759636 0.7272323 -0.1191908 0.6863665 0.7272559 -1.84534e-7 0.6759698 0.7272322 0.1191558 0.6449747 0.7272661 0.2347165 0.5944132 0.7272478 0.3431961 0.5258129 0.7272417 0.4411806 0.4412115 0.7272414 0.5257874 0.3432099 0.7272456 0.594408 0.2347785 0.7272645 0.6449539 0.1192876 0.727231 0.6759479 1.04197e-4 0.727258 0.6863641 -0.1190853 0.7272314 0.6759832 -0.2346821 0.72727 0.6449828 -0.3431636 0.7272247 0.5944603 -0.4411879 0.727295 0.5257332 -0.5258536 0.7272091 0.441186 -0.5943799 0.7272494 0.3432505 -0.6449662 0.7272653 0.2347422 -0.6759642 0.727233 0.119183 -0.6863665 0.7272558 -6.00644e-6 -0.6759693 0.7272316 -0.1191636 -0.6449747 0.7272662 -0.234716 -0.5943804 0.7272504 -0.3432476 -0.5258554 0.7272098 -0.4411826 -0.4411875 0.7272947 -0.5257339 -0.3431629 0.7272217 -0.5944643 -0.2347784 0.7272645 -0.6449539 -0.1191831 0.7272357 -0.6759614 -0.2482406 0.6879973 0.6819358 -0.1261162 0.6880264 0.7146429 0 1 0 -0.5559232 0.6880212 0.4664507 -0.466479 0.6880237 0.5558965 -0.3628722 0.6880142 0.6284587 -0.71467 0.6880181 0.1260081 -0.6819415 0.6880254 0.2481469 -0.6285018 0.6879986 0.3628272 -0.4664018 0.6880503 -0.5559282 -0.5559095 0.6879703 -0.4665421 -0.6284451 0.688039 -0.3628488 -0.12601 0.6880223 -0.7146656 -0.2481385 0.6880017 -0.6819685 -0.3628715 0.6880143 -0.6284589 0.5559875 0.687999 -0.4664069 0.4664446 0.6880036 -0.5559501 0.3627994 0.6880363 -0.6284765 0.6284791 0.6880364 -0.3627947 0.6819325 0.6880244 0.2481746 0.7146642 0.6880189 0.1260367 0.4665212 0.6879765 0.5559193 0.5559225 0.6880452 0.4664163 0.6284676 0.6880013 0.3628813 0.3627988 0.6880365 0.6284767 1.03712e-4 0.7272582 -0.686364 0.1191872 0.727227 -0.67597 0.3431636 0.7272247 -0.5944603 0.4411503 0.7272661 -0.5258046 0.5258022 0.7272612 -0.4411613 0.5944317 0.727226 -0.3432104 0.6449652 0.7272642 -0.234748 0.6863665 0.7272559 -1.84534e-7 0.6759541 0.7272428 0.1191808 0.6450083 0.7272384 0.2347098 0.5944196 0.727265 0.3431487 0.5258913 0.7272124 0.4411355 0.4411875 0.7272946 0.5257339 0.3431629 0.7272217 0.5944643 0.2347784 0.7272645 0.6449539 -0.3432106 0.7272484 0.5944041 -0.4412102 0.7272396 0.5257909 -0.5257748 0.7272375 0.441233 -0.5943881 0.7272686 0.3431957 -0.644999 0.7272364 0.2347418 -0.6759479 0.7272429 0.1192158 -0.6863665 0.7272559 1.84534e-7 -0.6759698 0.7272322 -0.1191558 -0.6449747 0.7272661 -0.2347165 -0.594465 0.7272245 -0.343156 -0.5257616 0.7272939 -0.4411559 -0.4411738 0.7272127 -0.5258587 -0.3432099 0.7272456 -0.594408 -0.2347784 0.7272645 -0.6449539 -0.1191831 0.7272357 -0.6759613 0 1 0 0.1259363 0.6880174 0.7146833 -0.4665213 0.687977 0.5559187 -0.4664444 0.6880033 -0.5559507 -0.5559483 0.6879965 -0.4664574 0.2482129 0.6880226 -0.6819202 0.1260398 0.6880217 -0.714661 0.5559489 0.6879727 -0.4664917 0.4664019 0.6880508 -0.5559276 0.3628331 0.6879985 -0.6284984 0.7146658 0.6880278 -0.125978 0.6819582 0.6879996 -0.2481724 0.4664786 0.6880236 0.5558969 0.5558839 0.6880186 0.4665013 0.6284676 0.6880013 0.3628813 0.2481107 0.6880271 0.681953 0.3628325 0.6879986 0.6284987 0.1192159 0.7272377 -0.6759535 0.2346733 0.7272402 -0.6450195 0.3431566 0.7272641 -0.5944161 0.4411726 0.7272108 -0.5258624 0.5257233 0.7272899 -0.4412081 0.5944334 0.7272279 -0.3432034 0.6759636 0.7272323 -0.1191904 0.6863665 0.7272559 -6.14292e-7 0.6450082 0.7272382 0.2347102 0.5944197 0.7272651 0.3431483 0.3431565 0.7272627 0.5944178 0.2347701 0.7272356 0.6449894 0.1193162 0.7272415 0.6759315 -0.3431635 0.7272245 0.5944606 -0.441188 0.7272952 0.5257329 -0.5258535 0.727209 0.4411864 -0.5943864 0.7272667 0.3432027 -0.6449999 0.7272374 0.234736 -0.6759485 0.7272436 0.119208 -0.6863665 0.7272559 -6.00647e-6 -0.6759692 0.7272316 -0.1191636 -0.5944642 0.7272235 -0.3431594 -0.5258398 0.7272645 -0.4411112 -0.441151 0.7272673 -0.5258024 -0.1191831 0.7272356 -0.6759613 -0.1132937 -0.6898528 0.7150298 -0.223728 -0.68987 0.6884949 -0.3287068 -0.6898469 0.6450297 -0.4255623 -0.6898716 0.5856398 -0.5119318 -0.6898512 0.5118899 -0.585662 -0.6898824 0.4255142 -0.6450409 -0.689854 0.3286696 -0.6885002 -0.6898753 0.2236955 -0.7150516 -0.6898344 0.1132688 0.2482084 0.6879864 -0.6819584 0.1259602 0.6880208 -0.7146757 0 1 -1.5257e-7 -0.126079 0.6880158 -0.7146596 0.5558766 0.6880111 -0.4665211 0.4665316 0.6880229 -0.5558531 0.3628873 0.6880018 -0.6284635 0.7146744 0.6880111 -0.1260215 0.6819375 0.6880164 -0.2481827 0.6284908 0.687995 -0.3628529 0.6819574 0.6879898 0.2482017 0.7146728 0.6880199 0.1259818 0.7257103 0.6880003 -8.22003e-6 0.4664534 0.6879937 0.555955 0.5559802 0.6879927 0.4664248 0.6285022 0.6880284 0.3627699 0.1260589 0.6879415 0.7147347 0.2483386 0.6880279 0.6818693 0.3627635 0.6880311 0.6285029 -0.2483015 0.6880595 0.6818509 -0.1259233 0.687932 0.7147677 8.76173e-5 0.6880739 0.7256407 -0.5559118 0.6879643 0.4665483 -0.4664096 0.6880421 0.5559319 -0.3628631 0.6879906 0.6284897 -0.7146663 0.6880207 0.1260151 -0.6819496 0.6879889 0.2482259 -0.6284735 0.6880307 0.3628152 -0.6819247 0.688018 -0.2482136 -0.7146741 0.6880106 -0.126025 -0.7257097 0.688001 -4.42272e-6 -0.4664927 0.6880715 -0.5558257 -0.5558696 0.6879868 -0.4665653 -0.6285026 0.6879911 -0.3628399 -0.2482639 0.6880081 -0.6819163 -0.3629251 0.6879647 -0.6284824 0 1 0 0 1 0 0 1 0 7.61459e-7 0.7272658 0.686356 -0.1191922 0.7272459 0.6759487 -0.2347416 0.7272909 0.6449375 -0.3431935 0.7272532 0.594408 -0.644949 0.727277 0.2347531 -0.6759349 0.7272561 0.1192082 0.119192 0.7272442 -0.6759506 0.2347235 0.7272725 -0.6449648 -0.4411684 0.7272712 0.5257823 -0.5257728 0.7272687 0.4411838 -0.5944022 0.7272568 0.343196 0.6758958 0.7272943 0.1191971 0.644977 0.727248 0.2347663 0.1191988 0.7272396 0.6759544 0.2347251 0.7272704 0.6449667 -0.6863303 0.72729 2.54246e-6 -0.6759377 0.7272551 -0.1191987 0 1 0 -0.644944 0.7272802 -0.2347567 -0.5944116 0.7272512 -0.3431918 -0.5257647 0.7272828 -0.4411702 -0.4411795 0.7272694 -0.5257756 -0.3431955 0.7272561 -0.5944034 0.3431923 0.7272771 0.5943796 0.4412119 0.7272639 0.525756 0.5257627 0.7272472 0.4412314 0.5943806 0.7272844 0.3431749 -0.2347475 0.727281 -0.6449466 -0.1191964 0.7272545 -0.6759388 -7.61425e-7 0.727303 -0.6863165 0.3431894 0.7272784 -0.5943798 0.4412029 0.7272562 -0.5257741 0.5257397 0.7272654 -0.4412289 0.5943795 0.7272875 -0.3431706 0.6449776 0.7272464 -0.2347698 0.6759027 0.7272879 -0.1191971 0.6863729 0.7272499 -1.40659e-5 0 1 0 -0.6449748 0.7272693 -0.2347061 -0.5943749 0.7272919 -0.3431692 -0.525759 0.7272543 -0.4412242 -0.4411783 0.7272701 -0.5257756 -0.5257393 0.7272667 0.4412271 -0.5943799 0.7273002 0.3431429 -0.6449841 0.7272615 0.2347049 -0.6759754 0.727218 0.1192113 -0.3431981 0.7272531 -0.5944057 -0.2347452 0.7272888 -0.6449386 -0.1191964 0.7272527 -0.6759406 0.343192 0.7272586 -0.5944024 0.4411672 0.7272719 -0.5257825 0 1 0 0.5257688 0.727272 -0.4411833 0.5944039 0.7272546 -0.343198 0.6449364 0.7272903 -0.2347462 0.6759423 0.7272494 -0.1192076 0.6863298 0.7272906 -1.35619e-6 0.6759431 0.7272495 0.1192023 0.644945 0.7272824 0.2347475 0.5944153 0.7272636 0.343159 0.525757 0.7272849 0.4411761 0.4412055 0.7272408 0.5257934 0.3431695 0.7272969 0.5943686 -7.61429e-7 0.7272914 -0.6863289 0.1191904 0.7272555 -0.6759387 0.2347455 0.7272771 -0.6449517 0.234767 0.7272407 0.6449849 0.1191871 0.7272912 0.6759009 7.61464e-7 0.7272486 0.6863741 -0.1191801 0.7272987 0.675894 -0.2347629 0.7272406 0.6449865 -0.3431705 0.727288 0.5943788 -0.4412069 0.7272339 0.5258015 -0.6759681 0.7272261 -0.1192035 -0.686338 0.7272829 1.54902e-6 0.6175925 0.7271487 -0.2997239 0.6500765 0.7503364 -0.1199835 0.5565993 0.7271266 -0.4018511 0.2829445 0.7271395 0.6254683 0.386705 0.7271647 -0.5671779 0.478866 0.7271506 -0.4918735 -0.663387 0.7271113 -0.1767118 -0.6228783 0.7271676 -0.288531 0 1 0 -0.5636698 0.7271508 -0.3918267 0.6500695 0.7503399 0.1199993 0.6176156 0.7271318 0.2997172 0.1707303 0.7271199 0.664942 0.05341029 0.7271673 0.6843794 0 1 0 -0.5636819 0.7271639 0.3917851 -0.6229047 0.7271496 0.2885195 -0.4876506 0.7271161 -0.4832174 -0.3968318 0.7271635 -0.560141 -0.2940771 0.7271416 -0.6203094 0.170789 0.7271609 -0.6648821 0.2829765 0.727116 -0.6254812 0.5566111 0.7271378 0.4018144 0.4788528 0.7271482 0.4918897 0.3866861 0.7271676 0.5671871 -0.6633762 0.7271173 0.1767277 -0.683881 0.7271596 0.05954599 -0.6838797 0.7271608 -0.05954706 -0.1826424 0.7271441 -0.6617427 -0.06566357 0.7271343 -0.6833477 0.05336093 0.7271531 -0.6843984 -0.06566292 0.7271453 0.6833361 -0.1826683 0.7271337 0.6617469 -0.294151 0.7271642 0.620248 -0.396848 0.7271211 0.5601845 -0.487579 0.7271348 0.4832617 0.6839072 0.7271397 0.05948847 0.6633809 0.7271322 0.1766483 0 1 0 0.6228375 0.727186 0.2885723 -0.2829412 0.7271639 -0.6254414 0.6839092 0.7271386 -0.05947858 0 1 0 0.6633692 0.7271392 -0.1766636 0.6228646 0.727168 -0.2885594 -0.5565711 0.7271543 0.4018399 -0.6176202 0.7271518 0.2996591 -0.6500983 0.750323 0.1199485 -0.6501028 0.7503188 -0.1199501 0.5637108 0.7271169 0.3918306 0.4876284 0.7271347 0.483212 0.3968158 0.7271624 0.5601536 0.2940772 0.7271421 0.6203088 0.1826421 0.7271432 0.6617437 0.06566351 0.7271337 0.6833484 -0.05336093 0.7271531 0.6843984 -0.1707007 0.7271512 0.6649155 -0.1707154 0.7271041 -0.6649632 -0.0533598 0.7271699 -0.6843806 0.06558781 0.7271367 -0.6833524 -0.6176337 0.7271492 -0.2996376 -0.5565768 0.7271547 -0.4018312 -0.4788309 0.7271324 -0.4919343 -0.3867175 0.7271566 -0.5671797 0.1826401 0.7271432 -0.6617442 0.2941526 0.7271623 -0.6202495 0.396845 0.7271261 -0.56018 0.4876015 0.7271497 -0.4832164 0.5637106 0.7271269 -0.3918123 -0.2830011 0.7271338 0.6254493 -0.3867352 0.7271538 0.5671714 -0.4788441 0.7271348 0.4919181 0.5257702 0.7272712 -0.4411829 0.5944144 0.7272738 -0.3431389 0.644986 0.7272409 0.2347632 0.5944254 0.7272834 0.3430997 -0.525774 0.7272723 -0.4411765 -0.441177 0.7272725 -0.5257733 -0.3431951 0.7272585 -0.5944008 0.5257576 0.7272846 0.4411758 0.4412088 0.7272361 0.525797 0.3431447 0.7273014 0.5943773 0.2347434 0.7272321 0.6450032 -0.2347631 0.7272403 0.6449867 -0.3431659 0.7272961 0.5943716 -0.4412027 0.7272402 0.5257966 -0.5257591 0.7272849 0.4411736 -0.5944096 0.7272632 0.34317 0.1191909 0.7272525 -0.6759418 0.234721 0.7272798 -0.6449576 0.3431671 0.7272567 -0.594419 0.4411699 0.7272661 -0.5257881 0.1191856 0.7272988 0.675893 7.6147e-7 0.7272436 0.6863796 -0.1191807 0.7272952 0.6758977 -0.6759322 0.7272706 -0.1191354 -0.6449347 0.72729 -0.2347518 -0.5944071 0.727255 -0.3431916 -0.2347493 0.7272774 -0.6449499 -0.1191964 0.727253 -0.6759404 -7.61423e-7 0.7272955 -0.6863245 -0.6449436 0.7272821 0.234752 -0.6759305 0.727271 0.1191421 -0.6863746 0.7272483 1.45104e-6 0.6449752 0.7272486 -0.2347691 0.6759329 0.7272596 -0.1191985 0.6759241 0.7272679 0.1191978 0.6863827 0.7272406 -1.34647e-6 0 1 0 0 1 0 0 1 0 0.644977 0.7272495 -0.2347617 0.6759394 0.7272548 -0.1191909 -0.7314292 0.6684302 0.1349537 0.6863735 0.7272492 -4.62743e-6 -0.73141 0.6684494 -0.1349631 -0.6759557 0.7272399 -0.1191892 0.7228735 0.6881135 0.0628792 -0.6863576 0.7272644 -7.23672e-6 0.7228754 0.6881128 -0.06286478 -0.6759601 0.7272417 0.1191536 0.7011586 0.6881193 -0.1867315 -0.6449601 0.7272759 0.2347262 0.658394 0.6880962 -0.3050262 -0.5944705 0.7272334 0.3431276 0.5958083 0.6881262 -0.4141192 -0.5257413 0.7273017 0.4411671 0.5154169 0.6880987 -0.5107502 -0.4411743 0.7272216 0.5258461 0.4194567 0.6881271 -0.5920619 -0.3431146 0.727276 0.5944257 0.3109039 0.6881022 -0.6556327 -0.2348819 0.7272064 0.6449818 0.193049 0.6881151 -0.6994495 -0.1192328 0.7273275 0.6758537 0.06935131 0.6881163 -0.7222787 -8.28831e-5 0.7271806 0.6864462 -0.05640506 0.6880907 -0.7234292 0.1190436 0.7273173 0.6758981 -0.1804014 0.6881399 -0.7027937 0.2348811 0.7272414 0.6449425 -0.2990566 0.6880958 -0.6611273 0.3431849 0.7272312 0.5944401 -0.408783 0.6881077 -0.5995033 0.4411488 0.7272743 0.5257947 -0.5061128 0.6881278 -0.5199326 0.5257869 0.7272672 0.4411697 -0.5883058 0.6880961 -0.4247591 0.594442 0.7272312 0.3431817 -0.6528263 0.6881079 -0.3167419 0.6449527 0.7272728 0.234756 0.6759519 0.7272444 0.1191837 0.5944143 0.7272601 -0.3431681 -0.6528291 0.6881046 0.3167434 0.5257952 0.7272352 -0.4412126 -0.5883131 0.6880903 0.4247582 0.4412761 0.7272272 -0.5257529 -0.506101 0.6881219 0.519952 0.3432161 0.7272577 -0.5943897 -0.4087678 0.6880996 0.5995231 0.234825 0.7272546 -0.644948 -0.2991495 0.6881045 0.6610763 0.1192192 0.7272319 -0.6759591 -0.1804323 0.688097 0.7028276 1.52285e-6 0.7272482 -0.6863747 -0.05637568 0.6881027 0.72342 -0.1191673 0.7272408 -0.6759586 0.06940501 0.6881098 0.7222797 -0.2347376 0.7272305 -0.6450071 0.1930772 0.688108 0.6994488 -0.343208 0.7272996 -0.594343 0.3108601 0.688109 0.6556463 -0.441297 0.7271751 -0.5258074 0.4194545 0.6880879 0.5921089 -0.5256837 0.7272636 -0.4412986 0.5154128 0.6881067 0.5107436 -0.5944029 0.7272649 -0.3431781 0.5958046 0.6881272 0.4141231 -0.645001 0.7272363 -0.2347365 0.6584182 0.6880711 0.3050307 0.7011596 0.6881278 0.1866965 -0.6449962 0.7272459 0.2347199 -0.6759394 0.7272548 0.1191909 0.7314326 0.6684194 -0.1349883 -0.6863735 0.7272492 4.62743e-6 0.7314163 0.6684316 0.1350165 -0.5944302 0.7272616 0.3431376 0.6528078 0.6881039 -0.3167888 -0.5257952 0.7272351 0.4412126 0.5883073 0.6881147 -0.4247269 -0.4412761 0.7272273 0.5257527 0.5061465 0.6881071 -0.5199275 -0.3432161 0.7272577 0.5943897 0.408748 0.6880902 -0.5995474 -0.2346864 0.7272611 0.6449913 0.2990612 0.6881237 -0.6610962 -0.1192908 0.7272219 0.6759572 0.1804783 0.6880918 -0.702821 -8.28765e-5 0.7272517 0.6863709 0.05637568 0.6881027 -0.72342 0.1192072 0.7272271 0.6759663 -0.06940507 0.6881102 -0.7222793 0.2346835 0.7272621 0.644991 -0.1930773 0.6881085 -0.6994483 0.3432613 0.7272825 0.5943332 -0.3108601 0.688109 -0.6556463 0.441297 0.7271751 0.5258074 -0.4194545 0.6880879 -0.5921089 0.5256837 0.7272636 0.4412987 -0.5153973 0.6881199 -0.5107414 0.5944028 0.7272648 0.3431783 -0.5958099 0.6880941 -0.4141705 0.6450005 0.7272334 0.2347467 -0.6584216 0.6880884 -0.3049844 0.6759511 0.7272408 0.1192105 -0.6759518 0.7272443 -0.1191841 -0.6449523 0.7272724 -0.2347583 0.6527823 0.6881279 0.3167891 -0.5944423 0.7272315 -0.3431806 0.5883236 0.6881098 0.4247121 -0.5257874 0.7272678 -0.4411682 0.5061588 0.6881136 0.5199066 -0.4411484 0.7272738 -0.5257955 0.4087621 0.6880987 0.599528 -0.343185 0.7272312 -0.5944401 0.2990426 0.6881114 0.6611175 -0.2348052 0.7272793 -0.6449275 0.1804496 0.6881321 0.7027888 -0.1191374 0.7272429 -0.6759616 0.05648529 0.6880939 0.7234199 1.52283e-6 0.7272625 -0.6863595 -0.06940388 0.6881176 0.7222723 0.1191403 0.7272425 -0.6759615 -0.1930488 0.6881147 0.69945 0.2347394 0.7272759 -0.6449553 -0.3109039 0.6881022 0.6556327 0.3431684 0.7272581 -0.5944166 -0.4194567 0.6881272 0.5920618 0.4411742 0.7272212 -0.5258468 -0.5153709 0.6881134 0.5107767 0.5257419 0.7273026 -0.4411649 -0.5958358 0.6880943 0.4141329 0.5944707 0.7272337 -0.3431264 -0.658403 0.6881129 0.3049694 0.6449597 0.7272755 -0.2347286 -0.701124 0.6881384 0.1867906 0.6759601 0.7272416 -0.1191545 -0.722886 0.6880946 0.06294226 0.6863576 0.7272644 7.23672e-6 -0.7228859 0.6880947 -0.06294268 -0.7011261 0.688147 -0.1867508 -0.5559232 0.6880079 0.4664704 -0.4664703 0.6880077 0.5559237 -0.3628544 0.6880266 0.6284554 -0.2482121 0.6879991 0.6819443 -0.1260206 0.6880286 0.7146576 -2.25644e-6 0.6879896 0.7257205 0.1260204 0.6880286 0.7146576 0.2481802 0.6880068 0.6819482 0.3628708 0.6880081 0.6284661 0.4664867 0.6880202 0.5558943 0.5558663 0.6880249 0.4665129 0.6284823 0.6879944 0.3628687 0.6819085 0.6880337 0.2482146 0.7146894 0.6879921 0.1260393 0.7256849 0.6880273 5.32284e-6 0.7146912 0.6879921 -0.1260294 0.6819097 0.6880334 -0.248212 0.6284854 0.6879934 -0.3628653 0.5558742 0.6880229 -0.4665067 0.4664918 0.6880193 -0.5558911 0.3628733 0.6880078 -0.628465 0.2481852 0.6880072 -0.6819459 0.1260206 0.6880286 -0.7146576 2.25687e-6 0.6879896 -0.7257205 -0.1260204 0.6880286 -0.7146576 -0.2482103 0.6879988 -0.6819453 -0.3628528 0.6880273 -0.6284555 -0.4664618 0.6880095 -0.5559284 -0.5559104 0.6880088 -0.4664844 -0.6284546 0.6880271 -0.3628548 -0.6819413 0.6879985 -0.2482218 -0.7146558 0.6880295 -0.1260264 -0.725721 0.6879892 -1.49968e-6 -0.7146552 0.6880294 0.12603 -0.6819443 0.6879979 0.2482154 -0.6284547 0.6880273 0.3628544 -0.6819432 0.6880239 0.2481464 -0.6285089 0.6879857 0.3628391 -0.5558784 0.6880078 0.4665239 -0.4664607 0.6880363 0.5558961 -0.3628633 0.6879948 0.6284849 -0.2482055 0.6880335 0.681912 -0.1260241 0.6879926 0.7146916 -2.25802e-6 0.6880263 0.7256858 0.1260239 0.6879926 0.7146917 0.2482036 0.6880332 0.6819129 0.3628618 0.6879955 0.6284852 0.4664596 0.688038 0.555895 0.5559216 0.6879933 0.4664938 0.6284754 0.688019 0.3628343 0.6819331 0.6880078 0.2482188 0.7146558 0.6880295 0.1260264 0.725721 0.6879892 1.49968e-6 0.7146551 0.6880295 -0.12603 0.6819443 0.6879979 -0.2482154 0.6284547 0.6880273 -0.3628544 0.5559232 0.6880079 -0.4664704 0.4664703 0.6880077 -0.5559237 0.3628544 0.6880266 -0.6284554 0.2482121 0.6879991 -0.6819443 2.25687e-6 0.6879896 -0.7257206 -0.3628528 0.6880273 -0.6284555 -0.4664619 0.6880095 -0.5559284 -0.5558663 0.6880249 -0.4665129 -0.6284823 0.6879944 -0.3628687 -0.6819461 0.6880155 -0.2481618 -0.714684 0.6880102 0.1259714 -0.6819385 0.6880069 0.2482067 -0.6284783 0.6880195 0.3628283 -0.5559273 0.6879929 0.4664877 -0.4664601 0.6880356 0.5558975 -0.3628634 0.6879951 0.6284847 -0.2482056 0.6880335 0.681912 0.2481735 0.6880413 0.6819158 0.3628432 0.6879874 0.6285047 0.466459 0.688037 0.5558966 0.5559217 0.6879933 0.4664937 0.6285195 0.6880018 0.3627904 0.6819003 0.6880429 0.2482116 0.6284986 0.6880097 -0.3628116 0.555923 0.6880075 -0.4664711 0.4664707 0.6880083 -0.5559225 0.3628333 0.6880194 -0.6284754 -0.1260204 0.6880288 -0.7146576 -0.2482103 0.6879989 -0.6819452 -0.6284546 0.688027 -0.3628548 -0.7146846 0.6880103 -0.1259675 -0.7256849 0.6880273 -1.73282e-6 -0.7153254 -0.6902679 -0.1088113 -0.7148239 -0.6988493 -0.02523028 -0.7153296 0.6902644 -0.1088061 -0.6902866 0.6897498 -0.2185171 -0.6902789 -0.6897488 -0.2185444 -0.6472906 0.6897643 -0.3244073 -0.6472743 -0.6897451 -0.3244808 -0.588154 0.6897646 -0.4222555 -0.5881415 -0.6897556 -0.4222876 -0.5143475 0.6897663 -0.5095776 -0.5143923 -0.6897537 -0.5095493 -0.4277362 0.6897569 -0.5841894 -0.4277814 -0.6897526 -0.5841614 -0.3305582 0.6897651 -0.6441704 -0.3304989 -0.6897699 -0.6441956 -0.2251276 0.6897416 -0.6881672 -0.2250008 -0.6897414 -0.6882089 -0.1140132 0.6897783 -0.7149873 -0.1138758 -0.689776 -0.7150115 -0.02780866 -0.6983144 -0.7152509 -0.9913614 -0.1213438 0.04978442 -0.9912858 -0.1221034 -0.04943126 -0.9251089 -0.1864742 0.3307583 -0.9913622 -0.121339 0.04977941 -0.9912859 -0.1221016 -0.04943293 -0.9250931 -0.1864935 0.3307915 -0.9363701 -0.1855742 0.2979488 -0.9586215 -0.1814209 0.2193889 -0.9496522 -0.1831725 0.2541824 -0.9363772 -0.1855639 0.2979329 -0.9309444 -0.1864128 -0.313995 -0.945423 -0.1849048 -0.2683014 -0.9560976 -0.1870816 -0.2255616 -0.9367135 -0.3485966 0.03237849 -0.9799944 -0.1904764 0.05770367 -0.9751463 -0.19503 0.1051335 -0.9586071 -0.1814503 0.2194268 -0.9309253 -0.1864347 -0.3140386 -0.945418 -0.184948 -0.2682892 -0.9496469 -0.1831815 0.2541955 -0.9727612 -0.1834355 0.1417292 -0.9644823 -0.1835713 0.1899354 -0.9688416 -0.184777 -0.1649353 -0.9741834 -0.1945837 -0.1144723 -0.9776973 -0.1893708 -0.09081131 -0.96882 -0.2440338 -0.0428425 -0.8553671 -0.5175802 -0.02140045 -0.7151968 -0.6983825 0.02748543 -0.7071117 -0.7071016 7.31487e-4 -0.855367 -0.5175803 -0.02140212 -0.9561035 -0.187066 -0.2255495 -0.9688314 -0.1847933 -0.1649764 -0.9366843 -0.3486748 0.03237813 -0.9799969 -0.1904611 0.05771106 -0.9751471 -0.1950279 0.10513 -0.9741739 -0.1946233 -0.1144855 -0.9776868 -0.1894211 -0.09081983 -0.9688357 -0.243971 -0.04284328 -0.9727624 -0.183432 0.1417259 -0.9644828 -0.1835693 0.1899353 -9.22726e-5 -0.7272548 0.6863676 9.75599e-5 -0.6880076 0.7257035 0.1191073 -0.7272329 0.6759776 0.1260228 -0.6880239 0.7146617 0.2347227 -0.7272661 0.6449723 0.2481825 -0.6879987 0.6819555 0.3432663 -0.7272574 0.594361 0.3629423 -0.6880058 0.6284273 0.4412483 -0.7272275 0.5257758 0.4665051 -0.6880283 0.5558689 0.5257676 -0.7272395 0.4412382 0.5558763 -0.6880203 0.4665079 0.5943999 -0.7272651 0.3431825 0.6284819 -0.6879991 0.3628606 0.6450065 -0.7272374 0.2347177 0.6819322 -0.688023 0.2481793 0.6759542 -0.7272422 0.1191831 0.7146637 -0.6880185 0.1260416 0.6863682 -0.7272542 4.86715e-7 0.7257034 -0.6880077 -2.62602e-7 0.6759699 -0.7272325 -0.1191536 0.7146643 -0.6880272 -0.1259905 0.644961 -0.7272691 -0.2347446 0.6819569 -0.687998 -0.2481808 0.5944579 -0.7272233 -0.3431706 0.6284582 -0.6880373 -0.3628291 0.5258163 -0.7272654 -0.4411375 0.5559751 -0.687995 -0.4664274 0.4411063 -0.7272626 -0.5258464 0.4664483 -0.6880037 -0.555947 0.3431524 -0.7272207 -0.5944718 0.3627869 -0.6880338 -0.6284865 0.2349098 -0.7272223 -0.6449537 0.2482622 -0.6880362 -0.6818886 0.1192689 -0.7273117 -0.6758643 0.125935 -0.6879532 -0.7147453 9.23104e-5 -0.7271743 -0.6864529 -9.7572e-5 -0.688084 -0.7256311 -0.1190899 -0.727312 -0.6758957 -0.1261243 -0.6879527 -0.7147125 -0.2348242 -0.7272271 -0.6449793 -0.2483528 -0.6880316 -0.6818603 -0.343199 -0.7272447 -0.5944153 -0.3628609 -0.688013 -0.6284665 -0.4411768 -0.7272117 -0.5258575 -0.4663563 -0.6880484 -0.5559687 -0.5257477 -0.7272864 -0.4411848 -0.5559246 -0.6879743 -0.4665181 -0.5944445 -0.7272248 -0.3431908 -0.6284696 -0.688033 -0.3628177 -0.6449736 -0.7272649 -0.234723 -0.6819413 -0.6879999 -0.2482179 -0.6759684 -0.7272316 -0.1191686 -0.7146655 -0.6880277 -0.1259811 -0.6863675 -0.7272549 -1.3377e-7 -0.7257041 -0.688007 6.35771e-7 -0.6759485 -0.7272436 0.1192073 -0.7146703 -0.6880176 0.1260095 -0.645002 -0.7272387 0.2347264 -0.6819394 -0.6880243 0.248156 -0.5944027 -0.7272677 0.3431723 -0.6284813 -0.6879993 0.3628613 -0.5256906 -0.7272704 0.4412791 -0.5558373 -0.6879937 0.4665936 -0.441273 -0.7271745 0.5258284 -0.4664624 -0.6880763 0.5558452 -0.343314 -0.7272806 0.5943051 -0.3630148 -0.687985 0.6284083 -0.2347232 -0.7272652 0.6449732 -0.2481818 -0.6879992 0.6819552 -0.1191993 -0.7272288 0.6759658 -0.1259256 -0.6880287 0.7146742 0 -1 0 9.14191e-5 -0.727255 0.6863675 -9.66616e-5 -0.6880077 0.7257034 0.1192854 -0.727233 0.6759461 0.1259263 -0.6880283 0.7146744 0.2348077 -0.7272623 0.6449458 0.3431519 -0.727221 0.5944716 0.3628551 -0.6880374 0.6284431 0.4411382 -0.7272924 0.5257784 0.4665833 -0.6879726 0.5558722 0.5258346 -0.7272108 0.4412055 0.5559494 -0.6880443 0.4663853 0.5943957 -0.7272481 0.343226 0.6284476 -0.6880152 0.3628894 0.6449667 -0.7272638 0.2347456 0.6819573 -0.687998 0.2481795 0.6759641 -0.727233 0.1191837 0.7146644 -0.6880272 0.1259893 0.6863678 -0.7272546 -7.72902e-6 0.7257037 -0.6880074 8.05081e-6 0.6759636 -0.7272332 -0.1191852 0.7146653 -0.6880276 -0.1259824 0.6449693 -0.7272663 -0.2347307 0.6819571 -0.6879979 -0.2481799 0.5943984 -0.7272505 -0.343216 0.6284469 -0.6880155 -0.3628901 0.5258794 -0.7272086 -0.441156 0.5559026 -0.6880471 -0.4664371 0.4412463 -0.7272904 -0.5256905 0.4664682 -0.6879733 -0.5559678 0.343216 -0.7272239 -0.5944311 0.2347232 -0.7272652 -0.6449732 0.2481818 -0.6879993 -0.6819552 0.1191993 -0.7272289 -0.6759658 0.1259256 -0.6880288 -0.7146742 9.22718e-5 -0.7272548 -0.6863676 -9.75599e-5 -0.6880076 -0.7257035 -0.1191073 -0.7272329 -0.6759776 -0.1260228 -0.688024 -0.7146617 -0.2347227 -0.7272661 -0.6449723 -0.2481825 -0.6879987 -0.6819555 -0.3629284 -0.6880165 -0.6284236 -0.4411607 -0.7272372 -0.5258357 -0.4665414 -0.6880205 -0.5558479 -0.5257544 -0.7272375 -0.4412572 -0.5559107 -0.6880181 -0.4664701 -0.5943956 -0.727248 -0.3432263 -0.6284476 -0.6880152 -0.3628894 -0.6449739 -0.7272648 -0.2347223 -0.6819497 -0.6879971 -0.248203 -0.6759693 -0.7272319 -0.119161 -0.7146589 -0.6880285 -0.1260145 -0.6863678 -0.7272546 7.72902e-6 -0.7257037 -0.6880074 -8.05081e-6 -0.675969 -0.7272322 0.1191614 -0.7146601 -0.6880287 0.1260065 -0.6449762 -0.7272672 0.2347087 -0.6819493 -0.6879969 0.2482045 -0.5943985 -0.7272506 0.3432158 -0.6284469 -0.6880155 0.3628901 -0.5258017 -0.727239 0.4411984 -0.555864 -0.6880207 0.466522 -0.4412711 -0.7272388 0.5257411 -0.4664263 -0.6880214 0.5559435 -0.343263 -0.7272477 0.5943747 -0.3628602 -0.6880128 0.6284671 -0.2482717 -0.6879951 0.6819267 -0.119108 -0.7272331 0.6759774 -0.1261139 -0.6880288 0.714641 0 -1 0 -4.27905e-7 -0.727259 0.6863632 4.4919e-7 -0.688012 0.7256993 0.1191985 -0.727229 0.6759658 0.2348015 -0.7272699 0.6449394 0.2481026 -0.687995 0.6819884 0.3432245 -0.7272174 0.594434 0.3627075 -0.6880379 0.6285278 0.441186 -0.7272953 0.5257343 0.4665197 -0.6879763 0.5559209 0.5258788 -0.727208 0.4411575 0.5944182 -0.7272669 0.343147 0.6284632 -0.6879974 0.3628963 0.6450139 -0.7272347 0.2347058 0.6819312 -0.688027 0.2481706 0.6759471 -0.7272426 0.1192217 0.7146758 -0.6880166 0.1259831 0.6863675 -0.7272549 1.63888e-5 0.7257034 -0.6880077 -1.74492e-5 0.67597 -0.7272325 -0.1191538 0.7146632 -0.6880269 -0.1259991 0.6449764 -0.7272673 -0.2347079 0.5944759 -0.727225 -0.3431359 0.6284282 -0.6880398 -0.3628764 0.525906 -0.7272595 -0.4410403 0.5558959 -0.6879954 -0.4665215 0.4412012 -0.7272682 -0.525759 0.4663962 -0.6880006 -0.5559945 0.3432283 -0.7272168 -0.5944325 0.3627102 -0.6880375 -0.6285266 0.2347987 -0.7272688 -0.6449417 0.2480982 -0.6879953 -0.6819896 0.1191993 -0.7272289 -0.6759657 0.126022 -0.6880245 -0.7146614 4.2811e-7 -0.727259 -0.6863632 -4.4919e-7 -0.688012 -0.7256993 -0.1191985 -0.727229 -0.6759658 -0.2346437 -0.7272624 -0.6450052 -0.2482625 -0.6880024 -0.6819226 -0.3431264 -0.7272483 -0.5944529 -0.362941 -0.6880091 -0.6284245 -0.4411277 -0.7272088 -0.5259028 -0.4664571 -0.6880544 -0.5558769 -0.5256725 -0.7272868 -0.4412736 -0.5560189 -0.6879681 -0.4664149 -0.594416 -0.727227 -0.3432354 -0.6284887 -0.6880348 -0.3627811 -0.6819574 -0.6879981 -0.248179 -0.6759673 -0.7272312 -0.1191768 -0.7146655 -0.6880277 -0.1259813 -0.6863675 -0.7272549 -1.63888e-5 -0.7257034 -0.6880077 1.74492e-5 -0.6759601 -0.7272418 0.119152 -0.7146627 -0.6880179 0.1260502 -0.6450006 -0.7272424 0.2347182 -0.6819469 -0.6880214 0.2481434 -0.5943852 -0.727266 0.3432062 -0.6285009 -0.6880011 0.362824 -0.5559105 -0.6880177 0.4664711 -0.4412108 -0.7272422 0.5257869 -0.4664769 -0.6880245 0.5558971 -0.3431234 -0.7272481 0.5944548 -0.3629369 -0.688009 0.628427 -0.2346477 -0.7272617 0.6450047 -0.2482654 -0.6880031 0.6819208 -0.1191993 -0.7272289 0.6759658 -0.126022 -0.6880245 0.7146614 0 -1 0 0.1191359 -0.7272436 0.6759611 0.1260569 -0.6880147 0.7146646 0.2347145 -0.7272379 0.6450071 0.2481548 -0.6880241 0.68194 0.3432602 -0.7272987 0.5943139 0.3629763 -0.6879689 0.6284481 0.4412709 -0.7271723 0.5258331 0.4664632 -0.6880762 0.5558447 0.5256874 -0.7272661 0.4412899 0.5558377 -0.687994 0.4665927 0.5943999 -0.727265 0.3431828 0.628482 -0.687999 0.3628606 0.6759543 -0.7272422 0.1191828 0.6863682 -0.7272543 8.01865e-7 0.7146643 -0.6880272 -0.1259904 0.644961 -0.727269 -0.234745 0.6819568 -0.687998 -0.2481807 0.594458 -0.7272234 -0.3431704 0.5257387 -0.7272958 -0.4411799 0.5559366 -0.6879686 -0.4665123 0.4411311 -0.7272109 -0.5258971 0.4664064 -0.6880517 -0.5559227 0.3431462 -0.727262 -0.5944248 0.3628209 -0.6879968 -0.6285073 0.2349017 -0.7271943 -0.6449882 0.2482343 -0.6880609 -0.6818738 0.1192976 -0.7273228 -0.6758474 0.125969 -0.6879436 -0.7147485 -0.2348237 -0.7272256 -0.6449813 -0.2483528 -0.6880316 -0.6818603 -0.3431511 -0.7272192 -0.5944743 -0.3627876 -0.6880339 -0.6284859 -0.4411544 -0.7272673 -0.5257995 -0.4663982 -0.6880005 -0.555993 -0.5258277 -0.7272596 -0.4411336 -0.5559633 -0.6880007 -0.4664333 -0.5944446 -0.7272248 -0.3431905 -0.6449736 -0.7272647 -0.2347234 -0.6759683 -0.7272316 -0.1191683 -0.6863675 -0.7272549 -4.489e-7 -0.6759485 -0.7272437 0.1192076 -0.645002 -0.7272387 0.2347261 -0.5944014 -0.727266 0.3431782 -0.5257671 -0.7272386 0.4412404 -0.555876 -0.6880201 0.4665088 -0.4412499 -0.7272288 0.5257727 -0.4665043 -0.6880282 0.5558695 -0.3432677 -0.7272584 0.594359 -0.3629415 -0.6880059 0.6284278 -0.2481818 -0.6879993 0.6819552 -0.1259256 -0.6880288 0.7146742 0 -1 0 0.119314 -0.7272437 0.6759296 0.1259605 -0.6880191 0.7146774 0.2347996 -0.727234 0.6449806 0.3431458 -0.7272623 0.5944246 0.3628891 -0.6880005 0.628464 0.4411607 -0.7272372 0.5258357 0.4665414 -0.6880206 0.5558479 0.5257544 -0.7272375 0.4412572 0.5559108 -0.6880181 0.4664702 0.5943956 -0.727248 0.3432263 0.6819573 -0.6879981 0.2481796 0.6759642 -0.727233 0.1191834 0.7146644 -0.6880273 0.1259893 0.6863679 -0.7272546 -7.41387e-6 0.7146653 -0.6880276 -0.1259824 0.6449692 -0.7272662 -0.234731 0.6819571 -0.687998 -0.2481799 0.5943985 -0.7272506 -0.3432158 0.5258017 -0.727239 -0.4411984 0.555864 -0.6880207 -0.466522 0.4412711 -0.7272388 -0.5257411 0.4664263 -0.6880214 -0.5559435 0.3432099 -0.7272652 -0.594384 0.234715 -0.7272372 -0.6450077 0.2481539 -0.688024 -0.6819404 0.119228 -0.7272399 -0.6759489 0.1259596 -0.6880191 -0.7146775 -0.1260228 -0.6880239 -0.7146617 -0.2347221 -0.7272646 -0.6449742 -0.2481825 -0.6879987 -0.6819555 -0.343151 -0.7272192 -0.5944743 -0.3628551 -0.6880374 -0.6284431 -0.4411384 -0.7272928 -0.5257776 -0.4665833 -0.6879726 -0.5558722 -0.5258345 -0.7272107 -0.441206 -0.5559494 -0.6880443 -0.4663853 -0.5943957 -0.7272481 -0.343226 -0.6449739 -0.7272648 -0.2347226 -0.6759692 -0.727232 -0.1191607 -0.6863679 -0.7272546 7.41389e-6 -0.6759689 -0.7272322 0.1191617 -0.6449762 -0.7272673 0.2347084 -0.5943971 -0.7272489 0.3432217 -0.5258783 -0.7272072 0.4411597 -0.5559026 -0.6880471 0.4664371 -0.4412479 -0.7272931 0.5256854 -0.4664682 -0.6879733 0.5559678 -0.3432167 -0.7272255 0.5944286 -0.3627869 -0.6880338 0.6284865 -0.1261139 -0.6880288 0.714641 0 -1 0 0.1192271 -0.7272397 0.6759493 0.2347934 -0.7272416 0.6449742 0.2480748 -0.6880204 0.6819729 0.3432185 -0.7272588 0.594387 0.3627415 -0.6880009 0.6285486 0.4412084 -0.7272402 0.5257915 0.4664778 -0.6880242 0.5558967 0.5257986 -0.7272347 0.4412092 0.5944182 -0.7272668 0.3431474 0.6284632 -0.6879973 0.3628963 0.6759472 -0.7272426 0.1192214 0.6863675 -0.7272549 1.67039e-5 0.7146631 -0.6880269 -0.125999 0.6449763 -0.7272673 -0.2347082 0.5944759 -0.7272251 -0.3431357 0.5258285 -0.7272899 -0.4410827 0.5558572 -0.687969 -0.4666063 0.441226 -0.7272165 -0.5258097 0.4663543 -0.6880486 -0.5559701 0.3432222 -0.7272582 -0.5943855 0.3627443 -0.6880005 -0.6285474 0.2347905 -0.7272408 -0.6449763 0.2480703 -0.6880201 -0.6819747 0.119228 -0.7272399 -0.6759489 0.1260559 -0.6880149 -0.7146646 -0.2346432 -0.7272608 -0.6450072 -0.2482625 -0.6880025 -0.6819226 -0.3430784 -0.7272228 -0.5945119 -0.3628677 -0.68803 -0.628444 -0.4411054 -0.7272644 -0.5258447 -0.466499 -0.6880064 -0.5559011 -0.5257526 -0.7272599 -0.4412225 -0.5560576 -0.6879944 -0.4663301 -0.594416 -0.7272272 -0.3432351 -0.6759672 -0.7272313 -0.1191765 -0.6863675 -0.7272549 -1.67039e-5 -0.6759601 -0.7272419 0.1191524 -0.6450007 -0.7272425 0.2347178 -0.5943838 -0.7272643 0.343212 -0.5559491 -0.6880441 0.4663862 -0.4411876 -0.7272965 0.5257312 -0.4665188 -0.6879765 0.5559214 -0.3430772 -0.727226 0.5945087 -0.3628634 -0.68803 0.6284464 -0.2482654 -0.6880032 0.6819208 -0.126022 -0.6880245 0.7146614 0 -1 0 0.03237783 -0.3485782 0.9367203 -0.02674442 -0.698388 0.7152196 0.08974057 -0.8129094 0.5754346 0.3958085 -0.8080078 0.4364162 0.1763718 -0.8950326 0.4096459 0.3522521 -0.3664745 0.8611708 0.1717936 -0.8100159 0.5606792 0.1051371 -0.1949971 0.9751525 0.05770778 -0.1904753 0.9799944 0.2520155 -0.8089256 0.5311568 0.1900109 -0.1835737 0.9644671 0.141757 -0.1834391 0.9727564 0.3282386 -0.8078396 0.4895455 0.2541598 -0.1831702 0.9496586 0.2193068 -0.1814041 0.9586434 0.0497452 -0.1213428 0.9913635 0.3308284 -0.1864925 0.9250801 0.2979567 -0.1855584 0.9363707 0 -0.819149 0.5735808 -0.176371 -0.8950324 0.4096467 -0.3523086 -0.3664636 0.8611522 0 -0.8191459 0.5735853 -0.04943072 -0.1221056 0.9912855 -0.4935442 -0.8055662 -0.3278375 -0.437744 -0.8073341 -0.395717 -0.8611707 -0.3664469 -0.3522808 -0.4096459 -0.8950331 -0.1763697 -0.5341478 -0.8053299 -0.2571575 -0.560883 -0.809809 -0.1721041 -0.5773365 -0.8111919 -0.09300684 -0.5754434 -0.8129084 0.08969479 -0.436372 -0.8080191 0.3958341 -0.4096319 -0.8950372 0.1763806 -0.8611407 -0.3664751 0.3523251 -0.5606723 -0.8100184 0.1718045 -0.5311596 -0.8089302 0.2519948 -0.489551 -0.807828 0.3282588 -0.573574 -0.8191539 0 -0.4096605 -0.8950284 -0.1763591 -0.8611713 -0.3664543 -0.3522716 -0.5735738 -0.819154 0 -0.4935603 -0.8055673 -0.3278101 -0.437795 -0.8073193 -0.3956906 -0.5341829 -0.8053035 -0.2571675 -0.5608697 -0.8098193 -0.1720991 -0.5772948 -0.8112239 -0.09298652 -0.03298294 -0.3556206 -0.9340482 0.03004622 -0.6974204 -0.7160322 -0.09210973 -0.8127794 -0.5752439 -0.3961111 -0.8080823 -0.4360036 -0.1764142 -0.8950609 -0.4095657 -0.3523385 -0.3664675 -0.8611383 -0.1734837 -0.8100299 -0.5601384 -0.1057594 -0.1940327 -0.9752776 -0.05774062 -0.1933279 -0.9794338 -0.253401 -0.8089586 -0.530447 -0.1905461 -0.1836336 -0.96435 -0.1414939 -0.1836909 -0.9727472 -0.3290272 -0.8078782 -0.4889518 -0.2546026 -0.1831426 -0.9495453 -0.2199577 -0.181429 -0.9584895 -0.04978191 -0.1213458 -0.9913612 -0.330842 -0.1864963 -0.9250744 -0.2983083 -0.185583 -0.9362538 0 -0.8191525 -0.5735759 0.176333 -0.895026 -0.4096771 0.3522477 -0.3664673 -0.8611755 0 -0.8191538 -0.5735741 0.04943412 -0.1221075 -0.9912852 0.8611999 -0.3664206 -0.3522368 0.409646 -0.895033 -0.1763693 0.573563 -0.8191615 0 0.4096671 -0.8950256 0.1763575 0.8611478 -0.366452 0.3523312 0.9912902 -0.1220581 0.04945313 0.9913619 -0.1213394 -0.04978257 0.7071036 -0.7071096 -7.32475e-4 0.5757151 -0.8127211 -0.08964753 0.9368861 -0.3481366 -0.03233516 0.9800751 -0.1900923 -0.05760157 0.9751685 -0.1949064 -0.1051558 0.5606508 -0.8100408 -0.1717689 0.9727597 -0.1834474 -0.1417241 0.9644773 -0.1835774 -0.1899554 0.5311982 -0.8088952 -0.2520259 0.9586461 -0.1813647 -0.2193273 0.9496611 -0.183149 -0.2541662 0.494462 -0.8130216 -0.3074139 0.9363654 -0.1856007 -0.2979466 0.4096609 -0.8950282 -0.1763588 0.8611712 -0.3664546 -0.3522716 0.4363215 -0.8080372 -0.3958527 0.9913619 -0.1213389 -0.04978561 0.9250681 -0.1865044 -0.3308552 0.4733303 -0.8122697 -0.3408467 0.9316363 -0.1856567 0.312387 0.4372012 -0.8075765 0.3958225 0.4701451 -0.8131797 0.3430778 0.4963291 -0.812635 0.3054211 0.9454398 -0.1848759 0.2682625 0.9561034 -0.1870602 0.2255545 0.5342033 -0.8052855 0.257181 0.5608632 -0.8098255 0.1720911 0.9688177 -0.1848333 0.1650123 0.5776085 -0.8110014 0.09297925 0.9777323 -0.1891872 0.09081846 0.9741706 -0.1946311 0.1145003 0.8555758 -0.5172352 0.02139484 0.9689179 -0.2436578 0.04276782 0.5735751 -0.8191531 0 0.4096305 -0.8950378 0.1763804 0.8611402 -0.3664753 0.3523257 0.573574 -0.8191537 0 0.9912856 -0.1221031 0.04943346 0.9368982 -0.3481043 -0.03232985 0.7148208 -0.6988524 0.02523404 0.5756985 -0.8127303 -0.0896703 0.4363908 -0.8080167 -0.3958185 0.5606738 -0.8100237 -0.1717755 0.9751758 -0.1948767 -0.1051442 0.9800669 -0.1901305 -0.05761355 0.5311929 -0.8089051 -0.2520054 0.9644843 -0.1835697 -0.1899271 0.9727628 -0.1834351 -0.1417185 0.4895378 -0.8078266 -0.328282 0.9496574 -0.1831439 -0.2541837 0.9586657 -0.1813271 -0.219273 0.9250661 -0.1865193 -0.3308525 0.9364036 -0.1855569 -0.297854 -0.3278262 -0.8055688 0.4935473 -0.3957219 -0.8073209 0.4377638 -0.2255586 -0.1870726 0.9561 -0.2682727 -0.1848673 0.9454385 -0.3139481 -0.1864329 0.9309562 -0.2571826 -0.8053036 0.5341755 -0.1720927 -0.8098233 0.5608657 -0.1649282 -0.184818 0.9688349 -0.09295964 -0.8112198 0.577305 -0.09081959 -0.1894247 0.9776862 -0.1144788 -0.1946171 0.974176 0.02765035 -0.6983388 0.7152331 -0.02141934 -0.5178095 0.8552278 -0.04285353 -0.2440065 0.9688263 -0.8611476 -0.3664515 0.3523328 -0.4096719 -0.8950233 0.1763589 -0.573569 -0.8191573 -1.81884e-7 -0.5754421 -0.8129089 0.08969813 -0.436448 -0.8079961 0.3957974 -0.5606765 -0.8100161 0.1718021 -0.5311717 -0.8089254 0.2519848 -0.4895834 -0.8078259 0.3282155 0.3278527 -0.8055845 -0.493504 0.3956621 -0.8073377 -0.437787 0.2255862 -0.1871026 -0.9560877 0.268306 -0.1849154 -0.9454196 0.3140013 -0.1864359 -0.9309377 0.2572039 -0.805296 -0.5341767 0.17208 -0.809862 -0.5608138 0.1649019 -0.1848642 -0.9688305 0.09299296 -0.8111762 -0.5773609 0.09086346 -0.1893954 -0.9776877 0.1145854 -0.1946802 -0.9741508 0.02120321 -0.5175643 -0.8553817 0.04277253 -0.2439839 -0.9688357 0.4935651 -0.8055518 0.3278413 0.4377536 -0.8073325 0.3957095 0.9561017 -0.1870654 0.2255574 0.9454243 -0.184903 0.2682981 0.9309324 -0.1864271 0.3140223 0.5342033 -0.8052856 0.257181 0.5608695 -0.8098221 0.1720861 0.9688086 -0.1848581 0.1650375 0.5776222 -0.8109885 0.09300738 0.9777421 -0.1891396 0.09081065 0.9741731 -0.19463 0.1144812 0.7159946 -0.6974335 -0.03063285 0.8555722 -0.5172413 0.02139574 0.9689145 -0.2436704 0.04277443 -0.1132884 0.689855 0.7150286 -0.1132557 -0.6898512 0.7150374 -0.2237312 0.689868 0.6884959 -0.2237003 -0.6898669 0.688507 -0.3286688 0.6898468 0.645049 -0.3286986 -0.6898398 0.6450414 -0.4255084 0.6898713 0.5856792 -0.4255355 -0.689869 0.5856623 -0.5119197 0.6898526 0.5119001 -0.5119083 -0.6898459 0.5119206 -0.5856814 0.689886 0.4254816 -0.5856628 -0.6898675 0.4255372 -0.6450436 0.6898531 0.3286663 -0.6450449 -0.6898438 0.3286833 -0.6884958 0.6898747 0.223711 -0.688505 -0.6898676 0.2237042 -0.7150506 0.6898344 0.113275 -0.715036 -0.6898511 0.1132662 -1.24388e-6 -0.6880174 -0.7256943 0.1191414 -0.7272567 -0.6759461 0.1259705 -0.6879996 -0.7146944 0.2347866 -0.7272496 -0.6449677 0.2482402 -0.6880056 -0.6819275 0.3431922 -0.7272415 -0.5944232 0.3628481 -0.6880137 -0.6284731 0.4411843 -0.7272531 -0.5257939 0.4664694 -0.688002 -0.5559313 0.5257977 -0.7272521 -0.4411817 0.5559338 -0.6880011 -0.4664677 0.594426 -0.7272394 -0.3431919 0.6284755 -0.6880119 -0.3628475 0.6449785 -0.727256 -0.2347373 0.6819528 -0.6879974 -0.2481933 0.6759593 -0.7272387 -0.1191762 0.7146766 -0.6880127 -0.1259994 0.6863683 -0.7272542 -9.14494e-7 0.7257116 -0.6879991 2.05231e-6 0.6759579 -0.727238 0.119189 0.7146725 -0.6880139 0.1260163 0.6449913 -0.7272515 0.2347157 0.6819571 -0.6880015 0.2481703 0.5944225 -0.7272495 0.3431764 0.6284868 -0.6880022 0.3628463 0.5257896 -0.7272446 0.4412037 0.5559139 -0.6880053 0.4664853 0.4411745 -0.7272524 0.5258032 0.4664601 -0.6880016 0.5559396 0.3431973 -0.7272412 0.5944207 0.3628568 -0.6880133 0.6284686 0.2347792 -0.7272495 0.6449705 0.2482333 -0.6880052 0.6819304 0.1191796 -0.7272463 0.6759505 0.1260087 -0.6880082 0.7146794 -1.19608e-6 -0.7272565 0.6863659 1.2654e-6 -0.6879996 0.7257111 -0.1191803 -0.7272462 0.6759505 -0.126008 -0.6880085 0.7146791 -0.2347866 -0.7272496 0.6449677 -0.2482402 -0.6880056 0.6819275 -0.3431922 -0.7272415 0.5944232 -0.3628481 -0.6880137 0.6284731 -0.4411897 -0.7272599 0.5257802 -0.4664847 -0.6879948 0.5559273 -0.5257987 -0.7272295 0.4412176 -0.5559022 -0.6880199 0.4664778 -0.5943899 -0.7272589 0.343213 -0.6284695 -0.6879957 0.3628886 -0.6449884 -0.7272515 0.234724 -0.6819552 -0.6880012 0.2481763 -0.6759597 -0.7272378 0.1191796 -0.7146752 -0.6880136 0.1260027 -0.6863682 -0.7272542 7.45714e-6 -0.7257117 -0.687999 4.86422e-6 -0.6759575 -0.7272388 -0.1191855 -0.7146739 -0.6880131 -0.126013 -0.6449814 -0.7272561 -0.234729 -0.6819548 -0.6879976 -0.2481873 -0.5944118 -0.7272476 -0.3431991 -0.628472 -0.688004 -0.3628683 -0.5257999 -0.7272351 -0.4412071 -0.5559103 -0.6880143 -0.4664762 -0.4411896 -0.7272606 -0.5257792 -0.4664857 -0.6879956 -0.5559255 -0.3431976 -0.7272418 -0.5944197 -0.3628568 -0.6880133 -0.6284686 -0.2347792 -0.7272495 -0.6449705 -0.2482333 -0.6880052 -0.6819304 -0.1191408 -0.7272573 -0.6759455 -0.1259712 -0.6879991 -0.7146947 1.1765e-6 -0.7272354 -0.6863883 0.1191972 -0.7272583 0.6759345 3.75814e-7 -0.7272624 0.6863595 -0.1192491 -0.7272612 0.6759222 -0.234809 -0.7272495 0.6449596 -0.3431818 -0.7272545 0.5944133 -0.4411848 -0.7272564 0.5257892 -0.5257698 -0.7272452 0.4412262 -0.59439 -0.727266 0.343198 -0.6449747 -0.7272633 0.2347248 -0.6759517 -0.7272446 0.1191839 -0.6863594 -0.7272626 0 -0.6759474 -0.7272489 -0.1191813 -0.6449786 -0.7272604 -0.2347229 -0.5944146 -0.7272574 -0.3431735 -0.5257853 -0.7272536 -0.4411938 -0.4411859 -0.7272573 -0.5257869 -0.3431825 -0.7272548 -0.5944127 -0.2347582 -0.7272511 -0.6449763 -0.1191915 -0.7272702 -0.6759228 -5.58674e-5 -0.7272356 -0.686388 0.1191359 -0.7272731 -0.6759294 0.2347576 -0.7272518 -0.6449757 0.3431818 -0.7272545 -0.5944133 0.4411698 -0.7272466 -0.5258152 0.5257708 -0.7272748 -0.4411763 0.59443 -0.7272451 -0.3431729 0.6449648 -0.7272605 -0.2347609 0.6759446 -0.7272497 -0.119193 0.6863597 -0.7272623 4.82023e-6 0.6759551 -0.7272441 0.1191673 0.6449704 -0.7272653 0.2347303 0.5944059 -0.7272529 0.3431981 0.5257558 -0.7272659 0.4412089 0.4411708 -0.7272474 0.5258134 0.3431825 -0.7272548 0.5944127 0.2347582 -0.7272511 0.6449763 -1.81589e-4 -0.6880056 0.7257054 1.71745e-4 -0.7272565 0.6863659 -0.1261556 -0.6880294 0.714633 -0.118991 -0.7272378 0.6759929 -0.2484065 -0.6880001 0.6818725 -0.2346302 -0.7272706 0.6450009 -0.3629372 -0.6880313 0.6284023 -0.3431538 -0.7272292 0.5944604 -0.4664112 -0.6879957 0.5559879 -0.4411168 -0.7272607 0.5258402 -0.5559793 -0.6880069 0.4664049 -0.5257657 -0.7272667 0.4411956 -0.6285166 -0.6880325 0.3627371 -0.594443 -0.7272269 0.3431891 -0.6819394 -0.687996 0.248234 -0.6449686 -0.7272697 0.2347221 -0.714657 -0.6880282 0.1260265 -0.6759679 -0.7272347 0.119152 -0.7257034 -0.6880077 4.28455e-7 -0.6863637 -0.7272586 -3.8889e-7 -0.7146672 -0.6880173 -0.1260284 -0.675948 -0.727246 -0.1191955 -0.6819438 -0.6880218 -0.2481507 -0.6450082 -0.7272398 -0.2347057 -0.6284751 -0.6880027 -0.3628656 -0.594389 -0.7272709 -0.3431894 -0.5559201 -0.6880165 -0.4664611 -0.5257225 -0.7272434 -0.4412856 -0.4666072 -0.6880296 -0.5557816 -0.4411405 -0.7272338 -0.5258575 -0.3630841 -0.6880027 -0.6283489 -0.3431403 -0.7272586 -0.5944322 -0.2482355 -0.6880068 -0.681928 -0.2347857 -0.7272627 -0.6449532 -0.1258032 -0.6880286 -0.7146959 -0.119324 -0.7272373 -0.6759348 1.81588e-4 -0.6880056 -0.7257054 -1.71745e-4 -0.7272565 -0.6863658 0.1261556 -0.6880294 -0.714633 0.118991 -0.7272378 -0.6759929 0.2482501 -0.6879928 -0.6819369 0.2347719 -0.7272773 -0.6449418 0.3628837 -0.6879829 -0.6284863 0.3434467 -0.7272818 -0.594227 0.4663509 -0.6880789 -0.5559356 0.4413676 -0.7271799 -0.5257416 0.5557941 -0.6879955 -0.4666424 0.5257273 -0.7272677 -0.4412397 0.6284745 -0.6880028 -0.3628663 0.5943894 -0.7272707 -0.3431888 0.6819434 -0.6880218 -0.2481516 0.6450085 -0.7272397 -0.2347049 0.714667 -0.6880172 -0.1260292 0.6759481 -0.7272461 -0.1191949 0.7257034 -0.6880077 -4.28455e-7 0.6863637 -0.7272586 3.8889e-7 0.7146672 -0.6880263 0.1259794 0.675958 -0.7272366 0.1191964 0.6819541 -0.687998 0.248188 0.6449549 -0.7272678 0.2347657 0.628461 -0.688037 0.3628249 0.594496 -0.7272226 0.3431062 0.5558772 -0.6879761 0.4665721 0.5257485 -0.7273023 0.4411575 0.4663706 -0.6880438 0.5559625 0.4411416 -0.7272109 0.5258882 0.3628646 -0.6880184 0.6284584 0.3433395 -0.727246 0.5943328 0.2480854 -0.6879997 0.6819897 0.2349334 -0.7272698 0.6448915 0.1258032 -0.6880286 0.7146959 0.119324 -0.7272372 0.6759349 5.90675e-5 -0.6880259 -0.7256862 0.126028 -0.6879927 -0.7146908 0.2482092 -0.6880126 -0.6819317 0.3628482 -0.6880112 -0.6284759 0.4664421 -0.6880162 -0.5559365 0.5559312 -0.6879926 -0.4664834 0.6284921 -0.6880186 -0.362806 0.6819526 -0.6880036 -0.2481769 0.7146737 -0.6880141 -0.1260088 0.725708 -0.6880029 3.98459e-7 0.7146692 -0.6880189 0.1260081 0.6819555 -0.6879999 0.2481793 0.6284798 -0.688012 0.3628396 0.5559034 -0.6880002 0.4665054 0.4664424 -0.6880176 0.5559348 0.3628478 -0.6880117 0.6284755 0.2482627 -0.6880103 0.6819146 0.126084 -0.6880098 0.7146646 -3.9736e-7 -0.6880004 0.7257103 -0.1260292 -0.6880072 0.7146767 -0.2482092 -0.6880127 0.6819316 -0.3628484 -0.6880118 0.6284751 -0.4664711 -0.6880082 0.5559223 -0.5558863 -0.6880184 0.4664988 -0.6284596 -0.6880003 0.362897 -0.6819508 -0.6880017 0.2481872 -0.7146724 -0.6880185 0.1259924 -0.7257082 -0.6880027 4.73611e-6 -0.7146711 -0.6880149 -0.1260194 -0.6819382 -0.688004 -0.2482151 -0.6284709 -0.6880069 -0.3628648 -0.5559138 -0.6880118 -0.4664759 -0.4664705 -0.688008 -0.555923 -0.3628477 -0.6880118 -0.6284754 -0.2482085 -0.6880127 -0.6819319 -0.125969 -0.6879952 -0.7146989 -0.6819281 -0.6880173 0.248206 -0.7146733 -0.6880131 0.1260159 -0.7256926 -0.6880192 2.30168e-6 -0.7146742 -0.6880128 -0.1260122 -0.6819296 -0.6880173 -0.2482025 -0.6284734 -0.6880159 -0.3628435 -0.5559104 -0.6880118 -0.4664799 -0.4664608 -0.6880181 -0.5559186 -0.3628545 -0.6880199 -0.6284626 -0.2482056 -0.6880092 -0.6819365 -0.1260207 -0.6880213 -0.7146646 0 -0.6880106 -0.7257007 0.1260228 -0.6880195 -0.714666 0.2481991 -0.6880122 -0.6819359 0.3628469 -0.6880182 -0.6284689 0.4664679 -0.6880149 -0.5559166 0.5559151 -0.6880148 -0.4664698 0.6284722 -0.6880159 -0.3628454 0.6819281 -0.6880173 -0.248206 0.7146738 -0.6880128 -0.1260148 0.7256926 -0.6880192 0 0.7146737 -0.6880133 0.1260133 0.6819296 -0.6880173 0.2482025 0.6284733 -0.6880161 0.3628435 0.5559151 -0.6880148 0.4664698 0.4664707 -0.6880153 0.5559137 0.3628504 -0.6880183 0.6284669 0.2482015 -0.688012 0.6819351 0.1260241 -0.6880197 0.7146655 -2.39846e-6 -0.6880107 0.7257006 -0.1260205 -0.6880214 0.7146646 -0.2482014 -0.6880093 0.6819378 -0.3628522 -0.6880201 0.6284638 -0.4664583 -0.6880182 0.5559205 -0.5559107 -0.6880119 0.4664794 -0.6284722 -0.6880159 0.3628454 0.1191914 -0.7272644 -0.6759291 0.2347418 -0.7272769 -0.6449531 0.3431832 -0.7272617 -0.5944038 0.4411764 -0.727275 -0.5257704 0.5257743 -0.7272724 -0.441176 0.5944033 -0.727267 -0.3431729 0.6449566 -0.7272726 -0.2347461 0.675929 -0.7272662 -0.1191799 0.6863591 -0.7272628 3.23213e-6 0.6759167 -0.7272769 0.1191849 0.6449651 -0.7272632 0.2347517 0.5943983 -0.7272716 0.3431715 0.5257784 -0.7272647 0.4411839 0.4411749 -0.727274 0.5257732 0.3431828 -0.7272582 0.5944082 0.2347388 -0.7272754 0.6449561 0.1191935 -0.7272589 0.6759345 0 -0.7272791 0.6863419 -0.1191907 -0.7272629 0.6759307 -0.2347425 -0.7272784 0.6449513 -0.3431914 -0.727256 0.5944059 -0.4411719 -0.7272707 0.5257802 -0.5257716 -0.7272679 0.4411866 -0.5943988 -0.7272717 0.3431704 -0.6449572 -0.727272 0.2347462 -0.6759294 -0.7272657 0.1191809 -0.6863592 -0.7272628 3.7585e-7 -0.6759286 -0.7272661 -0.1191833 -0.6449556 -0.7272726 -0.2347485 -0.5944027 -0.7272669 -0.3431739 -0.525763 -0.7272759 -0.4411838 -0.4411689 -0.7272717 -0.5257812 -0.3431865 -0.7272595 -0.5944045 -0.2347398 -0.7272798 -0.6449506 -0.1191893 -0.7272639 -0.6759299 -2.15362e-6 -0.7272698 -0.6863517 0 -1 0 0.5944103 -0.7272481 0.3432007 0.6449442 -0.727281 0.2347539 0.6759378 -0.7272537 0.1192058 0.6863234 -0.7272965 2.67968e-7 0.3431975 -0.7272459 0.5944148 0.4411681 -0.7272679 0.5257872 0.3431964 -0.7272517 -0.5944083 0.2347418 -0.7272931 -0.644935 0 -1 0 0.1191984 -0.7272356 -0.6759588 -0.1191938 -0.7272522 -0.6759417 -0.2347435 -0.7272873 -0.6449409 0.5944061 -0.7272564 -0.3431903 0.6449352 -0.7272891 -0.2347536 0.6759489 -0.7272444 -0.1192004 0.5257746 -0.7272744 -0.4411724 0.4411761 -0.7272703 -0.5257773 0.5257678 -0.7272672 0.4411926 -0.3431961 -0.7272459 -0.5944156 -0.4411713 -0.7272661 -0.5257869 -0.5257443 -0.7272588 -0.4412342 -0.5943699 -0.7272927 -0.3431763 -0.6449843 -0.727259 -0.234712 -0.4411748 -0.7272716 0.5257765 -0.5257486 -0.7272619 0.4412241 -0.594376 -0.7272908 0.3431698 -0.6449809 -0.727263 0.2347091 -0.6759536 -0.7272401 0.1192001 -0.6863374 -0.7272834 -3.19608e-6 -0.6759518 -0.7272403 -0.1192086 0.2347429 -0.7272892 0.6449389 0.1191954 -0.7272458 0.6759484 -2.82027e-6 -0.727284 0.6863367 -0.1191977 -0.7272384 0.6759558 -0.2347466 -0.7272789 0.6449493 -0.3431987 -0.7272477 0.594412 -0.6759372 -0.7272647 -0.119143 0.5257636 -0.7272738 0.4411866 0.5944122 -0.7272781 0.3431338 0.6472945 -0.6897305 0.3244712 0.6449757 -0.7272486 -0.2347678 0.5944156 -0.727274 -0.3431366 0 -1 0 -0.594403 -0.7272562 -0.3431961 -0.6449366 -0.7272891 -0.2347494 -0.6863728 -0.72725 8.69639e-6 -0.6759288 -0.7272743 0.1191316 -0.644937 -0.7272874 0.2347537 0.6449743 -0.7272478 0.2347739 0.6759009 -0.7272902 0.1191937 0.6863765 -0.7272465 2.32362e-6 -0.5944133 -0.7272483 0.343195 -0.5257828 -0.7272653 0.4411777 -0.4411727 -0.7272761 0.525772 -0.343194 -0.7272554 0.5944052 -0.2347466 -0.7272788 0.6449493 0.5881525 -0.6897571 0.4222699 0.5143858 -0.6897668 0.5095381 0.4411597 -0.7272785 0.5257796 0.4278045 -0.6897478 0.5841501 0.3431676 -0.727261 0.5944136 0.3304995 -0.6897497 0.6442171 0.234723 -0.7272741 0.6449632 0.2250166 -0.689764 0.6881812 0.1191962 -0.7272392 0.6759552 0.113937 -0.6897511 0.7150258 -2.82026e-6 -0.7272837 0.686337 -0.1191976 -0.7272397 0.6759545 0.5257779 -0.7272709 -0.4411742 0.4411743 -0.727274 -0.5257737 0.3431692 -0.7272574 -0.594417 0.2347218 -0.7272842 -0.6449522 0.1191976 -0.7272402 -0.6759539 2.82019e-6 -0.7272993 -0.6863205 -0.3431947 -0.7272519 -0.5944091 -0.441167 -0.7272702 -0.525785 -0.5257622 -0.727275 -0.4411861 -0.1191959 -0.727241 -0.6759533 -0.2347421 -0.727293 -0.644935 0.7153211 -0.690275 0.1087942 0.6902869 -0.6897458 0.2185286 0.6759033 -0.7272881 -0.1191927 0.1191836 -0.7272952 0.6758972 0.2347517 -0.7272379 0.6449937 0.5944113 -0.7272779 0.3431357 0.5257983 -0.727274 0.4411448 0.4411461 -0.7272651 0.5258095 0.3431616 -0.7272722 0.5944033 0.644982 -0.7272471 0.2347552 0.6758991 -0.7272909 0.1191992 0.6863742 -0.7272486 -3.5753e-6 -0.6863726 -0.7272501 -9.13758e-6 -0.6759389 -0.7272646 0.119134 -0.6449365 -0.7272949 0.2347322 -0.594406 -0.7272564 0.3431904 -0.525798 -0.7272729 0.441147 -0.4411359 -0.7272679 0.5258144 -0.3431761 -0.7272689 0.594399 -0.2347609 -0.7272519 0.6449745 -0.1191882 -0.7272785 0.6759144 0.6449769 -0.7272543 -0.234747 -0.5944036 -0.7272557 -0.3431962 -0.6449364 -0.7272952 -0.2347315 0 -1 0 -0.6759379 -0.7272638 -0.1191446 -2.81709e-6 -0.7272489 0.6863739 -1.11572e-5 -0.7272539 -0.6863686 0.1191802 -0.7272597 -0.6759361 0.2347217 -0.7272843 -0.6449521 -0.1191903 -0.7272713 -0.6759217 -0.2347449 -0.7272855 -0.6449425 -0.3431928 -0.7272553 -0.5944061 0.4411752 -0.7272726 -0.5257747 0.3431684 -0.727259 -0.5944156 -0.4411667 -0.7272704 -0.5257849 -0.5257632 -0.7272737 -0.4411872 0.6759108 -0.7272815 -0.1191903 -0.5257838 -0.727263 0.4411801 -0.4412366 -0.7272526 0.525751 0 -1 0 0.2347399 -0.7272373 0.6449986 0.6759005 -0.7272898 0.119198 0.6863686 -0.7272539 2.43144e-6 0 -1 0 -0.3431693 -0.7272914 0.5943753 -0.2347621 -0.7272484 0.6449779 -0.1191868 -0.7272865 0.675906 -0.6863731 -0.7272496 -2.43146e-6 0 -1 -1.16351e-6 -0.6759239 -0.7272766 -0.1191459 -0.6449484 -0.7272765 -0.2347561 -0.6759402 -0.7272627 0.119138 -0.644945 -0.7272812 0.2347512 -0.5943849 -0.7272776 0.3431822 -2.81709e-6 -0.7272489 0.686374 0.3431444 -0.7272925 0.5943884 0.4412319 -0.7272482 0.5257609 0.5257652 -0.7272652 0.4411987 0.5943831 -0.7273001 0.3431376 0.6449898 -0.7272335 0.2347754 0.6285019 -0.688003 -0.3628185 0.6819344 -0.6880172 -0.2481893 0.7146962 -0.6879893 -0.1260164 -0.5257678 -0.7272672 -0.4411926 -0.4411688 -0.7272692 -0.5257849 -0.3431982 -0.7272481 -0.5944116 0.6758933 -0.7272979 -0.1191894 0.6449878 -0.7272371 -0.2347705 0.5944278 -0.7272616 -0.343142 0.5559269 -0.6880011 -0.4664759 0.5257821 -0.7272662 -0.4411771 0.466468 -0.6879957 -0.5559402 0.4411793 -0.7272663 -0.5257799 0.362865 -0.6880024 -0.6284758 0.3431729 -0.72725 -0.594424 0.2482261 -0.6879872 -0.6819513 0.2347279 -0.7272669 -0.6449695 0.1260242 -0.6880165 -0.7146686 0.1191978 -0.727239 -0.6759552 2.82026e-6 -0.7272833 -0.6863374 -0.1191955 -0.7272427 -0.6759516 -0.2347435 -0.7272899 -0.6449379 -0.5944105 -0.7272482 -0.3432 0 -1 -2.22389e-7 0.5257828 -0.7272653 -0.4411777 0.4411727 -0.7272761 -0.525772 0.343194 -0.7272555 -0.5944051 0.2347466 -0.7272787 -0.6449495 -0.5257468 -0.727257 -0.4412343 -0.4411606 -0.7272799 -0.5257769 -0.3431941 -0.7272534 -0.5944074 -0.234746 -0.7272841 -0.6449434 -0.1191963 -0.72724 -0.6759544 2.82026e-6 -0.7272837 -0.6863369 0.1191976 -0.7272392 -0.6759549 0.6863284 -0.7272918 -1.06534e-6 0.6759369 -0.7272554 -0.1192013 0.6449401 -0.727284 -0.2347558 0.5944134 -0.7272482 -0.343195 0.3431677 -0.7272917 0.5943759 0.4412274 -0.7272524 0.525759 0 -1 -2.92643e-7 0.5257666 -0.7272633 0.4412002 -0.4412382 -0.7272486 0.5257551 -0.525767 -0.7272396 0.4412389 -0.5943607 -0.727304 0.3431681 -0.3431719 -0.7272833 0.5943838 -0.234761 -0.7272505 0.644976 -0.1191875 -0.7272827 0.67591 -2.81707e-6 -0.7272544 0.6863681 0.1191844 -0.7272911 0.6759015 0.2347624 -0.7272486 0.6449776 0.5943748 -0.7272776 0.3431999 0.6449561 -0.72727 0.2347556 0.6759369 -0.727253 0.1192156 -0.6449847 -0.7272613 0.2347036 -0.675948 -0.7272454 0.1191998 -0.6863378 -0.7272829 -3.66013e-7 -0.6759523 -0.7272399 -0.1192086 -0.6449831 -0.727261 -0.234709 -0.5943779 -0.7272874 -0.3431736 -0.4411375 -0.7272642 0.525818 -0.3431776 -0.7272663 0.5944012 2.82022e-6 -0.7272925 -0.6863276 0 -1 0 0.6863278 -0.7272924 -4.97706e-6 0.6759517 -0.7272425 -0.1191965 0.2347444 -0.7272853 -0.6449427 0.1191787 -0.727268 -0.6759273 0.6449359 -0.7272951 -0.2347331 0.5944067 -0.727256 -0.3431904 0.5257757 -0.7272732 -0.4411733 -0.1191863 -0.7272881 0.6759043 -2.81705e-6 -0.727258 0.6863643 0.3431858 -0.7272686 0.5943937 0.4411414 -0.7272686 0.5258085 0.5257992 -0.7272727 0.441146 0.4411759 -0.7272707 -0.5257766 0.3431946 -0.7272551 -0.5944054 0.1191857 -0.727284 0.6759089 0.234773 -0.7272526 0.6449693 0.594403 -0.7272562 0.343196 0.6449368 -0.7272948 0.2347314 0.6759483 -0.7272437 0.119208 -1.11573e-5 -0.7272495 -0.6863732 -0.1191905 -0.7272711 -0.6759219 -0.2347441 -0.7272893 -0.6449384 -0.2347651 -0.7272408 0.6449855 -0.5257819 -0.7272487 0.4412062 -0.5943823 -0.7272824 0.3431765 -0.6449759 -0.727275 0.2346855 -0.6759538 -0.7272404 0.1191971 -0.6863359 -0.7272848 -7.08822e-6 -0.6759583 -0.7272339 -0.119211 -0.6449841 -0.7272645 -0.2346952 -0.59437 -0.7272927 -0.343176 -0.5257442 -0.7272587 -0.4412345 -0.4411707 -0.727265 -0.525789 -0.3431958 -0.7272452 -0.5944166 0.7153288 0.6902669 0.1087952 0.690286 0.6897468 0.2185281 0.64726 0.6897631 0.3244708 0.5881363 0.6897608 0.4222865 0.5143821 0.6897866 0.5095151 0.4278236 0.6897581 0.5841239 0.3305573 0.6897433 0.6441941 0.2250472 0.6897664 0.6881688 0.1139726 0.6897518 0.7150195 -0.5773468 0.5773363 -0.577368 -0.3015035 0.9045346 -0.3015177 0.3015156 0.9045285 -0.3015238 0.5773375 0.5773486 -0.5773648 -0.7257224 -0.6879877 -3.29569e-6 -0.7146487 -0.6880368 -0.1260266 -0.6819591 -0.6880099 -0.2481418 -0.6284844 -0.6879935 -0.3628668 -0.5558772 -0.6880246 -0.4665005 -0.4664739 -0.68801 -0.5559177 -0.3628571 -0.6880272 -0.6284531 -0.2482164 -0.6879988 -0.6819431 -0.1260125 -0.6880075 -0.7146794 1.46901e-5 -0.6880268 -0.7256853 0.1260226 -0.6880065 -0.7146785 0.24821 -0.6879978 -0.6819463 0.3628533 -0.6880263 -0.6284563 0.4664627 -0.6880083 -0.5559291 0.5559154 -0.6880087 -0.4664785 0.6284552 -0.6880276 -0.3628527 0.6819517 -0.6879937 -0.2482072 0.7146485 -0.6880371 -0.1260259 0.7257224 -0.6879877 -9.61019e-6 0.7146505 -0.6880348 0.1260269 0.6819553 -0.6879927 0.2481997 0.6284539 -0.6880264 0.3628574 0.5559445 -0.6880062 0.4664475 0.4664304 -0.6880058 0.5559594 0.3628546 -0.688008 0.6284757 0.2482098 -0.6880332 0.6819108 0.1260271 -0.6879927 0.7146911 0 -0.6880262 0.7256859 -0.1260225 -0.6879923 0.7146922 -0.2482157 -0.6880328 0.6819089 -0.3628622 -0.6880058 0.6284736 -0.4664353 -0.6880061 0.5559548 -0.5559067 -0.6880218 0.4664695 -0.6284859 -0.6879945 0.3628625 -0.6819582 -0.6880105 0.2481424 -0.7146505 -0.6880352 0.126025 -0.725721 -0.6879893 2.50567e-6 -0.7146549 -0.6880294 -0.1260315 -0.6819477 -0.6880146 -0.24816 -0.5558772 -0.6880246 -0.4665004 -0.4664739 -0.6880099 -0.5559177 -0.1260235 -0.6880287 -0.714657 0 -0.6879895 -0.7257206 0.126019 -0.6880283 -0.7146582 0.3628532 -0.6880264 -0.6284562 0.4664627 -0.6880083 -0.5559291 0.6819413 -0.6879985 -0.2482218 0.7146558 -0.6880295 -0.1260259 0.725721 -0.6879893 -2.50567e-6 0.7146549 -0.6880294 0.1260315 0.681938 -0.6880064 0.2482092 0.6284674 -0.6880077 0.3628696 0.5559108 -0.6880203 0.4664669 0.4665148 -0.6880234 0.5558667 0.3628659 -0.6879955 0.6284828 0.1260271 -0.6879928 0.7146909 0 -0.6880263 0.7256858 -0.1260225 -0.6879923 0.7146922 -0.2482033 -0.6880322 0.681914 -0.3628617 -0.6879939 0.6284869 -0.4665042 -0.6880227 0.5558764 -0.5558534 -0.6880366 0.466511 -0.6284918 -0.6879759 0.3628874 -0.6819397 -0.6880247 0.2481541 -0.7146558 -0.6880295 0.1260259 -0.7256848 -0.6880273 6.04672e-7 -0.714684 -0.6880103 -0.1259711 -0.6819438 -0.6879975 -0.2482179 -0.6284539 -0.6880264 -0.3628574 -0.5559199 -0.6880078 -0.4664745 -0.4664728 -0.6880084 -0.5559205 -0.3628569 -0.6880267 -0.6284537 -0.2482162 -0.6879983 -0.6819437 0.2481827 -0.6880068 -0.6819473 0.3628312 -0.6880191 -0.6284769 0.4664622 -0.6880077 -0.5559303 0.5559151 -0.6880082 -0.4664794 0.6284977 -0.68801 -0.3628127 0.6819099 -0.688034 -0.2482098 0.7146906 -0.6879922 -0.1260318 0.7256848 -0.6880273 -6.04672e-7 0.7146902 -0.687992 0.1260358 0.6819097 -0.6880333 0.2482126 0.6285006 -0.6880098 0.3628078 0.5559207 -0.6880087 0.4664722 0.4664728 -0.6880084 0.5559205 0.362838 -0.6880193 0.6284729 0.2481855 -0.6880068 0.6819462 0.1260235 -0.6880287 0.714657 0 -0.6879895 0.7257206 -0.1260191 -0.6880288 0.7146577 -0.2482101 -0.6879984 0.6819458 -0.3628532 -0.6880264 0.6284562 -0.4664627 -0.6880083 0.5559291 -0.5559154 -0.6880087 0.4664785 -0.6284552 -0.6880277 0.3628526 -0.6819413 -0.6879986 0.2482218 -0.7146846 -0.6880103 0.1259674 -0.7256864 -0.6880257 -5.19588e-6 -0.7146778 -0.6880177 -0.1259661 -0.6819553 -0.6879927 -0.2481997 -0.5559198 -0.6880078 -0.4664745 -0.4664729 -0.6880083 -0.5559206 0.4664623 -0.6880077 -0.5559303 0.6819202 -0.6880291 -0.2481952 0.7146834 -0.6879997 -0.1260319 0.7256863 -0.6880257 -7.69491e-6 0.7146857 -0.6879975 0.1260311 0.6819211 -0.6880285 0.2481943 0.6285006 -0.6880099 0.3628078 0.5559453 -0.6880072 0.4664451 0.3628355 -0.688 0.6284953 0.2481789 -0.6880412 0.6819139 0 -0.6880263 0.7256859 -0.1260226 -0.6879927 0.7146919 -0.2482159 -0.6880333 0.6819084 -0.3628627 -0.6880065 0.6284726 -0.4664357 -0.6880067 0.5559538 -0.5559542 -0.6880062 0.466436 -0.6819516 -0.6879937 0.2482072 -0.7146793 -0.6880161 0.1259664 -0.714684 -0.6880103 -0.1259711 0.68191 -0.688034 -0.2482098 0.6819038 -0.6880423 0.2482038 0.6285141 -0.687991 0.36282 0.5559116 -0.6880214 0.4664645 0.3628469 -0.6879877 0.6285023 -0.2482035 -0.6880327 0.6819135 -0.3628622 -0.6879946 0.6284859 -0.4665046 -0.6880233 0.5558753 -0.5559011 -0.6880208 0.4664777 -0.6284613 -0.6880091 0.3628775 -0.6819331 -0.6880078 0.2482188 -0.7146549 -0.6880294 -0.1260315 -0.6819476 -0.6880146 -0.24816 0.6284552 -0.6880277 -0.3628526 0.6819413 -0.6879986 -0.2482218 0.6819438 -0.6879975 0.2482179 0.5559199 -0.6880078 0.4664745 0.3628571 -0.6880272 0.6284531 0.2482164 -0.6879988 0.6819431 0 -0.6879895 0.7257207 -0.126019 -0.6880283 0.7146582 -0.24821 -0.6879978 0.6819463 -0.3628528 -0.6880256 0.6284573 -0.4664623 -0.6880077 0.5559302 -0.5558679 -0.6880244 0.466512 -0.6819479 -0.6880155 0.248157 0.3015076 0.3014988 -0.9045396 -0.3015137 0.3015134 -0.9045326 -0.5773501 0.577335 -0.5773658 0.5773321 0.5773594 -0.5773594 -0.5773543 0.5773424 0.5773543 -0.5773438 0.5773675 -0.5773395 -0.798228 0.2177823 -0.5616075 -0.8041872 0.5491314 0.2274594 -0.5773477 0.8164984 -6.83522e-6 -0.8041966 0.5491177 -0.227459 -0.8101695 0.5363276 -0.2365974 -0.634057 -0.7209717 -0.279592 -0.8041865 0.5491328 0.2274585 -0.5773368 0.5773636 -0.5773506 -0.8101657 0.2365897 0.5363368 -0.6265523 -0.3145594 -0.7130811 -0.7982348 0.5615942 0.2177916 -0.8041949 0.5491204 -0.2274585 0.8041865 0.5491324 -0.2274594 0.6340677 -0.7209684 -0.2795763 0.5773543 0.5773423 -0.5773543 0.5773288 0.5773516 0.5773704 0.798226 0.2177938 -0.5616059 0.8101718 0.5363286 -0.2365869 0.8042024 0.5491086 0.2274606 0.5773383 0.5773686 0.577344 0.6265429 -0.314574 -0.713083 0.8101691 0.2365778 0.5363367 0.798233 0.5615935 0.2178003 0.5773477 0.8164985 6.83522e-6 0.804188 0.5491304 -0.227459 0.8041968 0.5491176 0.227459 -0.5773543 -0.5773423 -0.5773543 -0.5773808 -0.5773501 0.5773199 -0.9045364 -0.3015098 -0.3015058 -0.9045333 -0.3015075 0.3015175 -0.5773433 -0.5773575 0.57735 0.5773543 -0.5773423 0.5773543 0.5773808 -0.5773501 -0.5773199 0.9045364 -0.3015098 0.3015059 0.9045333 -0.3015075 -0.3015175 0.5773434 -0.5773575 -0.57735 -0.5773543 -0.5773542 0.5773425 -0.5773761 0.5773315 0.5773434 -0.5773761 -0.5773315 -0.5773434 -0.5773543 0.5773542 -0.5773425 0.5773543 0.5773542 0.5773425 0.5773761 -0.5773315 0.5773434 0.5773761 0.5773315 -0.5773434 0.5773543 -0.5773542 -0.5773425 0.8041867 0.5491319 -0.2274599 0.6340675 -0.7209686 -0.2795762 0.5773543 0.5773423 -0.5773543 0.798226 0.2177937 -0.561606 0.8101737 0.5363253 -0.2365875 0.8041948 0.5491209 0.2274575 0.5773543 0.5773423 -0.5773543 0.6265428 -0.3145739 -0.7130831 0.8101692 0.2365778 0.5363366 0.7982339 0.5615924 0.2178002 0.5773476 0.8164986 4.16247e-6 0.804183 0.5491381 -0.2274579 0.8041964 0.5491186 0.227458 -0.5773543 0.5773423 0.5773543 -0.5773438 0.5773675 -0.5773395 -0.798228 0.2177824 -0.5616073 -0.8041871 0.5491314 0.2274597 -0.5773475 0.8164986 -4.07484e-6 -0.8041984 0.5491153 -0.2274585 -0.8101714 0.5363246 -0.2365978 -0.6340574 -0.7209712 -0.2795921 -0.8041887 0.5491293 0.2274594 -0.5773543 0.5773423 0.5773543 -0.5773368 0.5773636 -0.5773506 -0.8101657 0.2365897 0.5363368 -0.6265524 -0.3145591 -0.7130811 -0.7982348 0.5615944 0.2177916 -0.8041874 0.5491327 -0.2274554 0.5773543 -0.5773423 0.5773543 0.5773808 -0.5773502 -0.5773199 0.9045368 -0.3015089 0.3015058 0.9045333 -0.3015075 -0.3015175 0.5773434 -0.5773577 -0.5773497 0.5773543 -0.5773423 0.5773543 -0.5773543 -0.5773423 -0.5773543 -0.5773809 -0.5773501 0.5773199 -0.9045364 -0.3015098 -0.3015057 -0.9045333 -0.3015075 0.3015175 -0.5773435 -0.5773577 0.5773497 -0.5773543 -0.5773423 -0.5773543 0.5773543 0.5773543 0.5773423 0.5773761 -0.5773314 0.5773434 0.5773761 0.5773314 -0.5773434 0.5773543 -0.5773543 -0.5773423 -0.5773543 -0.5773543 0.5773423 -0.5773761 0.5773314 0.5773434 -0.5773761 -0.5773314 -0.5773434 -0.5773543 0.5773543 -0.5773423 0.5773548 -0.5773548 -0.5773414 0.577336 0.5773608 -0.5773541 0.577336 -0.5773608 0.5773541 0.5773548 0.5773548 0.5773414 -0.5773548 0.5773548 -0.5773414 -0.577336 -0.5773608 -0.5773541 -0.577336 0.5773608 0.5773541 -0.5773548 -0.5773548 0.5773414</float_array>
          <technique_common>
            <accessor source="#ID2_001-mesh-normals-array" count="5831" stride="3">
              <param name="X" type="float"/>
              <param name="Y" type="float"/>
              <param name="Z" type="float"/>
            </accessor>
          </technique_common>
        </source>
        <vertices id="ID2_001-mesh-vertices">
          <input semantic="POSITION" source="#ID2_001-mesh-positions"/>
        </vertices>
        <triangles material="Material_001-material" count="13142">
          <input semantic="VERTEX" source="#ID2_001-mesh-vertices" offset="0"/>
          <input semantic="NORMAL" source="#ID2_001-mesh-normals" offset="1"/>
          <p>0 0 1 1 2 2 2 2 1 1 3 3 2 2 3 3 4 4 4 4 3 3 5 5 4 4 5 5 6 6 6 6 5 5 7 7 6 6 7 7 8 8 8 8 7 7 9 9 8 8 9 9 10 10 10 10 9 9 11 0 12 11 13 12 14 13 14 13 13 12 15 14 14 13 15 14 16 15 16 15 15 14 17 16 16 15 17 16 18 17 18 17 17 16 19 18 18 17 19 18 20 19 20 19 19 18 21 20 20 19 21 20 22 21 22 21 21 20 23 22 18 17 20 19 4 4 4 4 20 19 2 2 24 23 6 6 25 24 25 24 6 6 16 15 25 24 16 15 26 25 24 23 27 26 6 6 6 6 27 26 28 27 6 6 28 27 29 28 30 29 18 17 31 30 31 30 18 17 32 31 33 32 4 4 34 33 34 33 4 4 35 34 33 32 36 35 4 4 4 4 36 35 37 36 4 4 37 36 38 37 30 29 39 38 18 17 18 17 39 38 40 39 18 17 40 39 41 40 29 28 42 41 6 6 6 6 42 41 43 42 6 6 43 42 44 43 38 37 45 44 4 4 4 4 45 44 46 45 4 4 46 45 18 17 18 17 46 45 47 46 18 17 47 46 32 31 48 47 49 48 16 15 16 15 49 48 50 49 16 15 50 49 26 25 44 43 51 50 6 6 6 6 51 50 52 51 6 6 52 51 4 4 4 4 52 51 53 52 4 4 53 52 35 34 41 40 54 53 18 17 18 17 54 53 55 54 18 17 55 54 16 15 16 15 55 54 56 55 16 15 56 55 57 56 57 56 58 57 16 15 16 15 58 57 59 58 16 15 59 58 48 47 14 13 16 15 8 8 8 8 16 15 6 6 60 59 61 60 12 11 62 61 8 8 63 62 63 62 8 8 10 10 63 62 10 10 64 63 65 64 66 65 14 13 62 61 67 66 8 8 8 8 67 66 68 67 8 8 68 67 69 68 69 68 70 69 8 8 8 8 70 69 71 70 8 8 71 70 72 71 66 65 73 72 14 13 14 13 73 72 74 73 14 13 74 73 12 11 12 11 74 73 75 74 12 11 75 74 60 59 76 75 77 76 14 13 14 13 77 76 78 77 14 13 78 77 65 64 72 71 79 78 8 8 8 8 79 78 80 79 8 8 80 79 14 13 14 13 80 79 81 80 14 13 81 80 76 75 17 16 15 14 7 7 7 7 15 14 9 9 82 81 83 82 5 5 5 5 83 82 84 83 85 84 86 85 7 7 86 85 87 86 7 7 7 7 87 86 88 87 7 7 88 87 17 16 17 16 88 87 89 88 89 88 90 89 17 16 17 16 90 89 91 90 17 16 91 90 92 91 84 83 93 92 5 5 5 5 93 92 94 93 5 5 94 93 95 94 92 91 96 95 17 16 17 16 96 95 97 96 17 16 97 96 98 97 99 98 19 18 100 99 100 99 19 18 17 16 100 99 17 16 101 100 101 100 17 16 98 97 102 101 103 102 19 18 19 18 103 102 104 103 19 18 104 103 5 5 5 5 104 103 105 104 5 5 105 104 82 81 7 7 106 105 107 106 95 94 108 107 5 5 5 5 108 107 109 108 5 5 109 108 7 7 7 7 109 108 110 109 7 7 110 109 106 105 107 106 111 110 7 7 7 7 111 110 112 111 7 7 112 111 85 84 99 98 113 112 19 18 19 18 113 112 114 113 19 18 114 113 115 114 115 114 116 115 19 18 19 18 116 115 117 116 19 18 117 116 102 101 21 20 19 18 3 3 3 3 19 18 5 5 118 59 119 60 23 22 120 117 121 118 21 20 122 119 3 3 123 120 123 120 3 3 1 1 123 120 1 1 124 63 122 119 125 121 3 3 3 3 125 121 126 122 3 3 126 122 127 123 121 118 128 124 21 20 21 20 128 124 129 125 21 20 129 125 130 126 130 126 131 127 21 20 21 20 131 127 132 128 21 20 132 128 23 22 23 22 132 128 133 74 23 22 133 74 118 59 127 123 134 129 3 3 3 3 134 129 135 130 3 3 135 130 136 131 136 131 137 132 3 3 3 3 137 132 138 133 3 3 138 133 21 20 21 20 138 133 139 134 21 20 139 134 120 117 140 135 0 0 141 136 141 136 0 0 2 2 142 137 143 138 20 19 144 139 145 140 2 2 146 141 147 142 22 21 22 21 147 142 148 143 22 21 148 143 20 19 20 19 148 143 149 144 20 19 149 144 142 137 143 138 150 145 20 19 20 19 150 145 151 146 20 19 151 146 152 147 153 148 141 136 154 149 154 149 141 136 2 2 154 149 2 2 155 150 155 150 2 2 156 151 152 147 157 152 20 19 20 19 157 152 158 153 20 19 158 153 2 2 2 2 158 153 159 154 2 2 159 154 144 139 145 140 160 155 2 2 2 2 160 155 161 156 2 2 161 156 156 151 22 21 23 22 146 141 146 141 23 22 119 60 1 1 0 0 124 63 124 63 0 0 140 135 162 135 11 0 163 136 163 136 11 0 9 9 164 157 165 158 15 14 166 159 167 160 9 9 168 141 169 142 13 12 13 12 169 142 170 161 13 12 170 161 15 14 15 14 170 161 171 162 15 14 171 162 164 157 165 158 172 163 15 14 15 14 172 163 173 164 15 14 173 164 174 165 175 148 163 136 176 149 176 149 163 136 9 9 176 149 9 9 177 166 177 166 9 9 178 167 174 165 179 168 15 14 15 14 179 168 180 169 15 14 180 169 9 9 9 9 180 169 181 170 9 9 181 170 166 159 167 160 182 171 9 9 9 9 182 171 183 172 9 9 183 172 178 167 13 12 12 11 168 141 168 141 12 11 61 60 10 10 11 0 64 63 64 63 11 0 162 135 163 136 175 148 63 62 63 62 175 148 62 61 162 135 163 136 64 63 64 63 163 136 63 62 123 120 124 63 141 136 141 136 124 63 140 135 122 119 123 120 153 148 153 148 123 120 141 136 62 61 175 148 67 66 67 66 175 148 176 149 67 66 176 149 68 67 68 67 176 149 177 166 68 67 177 166 69 68 69 68 177 166 178 167 69 68 178 167 70 69 70 69 178 167 183 172 70 69 183 172 71 70 71 70 183 172 182 171 71 70 182 171 72 71 72 71 182 171 167 160 72 71 167 160 79 78 79 78 167 160 166 159 79 78 166 159 80 79 80 79 166 159 181 170 80 79 181 170 81 80 81 80 181 170 180 169 81 80 180 169 76 75 76 75 180 169 179 168 76 75 179 168 77 76 77 76 179 168 174 165 77 76 174 165 78 77 78 77 174 165 173 164 78 77 173 164 65 64 65 64 173 164 172 163 65 64 172 163 66 65 66 65 172 163 165 158 66 65 165 158 73 72 73 72 165 158 164 157 73 72 164 157 74 73 74 73 164 157 171 162 74 73 171 162 75 74 75 74 171 162 170 161 75 74 170 161 60 59 60 59 170 161 169 142 122 119 153 148 125 121 125 121 153 148 154 149 125 121 154 149 126 122 126 122 154 149 155 150 126 122 155 150 127 123 127 123 155 150 156 151 127 123 156 151 134 129 134 129 156 151 161 156 134 129 161 156 135 130 135 130 161 156 160 155 135 130 160 155 136 131 136 131 160 155 145 140 136 131 145 140 137 132 137 132 145 140 144 139 137 132 144 139 138 133 138 133 144 139 159 154 138 133 159 154 139 134 139 134 159 154 158 153 139 134 158 153 120 117 120 117 158 153 157 152 120 117 157 152 121 118 121 118 157 152 152 147 121 118 152 147 128 124 128 124 152 147 151 146 128 124 151 146 129 125 129 125 151 146 150 145 129 125 150 145 130 126 130 126 150 145 143 138 130 126 143 138 131 127 131 127 143 138 142 137 131 127 142 137 132 128 132 128 142 137 149 144 132 128 149 144 133 74 133 74 149 144 148 143 133 74 148 143 118 59 118 59 148 143 147 142 169 142 168 141 60 59 60 59 168 141 61 60 119 60 118 59 146 141 146 141 118 59 147 142 104 103 46 45 105 104 105 104 46 45 45 44 105 104 45 44 82 81 82 81 45 44 38 37 82 81 38 37 83 82 83 82 38 37 37 36 83 82 37 36 84 83 84 83 37 36 36 35 84 83 36 35 93 92 93 92 36 35 33 32 93 92 33 32 94 93 94 93 33 32 34 33 94 93 34 33 95 94 95 94 34 33 35 34 95 94 35 34 108 107 108 107 35 34 53 52 108 107 53 52 109 108 109 108 53 52 52 51 109 108 52 51 110 109 110 109 52 51 51 50 110 109 51 50 106 105 106 105 51 50 44 43 106 105 44 43 107 106 107 106 44 43 43 42 107 106 43 42 111 110 111 110 43 42 42 41 111 110 42 41 112 111 112 111 42 41 29 28 112 111 29 28 85 84 85 84 29 28 28 27 85 84 28 27 86 85 86 85 28 27 27 26 86 85 27 26 87 86 87 86 27 26 24 23 87 86 24 23 88 87 88 87 24 23 25 24 88 87 25 24 89 88 89 88 25 24 26 25 89 88 26 25 90 89 90 89 26 25 50 49 90 89 50 49 91 90 91 90 50 49 49 48 91 90 49 48 92 91 92 91 49 48 48 47 92 91 48 47 96 95 96 95 48 47 59 58 96 95 59 58 97 96 97 96 59 58 58 57 97 96 58 57 98 97 98 97 58 57 57 56 98 97 57 56 101 100 101 100 57 56 56 55 101 100 56 55 100 99 100 99 56 55 55 54 100 99 55 54 99 98 99 98 55 54 54 53 99 98 54 53 113 112 113 112 54 53 41 40 113 112 41 40 114 113 114 113 41 40 40 39 114 113 40 39 115 114 115 114 40 39 39 38 115 114 39 38 116 115 116 115 39 38 30 29 116 115 30 29 117 116 117 116 30 29 31 30 117 116 31 30 102 101 102 101 31 30 32 31 102 101 32 31 103 102 103 102 32 31 47 46 103 102 47 46 104 103 104 103 47 46 46 45 184 173 185 174 186 175 187 176 188 177 186 175 189 178 190 179 191 180 191 180 190 179 192 181 193 182 194 183 195 184 196 185 197 186 198 187 198 187 197 186 199 188 198 187 199 188 200 189 201 190 202 191 203 192 204 193 205 194 206 195 207 196 208 197 209 198 209 198 208 197 210 199 209 198 210 199 211 200 212 201 213 202 214 203 215 204 216 205 217 206 217 206 216 205 218 207 217 206 218 207 186 175 186 175 218 207 219 208 186 175 219 208 187 176 193 182 195 184 220 209 194 183 193 182 221 210 221 210 193 182 222 211 221 210 222 211 223 212 223 212 222 211 224 213 223 212 224 213 225 214 192 181 226 215 191 180 191 180 226 215 227 216 191 180 227 216 228 217 229 218 230 219 231 220 231 220 230 219 232 221 231 220 232 221 233 222 231 220 234 223 235 224 236 225 237 226 238 227 239 228 240 229 217 206 217 206 240 229 241 230 217 206 241 230 215 204 185 174 242 231 186 175 186 175 242 231 243 232 186 175 243 232 244 233 244 233 243 232 245 234 244 233 245 234 246 235 246 235 245 234 220 209 246 235 220 209 247 236 247 236 220 209 195 184 225 214 224 213 248 237 248 237 224 213 249 238 248 237 249 238 250 239 250 239 251 240 248 237 248 237 251 240 252 241 248 237 252 241 198 187 198 187 252 241 253 242 198 187 253 242 196 185 254 243 191 180 255 244 210 199 256 245 211 200 211 200 256 245 257 246 211 200 257 246 258 247 258 247 257 246 259 248 258 247 259 248 260 249 260 249 259 248 198 187 260 249 198 187 261 250 262 251 263 252 264 253 214 203 213 202 265 254 265 254 213 202 266 255 265 254 266 255 267 256 238 227 268 257 236 225 236 225 268 257 269 258 236 225 269 258 270 259 270 259 269 258 271 260 270 259 271 260 272 261 273 262 274 263 275 264 275 264 274 263 276 265 275 264 276 265 277 266 217 206 278 267 239 228 239 228 278 267 279 268 239 228 279 268 273 262 273 262 279 268 280 269 273 262 280 269 274 263 281 270 282 271 283 272 283 272 282 271 284 273 283 272 284 273 285 274 285 274 284 273 286 275 285 274 286 275 201 190 201 190 286 275 287 276 201 190 287 276 202 191 281 270 283 272 188 177 188 177 283 272 288 277 188 177 288 277 289 278 290 279 291 280 188 177 188 177 291 280 292 281 188 177 292 281 293 282 203 192 206 195 201 190 201 190 206 195 198 187 201 190 198 187 294 283 294 283 198 187 200 189 295 284 296 285 297 286 205 194 298 287 206 195 206 195 298 287 299 288 206 195 299 288 300 289 301 290 302 291 198 187 198 187 302 291 303 292 198 187 303 292 261 250 231 220 304 293 229 218 229 218 304 293 305 294 229 218 305 294 207 196 207 196 305 294 306 295 207 196 306 295 208 197 235 224 307 296 231 220 231 220 307 296 308 297 231 220 308 297 264 253 264 253 308 297 309 298 264 253 309 298 262 251 263 252 310 299 264 253 264 253 310 299 311 300 264 253 311 300 312 301 312 301 311 300 313 302 312 301 313 302 314 303 314 303 313 302 315 304 272 261 316 305 270 259 270 259 316 305 317 306 270 259 317 306 318 307 318 307 317 306 319 308 318 307 319 308 320 309 320 309 319 308 277 266 320 309 277 266 321 310 321 310 277 266 276 265 322 311 323 312 254 243 323 312 324 313 254 243 254 243 324 313 325 314 254 243 325 314 326 315 326 315 327 316 254 243 254 243 327 316 328 317 254 243 328 317 191 180 191 180 328 317 329 318 191 180 329 318 189 178 300 289 330 319 206 195 206 195 330 319 331 320 206 195 331 320 198 187 198 187 331 320 332 321 198 187 332 321 301 290 214 203 333 322 212 201 212 201 333 322 334 323 212 201 334 323 315 304 315 304 334 323 335 324 315 304 335 324 314 303 267 256 266 255 236 225 236 225 266 255 336 325 236 225 336 325 296 285 293 282 337 326 188 177 188 177 337 326 338 327 188 177 338 327 186 175 186 175 338 327 339 328 186 175 339 328 184 173 206 195 340 329 204 193 204 193 340 329 341 330 204 193 341 330 342 331 342 331 341 330 254 243 342 331 254 243 343 332 343 332 254 243 255 244 295 284 297 286 254 243 254 243 297 286 344 333 254 243 344 333 322 311 295 284 345 334 296 285 296 285 345 334 346 335 296 285 346 335 236 225 236 225 346 335 347 336 236 225 347 336 237 226 289 278 348 337 188 177 188 177 348 337 349 338 188 177 349 338 350 339 233 222 351 340 231 220 231 220 351 340 352 341 231 220 352 341 234 223 234 223 352 341 353 342 234 223 353 342 354 343 354 343 355 344 234 223 234 223 355 344 356 345 234 223 356 345 357 346 357 346 356 345 358 347 357 346 358 347 359 348 359 348 358 347 360 349 359 348 360 349 361 350 361 350 360 349 362 351 361 350 362 351 363 352 363 352 362 351 364 353 363 352 364 353 228 217 228 217 364 353 365 354 228 217 365 354 191 180 350 339 366 355 188 177 188 177 366 355 367 356 188 177 367 356 290 279 231 220 368 357 369 358 231 220 369 358 304 293 304 293 369 358 370 359 304 293 370 359 305 294 305 294 370 359 371 360 305 294 371 360 306 295 306 295 371 360 372 361 306 295 372 361 208 197 208 197 372 361 373 362 208 197 373 362 210 199 210 199 373 362 374 363 210 199 374 363 256 245 256 245 374 363 375 364 256 245 375 364 257 246 257 246 375 364 376 365 257 246 376 365 259 248 259 248 376 365 377 366 259 248 377 366 198 187 378 367 368 357 264 253 264 253 368 357 231 220 236 225 379 368 380 369 236 225 380 369 267 256 267 256 380 369 381 370 267 256 381 370 265 254 265 254 381 370 382 371 265 254 382 371 214 203 214 203 382 371 383 372 214 203 383 372 333 322 333 322 383 372 384 373 333 322 384 373 334 323 334 323 384 373 385 374 334 323 385 374 335 324 335 324 385 374 386 375 335 324 386 375 314 303 314 303 386 375 387 376 314 303 387 376 312 301 312 301 387 376 378 367 312 301 378 367 264 253 217 206 388 377 389 378 217 206 389 378 278 267 278 267 389 378 390 379 278 267 390 379 279 268 279 268 390 379 391 380 279 268 391 380 280 269 280 269 391 380 392 381 280 269 392 381 274 263 274 263 392 381 393 382 274 263 393 382 276 265 276 265 393 382 394 383 276 265 394 383 321 310 321 310 394 383 395 384 321 310 395 384 320 309 320 309 395 384 396 385 320 309 396 385 318 307 318 307 396 385 397 386 318 307 397 386 270 259 398 387 388 377 186 175 186 175 388 377 217 206 248 237 399 388 400 389 248 237 400 389 225 214 225 214 400 389 401 390 225 214 401 390 223 212 223 212 401 390 402 391 223 212 402 391 221 210 221 210 402 391 403 392 221 210 403 392 194 183 194 183 403 392 404 393 194 183 404 393 195 184 195 184 404 393 405 394 195 184 405 394 247 236 247 236 405 394 406 395 247 236 406 395 246 235 246 235 406 395 407 396 246 235 407 396 244 233 244 233 407 396 398 387 244 233 398 387 186 175 296 285 408 397 297 286 297 286 408 397 409 398 297 286 409 398 344 333 344 333 409 398 410 399 344 333 410 399 322 311 322 311 410 399 411 400 322 311 411 400 323 312 323 312 411 400 412 401 323 312 412 401 324 313 324 313 412 401 413 402 324 313 413 402 325 314 325 314 413 402 414 403 325 314 414 403 326 315 326 315 414 403 415 404 326 315 415 404 327 316 327 316 415 404 416 405 327 316 416 405 328 317 328 317 416 405 417 406 328 317 417 406 329 318 329 318 417 406 418 407 329 318 418 407 189 178 189 178 418 407 419 408 189 178 419 408 190 179 190 179 419 408 420 409 190 179 420 409 192 181 192 181 420 409 421 410 192 181 421 410 226 215 226 215 421 410 422 411 226 215 422 411 227 216 227 216 422 411 423 412 227 216 423 412 228 217 228 217 423 412 424 413 228 217 424 413 363 352 363 352 424 413 425 414 363 352 425 414 361 350 361 350 425 414 426 415 361 350 426 415 359 348 359 348 426 415 427 416 359 348 427 416 357 346 357 346 427 416 428 417 357 346 428 417 234 223 234 223 428 417 429 418 234 223 429 418 235 224 235 224 429 418 430 419 235 224 430 419 307 296 307 296 430 419 431 420 307 296 431 420 308 297 308 297 431 420 432 421 308 297 432 421 309 298 309 298 432 421 433 422 309 298 433 422 262 251 262 251 433 422 434 423 262 251 434 423 263 252 263 252 434 423 435 424 263 252 435 424 310 299 310 299 435 424 436 425 310 299 436 425 311 300 311 300 436 425 437 426 311 300 437 426 313 302 313 302 437 426 438 427 313 302 438 427 315 304 315 304 438 427 439 428 315 304 439 428 212 201 212 201 439 428 440 429 212 201 440 429 213 202 213 202 440 429 441 430 213 202 441 430 266 255 266 255 441 430 442 431 266 255 442 431 336 325 336 325 442 431 443 432 336 325 443 432 296 285 296 285 443 432 408 397 316 305 444 397 317 306 317 306 444 397 445 398 317 306 445 398 319 308 319 308 445 398 446 399 319 308 446 399 277 266 277 266 446 399 447 400 277 266 447 400 275 264 275 264 447 400 448 401 275 264 448 401 273 262 273 262 448 401 449 402 273 262 449 402 239 228 239 228 449 402 450 403 239 228 450 403 240 229 240 229 450 403 451 404 240 229 451 404 241 230 241 230 451 404 452 405 241 230 452 405 215 204 215 204 452 405 453 406 215 204 453 406 216 205 216 205 453 406 454 407 216 205 454 407 218 207 218 207 454 407 455 408 218 207 455 408 219 208 219 208 455 408 456 409 219 208 456 409 187 176 187 176 456 409 457 410 187 176 457 410 188 177 188 177 457 410 458 411 188 177 458 411 281 270 281 270 458 411 459 412 281 270 459 412 282 271 282 271 459 412 460 413 282 271 460 413 284 273 284 273 460 413 461 414 284 273 461 414 286 275 286 275 461 414 462 415 286 275 462 415 287 276 287 276 462 415 463 433 287 276 463 433 202 191 202 191 463 433 464 417 202 191 464 417 203 192 203 192 464 417 465 418 203 192 465 418 206 195 206 195 465 418 466 419 206 195 466 419 340 329 340 329 466 419 467 420 340 329 467 420 341 330 341 330 467 420 468 421 341 330 468 421 254 243 254 243 468 421 469 422 254 243 469 422 295 284 295 284 469 422 470 423 295 284 470 423 345 334 345 334 470 423 471 424 345 334 471 424 346 335 346 335 471 424 472 425 346 335 472 425 347 336 347 336 472 425 473 426 347 336 473 426 237 226 237 226 473 426 474 427 237 226 474 427 238 227 238 227 474 427 475 428 238 227 475 428 268 257 268 257 475 428 476 429 268 257 476 429 269 258 269 258 476 429 477 430 269 258 477 430 271 260 271 260 477 430 478 431 271 260 478 431 272 261 272 261 478 431 479 432 272 261 479 432 316 305 316 305 479 432 444 397 362 351 480 434 364 353 364 353 480 434 481 398 364 353 481 398 365 354 365 354 481 398 482 399 365 354 482 399 191 180 191 180 482 399 483 400 191 180 483 400 255 244 255 244 483 400 484 401 255 244 484 401 343 332 343 332 484 401 485 402 343 332 485 402 342 331 342 331 485 402 486 403 342 331 486 403 204 193 204 193 486 403 487 404 204 193 487 404 205 194 205 194 487 404 488 405 205 194 488 405 298 287 298 287 488 405 489 406 298 287 489 406 299 288 299 288 489 406 490 407 299 288 490 407 300 289 300 289 490 407 491 408 300 289 491 408 330 319 330 319 491 408 492 409 330 319 492 409 331 320 331 320 492 409 493 410 331 320 493 410 332 321 332 321 493 410 494 411 332 321 494 411 301 290 301 290 494 411 495 412 301 290 495 412 302 291 302 291 495 412 496 413 302 291 496 413 303 292 303 292 496 413 497 414 303 292 497 414 261 250 261 250 497 414 498 415 261 250 498 415 260 249 260 249 498 415 499 416 260 249 499 416 258 247 258 247 499 416 500 417 258 247 500 417 211 200 211 200 500 417 501 418 211 200 501 418 209 198 209 198 501 418 502 419 209 198 502 419 207 196 207 196 502 419 503 420 207 196 503 420 229 218 229 218 503 420 504 421 229 218 504 421 230 219 230 219 504 421 505 422 230 219 505 422 232 221 232 221 505 422 506 423 232 221 506 423 233 222 233 222 506 423 507 424 233 222 507 424 351 340 351 340 507 424 508 435 351 340 508 435 352 341 352 341 508 435 509 426 352 341 509 426 353 342 353 342 509 426 510 427 353 342 510 427 354 343 354 343 510 427 511 428 354 343 511 428 355 344 355 344 511 428 512 429 355 344 512 429 356 345 356 345 512 429 513 430 356 345 513 430 358 347 358 347 513 430 514 431 358 347 514 431 360 349 360 349 514 431 515 432 360 349 515 432 362 351 362 351 515 432 480 434 367 356 516 434 290 279 290 279 516 434 517 398 290 279 517 398 291 280 291 280 517 398 518 399 291 280 518 399 292 281 292 281 518 399 519 400 292 281 519 400 293 282 293 282 519 400 520 401 293 282 520 401 337 326 337 326 520 401 521 402 337 326 521 402 338 327 338 327 521 402 522 403 338 327 522 403 339 328 339 328 522 403 523 404 339 328 523 404 184 173 184 173 523 404 524 405 184 173 524 405 185 174 185 174 524 405 525 406 185 174 525 406 242 231 242 231 525 406 526 407 242 231 526 407 243 232 243 232 526 407 527 408 243 232 527 408 245 234 245 234 527 408 528 409 245 234 528 409 220 209 220 209 528 409 529 410 220 209 529 410 193 182 193 182 529 410 530 411 193 182 530 411 222 211 222 211 530 411 531 412 222 211 531 412 224 213 224 213 531 412 532 413 224 213 532 413 249 238 249 238 532 413 533 414 249 238 533 414 250 239 250 239 533 414 534 415 250 239 534 415 251 240 251 240 534 415 535 416 251 240 535 416 252 241 252 241 535 416 536 417 252 241 536 417 253 242 253 242 536 417 537 418 253 242 537 418 196 185 196 185 537 418 538 419 196 185 538 419 197 186 197 186 538 419 539 420 197 186 539 420 199 188 199 188 539 420 540 421 199 188 540 421 200 189 200 189 540 421 541 422 200 189 541 422 294 283 294 283 541 422 542 423 294 283 542 423 201 190 201 190 542 423 543 424 201 190 543 424 285 274 285 274 543 424 544 435 285 274 544 435 283 272 283 272 544 435 545 426 283 272 545 426 288 277 288 277 545 426 546 427 288 277 546 427 289 278 289 278 546 427 547 428 289 278 547 428 348 337 348 337 547 428 548 429 348 337 548 429 349 338 349 338 548 429 549 430 349 338 549 430 350 339 350 339 549 430 550 431 350 339 550 431 366 355 366 355 550 431 551 432 366 355 551 432 367 356 367 356 551 432 516 434 492 409 552 436 493 410 493 410 552 436 553 437 493 410 553 437 494 411 494 411 553 437 554 438 494 411 554 438 495 412 495 412 554 438 555 439 495 412 555 439 496 413 496 413 555 439 556 440 496 413 556 440 497 414 497 414 556 440 557 441 497 414 557 441 498 415 498 415 557 441 558 442 498 415 558 442 499 416 499 416 558 442 559 443 499 416 559 443 500 417 500 417 559 443 560 444 500 417 560 444 501 418 501 418 560 444 561 445 501 418 561 445 502 419 502 419 561 445 562 446 502 419 562 446 503 420 503 420 562 446 563 447 503 420 563 447 504 421 504 421 563 447 564 448 504 421 564 448 505 422 505 422 564 448 565 449 505 422 565 449 506 423 506 423 565 449 566 450 506 423 566 450 507 424 507 424 566 450 567 451 507 424 567 451 508 435 508 435 567 451 568 452 508 435 568 452 509 426 509 426 568 452 569 453 509 426 569 453 510 427 510 427 569 453 570 454 510 427 570 454 511 428 511 428 570 454 571 455 511 428 571 455 512 429 512 429 571 455 572 456 512 429 572 456 513 430 513 430 572 456 573 457 513 430 573 457 514 431 514 431 573 457 574 458 514 431 574 458 515 432 515 432 574 458 575 459 515 432 575 459 480 434 480 434 575 459 576 460 480 434 576 460 481 398 481 398 576 460 577 461 481 398 577 461 482 399 482 399 577 461 578 462 482 399 578 462 483 400 483 400 578 462 579 463 483 400 579 463 484 401 484 401 579 463 580 464 484 401 580 464 485 402 485 402 580 464 581 465 485 402 581 465 486 403 486 403 581 465 582 466 486 403 582 466 487 404 487 404 582 466 583 467 487 404 583 467 488 405 488 405 583 467 584 468 488 405 584 468 489 406 489 406 584 468 585 469 489 406 585 469 490 407 490 407 585 469 586 470 490 407 586 470 491 408 491 408 586 470 587 471 491 408 587 471 492 409 492 409 587 471 552 436 463 433 588 472 464 417 464 417 588 472 589 473 464 417 589 473 465 418 465 418 589 473 590 474 465 418 590 474 466 419 466 419 590 474 591 475 466 419 591 475 467 420 467 420 591 475 592 476 467 420 592 476 468 421 468 421 592 476 593 477 468 421 593 477 469 422 469 422 593 477 594 478 469 422 594 478 470 423 470 423 594 478 595 479 470 423 595 479 471 424 471 424 595 479 596 480 471 424 596 480 472 425 472 425 596 480 597 481 472 425 597 481 473 426 473 426 597 481 598 482 473 426 598 482 474 427 474 427 598 482 599 483 474 427 599 483 475 428 475 428 599 483 600 484 475 428 600 484 476 429 476 429 600 484 601 485 476 429 601 485 477 430 477 430 601 485 602 486 477 430 602 486 478 431 478 431 602 486 603 487 478 431 603 487 479 432 479 432 603 487 604 488 479 432 604 488 444 397 444 397 604 488 605 489 444 397 605 489 445 398 445 398 605 489 606 490 445 398 606 490 446 399 446 399 606 490 607 491 446 399 607 491 447 400 447 400 607 491 608 492 447 400 608 492 448 401 448 401 608 492 609 493 448 401 609 493 449 402 449 402 609 493 610 494 449 402 610 494 450 403 450 403 610 494 611 495 450 403 611 495 451 404 451 404 611 495 612 496 451 404 612 496 452 405 452 405 612 496 613 497 452 405 613 497 453 406 453 406 613 497 614 498 453 406 614 498 454 407 454 407 614 498 615 499 454 407 615 499 455 408 455 408 615 499 616 500 455 408 616 500 456 409 456 409 616 500 617 501 456 409 617 501 457 410 457 410 617 501 618 502 457 410 618 502 458 411 458 411 618 502 619 503 458 411 619 503 459 412 459 412 619 503 620 504 459 412 620 504 460 413 460 413 620 504 621 505 460 413 621 505 461 414 461 414 621 505 622 506 461 414 622 506 462 415 462 415 622 506 623 507 462 415 623 507 463 433 463 433 623 507 588 472 434 423 624 450 435 424 435 424 624 450 625 451 435 424 625 451 436 425 436 425 625 451 626 452 436 425 626 452 437 426 437 426 626 452 627 453 437 426 627 453 438 427 438 427 627 453 628 454 438 427 628 454 439 428 439 428 628 454 629 455 439 428 629 455 440 429 440 429 629 455 630 456 440 429 630 456 441 430 441 430 630 456 631 457 441 430 631 457 442 431 442 431 631 457 632 458 442 431 632 458 443 432 443 432 632 458 633 508 443 432 633 508 408 397 408 397 633 508 634 509 408 397 634 509 409 398 409 398 634 509 635 510 409 398 635 510 410 399 410 399 635 510 636 511 410 399 636 511 411 400 411 400 636 511 637 512 411 400 637 512 412 401 412 401 637 512 638 513 412 401 638 513 413 402 413 402 638 513 639 465 413 402 639 465 414 403 414 403 639 465 640 466 414 403 640 466 415 404 415 404 640 466 641 467 415 404 641 467 416 405 416 405 641 467 642 514 416 405 642 514 417 406 417 406 642 514 643 469 417 406 643 469 418 407 418 407 643 469 644 470 418 407 644 470 419 408 419 408 644 470 645 515 419 408 645 515 420 409 420 409 645 515 646 436 420 409 646 436 421 410 421 410 646 436 647 516 421 410 647 516 422 411 422 411 647 516 648 438 422 411 648 438 423 412 423 412 648 438 649 439 423 412 649 439 424 413 424 413 649 439 650 440 424 413 650 440 425 414 425 414 650 440 651 441 425 414 651 441 426 415 426 415 651 441 652 442 426 415 652 442 427 416 427 416 652 442 653 517 427 416 653 517 428 417 428 417 653 517 654 518 428 417 654 518 429 418 429 418 654 518 655 445 429 418 655 445 430 419 430 419 655 445 656 446 430 419 656 446 431 420 431 420 656 446 657 447 431 420 657 447 432 421 432 421 657 447 658 448 432 421 658 448 433 422 433 422 658 448 659 449 433 422 659 449 434 423 434 423 659 449 624 450 660 519 661 520 662 521 662 521 661 520 663 522 664 523 665 524 666 525 663 522 667 526 662 521 662 521 667 526 668 527 662 521 668 527 669 528 668 527 670 529 669 528 669 528 670 529 671 530 669 528 671 530 672 531 672 531 673 532 669 528 669 528 673 532 674 533 669 528 674 533 664 523 664 523 674 533 675 534 664 523 675 534 665 524 666 525 676 535 664 523 664 523 676 535 677 536 664 523 677 536 678 537 678 537 677 536 679 538 678 537 679 538 680 539 660 519 662 521 681 540 681 540 662 521 678 537 681 540 678 537 682 541 682 541 678 537 680 539 682 541 680 539 683 542 532 413 684 505 533 414 533 414 684 505 685 543 533 414 685 543 534 415 534 415 685 543 686 544 534 415 686 544 535 416 535 416 686 544 687 545 535 416 687 545 536 417 536 417 687 545 688 546 536 417 688 546 537 418 537 418 688 546 689 474 537 418 689 474 538 419 538 419 689 474 690 475 538 419 690 475 539 420 539 420 690 475 691 476 539 420 691 476 540 421 540 421 691 476 692 477 540 421 692 477 541 422 541 422 692 477 693 478 541 422 693 478 542 423 542 423 693 478 694 479 542 423 694 479 543 424 543 424 694 479 695 480 543 424 695 480 544 435 544 435 695 480 696 481 544 435 696 481 545 426 545 426 696 481 697 482 545 426 697 482 546 427 546 427 697 482 698 483 546 427 698 483 547 428 547 428 698 483 699 547 547 428 699 547 548 429 548 429 699 547 700 485 548 429 700 485 549 430 549 430 700 485 701 486 549 430 701 486 550 431 550 431 701 486 702 487 550 431 702 487 551 432 551 432 702 487 703 548 551 432 703 548 516 434 516 434 703 548 704 489 516 434 704 489 517 398 517 398 704 489 705 549 517 398 705 549 518 399 518 399 705 549 706 550 518 399 706 550 519 400 519 400 706 550 707 492 519 400 707 492 520 401 520 401 707 492 708 493 520 401 708 493 521 402 521 402 708 493 709 494 521 402 709 494 522 403 522 403 709 494 710 495 522 403 710 495 523 404 523 404 710 495 711 496 523 404 711 496 524 405 524 405 711 496 712 551 524 405 712 551 525 406 525 406 712 551 713 498 525 406 713 498 526 407 526 407 713 498 714 552 526 407 714 552 527 408 527 408 714 552 715 500 527 408 715 500 528 409 528 409 715 500 716 501 528 409 716 501 529 410 529 410 716 501 717 502 529 410 717 502 530 411 530 411 717 502 718 503 530 411 718 503 531 412 531 412 718 503 719 504 531 412 719 504 532 413 532 413 719 504 684 505 720 553 721 554 722 555 723 556 398 387 724 557 724 557 398 387 725 558 722 555 721 554 726 559 727 560 398 387 728 561 728 561 398 387 721 554 394 383 393 382 729 562 729 562 393 382 392 381 729 562 392 381 730 563 731 564 732 565 399 388 406 395 733 566 734 567 725 558 398 387 734 567 734 567 398 387 407 396 734 567 407 396 406 395 392 381 391 380 730 563 730 563 391 380 390 379 730 563 390 379 735 568 735 568 390 379 389 378 735 568 389 378 736 569 736 569 389 378 388 377 736 569 388 377 737 570 738 571 739 572 402 391 723 556 740 573 398 387 398 387 740 573 741 574 398 387 741 574 721 554 721 554 741 574 742 575 721 554 742 575 726 559 727 560 743 576 398 387 398 387 743 576 744 577 398 387 744 577 388 377 388 377 744 577 745 578 388 377 745 578 737 570 746 579 747 580 397 386 397 386 747 580 748 581 749 582 750 583 751 584 751 584 750 583 752 585 753 586 754 587 394 383 755 588 756 589 399 388 399 388 756 589 757 590 399 388 757 590 731 564 758 591 759 592 760 593 748 581 761 594 397 386 397 386 761 594 762 595 397 386 762 595 763 596 739 572 750 583 402 391 402 391 750 583 749 582 402 391 749 582 403 392 403 392 749 582 764 597 403 392 764 597 404 393 404 393 764 597 733 566 404 393 733 566 405 394 405 394 733 566 406 395 722 555 765 598 720 553 720 553 765 598 758 591 720 553 758 591 766 599 766 599 758 591 760 593 767 600 753 586 768 601 768 601 753 586 394 383 768 601 394 383 769 602 769 602 394 383 729 562 754 587 770 603 394 383 394 383 770 603 771 604 394 383 771 604 395 384 401 390 772 605 402 391 402 391 772 605 773 606 402 391 773 606 738 571 771 604 774 607 395 384 395 384 774 607 775 608 395 384 775 608 396 385 400 389 776 609 401 390 401 390 776 609 777 610 401 390 777 610 772 605 732 565 778 611 399 388 399 388 778 611 779 612 399 388 779 612 400 389 400 389 779 612 780 613 400 389 780 613 776 609 775 608 781 614 396 385 396 385 781 614 782 615 396 385 782 615 397 386 397 386 782 615 783 616 397 386 783 616 746 579 699 547 698 483 784 617 697 482 785 618 698 483 698 483 785 618 786 619 698 483 786 619 784 617 696 481 787 620 697 482 697 482 787 620 788 621 697 482 788 621 785 618 695 480 789 622 696 481 696 481 789 622 790 623 696 481 790 623 787 620 694 479 791 624 695 480 695 480 791 624 792 625 695 480 792 625 789 622 693 478 793 626 694 479 694 479 793 626 794 627 694 479 794 627 791 624 692 477 795 628 693 478 693 478 795 628 796 629 693 478 796 629 793 626 797 630 798 631 692 477 692 477 798 631 799 632 692 477 799 632 795 628 692 477 691 476 797 630 797 630 691 476 690 475 797 630 690 475 800 633 800 633 690 475 689 474 800 633 689 474 801 634 801 634 689 474 688 546 801 634 688 546 802 635 802 635 688 546 687 545 802 635 687 545 803 636 803 636 687 545 686 544 803 636 686 544 804 637 804 637 686 544 685 543 804 637 685 543 805 638 784 617 806 639 699 547 699 547 806 639 807 640 699 547 807 640 700 485 700 485 807 640 808 641 700 485 808 641 701 486 701 486 808 641 809 642 701 486 809 642 702 487 702 487 809 642 810 643 702 487 810 643 703 548 703 548 810 643 811 644 703 548 811 644 704 489 704 489 811 644 812 645 704 489 812 645 705 549 705 549 812 645 759 592 705 549 759 592 706 550 706 550 759 592 758 591 706 550 758 591 707 492 707 492 758 591 765 598 707 492 765 598 708 493 708 493 765 598 722 555 708 493 722 555 709 494 709 494 722 555 726 559 709 494 726 559 710 495 710 495 726 559 742 575 710 495 742 575 711 496 711 496 742 575 741 574 711 496 741 574 712 551 712 551 741 574 740 573 712 551 740 573 713 498 713 498 740 573 723 556 713 498 723 556 714 552 714 552 723 556 724 557 714 552 724 557 715 500 715 500 724 557 725 558 715 500 725 558 716 501 716 501 725 558 734 567 716 501 734 567 717 502 717 502 734 567 733 566 717 502 733 566 718 503 718 503 733 566 764 597 718 503 764 597 719 504 719 504 764 597 749 582 719 504 749 582 684 505 684 505 749 582 751 584 684 505 751 584 685 543 685 543 751 584 752 585 685 543 752 585 805 638 813 646 814 647 678 537 678 537 814 647 664 523 678 537 662 521 815 648 816 649 817 650 662 521 815 648 818 651 678 537 678 537 818 651 819 652 678 537 819 652 820 653 820 653 821 654 678 537 678 537 821 654 822 655 678 537 822 655 823 656 824 657 825 658 813 646 813 646 825 658 826 659 813 646 826 659 827 660 827 660 828 661 813 646 813 646 828 661 829 662 813 646 829 662 830 663 831 664 832 665 833 666 833 666 832 665 813 646 833 666 813 646 834 667 834 667 813 646 830 663 817 650 835 668 662 521 662 521 835 668 836 669 662 521 836 669 837 670 837 670 838 671 662 521 662 521 838 671 839 672 662 521 839 672 815 648 823 656 840 673 678 537 678 537 840 673 841 674 678 537 841 674 813 646 813 646 841 674 842 675 813 646 842 675 824 657 831 664 843 676 832 665 832 665 843 676 844 677 832 665 844 677 845 678 845 678 846 679 832 665 832 665 846 679 847 680 832 665 847 680 848 681 848 681 849 682 832 665 832 665 849 682 850 683 832 665 850 683 662 521 662 521 850 683 851 684 662 521 851 684 816 649 852 685 832 665 669 528 669 528 832 665 662 521 853 686 854 687 664 523 664 523 854 687 855 688 856 689 857 690 669 528 855 688 858 691 664 523 664 523 858 691 859 692 664 523 859 692 860 693 861 694 814 647 862 695 862 695 814 647 863 696 861 694 864 697 814 647 814 647 864 697 865 698 814 647 865 698 866 699 866 699 867 700 814 647 814 647 867 700 868 701 814 647 868 701 664 523 664 523 868 701 869 702 664 523 869 702 853 686 857 690 870 703 669 528 669 528 870 703 871 704 669 528 871 704 872 705 873 706 874 707 852 685 852 685 874 707 875 708 852 685 875 708 814 647 814 647 875 708 876 709 814 647 876 709 863 696 860 693 877 710 664 523 664 523 877 710 878 711 664 523 878 711 669 528 669 528 878 711 879 712 669 528 879 712 856 689 872 705 880 713 669 528 669 528 880 713 881 714 669 528 881 714 852 685 852 685 881 714 882 715 852 685 882 715 883 716 883 716 884 717 852 685 852 685 884 717 885 718 852 685 885 718 886 719 886 719 887 720 852 685 852 685 887 720 888 721 852 685 888 721 873 706 647 516 646 436 889 722 645 515 890 723 646 436 646 436 890 723 891 724 646 436 891 724 889 722 644 470 892 725 645 515 645 515 892 725 893 726 645 515 893 726 890 723 643 469 894 727 644 470 644 470 894 727 895 728 644 470 895 728 892 725 642 514 896 729 643 469 643 469 896 729 897 730 643 469 897 730 894 727 641 467 898 731 642 514 642 514 898 731 899 732 642 514 899 732 896 729 640 466 900 733 641 467 641 467 900 733 901 734 641 467 901 734 898 731 902 735 903 736 640 466 640 466 903 736 904 737 640 466 904 737 900 733 640 466 639 465 902 735 902 735 639 465 638 513 902 735 638 513 905 738 905 738 638 513 637 512 905 738 637 512 906 739 906 739 637 512 636 511 906 739 636 511 907 740 907 740 636 511 635 510 907 740 635 510 908 741 908 741 635 510 634 509 908 741 634 509 909 742 909 742 634 509 633 508 909 742 633 508 910 743 889 722 911 744 647 516 647 516 911 744 912 745 647 516 912 745 648 438 648 438 912 745 913 746 648 438 913 746 649 439 649 439 913 746 914 747 649 439 914 747 650 440 650 440 914 747 915 748 650 440 915 748 651 441 651 441 915 748 916 749 651 441 916 749 652 442 652 442 916 749 917 750 652 442 917 750 653 517 653 517 917 750 918 751 653 517 918 751 654 518 654 518 918 751 919 752 654 518 919 752 655 445 655 445 919 752 920 753 655 445 920 753 656 446 656 446 920 753 921 754 656 446 921 754 657 447 657 447 921 754 922 755 657 447 922 755 658 448 658 448 922 755 923 756 658 448 923 756 659 449 659 449 923 756 924 757 659 449 924 757 624 450 624 450 924 757 925 758 624 450 925 758 625 451 625 451 925 758 926 759 625 451 926 759 626 452 626 452 926 759 927 760 626 452 927 760 627 453 627 453 927 760 928 761 627 453 928 761 628 454 628 454 928 761 929 762 628 454 929 762 629 455 629 455 929 762 930 763 629 455 930 763 630 456 630 456 930 763 931 764 630 456 931 764 631 457 631 457 931 764 932 765 631 457 932 765 632 458 632 458 932 765 933 766 632 458 933 766 633 508 633 508 933 766 934 767 633 508 934 767 910 743 600 484 935 768 601 485 601 485 935 768 936 769 601 485 936 769 602 486 602 486 936 769 937 770 602 486 937 770 603 487 603 487 937 770 938 771 603 487 938 771 604 488 604 488 938 771 939 772 604 488 939 772 605 489 605 489 939 772 940 773 605 489 940 773 606 490 606 490 940 773 767 600 606 490 767 600 607 491 607 491 767 600 768 601 607 491 768 601 608 492 608 492 768 601 769 602 608 492 769 602 609 493 609 493 769 602 729 562 609 493 729 562 610 494 610 494 729 562 730 563 610 494 730 563 611 495 611 495 730 563 735 568 611 495 735 568 612 496 612 496 735 568 736 569 612 496 736 569 613 497 613 497 736 569 737 570 613 497 737 570 614 498 614 498 737 570 745 578 614 498 745 578 615 499 615 499 745 578 744 577 615 499 744 577 616 500 616 500 744 577 743 576 616 500 743 576 617 501 617 501 743 576 727 560 617 501 727 560 618 502 618 502 727 560 728 561 618 502 728 561 619 503 619 503 728 561 721 554 619 503 721 554 620 504 620 504 721 554 720 553 620 504 720 553 621 505 621 505 720 553 766 599 621 505 766 599 622 506 622 506 766 599 760 593 599 483 941 774 600 484 600 484 941 774 942 775 600 484 942 775 935 768 598 482 943 776 599 483 599 483 943 776 944 777 599 483 944 777 941 774 597 481 945 778 598 482 598 482 945 778 946 779 598 482 946 779 943 776 596 480 947 780 597 481 597 481 947 780 948 781 597 481 948 781 945 778 595 479 949 782 596 480 596 480 949 782 950 783 596 480 950 783 947 780 594 478 951 784 595 479 595 479 951 784 952 785 595 479 952 785 949 782 593 477 953 786 594 478 594 478 953 786 954 787 594 478 954 787 951 784 955 788 956 789 593 477 593 477 956 789 957 790 593 477 957 790 953 786 760 593 958 791 622 506 622 506 958 791 959 792 622 506 959 792 623 507 623 507 959 792 960 793 623 507 960 793 588 472 588 472 960 793 961 794 588 472 961 794 589 473 589 473 961 794 962 795 589 473 962 795 590 474 590 474 962 795 963 796 590 474 963 796 591 475 591 475 963 796 955 788 591 475 955 788 592 476 592 476 955 788 593 477 553 437 964 797 554 438 554 438 964 797 965 798 554 438 965 798 555 439 555 439 965 798 966 799 555 439 966 799 556 440 556 440 966 799 967 800 556 440 967 800 557 441 557 441 967 800 968 801 557 441 968 801 558 442 558 442 968 801 969 802 558 442 969 802 559 443 559 443 969 802 970 803 559 443 970 803 560 444 560 444 970 803 971 804 560 444 971 804 561 445 561 445 971 804 972 805 561 445 972 805 562 446 562 446 972 805 973 806 562 446 973 806 563 447 563 447 973 806 974 807 563 447 974 807 564 448 564 448 974 807 975 808 564 448 975 808 565 449 565 449 975 808 976 809 565 449 976 809 566 450 566 450 976 809 977 810 566 450 977 810 567 451 567 451 977 810 978 811 567 451 978 811 568 452 568 452 978 811 979 812 568 452 979 812 569 453 569 453 979 812 980 813 569 453 980 813 570 454 570 454 980 813 981 814 570 454 981 814 571 455 571 455 981 814 982 815 571 455 982 815 572 456 572 456 982 815 983 816 572 456 983 816 573 457 573 457 983 816 984 817 573 457 984 817 574 458 574 458 984 817 985 818 574 458 985 818 575 459 575 459 985 818 986 819 552 436 987 820 553 437 553 437 987 820 988 821 553 437 988 821 964 797 587 471 989 822 552 436 552 436 989 822 990 823 552 436 990 823 987 820 586 470 991 824 587 471 587 471 991 824 992 825 587 471 992 825 989 822 585 469 993 826 586 470 586 470 993 826 994 827 586 470 994 827 991 824 584 468 995 828 585 469 585 469 995 828 996 829 585 469 996 829 993 826 583 467 997 830 584 468 584 468 997 830 998 831 584 468 998 831 995 828 582 466 999 832 583 467 583 467 999 832 1000 833 583 467 1000 833 997 830 1001 834 1002 835 582 466 582 466 1002 835 1003 836 582 466 1003 836 999 832 986 819 1004 837 575 459 575 459 1004 837 1005 838 575 459 1005 838 576 460 576 460 1005 838 1006 839 576 460 1006 839 577 461 577 461 1006 839 1007 840 577 461 1007 840 578 462 578 462 1007 840 1008 841 578 462 1008 841 579 463 579 463 1008 841 1009 842 579 463 1009 842 580 464 580 464 1009 842 1001 834 580 464 1001 834 581 465 581 465 1001 834 582 466 979 812 978 811 368 357 978 811 977 810 368 357 368 357 977 810 976 809 368 357 976 809 369 358 369 358 976 809 975 808 369 358 975 808 370 359 370 359 975 808 974 807 374 363 373 362 973 806 973 806 373 362 372 361 973 806 372 361 974 807 974 807 372 361 371 360 974 807 371 360 370 359 980 813 924 757 981 814 981 814 924 757 923 756 923 756 922 755 981 814 981 814 922 755 921 754 981 814 921 754 982 815 927 760 926 759 378 367 378 367 926 759 925 758 378 367 925 758 368 357 368 357 925 758 924 757 368 357 924 757 979 812 979 812 924 757 980 813 1010 843 1011 844 379 368 387 376 386 375 929 762 929 762 386 375 930 763 387 376 929 762 378 367 378 367 929 762 928 761 378 367 928 761 927 760 1012 845 1013 846 377 366 377 366 1013 846 1014 847 1015 848 1016 849 382 371 1017 850 1018 851 374 363 932 765 1019 852 933 766 933 766 1019 852 934 767 1014 847 1020 853 377 366 377 366 1020 853 1021 854 377 366 1021 854 1022 855 1023 856 1024 857 379 368 379 368 1024 857 1025 858 379 368 1025 858 1010 843 970 803 1017 850 971 804 971 804 1017 850 374 363 971 804 374 363 972 805 972 805 374 363 973 806 1018 851 1026 859 374 363 374 363 1026 859 1027 860 374 363 1027 860 375 364 1016 849 1019 852 382 371 382 371 1019 852 932 765 382 371 932 765 383 372 383 372 932 765 931 764 383 372 931 764 384 373 384 373 931 764 930 763 384 373 930 763 385 374 385 374 930 763 386 375 381 370 1028 861 382 371 382 371 1028 861 1029 862 382 371 1029 862 1015 848 918 751 986 819 919 752 919 752 986 819 985 818 919 752 985 818 920 753 920 753 985 818 984 817 920 753 984 817 921 754 921 754 984 817 983 816 921 754 983 816 982 815 1027 860 1030 863 375 364 375 364 1030 863 1031 864 375 364 1031 864 376 365 380 369 1032 865 381 370 381 370 1032 865 1033 866 381 370 1033 866 1028 861 1031 864 1034 867 376 365 376 365 1034 867 1035 868 376 365 1035 868 377 366 377 366 1035 868 1036 869 377 366 1036 869 1012 845 1011 844 1037 870 379 368 379 368 1037 870 1038 871 379 368 1038 871 380 369 380 369 1038 871 1039 872 380 369 1039 872 1032 865 673 532 672 531 1040 873 1040 873 672 531 1041 874 1040 873 1041 874 1042 875 672 531 671 530 1041 874 1041 874 671 530 1043 876 1041 874 1043 876 1044 877 681 540 1045 878 660 519 660 519 1045 878 1046 879 682 541 683 542 1047 880 1047 880 683 542 1048 881 1047 880 1048 881 1049 882 1045 878 1050 883 1046 879 1046 879 1050 883 1051 884 683 542 680 539 1048 881 1048 881 680 539 1052 885 1048 881 1052 885 1053 886 1054 887 679 538 1055 888 1055 888 679 538 677 536 1056 889 1054 887 1057 890 1057 890 1054 887 1055 888 1058 891 1059 892 1060 893 1060 893 1059 892 1061 894 1062 895 1063 896 1064 897 1064 897 1063 896 1065 898 1056 889 1057 890 1065 898 1065 898 1057 890 1060 893 1065 898 1060 893 1064 897 1064 897 1060 893 1061 894 1064 897 1061 894 1066 899 1066 899 1061 894 1067 900 1068 901 1066 899 1069 902 1069 902 1066 899 1067 900 668 527 1068 901 670 529 670 529 1068 901 1069 902 667 526 663 522 1070 903 1070 903 663 522 1071 904 1070 903 1071 904 1072 905 663 522 661 520 1071 904 1071 904 661 520 1073 906 1071 904 1073 906 1074 907 679 538 1054 887 680 539 680 539 1054 887 1052 885 1053 886 1052 885 1056 889 1056 889 1052 885 1054 887 660 519 1046 879 661 520 661 520 1046 879 1073 906 1050 883 1045 878 1049 882 1049 882 1045 878 1047 880 667 526 1070 903 668 527 668 527 1070 903 1068 901 1070 903 1072 905 1068 901 1068 901 1072 905 1066 899 1072 905 1071 904 1066 899 1066 899 1071 904 1064 897 1062 895 1064 897 1074 907 1074 907 1064 897 1071 904 1050 883 1063 896 1051 884 1051 884 1063 896 1062 895 1074 907 1073 906 1051 884 1051 884 1073 906 1046 879 1074 907 1051 884 1062 895 1049 882 1048 881 1063 896 1063 896 1048 881 1065 898 1049 882 1063 896 1050 883 1048 881 1053 886 1065 898 1065 898 1053 886 1056 889 682 541 1047 880 681 540 681 540 1047 880 1045 878 676 535 666 525 1075 908 1075 908 666 525 1076 909 1075 908 1076 909 1077 910 666 525 665 524 1076 909 1076 909 665 524 1078 911 1076 909 1078 911 1079 912 1080 913 675 534 1081 914 1081 914 675 534 674 533 1082 915 1080 913 1083 916 1083 916 1080 913 1081 914 676 535 1075 908 677 536 677 536 1075 908 1055 888 1057 890 1055 888 1077 910 1077 910 1055 888 1075 908 675 534 1080 913 665 524 665 524 1080 913 1078 911 1060 893 1057 890 1076 909 1076 909 1057 890 1077 910 673 532 1040 873 674 533 674 533 1040 873 1081 914 1079 912 1078 911 1082 915 1082 915 1078 911 1080 913 1058 891 1060 893 1079 912 1079 912 1060 893 1076 909 1083 916 1081 914 1042 875 1042 875 1081 914 1040 873 1083 916 1059 892 1082 915 1082 915 1059 892 1058 891 1042 875 1041 874 1059 892 1059 892 1041 874 1061 894 670 529 1069 902 671 530 671 530 1069 902 1043 876 1044 877 1043 876 1067 900 1067 900 1043 876 1069 902 1067 900 1061 894 1044 877 1044 877 1061 894 1041 874 1042 875 1059 892 1083 916 1082 915 1058 891 1079 912 270 259 397 386 763 596 270 259 1084 917 236 225 236 225 1084 917 1023 856 236 225 1023 856 379 368 763 596 1085 918 1086 919 1087 920 1088 921 763 596 763 596 1088 921 1089 922 763 596 1089 922 1090 923 270 259 1091 924 1092 925 1086 919 1093 926 763 596 763 596 1093 926 1094 927 763 596 1094 927 1087 920 1090 923 1095 928 763 596 763 596 1095 928 1096 929 763 596 1096 929 270 259 270 259 1096 929 1097 930 270 259 1097 930 1091 924 1092 925 1098 931 270 259 270 259 1098 931 1099 932 270 259 1099 932 1084 917 1084 917 1099 932 1100 933 1100 933 1101 934 1084 917 1084 917 1101 934 1102 935 1084 917 1102 935 1103 936 1103 936 1104 937 1084 917 1084 917 1104 937 1105 938 1084 917 1105 938 1106 939 1107 940 1108 941 1109 942 1109 942 1108 941 1085 918 1109 942 1085 918 1110 943 1110 943 1085 918 763 596 1111 944 1112 945 1113 946 1113 946 1112 945 1084 917 1113 946 1084 917 1114 947 1114 947 1084 917 1106 939 1111 944 1115 948 1112 945 1112 945 1115 948 1116 949 1112 945 1116 949 1117 950 1117 950 1118 951 1112 945 1112 945 1118 951 1119 952 1112 945 1119 952 1120 953 1120 953 1121 954 1112 945 1112 945 1121 954 1122 955 1112 945 1122 955 1109 942 1109 942 1122 955 1123 956 1109 942 1123 956 1107 940 1124 957 1019 852 1016 849 1124 957 1016 849 1125 958 1038 871 1126 959 1039 872 1039 872 1126 959 1127 960 1039 872 1127 960 1032 865 1032 865 1127 960 1128 961 1032 865 1128 961 1033 866 1033 866 1128 961 1129 962 1033 866 1129 962 1028 861 1028 861 1129 962 1130 963 1028 861 1130 963 1029 862 1029 862 1130 963 1125 958 1029 862 1125 958 1015 848 1015 848 1125 958 1016 849 1037 870 1131 964 1038 871 1038 871 1131 964 1132 965 1038 871 1132 965 1126 959 1011 844 1133 966 1037 870 1037 870 1133 966 1134 967 1037 870 1134 967 1131 964 1010 843 1135 968 1011 844 1011 844 1135 968 1136 969 1011 844 1136 969 1133 966 1025 858 1137 970 1010 843 1010 843 1137 970 1138 971 1010 843 1138 971 1135 968 1139 972 1140 973 1025 858 1025 858 1140 973 1141 974 1025 858 1141 974 1137 970 1025 858 1024 857 1139 972 1139 972 1024 857 1023 856 1139 972 1023 856 1084 917 1142 975 1140 973 1112 945 1112 945 1140 973 1139 972 1112 945 1139 972 1084 917 1143 976 1144 977 1135 968 1135 968 1138 971 1143 976 1143 976 1138 971 1137 970 1143 976 1137 970 1142 975 1142 975 1137 970 1141 974 1142 975 1141 974 1140 973 1145 978 1146 979 1131 964 1131 964 1134 967 1145 978 1145 978 1134 967 1133 966 1145 978 1133 966 1144 977 1144 977 1133 966 1136 969 1144 977 1136 969 1135 968 1147 980 1148 981 1128 961 1128 961 1127 960 1147 980 1147 980 1127 960 1126 959 1147 980 1126 959 1146 979 1146 979 1126 959 1132 965 1146 979 1132 965 1131 964 1149 982 1150 983 1124 957 1124 957 1125 958 1149 982 1149 982 1125 958 1130 963 1149 982 1130 963 1148 981 1148 981 1130 963 1129 962 1148 981 1129 962 1128 961 910 743 934 767 1019 852 965 798 964 797 1151 984 1151 984 964 797 988 821 1124 957 905 738 906 739 1017 850 970 803 969 802 969 802 968 801 1017 850 1017 850 968 801 967 800 1017 850 967 800 1151 984 1151 984 967 800 966 799 1151 984 966 799 965 798 994 827 993 826 1151 984 914 747 913 746 1007 840 1007 840 913 746 1008 841 1008 841 913 746 1009 842 1009 842 913 746 912 745 1009 842 912 745 911 744 989 822 992 825 1151 984 1151 984 992 825 991 824 1151 984 991 824 994 827 993 826 996 829 1151 984 1151 984 996 829 995 828 1151 984 995 828 1124 957 1124 957 995 828 998 831 1124 957 998 831 997 830 906 739 907 740 1124 957 1124 957 907 740 908 741 1124 957 908 741 1019 852 1019 852 908 741 909 742 1019 852 909 742 910 743 997 830 1000 833 1124 957 1124 957 1000 833 999 832 1124 957 999 832 1003 836 1009 842 895 728 1124 957 1124 957 895 728 894 727 1124 957 894 727 897 730 897 730 896 729 1124 957 1124 957 896 729 899 732 1124 957 899 732 898 731 1003 836 1002 835 1124 957 1124 957 1002 835 1001 834 1124 957 1001 834 1009 842 986 819 918 751 917 750 890 723 893 726 1009 842 1009 842 893 726 892 725 1009 842 892 725 895 728 988 821 987 820 1151 984 1151 984 987 820 990 823 1151 984 990 823 989 822 914 747 1007 840 915 748 915 748 1007 840 1006 839 915 748 1006 839 916 749 916 749 1006 839 1005 838 916 749 1005 838 917 750 917 750 1005 838 1004 837 917 750 1004 837 986 819 898 731 901 734 1124 957 1124 957 901 734 900 733 1124 957 900 733 904 737 911 744 889 722 1009 842 1009 842 889 722 891 724 1009 842 891 724 890 723 904 737 903 736 1124 957 1124 957 903 736 902 735 1124 957 902 735 905 738 1124 957 1150 983 1151 984 1151 984 1150 983 1152 985 1153 986 1154 987 832 665 1149 982 1148 981 814 647 1155 988 1156 989 852 685 1157 990 832 665 1158 991 1158 991 832 665 852 685 832 665 1154 987 813 646 813 646 1154 987 1159 992 813 646 1159 992 1160 993 1161 994 1162 995 813 646 813 646 1162 995 1152 985 813 646 1152 985 814 647 814 647 1152 985 1150 983 814 647 1150 983 1149 982 1160 993 1163 996 813 646 813 646 1163 996 1164 997 813 646 1164 997 1165 998 1165 998 1166 999 813 646 813 646 1166 999 1167 1000 813 646 1167 1000 1161 994 1143 976 814 647 1144 977 1144 977 814 647 1145 978 1168 1001 1169 1002 852 685 1156 989 1170 1003 852 685 852 685 1170 1003 1171 1004 852 685 1171 1004 1158 991 1157 990 1172 1005 832 665 832 665 1172 1005 1173 1006 832 665 1173 1006 1174 1007 1148 981 1147 980 814 647 814 647 1147 980 1146 979 814 647 1146 979 1145 978 1143 976 1142 975 814 647 814 647 1142 975 1175 1008 814 647 1175 1008 852 685 852 685 1175 1008 1109 942 852 685 1109 942 1168 1001 1169 1002 1176 1009 852 685 852 685 1176 1009 1177 1010 852 685 1177 1010 1155 988 1174 1007 1178 1011 832 665 832 665 1178 1011 1179 1012 832 665 1179 1012 1180 1013 1180 1013 1181 1014 832 665 832 665 1181 1014 1182 1015 832 665 1182 1015 1153 986 1183 1016 1184 1017 1012 845 1185 1018 1022 855 1021 854 1185 1018 1021 854 1186 1019 1186 1019 1021 854 1020 853 1186 1019 1020 853 1187 1020 1014 847 1188 1021 1020 853 1020 853 1188 1021 1189 1022 1020 853 1189 1022 1187 1020 1012 845 1184 1017 1013 846 1184 1017 1190 1023 1013 846 1013 846 1190 1023 1191 1024 1013 846 1191 1024 1014 847 1014 847 1191 1024 1192 1025 1014 847 1192 1025 1188 1021 1183 1016 1012 845 1193 1026 1193 1026 1012 845 1036 869 1193 1026 1036 869 1194 1027 1194 1027 1036 869 1035 868 1194 1027 1035 868 1195 1028 1195 1028 1035 868 1034 867 1195 1028 1034 867 1196 1029 1196 1029 1034 867 1031 864 1196 1029 1031 864 1197 1030 1197 1030 1031 864 1030 863 1197 1030 1030 863 1198 1031 1198 1031 1030 863 1027 860 1198 1031 1027 860 1199 1032 1017 850 1151 984 1018 851 1018 851 1151 984 1199 1032 1018 851 1199 1032 1026 859 1026 859 1199 1032 1027 860 1188 1021 1192 1025 1164 997 1162 995 1161 994 1196 1029 1196 1029 1197 1030 1162 995 1162 995 1197 1030 1198 1031 1162 995 1198 1031 1152 985 1152 985 1198 1031 1199 1032 1152 985 1199 1032 1151 984 1167 1000 1166 999 1183 1016 1183 1016 1193 1026 1167 1000 1167 1000 1193 1026 1194 1027 1167 1000 1194 1027 1161 994 1161 994 1194 1027 1195 1028 1161 994 1195 1028 1196 1029 1164 997 1192 1025 1165 998 1192 1025 1191 1024 1165 998 1165 998 1191 1024 1190 1023 1165 998 1190 1023 1166 999 1166 999 1190 1023 1184 1017 1166 999 1184 1017 1183 1016 1188 1021 1164 997 1189 1022 1189 1022 1164 997 1163 996 1189 1022 1163 996 1187 1020 1187 1020 1163 996 1160 993 1187 1020 1160 993 1186 1019 1186 1019 1160 993 1159 992 1186 1019 1159 992 1185 1018 805 638 752 585 750 583 1200 1033 800 633 801 634 936 769 935 768 1201 1034 1201 1034 935 768 942 775 809 642 808 641 961 794 963 796 807 640 806 639 801 634 802 635 1200 1033 1200 1033 802 635 803 636 1200 1033 803 636 750 583 750 583 803 636 804 637 750 583 804 637 805 638 753 586 767 600 940 773 940 773 939 772 753 586 753 586 939 772 938 771 753 586 938 771 1201 1034 1201 1034 938 771 937 770 1201 1034 937 770 936 769 948 781 947 780 1201 1034 807 640 963 796 808 641 808 641 963 796 962 795 808 641 962 795 961 794 943 776 946 779 1201 1034 1201 1034 946 779 945 778 1201 1034 945 778 948 781 947 780 950 783 1201 1034 1201 1034 950 783 949 782 1201 1034 949 782 1200 1033 1200 1033 949 782 952 785 1200 1033 952 785 951 784 963 796 790 623 1200 1033 1200 1033 790 623 789 622 1200 1033 789 622 792 625 792 625 791 624 1200 1033 1200 1033 791 624 794 627 1200 1033 794 627 793 626 951 784 954 787 1200 1033 1200 1033 954 787 953 786 1200 1033 953 786 957 790 785 618 788 621 963 796 963 796 788 621 787 620 963 796 787 620 790 623 957 790 956 789 1200 1033 1200 1033 956 789 955 788 1200 1033 955 788 963 796 760 593 759 592 812 645 942 775 941 774 1201 1034 1201 1034 941 774 944 777 1201 1034 944 777 943 776 793 626 796 629 1200 1033 1200 1033 796 629 795 628 1200 1033 795 628 799 632 809 642 961 794 810 643 810 643 961 794 960 793 810 643 960 793 811 644 811 644 960 793 959 792 811 644 959 792 812 645 812 645 959 792 958 791 812 645 958 791 760 593 806 639 784 617 963 796 963 796 784 617 786 619 963 796 786 619 785 618 799 632 798 631 1200 1033 1200 1033 798 631 797 630 1200 1033 797 630 800 633 1158 991 1201 1034 1157 990 1157 990 1201 1034 1200 1033 1202 1035 1203 1036 746 579 1110 943 763 596 762 595 1110 943 762 595 1204 1037 1204 1037 762 595 761 594 1204 1037 761 594 1205 1038 748 581 1206 1039 761 594 761 594 1206 1039 1207 1040 761 594 1207 1040 1205 1038 746 579 1203 1036 747 580 1203 1036 1208 1041 747 580 747 580 1208 1041 1209 1042 747 580 1209 1042 748 581 748 581 1209 1042 1210 1043 748 581 1210 1043 1206 1039 1202 1035 746 579 1211 1044 1211 1044 746 579 783 616 1211 1044 783 616 1212 1045 1212 1045 783 616 782 615 1212 1045 782 615 1213 1046 1213 1046 782 615 781 614 1213 1046 781 614 1214 1047 1214 1047 781 614 775 608 1214 1047 775 608 1215 1048 1215 1048 775 608 774 607 1215 1048 774 607 1216 1049 1216 1049 774 607 771 604 1216 1049 771 604 1217 1050 753 586 1201 1034 754 587 754 587 1201 1034 1217 1050 754 587 1217 1050 770 603 770 603 1217 1050 771 604 1206 1039 1210 1043 1176 1009 1171 1004 1170 1003 1214 1047 1214 1047 1215 1048 1171 1004 1171 1004 1215 1048 1216 1049 1171 1004 1216 1049 1158 991 1158 991 1216 1049 1217 1050 1158 991 1217 1050 1201 1034 1156 989 1155 988 1202 1035 1202 1035 1211 1044 1156 989 1156 989 1211 1044 1212 1045 1156 989 1212 1045 1170 1003 1170 1003 1212 1045 1213 1046 1170 1003 1213 1046 1214 1047 1176 1009 1210 1043 1177 1010 1210 1043 1209 1042 1177 1010 1177 1010 1209 1042 1208 1041 1177 1010 1208 1041 1155 988 1155 988 1208 1041 1203 1036 1155 988 1203 1036 1202 1035 1206 1039 1176 1009 1207 1040 1207 1040 1176 1009 1169 1002 1207 1040 1169 1002 1205 1038 1205 1038 1169 1002 1168 1001 1205 1038 1168 1001 1204 1037 1204 1037 1168 1001 1109 942 1204 1037 1109 942 1110 943 755 588 399 388 248 237 198 187 377 366 1022 855 755 588 248 237 1218 1051 1219 1052 1220 1053 1159 992 1159 992 1220 1053 1221 1054 1159 992 1221 1054 1222 1055 1222 1055 1223 1056 1159 992 1159 992 1223 1056 1224 1057 1159 992 1224 1057 1225 1058 1226 1059 1185 1018 1227 1060 1227 1060 1185 1018 1228 1061 1226 1059 1229 1062 1185 1018 1185 1018 1229 1062 1230 1063 1185 1018 1230 1063 1231 1064 1225 1058 1232 1065 1159 992 1159 992 1232 1065 1233 1066 1159 992 1233 1066 1185 1018 1185 1018 1233 1066 1234 1067 1185 1018 1234 1067 1228 1061 1231 1064 1235 1068 1185 1018 1185 1018 1235 1068 1236 1069 1185 1018 1236 1069 1237 1070 1238 1071 1239 1072 1218 1051 1218 1051 1239 1072 1240 1073 1218 1051 1240 1073 1241 1074 198 187 1022 855 248 237 248 237 1022 855 1185 1018 248 237 1185 1018 1218 1051 1218 1051 1185 1018 1237 1070 1218 1051 1237 1070 1238 1071 1241 1074 1242 1075 1218 1051 1218 1051 1242 1075 1243 1076 1218 1051 1243 1076 1244 1077 1219 1052 1159 992 1245 1078 1245 1078 1159 992 1154 987 1245 1078 1154 987 1246 1079 1247 1080 1154 987 1248 1081 1248 1081 1154 987 1218 1051 1248 1081 1218 1051 1249 1082 1249 1082 1218 1051 1244 1077 1247 1080 1250 1083 1154 987 1154 987 1250 1083 1251 1084 1154 987 1251 1084 1252 1085 1252 1085 1253 1086 1154 987 1154 987 1253 1086 1254 1087 1154 987 1254 1087 1246 1079 1200 1033 750 583 739 572 1200 1033 739 572 1255 1088 739 572 738 571 1255 1088 1255 1088 738 571 773 606 1255 1088 773 606 1256 1089 773 606 772 605 1256 1089 1256 1089 772 605 777 610 1256 1089 777 610 1257 1090 777 610 776 609 1257 1090 1257 1090 776 609 780 613 1257 1090 780 613 1258 1091 780 613 779 612 1258 1091 1258 1091 779 612 778 611 1258 1091 778 611 1259 1092 1259 1092 778 611 732 565 1259 1092 732 565 1260 1093 1260 1093 732 565 731 564 1260 1093 731 564 1261 1094 1261 1094 731 564 757 590 1261 1094 757 590 1262 1095 1262 1095 757 590 756 589 1262 1095 756 589 1263 1096 1263 1096 756 589 755 588 1263 1096 755 588 1218 1051 1218 1051 1154 987 1153 986 1218 1051 1153 986 1263 1096 1263 1096 1153 986 1182 1015 1263 1096 1182 1015 1262 1095 1262 1095 1182 1015 1181 1014 1262 1095 1181 1014 1261 1094 1261 1094 1181 1014 1180 1013 1261 1094 1180 1013 1260 1093 1260 1093 1180 1013 1179 1012 1260 1093 1179 1012 1259 1092 1259 1092 1179 1012 1178 1011 1259 1092 1178 1011 1258 1091 1258 1091 1178 1011 1174 1007 1258 1091 1174 1007 1257 1090 1257 1090 1174 1007 1173 1006 1257 1090 1173 1006 1256 1089 1256 1089 1173 1006 1172 1005 1256 1089 1172 1005 1255 1088 1255 1088 1172 1005 1157 990 1255 1088 1157 990 1200 1033 1088 921 882 715 1089 922 1089 922 882 715 881 714 1089 922 881 714 1090 923 1090 923 881 714 880 713 1090 923 880 713 1095 928 1095 928 880 713 872 705 1095 928 872 705 1096 929 1096 929 872 705 871 704 1096 929 871 704 1097 930 1097 930 871 704 870 703 1097 930 870 703 1091 924 1091 924 870 703 857 690 1091 924 857 690 1092 925 1092 925 857 690 856 689 1092 925 856 689 1098 931 1098 931 856 689 879 712 1098 931 879 712 1099 932 1099 932 879 712 878 711 1099 932 878 711 1100 933 1100 933 878 711 877 710 1100 933 877 710 1101 934 1101 934 877 710 860 693 1101 934 860 693 1102 935 1102 935 860 693 859 692 1102 935 859 692 1103 936 1103 936 859 692 858 691 1103 936 858 691 1104 937 1104 937 858 691 855 688 1104 937 855 688 1105 938 1105 938 855 688 854 687 1105 938 854 687 1106 939 1106 939 854 687 853 686 1106 939 853 686 1114 947 1114 947 853 686 869 702 1114 947 869 702 1113 946 1113 946 869 702 868 701 1113 946 868 701 1111 944 1111 944 868 701 867 700 1111 944 867 700 1115 948 1115 948 867 700 866 699 1115 948 866 699 1116 949 1116 949 866 699 865 698 1116 949 865 698 1117 950 1117 950 865 698 864 697 1117 950 864 697 1118 951 1118 951 864 697 861 694 1118 951 861 694 1119 952 1119 952 861 694 862 695 1119 952 862 695 1120 953 1120 953 862 695 863 696 1120 953 863 696 1121 954 1121 954 863 696 876 709 1121 954 876 709 1122 955 1122 955 876 709 875 708 1122 955 875 708 1123 956 1123 956 875 708 874 707 1123 956 874 707 1107 940 1107 940 874 707 873 706 1107 940 873 706 1108 941 1108 941 873 706 888 721 1108 941 888 721 1085 918 1085 918 888 721 887 720 1085 918 887 720 1086 919 1086 919 887 720 886 719 1086 919 886 719 1093 926 1093 926 886 719 885 718 1093 926 885 718 1094 927 1094 927 885 718 884 717 1094 927 884 717 1087 920 1087 920 884 717 883 716 1087 920 883 716 1088 921 1088 921 883 716 882 715 850 683 1248 1081 851 684 851 684 1248 1081 1249 1082 851 684 1249 1082 816 649 816 649 1249 1082 1244 1077 816 649 1244 1077 817 650 817 650 1244 1077 1243 1076 817 650 1243 1076 835 668 835 668 1243 1076 1242 1075 835 668 1242 1075 836 669 836 669 1242 1075 1241 1074 836 669 1241 1074 837 670 837 670 1241 1074 1240 1073 837 670 1240 1073 838 671 838 671 1240 1073 1239 1072 838 671 1239 1072 839 672 839 672 1239 1072 1238 1071 839 672 1238 1071 815 648 815 648 1238 1071 1237 1070 815 648 1237 1070 818 651 818 651 1237 1070 1236 1069 818 651 1236 1069 819 652 819 652 1236 1069 1235 1068 819 652 1235 1068 820 653 820 653 1235 1068 1231 1064 820 653 1231 1064 821 654 821 654 1231 1064 1230 1063 821 654 1230 1063 822 655 822 655 1230 1063 1229 1062 822 655 1229 1062 823 656 823 656 1229 1062 1226 1059 823 656 1226 1059 840 673 840 673 1226 1059 1227 1060 840 673 1227 1060 841 674 841 674 1227 1060 1228 1061 841 674 1228 1061 842 675 842 675 1228 1061 1234 1067 842 675 1234 1067 824 657 824 657 1234 1067 1233 1066 824 657 1233 1066 825 658 825 658 1233 1066 1232 1065 825 658 1232 1065 826 659 826 659 1232 1065 1225 1058 826 659 1225 1058 827 660 827 660 1225 1058 1224 1057 827 660 1224 1057 828 661 828 661 1224 1057 1223 1056 828 661 1223 1056 829 662 829 662 1223 1056 1222 1055 829 662 1222 1055 830 663 830 663 1222 1055 1221 1054 830 663 1221 1054 834 667 834 667 1221 1054 1220 1053 834 667 1220 1053 833 666 833 666 1220 1053 1219 1052 833 666 1219 1052 831 664 831 664 1219 1052 1245 1078 831 664 1245 1078 843 676 843 676 1245 1078 1246 1079 843 676 1246 1079 844 677 844 677 1246 1079 1254 1087 844 677 1254 1087 845 678 845 678 1254 1087 1253 1086 845 678 1253 1086 846 679 846 679 1253 1086 1252 1085 846 679 1252 1085 847 680 847 680 1252 1085 1251 1084 847 680 1251 1084 848 681 848 681 1251 1084 1250 1083 848 681 1250 1083 849 682 849 682 1250 1083 1247 1080 849 682 1247 1080 850 683 850 683 1247 1080 1248 1081 1264 1097 1265 1098 1266 1099 1266 1099 1265 1098 1267 1100 1266 1099 1267 1100 1268 1101 1268 1101 1267 1100 1269 1102 1268 1101 1269 1102 1270 1103 1270 1103 1269 1102 1271 1104 1270 1103 1271 1104 1272 1105 1272 1105 1271 1104 1273 1106 1274 1107 1275 1108 1276 1109 1277 1110 1278 1111 1279 1112 1279 1112 1280 1113 1277 1110 1277 1110 1280 1113 1281 1114 1277 1110 1281 1114 1282 1115 1282 1115 1281 1114 1274 1107 1282 1115 1274 1107 1283 1116 1283 1116 1274 1107 1276 1109 1284 1117 1285 1118 1286 1119 1284 1117 1286 1119 1287 1120 1288 1121 1289 1122 1281 1114 1290 1123 1291 1124 1274 1107 1274 1107 1291 1124 1292 1125 1292 1125 1293 1126 1274 1107 1274 1107 1293 1126 1294 1127 1274 1107 1294 1127 1286 1119 1286 1119 1294 1127 1295 1128 1286 1119 1295 1128 1287 1120 1296 1129 1297 1130 1298 1131 1286 1119 1299 1132 1300 1133 1301 1134 1302 1135 1303 1136 1303 1136 1302 1135 1304 1137 1305 1138 1281 1114 1306 1139 1306 1139 1281 1114 1307 1140 1285 1118 1308 1141 1286 1119 1286 1119 1308 1141 1309 1142 1286 1119 1309 1142 1299 1132 1296 1129 1298 1131 1303 1136 1303 1136 1298 1131 1310 1143 1303 1136 1310 1143 1301 1134 1311 1144 1312 1145 1313 1146 1313 1146 1312 1145 1314 1147 1313 1146 1314 1147 1281 1114 1281 1114 1314 1147 1315 1148 1281 1114 1315 1148 1307 1140 1289 1122 1316 1149 1281 1114 1281 1114 1316 1149 1317 1150 1281 1114 1317 1150 1318 1151 1319 1152 1320 1153 1274 1107 1305 1138 1321 1154 1281 1114 1281 1114 1321 1154 1322 1155 1281 1114 1322 1155 1297 1130 1320 1153 1323 1156 1274 1107 1274 1107 1323 1156 1324 1157 1274 1107 1324 1157 1290 1123 1300 1133 1325 1158 1286 1119 1286 1119 1325 1158 1326 1159 1286 1119 1326 1159 1327 1160 1328 1161 1329 1162 1313 1146 1313 1146 1329 1162 1330 1163 1296 1129 1331 1164 1297 1130 1297 1130 1331 1164 1332 1165 1297 1130 1332 1165 1281 1114 1281 1114 1332 1165 1333 1166 1281 1114 1333 1166 1288 1121 1318 1151 1334 1167 1281 1114 1281 1114 1334 1167 1335 1168 1281 1114 1335 1168 1274 1107 1274 1107 1335 1168 1336 1169 1274 1107 1336 1169 1319 1152 1309 1142 1337 1170 1299 1132 1299 1132 1337 1170 1338 1171 1299 1132 1338 1171 1339 1172 1339 1172 1338 1171 1340 1173 1339 1172 1340 1173 1341 1174 1341 1174 1340 1173 1342 1175 1341 1174 1342 1175 1343 1176 1343 1176 1342 1175 1344 1177 1343 1176 1344 1177 1345 1178 1345 1178 1344 1177 1346 1179 1345 1178 1346 1179 1347 1180 1347 1180 1346 1179 1348 1181 1347 1180 1348 1181 1304 1137 1304 1137 1348 1181 1349 1182 1304 1137 1349 1182 1303 1136 1327 1160 1350 1183 1286 1119 1286 1119 1350 1183 1351 1184 1286 1119 1351 1184 1352 1185 1330 1163 1353 1186 1313 1146 1313 1146 1353 1186 1354 1187 1313 1146 1354 1187 1311 1144 1352 1185 1355 1188 1286 1119 1286 1119 1355 1188 1356 1189 1286 1119 1356 1189 1313 1146 1313 1146 1356 1189 1357 1190 1313 1146 1357 1190 1328 1161 1358 1191 1359 1192 1313 1146 1360 1193 1361 1194 1313 1146 1313 1146 1361 1194 1362 1195 1313 1146 1362 1195 1358 1191 1359 1192 1363 1196 1313 1146 1313 1146 1363 1196 1364 1197 1313 1146 1364 1197 1365 1198 1366 1199 1367 1200 1368 1201 1367 1200 1369 1202 1368 1201 1368 1201 1369 1202 1370 1203 1368 1201 1370 1203 1371 1204 1280 1113 1372 1205 1373 1206 1373 1206 1374 1207 1280 1113 1280 1113 1374 1207 1375 1208 1280 1113 1375 1208 1376 1209 1377 1210 1378 1211 1281 1114 1281 1114 1378 1211 1379 1212 1379 1212 1380 1213 1281 1114 1281 1114 1380 1213 1381 1214 1281 1114 1381 1214 1382 1215 1371 1204 1383 1216 1368 1201 1368 1201 1383 1216 1384 1217 1368 1201 1384 1217 1280 1113 1280 1113 1384 1217 1385 1218 1280 1113 1385 1218 1372 1205 1382 1215 1386 1219 1281 1114 1281 1114 1386 1219 1387 1220 1281 1114 1387 1220 1388 1221 1388 1221 1389 1222 1281 1114 1281 1114 1389 1222 1390 1223 1281 1114 1390 1223 1313 1146 1313 1146 1390 1223 1391 1224 1313 1146 1391 1224 1360 1193 1376 1209 1392 1225 1280 1113 1280 1113 1392 1225 1393 1226 1280 1113 1393 1226 1281 1114 1281 1114 1393 1226 1394 1227 1281 1114 1394 1227 1377 1210 1395 1228 1267 1100 1396 1229 1396 1229 1267 1100 1286 1119 1396 1229 1286 1119 1397 1230 1395 1228 1398 1231 1267 1100 1267 1100 1398 1231 1399 1232 1267 1100 1399 1232 1400 1233 1269 1102 1401 1234 1402 1235 1402 1235 1403 1236 1269 1102 1269 1102 1403 1236 1404 1237 1269 1102 1404 1237 1313 1146 1313 1146 1404 1237 1405 1238 1313 1146 1405 1238 1406 1239 1406 1239 1407 1240 1313 1146 1313 1146 1407 1240 1408 1241 1313 1146 1408 1241 1409 1242 1410 1243 1411 1244 1286 1119 1286 1119 1411 1244 1412 1245 1286 1119 1412 1245 1413 1246 1413 1246 1414 1247 1286 1119 1286 1119 1414 1247 1415 1248 1286 1119 1415 1248 1397 1230 1400 1233 1416 1249 1267 1100 1267 1100 1416 1249 1417 1250 1267 1100 1417 1250 1418 1251 1419 1252 1420 1253 1269 1102 1269 1102 1420 1253 1421 1254 1269 1102 1421 1254 1401 1234 1409 1242 1422 1255 1313 1146 1313 1146 1422 1255 1423 1256 1313 1146 1423 1256 1424 1257 1424 1257 1425 1258 1313 1146 1313 1146 1425 1258 1426 1259 1313 1146 1426 1259 1286 1119 1286 1119 1426 1259 1427 1260 1286 1119 1427 1260 1410 1243 1418 1251 1428 1261 1267 1100 1267 1100 1428 1261 1429 1262 1267 1100 1429 1262 1269 1102 1269 1102 1429 1262 1430 1263 1269 1102 1430 1263 1419 1252 1431 1264 1432 1265 1269 1102 1432 1265 1433 1266 1269 1102 1269 1102 1433 1266 1434 1267 1269 1102 1434 1267 1435 1268 1436 1269 1271 1104 1437 1270 1437 1270 1271 1104 1438 1271 1435 1268 1439 1272 1269 1102 1269 1102 1439 1272 1440 1273 1269 1102 1440 1273 1441 1274 1442 1275 1443 1276 1368 1201 1313 1146 1444 1277 1445 1278 1441 1274 1446 1279 1269 1102 1269 1102 1446 1279 1447 1280 1269 1102 1447 1280 1271 1104 1271 1104 1447 1280 1448 1281 1271 1104 1448 1281 1438 1271 1436 1269 1449 1282 1271 1104 1271 1104 1449 1282 1450 1283 1271 1104 1450 1283 1368 1201 1368 1201 1450 1283 1451 1284 1368 1201 1451 1284 1442 1275 1452 1285 1453 1286 1313 1146 1313 1146 1453 1286 1454 1287 1313 1146 1454 1287 1269 1102 1269 1102 1454 1287 1455 1288 1269 1102 1455 1288 1431 1264 1443 1276 1456 1289 1368 1201 1368 1201 1456 1289 1457 1290 1368 1201 1457 1290 1458 1291 1458 1291 1459 1292 1368 1201 1368 1201 1459 1292 1460 1293 1368 1201 1460 1293 1461 1294 1365 1198 1366 1199 1313 1146 1313 1146 1366 1199 1368 1201 1313 1146 1368 1201 1444 1277 1444 1277 1368 1201 1461 1294 1445 1278 1462 1295 1313 1146 1313 1146 1462 1295 1463 1296 1313 1146 1463 1296 1464 1297 1464 1297 1465 1298 1313 1146 1313 1146 1465 1298 1466 1299 1313 1146 1466 1299 1452 1285 1265 1098 1264 1097 1467 1300 1467 1300 1264 1097 1468 1301 1469 1302 1470 1303 1270 1103 1270 1103 1470 1303 1471 1304 1270 1103 1471 1304 1472 1305 1473 1306 1474 1307 1475 1308 1475 1308 1474 1307 1476 1309 1475 1308 1476 1309 1477 1310 1268 1101 1478 1311 1479 1312 1480 1313 1481 1314 1477 1310 1477 1310 1481 1314 1482 1315 1483 1316 1484 1317 1475 1308 1475 1308 1484 1317 1485 1318 1475 1308 1485 1318 1270 1103 1270 1103 1485 1318 1486 1319 1270 1103 1486 1319 1469 1302 1472 1305 1487 1320 1270 1103 1270 1103 1487 1320 1488 1321 1270 1103 1488 1321 1489 1322 1479 1312 1490 1323 1268 1101 1268 1101 1490 1323 1491 1324 1268 1101 1491 1324 1492 1325 1268 1101 1493 1326 1494 1327 1480 1313 1477 1310 1495 1328 1495 1328 1477 1310 1496 1329 1495 1328 1496 1329 1497 1330 1482 1315 1498 1331 1477 1310 1477 1310 1498 1331 1499 1332 1477 1310 1499 1332 1500 1333 1501 1334 1502 1335 1475 1308 1475 1308 1502 1335 1503 1336 1475 1308 1503 1336 1483 1316 1489 1322 1504 1337 1270 1103 1270 1103 1504 1337 1505 1338 1270 1103 1505 1338 1268 1101 1268 1101 1505 1338 1506 1339 1268 1101 1506 1339 1478 1311 1500 1333 1507 1340 1477 1310 1477 1310 1507 1340 1508 1341 1477 1310 1508 1341 1475 1308 1475 1308 1508 1341 1509 1342 1475 1308 1509 1342 1501 1334 1492 1325 1510 1343 1268 1101 1268 1101 1510 1343 1511 1344 1268 1101 1511 1344 1512 1345 1494 1327 1513 1346 1268 1101 1268 1101 1513 1346 1514 1347 1268 1101 1514 1347 1515 1348 1516 1349 1517 1350 1518 1351 1518 1351 1517 1350 1519 1352 1518 1351 1520 1353 1521 1354 1522 1355 1523 1356 1475 1308 1524 1357 1512 1345 1525 1358 1525 1358 1512 1345 1526 1359 1525 1358 1526 1359 1527 1360 1527 1360 1526 1359 1495 1328 1527 1360 1495 1328 1528 1361 1528 1361 1495 1328 1497 1330 1524 1357 1529 1362 1512 1345 1512 1345 1529 1362 1530 1363 1512 1345 1530 1363 1531 1364 1531 1364 1532 1365 1512 1345 1512 1345 1532 1365 1533 1366 1512 1345 1533 1366 1268 1101 1268 1101 1533 1366 1534 1367 1268 1101 1534 1367 1493 1326 1519 1352 1535 1368 1518 1351 1518 1351 1535 1368 1536 1369 1518 1351 1536 1369 1537 1370 1518 1351 1521 1354 1475 1308 1475 1308 1521 1354 1538 1371 1475 1308 1538 1371 1522 1355 1523 1356 1539 1372 1475 1308 1475 1308 1539 1372 1540 1373 1475 1308 1540 1373 1473 1306 1537 1370 1541 1374 1518 1351 1518 1351 1541 1374 1542 1375 1518 1351 1542 1375 1520 1353 1475 1308 1543 1376 1544 1377 1545 1378 1546 1379 1518 1351 1518 1351 1546 1379 1547 1380 1518 1351 1547 1380 1548 1381 1549 1382 1550 1383 1277 1110 1277 1110 1550 1383 1551 1384 1543 1376 1475 1308 1552 1385 1552 1385 1475 1308 1277 1110 1552 1385 1277 1110 1553 1386 1544 1377 1554 1387 1475 1308 1475 1308 1554 1387 1555 1388 1475 1308 1555 1388 1556 1389 1556 1389 1557 1390 1475 1308 1475 1308 1557 1390 1558 1391 1475 1308 1558 1391 1559 1392 1559 1392 1560 1393 1475 1308 1475 1308 1560 1393 1561 1394 1475 1308 1561 1394 1518 1351 1518 1351 1561 1394 1562 1395 1518 1351 1562 1395 1545 1378 1548 1381 1563 1396 1518 1351 1518 1351 1563 1396 1564 1397 1518 1351 1564 1397 1565 1398 1282 1115 1566 1399 1567 1400 1567 1400 1568 1401 1282 1115 1282 1115 1568 1401 1569 1402 1282 1115 1569 1402 1570 1403 1570 1403 1571 1404 1282 1115 1282 1115 1571 1404 1572 1405 1282 1115 1572 1405 1277 1110 1277 1110 1572 1405 1573 1406 1277 1110 1573 1406 1549 1382 1551 1384 1574 1407 1277 1110 1277 1110 1574 1407 1575 1408 1277 1110 1575 1408 1553 1386 1576 1409 1577 1410 1282 1115 1282 1115 1577 1410 1578 1411 1282 1115 1578 1411 1566 1399 1579 1412 1580 1413 1268 1101 1268 1101 1580 1413 1581 1414 1268 1101 1581 1414 1582 1415 1583 1416 1584 1417 1266 1099 1266 1099 1584 1417 1585 1418 1266 1099 1585 1418 1586 1419 1586 1419 1587 1420 1266 1099 1266 1099 1587 1420 1588 1421 1266 1099 1588 1421 1589 1422 1582 1415 1590 1423 1268 1101 1268 1101 1590 1423 1591 1424 1268 1101 1591 1424 1592 1425 1515 1348 1516 1349 1268 1101 1268 1101 1516 1349 1518 1351 1268 1101 1518 1351 1579 1412 1579 1412 1518 1351 1593 1426 1594 1427 1595 1428 1518 1351 1518 1351 1595 1428 1596 1429 1518 1351 1596 1429 1593 1426 1588 1421 1597 1430 1589 1422 1589 1422 1597 1430 1598 1431 1589 1422 1598 1431 1599 1432 1599 1432 1600 1433 1589 1422 1589 1422 1600 1433 1601 1434 1589 1422 1601 1434 1602 1435 1592 1425 1603 1436 1268 1101 1268 1101 1603 1436 1604 1437 1268 1101 1604 1437 1605 1438 1602 1435 1606 1439 1518 1351 1518 1351 1606 1439 1607 1440 1607 1440 1608 1441 1518 1351 1518 1351 1608 1441 1609 1442 1518 1351 1609 1442 1610 1443 1610 1443 1611 1444 1518 1351 1518 1351 1611 1444 1612 1445 1518 1351 1612 1445 1594 1427 1605 1438 1613 1446 1268 1101 1268 1101 1613 1446 1614 1447 1268 1101 1614 1447 1266 1099 1266 1099 1614 1447 1615 1448 1266 1099 1615 1448 1583 1416 1616 1449 1617 1450 1589 1422 1589 1422 1617 1450 1618 1451 1589 1422 1618 1451 1619 1452 1620 1453 1621 1454 1518 1351 1518 1351 1621 1454 1622 1455 1518 1351 1622 1455 1623 1456 1619 1452 1624 1457 1589 1422 1589 1422 1624 1457 1625 1458 1589 1422 1625 1458 1283 1116 1283 1116 1625 1458 1626 1459 1626 1459 1627 1460 1283 1116 1283 1116 1627 1460 1628 1461 1283 1116 1628 1461 1629 1462 1565 1398 1576 1409 1518 1351 1518 1351 1576 1409 1282 1115 1518 1351 1282 1115 1620 1453 1620 1453 1282 1115 1630 1463 1623 1456 1631 1464 1518 1351 1518 1351 1631 1464 1632 1465 1518 1351 1632 1465 1633 1466 1602 1435 1518 1351 1589 1422 1589 1422 1518 1351 1634 1467 1589 1422 1634 1467 1635 1468 1635 1468 1636 1469 1589 1422 1589 1422 1636 1469 1637 1470 1589 1422 1637 1470 1616 1449 1638 1471 1639 1472 1282 1115 1282 1115 1639 1472 1640 1473 1282 1115 1640 1473 1630 1463 1633 1466 1641 1474 1518 1351 1518 1351 1641 1474 1642 1475 1518 1351 1642 1475 1634 1467 1643 1476 1644 1477 1282 1115 1282 1115 1644 1477 1645 1478 1282 1115 1645 1478 1646 1479 1646 1479 1647 1480 1282 1115 1282 1115 1647 1480 1648 1481 1282 1115 1648 1481 1638 1471 1629 1462 1649 1482 1283 1116 1283 1116 1649 1482 1650 1483 1283 1116 1650 1483 1282 1115 1282 1115 1650 1483 1651 1484 1282 1115 1651 1484 1643 1476 1652 1485 1653 1486 1278 1111 1654 1487 1655 1488 1277 1110 1277 1110 1655 1488 1656 1489 1657 1490 1658 1491 1270 1103 1270 1103 1658 1491 1659 1492 1270 1103 1659 1492 1660 1493 1656 1489 1661 1494 1277 1110 1277 1110 1661 1494 1662 1495 1277 1110 1662 1495 1278 1111 1278 1111 1662 1495 1663 1496 1278 1111 1663 1496 1652 1485 1654 1487 1277 1110 1664 1497 1664 1497 1277 1110 1475 1308 1664 1497 1475 1308 1665 1498 1666 1300 1667 1499 1272 1105 1272 1105 1667 1499 1668 1500 1272 1105 1668 1500 1270 1103 1270 1103 1668 1500 1669 1501 1270 1103 1669 1501 1657 1490 1660 1493 1670 1502 1270 1103 1270 1103 1670 1502 1671 1503 1270 1103 1671 1503 1475 1308 1475 1308 1671 1503 1672 1504 1475 1308 1672 1504 1665 1498 1279 1112 1278 1111 1673 1505 1673 1505 1278 1111 1653 1486 1674 1506 1468 1301 1264 1097 1675 1505 1676 1507 1276 1109 1276 1109 1676 1507 1677 1508 1276 1109 1677 1508 1283 1116 1677 1508 1678 1509 1283 1116 1283 1116 1678 1509 1679 1510 1283 1116 1679 1510 1680 1511 1681 1512 1682 1513 1266 1099 1266 1099 1682 1513 1683 1514 1266 1099 1683 1514 1684 1515 1680 1511 1685 1516 1283 1116 1283 1116 1685 1516 1686 1517 1283 1116 1686 1517 1589 1422 1589 1422 1686 1517 1687 1518 1687 1518 1688 1519 1589 1422 1589 1422 1688 1519 1689 1520 1589 1422 1689 1520 1266 1099 1266 1099 1689 1520 1690 1521 1266 1099 1690 1521 1681 1512 1684 1515 1691 1522 1266 1099 1266 1099 1691 1522 1692 1523 1266 1099 1692 1523 1264 1097 1264 1097 1692 1523 1693 1524 1264 1097 1693 1524 1674 1506 1276 1109 1275 1108 1675 1505 1675 1505 1275 1108 1694 1486 1695 1485 1694 1486 1275 1108 1696 1525 1697 1526 1274 1107 1274 1107 1697 1526 1698 1527 1274 1107 1698 1527 1275 1108 1275 1108 1698 1527 1699 1528 1275 1108 1699 1528 1695 1485 1467 1300 1700 1499 1265 1098 1265 1098 1700 1499 1701 1529 1265 1098 1701 1529 1267 1100 1702 1530 1703 1531 1274 1107 1274 1107 1703 1531 1704 1532 1274 1107 1704 1532 1696 1525 1701 1529 1705 1533 1267 1100 1267 1100 1705 1533 1706 1534 1267 1100 1706 1534 1707 1535 1707 1535 1708 1536 1267 1100 1267 1100 1708 1536 1709 1537 1267 1100 1709 1537 1286 1119 1286 1119 1709 1537 1710 1538 1710 1538 1711 1539 1286 1119 1286 1119 1711 1539 1712 1540 1286 1119 1712 1540 1274 1107 1274 1107 1712 1540 1713 1541 1274 1107 1713 1541 1702 1530 1272 1105 1273 1106 1666 1300 1666 1300 1273 1106 1714 1301 1715 1542 1714 1301 1273 1106 1673 1505 1716 1507 1279 1112 1279 1112 1716 1507 1717 1543 1279 1112 1717 1543 1280 1113 1280 1113 1717 1543 1718 1544 1280 1113 1718 1544 1719 1545 1719 1545 1720 1546 1280 1113 1280 1113 1720 1546 1721 1547 1280 1113 1721 1547 1722 1548 1722 1548 1723 1549 1280 1113 1280 1113 1723 1549 1724 1550 1280 1113 1724 1550 1368 1201 1368 1201 1724 1550 1725 1551 1271 1104 1726 1552 1727 1553 1727 1553 1728 1554 1271 1104 1271 1104 1728 1554 1729 1555 1271 1104 1729 1555 1273 1106 1273 1106 1729 1555 1730 1556 1273 1106 1730 1556 1715 1542 1725 1551 1731 1557 1368 1201 1368 1201 1731 1557 1732 1558 1368 1201 1732 1558 1271 1104 1271 1104 1732 1558 1733 1559 1271 1104 1733 1559 1726 1552 1676 1507 1675 1505 1695 1485 1695 1485 1675 1505 1694 1486 1700 1499 1674 1506 1701 1529 1701 1529 1674 1506 1693 1524 1701 1529 1693 1524 1705 1533 1705 1533 1693 1524 1692 1523 1705 1533 1692 1523 1706 1534 1706 1534 1692 1523 1691 1522 1706 1534 1691 1522 1707 1535 1707 1535 1691 1522 1684 1515 1707 1535 1684 1515 1708 1536 1708 1536 1684 1515 1683 1514 1708 1536 1683 1514 1709 1537 1709 1537 1683 1514 1682 1513 1709 1537 1682 1513 1710 1538 1710 1538 1682 1513 1681 1512 1710 1538 1681 1512 1711 1539 1711 1539 1681 1512 1690 1521 1711 1539 1690 1521 1712 1540 1712 1540 1690 1521 1689 1520 1712 1540 1689 1520 1713 1541 1713 1541 1689 1520 1688 1519 1713 1541 1688 1519 1702 1530 1702 1530 1688 1519 1687 1518 1702 1530 1687 1518 1703 1531 1703 1531 1687 1518 1686 1517 1703 1531 1686 1517 1704 1532 1704 1532 1686 1517 1685 1516 1704 1532 1685 1516 1696 1525 1696 1525 1685 1516 1680 1511 1696 1525 1680 1511 1697 1526 1697 1526 1680 1511 1679 1510 1697 1526 1679 1510 1698 1527 1698 1527 1679 1510 1678 1509 1698 1527 1678 1509 1699 1528 1699 1528 1678 1509 1677 1508 1699 1528 1677 1508 1695 1485 1695 1485 1677 1508 1676 1507 1468 1301 1674 1506 1467 1300 1467 1300 1674 1506 1700 1499 1667 1499 1666 1300 1715 1542 1715 1542 1666 1300 1714 1301 1667 1499 1715 1542 1668 1500 1668 1500 1715 1542 1730 1556 1668 1500 1730 1556 1669 1501 1669 1501 1730 1556 1729 1555 1669 1501 1729 1555 1657 1490 1657 1490 1729 1555 1728 1554 1657 1490 1728 1554 1658 1491 1658 1491 1728 1554 1727 1553 1658 1491 1727 1553 1659 1492 1659 1492 1727 1553 1726 1552 1659 1492 1726 1552 1660 1493 1660 1493 1726 1552 1733 1559 1660 1493 1733 1559 1670 1502 1670 1502 1733 1559 1732 1558 1670 1502 1732 1558 1671 1503 1671 1503 1732 1558 1731 1557 1671 1503 1731 1557 1672 1504 1672 1504 1731 1557 1725 1551 1672 1504 1725 1551 1665 1498 1665 1498 1725 1551 1724 1550 1665 1498 1724 1550 1664 1497 1664 1497 1724 1550 1723 1549 1664 1497 1723 1549 1654 1487 1654 1487 1723 1549 1722 1548 1654 1487 1722 1548 1655 1488 1655 1488 1722 1548 1721 1547 1655 1488 1721 1547 1656 1489 1656 1489 1721 1547 1720 1546 1656 1489 1720 1546 1661 1494 1661 1494 1720 1546 1719 1545 1661 1494 1719 1545 1662 1495 1662 1495 1719 1545 1718 1544 1662 1495 1718 1544 1663 1496 1663 1496 1718 1544 1717 1543 1663 1496 1717 1543 1652 1485 1652 1485 1717 1543 1716 1507 1653 1486 1652 1485 1673 1505 1673 1505 1652 1485 1716 1507 1477 1310 1314 1147 1496 1329 1496 1329 1314 1147 1312 1145 1496 1329 1312 1145 1497 1330 1497 1330 1312 1145 1311 1144 1497 1330 1311 1144 1528 1361 1528 1361 1311 1144 1354 1187 1528 1361 1354 1187 1527 1360 1527 1360 1354 1187 1353 1186 1527 1360 1353 1186 1525 1358 1525 1358 1353 1186 1330 1163 1525 1358 1330 1163 1524 1357 1524 1357 1330 1163 1329 1162 1524 1357 1329 1162 1529 1362 1529 1362 1329 1162 1328 1161 1529 1362 1328 1161 1530 1363 1530 1363 1328 1161 1357 1190 1530 1363 1357 1190 1531 1364 1531 1364 1357 1190 1356 1189 1531 1364 1356 1189 1532 1365 1532 1365 1356 1189 1355 1188 1532 1365 1355 1188 1533 1366 1533 1366 1355 1188 1352 1185 1533 1366 1352 1185 1534 1367 1534 1367 1352 1185 1351 1184 1534 1367 1351 1184 1493 1326 1493 1326 1351 1184 1350 1183 1493 1326 1350 1183 1494 1327 1494 1327 1350 1183 1327 1160 1494 1327 1327 1160 1513 1346 1513 1346 1327 1160 1326 1159 1513 1346 1326 1159 1514 1347 1514 1347 1326 1159 1325 1158 1514 1347 1325 1158 1515 1348 1515 1348 1325 1158 1300 1133 1515 1348 1300 1133 1516 1349 1516 1349 1300 1133 1299 1132 1516 1349 1299 1132 1517 1350 1517 1350 1299 1132 1339 1172 1517 1350 1339 1172 1519 1352 1519 1352 1339 1172 1341 1174 1519 1352 1341 1174 1535 1368 1535 1368 1341 1174 1343 1176 1535 1368 1343 1176 1536 1369 1536 1369 1343 1176 1345 1178 1536 1369 1345 1178 1537 1370 1537 1370 1345 1178 1347 1180 1537 1370 1347 1180 1541 1374 1541 1374 1347 1180 1304 1137 1541 1374 1304 1137 1542 1375 1542 1375 1304 1137 1302 1135 1542 1375 1302 1135 1520 1353 1520 1353 1302 1135 1301 1134 1520 1353 1301 1134 1521 1354 1521 1354 1301 1134 1310 1143 1521 1354 1310 1143 1538 1371 1538 1371 1310 1143 1298 1131 1538 1371 1298 1131 1522 1355 1522 1355 1298 1131 1297 1130 1522 1355 1297 1130 1523 1356 1523 1356 1297 1130 1322 1155 1523 1356 1322 1155 1539 1372 1539 1372 1322 1155 1321 1154 1539 1372 1321 1154 1540 1373 1540 1373 1321 1154 1305 1138 1540 1373 1305 1138 1473 1306 1473 1306 1305 1138 1306 1139 1473 1306 1306 1139 1474 1307 1474 1307 1306 1139 1307 1140 1474 1307 1307 1140 1476 1309 1476 1309 1307 1140 1315 1148 1476 1309 1315 1148 1477 1310 1477 1310 1315 1148 1314 1147 1331 1164 1620 1453 1332 1165 1332 1165 1620 1453 1630 1463 1332 1165 1630 1463 1333 1166 1333 1166 1630 1463 1640 1473 1333 1166 1640 1473 1288 1121 1288 1121 1640 1473 1639 1472 1288 1121 1639 1472 1289 1122 1289 1122 1639 1472 1638 1471 1289 1122 1638 1471 1316 1149 1316 1149 1638 1471 1648 1481 1316 1149 1648 1481 1317 1150 1317 1150 1648 1481 1647 1480 1317 1150 1647 1480 1318 1151 1318 1151 1647 1480 1646 1479 1318 1151 1646 1479 1334 1167 1334 1167 1646 1479 1645 1478 1334 1167 1645 1478 1335 1168 1335 1168 1645 1478 1644 1477 1335 1168 1644 1477 1336 1169 1336 1169 1644 1477 1643 1476 1336 1169 1643 1476 1319 1152 1319 1152 1643 1476 1651 1484 1319 1152 1651 1484 1320 1153 1320 1153 1651 1484 1650 1483 1320 1153 1650 1483 1323 1156 1323 1156 1650 1483 1649 1482 1323 1156 1649 1482 1324 1157 1324 1157 1649 1482 1629 1462 1324 1157 1629 1462 1290 1123 1290 1123 1629 1462 1628 1461 1290 1123 1628 1461 1291 1124 1291 1124 1628 1461 1627 1460 1291 1124 1627 1460 1292 1125 1292 1125 1627 1460 1626 1459 1292 1125 1626 1459 1293 1126 1293 1126 1626 1459 1625 1458 1293 1126 1625 1458 1294 1127 1294 1127 1625 1458 1624 1457 1294 1127 1624 1457 1295 1128 1295 1128 1624 1457 1619 1452 1295 1128 1619 1452 1287 1120 1287 1120 1619 1452 1618 1451 1287 1120 1618 1451 1284 1117 1284 1117 1618 1451 1617 1450 1284 1117 1617 1450 1285 1118 1285 1118 1617 1450 1616 1449 1285 1118 1616 1449 1308 1141 1308 1141 1616 1449 1637 1470 1308 1141 1637 1470 1309 1142 1309 1142 1637 1470 1636 1469 1309 1142 1636 1469 1337 1170 1337 1170 1636 1469 1635 1468 1337 1170 1635 1468 1338 1171 1338 1171 1635 1468 1634 1467 1338 1171 1634 1467 1340 1173 1340 1173 1634 1467 1642 1475 1340 1173 1642 1475 1342 1175 1342 1175 1642 1475 1641 1474 1342 1175 1641 1474 1344 1177 1344 1177 1641 1474 1633 1466 1344 1177 1633 1466 1346 1179 1346 1179 1633 1466 1632 1465 1346 1179 1632 1465 1348 1181 1348 1181 1632 1465 1631 1464 1348 1181 1631 1464 1349 1182 1349 1182 1631 1464 1623 1456 1349 1182 1623 1456 1303 1136 1303 1136 1623 1456 1622 1455 1303 1136 1622 1455 1296 1129 1296 1129 1622 1455 1621 1454 1296 1129 1621 1454 1331 1164 1331 1164 1621 1454 1620 1453 1405 1238 1579 1412 1406 1239 1406 1239 1579 1412 1593 1426 1406 1239 1593 1426 1407 1240 1407 1240 1593 1426 1596 1429 1407 1240 1596 1429 1408 1241 1408 1241 1596 1429 1595 1428 1408 1241 1595 1428 1409 1242 1409 1242 1595 1428 1594 1427 1409 1242 1594 1427 1422 1255 1422 1255 1594 1427 1612 1445 1422 1255 1612 1445 1423 1256 1423 1256 1612 1445 1611 1444 1423 1256 1611 1444 1424 1257 1424 1257 1611 1444 1610 1443 1424 1257 1610 1443 1425 1258 1425 1258 1610 1443 1609 1442 1425 1258 1609 1442 1426 1259 1426 1259 1609 1442 1608 1441 1426 1259 1608 1441 1427 1260 1427 1260 1608 1441 1607 1440 1427 1260 1607 1440 1410 1243 1410 1243 1607 1440 1606 1439 1410 1243 1606 1439 1411 1244 1411 1244 1606 1439 1602 1435 1411 1244 1602 1435 1412 1245 1412 1245 1602 1435 1601 1434 1412 1245 1601 1434 1413 1246 1413 1246 1601 1434 1600 1433 1413 1246 1600 1433 1414 1247 1414 1247 1600 1433 1599 1432 1414 1247 1599 1432 1415 1248 1415 1248 1599 1432 1598 1431 1415 1248 1598 1431 1397 1230 1397 1230 1598 1431 1597 1430 1397 1230 1597 1430 1396 1229 1396 1229 1597 1430 1588 1421 1396 1229 1588 1421 1395 1228 1395 1228 1588 1421 1587 1420 1395 1228 1587 1420 1398 1231 1398 1231 1587 1420 1586 1419 1398 1231 1586 1419 1399 1232 1399 1232 1586 1419 1585 1418 1399 1232 1585 1418 1400 1233 1400 1233 1585 1418 1584 1417 1400 1233 1584 1417 1416 1249 1416 1249 1584 1417 1583 1416 1416 1249 1583 1416 1417 1250 1417 1250 1583 1416 1615 1448 1417 1250 1615 1448 1418 1251 1418 1251 1615 1448 1614 1447 1418 1251 1614 1447 1428 1261 1428 1261 1614 1447 1613 1446 1428 1261 1613 1446 1429 1262 1429 1262 1613 1446 1605 1438 1429 1262 1605 1438 1430 1263 1430 1263 1605 1438 1604 1437 1430 1263 1604 1437 1419 1252 1419 1252 1604 1437 1603 1436 1419 1252 1603 1436 1420 1253 1420 1253 1603 1436 1592 1425 1420 1253 1592 1425 1421 1254 1421 1254 1592 1425 1591 1424 1421 1254 1591 1424 1401 1234 1401 1234 1591 1424 1590 1423 1401 1234 1590 1423 1402 1235 1402 1235 1590 1423 1582 1415 1402 1235 1582 1415 1403 1236 1403 1236 1582 1415 1581 1414 1403 1236 1581 1414 1404 1237 1404 1237 1581 1414 1580 1413 1404 1237 1580 1413 1405 1238 1405 1238 1580 1413 1579 1412 1451 1284 1486 1319 1442 1275 1442 1275 1486 1319 1485 1318 1442 1275 1485 1318 1443 1276 1443 1276 1485 1318 1484 1317 1443 1276 1484 1317 1456 1289 1456 1289 1484 1317 1483 1316 1456 1289 1483 1316 1457 1290 1457 1290 1483 1316 1503 1336 1457 1290 1503 1336 1458 1291 1458 1291 1503 1336 1502 1335 1458 1291 1502 1335 1459 1292 1459 1292 1502 1335 1501 1334 1459 1292 1501 1334 1460 1293 1460 1293 1501 1334 1509 1342 1460 1293 1509 1342 1461 1294 1461 1294 1509 1342 1508 1341 1461 1294 1508 1341 1444 1277 1444 1277 1508 1341 1507 1340 1444 1277 1507 1340 1445 1278 1445 1278 1507 1340 1500 1333 1445 1278 1500 1333 1462 1295 1462 1295 1500 1333 1499 1332 1462 1295 1499 1332 1463 1296 1463 1296 1499 1332 1498 1331 1463 1296 1498 1331 1464 1297 1464 1297 1498 1331 1482 1315 1464 1297 1482 1315 1465 1298 1465 1298 1482 1315 1481 1314 1465 1298 1481 1314 1466 1299 1466 1299 1481 1314 1480 1313 1466 1299 1480 1313 1452 1285 1452 1285 1480 1313 1495 1328 1452 1285 1495 1328 1453 1286 1453 1286 1495 1328 1526 1359 1453 1286 1526 1359 1454 1287 1454 1287 1526 1359 1512 1345 1454 1287 1512 1345 1455 1288 1455 1288 1512 1345 1511 1344 1455 1288 1511 1344 1431 1264 1431 1264 1511 1344 1510 1343 1431 1264 1510 1343 1432 1265 1432 1265 1510 1343 1492 1325 1432 1265 1492 1325 1433 1266 1433 1266 1492 1325 1491 1324 1433 1266 1491 1324 1434 1267 1434 1267 1491 1324 1490 1323 1434 1267 1490 1323 1435 1268 1435 1268 1490 1323 1479 1312 1435 1268 1479 1312 1439 1272 1439 1272 1479 1312 1478 1311 1439 1272 1478 1311 1440 1273 1440 1273 1478 1311 1506 1339 1440 1273 1506 1339 1441 1274 1441 1274 1506 1339 1505 1338 1441 1274 1505 1338 1446 1279 1446 1279 1505 1338 1504 1337 1446 1279 1504 1337 1447 1280 1447 1280 1504 1337 1489 1322 1447 1280 1489 1322 1448 1281 1448 1281 1489 1322 1488 1321 1448 1281 1488 1321 1438 1271 1438 1271 1488 1321 1487 1320 1438 1271 1487 1320 1437 1270 1437 1270 1487 1320 1472 1305 1437 1270 1472 1305 1436 1269 1436 1269 1472 1305 1471 1304 1436 1269 1471 1304 1449 1282 1449 1282 1471 1304 1470 1303 1449 1282 1470 1303 1450 1283 1450 1283 1470 1303 1469 1302 1450 1283 1469 1302 1451 1284 1451 1284 1469 1302 1486 1319 1372 1205 1543 1376 1373 1206 1373 1206 1543 1376 1552 1385 1373 1206 1552 1385 1374 1207 1374 1207 1552 1385 1553 1386 1374 1207 1553 1386 1375 1208 1375 1208 1553 1386 1575 1408 1375 1208 1575 1408 1376 1209 1376 1209 1575 1408 1574 1407 1376 1209 1574 1407 1392 1225 1392 1225 1574 1407 1551 1384 1392 1225 1551 1384 1393 1226 1393 1226 1551 1384 1550 1383 1393 1226 1550 1383 1394 1227 1394 1227 1550 1383 1549 1382 1394 1227 1549 1382 1377 1210 1377 1210 1549 1382 1573 1406 1377 1210 1573 1406 1378 1211 1378 1211 1573 1406 1572 1405 1378 1211 1572 1405 1379 1212 1379 1212 1572 1405 1571 1404 1379 1212 1571 1404 1380 1213 1380 1213 1571 1404 1570 1403 1380 1213 1570 1403 1381 1214 1381 1214 1570 1403 1569 1402 1381 1214 1569 1402 1382 1215 1382 1215 1569 1402 1568 1401 1382 1215 1568 1401 1386 1219 1386 1219 1568 1401 1567 1400 1386 1219 1567 1400 1387 1220 1387 1220 1567 1400 1566 1399 1387 1220 1566 1399 1388 1221 1388 1221 1566 1399 1578 1411 1388 1221 1578 1411 1389 1222 1389 1222 1578 1411 1577 1410 1389 1222 1577 1410 1390 1223 1390 1223 1577 1410 1576 1409 1390 1223 1576 1409 1391 1224 1391 1224 1576 1409 1565 1398 1391 1224 1565 1398 1360 1193 1360 1193 1565 1398 1564 1397 1360 1193 1564 1397 1361 1194 1361 1194 1564 1397 1563 1396 1361 1194 1563 1396 1362 1195 1362 1195 1563 1396 1548 1381 1362 1195 1548 1381 1358 1191 1358 1191 1548 1381 1547 1380 1358 1191 1547 1380 1359 1192 1359 1192 1547 1380 1546 1379 1359 1192 1546 1379 1363 1196 1363 1196 1546 1379 1545 1378 1363 1196 1545 1378 1364 1197 1364 1197 1545 1378 1562 1395 1364 1197 1562 1395 1365 1198 1365 1198 1562 1395 1561 1394 1365 1198 1561 1394 1366 1199 1366 1199 1561 1394 1560 1393 1366 1199 1560 1393 1367 1200 1367 1200 1560 1393 1559 1392 1367 1200 1559 1392 1369 1202 1369 1202 1559 1392 1558 1391 1369 1202 1558 1391 1370 1203 1370 1203 1558 1391 1557 1390 1370 1203 1557 1390 1371 1204 1371 1204 1557 1390 1556 1389 1371 1204 1556 1389 1383 1216 1383 1216 1556 1389 1555 1388 1383 1216 1555 1388 1384 1217 1384 1217 1555 1388 1554 1387 1384 1217 1554 1387 1385 1218 1385 1218 1554 1387 1544 1377 1385 1218 1544 1377 1372 1205 1372 1205 1544 1377 1543 1376 1734 1560 1735 1561 1736 1562 1736 1562 1735 1561 1737 1563 1738 1564 1734 1560 1739 1565 1739 1565 1734 1560 1736 1562 1740 1566 1738 1564 1741 1567 1741 1567 1738 1564 1739 1565 1735 1561 1740 1566 1737 1563 1737 1563 1740 1566 1741 1567 1742 1568 1738 1564 1743 1569 1743 1569 1738 1564 1740 1566 1743 1569 1740 1566 1744 1570 1744 1570 1740 1566 1735 1561 1744 1570 1735 1561 1745 1571 1745 1571 1735 1561 1734 1560 1745 1571 1734 1560 1742 1568 1742 1568 1734 1560 1738 1564 1746 1572 1739 1565 1747 1573 1747 1573 1739 1565 1736 1562 1747 1573 1736 1562 1748 1574 1748 1574 1736 1562 1737 1563 1748 1574 1737 1563 1749 1575 1749 1575 1737 1563 1741 1567 1749 1575 1741 1567 1746 1572 1746 1572 1741 1567 1739 1565 1747 1573 1748 1574 1745 1571 1745 1571 1748 1574 1744 1570 1748 1574 1749 1575 1744 1570 1744 1570 1749 1575 1743 1569 1749 1575 1746 1572 1743 1569 1743 1569 1746 1572 1742 1568 1746 1572 1747 1573 1742 1568 1742 1568 1747 1573 1745 1571 1750 1576 1751 1577 1752 1578 1753 1579 1754 1580 1752 1578 1755 1581 1756 1582 1757 1583 1757 1583 1756 1582 1758 1584 1759 1585 1760 1586 1761 1587 1762 1588 1763 1589 1764 1590 1764 1590 1763 1589 1765 1591 1764 1590 1765 1591 1766 1592 1767 1593 1768 1594 1769 1595 1770 1596 1771 1597 1772 1598 1773 1599 1774 1600 1775 1601 1775 1601 1774 1600 1776 1602 1775 1601 1776 1602 1777 1603 1778 1604 1779 1605 1780 1606 1781 1607 1782 1608 1783 1609 1783 1609 1782 1608 1784 1610 1783 1609 1784 1610 1752 1578 1752 1578 1784 1610 1785 1611 1752 1578 1785 1611 1753 1579 1759 1585 1761 1587 1786 1612 1760 1586 1759 1585 1787 1613 1787 1613 1759 1585 1788 1614 1787 1613 1788 1614 1789 1615 1789 1615 1788 1614 1790 1616 1789 1615 1790 1616 1791 1617 1758 1584 1792 1618 1757 1583 1757 1583 1792 1618 1793 1619 1757 1583 1793 1619 1794 1620 1795 1621 1796 1622 1797 1623 1797 1623 1796 1622 1798 1624 1797 1623 1798 1624 1799 1625 1797 1623 1800 1626 1801 1627 1802 1628 1803 1629 1804 1630 1805 1631 1806 1632 1783 1609 1783 1609 1806 1632 1807 1633 1783 1609 1807 1633 1781 1607 1751 1577 1808 1634 1752 1578 1752 1578 1808 1634 1809 1635 1752 1578 1809 1635 1810 1636 1810 1636 1809 1635 1811 1637 1810 1636 1811 1637 1812 1638 1812 1638 1811 1637 1786 1612 1812 1638 1786 1612 1813 1639 1813 1639 1786 1612 1761 1587 1791 1617 1790 1616 1814 1640 1814 1640 1790 1616 1815 1641 1814 1640 1815 1641 1816 1642 1816 1642 1817 1643 1814 1640 1814 1640 1817 1643 1818 1644 1814 1640 1818 1644 1764 1590 1764 1590 1818 1644 1819 1645 1764 1590 1819 1645 1762 1588 1820 1646 1757 1583 1821 1647 1776 1602 1822 1648 1777 1603 1777 1603 1822 1648 1823 1649 1777 1603 1823 1649 1824 1650 1824 1650 1823 1649 1825 1651 1824 1650 1825 1651 1826 1652 1826 1652 1825 1651 1764 1590 1826 1652 1764 1590 1827 1653 1828 1654 1829 1655 1830 1656 1780 1606 1779 1605 1831 1657 1831 1657 1779 1605 1832 1658 1831 1657 1832 1658 1833 1659 1804 1630 1834 1660 1802 1628 1802 1628 1834 1660 1835 1661 1802 1628 1835 1661 1836 1662 1836 1662 1835 1661 1837 1663 1836 1662 1837 1663 1838 1664 1839 1665 1840 1666 1841 1667 1841 1667 1840 1666 1842 1668 1841 1667 1842 1668 1843 1669 1783 1609 1844 1670 1805 1631 1805 1631 1844 1670 1845 1671 1805 1631 1845 1671 1839 1665 1839 1665 1845 1671 1846 1672 1839 1665 1846 1672 1840 1666 1847 1673 1848 1674 1849 1675 1849 1675 1848 1674 1850 1676 1849 1675 1850 1676 1851 1677 1851 1677 1850 1676 1852 1678 1851 1677 1852 1678 1767 1593 1767 1593 1852 1678 1853 1679 1767 1593 1853 1679 1768 1594 1847 1673 1849 1675 1754 1580 1754 1580 1849 1675 1854 1680 1754 1580 1854 1680 1855 1681 1856 1682 1857 1683 1754 1580 1754 1580 1857 1683 1858 1684 1754 1580 1858 1684 1859 1685 1769 1595 1772 1598 1767 1593 1767 1593 1772 1598 1764 1590 1767 1593 1764 1590 1860 1686 1860 1686 1764 1590 1766 1592 1861 1687 1862 1688 1863 1689 1771 1597 1864 1690 1772 1598 1772 1598 1864 1690 1865 1691 1772 1598 1865 1691 1866 1692 1867 1693 1868 1694 1764 1590 1764 1590 1868 1694 1869 1695 1764 1590 1869 1695 1827 1653 1797 1623 1870 1696 1795 1621 1795 1621 1870 1696 1871 1697 1795 1621 1871 1697 1773 1599 1773 1599 1871 1697 1872 1698 1773 1599 1872 1698 1774 1600 1801 1627 1873 1699 1797 1623 1797 1623 1873 1699 1874 1700 1797 1623 1874 1700 1830 1656 1830 1656 1874 1700 1875 1701 1830 1656 1875 1701 1828 1654 1829 1655 1876 1702 1830 1656 1830 1656 1876 1702 1877 1703 1830 1656 1877 1703 1878 1704 1878 1704 1877 1703 1879 1705 1878 1704 1879 1705 1880 1706 1880 1706 1879 1705 1881 1707 1838 1664 1882 1708 1836 1662 1836 1662 1882 1708 1883 1709 1836 1662 1883 1709 1884 1710 1884 1710 1883 1709 1885 1711 1884 1710 1885 1711 1886 1712 1886 1712 1885 1711 1843 1669 1886 1712 1843 1669 1887 1713 1887 1713 1843 1669 1842 1668 1888 1714 1889 1715 1820 1646 1889 1715 1890 1716 1820 1646 1820 1646 1890 1716 1891 1717 1820 1646 1891 1717 1892 1718 1892 1718 1893 1719 1820 1646 1820 1646 1893 1719 1894 1720 1820 1646 1894 1720 1757 1583 1757 1583 1894 1720 1895 1721 1757 1583 1895 1721 1755 1581 1866 1692 1896 1722 1772 1598 1772 1598 1896 1722 1897 1723 1772 1598 1897 1723 1764 1590 1764 1590 1897 1723 1898 1724 1764 1590 1898 1724 1867 1693 1780 1606 1899 1725 1778 1604 1778 1604 1899 1725 1900 1726 1778 1604 1900 1726 1881 1707 1881 1707 1900 1726 1901 1727 1881 1707 1901 1727 1880 1706 1833 1659 1832 1658 1802 1628 1802 1628 1832 1658 1902 1728 1802 1628 1902 1728 1862 1688 1859 1685 1903 1729 1754 1580 1754 1580 1903 1729 1904 1730 1754 1580 1904 1730 1752 1578 1752 1578 1904 1730 1905 1731 1752 1578 1905 1731 1750 1576 1772 1598 1906 1732 1770 1596 1770 1596 1906 1732 1907 1733 1770 1596 1907 1733 1908 1734 1908 1734 1907 1733 1820 1646 1908 1734 1820 1646 1909 1735 1909 1735 1820 1646 1821 1647 1861 1687 1863 1689 1820 1646 1820 1646 1863 1689 1910 1736 1820 1646 1910 1736 1888 1714 1861 1687 1911 1737 1862 1688 1862 1688 1911 1737 1912 1738 1862 1688 1912 1738 1802 1628 1802 1628 1912 1738 1913 1739 1802 1628 1913 1739 1803 1629 1855 1681 1914 1740 1754 1580 1754 1580 1914 1740 1915 1741 1754 1580 1915 1741 1916 1742 1799 1625 1917 1743 1797 1623 1797 1623 1917 1743 1918 1744 1797 1623 1918 1744 1800 1626 1800 1626 1918 1744 1919 1745 1800 1626 1919 1745 1920 1746 1920 1746 1921 1747 1800 1626 1800 1626 1921 1747 1922 1748 1800 1626 1922 1748 1923 1749 1923 1749 1922 1748 1924 1750 1923 1749 1924 1750 1925 1751 1925 1751 1924 1750 1926 1752 1925 1751 1926 1752 1927 1753 1927 1753 1926 1752 1928 1754 1927 1753 1928 1754 1929 1755 1929 1755 1928 1754 1930 1756 1929 1755 1930 1756 1794 1620 1794 1620 1930 1756 1931 1757 1794 1620 1931 1757 1757 1583 1916 1742 1932 1758 1754 1580 1754 1580 1932 1758 1933 1759 1754 1580 1933 1759 1856 1682 1797 1623 1934 1760 1935 1761 1797 1623 1935 1761 1870 1696 1870 1696 1935 1761 1936 1762 1870 1696 1936 1762 1871 1697 1871 1697 1936 1762 1937 1763 1871 1697 1937 1763 1872 1698 1872 1698 1937 1763 1938 1764 1872 1698 1938 1764 1774 1600 1774 1600 1938 1764 1939 1765 1774 1600 1939 1765 1776 1602 1776 1602 1939 1765 1940 1766 1776 1602 1940 1766 1822 1648 1822 1648 1940 1766 1941 1767 1822 1648 1941 1767 1823 1649 1823 1649 1941 1767 1942 1768 1823 1649 1942 1768 1825 1651 1825 1651 1942 1768 1943 1769 1825 1651 1943 1769 1764 1590 1944 1770 1934 1760 1830 1656 1830 1656 1934 1760 1797 1623 1802 1628 1945 1771 1946 1772 1802 1628 1946 1772 1833 1659 1833 1659 1946 1772 1947 1773 1833 1659 1947 1773 1831 1657 1831 1657 1947 1773 1948 1774 1831 1657 1948 1774 1780 1606 1780 1606 1948 1774 1949 1775 1780 1606 1949 1775 1899 1725 1899 1725 1949 1775 1950 1776 1899 1725 1950 1776 1900 1726 1900 1726 1950 1776 1951 1777 1900 1726 1951 1777 1901 1727 1901 1727 1951 1777 1952 1778 1901 1727 1952 1778 1880 1706 1880 1706 1952 1778 1953 1779 1880 1706 1953 1779 1878 1704 1878 1704 1953 1779 1944 1770 1878 1704 1944 1770 1830 1656 1783 1609 1954 1780 1955 1781 1783 1609 1955 1781 1844 1670 1844 1670 1955 1781 1956 1782 1844 1670 1956 1782 1845 1671 1845 1671 1956 1782 1957 1783 1845 1671 1957 1783 1846 1672 1846 1672 1957 1783 1958 1784 1846 1672 1958 1784 1840 1666 1840 1666 1958 1784 1959 1785 1840 1666 1959 1785 1842 1668 1842 1668 1959 1785 1960 1786 1842 1668 1960 1786 1887 1713 1887 1713 1960 1786 1961 1787 1887 1713 1961 1787 1886 1712 1886 1712 1961 1787 1962 1788 1886 1712 1962 1788 1884 1710 1884 1710 1962 1788 1963 1789 1884 1710 1963 1789 1836 1662 1964 1790 1954 1780 1752 1578 1752 1578 1954 1780 1783 1609 1814 1640 1965 1791 1966 1792 1814 1640 1966 1792 1791 1617 1791 1617 1966 1792 1967 1793 1791 1617 1967 1793 1789 1615 1789 1615 1967 1793 1968 1794 1789 1615 1968 1794 1787 1613 1787 1613 1968 1794 1969 1795 1787 1613 1969 1795 1760 1586 1760 1586 1969 1795 1970 1796 1760 1586 1970 1796 1761 1587 1761 1587 1970 1796 1971 1797 1761 1587 1971 1797 1813 1639 1813 1639 1971 1797 1972 1798 1813 1639 1972 1798 1812 1638 1812 1638 1972 1798 1973 1799 1812 1638 1973 1799 1810 1636 1810 1636 1973 1799 1964 1790 1810 1636 1964 1790 1752 1578 1862 1688 1974 1800 1863 1689 1863 1689 1974 1800 1975 1801 1863 1689 1975 1801 1910 1736 1910 1736 1975 1801 1976 1802 1910 1736 1976 1802 1888 1714 1888 1714 1976 1802 1977 1803 1888 1714 1977 1803 1889 1715 1889 1715 1977 1803 1978 1804 1889 1715 1978 1804 1890 1716 1890 1716 1978 1804 1979 1805 1890 1716 1979 1805 1891 1717 1891 1717 1979 1805 1980 1806 1891 1717 1980 1806 1892 1718 1892 1718 1980 1806 1981 1807 1892 1718 1981 1807 1893 1719 1893 1719 1981 1807 1982 1808 1893 1719 1982 1808 1894 1720 1894 1720 1982 1808 1983 1809 1894 1720 1983 1809 1895 1721 1895 1721 1983 1809 1984 1810 1895 1721 1984 1810 1755 1581 1755 1581 1984 1810 1985 1811 1755 1581 1985 1811 1756 1582 1756 1582 1985 1811 1986 1812 1756 1582 1986 1812 1758 1584 1758 1584 1986 1812 1987 1813 1758 1584 1987 1813 1792 1618 1792 1618 1987 1813 1988 1814 1792 1618 1988 1814 1793 1619 1793 1619 1988 1814 1989 1815 1793 1619 1989 1815 1794 1620 1794 1620 1989 1815 1990 1816 1794 1620 1990 1816 1929 1755 1929 1755 1990 1816 1991 1817 1929 1755 1991 1817 1927 1753 1927 1753 1991 1817 1992 1818 1927 1753 1992 1818 1925 1751 1925 1751 1992 1818 1993 1819 1925 1751 1993 1819 1923 1749 1923 1749 1993 1819 1994 1820 1923 1749 1994 1820 1800 1626 1800 1626 1994 1820 1995 1821 1800 1626 1995 1821 1801 1627 1801 1627 1995 1821 1996 1822 1801 1627 1996 1822 1873 1699 1873 1699 1996 1822 1997 1823 1873 1699 1997 1823 1874 1700 1874 1700 1997 1823 1998 1824 1874 1700 1998 1824 1875 1701 1875 1701 1998 1824 1999 1825 1875 1701 1999 1825 1828 1654 1828 1654 1999 1825 2000 1826 1828 1654 2000 1826 1829 1655 1829 1655 2000 1826 2001 1827 1829 1655 2001 1827 1876 1702 1876 1702 2001 1827 2002 1828 1876 1702 2002 1828 1877 1703 1877 1703 2002 1828 2003 1829 1877 1703 2003 1829 1879 1705 1879 1705 2003 1829 2004 1830 1879 1705 2004 1830 1881 1707 1881 1707 2004 1830 2005 1831 1881 1707 2005 1831 1778 1604 1778 1604 2005 1831 2006 1832 1778 1604 2006 1832 1779 1605 1779 1605 2006 1832 2007 1833 1779 1605 2007 1833 1832 1658 1832 1658 2007 1833 2008 1834 1832 1658 2008 1834 1902 1728 1902 1728 2008 1834 2009 1835 1902 1728 2009 1835 1862 1688 1862 1688 2009 1835 1974 1800 1882 1708 2010 1800 1883 1709 1883 1709 2010 1800 2011 1801 1883 1709 2011 1801 1885 1711 1885 1711 2011 1801 2012 1802 1885 1711 2012 1802 1843 1669 1843 1669 2012 1802 2013 1803 1843 1669 2013 1803 1841 1667 1841 1667 2013 1803 2014 1804 1841 1667 2014 1804 1839 1665 1839 1665 2014 1804 2015 1805 1839 1665 2015 1805 1805 1631 1805 1631 2015 1805 2016 1806 1805 1631 2016 1806 1806 1632 1806 1632 2016 1806 2017 1807 1806 1632 2017 1807 1807 1633 1807 1633 2017 1807 2018 1808 1807 1633 2018 1808 1781 1607 1781 1607 2018 1808 2019 1809 1781 1607 2019 1809 1782 1608 1782 1608 2019 1809 2020 1810 1782 1608 2020 1810 1784 1610 1784 1610 2020 1810 2021 1811 1784 1610 2021 1811 1785 1611 1785 1611 2021 1811 2022 1812 1785 1611 2022 1812 1753 1579 1753 1579 2022 1812 2023 1813 1753 1579 2023 1813 1754 1580 1754 1580 2023 1813 2024 1814 1754 1580 2024 1814 1847 1673 1847 1673 2024 1814 2025 1815 1847 1673 2025 1815 1848 1674 1848 1674 2025 1815 2026 1816 1848 1674 2026 1816 1850 1676 1850 1676 2026 1816 2027 1817 1850 1676 2027 1817 1852 1678 1852 1678 2027 1817 2028 1818 1852 1678 2028 1818 1853 1679 1853 1679 2028 1818 2029 1836 1853 1679 2029 1836 1768 1594 1768 1594 2029 1836 2030 1820 1768 1594 2030 1820 1769 1595 1769 1595 2030 1820 2031 1821 1769 1595 2031 1821 1772 1598 1772 1598 2031 1821 2032 1822 1772 1598 2032 1822 1906 1732 1906 1732 2032 1822 2033 1823 1906 1732 2033 1823 1907 1733 1907 1733 2033 1823 2034 1824 1907 1733 2034 1824 1820 1646 1820 1646 2034 1824 2035 1825 1820 1646 2035 1825 1861 1687 1861 1687 2035 1825 2036 1826 1861 1687 2036 1826 1911 1737 1911 1737 2036 1826 2037 1827 1911 1737 2037 1827 1912 1738 1912 1738 2037 1827 2038 1828 1912 1738 2038 1828 1913 1739 1913 1739 2038 1828 2039 1829 1913 1739 2039 1829 1803 1629 1803 1629 2039 1829 2040 1830 1803 1629 2040 1830 1804 1630 1804 1630 2040 1830 2041 1831 1804 1630 2041 1831 1834 1660 1834 1660 2041 1831 2042 1837 1834 1660 2042 1837 1835 1661 1835 1661 2042 1837 2043 1833 1835 1661 2043 1833 1837 1663 1837 1663 2043 1833 2044 1834 1837 1663 2044 1834 1838 1664 1838 1664 2044 1834 2045 1835 1838 1664 2045 1835 1882 1708 1882 1708 2045 1835 2010 1800 1928 1754 2046 1800 1930 1756 1930 1756 2046 1800 2047 1801 1930 1756 2047 1801 1931 1757 1931 1757 2047 1801 2048 1802 1931 1757 2048 1802 1757 1583 1757 1583 2048 1802 2049 1803 1757 1583 2049 1803 1821 1647 1821 1647 2049 1803 2050 1804 1821 1647 2050 1804 1909 1735 1909 1735 2050 1804 2051 1805 1909 1735 2051 1805 1908 1734 1908 1734 2051 1805 2052 1806 1908 1734 2052 1806 1770 1596 1770 1596 2052 1806 2053 1807 1770 1596 2053 1807 1771 1597 1771 1597 2053 1807 2054 1808 1771 1597 2054 1808 1864 1690 1864 1690 2054 1808 2055 1809 1864 1690 2055 1809 1865 1691 1865 1691 2055 1809 2056 1810 1865 1691 2056 1810 1866 1692 1866 1692 2056 1810 2057 1811 1866 1692 2057 1811 1896 1722 1896 1722 2057 1811 2058 1812 1896 1722 2058 1812 1897 1723 1897 1723 2058 1812 2059 1813 1897 1723 2059 1813 1898 1724 1898 1724 2059 1813 2060 1814 1898 1724 2060 1814 1867 1693 1867 1693 2060 1814 2061 1815 1867 1693 2061 1815 1868 1694 1868 1694 2061 1815 2062 1816 1868 1694 2062 1816 1869 1695 1869 1695 2062 1816 2063 1817 1869 1695 2063 1817 1827 1653 1827 1653 2063 1817 2064 1818 1827 1653 2064 1818 1826 1652 1826 1652 2064 1818 2065 1819 1826 1652 2065 1819 1824 1650 1824 1650 2065 1819 2066 1820 1824 1650 2066 1820 1777 1603 1777 1603 2066 1820 2067 1821 1777 1603 2067 1821 1775 1601 1775 1601 2067 1821 2068 1822 1775 1601 2068 1822 1773 1599 1773 1599 2068 1822 2069 1823 1773 1599 2069 1823 1795 1621 1795 1621 2069 1823 2070 1824 1795 1621 2070 1824 1796 1622 1796 1622 2070 1824 2071 1825 1796 1622 2071 1825 1798 1624 1798 1624 2071 1825 2072 1826 1798 1624 2072 1826 1799 1625 1799 1625 2072 1826 2073 1827 1799 1625 2073 1827 1917 1743 1917 1743 2073 1827 2074 1828 1917 1743 2074 1828 1918 1744 1918 1744 2074 1828 2075 1829 1918 1744 2075 1829 1919 1745 1919 1745 2075 1829 2076 1830 1919 1745 2076 1830 1920 1746 1920 1746 2076 1830 2077 1831 1920 1746 2077 1831 1921 1747 1921 1747 2077 1831 2078 1832 1921 1747 2078 1832 1922 1748 1922 1748 2078 1832 2079 1833 1922 1748 2079 1833 1924 1750 1924 1750 2079 1833 2080 1834 1924 1750 2080 1834 1926 1752 1926 1752 2080 1834 2081 1835 1926 1752 2081 1835 1928 1754 1928 1754 2081 1835 2046 1800 1933 1759 2082 1800 1856 1682 1856 1682 2082 1800 2083 1801 1856 1682 2083 1801 1857 1683 1857 1683 2083 1801 2084 1802 1857 1683 2084 1802 1858 1684 1858 1684 2084 1802 2085 1803 1858 1684 2085 1803 1859 1685 1859 1685 2085 1803 2086 1804 1859 1685 2086 1804 1903 1729 1903 1729 2086 1804 2087 1805 1903 1729 2087 1805 1904 1730 1904 1730 2087 1805 2088 1806 1904 1730 2088 1806 1905 1731 1905 1731 2088 1806 2089 1807 1905 1731 2089 1807 1750 1576 1750 1576 2089 1807 2090 1808 1750 1576 2090 1808 1751 1577 1751 1577 2090 1808 2091 1809 1751 1577 2091 1809 1808 1634 1808 1634 2091 1809 2092 1810 1808 1634 2092 1810 1809 1635 1809 1635 2092 1810 2093 1811 1809 1635 2093 1811 1811 1637 1811 1637 2093 1811 2094 1812 1811 1637 2094 1812 1786 1612 1786 1612 2094 1812 2095 1813 1786 1612 2095 1813 1759 1585 1759 1585 2095 1813 2096 1814 1759 1585 2096 1814 1788 1614 1788 1614 2096 1814 2097 1815 1788 1614 2097 1815 1790 1616 1790 1616 2097 1815 2098 1816 1790 1616 2098 1816 1815 1641 1815 1641 2098 1816 2099 1817 1815 1641 2099 1817 1816 1642 1816 1642 2099 1817 2100 1818 1816 1642 2100 1818 1817 1643 1817 1643 2100 1818 2101 1819 1817 1643 2101 1819 1818 1644 1818 1644 2101 1819 2102 1820 1818 1644 2102 1820 1819 1645 1819 1645 2102 1820 2103 1821 1819 1645 2103 1821 1762 1588 1762 1588 2103 1821 2104 1822 1762 1588 2104 1822 1763 1589 1763 1589 2104 1822 2105 1823 1763 1589 2105 1823 1765 1591 1765 1591 2105 1823 2106 1824 1765 1591 2106 1824 1766 1592 1766 1592 2106 1824 2107 1825 1766 1592 2107 1825 1860 1686 1860 1686 2107 1825 2108 1826 1860 1686 2108 1826 1767 1593 1767 1593 2108 1826 2109 1827 1767 1593 2109 1827 1851 1677 1851 1677 2109 1827 2110 1828 1851 1677 2110 1828 1849 1675 1849 1675 2110 1828 2111 1829 1849 1675 2111 1829 1854 1680 1854 1680 2111 1829 2112 1830 1854 1680 2112 1830 1855 1681 1855 1681 2112 1830 2113 1831 1855 1681 2113 1831 1914 1740 1914 1740 2113 1831 2114 1837 1914 1740 2114 1837 1915 1741 1915 1741 2114 1837 2115 1833 1915 1741 2115 1833 1916 1742 1916 1742 2115 1833 2116 1834 1916 1742 2116 1834 1932 1758 1932 1758 2116 1834 2117 1835 1932 1758 2117 1835 1933 1759 1933 1759 2117 1835 2082 1800 2058 1812 2118 1838 2059 1813 2059 1813 2118 1838 2119 1839 2059 1813 2119 1839 2060 1814 2060 1814 2119 1839 2120 1840 2060 1814 2120 1840 2061 1815 2061 1815 2120 1840 2121 1841 2061 1815 2121 1841 2062 1816 2062 1816 2121 1841 2122 1842 2062 1816 2122 1842 2063 1817 2063 1817 2122 1842 2123 1843 2063 1817 2123 1843 2064 1818 2064 1818 2123 1843 2124 1844 2064 1818 2124 1844 2065 1819 2065 1819 2124 1844 2125 1845 2065 1819 2125 1845 2066 1820 2066 1820 2125 1845 2126 1846 2066 1820 2126 1846 2067 1821 2067 1821 2126 1846 2127 1847 2067 1821 2127 1847 2068 1822 2068 1822 2127 1847 2128 1848 2068 1822 2128 1848 2069 1823 2069 1823 2128 1848 2129 1849 2069 1823 2129 1849 2070 1824 2070 1824 2129 1849 2130 1850 2070 1824 2130 1850 2071 1825 2071 1825 2130 1850 2131 1851 2071 1825 2131 1851 2072 1826 2072 1826 2131 1851 2132 1852 2072 1826 2132 1852 2073 1827 2073 1827 2132 1852 2133 1853 2073 1827 2133 1853 2074 1828 2074 1828 2133 1853 2134 1854 2074 1828 2134 1854 2075 1829 2075 1829 2134 1854 2135 1855 2075 1829 2135 1855 2076 1830 2076 1830 2135 1855 2136 1856 2076 1830 2136 1856 2077 1831 2077 1831 2136 1856 2137 1857 2077 1831 2137 1857 2078 1832 2078 1832 2137 1857 2138 1858 2078 1832 2138 1858 2079 1833 2079 1833 2138 1858 2139 1859 2079 1833 2139 1859 2080 1834 2080 1834 2139 1859 2140 1860 2080 1834 2140 1860 2081 1835 2081 1835 2140 1860 2141 1861 2081 1835 2141 1861 2046 1800 2046 1800 2141 1861 2142 1862 2046 1800 2142 1862 2047 1801 2047 1801 2142 1862 2143 1863 2047 1801 2143 1863 2048 1802 2048 1802 2143 1863 2144 1864 2048 1802 2144 1864 2049 1803 2049 1803 2144 1864 2145 1865 2049 1803 2145 1865 2050 1804 2050 1804 2145 1865 2146 1866 2050 1804 2146 1866 2051 1805 2051 1805 2146 1866 2147 1867 2051 1805 2147 1867 2052 1806 2052 1806 2147 1867 2148 1868 2052 1806 2148 1868 2053 1807 2053 1807 2148 1868 2149 1869 2053 1807 2149 1869 2054 1808 2054 1808 2149 1869 2150 1870 2054 1808 2150 1870 2055 1809 2055 1809 2150 1870 2151 1871 2055 1809 2151 1871 2056 1810 2056 1810 2151 1871 2152 1872 2056 1810 2152 1872 2057 1811 2057 1811 2152 1872 2153 1873 2057 1811 2153 1873 2058 1812 2058 1812 2153 1873 2118 1838 2029 1836 2154 1874 2030 1820 2030 1820 2154 1874 2155 1875 2030 1820 2155 1875 2031 1821 2031 1821 2155 1875 2156 1876 2031 1821 2156 1876 2032 1822 2032 1822 2156 1876 2157 1877 2032 1822 2157 1877 2033 1823 2033 1823 2157 1877 2158 1878 2033 1823 2158 1878 2034 1824 2034 1824 2158 1878 2159 1879 2034 1824 2159 1879 2035 1825 2035 1825 2159 1879 2160 1880 2035 1825 2160 1880 2036 1826 2036 1826 2160 1880 2161 1881 2036 1826 2161 1881 2037 1827 2037 1827 2161 1881 2162 1882 2037 1827 2162 1882 2038 1828 2038 1828 2162 1882 2163 1883 2038 1828 2163 1883 2039 1829 2039 1829 2163 1883 2164 1884 2039 1829 2164 1884 2040 1830 2040 1830 2164 1884 2165 1885 2040 1830 2165 1885 2041 1831 2041 1831 2165 1885 2166 1886 2041 1831 2166 1886 2042 1837 2042 1837 2166 1886 2167 1887 2042 1837 2167 1887 2043 1833 2043 1833 2167 1887 2168 1888 2043 1833 2168 1888 2044 1834 2044 1834 2168 1888 2169 1889 2044 1834 2169 1889 2045 1835 2045 1835 2169 1889 2170 1890 2045 1835 2170 1890 2010 1800 2010 1800 2170 1890 2171 1891 2010 1800 2171 1891 2011 1801 2011 1801 2171 1891 2172 1892 2011 1801 2172 1892 2012 1802 2012 1802 2172 1892 2173 1893 2012 1802 2173 1893 2013 1803 2013 1803 2173 1893 2174 1894 2013 1803 2174 1894 2014 1804 2014 1804 2174 1894 2175 1895 2014 1804 2175 1895 2015 1805 2015 1805 2175 1895 2176 1896 2015 1805 2176 1896 2016 1806 2016 1806 2176 1896 2177 1897 2016 1806 2177 1897 2017 1807 2017 1807 2177 1897 2178 1898 2017 1807 2178 1898 2018 1808 2018 1808 2178 1898 2179 1899 2018 1808 2179 1899 2019 1809 2019 1809 2179 1899 2180 1900 2019 1809 2180 1900 2020 1810 2020 1810 2180 1900 2181 1901 2020 1810 2181 1901 2021 1811 2021 1811 2181 1901 2182 1902 2021 1811 2182 1902 2022 1812 2022 1812 2182 1902 2183 1903 2022 1812 2183 1903 2023 1813 2023 1813 2183 1903 2184 1904 2023 1813 2184 1904 2024 1814 2024 1814 2184 1904 2185 1905 2024 1814 2185 1905 2025 1815 2025 1815 2185 1905 2186 1906 2025 1815 2186 1906 2026 1816 2026 1816 2186 1906 2187 1907 2026 1816 2187 1907 2027 1817 2027 1817 2187 1907 2188 1908 2027 1817 2188 1908 2028 1818 2028 1818 2188 1908 2189 1909 2028 1818 2189 1909 2029 1836 2029 1836 2189 1909 2154 1874 2000 1826 2190 1852 2001 1827 2001 1827 2190 1852 2191 1853 2001 1827 2191 1853 2002 1828 2002 1828 2191 1853 2192 1854 2002 1828 2192 1854 2003 1829 2003 1829 2192 1854 2193 1855 2003 1829 2193 1855 2004 1830 2004 1830 2193 1855 2194 1856 2004 1830 2194 1856 2005 1831 2005 1831 2194 1856 2195 1857 2005 1831 2195 1857 2006 1832 2006 1832 2195 1857 2196 1858 2006 1832 2196 1858 2007 1833 2007 1833 2196 1858 2197 1859 2007 1833 2197 1859 2008 1834 2008 1834 2197 1859 2198 1860 2008 1834 2198 1860 2009 1835 2009 1835 2198 1860 2199 1910 2009 1835 2199 1910 1974 1800 1974 1800 2199 1910 2200 1911 1974 1800 2200 1911 1975 1801 1975 1801 2200 1911 2201 1912 1975 1801 2201 1912 1976 1802 1976 1802 2201 1912 2202 1913 1976 1802 2202 1913 1977 1803 1977 1803 2202 1913 2203 1914 1977 1803 2203 1914 1978 1804 1978 1804 2203 1914 2204 1915 1978 1804 2204 1915 1979 1805 1979 1805 2204 1915 2205 1867 1979 1805 2205 1867 1980 1806 1980 1806 2205 1867 2206 1868 1980 1806 2206 1868 1981 1807 1981 1807 2206 1868 2207 1869 1981 1807 2207 1869 1982 1808 1982 1808 2207 1869 2208 1870 1982 1808 2208 1870 1983 1809 1983 1809 2208 1870 2209 1871 1983 1809 2209 1871 1984 1810 1984 1810 2209 1871 2210 1872 1984 1810 2210 1872 1985 1811 1985 1811 2210 1872 2211 1873 1985 1811 2211 1873 1986 1812 1986 1812 2211 1873 2212 1838 1986 1812 2212 1838 1987 1813 1987 1813 2212 1838 2213 1916 1987 1813 2213 1916 1988 1814 1988 1814 2213 1916 2214 1917 1988 1814 2214 1917 1989 1815 1989 1815 2214 1917 2215 1918 1989 1815 2215 1918 1990 1816 1990 1816 2215 1918 2216 1919 1990 1816 2216 1919 1991 1817 1991 1817 2216 1919 2217 1920 1991 1817 2217 1920 1992 1818 1992 1818 2217 1920 2218 1921 1992 1818 2218 1921 1993 1819 1993 1819 2218 1921 2219 1845 1993 1819 2219 1845 1994 1820 1994 1820 2219 1845 2220 1846 1994 1820 2220 1846 1995 1821 1995 1821 2220 1846 2221 1922 1995 1821 2221 1922 1996 1822 1996 1822 2221 1922 2222 1923 1996 1822 2222 1923 1997 1823 1997 1823 2222 1923 2223 1924 1997 1823 2223 1924 1998 1824 1998 1824 2223 1924 2224 1850 1998 1824 2224 1850 1999 1825 1999 1825 2224 1850 2225 1851 1999 1825 2225 1851 2000 1826 2000 1826 2225 1851 2190 1852 2226 1925 2227 1926 2228 1927 2228 1927 2227 1926 2229 1928 2230 1929 2231 1930 2232 1931 2229 1928 2233 1932 2228 1927 2228 1927 2233 1932 2234 1933 2228 1927 2234 1933 1741 1567 2234 1933 2235 1934 1741 1567 1741 1567 2235 1934 2236 1935 1741 1567 2236 1935 2237 1936 2237 1936 2238 1937 1741 1567 1741 1567 2238 1937 2239 1938 1741 1567 2239 1938 2230 1929 2230 1929 2239 1938 2240 1939 2230 1929 2240 1939 2231 1930 2232 1931 2241 1940 2230 1929 2230 1929 2241 1940 2242 1941 2230 1929 2242 1941 2243 1942 2243 1942 2242 1941 2244 1943 2243 1942 2244 1943 2245 1944 2226 1925 2228 1927 2246 1945 2246 1945 2228 1927 2243 1942 2246 1945 2243 1942 2247 1946 2247 1946 2243 1942 2245 1944 2247 1946 2245 1944 2248 1947 2098 1816 2249 1907 2099 1817 2099 1817 2249 1907 2250 1948 2099 1817 2250 1948 2100 1818 2100 1818 2250 1948 2251 1949 2100 1818 2251 1949 2101 1819 2101 1819 2251 1949 2252 1950 2101 1819 2252 1950 2102 1820 2102 1820 2252 1950 2253 1951 2102 1820 2253 1951 2103 1821 2103 1821 2253 1951 2254 1952 2103 1821 2254 1952 2104 1822 2104 1822 2254 1952 2255 1953 2104 1822 2255 1953 2105 1823 2105 1823 2255 1953 2256 1954 2105 1823 2256 1954 2106 1824 2106 1824 2256 1954 2257 1879 2106 1824 2257 1879 2107 1825 2107 1825 2257 1879 2258 1880 2107 1825 2258 1880 2108 1826 2108 1826 2258 1880 2259 1881 2108 1826 2259 1881 2109 1827 2109 1827 2259 1881 2260 1882 2109 1827 2260 1882 2110 1828 2110 1828 2260 1882 2261 1883 2110 1828 2261 1883 2111 1829 2111 1829 2261 1883 2262 1884 2111 1829 2262 1884 2112 1830 2112 1830 2262 1884 2263 1885 2112 1830 2263 1885 2113 1831 2113 1831 2263 1885 2264 1886 2113 1831 2264 1886 2114 1837 2114 1837 2264 1886 2265 1887 2114 1837 2265 1887 2115 1833 2115 1833 2265 1887 2266 1955 2115 1833 2266 1955 2116 1834 2116 1834 2266 1955 2267 1956 2116 1834 2267 1956 2117 1835 2117 1835 2267 1956 2268 1957 2117 1835 2268 1957 2082 1800 2082 1800 2268 1957 2269 1958 2082 1800 2269 1958 2083 1801 2083 1801 2269 1958 2270 1959 2083 1801 2270 1959 2084 1802 2084 1802 2270 1959 2271 1893 2084 1802 2271 1893 2085 1803 2085 1803 2271 1893 2272 1894 2085 1803 2272 1894 2086 1804 2086 1804 2272 1894 2273 1895 2086 1804 2273 1895 2087 1805 2087 1805 2273 1895 2274 1896 2087 1805 2274 1896 2088 1806 2088 1806 2274 1896 2275 1897 2088 1806 2275 1897 2089 1807 2089 1807 2275 1897 2276 1898 2089 1807 2276 1898 2090 1808 2090 1808 2276 1898 2277 1899 2090 1808 2277 1899 2091 1809 2091 1809 2277 1899 2278 1900 2091 1809 2278 1900 2092 1810 2092 1810 2278 1900 2279 1901 2092 1810 2279 1901 2093 1811 2093 1811 2279 1901 2280 1902 2093 1811 2280 1902 2094 1812 2094 1812 2280 1902 2281 1903 2094 1812 2281 1903 2095 1813 2095 1813 2281 1903 2282 1960 2095 1813 2282 1960 2096 1814 2096 1814 2282 1960 2283 1961 2096 1814 2283 1961 2097 1815 2097 1815 2283 1961 2284 1962 2097 1815 2284 1962 2098 1816 2098 1816 2284 1962 2249 1907 2285 1963 2286 1964 2287 1965 2288 1966 1964 1790 2289 1967 2289 1967 1964 1790 2290 1968 2287 1965 2286 1964 2291 1969 2292 1970 1964 1790 2293 1971 2293 1971 1964 1790 2286 1964 1960 1786 1959 1785 2294 1972 2294 1972 1959 1785 1958 1784 2294 1972 1958 1784 2295 1973 2296 1974 2297 1975 1965 1791 1972 1798 2298 1976 2299 1977 2290 1968 1964 1790 2299 1977 2299 1977 1964 1790 1973 1799 2299 1977 1973 1799 1972 1798 1958 1784 1957 1783 2295 1973 2295 1973 1957 1783 1956 1782 2295 1973 1956 1782 2300 1978 2300 1978 1956 1782 1955 1781 2300 1978 1955 1781 2301 1979 2301 1979 1955 1781 1954 1780 2301 1979 1954 1780 2302 1980 2303 1981 2304 1982 1968 1794 2288 1966 2305 1983 1964 1790 1964 1790 2305 1983 2306 1984 1964 1790 2306 1984 2286 1964 2286 1964 2306 1984 2307 1985 2286 1964 2307 1985 2291 1969 2292 1970 2308 1986 1964 1790 1964 1790 2308 1986 2309 1987 1964 1790 2309 1987 1954 1780 1954 1780 2309 1987 2310 1988 1954 1780 2310 1988 2302 1980 2311 1989 2312 1990 1963 1789 1963 1789 2312 1990 2313 1991 2314 1992 2315 1993 2316 1994 2316 1994 2315 1993 2317 1995 2318 1996 2319 1997 1960 1786 2320 1998 2321 1999 1965 1791 1965 1791 2321 1999 2322 2000 1965 1791 2322 2000 2296 1974 2323 2001 2324 2002 2325 2003 2313 1991 2326 2004 1963 1789 1963 1789 2326 2004 2327 2005 1963 1789 2327 2005 2328 2006 2304 1982 2315 1993 1968 1794 1968 1794 2315 1993 2314 1992 1968 1794 2314 1992 1969 1795 1969 1795 2314 1992 2329 2007 1969 1795 2329 2007 1970 1796 1970 1796 2329 2007 2298 1976 1970 1796 2298 1976 1971 1797 1971 1797 2298 1976 1972 1798 2287 1965 2330 2008 2285 1963 2285 1963 2330 2008 2323 2001 2285 1963 2323 2001 2331 2009 2331 2009 2323 2001 2325 2003 2332 2010 2318 1996 2333 2011 2333 2011 2318 1996 1960 1786 2333 2011 1960 1786 2334 2008 2334 2008 1960 1786 2294 1972 2319 1997 2335 2012 1960 1786 1960 1786 2335 2012 2336 2013 1960 1786 2336 2013 1961 1787 1967 1793 2337 2014 1968 1794 1968 1794 2337 2014 2338 2015 1968 1794 2338 2015 2303 1981 2336 2013 2339 2016 1961 1787 1961 1787 2339 2016 2340 2017 1961 1787 2340 2017 1962 1788 1966 1792 2341 2018 1967 1793 1967 1793 2341 2018 2342 2019 1967 1793 2342 2019 2337 2014 2297 1975 2343 2020 1965 1791 1965 1791 2343 2020 2344 2021 1965 1791 2344 2021 1966 1792 1966 1792 2344 2021 2345 2022 1966 1792 2345 2022 2341 2018 2340 2017 2346 2023 1962 1788 1962 1788 2346 2023 2347 2024 1962 1788 2347 2024 1963 1789 1963 1789 2347 2024 2348 2025 1963 1789 2348 2025 2311 1989 2264 1886 2263 1885 2349 2026 2262 1884 2350 2027 2263 1885 2263 1885 2350 2027 2351 2028 2263 1885 2351 2028 2349 2026 2261 1883 2352 2029 2262 1884 2262 1884 2352 2029 2353 2030 2262 1884 2353 2030 2350 2027 2260 1882 2354 2031 2261 1883 2261 1883 2354 2031 2355 2032 2261 1883 2355 2032 2352 2029 2259 1881 2356 2033 2260 1882 2260 1882 2356 2033 2357 2034 2260 1882 2357 2034 2354 2031 2258 1880 2358 2035 2259 1881 2259 1881 2358 2035 2359 2036 2259 1881 2359 2036 2356 2033 2257 1879 2360 2037 2258 1880 2258 1880 2360 2037 2361 2038 2258 1880 2361 2038 2358 2035 2362 2039 2363 2040 2257 1879 2257 1879 2363 2040 2364 2041 2257 1879 2364 2041 2360 2037 2257 1879 2256 1954 2362 2039 2362 2039 2256 1954 2255 1953 2362 2039 2255 1953 2365 2042 2365 2042 2255 1953 2254 1952 2365 2042 2254 1952 2366 2043 2366 2043 2254 1952 2253 1951 2366 2043 2253 1951 2367 2044 2367 2044 2253 1951 2252 1950 2367 2044 2252 1950 2368 2045 2368 2045 2252 1950 2251 1949 2368 2045 2251 1949 2369 2046 2369 2046 2251 1949 2250 1948 2369 2046 2250 1948 2370 2047 2349 2026 2371 2048 2264 1886 2264 1886 2371 2048 2372 2049 2264 1886 2372 2049 2265 1887 2265 1887 2372 2049 2373 2050 2265 1887 2373 2050 2266 1955 2266 1955 2373 2050 2374 2051 2266 1955 2374 2051 2267 1956 2267 1956 2374 2051 2375 2052 2267 1956 2375 2052 2268 1957 2268 1957 2375 2052 2376 2053 2268 1957 2376 2053 2269 1958 2269 1958 2376 2053 2377 2054 2269 1958 2377 2054 2270 1959 2270 1959 2377 2054 2324 2002 2270 1959 2324 2002 2271 1893 2271 1893 2324 2002 2323 2001 2271 1893 2323 2001 2272 1894 2272 1894 2323 2001 2330 2008 2272 1894 2330 2008 2273 1895 2273 1895 2330 2008 2287 1965 2273 1895 2287 1965 2274 1896 2274 1896 2287 1965 2291 1969 2274 1896 2291 1969 2275 1897 2275 1897 2291 1969 2307 1985 2275 1897 2307 1985 2276 1898 2276 1898 2307 1985 2306 1984 2276 1898 2306 1984 2277 1899 2277 1899 2306 1984 2305 1983 2277 1899 2305 1983 2278 1900 2278 1900 2305 1983 2288 1966 2278 1900 2288 1966 2279 1901 2279 1901 2288 1966 2289 1967 2279 1901 2289 1967 2280 1902 2280 1902 2289 1967 2290 1968 2280 1902 2290 1968 2281 1903 2281 1903 2290 1968 2299 1977 2281 1903 2299 1977 2282 1960 2282 1960 2299 1977 2298 1976 2282 1960 2298 1976 2283 1961 2283 1961 2298 1976 2329 2007 2283 1961 2329 2007 2284 1962 2284 1962 2329 2007 2314 1992 2284 1962 2314 1992 2249 1907 2249 1907 2314 1992 2316 1994 2249 1907 2316 1994 2250 1948 2250 1948 2316 1994 2317 1995 2250 1948 2317 1995 2370 2047 2378 2055 2379 2056 2243 1942 2243 1942 2379 2056 2230 1929 2243 1942 2228 1927 2380 2057 2381 2058 2382 2059 2228 1927 2380 2057 2383 2060 2243 1942 2243 1942 2383 2060 2384 2061 2243 1942 2384 2061 2385 2062 2385 2062 2386 2063 2243 1942 2243 1942 2386 2063 2387 2064 2243 1942 2387 2064 2388 2065 2389 2066 2390 2067 2378 2055 2378 2055 2390 2067 2391 2068 2378 2055 2391 2068 2392 2069 2392 2069 2393 2070 2378 2055 2378 2055 2393 2070 2394 2071 2378 2055 2394 2071 2395 2072 2396 2073 2397 2074 2398 2075 2398 2075 2397 2074 2378 2055 2398 2075 2378 2055 2399 2076 2399 2076 2378 2055 2395 2072 2382 2059 2400 2077 2228 1927 2228 1927 2400 2077 2401 2078 2228 1927 2401 2078 2402 2079 2402 2079 2403 2080 2228 1927 2228 1927 2403 2080 2404 2081 2228 1927 2404 2081 2380 2057 2388 2065 2405 2082 2243 1942 2243 1942 2405 2082 2406 2083 2243 1942 2406 2083 2378 2055 2378 2055 2406 2083 2407 2084 2378 2055 2407 2084 2389 2066 2396 2073 2408 2085 2397 2074 2397 2074 2408 2085 2409 2086 2397 2074 2409 2086 2410 2087 2410 2087 2411 2088 2397 2074 2397 2074 2411 2088 2412 2089 2397 2074 2412 2089 2413 2090 2413 2090 2414 2091 2397 2074 2397 2074 2414 2091 2415 2092 2397 2074 2415 2092 2228 1927 2228 1927 2415 2092 2416 2093 2228 1927 2416 2093 2381 2058 2417 2094 2397 2074 1741 1567 1741 1567 2397 2074 2228 1927 2418 2095 2419 2096 2230 1929 2230 1929 2419 2096 2420 2097 2421 2098 2422 2099 1741 1567 2420 2097 2423 2100 2230 1929 2230 1929 2423 2100 2424 2101 2230 1929 2424 2101 2425 2102 2426 2103 2379 2056 2427 2104 2427 2104 2379 2056 2428 2105 2426 2103 2429 2106 2379 2056 2379 2056 2429 2106 2430 2107 2379 2056 2430 2107 2431 2108 2431 2108 2432 2109 2379 2056 2379 2056 2432 2109 2433 2110 2379 2056 2433 2110 2230 1929 2230 1929 2433 2110 2434 2111 2230 1929 2434 2111 2418 2095 2422 2099 2435 2112 1741 1567 1741 1567 2435 2112 2436 2113 1741 1567 2436 2113 2437 2114 2438 2115 2439 2116 2417 2094 2417 2094 2439 2116 2440 2117 2417 2094 2440 2117 2379 2056 2379 2056 2440 2117 2441 2118 2379 2056 2441 2118 2428 2105 2425 2102 2442 2119 2230 1929 2230 1929 2442 2119 2443 2120 2230 1929 2443 2120 1741 1567 1741 1567 2443 2120 2444 2121 1741 1567 2444 2121 2421 2098 2437 2114 2445 2122 1741 1567 1741 1567 2445 2122 2446 2123 1741 1567 2446 2123 2417 2094 2417 2094 2446 2123 2447 2124 2417 2094 2447 2124 2448 2125 2448 2125 2449 2126 2417 2094 2417 2094 2449 2126 2450 2127 2417 2094 2450 2127 2451 2128 2451 2128 2452 2129 2417 2094 2417 2094 2452 2129 2453 2130 2417 2094 2453 2130 2438 2115 2213 1916 2212 1838 2454 2131 2211 1873 2455 2132 2212 1838 2212 1838 2455 2132 2456 2133 2212 1838 2456 2133 2454 2131 2210 1872 2457 2134 2211 1873 2211 1873 2457 2134 2458 2135 2211 1873 2458 2135 2455 2132 2209 1871 2459 2136 2210 1872 2210 1872 2459 2136 2460 2137 2210 1872 2460 2137 2457 2134 2208 1870 2461 2138 2209 1871 2209 1871 2461 2138 2462 2139 2209 1871 2462 2139 2459 2136 2207 1869 2463 2140 2208 1870 2208 1870 2463 2140 2464 2141 2208 1870 2464 2141 2461 2138 2206 1868 2465 2142 2207 1869 2207 1869 2465 2142 2466 2143 2207 1869 2466 2143 2463 2140 2467 2144 2468 2145 2206 1868 2206 1868 2468 2145 2469 2146 2206 1868 2469 2146 2465 2142 2206 1868 2205 1867 2467 2144 2467 2144 2205 1867 2204 1915 2467 2144 2204 1915 2470 2147 2470 2147 2204 1915 2203 1914 2470 2147 2203 1914 2471 2148 2471 2148 2203 1914 2202 1913 2471 2148 2202 1913 2472 2149 2472 2149 2202 1913 2201 1912 2472 2149 2201 1912 2473 2150 2473 2150 2201 1912 2200 1911 2473 2150 2200 1911 2474 2151 2474 2151 2200 1911 2199 1910 2474 2151 2199 1910 2475 2152 2454 2131 2476 2153 2213 1916 2213 1916 2476 2153 2477 2154 2213 1916 2477 2154 2214 1917 2214 1917 2477 2154 2478 2155 2214 1917 2478 2155 2215 1918 2215 1918 2478 2155 2479 2156 2215 1918 2479 2156 2216 1919 2216 1919 2479 2156 2480 2157 2216 1919 2480 2157 2217 1920 2217 1920 2480 2157 2481 2158 2217 1920 2481 2158 2218 1921 2218 1921 2481 2158 2482 2159 2218 1921 2482 2159 2219 1845 2219 1845 2482 2159 2483 2160 2219 1845 2483 2160 2220 1846 2220 1846 2483 2160 2484 2161 2220 1846 2484 2161 2221 1922 2221 1922 2484 2161 2485 2162 2221 1922 2485 2162 2222 1923 2222 1923 2485 2162 2486 2163 2222 1923 2486 2163 2223 1924 2223 1924 2486 2163 2487 2164 2223 1924 2487 2164 2224 1850 2224 1850 2487 2164 2488 2165 2224 1850 2488 2165 2225 1851 2225 1851 2488 2165 2489 2166 2225 1851 2489 2166 2190 1852 2190 1852 2489 2166 2490 2167 2190 1852 2490 2167 2191 1853 2191 1853 2490 2167 2491 2168 2191 1853 2491 2168 2192 1854 2192 1854 2491 2168 2492 2169 2192 1854 2492 2169 2193 1855 2193 1855 2492 2169 2493 2170 2193 1855 2493 2170 2194 1856 2194 1856 2493 2170 2494 2171 2194 1856 2494 2171 2195 1857 2195 1857 2494 2171 2495 2172 2195 1857 2495 2172 2196 1858 2196 1858 2495 2172 2496 2173 2196 1858 2496 2173 2197 1859 2197 1859 2496 2173 2497 2174 2197 1859 2497 2174 2198 1860 2198 1860 2497 2174 2498 2175 2198 1860 2498 2175 2199 1910 2199 1910 2498 2175 2499 2176 2199 1910 2499 2176 2475 2152 2166 1886 2500 2177 2167 1887 2167 1887 2500 2177 2501 2178 2167 1887 2501 2178 2168 1888 2168 1888 2501 2178 2502 2179 2168 1888 2502 2179 2169 1889 2169 1889 2502 2179 2503 2180 2169 1889 2503 2180 2170 1890 2170 1890 2503 2180 2504 2181 2170 1890 2504 2181 2171 1891 2171 1891 2504 2181 2505 2182 2171 1891 2505 2182 2172 1892 2172 1892 2505 2182 2332 2010 2172 1892 2332 2010 2173 1893 2173 1893 2332 2010 2333 2011 2173 1893 2333 2011 2174 1894 2174 1894 2333 2011 2334 2008 2174 1894 2334 2008 2175 1895 2175 1895 2334 2008 2294 1972 2175 1895 2294 1972 2176 1896 2176 1896 2294 1972 2295 1973 2176 1896 2295 1973 2177 1897 2177 1897 2295 1973 2300 1978 2177 1897 2300 1978 2178 1898 2178 1898 2300 1978 2301 1979 2178 1898 2301 1979 2179 1899 2179 1899 2301 1979 2302 1980 2179 1899 2302 1980 2180 1900 2180 1900 2302 1980 2310 1988 2180 1900 2310 1988 2181 1901 2181 1901 2310 1988 2309 1987 2181 1901 2309 1987 2182 1902 2182 1902 2309 1987 2308 1986 2182 1902 2308 1986 2183 1903 2183 1903 2308 1986 2292 1970 2183 1903 2292 1970 2184 1904 2184 1904 2292 1970 2293 1971 2184 1904 2293 1971 2185 1905 2185 1905 2293 1971 2286 1964 2185 1905 2286 1964 2186 1906 2186 1906 2286 1964 2285 1963 2186 1906 2285 1963 2187 1907 2187 1907 2285 1963 2331 2009 2187 1907 2331 2009 2188 1908 2188 1908 2331 2009 2325 2003 2165 1885 2506 2183 2166 1886 2166 1886 2506 2183 2507 2184 2166 1886 2507 2184 2500 2177 2164 1884 2508 2185 2165 1885 2165 1885 2508 2185 2509 2186 2165 1885 2509 2186 2506 2183 2163 1883 2510 2187 2164 1884 2164 1884 2510 2187 2511 2188 2164 1884 2511 2188 2508 2185 2162 1882 2512 2189 2163 1883 2163 1883 2512 2189 2513 2190 2163 1883 2513 2190 2510 2187 2161 1881 2514 2191 2162 1882 2162 1882 2514 2191 2515 2192 2162 1882 2515 2192 2512 2189 2160 1880 2516 2193 2161 1881 2161 1881 2516 2193 2517 2194 2161 1881 2517 2194 2514 2191 2159 1879 2518 2195 2160 1880 2160 1880 2518 2195 2519 2196 2160 1880 2519 2196 2516 2193 2520 2197 2521 2198 2159 1879 2159 1879 2521 2198 2522 2199 2159 1879 2522 2199 2518 2195 2325 2003 2523 2200 2188 1908 2188 1908 2523 2200 2524 2201 2188 1908 2524 2201 2189 1909 2189 1909 2524 2201 2525 2202 2189 1909 2525 2202 2154 1874 2154 1874 2525 2202 2526 2203 2154 1874 2526 2203 2155 1875 2155 1875 2526 2203 2527 2204 2155 1875 2527 2204 2156 1876 2156 1876 2527 2204 2528 2205 2156 1876 2528 2205 2157 1877 2157 1877 2528 2205 2520 2197 2157 1877 2520 2197 2158 1878 2158 1878 2520 2197 2159 1879 2119 1839 2529 2206 2120 1840 2120 1840 2529 2206 2530 2207 2120 1840 2530 2207 2121 1841 2121 1841 2530 2207 2531 2208 2121 1841 2531 2208 2122 1842 2122 1842 2531 2208 2532 2209 2122 1842 2532 2209 2123 1843 2123 1843 2532 2209 2533 2210 2123 1843 2533 2210 2124 1844 2124 1844 2533 2210 2534 2211 2124 1844 2534 2211 2125 1845 2125 1845 2534 2211 2535 2212 2125 1845 2535 2212 2126 1846 2126 1846 2535 2212 2536 2213 2126 1846 2536 2213 2127 1847 2127 1847 2536 2213 2537 2214 2127 1847 2537 2214 2128 1848 2128 1848 2537 2214 2538 2215 2128 1848 2538 2215 2129 1849 2129 1849 2538 2215 2539 2216 2129 1849 2539 2216 2130 1850 2130 1850 2539 2216 2540 2217 2130 1850 2540 2217 2131 1851 2131 1851 2540 2217 2541 2218 2131 1851 2541 2218 2132 1852 2132 1852 2541 2218 2542 2219 2132 1852 2542 2219 2133 1853 2133 1853 2542 2219 2543 2220 2133 1853 2543 2220 2134 1854 2134 1854 2543 2220 2544 2221 2134 1854 2544 2221 2135 1855 2135 1855 2544 2221 2545 2222 2135 1855 2545 2222 2136 1856 2136 1856 2545 2222 2546 2223 2136 1856 2546 2223 2137 1857 2137 1857 2546 2223 2547 2224 2137 1857 2547 2224 2138 1858 2138 1858 2547 2224 2548 2225 2138 1858 2548 2225 2139 1859 2139 1859 2548 2225 2549 2226 2139 1859 2549 2226 2140 1860 2140 1860 2549 2226 2550 2227 2140 1860 2550 2227 2141 1861 2141 1861 2550 2227 2551 2228 2118 1838 2552 2229 2119 1839 2119 1839 2552 2229 2553 2230 2119 1839 2553 2230 2529 2206 2153 1873 2554 2231 2118 1838 2118 1838 2554 2231 2555 2232 2118 1838 2555 2232 2552 2229 2152 1872 2556 2233 2153 1873 2153 1873 2556 2233 2557 2234 2153 1873 2557 2234 2554 2231 2151 1871 2558 2235 2152 1872 2152 1872 2558 2235 2559 2236 2152 1872 2559 2236 2556 2233 2150 1870 2560 2237 2151 1871 2151 1871 2560 2237 2561 2238 2151 1871 2561 2238 2558 2235 2149 1869 2562 2239 2150 1870 2150 1870 2562 2239 2563 2240 2150 1870 2563 2240 2560 2237 2148 1868 2564 2241 2149 1869 2149 1869 2564 2241 2565 2242 2149 1869 2565 2242 2562 2239 2566 2243 2567 2244 2148 1868 2148 1868 2567 2244 2568 2245 2148 1868 2568 2245 2564 2241 2551 2228 2569 2246 2141 1861 2141 1861 2569 2246 2570 2247 2141 1861 2570 2247 2142 1862 2142 1862 2570 2247 2571 2248 2142 1862 2571 2248 2143 1863 2143 1863 2571 2248 2572 2249 2143 1863 2572 2249 2144 1864 2144 1864 2572 2249 2573 2250 2144 1864 2573 2250 2145 1865 2145 1865 2573 2250 2574 2251 2145 1865 2574 2251 2146 1866 2146 1866 2574 2251 2566 2243 2146 1866 2566 2243 2147 1867 2147 1867 2566 2243 2148 1868 2544 2221 2543 2220 1934 1760 2543 2220 2542 2219 1934 1760 1934 1760 2542 2219 2541 2218 1934 1760 2541 2218 1935 1761 1935 1761 2541 2218 2540 2217 1935 1761 2540 2217 1936 1762 1936 1762 2540 2217 2539 2216 1940 1766 1939 1765 2538 2215 2538 2215 1939 1765 1938 1764 2538 2215 1938 1764 2539 2216 2539 2216 1938 1764 1937 1763 2539 2216 1937 1763 1936 1762 2545 2222 2489 2166 2546 2223 2546 2223 2489 2166 2488 2165 2488 2165 2487 2164 2546 2223 2546 2223 2487 2164 2486 2163 2546 2223 2486 2163 2547 2224 2492 2169 2491 2168 1944 1770 1944 1770 2491 2168 2490 2167 1944 1770 2490 2167 1934 1760 1934 1760 2490 2167 2489 2166 1934 1760 2489 2166 2544 2221 2544 2221 2489 2166 2545 2222 2575 2252 2576 2253 1945 1771 1953 1779 1952 1778 2494 2171 2494 2171 1952 1778 2495 2172 1953 1779 2494 2171 1944 1770 1944 1770 2494 2171 2493 2170 1944 1770 2493 2170 2492 2169 2577 2254 2578 2255 1943 1769 1943 1769 2578 2255 2579 2256 2580 2257 2581 2258 1948 1774 2582 2259 2583 2260 1940 1766 2497 2174 2584 2261 2498 2175 2498 2175 2584 2261 2499 2176 2579 2256 2585 2262 1943 1769 1943 1769 2585 2262 2586 2263 1943 1769 2586 2263 2587 2264 2588 2265 2589 2266 1945 1771 1945 1771 2589 2266 2590 2267 1945 1771 2590 2267 2575 2252 2535 2212 2582 2259 2536 2213 2536 2213 2582 2259 1940 1766 2536 2213 1940 1766 2537 2214 2537 2214 1940 1766 2538 2215 2583 2260 2591 2268 1940 1766 1940 1766 2591 2268 2592 2269 1940 1766 2592 2269 1941 1767 2581 2258 2584 2261 1948 1774 1948 1774 2584 2261 2497 2174 1948 1774 2497 2174 1949 1775 1949 1775 2497 2174 2496 2173 1949 1775 2496 2173 1950 1776 1950 1776 2496 2173 2495 2172 1950 1776 2495 2172 1951 1777 1951 1777 2495 2172 1952 1778 1947 1773 2593 2270 1948 1774 1948 1774 2593 2270 2594 2271 1948 1774 2594 2271 2580 2257 2483 2160 2551 2228 2484 2161 2484 2161 2551 2228 2550 2227 2484 2161 2550 2227 2485 2162 2485 2162 2550 2227 2549 2226 2485 2162 2549 2226 2486 2163 2486 2163 2549 2226 2548 2225 2486 2163 2548 2225 2547 2224 2592 2269 2595 2272 1941 1767 1941 1767 2595 2272 2596 2273 1941 1767 2596 2273 1942 1768 1946 1772 2597 2274 1947 1773 1947 1773 2597 2274 2598 2275 1947 1773 2598 2275 2593 2270 2596 2273 2599 2276 1942 1768 1942 1768 2599 2276 2600 2277 1942 1768 2600 2277 1943 1769 1943 1769 2600 2277 2601 2278 1943 1769 2601 2278 2577 2254 2576 2253 2602 2279 1945 1771 1945 1771 2602 2279 2603 2280 1945 1771 2603 2280 1946 1772 1946 1772 2603 2280 2604 2281 1946 1772 2604 2281 2597 2274 2238 1937 2237 1936 2605 2282 2605 2282 2237 1936 2606 2283 2605 2282 2606 2283 2607 2284 2237 1936 2236 1935 2606 2283 2606 2283 2236 1935 2608 2285 2606 2283 2608 2285 2609 2286 2246 1945 2610 2287 2226 1925 2226 1925 2610 2287 2611 2288 2247 1946 2248 1947 2612 2289 2612 2289 2248 1947 2613 2290 2612 2289 2613 2290 2614 2291 2610 2287 2615 2292 2611 2288 2611 2288 2615 2292 2616 2293 2248 1947 2245 1944 2613 2290 2613 2290 2245 1944 2617 2294 2613 2290 2617 2294 2618 2295 2619 2296 2244 1943 2620 2297 2620 2297 2244 1943 2242 1941 2621 2298 2619 2296 2622 2299 2622 2299 2619 2296 2620 2297 2623 2300 2624 2301 2625 2302 2625 2302 2624 2301 2626 2303 2627 2304 2628 2305 2629 2306 2629 2306 2628 2305 2630 2307 2621 2298 2622 2299 2630 2307 2630 2307 2622 2299 2625 2302 2630 2307 2625 2302 2629 2306 2629 2306 2625 2302 2626 2303 2629 2306 2626 2303 2631 2308 2631 2308 2626 2303 2632 2309 2633 2310 2631 2308 2634 2311 2634 2311 2631 2308 2632 2309 2234 1933 2633 2310 2235 1934 2235 1934 2633 2310 2634 2311 2233 1932 2229 1928 2635 2312 2635 2312 2229 1928 2636 2313 2635 2312 2636 2313 2637 2314 2229 1928 2227 1926 2636 2313 2636 2313 2227 1926 2638 2315 2636 2313 2638 2315 2639 2316 2244 1943 2619 2296 2245 1944 2245 1944 2619 2296 2617 2294 2618 2295 2617 2294 2621 2298 2621 2298 2617 2294 2619 2296 2226 1925 2611 2288 2227 1926 2227 1926 2611 2288 2638 2315 2615 2292 2610 2287 2614 2291 2614 2291 2610 2287 2612 2289 2233 1932 2635 2312 2234 1933 2234 1933 2635 2312 2633 2310 2635 2312 2637 2314 2633 2310 2633 2310 2637 2314 2631 2308 2637 2314 2636 2313 2631 2308 2631 2308 2636 2313 2629 2306 2627 2304 2629 2306 2639 2316 2639 2316 2629 2306 2636 2313 2615 2292 2628 2305 2616 2293 2616 2293 2628 2305 2627 2304 2639 2316 2638 2315 2616 2293 2616 2293 2638 2315 2611 2288 2639 2316 2616 2293 2627 2304 2614 2291 2613 2290 2628 2305 2628 2305 2613 2290 2630 2307 2614 2291 2628 2305 2615 2292 2613 2290 2618 2295 2630 2307 2630 2307 2618 2295 2621 2298 2247 1946 2612 2289 2246 1945 2246 1945 2612 2289 2610 2287 2241 1940 2232 1931 2640 2317 2640 2317 2232 1931 2641 2318 2640 2317 2641 2318 2642 2319 2232 1931 2231 1930 2641 2318 2641 2318 2231 1930 2643 2320 2641 2318 2643 2320 2644 2321 2645 2322 2240 1939 2646 2323 2646 2323 2240 1939 2239 1938 2647 2324 2645 2322 2648 2325 2648 2325 2645 2322 2646 2323 2241 1940 2640 2317 2242 1941 2242 1941 2640 2317 2620 2297 2622 2299 2620 2297 2642 2319 2642 2319 2620 2297 2640 2317 2240 1939 2645 2322 2231 1930 2231 1930 2645 2322 2643 2320 2625 2302 2622 2299 2641 2318 2641 2318 2622 2299 2642 2319 2238 1937 2605 2282 2239 1938 2239 1938 2605 2282 2646 2323 2644 2321 2643 2320 2647 2324 2647 2324 2643 2320 2645 2322 2623 2300 2625 2302 2644 2321 2644 2321 2625 2302 2641 2318 2648 2325 2646 2323 2607 2284 2607 2284 2646 2323 2605 2282 2648 2325 2624 2301 2647 2324 2647 2324 2624 2301 2623 2300 2607 2284 2606 2283 2624 2301 2624 2301 2606 2283 2626 2303 2235 1934 2634 2311 2236 1935 2236 1935 2634 2311 2608 2285 2609 2286 2608 2285 2632 2309 2632 2309 2608 2285 2634 2311 2632 2309 2626 2303 2609 2286 2609 2286 2626 2303 2606 2283 2607 2284 2624 2301 2648 2325 2647 2324 2623 2300 2644 2321 1836 1662 1963 1789 2328 2006 1836 1662 2649 2326 1802 1628 1802 1628 2649 2326 2588 2265 1802 1628 2588 2265 1945 1771 2328 2006 2650 2327 2651 2328 2652 2329 2653 2330 2328 2006 2328 2006 2653 2330 2654 2331 2328 2006 2654 2331 2655 2332 1836 1662 2656 2333 2657 2334 2651 2328 2658 2335 2328 2006 2328 2006 2658 2335 2659 2336 2328 2006 2659 2336 2652 2329 2655 2332 2660 2337 2328 2006 2328 2006 2660 2337 2661 2338 2328 2006 2661 2338 1836 1662 1836 1662 2661 2338 2662 2339 1836 1662 2662 2339 2656 2333 2657 2334 2663 2340 1836 1662 1836 1662 2663 2340 2664 2341 1836 1662 2664 2341 2649 2326 2649 2326 2664 2341 2665 2342 2665 2342 2666 2343 2649 2326 2649 2326 2666 2343 2667 2344 2649 2326 2667 2344 2668 2345 2668 2345 2669 2346 2649 2326 2649 2326 2669 2346 2670 2347 2649 2326 2670 2347 2671 2348 2672 2349 2673 2350 2674 2351 2674 2351 2673 2350 2650 2327 2674 2351 2650 2327 2675 2352 2675 2352 2650 2327 2328 2006 2676 2353 2677 2354 2678 2355 2678 2355 2677 2354 2649 2326 2678 2355 2649 2326 2679 2356 2679 2356 2649 2326 2671 2348 2676 2353 2680 2357 2677 2354 2677 2354 2680 2357 2681 2358 2677 2354 2681 2358 2682 2359 2682 2359 2683 2360 2677 2354 2677 2354 2683 2360 2684 2361 2677 2354 2684 2361 2685 2362 2685 2362 2686 2363 2677 2354 2677 2354 2686 2363 2687 2364 2677 2354 2687 2364 2674 2351 2674 2351 2687 2364 2688 2365 2674 2351 2688 2365 2672 2349 2689 2366 2584 2261 2581 2258 2689 2366 2581 2258 2690 2367 2603 2280 2691 2368 2604 2281 2604 2281 2691 2368 2692 2369 2604 2281 2692 2369 2597 2274 2597 2274 2692 2369 2693 2370 2597 2274 2693 2370 2598 2275 2598 2275 2693 2370 2694 2371 2598 2275 2694 2371 2593 2270 2593 2270 2694 2371 2695 2372 2593 2270 2695 2372 2594 2271 2594 2271 2695 2372 2690 2367 2594 2271 2690 2367 2580 2257 2580 2257 2690 2367 2581 2258 2602 2279 2696 2373 2603 2280 2603 2280 2696 2373 2697 2374 2603 2280 2697 2374 2691 2368 2576 2253 2698 2375 2602 2279 2602 2279 2698 2375 2699 2376 2602 2279 2699 2376 2696 2373 2575 2252 2700 2377 2576 2253 2576 2253 2700 2377 2701 2378 2576 2253 2701 2378 2698 2375 2590 2267 2702 2379 2575 2252 2575 2252 2702 2379 2703 2380 2575 2252 2703 2380 2700 2377 2704 2381 2705 2382 2590 2267 2590 2267 2705 2382 2706 2383 2590 2267 2706 2383 2702 2379 2590 2267 2589 2266 2704 2381 2704 2381 2589 2266 2588 2265 2704 2381 2588 2265 2649 2326 2707 2384 2705 2382 2677 2354 2677 2354 2705 2382 2704 2381 2677 2354 2704 2381 2649 2326 2708 2385 2709 2386 2700 2377 2700 2377 2703 2380 2708 2385 2708 2385 2703 2380 2702 2379 2708 2385 2702 2379 2707 2384 2707 2384 2702 2379 2706 2383 2707 2384 2706 2383 2705 2382 2710 2387 2711 2388 2696 2373 2696 2373 2699 2376 2710 2387 2710 2387 2699 2376 2698 2375 2710 2387 2698 2375 2709 2386 2709 2386 2698 2375 2701 2378 2709 2386 2701 2378 2700 2377 2712 2389 2713 2390 2693 2370 2693 2370 2692 2369 2712 2389 2712 2389 2692 2369 2691 2368 2712 2389 2691 2368 2711 2388 2711 2388 2691 2368 2697 2374 2711 2388 2697 2374 2696 2373 2714 2391 2715 2392 2689 2366 2689 2366 2690 2367 2714 2391 2714 2391 2690 2367 2695 2372 2714 2391 2695 2372 2713 2390 2713 2390 2695 2372 2694 2371 2713 2390 2694 2371 2693 2370 2475 2152 2499 2176 2584 2261 2530 2207 2529 2206 2716 2393 2716 2393 2529 2206 2553 2230 2689 2366 2470 2147 2471 2148 2582 2259 2535 2212 2534 2211 2534 2211 2533 2210 2582 2259 2582 2259 2533 2210 2532 2209 2582 2259 2532 2209 2716 2393 2716 2393 2532 2209 2531 2208 2716 2393 2531 2208 2530 2207 2559 2236 2558 2235 2716 2393 2479 2156 2478 2155 2572 2249 2572 2249 2478 2155 2573 2250 2573 2250 2478 2155 2574 2251 2574 2251 2478 2155 2477 2154 2574 2251 2477 2154 2476 2153 2554 2231 2557 2234 2716 2393 2716 2393 2557 2234 2556 2233 2716 2393 2556 2233 2559 2236 2558 2235 2561 2238 2716 2393 2716 2393 2561 2238 2560 2237 2716 2393 2560 2237 2689 2366 2689 2366 2560 2237 2563 2240 2689 2366 2563 2240 2562 2239 2471 2148 2472 2149 2689 2366 2689 2366 2472 2149 2473 2150 2689 2366 2473 2150 2584 2261 2584 2261 2473 2150 2474 2151 2584 2261 2474 2151 2475 2152 2562 2239 2565 2242 2689 2366 2689 2366 2565 2242 2564 2241 2689 2366 2564 2241 2568 2245 2574 2251 2460 2137 2689 2366 2689 2366 2460 2137 2459 2136 2689 2366 2459 2136 2462 2139 2462 2139 2461 2138 2689 2366 2689 2366 2461 2138 2464 2141 2689 2366 2464 2141 2463 2140 2568 2245 2567 2244 2689 2366 2689 2366 2567 2244 2566 2243 2689 2366 2566 2243 2574 2251 2551 2228 2483 2160 2482 2159 2455 2132 2458 2135 2574 2251 2574 2251 2458 2135 2457 2134 2574 2251 2457 2134 2460 2137 2553 2230 2552 2229 2716 2393 2716 2393 2552 2229 2555 2232 2716 2393 2555 2232 2554 2231 2479 2156 2572 2249 2480 2157 2480 2157 2572 2249 2571 2248 2480 2157 2571 2248 2481 2158 2481 2158 2571 2248 2570 2247 2481 2158 2570 2247 2482 2159 2482 2159 2570 2247 2569 2246 2482 2159 2569 2246 2551 2228 2463 2140 2466 2143 2689 2366 2689 2366 2466 2143 2465 2142 2689 2366 2465 2142 2469 2146 2476 2153 2454 2131 2574 2251 2574 2251 2454 2131 2456 2133 2574 2251 2456 2133 2455 2132 2469 2146 2468 2145 2689 2366 2689 2366 2468 2145 2467 2144 2689 2366 2467 2144 2470 2147 2689 2366 2715 2392 2716 2393 2716 2393 2715 2392 2717 2394 2718 2395 2719 2396 2397 2074 2714 2391 2713 2390 2379 2056 2720 2397 2721 2398 2417 2094 2722 2399 2397 2074 2723 2400 2723 2400 2397 2074 2417 2094 2397 2074 2719 2396 2378 2055 2378 2055 2719 2396 2724 2401 2378 2055 2724 2401 2725 2402 2726 2403 2727 2404 2378 2055 2378 2055 2727 2404 2717 2394 2378 2055 2717 2394 2379 2056 2379 2056 2717 2394 2715 2392 2379 2056 2715 2392 2714 2391 2725 2402 2728 2405 2378 2055 2378 2055 2728 2405 2729 2406 2378 2055 2729 2406 2730 2407 2730 2407 2731 2408 2378 2055 2378 2055 2731 2408 2732 2409 2378 2055 2732 2409 2726 2403 2708 2385 2379 2056 2709 2386 2709 2386 2379 2056 2710 2387 2733 2410 2734 2411 2417 2094 2721 2398 2735 2412 2417 2094 2417 2094 2735 2412 2736 2413 2417 2094 2736 2413 2723 2400 2722 2399 2737 2414 2397 2074 2397 2074 2737 2414 2738 2415 2397 2074 2738 2415 2739 2416 2713 2390 2712 2389 2379 2056 2379 2056 2712 2389 2711 2388 2379 2056 2711 2388 2710 2387 2708 2385 2707 2384 2379 2056 2379 2056 2707 2384 2677 2354 2379 2056 2677 2354 2417 2094 2417 2094 2677 2354 2674 2351 2417 2094 2674 2351 2733 2410 2734 2411 2740 2417 2417 2094 2417 2094 2740 2417 2741 2418 2417 2094 2741 2418 2720 2397 2739 2416 2742 2419 2397 2074 2397 2074 2742 2419 2743 2420 2397 2074 2743 2420 2744 2421 2744 2421 2745 2422 2397 2074 2397 2074 2745 2422 2746 2423 2397 2074 2746 2423 2718 2395 2747 2424 2748 2425 2577 2254 2749 2426 2587 2264 2586 2263 2749 2426 2586 2263 2750 2427 2750 2427 2586 2263 2585 2262 2750 2427 2585 2262 2751 2428 2579 2256 2752 2429 2585 2262 2585 2262 2752 2429 2753 2430 2585 2262 2753 2430 2751 2428 2577 2254 2748 2425 2578 2255 2748 2425 2754 2431 2578 2255 2578 2255 2754 2431 2755 2432 2578 2255 2755 2432 2579 2256 2579 2256 2755 2432 2756 2433 2579 2256 2756 2433 2752 2429 2747 2424 2577 2254 2757 2434 2757 2434 2577 2254 2601 2278 2757 2434 2601 2278 2758 2435 2758 2435 2601 2278 2600 2277 2758 2435 2600 2277 2759 2436 2759 2436 2600 2277 2599 2276 2759 2436 2599 2276 2760 2437 2760 2437 2599 2276 2596 2273 2760 2437 2596 2273 2761 2438 2761 2438 2596 2273 2595 2272 2761 2438 2595 2272 2762 2439 2762 2439 2595 2272 2592 2269 2762 2439 2592 2269 2763 2440 2582 2259 2716 2393 2583 2260 2583 2260 2716 2393 2763 2440 2583 2260 2763 2440 2591 2268 2591 2268 2763 2440 2592 2269 2752 2429 2756 2433 2729 2406 2727 2404 2726 2403 2760 2437 2760 2437 2761 2438 2727 2404 2727 2404 2761 2438 2762 2439 2727 2404 2762 2439 2717 2394 2717 2394 2762 2439 2763 2440 2717 2394 2763 2440 2716 2393 2732 2409 2731 2408 2747 2424 2747 2424 2757 2434 2732 2409 2732 2409 2757 2434 2758 2435 2732 2409 2758 2435 2726 2403 2726 2403 2758 2435 2759 2436 2726 2403 2759 2436 2760 2437 2729 2406 2756 2433 2730 2407 2756 2433 2755 2432 2730 2407 2730 2407 2755 2432 2754 2431 2730 2407 2754 2431 2731 2408 2731 2408 2754 2431 2748 2425 2731 2408 2748 2425 2747 2424 2752 2429 2729 2406 2753 2430 2753 2430 2729 2406 2728 2405 2753 2430 2728 2405 2751 2428 2751 2428 2728 2405 2725 2402 2751 2428 2725 2402 2750 2427 2750 2427 2725 2402 2724 2401 2750 2427 2724 2401 2749 2426 2370 2047 2317 1995 2315 1993 2764 2441 2365 2042 2366 2043 2501 2178 2500 2177 2765 2442 2765 2442 2500 2177 2507 2184 2374 2051 2373 2050 2526 2203 2528 2205 2372 2049 2371 2048 2366 2043 2367 2044 2764 2441 2764 2441 2367 2044 2368 2045 2764 2441 2368 2045 2315 1993 2315 1993 2368 2045 2369 2046 2315 1993 2369 2046 2370 2047 2318 1996 2332 2010 2505 2182 2505 2182 2504 2181 2318 1996 2318 1996 2504 2181 2503 2180 2318 1996 2503 2180 2765 2442 2765 2442 2503 2180 2502 2179 2765 2442 2502 2179 2501 2178 2513 2190 2512 2189 2765 2442 2372 2049 2528 2205 2373 2050 2373 2050 2528 2205 2527 2204 2373 2050 2527 2204 2526 2203 2508 2185 2511 2188 2765 2442 2765 2442 2511 2188 2510 2187 2765 2442 2510 2187 2513 2190 2512 2189 2515 2192 2765 2442 2765 2442 2515 2192 2514 2191 2765 2442 2514 2191 2764 2441 2764 2441 2514 2191 2517 2194 2764 2441 2517 2194 2516 2193 2528 2205 2355 2032 2764 2441 2764 2441 2355 2032 2354 2031 2764 2441 2354 2031 2357 2034 2357 2034 2356 2033 2764 2441 2764 2441 2356 2033 2359 2036 2764 2441 2359 2036 2358 2035 2516 2193 2519 2196 2764 2441 2764 2441 2519 2196 2518 2195 2764 2441 2518 2195 2522 2199 2350 2027 2353 2030 2528 2205 2528 2205 2353 2030 2352 2029 2528 2205 2352 2029 2355 2032 2522 2199 2521 2198 2764 2441 2764 2441 2521 2198 2520 2197 2764 2441 2520 2197 2528 2205 2325 2003 2324 2002 2377 2054 2507 2184 2506 2183 2765 2442 2765 2442 2506 2183 2509 2186 2765 2442 2509 2186 2508 2185 2358 2035 2361 2038 2764 2441 2764 2441 2361 2038 2360 2037 2764 2441 2360 2037 2364 2041 2374 2051 2526 2203 2375 2052 2375 2052 2526 2203 2525 2202 2375 2052 2525 2202 2376 2053 2376 2053 2525 2202 2524 2201 2376 2053 2524 2201 2377 2054 2377 2054 2524 2201 2523 2200 2377 2054 2523 2200 2325 2003 2371 2048 2349 2026 2528 2205 2528 2205 2349 2026 2351 2028 2528 2205 2351 2028 2350 2027 2364 2041 2363 2040 2764 2441 2764 2441 2363 2040 2362 2039 2764 2441 2362 2039 2365 2042 2723 2400 2765 2442 2722 2399 2722 2399 2765 2442 2764 2441 2766 2443 2767 2444 2311 1989 2675 2352 2328 2006 2327 2005 2675 2352 2327 2005 2768 2445 2768 2445 2327 2005 2326 2004 2768 2445 2326 2004 2769 2446 2313 1991 2770 2447 2326 2004 2326 2004 2770 2447 2771 2448 2326 2004 2771 2448 2769 2446 2311 1989 2767 2444 2312 1990 2767 2444 2772 2449 2312 1990 2312 1990 2772 2449 2773 2450 2312 1990 2773 2450 2313 1991 2313 1991 2773 2450 2774 2451 2313 1991 2774 2451 2770 2447 2766 2443 2311 1989 2775 2452 2775 2452 2311 1989 2348 2025 2775 2452 2348 2025 2776 2453 2776 2453 2348 2025 2347 2024 2776 2453 2347 2024 2777 2454 2777 2454 2347 2024 2346 2023 2777 2454 2346 2023 2778 2455 2778 2455 2346 2023 2340 2017 2778 2455 2340 2017 2779 2456 2779 2456 2340 2017 2339 2016 2779 2456 2339 2016 2780 2457 2780 2457 2339 2016 2336 2013 2780 2457 2336 2013 2781 2458 2318 1996 2765 2442 2319 1997 2319 1997 2765 2442 2781 2458 2319 1997 2781 2458 2335 2012 2335 2012 2781 2458 2336 2013 2770 2447 2774 2451 2740 2417 2736 2413 2735 2412 2778 2455 2778 2455 2779 2456 2736 2413 2736 2413 2779 2456 2780 2457 2736 2413 2780 2457 2723 2400 2723 2400 2780 2457 2781 2458 2723 2400 2781 2458 2765 2442 2721 2398 2720 2397 2766 2443 2766 2443 2775 2452 2721 2398 2721 2398 2775 2452 2776 2453 2721 2398 2776 2453 2735 2412 2735 2412 2776 2453 2777 2454 2735 2412 2777 2454 2778 2455 2740 2417 2774 2451 2741 2418 2774 2451 2773 2450 2741 2418 2741 2418 2773 2450 2772 2449 2741 2418 2772 2449 2720 2397 2720 2397 2772 2449 2767 2444 2720 2397 2767 2444 2766 2443 2770 2447 2740 2417 2771 2448 2771 2448 2740 2417 2734 2411 2771 2448 2734 2411 2769 2446 2769 2446 2734 2411 2733 2410 2769 2446 2733 2410 2768 2445 2768 2445 2733 2410 2674 2351 2768 2445 2674 2351 2675 2352 2320 1998 1965 1791 1814 1640 1764 1590 1943 1769 2587 2264 2320 1998 1814 1640 2782 2459 2783 2460 2784 2461 2724 2401 2724 2401 2784 2461 2785 2462 2724 2401 2785 2462 2786 2463 2786 2463 2787 2464 2724 2401 2724 2401 2787 2464 2788 2465 2724 2401 2788 2465 2789 2466 2790 2467 2749 2426 2791 2468 2791 2468 2749 2426 2792 2469 2790 2467 2793 2470 2749 2426 2749 2426 2793 2470 2794 2471 2749 2426 2794 2471 2795 2472 2789 2466 2796 2473 2724 2401 2724 2401 2796 2473 2797 2474 2724 2401 2797 2474 2749 2426 2749 2426 2797 2474 2798 2475 2749 2426 2798 2475 2792 2469 2795 2472 2799 2476 2749 2426 2749 2426 2799 2476 2800 2477 2749 2426 2800 2477 2801 2478 2802 2479 2803 2480 2782 2459 2782 2459 2803 2480 2804 2481 2782 2459 2804 2481 2805 2482 1764 1590 2587 2264 1814 1640 1814 1640 2587 2264 2749 2426 1814 1640 2749 2426 2782 2459 2782 2459 2749 2426 2801 2478 2782 2459 2801 2478 2802 2479 2805 2482 2806 2483 2782 2459 2782 2459 2806 2483 2807 2484 2782 2459 2807 2484 2808 2485 2783 2460 2724 2401 2809 2486 2809 2486 2724 2401 2719 2396 2809 2486 2719 2396 2810 2487 2811 2488 2719 2396 2812 2489 2812 2489 2719 2396 2782 2459 2812 2489 2782 2459 2813 2490 2813 2490 2782 2459 2808 2485 2811 2488 2814 2491 2719 2396 2719 2396 2814 2491 2815 2492 2719 2396 2815 2492 2816 2493 2816 2493 2817 2494 2719 2396 2719 2396 2817 2494 2818 2495 2719 2396 2818 2495 2810 2487 2764 2441 2315 1993 2304 1982 2764 2441 2304 1982 2819 2496 2304 1982 2303 1981 2819 2496 2819 2496 2303 1981 2338 2015 2819 2496 2338 2015 2820 2497 2338 2015 2337 2014 2820 2497 2820 2497 2337 2014 2342 2019 2820 2497 2342 2019 2821 2498 2342 2019 2341 2018 2821 2498 2821 2498 2341 2018 2345 2022 2821 2498 2345 2022 2822 2499 2345 2022 2344 2021 2822 2499 2822 2499 2344 2021 2343 2020 2822 2499 2343 2020 2823 2500 2823 2500 2343 2020 2297 1975 2823 2500 2297 1975 2824 2501 2824 2501 2297 1975 2296 1974 2824 2501 2296 1974 2825 2502 2825 2502 2296 1974 2322 2000 2825 2502 2322 2000 2826 2503 2826 2503 2322 2000 2321 1999 2826 2503 2321 1999 2827 2504 2827 2504 2321 1999 2320 1998 2827 2504 2320 1998 2782 2459 2782 2459 2719 2396 2718 2395 2782 2459 2718 2395 2827 2504 2827 2504 2718 2395 2746 2423 2827 2504 2746 2423 2826 2503 2826 2503 2746 2423 2745 2422 2826 2503 2745 2422 2825 2502 2825 2502 2745 2422 2744 2421 2825 2502 2744 2421 2824 2501 2824 2501 2744 2421 2743 2420 2824 2501 2743 2420 2823 2500 2823 2500 2743 2420 2742 2419 2823 2500 2742 2419 2822 2499 2822 2499 2742 2419 2739 2416 2822 2499 2739 2416 2821 2498 2821 2498 2739 2416 2738 2415 2821 2498 2738 2415 2820 2497 2820 2497 2738 2415 2737 2414 2820 2497 2737 2414 2819 2496 2819 2496 2737 2414 2722 2399 2819 2496 2722 2399 2764 2441 2653 2330 2447 2124 2654 2331 2654 2331 2447 2124 2446 2123 2654 2331 2446 2123 2655 2332 2655 2332 2446 2123 2445 2122 2655 2332 2445 2122 2660 2337 2660 2337 2445 2122 2437 2114 2660 2337 2437 2114 2661 2338 2661 2338 2437 2114 2436 2113 2661 2338 2436 2113 2662 2339 2662 2339 2436 2113 2435 2112 2662 2339 2435 2112 2656 2333 2656 2333 2435 2112 2422 2099 2656 2333 2422 2099 2657 2334 2657 2334 2422 2099 2421 2098 2657 2334 2421 2098 2663 2340 2663 2340 2421 2098 2444 2121 2663 2340 2444 2121 2664 2341 2664 2341 2444 2121 2443 2120 2664 2341 2443 2120 2665 2342 2665 2342 2443 2120 2442 2119 2665 2342 2442 2119 2666 2343 2666 2343 2442 2119 2425 2102 2666 2343 2425 2102 2667 2344 2667 2344 2425 2102 2424 2101 2667 2344 2424 2101 2668 2345 2668 2345 2424 2101 2423 2100 2668 2345 2423 2100 2669 2346 2669 2346 2423 2100 2420 2097 2669 2346 2420 2097 2670 2347 2670 2347 2420 2097 2419 2096 2670 2347 2419 2096 2671 2348 2671 2348 2419 2096 2418 2095 2671 2348 2418 2095 2679 2356 2679 2356 2418 2095 2434 2111 2679 2356 2434 2111 2678 2355 2678 2355 2434 2111 2433 2110 2678 2355 2433 2110 2676 2353 2676 2353 2433 2110 2432 2109 2676 2353 2432 2109 2680 2357 2680 2357 2432 2109 2431 2108 2680 2357 2431 2108 2681 2358 2681 2358 2431 2108 2430 2107 2681 2358 2430 2107 2682 2359 2682 2359 2430 2107 2429 2106 2682 2359 2429 2106 2683 2360 2683 2360 2429 2106 2426 2103 2683 2360 2426 2103 2684 2361 2684 2361 2426 2103 2427 2104 2684 2361 2427 2104 2685 2362 2685 2362 2427 2104 2428 2105 2685 2362 2428 2105 2686 2363 2686 2363 2428 2105 2441 2118 2686 2363 2441 2118 2687 2364 2687 2364 2441 2118 2440 2117 2687 2364 2440 2117 2688 2365 2688 2365 2440 2117 2439 2116 2688 2365 2439 2116 2672 2349 2672 2349 2439 2116 2438 2115 2672 2349 2438 2115 2673 2350 2673 2350 2438 2115 2453 2130 2673 2350 2453 2130 2650 2327 2650 2327 2453 2130 2452 2129 2650 2327 2452 2129 2651 2328 2651 2328 2452 2129 2451 2128 2651 2328 2451 2128 2658 2335 2658 2335 2451 2128 2450 2127 2658 2335 2450 2127 2659 2336 2659 2336 2450 2127 2449 2126 2659 2336 2449 2126 2652 2329 2652 2329 2449 2126 2448 2125 2652 2329 2448 2125 2653 2330 2653 2330 2448 2125 2447 2124 2415 2092 2812 2489 2416 2093 2416 2093 2812 2489 2813 2490 2416 2093 2813 2490 2381 2058 2381 2058 2813 2490 2808 2485 2381 2058 2808 2485 2382 2059 2382 2059 2808 2485 2807 2484 2382 2059 2807 2484 2400 2077 2400 2077 2807 2484 2806 2483 2400 2077 2806 2483 2401 2078 2401 2078 2806 2483 2805 2482 2401 2078 2805 2482 2402 2079 2402 2079 2805 2482 2804 2481 2402 2079 2804 2481 2403 2080 2403 2080 2804 2481 2803 2480 2403 2080 2803 2480 2404 2081 2404 2081 2803 2480 2802 2479 2404 2081 2802 2479 2380 2057 2380 2057 2802 2479 2801 2478 2380 2057 2801 2478 2383 2060 2383 2060 2801 2478 2800 2477 2383 2060 2800 2477 2384 2061 2384 2061 2800 2477 2799 2476 2384 2061 2799 2476 2385 2062 2385 2062 2799 2476 2795 2472 2385 2062 2795 2472 2386 2063 2386 2063 2795 2472 2794 2471 2386 2063 2794 2471 2387 2064 2387 2064 2794 2471 2793 2470 2387 2064 2793 2470 2388 2065 2388 2065 2793 2470 2790 2467 2388 2065 2790 2467 2405 2082 2405 2082 2790 2467 2791 2468 2405 2082 2791 2468 2406 2083 2406 2083 2791 2468 2792 2469 2406 2083 2792 2469 2407 2084 2407 2084 2792 2469 2798 2475 2407 2084 2798 2475 2389 2066 2389 2066 2798 2475 2797 2474 2389 2066 2797 2474 2390 2067 2390 2067 2797 2474 2796 2473 2390 2067 2796 2473 2391 2068 2391 2068 2796 2473 2789 2466 2391 2068 2789 2466 2392 2069 2392 2069 2789 2466 2788 2465 2392 2069 2788 2465 2393 2070 2393 2070 2788 2465 2787 2464 2393 2070 2787 2464 2394 2071 2394 2071 2787 2464 2786 2463 2394 2071 2786 2463 2395 2072 2395 2072 2786 2463 2785 2462 2395 2072 2785 2462 2399 2076 2399 2076 2785 2462 2784 2461 2399 2076 2784 2461 2398 2075 2398 2075 2784 2461 2783 2460 2398 2075 2783 2460 2396 2073 2396 2073 2783 2460 2809 2486 2396 2073 2809 2486 2408 2085 2408 2085 2809 2486 2810 2487 2408 2085 2810 2487 2409 2086 2409 2086 2810 2487 2818 2495 2409 2086 2818 2495 2410 2087 2410 2087 2818 2495 2817 2494 2410 2087 2817 2494 2411 2088 2411 2088 2817 2494 2816 2493 2411 2088 2816 2493 2412 2089 2412 2089 2816 2493 2815 2492 2412 2089 2815 2492 2413 2090 2413 2090 2815 2492 2814 2491 2413 2090 2814 2491 2414 2091 2414 2091 2814 2491 2811 2488 2414 2091 2811 2488 2415 2092 2415 2092 2811 2488 2812 2489 2828 2505 2829 2506 2830 2507 2830 2507 2829 2506 2831 2508 2832 2509 2833 2510 2834 2511 2832 2509 2834 2511 2835 2512 2835 2512 2834 2511 2836 2513 2835 2512 2836 2513 2837 2514 2837 2514 2836 2513 2838 2515 2837 2514 2838 2515 2839 2516 2839 2516 2838 2515 2840 2517 2839 2516 2840 2517 2841 2518 2841 2518 2840 2517 2842 2519 2841 2518 2842 2519 2843 2520 2843 2520 2842 2519 2844 2521 2843 2520 2844 2521 2845 2522 2845 2522 2844 2521 2846 2523 2845 2522 2846 2523 2847 2524 2847 2524 2846 2523 2848 2525 2847 2524 2848 2525 2849 2526 2849 2526 2848 2525 2828 2505 2849 2526 2828 2505 2830 2507 2850 2527 2851 2528 2852 2529 2850 2527 2852 2529 2853 2530 2853 2530 2852 2529 2854 2531 2853 2530 2854 2531 2855 2532 2855 2532 2854 2531 2856 2533 2855 2532 2856 2533 2857 2534 2857 2534 2856 2533 2858 2535 2857 2534 2858 2535 2859 2536 2859 2536 2858 2535 2860 2537 2859 2536 2860 2537 2861 2538 2861 2538 2860 2537 2862 2539 2861 2538 2862 2539 2863 2540 2863 2540 2862 2539 2864 2541 2863 2540 2864 2541 2865 2542 2865 2542 2864 2541 2866 2543 2865 2542 2866 2543 2867 2544 2867 2544 2866 2543 2868 2545 2867 2544 2868 2545 2869 2546 2870 2547 2871 2548 2872 2549 2870 2547 2872 2549 2873 2550 2873 2550 2872 2549 2874 2551 2873 2550 2874 2551 2875 2552 2875 2552 2874 2551 2876 2553 2875 2552 2876 2553 2877 2554 2877 2554 2876 2553 2878 2555 2877 2554 2878 2555 2879 2556 2879 2556 2878 2555 2880 2557 2879 2556 2880 2557 2881 2558 2881 2558 2880 2557 2882 2559 2881 2558 2882 2559 2883 2560 2883 2560 2882 2559 2884 2561 2883 2560 2884 2561 2885 2562 2885 2562 2884 2561 2886 2563 2885 2562 2886 2563 2887 2564 2887 2564 2886 2563 2888 2565 2887 2564 2888 2565 2889 2566 2888 2565 2851 2528 2889 2566 2889 2566 2851 2528 2850 2527 2831 2508 2829 2506 2890 2567 2831 2508 2890 2567 2891 2568 2891 2568 2890 2567 2892 2569 2891 2568 2892 2569 2893 2570 2893 2570 2892 2569 2894 2571 2893 2570 2894 2571 2895 2572 2895 2572 2894 2571 2896 2573 2895 2572 2896 2573 2897 2574 2897 2574 2896 2573 2898 2575 2897 2574 2898 2575 2899 2576 2899 2576 2898 2575 2900 2577 2899 2576 2900 2577 2901 2578 2901 2578 2900 2577 2902 2579 2901 2578 2902 2579 2903 2580 2903 2580 2902 2579 2904 2581 2903 2580 2904 2581 2905 2582 2905 2582 2904 2581 2906 2583 2905 2582 2906 2583 2907 2584 2906 2583 2833 2510 2871 2548 2871 2548 2833 2510 2868 2545 2856 2533 2854 2531 2868 2545 2892 2569 2890 2567 2906 2583 2906 2583 2890 2567 2829 2506 2906 2583 2829 2506 2833 2510 2854 2531 2852 2529 2868 2545 2868 2545 2852 2529 2851 2528 2868 2545 2851 2528 2871 2548 2871 2548 2851 2528 2888 2565 2829 2506 2828 2505 2833 2510 2833 2510 2828 2505 2848 2525 2833 2510 2848 2525 2846 2523 2904 2581 2902 2579 2900 2577 2864 2541 2862 2539 2866 2543 2866 2543 2862 2539 2860 2537 2866 2543 2860 2537 2868 2545 2868 2545 2860 2537 2858 2535 2868 2545 2858 2535 2856 2533 2888 2565 2886 2563 2871 2548 2871 2548 2886 2563 2884 2561 2871 2548 2884 2561 2882 2559 2900 2577 2898 2575 2904 2581 2904 2581 2898 2575 2896 2573 2904 2581 2896 2573 2906 2583 2906 2583 2896 2573 2894 2571 2906 2583 2894 2571 2892 2569 2846 2523 2844 2521 2833 2510 2833 2510 2844 2521 2842 2519 2833 2510 2842 2519 2840 2517 2840 2517 2838 2515 2833 2510 2833 2510 2838 2515 2836 2513 2833 2510 2836 2513 2834 2511 2882 2559 2880 2557 2871 2548 2871 2548 2880 2557 2878 2555 2871 2548 2878 2555 2872 2549 2872 2549 2878 2555 2876 2553 2872 2549 2876 2553 2874 2551 2908 2585 2907 2584 2909 2586 2909 2586 2907 2584 2906 2583 2909 2586 2906 2583 2910 2587 2910 2587 2906 2583 2871 2548 2910 2587 2871 2548 2911 2588 2911 2588 2871 2548 2870 2547 2912 2589 2913 2590 2911 2588 2911 2588 2913 2590 2910 2587 2913 2590 2914 2591 2910 2587 2910 2587 2914 2591 2909 2586 2914 2591 2915 2592 2909 2586 2909 2586 2915 2592 2908 2585 2907 2584 2908 2585 2915 2592 2869 2546 2916 2593 2917 2594 2915 2592 2830 2507 2907 2584 2907 2584 2830 2507 2831 2508 2907 2584 2831 2508 2891 2568 2911 2588 2869 2546 2912 2589 2912 2589 2869 2546 2917 2594 2912 2589 2917 2594 2915 2592 2915 2592 2917 2594 2918 2595 2915 2592 2918 2595 2830 2507 2891 2568 2893 2570 2907 2584 2907 2584 2893 2570 2895 2572 2907 2584 2895 2572 2897 2574 2911 2588 2870 2547 2869 2546 2869 2546 2870 2547 2889 2566 2869 2546 2889 2566 2850 2527 2897 2574 2899 2576 2901 2578 2918 2595 2919 2596 2830 2507 2830 2507 2919 2596 2832 2509 2830 2507 2832 2509 2849 2526 2849 2526 2832 2509 2847 2524 2883 2560 2885 2562 2870 2547 2870 2547 2885 2562 2887 2564 2870 2547 2887 2564 2889 2566 2901 2578 2903 2580 2897 2574 2897 2574 2903 2580 2905 2582 2897 2574 2905 2582 2907 2584 2875 2552 2877 2554 2873 2550 2873 2550 2877 2554 2879 2556 2873 2550 2879 2556 2870 2547 2870 2547 2879 2556 2881 2558 2870 2547 2881 2558 2883 2560 2850 2527 2853 2530 2869 2546 2869 2546 2853 2530 2855 2532 2869 2546 2855 2532 2857 2534 2857 2534 2859 2536 2869 2546 2869 2546 2859 2536 2861 2538 2869 2546 2861 2538 2867 2544 2867 2544 2861 2538 2863 2540 2867 2544 2863 2540 2865 2542 2835 2512 2837 2514 2832 2509 2832 2509 2837 2514 2839 2516 2832 2509 2839 2516 2841 2518 2841 2518 2843 2520 2832 2509 2832 2509 2843 2520 2845 2522 2832 2509 2845 2522 2847 2524 2915 2592 2914 2591 2912 2589 2912 2589 2914 2591 2913 2590 2920 2597 2916 2593 2869 2546 2833 2510 2832 2509 2919 2596 2919 2596 2921 2598 2833 2510 2833 2510 2921 2598 2920 2597 2833 2510 2920 2597 2868 2545 2868 2545 2920 2597 2869 2546 2922 2599 2918 2595 2923 2600 2923 2600 2918 2595 2917 2594 2923 2600 2917 2594 2920 2597 2920 2597 2917 2594 2916 2593 2922 2599 2923 2600 2921 2598 2921 2598 2923 2600 2920 2597 2918 2595 2922 2599 2919 2596 2919 2596 2922 2599 2921 2598 2924 2601 2925 2602 2926 2603 2926 2603 2925 2602 2927 2604 2926 2603 2927 2604 2928 2605 2929 2606 2930 2607 2931 2608 2931 2608 2930 2607 2932 2609 2931 2608 2932 2609 2924 2601 2924 2601 2932 2609 2933 2610 2924 2601 2933 2610 2925 2602 2934 2611 2935 2612 2936 2613 2936 2613 2935 2612 2937 2614 2936 2613 2937 2614 2938 2615 2939 2616 2940 2617 2934 2611 2934 2611 2940 2617 2941 2618 2934 2611 2941 2618 2935 2612 2942 2619 2943 2620 2944 2621 2944 2621 2943 2620 2945 2622 2944 2621 2945 2622 2946 2623 2947 2624 2948 2625 2929 2606 2929 2606 2948 2625 2949 2626 2929 2606 2949 2626 2930 2607 2950 2627 2951 2628 2939 2616 2939 2616 2951 2628 2952 2629 2939 2616 2952 2629 2940 2617 2953 2630 2954 2631 2955 2632 2955 2632 2954 2631 2956 2633 2955 2632 2956 2633 2957 2634 2958 2635 2959 2636 2960 2637 2960 2637 2959 2636 2961 2638 2960 2637 2961 2638 2953 2630 2953 2630 2961 2638 2962 2639 2953 2630 2962 2639 2954 2631 2945 2622 2963 2640 2946 2623 2946 2623 2963 2640 2964 2641 2946 2623 2964 2641 2958 2635 2958 2635 2964 2641 2965 2642 2958 2635 2965 2642 2959 2636 2927 2604 2966 2643 2928 2605 2928 2605 2966 2643 2967 2644 2928 2605 2967 2644 2968 2645 2937 2614 2969 2646 2938 2615 2938 2615 2969 2646 2970 2647 2938 2615 2970 2647 2971 2648 2971 2648 2970 2647 2972 2649 2971 2648 2972 2649 2947 2624 2947 2624 2972 2649 2973 2650 2947 2624 2973 2650 2948 2625 2974 2651 2975 2652 2950 2627 2950 2627 2975 2652 2976 2653 2950 2627 2976 2653 2951 2628 2977 2654 2978 2655 2979 2656 2979 2656 2978 2655 2980 2657 2979 2656 2980 2657 2981 2658 2982 2659 2983 2660 2984 2661 2984 2661 2983 2660 2985 2662 2984 2661 2985 2662 2986 2663 2956 2633 2987 2664 2957 2634 2957 2634 2987 2664 2988 2665 2957 2634 2988 2665 2989 2666 2989 2666 2988 2665 2990 2667 2989 2666 2990 2667 2991 2668 2992 2669 2993 2670 2994 2671 2994 2671 2993 2670 2995 2672 2994 2671 2995 2672 2942 2619 2942 2619 2995 2672 2996 2673 2942 2619 2996 2673 2943 2620 2967 2644 2997 2674 2968 2645 2968 2645 2997 2674 2998 2675 2968 2645 2998 2675 2999 2676 2999 2676 2998 2675 3000 2677 2999 2676 3000 2677 2992 2669 2992 2669 3000 2677 3001 2678 2992 2669 3001 2678 2993 2670 2980 2657 3002 2679 2981 2658 2981 2658 3002 2679 3003 2680 2981 2658 3003 2680 3004 2681 3004 2681 3003 2680 3005 2682 3004 2681 3005 2682 2974 2651 2974 2651 3005 2682 3006 2683 2974 2651 3006 2683 2975 2652 2985 2662 3007 2684 2986 2663 2986 2663 3007 2684 3008 2685 2986 2663 3008 2685 3009 2686 3009 2686 3008 2685 3010 2687 3009 2686 3010 2687 3011 2688 2990 2667 3012 2689 2991 2668 2991 2668 3012 2689 3013 2690 2991 2668 3013 2690 2982 2659 2982 2659 3013 2690 3014 2691 2982 2659 3014 2691 2983 2660 3010 2687 3015 2692 3011 2688 3011 2688 3015 2692 3016 2693 3011 2688 3016 2693 2977 2654 2977 2654 3016 2693 3017 2694 2977 2654 3017 2694 2978 2655 3018 2695 2964 2641 3019 2696 3019 2696 2964 2641 2963 2640 3019 2696 2963 2640 3020 2697 3020 2697 2963 2640 2945 2622 3020 2697 2945 2622 3021 2698 3021 2698 2945 2622 2943 2620 3021 2698 2943 2620 3022 2699 3022 2699 2943 2620 2996 2673 3022 2699 2996 2673 3023 2700 3023 2700 2996 2673 2995 2672 3023 2700 2995 2672 3024 2701 3024 2701 2995 2672 2993 2670 3024 2701 2993 2670 3025 2702 3025 2702 2993 2670 3001 2678 3025 2702 3001 2678 3026 2703 3026 2703 3001 2678 3000 2677 3026 2703 3000 2677 3027 2704 3027 2704 3000 2677 2998 2675 3027 2704 2998 2675 3028 2705 3028 2705 2998 2675 2997 2674 3028 2705 2997 2674 3029 2706 3029 2706 2997 2674 2967 2644 3029 2706 2967 2644 3030 2707 3030 2707 2967 2644 2966 2643 3030 2707 2966 2643 3031 2708 3031 2708 2966 2643 2927 2604 3031 2708 2927 2604 3032 2709 3032 2709 2927 2604 2925 2602 3032 2709 2925 2602 3033 2710 3033 2710 2925 2602 2933 2610 3033 2710 2933 2610 3034 2711 3034 2711 2933 2610 2932 2609 3034 2711 2932 2609 3035 2712 3035 2712 2932 2609 2930 2607 3035 2712 2930 2607 3036 2713 3036 2713 2930 2607 2949 2626 3036 2713 2949 2626 3037 2714 3037 2714 2949 2626 2948 2625 3037 2714 2948 2625 3038 2715 3038 2715 2948 2625 2973 2650 3038 2715 2973 2650 3039 2716 3039 2716 2973 2650 2972 2649 3039 2716 2972 2649 3040 2717 3040 2717 2972 2649 2970 2647 3040 2717 2970 2647 3041 2718 3041 2718 2970 2647 2969 2646 3041 2718 2969 2646 3042 2719 3042 2719 2969 2646 2937 2614 3042 2719 2937 2614 3043 2720 3043 2720 2937 2614 2935 2612 3043 2720 2935 2612 3044 2721 3044 2721 2935 2612 2941 2618 3044 2721 2941 2618 3045 2722 3045 2722 2941 2618 2940 2617 3045 2722 2940 2617 3046 2723 3046 2723 2940 2617 2952 2629 3046 2723 2952 2629 3047 2724 3047 2724 2952 2629 2951 2628 3047 2724 2951 2628 3048 2725 3048 2725 2951 2628 2976 2653 3048 2725 2976 2653 3049 2726 3049 2726 2976 2653 2975 2652 3049 2726 2975 2652 3050 2727 3050 2727 2975 2652 3006 2683 3050 2727 3006 2683 3051 2728 3051 2728 3006 2683 3005 2682 3051 2728 3005 2682 3052 2729 3052 2729 3005 2682 3003 2680 3052 2729 3003 2680 3053 2730 3053 2730 3003 2680 3002 2679 3053 2730 3002 2679 3054 2731 3054 2731 3002 2679 2980 2657 3054 2731 2980 2657 3055 2732 3055 2732 2980 2657 2978 2655 3055 2732 2978 2655 3056 2733 3056 2733 2978 2655 3017 2694 3056 2733 3017 2694 3057 2734 3057 2734 3017 2694 3016 2693 3057 2734 3016 2693 3058 2735 3058 2735 3016 2693 3015 2692 3058 2735 3015 2692 3059 2736 3059 2736 3015 2692 3010 2687 3059 2736 3010 2687 3060 2737 3060 2737 3010 2687 3008 2685 3060 2737 3008 2685 3061 2738 3061 2738 3008 2685 3007 2684 3061 2738 3007 2684 3062 2739 3062 2739 3007 2684 2985 2662 3062 2739 2985 2662 3063 2740 3063 2740 2985 2662 2983 2660 3063 2740 2983 2660 3064 2741 3064 2741 2983 2660 3014 2691 3064 2741 3014 2691 3065 2742 3065 2742 3014 2691 3013 2690 3065 2742 3013 2690 3066 2743 3066 2743 3013 2690 3012 2689 3066 2743 3012 2689 3067 2744 3067 2744 3012 2689 2990 2667 3067 2744 2990 2667 3068 2745 3068 2745 2990 2667 2988 2665 3068 2745 2988 2665 3069 2746 3069 2746 2988 2665 2987 2664 3069 2746 2987 2664 3070 2747 3070 2747 2987 2664 2956 2633 3070 2747 2956 2633 3071 2748 3071 2748 2956 2633 2954 2631 3071 2748 2954 2631 3072 2749 3072 2749 2954 2631 2962 2639 3072 2749 2962 2639 3073 2750 3073 2750 2962 2639 2961 2638 3073 2750 2961 2638 3074 2751 3074 2751 2961 2638 2959 2636 3074 2751 2959 2636 3075 2752 3075 2752 2959 2636 2965 2642 3075 2752 2965 2642 3018 2695 3018 2695 2965 2642 2964 2641 3020 2697 3076 2753 3019 2696 3019 2696 3076 2753 3077 2754 3019 2696 3077 2754 3018 2695 3018 2695 3077 2754 3078 2755 3018 2695 3078 2755 3075 2752 3075 2752 3078 2755 3079 2756 3075 2752 3079 2756 3074 2751 3079 2756 3080 2757 3074 2751 3074 2751 3080 2757 3081 2758 3074 2751 3081 2758 3073 2750 3073 2750 3081 2758 3082 2759 3073 2750 3082 2759 3072 2749 3072 2749 3082 2759 3083 2760 3072 2749 3083 2760 3071 2748 3071 2748 3083 2760 3084 2761 3071 2748 3084 2761 3070 2747 3084 2761 3085 2762 3070 2747 3070 2747 3085 2762 3086 2763 3070 2747 3086 2763 3069 2746 3069 2746 3086 2763 3087 2764 3069 2746 3087 2764 3068 2745 3068 2745 3087 2764 3088 2765 3068 2745 3088 2765 3067 2744 3063 2740 3089 2766 3062 2739 3062 2739 3089 2766 3090 2767 3062 2739 3090 2767 3061 2738 3061 2738 3090 2767 3091 2768 3061 2738 3091 2768 3060 2737 3060 2737 3091 2768 3092 2769 3060 2737 3092 2769 3059 2736 3051 2728 3093 2770 3050 2727 3050 2727 3093 2770 3094 2771 3050 2727 3094 2771 3049 2726 3049 2726 3094 2771 3095 2772 3049 2726 3095 2772 3048 2725 3048 2725 3095 2772 3096 2773 3048 2725 3096 2773 3047 2724 3047 2724 3096 2773 3097 2774 3047 2724 3097 2774 3046 2723 3046 2723 3097 2774 3098 2775 3046 2723 3098 2775 3045 2722 3045 2722 3098 2775 3099 2776 3045 2722 3099 2776 3044 2721 3044 2721 3099 2776 3100 2777 3044 2721 3100 2777 3043 2720 3088 2765 3101 2778 3067 2744 3067 2744 3101 2778 3102 2779 3067 2744 3102 2779 3066 2743 3066 2743 3102 2779 3103 2780 3066 2743 3103 2780 3065 2742 3065 2742 3103 2780 3104 2781 3065 2742 3104 2781 3064 2741 3064 2741 3104 2781 3105 2782 3064 2741 3105 2782 3063 2740 3063 2740 3105 2782 3106 2783 3063 2740 3106 2783 3089 2766 3092 2769 3107 2784 3059 2736 3059 2736 3107 2784 3108 2785 3059 2736 3108 2785 3058 2735 3058 2735 3108 2785 3109 2786 3058 2735 3109 2786 3057 2734 3057 2734 3109 2786 3110 2787 3057 2734 3110 2787 3056 2733 3056 2733 3110 2787 3111 2788 3056 2733 3111 2788 3055 2732 3100 2777 3112 2789 3043 2720 3043 2720 3112 2789 3113 2790 3043 2720 3113 2790 3042 2719 3042 2719 3113 2790 3114 2791 3042 2719 3114 2791 3041 2718 3041 2718 3114 2791 3115 2792 3041 2718 3115 2792 3040 2717 3040 2717 3115 2792 3116 2793 3040 2717 3116 2793 3039 2716 3111 2788 3117 2794 3055 2732 3055 2732 3117 2794 3118 2795 3055 2732 3118 2795 3054 2731 3054 2731 3118 2795 3119 2796 3054 2731 3119 2796 3053 2730 3053 2730 3119 2796 3120 2797 3053 2730 3120 2797 3052 2729 3052 2729 3120 2797 3121 2798 3052 2729 3121 2798 3051 2728 3051 2728 3121 2798 3122 2799 3051 2728 3122 2799 3093 2770 3024 2701 3123 2800 3023 2700 3023 2700 3123 2800 3124 2801 3023 2700 3124 2801 3022 2699 3022 2699 3124 2801 3125 2802 3022 2699 3125 2802 3021 2698 3021 2698 3125 2802 3126 2803 3021 2698 3126 2803 3020 2697 3020 2697 3126 2803 3127 2804 3020 2697 3127 2804 3076 2753 3027 2704 3128 2805 3026 2703 3026 2703 3128 2805 3129 2806 3026 2703 3129 2806 3025 2702 3025 2702 3129 2806 3130 2807 3025 2702 3130 2807 3024 2701 3024 2701 3130 2807 3131 2808 3024 2701 3131 2808 3123 2800 3035 2712 3132 2809 3034 2711 3034 2711 3132 2809 3133 2810 3034 2711 3133 2810 3033 2710 3033 2710 3133 2810 3134 2811 3033 2710 3134 2811 3032 2709 3032 2709 3134 2811 3135 2812 3032 2709 3135 2812 3031 2708 3135 2812 3136 2813 3031 2708 3031 2708 3136 2813 3137 2814 3031 2708 3137 2814 3030 2707 3030 2707 3137 2814 3138 2815 3030 2707 3138 2815 3029 2706 3029 2706 3138 2815 3139 2816 3029 2706 3139 2816 3028 2705 3028 2705 3139 2816 3140 2817 3028 2705 3140 2817 3027 2704 3027 2704 3140 2817 3141 2818 3027 2704 3141 2818 3128 2805 3116 2793 3142 2819 3039 2716 3039 2716 3142 2819 3143 2820 3039 2716 3143 2820 3038 2715 3038 2715 3143 2820 3144 2821 3038 2715 3144 2821 3037 2714 3037 2714 3144 2821 3145 2822 3037 2714 3145 2822 3036 2713 3036 2713 3145 2822 3146 2823 3036 2713 3146 2823 3035 2712 3035 2712 3146 2823 3147 2824 3035 2712 3147 2824 3132 2809 2946 2623 2958 2635 3148 2825 3148 2825 3149 2826 2946 2623 2946 2623 3149 2826 3150 2827 2946 2623 3150 2827 2944 2621 3150 2827 3151 2828 2944 2621 2944 2621 3151 2828 3152 2829 2944 2621 3152 2829 2942 2619 3152 2829 3153 2830 2942 2619 2942 2619 3153 2830 3154 2831 2942 2619 3154 2831 2994 2671 3154 2831 3155 2832 2994 2671 2994 2671 3155 2832 3156 2833 2994 2671 3156 2833 2992 2669 3156 2833 3157 2834 2992 2669 2992 2669 3157 2834 3158 2835 2992 2669 3158 2835 2999 2676 3158 2835 3159 2836 2999 2676 2999 2676 3159 2836 3160 2837 2999 2676 3160 2837 2968 2645 3160 2837 3161 2838 2968 2645 2968 2645 3161 2838 3162 2839 2968 2645 3162 2839 2928 2605 3162 2839 3163 2840 2928 2605 2928 2605 3163 2840 3164 2841 2928 2605 3164 2841 2926 2603 3164 2841 3165 2842 2926 2603 2926 2603 3165 2842 3166 2843 2926 2603 3166 2843 2924 2601 3166 2843 3167 2844 2924 2601 2924 2601 3167 2844 3168 2845 2924 2601 3168 2845 2931 2608 3168 2845 3169 2846 2931 2608 2931 2608 3169 2846 3170 2847 2931 2608 3170 2847 2929 2606 3170 2847 3171 2848 2929 2606 2929 2606 3171 2848 3172 2849 2929 2606 3172 2849 2947 2624 3172 2849 3173 2850 2947 2624 2947 2624 3173 2850 3174 2851 2947 2624 3174 2851 2971 2648 3174 2851 3175 2852 2971 2648 2971 2648 3175 2852 3176 2853 2971 2648 3176 2853 2938 2615 3176 2853 3177 2854 2938 2615 2938 2615 3177 2854 3178 2855 2938 2615 3178 2855 2936 2613 3178 2855 3179 2856 2936 2613 2936 2613 3179 2856 3180 2857 2936 2613 3180 2857 2934 2611 3180 2857 3181 2858 2934 2611 2934 2611 3181 2858 3182 2859 2934 2611 3182 2859 2939 2616 3182 2859 3183 2860 2939 2616 2939 2616 3183 2860 3184 2861 2939 2616 3184 2861 2950 2627 3184 2861 3185 2862 2950 2627 2950 2627 3185 2862 3186 2863 2950 2627 3186 2863 2974 2651 3186 2863 3187 2864 2974 2651 2974 2651 3187 2864 3188 2865 2974 2651 3188 2865 3004 2681 3188 2865 3189 2866 3004 2681 3004 2681 3189 2866 3190 2867 3004 2681 3190 2867 2981 2658 3190 2867 3191 2868 2981 2658 2981 2658 3191 2868 3192 2869 2981 2658 3192 2869 2979 2656 3192 2869 3193 2870 2979 2656 2979 2656 3193 2870 3194 2871 2979 2656 3194 2871 2977 2654 3194 2871 3195 2872 2977 2654 2977 2654 3195 2872 3196 2873 2977 2654 3196 2873 3011 2688 3196 2873 3197 2874 3011 2688 3011 2688 3197 2874 3198 2875 3011 2688 3198 2875 3009 2686 3198 2875 3199 2876 3009 2686 3009 2686 3199 2876 3200 2877 3009 2686 3200 2877 2986 2663 3200 2877 3201 2878 2986 2663 2986 2663 3201 2878 3202 2879 2986 2663 3202 2879 2984 2661 3202 2879 3203 2880 2984 2661 2984 2661 3203 2880 3204 2881 2984 2661 3204 2881 2982 2659 3204 2881 3205 2882 2982 2659 2982 2659 3205 2882 3206 2883 2982 2659 3206 2883 2991 2668 3206 2883 3207 2884 2991 2668 2991 2668 3207 2884 3208 2885 2991 2668 3208 2885 2989 2666 3208 2885 3209 2886 2989 2666 2989 2666 3209 2886 3210 2887 2989 2666 3210 2887 2957 2634 3210 2887 3211 2888 2957 2634 2957 2634 3211 2888 3212 2889 2957 2634 3212 2889 2955 2632 3212 2889 3213 2890 2955 2632 2955 2632 3213 2890 3214 2891 2955 2632 3214 2891 2953 2630 3214 2891 3215 2892 2953 2630 2953 2630 3215 2892 3216 2893 2953 2630 3216 2893 2960 2637 3216 2893 3217 2894 2960 2637 2960 2637 3217 2894 3218 2895 2960 2637 3218 2895 2958 2635 2958 2635 3218 2895 3219 2896 2958 2635 3219 2896 3148 2825 3148 2825 3077 2754 3149 2826 3149 2826 3077 2754 3076 2753 3149 2826 3076 2753 3150 2827 3150 2827 3076 2753 3127 2804 3150 2827 3127 2804 3151 2828 3151 2828 3127 2804 3126 2803 3151 2828 3126 2803 3152 2829 3152 2829 3126 2803 3125 2802 3152 2829 3125 2802 3153 2830 3153 2830 3125 2802 3124 2801 3153 2830 3124 2801 3154 2831 3154 2831 3124 2801 3123 2800 3154 2831 3123 2800 3155 2832 3155 2832 3123 2800 3131 2808 3155 2832 3131 2808 3156 2833 3156 2833 3131 2808 3130 2807 3156 2833 3130 2807 3157 2834 3157 2834 3130 2807 3129 2806 3157 2834 3129 2806 3158 2835 3158 2835 3129 2806 3128 2805 3158 2835 3128 2805 3159 2836 3159 2836 3128 2805 3141 2818 3159 2836 3141 2818 3160 2837 3160 2837 3141 2818 3140 2817 3160 2837 3140 2817 3161 2838 3161 2838 3140 2817 3139 2816 3161 2838 3139 2816 3162 2839 3162 2839 3139 2816 3138 2815 3162 2839 3138 2815 3163 2840 3163 2840 3138 2815 3137 2814 3163 2840 3137 2814 3164 2841 3164 2841 3137 2814 3136 2813 3164 2841 3136 2813 3165 2842 3165 2842 3136 2813 3135 2812 3165 2842 3135 2812 3166 2843 3166 2843 3135 2812 3134 2811 3166 2843 3134 2811 3167 2844 3167 2844 3134 2811 3133 2810 3167 2844 3133 2810 3168 2845 3168 2845 3133 2810 3132 2809 3168 2845 3132 2809 3169 2846 3169 2846 3132 2809 3147 2824 3169 2846 3147 2824 3170 2847 3170 2847 3147 2824 3146 2823 3170 2847 3146 2823 3171 2848 3171 2848 3146 2823 3145 2822 3171 2848 3145 2822 3172 2849 3172 2849 3145 2822 3144 2821 3172 2849 3144 2821 3173 2850 3173 2850 3144 2821 3143 2820 3173 2850 3143 2820 3174 2851 3174 2851 3143 2820 3142 2819 3174 2851 3142 2819 3175 2852 3175 2852 3142 2819 3116 2793 3175 2852 3116 2793 3176 2853 3176 2853 3116 2793 3115 2792 3176 2853 3115 2792 3177 2854 3177 2854 3115 2792 3114 2791 3177 2854 3114 2791 3178 2855 3178 2855 3114 2791 3113 2790 3178 2855 3113 2790 3179 2856 3179 2856 3113 2790 3112 2789 3179 2856 3112 2789 3180 2857 3180 2857 3112 2789 3100 2777 3180 2857 3100 2777 3181 2858 3181 2858 3100 2777 3099 2776 3181 2858 3099 2776 3182 2859 3182 2859 3099 2776 3098 2775 3182 2859 3098 2775 3183 2860 3183 2860 3098 2775 3097 2774 3183 2860 3097 2774 3184 2861 3184 2861 3097 2774 3096 2773 3184 2861 3096 2773 3185 2862 3185 2862 3096 2773 3095 2772 3185 2862 3095 2772 3186 2863 3186 2863 3095 2772 3094 2771 3186 2863 3094 2771 3187 2864 3187 2864 3094 2771 3093 2770 3187 2864 3093 2770 3188 2865 3188 2865 3093 2770 3122 2799 3188 2865 3122 2799 3189 2866 3189 2866 3122 2799 3121 2798 3189 2866 3121 2798 3190 2867 3190 2867 3121 2798 3120 2797 3190 2867 3120 2797 3191 2868 3191 2868 3120 2797 3119 2796 3191 2868 3119 2796 3192 2869 3192 2869 3119 2796 3118 2795 3192 2869 3118 2795 3193 2870 3193 2870 3118 2795 3117 2794 3193 2870 3117 2794 3194 2871 3194 2871 3117 2794 3111 2788 3194 2871 3111 2788 3195 2872 3195 2872 3111 2788 3110 2787 3195 2872 3110 2787 3196 2873 3196 2873 3110 2787 3109 2786 3196 2873 3109 2786 3197 2874 3197 2874 3109 2786 3108 2785 3197 2874 3108 2785 3198 2875 3198 2875 3108 2785 3107 2784 3198 2875 3107 2784 3199 2876 3199 2876 3107 2784 3092 2769 3199 2876 3092 2769 3200 2877 3200 2877 3092 2769 3091 2768 3200 2877 3091 2768 3201 2878 3201 2878 3091 2768 3090 2767 3201 2878 3090 2767 3202 2879 3202 2879 3090 2767 3089 2766 3202 2879 3089 2766 3203 2880 3203 2880 3089 2766 3106 2783 3203 2880 3106 2783 3204 2881 3204 2881 3106 2783 3105 2782 3204 2881 3105 2782 3205 2882 3205 2882 3105 2782 3104 2781 3205 2882 3104 2781 3206 2883 3206 2883 3104 2781 3103 2780 3206 2883 3103 2780 3207 2884 3207 2884 3103 2780 3102 2779 3207 2884 3102 2779 3208 2885 3208 2885 3102 2779 3101 2778 3208 2885 3101 2778 3209 2886 3209 2886 3101 2778 3088 2765 3209 2886 3088 2765 3210 2887 3210 2887 3088 2765 3087 2764 3210 2887 3087 2764 3211 2888 3211 2888 3087 2764 3086 2763 3211 2888 3086 2763 3212 2889 3212 2889 3086 2763 3085 2762 3212 2889 3085 2762 3213 2890 3213 2890 3085 2762 3084 2761 3213 2890 3084 2761 3214 2891 3214 2891 3084 2761 3083 2760 3214 2891 3083 2760 3215 2892 3215 2892 3083 2760 3082 2759 3215 2892 3082 2759 3216 2893 3216 2893 3082 2759 3081 2758 3216 2893 3081 2758 3217 2894 3217 2894 3081 2758 3080 2757 3217 2894 3080 2757 3218 2895 3218 2895 3080 2757 3079 2756 3218 2895 3079 2756 3219 2896 3219 2896 3079 2756 3078 2755 3219 2896 3078 2755 3148 2825 3148 2825 3078 2755 3077 2754 3220 2897 3221 2898 3222 2899 3223 2900 3224 2901 3225 2902 3225 2902 3224 2901 3226 2903 3227 2904 3228 2905 3229 2906 3230 2907 3231 2908 3232 2909 3232 2909 3231 2908 3233 2910 3234 2911 3235 2912 3224 2901 3236 2913 3237 2914 3238 2915 3239 2916 3240 2917 3241 2918 3242 2919 3243 2920 3236 2913 3232 2909 3244 2921 3245 2922 3232 2909 3245 2922 3222 2899 3222 2899 3245 2922 3246 2923 3222 2899 3246 2923 3220 2897 3228 2905 3247 2924 3229 2906 3229 2906 3247 2924 3248 2925 3229 2906 3248 2925 3249 2926 3235 2912 3250 2927 3224 2901 3224 2901 3250 2927 3251 2928 3224 2901 3251 2928 3226 2903 3252 2929 3253 2930 3241 2918 3241 2918 3253 2930 3254 2931 3241 2918 3254 2931 3255 2932 3255 2932 3256 2933 3241 2918 3241 2918 3256 2933 3257 2934 3241 2918 3257 2934 3229 2906 3229 2906 3257 2934 3258 2935 3229 2906 3258 2935 3227 2904 3238 2915 3259 2936 3236 2913 3236 2913 3259 2936 3260 2937 3236 2913 3260 2937 3241 2918 3241 2918 3260 2937 3261 2938 3241 2918 3261 2938 3239 2916 3240 2917 3262 2939 3241 2918 3241 2918 3262 2939 3263 2940 3241 2918 3263 2940 3252 2929 3221 2898 3264 2941 3222 2899 3222 2899 3264 2941 3265 2942 3222 2899 3265 2942 3266 2943 3242 2919 3236 2913 3267 2944 3243 2920 3268 2945 3236 2913 3236 2913 3268 2945 3269 2946 3236 2913 3269 2946 3237 2914 3233 2910 3270 2947 3232 2909 3232 2909 3270 2947 3271 2948 3232 2909 3271 2948 3244 2921 3272 2949 3273 2950 3232 2909 3232 2909 3273 2950 3274 2951 3232 2909 3274 2951 3230 2907 3249 2926 3275 2952 3229 2906 3229 2906 3275 2952 3276 2953 3229 2906 3276 2953 3224 2901 3224 2901 3276 2953 3277 2954 3224 2901 3277 2954 3234 2911 3266 2943 3278 2955 3222 2899 3222 2899 3278 2955 3279 2956 3222 2899 3279 2956 3236 2913 3236 2913 3279 2956 3280 2957 3236 2913 3280 2957 3267 2944 3223 2900 3281 2958 3224 2901 3224 2901 3281 2958 3282 2959 3224 2901 3282 2959 3232 2909 3232 2909 3282 2959 3283 2960 3232 2909 3283 2960 3272 2949 3284 2961 3285 2962 3286 2963 3287 2964 3288 2965 3289 2966 3290 2967 3291 2968 3292 2969 3292 2969 3291 2968 3293 2970 3292 2969 3293 2970 3294 2971 3295 2972 3296 2973 3292 2969 3295 2972 3297 2974 3296 2973 3296 2973 3297 2974 3298 2975 3296 2973 3298 2975 3299 2976 3300 2977 3301 2978 3292 2969 3292 2969 3301 2978 3302 2979 3292 2969 3302 2979 3290 2967 3303 2980 3304 2981 3286 2963 3305 2982 3306 2983 3307 2984 3288 2965 3308 2985 3289 2966 3289 2966 3308 2985 3309 2986 3289 2966 3309 2986 3310 2987 3294 2971 3311 2988 3292 2969 3292 2969 3311 2988 3312 2989 3292 2969 3312 2989 3295 2972 3285 2962 3313 2990 3286 2963 3286 2963 3313 2990 3314 2991 3286 2963 3314 2991 3292 2969 3292 2969 3314 2991 3315 2992 3292 2969 3315 2992 3300 2977 3303 2980 3286 2963 3316 2993 3304 2981 3317 2994 3286 2963 3286 2963 3317 2994 3318 2995 3286 2963 3318 2995 3284 2961 3306 2983 3319 2996 3307 2984 3307 2984 3319 2996 3320 2997 3307 2984 3320 2997 3321 2998 3310 2987 3322 2999 3289 2966 3289 2966 3322 2999 3323 3000 3289 2966 3323 3000 3324 3001 3324 3001 3325 3002 3289 2966 3289 2966 3325 3002 3326 3003 3289 2966 3326 3003 3307 2984 3307 2984 3326 3003 3327 3004 3307 2984 3327 3004 3305 2982 3328 3005 3329 3006 3330 3007 3330 3007 3329 3006 3331 3008 3330 3007 3331 3008 3332 3009 3299 2976 3333 3010 3296 2973 3296 2973 3333 3010 3334 3011 3296 2973 3334 3011 3335 3012 3321 2998 3336 3013 3307 2984 3307 2984 3336 3013 3337 3014 3307 2984 3337 3014 3286 2963 3286 2963 3337 3014 3338 3015 3286 2963 3338 3015 3316 2993 3332 3009 3339 3016 3330 3007 3330 3007 3339 3016 3340 3017 3330 3007 3340 3017 3289 2966 3289 2966 3340 3017 3341 3018 3289 2966 3341 3018 3287 2964 3335 3012 3342 3019 3296 2973 3296 2973 3342 3019 3343 3020 3296 2973 3343 3020 3330 3007 3330 3007 3343 3020 3344 3021 3330 3007 3344 3021 3345 3022 3345 3022 3346 3023 3330 3007 3330 3007 3346 3023 3347 3024 3330 3007 3347 3024 3328 3005 3264 2941 3299 2976 3265 2942 3265 2942 3299 2976 3298 2975 3265 2942 3298 2975 3266 2943 3266 2943 3298 2975 3297 2974 3266 2943 3297 2974 3278 2955 3278 2955 3297 2974 3295 2972 3278 2955 3295 2972 3279 2956 3279 2956 3295 2972 3312 2989 3279 2956 3312 2989 3280 2957 3280 2957 3312 2989 3311 2988 3280 2957 3311 2988 3267 2944 3267 2944 3311 2988 3294 2971 3267 2944 3294 2971 3242 2919 3242 2919 3294 2971 3293 2970 3242 2919 3293 2970 3243 2920 3243 2920 3293 2970 3291 2968 3243 2920 3291 2968 3268 2945 3268 2945 3291 2968 3290 2967 3268 2945 3290 2967 3269 2946 3269 2946 3290 2967 3302 2979 3269 2946 3302 2979 3237 2914 3237 2914 3302 2979 3301 2978 3237 2914 3301 2978 3238 2915 3238 2915 3301 2978 3300 2977 3238 2915 3300 2977 3259 2936 3259 2936 3300 2977 3315 2992 3259 2936 3315 2992 3260 2937 3260 2937 3315 2992 3314 2991 3260 2937 3314 2991 3261 2938 3261 2938 3314 2991 3313 2990 3261 2938 3313 2990 3239 2916 3239 2916 3313 2990 3285 2962 3239 2916 3285 2962 3240 2917 3240 2917 3285 2962 3284 2961 3240 2917 3284 2961 3262 2939 3262 2939 3284 2961 3318 2995 3262 2939 3318 2995 3263 2940 3263 2940 3318 2995 3317 2994 3263 2940 3317 2994 3252 2929 3252 2929 3317 2994 3304 2981 3252 2929 3304 2981 3253 2930 3253 2930 3304 2981 3303 2980 3253 2930 3303 2980 3254 2931 3254 2931 3303 2980 3316 2993 3254 2931 3316 2993 3255 2932 3255 2932 3316 2993 3338 3015 3255 2932 3338 3015 3256 2933 3256 2933 3338 3015 3337 3014 3256 2933 3337 3014 3257 2934 3257 2934 3337 3014 3336 3013 3257 2934 3336 3013 3258 2935 3258 2935 3336 3013 3321 2998 3258 2935 3321 2998 3227 2904 3227 2904 3321 2998 3320 2997 3227 2904 3320 2997 3228 2905 3228 2905 3320 2997 3319 2996 3228 2905 3319 2996 3247 2924 3247 2924 3319 2996 3306 2983 3247 2924 3306 2983 3248 2925 3248 2925 3306 2983 3305 2982 3248 2925 3305 2982 3249 2926 3249 2926 3305 2982 3327 3004 3249 2926 3327 3004 3275 2952 3275 2952 3327 3004 3326 3003 3275 2952 3326 3003 3276 2953 3276 2953 3326 3003 3325 3002 3276 2953 3325 3002 3277 2954 3277 2954 3325 3002 3324 3001 3277 2954 3324 3001 3234 2911 3234 2911 3324 3001 3323 3000 3234 2911 3323 3000 3235 2912 3235 2912 3323 3000 3322 2999 3235 2912 3322 2999 3250 2927 3250 2927 3322 2999 3310 2987 3250 2927 3310 2987 3251 2928 3251 2928 3310 2987 3309 2986 3251 2928 3309 2986 3226 2903 3226 2903 3309 2986 3308 2985 3226 2903 3308 2985 3225 2902 3225 2902 3308 2985 3288 2965 3225 2902 3288 2965 3223 2900 3223 2900 3288 2965 3287 2964 3223 2900 3287 2964 3281 2958 3281 2958 3287 2964 3341 3018 3281 2958 3341 3018 3282 2959 3282 2959 3341 3018 3340 3017 3282 2959 3340 3017 3283 2960 3283 2960 3340 3017 3339 3016 3283 2960 3339 3016 3272 2949 3272 2949 3339 3016 3332 3009 3272 2949 3332 3009 3273 2950 3273 2950 3332 3009 3331 3008 3273 2950 3331 3008 3274 2951 3274 2951 3331 3008 3329 3006 3274 2951 3329 3006 3230 2907 3230 2907 3329 3006 3328 3005 3230 2907 3328 3005 3231 2908 3231 2908 3328 3005 3347 3024 3231 2908 3347 3024 3233 2910 3233 2910 3347 3024 3346 3023 3233 2910 3346 3023 3270 2947 3270 2947 3346 3023 3345 3022 3270 2947 3345 3022 3271 2948 3271 2948 3345 3022 3344 3021 3271 2948 3344 3021 3244 2921 3244 2921 3344 3021 3343 3020 3244 2921 3343 3020 3245 2922 3245 2922 3343 3020 3342 3019 3245 2922 3342 3019 3246 2923 3246 2923 3342 3019 3335 3012 3246 2923 3335 3012 3220 2897 3220 2897 3335 3012 3334 3011 3220 2897 3334 3011 3221 2898 3221 2898 3334 3011 3333 3010 3221 2898 3333 3010 3264 2941 3264 2941 3333 3010 3299 2976 3224 2901 3232 2909 3289 2966 3289 2966 3232 2909 3330 3007 3229 2906 3224 2901 3307 2984 3307 2984 3224 2901 3289 2966 3241 2918 3229 2906 3286 2963 3286 2963 3229 2906 3307 2984 3236 2913 3241 2918 3292 2969 3292 2969 3241 2918 3286 2963 3222 2899 3236 2913 3296 2973 3296 2973 3236 2913 3292 2969 3232 2909 3222 2899 3330 3007 3330 3007 3222 2899 3296 2973 3348 3025 3349 3026 3350 3027 3351 3028 3352 3029 3353 3030 3353 3030 3352 3029 3354 3031 3353 3030 3354 3031 3355 2928 3356 3032 3357 3033 3348 3025 3348 3025 3357 3033 3358 3034 3348 3025 3358 3034 3349 3026 3359 3035 3360 3036 3361 3037 3355 2928 3362 3038 3353 3030 3353 3030 3362 3038 3363 3039 3353 3030 3363 3039 3364 3040 3350 3027 3365 3041 3348 3025 3348 3025 3365 3041 3366 2953 3348 3025 3366 2953 3353 3030 3353 3030 3366 2953 3367 2954 3353 3030 3367 2954 3351 3028 3368 2907 3369 2908 3370 3042 3370 3042 3369 2908 3371 3043 3372 3044 3373 2930 3374 3045 3374 3045 3373 2930 3375 2931 3374 3045 3375 2931 3376 2932 3376 2932 3377 3046 3374 3045 3374 3045 3377 3046 3378 3047 3374 3045 3378 3047 3348 3025 3348 3025 3378 3047 3379 3048 3348 3025 3379 3048 3356 3032 3380 3049 3381 3050 3382 2915 3383 3051 3384 2917 3374 3045 3385 2919 3386 2920 3380 3049 3370 3042 3387 2921 3388 2922 3370 3042 3388 2922 3361 3037 3361 3037 3388 2922 3389 3052 3361 3037 3389 3052 3359 3035 3382 2915 3390 3053 3380 3049 3380 3049 3390 3053 3391 2937 3380 3049 3391 2937 3374 3045 3374 3045 3391 2937 3392 2938 3374 3045 3392 2938 3383 3051 3384 2917 3393 3054 3374 3045 3374 3045 3393 3054 3394 3055 3374 3045 3394 3055 3372 3044 3360 3036 3395 3056 3361 3037 3361 3037 3395 3056 3396 3057 3361 3037 3396 3057 3397 3058 3385 2919 3380 3049 3398 2944 3386 2920 3399 3059 3380 3049 3380 3049 3399 3059 3400 3060 3380 3049 3400 3060 3381 3050 3371 3043 3401 3061 3370 3042 3370 3042 3401 3061 3402 3062 3370 3042 3402 3062 3387 2921 3403 3063 3404 3064 3370 3042 3370 3042 3404 3064 3405 2951 3370 3042 3405 2951 3368 2907 3397 3058 3406 3065 3361 3037 3361 3037 3406 3065 3407 3066 3361 3037 3407 3066 3380 3049 3380 3049 3407 3066 3408 3067 3380 3049 3408 3067 3398 2944 3364 3040 3409 3068 3353 3030 3353 3030 3409 3068 3410 3069 3353 3030 3410 3069 3370 3042 3370 3042 3410 3069 3411 3070 3370 3042 3411 3070 3403 3063 3412 3071 3413 2962 3414 3072 3415 2980 3416 2981 3414 3072 3417 3073 3418 3074 3419 3075 3420 3076 3421 3077 3422 3078 3423 3079 3424 3080 3425 3081 3425 3081 3424 3080 3426 2970 3425 3081 3426 2970 3427 2971 3428 3082 3429 3083 3425 3081 3428 3082 3430 3084 3429 3083 3429 3083 3430 3084 3431 3085 3429 3083 3431 3085 3432 3086 3415 2980 3414 3072 3433 2993 3416 2981 3434 3087 3414 3072 3414 3072 3434 3087 3435 3088 3414 3072 3435 3088 3412 3071 3421 3077 3436 2985 3422 3078 3422 3078 3436 2985 3437 2986 3422 3078 3437 2986 3438 2987 3427 2971 3439 2988 3425 3081 3425 3081 3439 2988 3440 3089 3425 3081 3440 3089 3428 3082 3441 3090 3442 2978 3425 3081 3425 3081 3442 2978 3443 3091 3425 3081 3443 3091 3423 3079 3418 3074 3444 3092 3419 3075 3419 3075 3444 3092 3445 3093 3419 3075 3445 3093 3446 3094 3438 2987 3447 3095 3422 3078 3422 3078 3447 3095 3448 3096 3422 3078 3448 3096 3449 3097 3449 3097 3450 3098 3422 3078 3422 3078 3450 3098 3451 3003 3422 3078 3451 3003 3419 3075 3419 3075 3451 3003 3452 3099 3419 3075 3452 3099 3417 3073 3413 2962 3453 2990 3414 3072 3414 3072 3453 2990 3454 2991 3414 3072 3454 2991 3425 3081 3425 3081 3454 2991 3455 2992 3425 3081 3455 2992 3441 3090 3446 3094 3456 3100 3419 3075 3419 3075 3456 3100 3457 3101 3419 3075 3457 3101 3414 3072 3414 3072 3457 3101 3458 3102 3414 3072 3458 3102 3433 2993 3459 3005 3460 3006 3461 3103 3461 3103 3460 3006 3462 3008 3461 3103 3462 3008 3463 3104 3432 3086 3464 3105 3429 3083 3429 3083 3464 3105 3465 3106 3429 3083 3465 3106 3466 3107 3463 3104 3467 3108 3461 3103 3461 3103 3467 3108 3468 3109 3461 3103 3468 3109 3422 3078 3422 3078 3468 3109 3469 3110 3422 3078 3469 3110 3420 3076 3466 3107 3470 3111 3429 3083 3429 3083 3470 3111 3471 3020 3429 3083 3471 3020 3461 3103 3461 3103 3471 3020 3472 3021 3461 3103 3472 3021 3473 3112 3473 3112 3474 3113 3461 3103 3461 3103 3474 3113 3475 3114 3461 3103 3475 3114 3459 3005 3395 3056 3432 3086 3396 3057 3396 3057 3432 3086 3431 3085 3396 3057 3431 3085 3397 3058 3397 3058 3431 3085 3430 3084 3397 3058 3430 3084 3406 3065 3406 3065 3430 3084 3428 3082 3406 3065 3428 3082 3407 3066 3407 3066 3428 3082 3440 3089 3407 3066 3440 3089 3408 3067 3408 3067 3440 3089 3439 2988 3408 3067 3439 2988 3398 2944 3398 2944 3439 2988 3427 2971 3398 2944 3427 2971 3385 2919 3385 2919 3427 2971 3426 2970 3385 2919 3426 2970 3386 2920 3386 2920 3426 2970 3424 3080 3386 2920 3424 3080 3399 3059 3399 3059 3424 3080 3423 3079 3399 3059 3423 3079 3400 3060 3400 3060 3423 3079 3443 3091 3400 3060 3443 3091 3381 3050 3381 3050 3443 3091 3442 2978 3381 3050 3442 2978 3382 2915 3382 2915 3442 2978 3441 3090 3382 2915 3441 3090 3390 3053 3390 3053 3441 3090 3455 2992 3390 3053 3455 2992 3391 2937 3391 2937 3455 2992 3454 2991 3391 2937 3454 2991 3392 2938 3392 2938 3454 2991 3453 2990 3392 2938 3453 2990 3383 3051 3383 3051 3453 2990 3413 2962 3383 3051 3413 2962 3384 2917 3384 2917 3413 2962 3412 3071 3384 2917 3412 3071 3393 3054 3393 3054 3412 3071 3435 3088 3393 3054 3435 3088 3394 3055 3394 3055 3435 3088 3434 3087 3394 3055 3434 3087 3372 3044 3372 3044 3434 3087 3416 2981 3372 3044 3416 2981 3373 2930 3373 2930 3416 2981 3415 2980 3373 2930 3415 2980 3375 2931 3375 2931 3415 2980 3433 2993 3375 2931 3433 2993 3376 2932 3376 2932 3433 2993 3458 3102 3376 2932 3458 3102 3377 3046 3377 3046 3458 3102 3457 3101 3377 3046 3457 3101 3378 3047 3378 3047 3457 3101 3456 3100 3378 3047 3456 3100 3379 3048 3379 3048 3456 3100 3446 3094 3379 3048 3446 3094 3356 3032 3356 3032 3446 3094 3445 3093 3356 3032 3445 3093 3357 3033 3357 3033 3445 3093 3444 3092 3357 3033 3444 3092 3358 3034 3358 3034 3444 3092 3418 3074 3358 3034 3418 3074 3349 3026 3349 3026 3418 3074 3417 3073 3349 3026 3417 3073 3350 3027 3350 3027 3417 3073 3452 3099 3350 3027 3452 3099 3365 3041 3365 3041 3452 3099 3451 3003 3365 3041 3451 3003 3366 2953 3366 2953 3451 3003 3450 3098 3366 2953 3450 3098 3367 2954 3367 2954 3450 3098 3449 3097 3367 2954 3449 3097 3351 3028 3351 3028 3449 3097 3448 3096 3351 3028 3448 3096 3352 3029 3352 3029 3448 3096 3447 3095 3352 3029 3447 3095 3354 3031 3354 3031 3447 3095 3438 2987 3354 3031 3438 2987 3355 2928 3355 2928 3438 2987 3437 2986 3355 2928 3437 2986 3362 3038 3362 3038 3437 2986 3436 2985 3362 3038 3436 2985 3363 3039 3363 3039 3436 2985 3421 3077 3363 3039 3421 3077 3364 3040 3364 3040 3421 3077 3420 3076 3364 3040 3420 3076 3409 3068 3409 3068 3420 3076 3469 3110 3409 3068 3469 3110 3410 3069 3410 3069 3469 3110 3468 3109 3410 3069 3468 3109 3411 3070 3411 3070 3468 3109 3467 3108 3411 3070 3467 3108 3403 3063 3403 3063 3467 3108 3463 3104 3403 3063 3463 3104 3404 3064 3404 3064 3463 3104 3462 3008 3404 3064 3462 3008 3405 2951 3405 2951 3462 3008 3460 3006 3405 2951 3460 3006 3368 2907 3368 2907 3460 3006 3459 3005 3368 2907 3459 3005 3369 2908 3369 2908 3459 3005 3475 3114 3369 2908 3475 3114 3371 3043 3371 3043 3475 3114 3474 3113 3371 3043 3474 3113 3401 3061 3401 3061 3474 3113 3473 3112 3401 3061 3473 3112 3402 3062 3402 3062 3473 3112 3472 3021 3402 3062 3472 3021 3387 2921 3387 2921 3472 3021 3471 3020 3387 2921 3471 3020 3388 2922 3388 2922 3471 3020 3470 3111 3388 2922 3470 3111 3389 3052 3389 3052 3470 3111 3466 3107 3389 3052 3466 3107 3359 3035 3359 3035 3466 3107 3465 3106 3359 3035 3465 3106 3360 3036 3360 3036 3465 3106 3464 3105 3360 3036 3464 3105 3395 3056 3395 3056 3464 3105 3432 3086 3353 3030 3370 3042 3422 3078 3422 3078 3370 3042 3461 3103 3348 3025 3353 3030 3419 3075 3419 3075 3353 3030 3422 3078 3374 3045 3348 3025 3414 3072 3414 3072 3348 3025 3419 3075 3380 3049 3374 3045 3425 3081 3425 3081 3374 3045 3414 3072 3361 3037 3380 3049 3429 3083 3429 3083 3380 3049 3425 3081 3370 3042 3361 3037 3461 3103 3461 3103 3361 3037 3429 3083 3476 3115 3477 3116 3478 3117 3479 3118 3480 3119 3481 3120 3482 3121 3483 3122 3484 3123 3485 3124 3486 3125 3487 3126 3487 3126 3486 3125 3488 3127 3489 3128 3490 3129 3491 3130 3477 3116 3492 3034 3478 3117 3478 3117 3492 3034 3493 3131 3478 3117 3493 3131 3494 3132 3491 3130 3495 3133 3496 3134 3489 3128 3491 3130 3497 2944 3490 3129 3498 3135 3491 3130 3491 3130 3498 3135 3499 3136 3491 3130 3499 3136 3495 3133 3500 3028 3501 3137 3486 3125 3502 3138 3503 3139 3504 2932 3504 2932 3505 3140 3502 3138 3502 3138 3505 3140 3506 3141 3502 3138 3506 3141 3478 3117 3478 3117 3506 3141 3507 3142 3478 3117 3507 3142 3476 3115 3496 3134 3508 2936 3491 3130 3491 3130 3508 2936 3509 3143 3491 3130 3509 3143 3502 3138 3502 3138 3509 3143 3510 2938 3502 3138 3510 2938 3511 3144 3511 3144 3512 3145 3502 3138 3502 3138 3512 3145 3513 3146 3502 3138 3513 3146 3514 3147 3483 3122 3515 3056 3484 3123 3484 3123 3515 3056 3516 3148 3484 3123 3516 3148 3517 3149 3481 3120 3518 3150 3479 3118 3479 3118 3518 3150 3519 3151 3479 3118 3519 3151 3520 3062 3520 3062 3521 3152 3479 3118 3479 3118 3521 3152 3522 3153 3479 3118 3522 3153 3484 3123 3484 3123 3522 3153 3523 3154 3484 3123 3523 3154 3482 3121 3524 3063 3525 3155 3479 3118 3479 3118 3525 3155 3526 3156 3479 3118 3526 3156 3480 3119 3501 3137 3527 3157 3486 3125 3486 3125 3527 3157 3528 3158 3486 3125 3528 3158 3488 3127 3514 3147 3529 3159 3502 3138 3502 3138 3529 3159 3530 3160 3502 3138 3530 3160 3503 3139 3517 3149 3531 3161 3484 3123 3484 3123 3531 3161 3532 3162 3484 3123 3532 3162 3491 3130 3491 3130 3532 3162 3533 3163 3491 3130 3533 3163 3497 2944 3485 3124 3534 3164 3486 3125 3486 3125 3534 3164 3535 3165 3486 3125 3535 3165 3479 3118 3479 3118 3535 3165 3536 3070 3479 3118 3536 3070 3524 3063 3494 3132 3537 3041 3478 3117 3478 3117 3537 3041 3538 3166 3478 3117 3538 3166 3486 3125 3486 3125 3538 3166 3539 3167 3486 3125 3539 3167 3500 3028 3540 3168 3541 3169 3542 3170 3543 3171 3544 3172 3545 3173 3546 3174 3547 3175 3548 3176 3549 3177 3550 3178 3551 3179 3548 3176 3552 3180 3546 3174 3546 3174 3552 3180 3553 3181 3546 3174 3553 3181 3554 2988 3554 2988 3555 3182 3546 3174 3546 3174 3555 3182 3556 3183 3546 3174 3556 3183 3542 3170 3542 3170 3556 3183 3557 3184 3542 3170 3557 3184 3540 3168 3558 3090 3559 3185 3546 3174 3546 3174 3559 3185 3560 3186 3546 3174 3560 3186 3547 3175 3561 3187 3562 3188 3563 3189 3563 3189 3562 3188 3564 3190 3563 3189 3564 3190 3565 3191 3544 3172 3566 3192 3545 3173 3545 3173 3566 3192 3567 3193 3545 3173 3567 3193 3546 3174 3546 3174 3567 3193 3568 2992 3546 3174 3568 2992 3558 3090 3549 3177 3551 3179 3569 3194 3541 3169 3570 3105 3542 3170 3542 3170 3570 3105 3571 3195 3542 3170 3571 3195 3572 3196 3550 3178 3573 3092 3551 3179 3551 3179 3573 3092 3574 3197 3551 3179 3574 3197 3575 3198 3576 2993 3577 3199 3545 3173 3545 3173 3577 3199 3578 3200 3579 3201 3580 3202 3581 3203 3581 3203 3580 3202 3582 3204 3581 3203 3582 3204 3583 3205 3584 3112 3585 3206 3581 3203 3581 3203 3585 3206 3586 3207 3581 3203 3586 3207 3579 3201 3575 3198 3587 3100 3551 3179 3551 3179 3587 3100 3588 3208 3551 3179 3588 3208 3545 3173 3545 3173 3588 3208 3589 3209 3545 3173 3589 3209 3576 2993 3578 3200 3590 3210 3545 3173 3545 3173 3590 3210 3591 3211 3545 3173 3591 3211 3543 3171 3565 3191 3592 3212 3563 3189 3563 3189 3592 3212 3593 3213 3563 3189 3593 3213 3594 3214 3583 3205 3595 3108 3581 3203 3581 3203 3595 3108 3596 3215 3581 3203 3596 3215 3563 3189 3563 3189 3596 3215 3597 3110 3563 3189 3597 3110 3561 3187 3594 3214 3598 3216 3563 3189 3563 3189 3598 3216 3599 3217 3563 3189 3599 3217 3551 3179 3551 3179 3599 3217 3600 3218 3551 3179 3600 3218 3569 3194 3572 3196 3601 3219 3542 3170 3542 3170 3601 3219 3602 3220 3542 3170 3602 3220 3581 3203 3581 3203 3602 3220 3603 3221 3581 3203 3603 3221 3584 3112 3515 3056 3541 3169 3516 3148 3516 3148 3541 3169 3540 3168 3516 3148 3540 3168 3517 3149 3517 3149 3540 3168 3557 3184 3517 3149 3557 3184 3531 3161 3531 3161 3557 3184 3556 3183 3531 3161 3556 3183 3532 3162 3532 3162 3556 3183 3555 3182 3532 3162 3555 3182 3533 3163 3533 3163 3555 3182 3554 2988 3533 3163 3554 2988 3497 2944 3497 2944 3554 2988 3553 3181 3497 2944 3553 3181 3489 3128 3489 3128 3553 3181 3552 3180 3489 3128 3552 3180 3490 3129 3490 3129 3552 3180 3548 3176 3490 3129 3548 3176 3498 3135 3498 3135 3548 3176 3547 3175 3498 3135 3547 3175 3499 3136 3499 3136 3547 3175 3560 3186 3499 3136 3560 3186 3495 3133 3495 3133 3560 3186 3559 3185 3495 3133 3559 3185 3496 3134 3496 3134 3559 3185 3558 3090 3496 3134 3558 3090 3508 2936 3508 2936 3558 3090 3568 2992 3508 2936 3568 2992 3509 3143 3509 3143 3568 2992 3567 3193 3509 3143 3567 3193 3510 2938 3510 2938 3567 3193 3566 3192 3510 2938 3566 3192 3511 3144 3511 3144 3566 3192 3544 3172 3511 3144 3544 3172 3512 3145 3512 3145 3544 3172 3543 3171 3512 3145 3543 3171 3513 3146 3513 3146 3543 3171 3591 3211 3513 3146 3591 3211 3514 3147 3514 3147 3591 3211 3590 3210 3514 3147 3590 3210 3529 3159 3529 3159 3590 3210 3578 3200 3529 3159 3578 3200 3530 3160 3530 3160 3578 3200 3577 3199 3530 3160 3577 3199 3503 3139 3503 3139 3577 3199 3576 2993 3503 3139 3576 2993 3504 2932 3504 2932 3576 2993 3589 3209 3504 2932 3589 3209 3505 3140 3505 3140 3589 3209 3588 3208 3505 3140 3588 3208 3506 3141 3506 3141 3588 3208 3587 3100 3506 3141 3587 3100 3507 3142 3507 3142 3587 3100 3575 3198 3507 3142 3575 3198 3476 3115 3476 3115 3575 3198 3574 3197 3476 3115 3574 3197 3477 3116 3477 3116 3574 3197 3573 3092 3477 3116 3573 3092 3492 3034 3492 3034 3573 3092 3550 3178 3492 3034 3550 3178 3493 3131 3493 3131 3550 3178 3549 3177 3493 3131 3549 3177 3494 3132 3494 3132 3549 3177 3569 3194 3494 3132 3569 3194 3537 3041 3537 3041 3569 3194 3600 3218 3537 3041 3600 3218 3538 3166 3538 3166 3600 3218 3599 3217 3538 3166 3599 3217 3539 3167 3539 3167 3599 3217 3598 3216 3539 3167 3598 3216 3500 3028 3500 3028 3598 3216 3594 3214 3500 3028 3594 3214 3501 3137 3501 3137 3594 3214 3593 3213 3501 3137 3593 3213 3527 3157 3527 3157 3593 3213 3592 3212 3527 3157 3592 3212 3528 3158 3528 3158 3592 3212 3565 3191 3528 3158 3565 3191 3488 3127 3488 3127 3565 3191 3564 3190 3488 3127 3564 3190 3487 3126 3487 3126 3564 3190 3562 3188 3487 3126 3562 3188 3485 3124 3485 3124 3562 3188 3561 3187 3485 3124 3561 3187 3534 3164 3534 3164 3561 3187 3597 3110 3534 3164 3597 3110 3535 3165 3535 3165 3597 3110 3596 3215 3535 3165 3596 3215 3536 3070 3536 3070 3596 3215 3595 3108 3536 3070 3595 3108 3524 3063 3524 3063 3595 3108 3583 3205 3524 3063 3583 3205 3525 3155 3525 3155 3583 3205 3582 3204 3525 3155 3582 3204 3526 3156 3526 3156 3582 3204 3580 3202 3526 3156 3580 3202 3480 3119 3480 3119 3580 3202 3579 3201 3480 3119 3579 3201 3481 3120 3481 3120 3579 3201 3586 3207 3481 3120 3586 3207 3518 3150 3518 3150 3586 3207 3585 3206 3518 3150 3585 3206 3519 3151 3519 3151 3585 3206 3584 3112 3519 3151 3584 3112 3520 3062 3520 3062 3584 3112 3603 3221 3520 3062 3603 3221 3521 3152 3521 3152 3603 3221 3602 3220 3521 3152 3602 3220 3522 3153 3522 3153 3602 3220 3601 3219 3522 3153 3601 3219 3523 3154 3523 3154 3601 3219 3572 3196 3523 3154 3572 3196 3482 3121 3482 3121 3572 3196 3571 3195 3482 3121 3571 3195 3483 3122 3483 3122 3571 3195 3570 3105 3483 3122 3570 3105 3515 3056 3515 3056 3570 3105 3541 3169 3486 3125 3479 3118 3563 3189 3563 3189 3479 3118 3581 3203 3478 3117 3486 3125 3551 3179 3551 3179 3486 3125 3563 3189 3502 3138 3478 3117 3545 3173 3545 3173 3478 3117 3551 3179 3491 3130 3502 3138 3546 3174 3546 3174 3502 3138 3545 3173 3484 3123 3491 3130 3542 3170 3542 3170 3491 3130 3546 3174 3479 3118 3484 3123 3581 3203 3581 3203 3484 3123 3542 3170 3604 3222 3605 3223 3606 3224 3607 3115 3608 3116 3609 3225 3610 3226 3611 3227 3612 3228 3612 3228 3611 3227 3613 3229 3612 3228 3613 3229 3614 3134 3615 3127 3616 3126 3617 3230 3617 3230 3616 3126 3618 3231 3617 3230 3618 3231 3619 3232 3604 3222 3606 3224 3620 3233 3621 3144 3622 3145 3623 3234 3623 3234 3622 3145 3624 3235 3605 3223 3625 3236 3606 3224 3606 3224 3625 3236 3626 3237 3606 3224 3626 3237 3627 3238 3628 3239 3629 3240 3606 3224 3628 3239 3630 3241 3629 3240 3629 3240 3630 3241 3631 3242 3629 3240 3631 3242 3632 3243 3619 3232 3633 3244 3617 3230 3617 3230 3633 3244 3634 3245 3617 3230 3634 3245 3606 3224 3606 3224 3634 3245 3635 3246 3606 3224 3635 3246 3620 3233 3608 3116 3636 3247 3609 3225 3609 3225 3636 3247 3637 3248 3609 3225 3637 3248 3638 3249 3624 3235 3639 3250 3623 3234 3623 3234 3639 3250 3640 3251 3623 3234 3640 3251 3641 3252 3623 3234 3642 3253 3643 3254 3623 3234 3643 3254 3609 3225 3609 3225 3643 3254 3644 3255 3609 3225 3644 3255 3607 3115 3632 3243 3645 3056 3629 3240 3629 3240 3645 3056 3646 3148 3629 3240 3646 3148 3647 3256 3648 3257 3649 3258 3612 3228 3612 3228 3649 3258 3650 3259 3612 3228 3650 3259 3610 3226 3627 3238 3651 2948 3606 3224 3606 3224 3651 2948 3652 3152 3606 3224 3652 3152 3628 3239 3653 2911 3654 3260 3617 3230 3641 3252 3655 3261 3623 3234 3623 3234 3655 3261 3656 2932 3623 3234 3656 2932 3642 3253 3647 3256 3657 3262 3629 3240 3629 3240 3657 3262 3658 3263 3629 3240 3658 3263 3612 3228 3612 3228 3658 3263 3659 3264 3612 3228 3659 3264 3648 3257 3638 3249 3660 2952 3609 3225 3609 3225 3660 2952 3661 3166 3609 3225 3661 3166 3617 3230 3617 3230 3661 3166 3662 3167 3617 3230 3662 3167 3653 2911 3654 3260 3663 3265 3617 3230 3617 3230 3663 3265 3664 3158 3617 3230 3664 3158 3615 3127 3614 3134 3665 2936 3612 3228 3612 3228 3665 2936 3666 3266 3612 3228 3666 3266 3623 3234 3623 3234 3666 3266 3667 2938 3623 3234 3667 2938 3621 3144 3668 3201 3669 3202 3670 3267 3671 3268 3672 3269 3673 3270 3673 3270 3672 3269 3674 3271 3673 3270 3674 3271 3675 3272 3676 3273 3677 3274 3678 3275 3679 3190 3680 3276 3681 3277 3682 3168 3683 3169 3684 3278 3675 3272 3685 3180 3673 3270 3673 3270 3685 3180 3686 3181 3673 3270 3686 3181 3687 2988 3679 3190 3681 3277 3688 3279 3687 2988 3689 3280 3673 3270 3673 3270 3689 3280 3690 3281 3673 3270 3690 3281 3684 3278 3684 3278 3690 3281 3691 3282 3684 3278 3691 3282 3682 3168 3677 3274 3692 3283 3678 3275 3678 3275 3692 3283 3693 3284 3678 3275 3693 3284 3694 3285 3694 3285 3695 3286 3678 3275 3678 3275 3695 3286 3696 3287 3678 3275 3696 3287 3673 3270 3673 3270 3696 3287 3697 3288 3673 3270 3697 3288 3671 3268 3698 3289 3699 3197 3700 3290 3700 3290 3699 3197 3701 3198 3702 3004 3703 3291 3700 3290 3700 3290 3703 3291 3704 3292 3700 3290 3704 3292 3698 3289 3669 3202 3705 3204 3670 3267 3670 3267 3705 3204 3706 3293 3670 3267 3706 3293 3707 3294 3707 3294 3708 3295 3670 3267 3670 3267 3708 3295 3709 3296 3670 3267 3709 3296 3681 3277 3681 3277 3709 3296 3710 3297 3681 3277 3710 3297 3688 3279 3683 3169 3711 3298 3684 3278 3684 3278 3711 3298 3712 3299 3684 3278 3712 3299 3713 3300 3714 3022 3715 3301 3670 3267 3670 3267 3715 3301 3716 3302 3670 3267 3716 3302 3668 3201 3701 3198 3717 3303 3700 3290 3700 3290 3717 3303 3718 3304 3700 3290 3718 3304 3678 3275 3678 3275 3718 3304 3719 3305 3678 3275 3719 3305 3720 2993 3720 2993 3721 3199 3678 3275 3678 3275 3721 3199 3722 3200 3678 3275 3722 3200 3676 3273 3713 3300 3723 3306 3684 3278 3684 3278 3723 3306 3724 3220 3684 3278 3724 3220 3670 3267 3670 3267 3724 3220 3725 3221 3670 3267 3725 3221 3714 3022 3680 3276 3726 3212 3681 3277 3681 3277 3726 3212 3727 3307 3681 3277 3727 3307 3728 3308 3728 3308 3729 3001 3681 3277 3681 3277 3729 3001 3730 3217 3681 3277 3730 3217 3700 3290 3700 3290 3730 3217 3731 3309 3700 3290 3731 3309 3702 3004 3645 3056 3683 3169 3646 3148 3646 3148 3683 3169 3682 3168 3646 3148 3682 3168 3647 3256 3647 3256 3682 3168 3691 3282 3647 3256 3691 3282 3657 3262 3657 3262 3691 3282 3690 3281 3657 3262 3690 3281 3658 3263 3658 3263 3690 3281 3689 3280 3658 3263 3689 3280 3659 3264 3659 3264 3689 3280 3687 2988 3659 3264 3687 2988 3648 3257 3648 3257 3687 2988 3686 3181 3648 3257 3686 3181 3649 3258 3649 3258 3686 3181 3685 3180 3649 3258 3685 3180 3650 3259 3650 3259 3685 3180 3675 3272 3650 3259 3675 3272 3610 3226 3610 3226 3675 3272 3674 3271 3610 3226 3674 3271 3611 3227 3611 3227 3674 3271 3672 3269 3611 3227 3672 3269 3613 3229 3613 3229 3672 3269 3671 3268 3613 3229 3671 3268 3614 3134 3614 3134 3671 3268 3697 3288 3614 3134 3697 3288 3665 2936 3665 2936 3697 3288 3696 3287 3665 2936 3696 3287 3666 3266 3666 3266 3696 3287 3695 3286 3666 3266 3695 3286 3667 2938 3667 2938 3695 3286 3694 3285 3667 2938 3694 3285 3621 3144 3621 3144 3694 3285 3693 3284 3621 3144 3693 3284 3622 3145 3622 3145 3693 3284 3692 3283 3622 3145 3692 3283 3624 3235 3624 3235 3692 3283 3677 3274 3624 3235 3677 3274 3639 3250 3639 3250 3677 3274 3676 3273 3639 3250 3676 3273 3640 3251 3640 3251 3676 3273 3722 3200 3640 3251 3722 3200 3641 3252 3641 3252 3722 3200 3721 3199 3641 3252 3721 3199 3655 3261 3655 3261 3721 3199 3720 2993 3655 3261 3720 2993 3656 2932 3656 2932 3720 2993 3719 3305 3656 2932 3719 3305 3642 3253 3642 3253 3719 3305 3718 3304 3642 3253 3718 3304 3643 3254 3643 3254 3718 3304 3717 3303 3643 3254 3717 3303 3644 3255 3644 3255 3717 3303 3701 3198 3644 3255 3701 3198 3607 3115 3607 3115 3701 3198 3699 3197 3607 3115 3699 3197 3608 3116 3608 3116 3699 3197 3698 3289 3608 3116 3698 3289 3636 3247 3636 3247 3698 3289 3704 3292 3636 3247 3704 3292 3637 3248 3637 3248 3704 3292 3703 3291 3637 3248 3703 3291 3638 3249 3638 3249 3703 3291 3702 3004 3638 3249 3702 3004 3660 2952 3660 2952 3702 3004 3731 3309 3660 2952 3731 3309 3661 3166 3661 3166 3731 3309 3730 3217 3661 3166 3730 3217 3662 3167 3662 3167 3730 3217 3729 3001 3662 3167 3729 3001 3653 2911 3653 2911 3729 3001 3728 3308 3653 2911 3728 3308 3654 3260 3654 3260 3728 3308 3727 3307 3654 3260 3727 3307 3663 3265 3663 3265 3727 3307 3726 3212 3663 3265 3726 3212 3664 3158 3664 3158 3726 3212 3680 3276 3664 3158 3680 3276 3615 3127 3615 3127 3680 3276 3679 3190 3615 3127 3679 3190 3616 3126 3616 3126 3679 3190 3688 3279 3616 3126 3688 3279 3618 3231 3618 3231 3688 3279 3710 3297 3618 3231 3710 3297 3619 3232 3619 3232 3710 3297 3709 3296 3619 3232 3709 3296 3633 3244 3633 3244 3709 3296 3708 3295 3633 3244 3708 3295 3634 3245 3634 3245 3708 3295 3707 3294 3634 3245 3707 3294 3635 3246 3635 3246 3707 3294 3706 3293 3635 3246 3706 3293 3620 3233 3620 3233 3706 3293 3705 3204 3620 3233 3705 3204 3604 3222 3604 3222 3705 3204 3669 3202 3604 3222 3669 3202 3605 3223 3605 3223 3669 3202 3668 3201 3605 3223 3668 3201 3625 3236 3625 3236 3668 3201 3716 3302 3625 3236 3716 3302 3626 3237 3626 3237 3716 3302 3715 3301 3626 3237 3715 3301 3627 3238 3627 3238 3715 3301 3714 3022 3627 3238 3714 3022 3651 2948 3651 2948 3714 3022 3725 3221 3651 2948 3725 3221 3652 3152 3652 3152 3725 3221 3724 3220 3652 3152 3724 3220 3628 3239 3628 3239 3724 3220 3723 3306 3628 3239 3723 3306 3630 3241 3630 3241 3723 3306 3713 3300 3630 3241 3713 3300 3631 3242 3631 3242 3713 3300 3712 3299 3631 3242 3712 3299 3632 3243 3632 3243 3712 3299 3711 3298 3632 3243 3711 3298 3645 3056 3645 3056 3711 3298 3683 3169 3617 3230 3606 3224 3681 3277 3681 3277 3606 3224 3670 3267 3609 3225 3617 3230 3700 3290 3700 3290 3617 3230 3681 3277 3623 3234 3609 3225 3678 3275 3678 3275 3609 3225 3700 3290 3612 3228 3623 3234 3673 3270 3673 3270 3623 3234 3678 3275 3629 3240 3612 3228 3684 3278 3684 3278 3612 3228 3673 3270 3606 3224 3629 3240 3670 3267 3670 3267 3629 3240 3684 3278 2829 2506 3732 3310 3733 3311 2829 2506 3733 3311 2890 2567 2890 2567 3733 3311 3734 3312 2890 2567 3734 3312 2892 2569 2892 2569 3734 3312 3735 3313 2892 2569 3735 3313 2894 2571 2894 2571 3735 3313 3736 3314 2894 2571 3736 3314 2896 2573 2896 2573 3736 3314 3737 3315 2896 2573 3737 3315 2898 2575 2898 2575 3737 3315 3738 3316 2898 2575 3738 3316 2900 2577 2900 2577 3738 3316 3739 3317 2900 2577 3739 3317 2902 2579 2902 2579 3739 3317 3740 3318 2902 2579 3740 3318 2904 2581 2904 2581 3740 3318 3741 3319 2904 2581 3741 3319 2906 2583 3742 3320 3743 3321 3744 3322 3744 3322 3743 3321 3745 3323 3744 3322 3745 3323 3746 3324 3747 3325 3748 3326 3744 3322 3744 3322 3748 3326 3749 3327 3744 3322 3749 3327 3742 3320 3750 3328 3751 3329 3744 3322 3744 3322 3751 3329 3752 3330 3744 3322 3752 3330 3747 3325 3753 3331 3754 3332 3744 3322 3744 3322 3754 3332 3755 3333 3744 3322 3755 3333 3750 3328 3756 3334 3757 3335 3744 3322 3744 3322 3757 3335 3758 3336 3744 3322 3758 3336 3753 3331 3759 3337 3760 3338 3744 3322 3744 3322 3760 3338 3761 3339 3744 3322 3761 3339 3756 3334 3762 3340 3763 3341 3744 3322 3744 3322 3763 3341 3764 3342 3744 3322 3764 3342 3759 3337 3765 3343 3766 3344 3744 3322 3744 3322 3766 3344 3767 3345 3744 3322 3767 3345 3762 3340 3768 3346 3769 3347 3744 3322 3744 3322 3769 3347 3770 3348 3744 3322 3770 3348 3765 3343 3771 3349 3772 3350 3744 3322 3744 3322 3772 3350 3773 3351 3744 3322 3773 3351 3768 3346 3774 3352 3775 3353 3744 3322 3744 3322 3775 3353 3776 3354 3744 3322 3776 3354 3771 3349 3746 3324 3777 3355 3744 3322 3744 3322 3777 3355 3778 3356 3744 3322 3778 3356 3774 3352 3779 3357 3780 3358 3781 3359 3781 3359 3780 3358 3782 3360 3781 3359 3782 3360 3783 3361 3783 3361 3782 3360 3784 3362 3783 3361 3784 3362 3785 3363 3785 3363 3784 3362 3786 3364 3785 3363 3786 3364 3787 3365 3787 3365 3786 3364 3788 3366 3787 3365 3788 3366 3789 3367 3789 3367 3788 3366 3790 3368 3789 3367 3790 3368 3791 3369 3791 3369 3790 3368 3792 3370 3791 3369 3792 3370 3793 3371 3793 3371 3792 3370 3794 3372 3793 3371 3794 3372 3795 3373 3795 3373 3794 3372 3796 3374 3795 3373 3796 3374 3797 3375 3797 3375 3796 3374 3798 3376 3797 3375 3798 3376 3799 3377 3799 3377 3798 3376 3800 3378 3799 3377 3800 3378 3801 3379 3801 3379 3800 3378 3802 3380 3801 3379 3802 3380 3803 3381 3803 3381 3802 3380 3804 3382 3803 3381 3804 3382 3805 3383 3805 3383 3804 3382 3806 3384 3805 3383 3806 3384 3807 3385 3807 3385 3806 3384 3808 3386 3807 3385 3808 3386 3809 3387 3809 3387 3808 3386 3810 3388 3809 3387 3810 3388 3811 3389 3811 3389 3810 3388 3812 3390 3811 3389 3812 3390 3813 3391 3813 3391 3812 3390 3814 3392 3813 3391 3814 3392 3815 3393 3815 3393 3814 3392 3816 3394 3815 3393 3816 3394 3817 3395 3817 3395 3816 3394 3818 3396 3817 3395 3818 3396 3819 3397 3819 3397 3818 3396 3820 3398 3819 3397 3820 3398 3821 3399 3821 3399 3820 3398 3822 3400 3821 3399 3822 3400 3823 3401 3823 3401 3822 3400 3824 3402 3823 3401 3824 3402 3825 3403 3825 3403 3824 3402 3826 3404 3825 3403 3826 3404 3827 3405 3827 3405 3826 3404 3828 3406 3827 3405 3828 3406 3829 3407 3829 3407 3828 3406 3830 3408 3829 3407 3830 3408 3831 3409 3831 3409 3830 3408 3832 3410 3831 3409 3832 3410 3833 3411 3833 3411 3832 3410 3834 3412 3833 3411 3834 3412 3835 3413 3835 3413 3834 3412 3836 3414 3835 3413 3836 3414 3837 3415 3837 3415 3836 3414 3838 3416 3837 3415 3838 3416 3839 3417 3839 3417 3838 3416 3840 3418 3839 3417 3840 3418 3841 3419 3841 3419 3840 3418 3842 3420 3841 3419 3842 3420 3843 3421 3843 3421 3842 3420 3844 3422 3843 3421 3844 3422 3845 3423 3845 3423 3844 3422 3846 3424 3845 3423 3846 3424 3847 3425 3847 3425 3846 3424 3848 3426 3847 3425 3848 3426 3849 3427 3849 3427 3848 3426 3850 3428 3849 3427 3850 3428 3779 3357 3779 3357 3850 3428 3780 3358 3779 3357 3763 3341 3849 3427 3849 3427 3763 3341 3762 3340 3849 3427 3762 3340 3847 3425 3847 3425 3762 3340 3767 3345 3847 3425 3767 3345 3845 3423 3845 3423 3767 3345 3766 3344 3845 3423 3766 3344 3843 3421 3843 3421 3766 3344 3765 3343 3843 3421 3765 3343 3841 3419 3841 3419 3765 3343 3770 3348 3841 3419 3770 3348 3839 3417 3839 3417 3770 3348 3769 3347 3839 3417 3769 3347 3837 3415 3837 3415 3769 3347 3768 3346 3837 3415 3768 3346 3835 3413 3835 3413 3768 3346 3773 3351 3835 3413 3773 3351 3833 3411 3833 3411 3773 3351 3772 3350 3833 3411 3772 3350 3831 3409 3831 3409 3772 3350 3771 3349 3831 3409 3771 3349 3829 3407 3829 3407 3771 3349 3776 3354 3829 3407 3776 3354 3827 3405 3827 3405 3776 3354 3775 3353 3827 3405 3775 3353 3825 3403 3825 3403 3775 3353 3774 3352 3825 3403 3774 3352 3823 3401 3823 3401 3774 3352 3778 3356 3823 3401 3778 3356 3821 3399 3821 3399 3778 3356 3777 3355 3821 3399 3777 3355 3819 3397 3819 3397 3777 3355 3746 3324 3819 3397 3746 3324 3817 3395 3817 3395 3746 3324 3745 3323 3817 3395 3745 3323 3815 3393 3815 3393 3745 3323 3743 3321 3815 3393 3743 3321 3813 3391 3813 3391 3743 3321 3742 3320 3813 3391 3742 3320 3811 3389 3811 3389 3742 3320 3749 3327 3811 3389 3749 3327 3809 3387 3809 3387 3749 3327 3748 3326 3809 3387 3748 3326 3807 3385 3807 3385 3748 3326 3747 3325 3807 3385 3747 3325 3805 3383 3805 3383 3747 3325 3752 3330 3805 3383 3752 3330 3803 3381 3803 3381 3752 3330 3751 3329 3803 3381 3751 3329 3801 3379 3801 3379 3751 3329 3750 3328 3801 3379 3750 3328 3799 3377 3799 3377 3750 3328 3755 3333 3799 3377 3755 3333 3797 3375 3797 3375 3755 3333 3754 3332 3797 3375 3754 3332 3795 3373 3795 3373 3754 3332 3753 3331 3795 3373 3753 3331 3793 3371 3793 3371 3753 3331 3758 3336 3793 3371 3758 3336 3791 3369 3791 3369 3758 3336 3757 3335 3791 3369 3757 3335 3789 3367 3789 3367 3757 3335 3756 3334 3789 3367 3756 3334 3787 3365 3787 3365 3756 3334 3761 3339 3787 3365 3761 3339 3785 3363 3785 3363 3761 3339 3760 3338 3785 3363 3760 3338 3783 3361 3783 3361 3760 3338 3759 3337 3783 3361 3759 3337 3781 3359 3781 3359 3759 3337 3764 3342 3781 3359 3764 3342 3779 3357 3779 3357 3764 3342 3763 3341 3851 3429 3732 3310 2829 2506 3852 3430 3853 1486 3851 3429 3854 3431 3855 3432 3856 3433 2828 2505 3857 3434 2829 2506 2829 2506 3857 3434 3854 3431 2829 2506 3854 3431 3851 3429 3851 3429 3854 3431 3856 3433 3851 3429 3856 3433 3852 3430 2833 2510 3858 3435 3859 3436 2833 2510 3859 3436 2834 2511 2834 2511 3859 3436 3860 3437 2834 2511 3860 3437 2836 2513 2836 2513 3860 3437 3861 3438 2836 2513 3861 3438 2838 2515 2838 2515 3861 3438 3862 3439 2838 2515 3862 3439 2840 2517 2840 2517 3862 3439 3863 3440 2840 2517 3863 3440 2842 2519 2842 2519 3863 3440 3864 3441 2842 2519 3864 3441 2844 2521 2844 2521 3864 3441 3865 3442 2844 2521 3865 3442 2846 2523 2846 2523 3865 3442 3866 3443 2846 2523 3866 3443 2848 2525 2848 2525 3866 3443 3857 3434 2848 2525 3857 3434 2828 2505 3867 3444 3868 3445 2871 2548 2871 2548 2906 2583 3869 3446 3869 3446 2906 2583 3741 3319 3870 3447 3871 3448 3867 3444 3872 3449 3873 3450 3874 3451 2871 2548 3869 3446 3867 3444 3867 3444 3869 3446 3875 3452 3867 3444 3875 3452 3870 3447 3876 3453 3877 3454 3869 3446 3869 3446 3877 3454 3872 3449 3878 3455 3879 3456 3880 3457 3880 3457 3879 3456 3881 3458 3874 3451 3882 3459 3872 3449 3872 3449 3882 3459 3883 3460 3872 3449 3883 3460 3884 3461 3881 3458 3885 3462 3880 3457 3880 3457 3885 3462 3886 3463 3880 3457 3886 3463 3887 3464 3884 3461 3888 3465 3872 3449 3872 3449 3888 3465 3889 3466 3872 3449 3889 3466 3890 3467 3887 3464 3891 3468 3880 3457 3880 3457 3891 3468 3892 3469 3880 3457 3892 3469 3893 3470 3890 3467 3894 3471 3872 3449 3872 3449 3894 3471 3895 3472 3872 3449 3895 3472 3896 3473 3893 3470 3897 3472 3880 3457 3880 3457 3897 3472 3898 3474 3880 3457 3898 3474 3899 3475 3896 3473 3900 3476 3872 3449 3872 3449 3900 3476 3901 3477 3872 3449 3901 3477 3902 3478 3899 3475 3903 3479 3880 3457 3880 3457 3903 3479 3904 3480 3880 3457 3904 3480 3905 3481 3902 3478 3906 3482 3872 3449 3872 3449 3906 3482 3907 3483 3872 3449 3907 3483 3908 3484 3905 3481 3909 3485 3880 3457 3880 3457 3909 3485 3910 3486 3880 3457 3910 3486 3911 3487 3908 3484 3912 3488 3872 3449 3872 3449 3912 3488 3913 3489 3872 3449 3913 3489 3869 3446 3869 3446 3913 3489 3880 3457 3869 3446 3880 3457 3875 3452 3875 3452 3880 3457 3911 3487 3914 3490 3915 3491 3858 3435 3858 3435 3915 3491 3916 3492 3854 3431 3857 3434 3917 3493 3917 3493 3857 3434 3866 3443 3916 3492 3918 3494 3858 3435 3858 3435 3918 3494 3919 3495 3858 3435 3919 3495 3920 3496 3866 3443 3865 3442 3917 3493 3917 3493 3865 3442 3864 3441 3917 3493 3864 3441 3863 3440 3863 3440 3862 3439 3917 3493 3917 3493 3862 3439 3861 3438 3917 3493 3861 3438 3860 3437 3920 3496 3921 3497 3858 3435 3858 3435 3921 3497 3922 3498 3858 3435 3922 3498 3923 3499 3923 3499 3924 3500 3858 3435 3858 3435 3924 3500 3917 3493 3858 3435 3917 3493 3859 3436 3859 3436 3917 3493 3860 3437 3925 3501 3917 3493 3926 3502 3926 3502 3917 3493 3924 3500 3926 3502 3924 3500 3927 3503 3927 3503 3924 3500 3923 3499 3927 3503 3923 3499 3928 3504 3928 3504 3923 3499 3922 3498 3928 3504 3922 3498 3929 3505 3929 3505 3922 3498 3921 3497 3929 3505 3921 3497 3930 3506 3930 3506 3921 3497 3920 3496 3930 3506 3920 3496 3931 3507 3931 3507 3920 3496 3919 3495 3931 3507 3919 3495 3932 3508 3932 3508 3919 3495 3918 3494 3932 3508 3918 3494 3933 3509 3933 3509 3918 3494 3916 3492 3933 3509 3916 3492 3934 3510 3934 3510 3916 3492 3915 3491 3934 3510 3915 3491 3935 3511 3935 3511 3915 3491 3914 3490 3935 3511 3914 3490 3936 3512 3854 3431 3917 3493 3855 3432 3855 3432 3917 3493 3925 3501 3937 3513 3869 3446 3741 3319 3735 3313 3734 3312 3938 3514 3734 3312 3733 3311 3938 3514 3938 3514 3733 3311 3732 3310 3938 3514 3732 3310 3851 3429 3939 3515 3940 3516 3741 3319 3741 3319 3940 3516 3941 3517 3741 3319 3941 3517 3937 3513 3942 3518 3943 3519 3741 3319 3943 3519 3944 3520 3741 3319 3741 3319 3944 3520 3945 3521 3741 3319 3945 3521 3939 3515 3738 3316 3938 3514 3739 3317 3739 3317 3938 3514 3740 3318 3738 3316 3737 3315 3938 3514 3938 3514 3737 3315 3736 3314 3938 3514 3736 3314 3735 3313 3740 3318 3938 3514 3741 3319 3741 3319 3938 3514 3946 3522 3741 3319 3946 3522 3942 3518 3938 3514 3851 3429 3947 3523 3947 3523 3851 3429 3853 1486 3876 3453 3869 3446 3948 3524 3948 3524 3869 3446 3937 3513 3948 3524 3937 3513 3949 3525 3949 3525 3937 3513 3950 3526 3950 3526 3937 3513 3941 3517 3950 3526 3941 3517 3951 3527 3951 3527 3941 3517 3940 3516 3951 3527 3940 3516 3952 3528 3952 3528 3940 3516 3939 3515 3952 3528 3939 3515 3953 3529 3953 3529 3939 3515 3945 3521 3953 3529 3945 3521 3954 3530 3954 3530 3945 3521 3944 3520 3954 3530 3944 3520 3955 3531 3955 3531 3944 3520 3943 3519 3955 3531 3943 3519 3956 3532 3956 3532 3943 3519 3942 3518 3956 3532 3942 3518 3957 3533 3957 3533 3942 3518 3946 3522 3957 3533 3946 3522 3947 3523 3947 3523 3946 3522 3938 3514 3958 3534 3959 3535 3960 3536 3961 3537 3962 3538 3963 3539 3964 3540 3965 3541 3960 3536 3966 3542 3967 3543 3963 3539 3963 3539 3967 3543 3968 3544 3963 3539 3968 3544 3961 3537 3965 3541 3969 3545 3960 3536 3960 3536 3969 3545 3970 3546 3960 3536 3970 3546 3958 3534 3971 3547 3972 3548 3963 3539 3972 3548 3973 3549 3963 3539 3963 3539 3973 3549 3974 3550 3963 3539 3974 3550 3966 3542 3975 3551 3976 3552 3960 3536 3960 3536 3976 3552 3977 3553 3975 3551 3960 3536 3963 3539 3963 3539 3960 3536 3978 3554 3963 3539 3978 3554 3971 3547 3977 3553 3979 3555 3960 3536 3960 3536 3979 3555 3980 3556 3960 3536 3980 3556 3964 3540 3981 3557 3960 3536 3982 3558 3982 3558 3960 3536 3959 3535 3982 3558 3959 3535 3983 3559 3984 3560 3962 3538 3985 3561 3985 3561 3962 3538 3961 3537 3985 3561 3961 3537 3986 3562 3986 3562 3961 3537 3987 3563 3987 3563 3961 3537 3968 3544 3987 3563 3968 3544 3988 3564 3988 3564 3968 3544 3967 3543 3988 3564 3967 3543 3989 3565 3989 3565 3967 3543 3966 3542 3989 3565 3966 3542 3990 3566 3990 3566 3966 3542 3974 3550 3990 3566 3974 3550 3991 3567 3991 3567 3974 3550 3973 3549 3991 3567 3973 3549 3992 3568 3992 3568 3973 3549 3972 3548 3992 3568 3972 3548 3993 3569 3993 3569 3972 3548 3971 3547 3993 3569 3971 3547 3994 3570 3994 3570 3971 3547 3978 3554 3994 3570 3978 3554 3981 3557 3981 3557 3978 3554 3960 3536 3868 3445 3867 3444 3995 3571 3996 3572 3997 3573 3998 3574 3999 3575 4000 3576 3868 3445 3868 3445 4000 3576 4001 3577 3868 3445 4001 3577 3996 3572 3998 3574 4002 3578 3996 3572 3996 3572 4002 3578 4003 3579 3996 3572 4003 3579 4004 3580 3995 3571 4005 3581 3868 3445 3868 3445 4005 3581 4006 3582 3868 3445 4006 3582 4007 3583 4004 3580 4008 3584 3996 3572 3996 3572 4008 3584 4009 3585 3996 3572 4009 3585 4010 3586 4010 3586 4011 3587 3996 3572 3996 3572 4011 3587 4012 3588 3996 3572 4012 3588 3868 3445 4007 3583 4013 3589 3868 3445 3868 3445 4013 3589 4014 3590 3868 3445 4014 3590 3999 3575 4015 3591 3996 3572 4016 3592 4016 3592 3996 3572 4001 3577 4016 3592 4001 3577 4017 3593 4017 3593 4001 3577 4000 3576 4017 3593 4000 3576 4018 3594 4018 3594 4000 3576 3999 3575 4018 3594 3999 3575 4019 3595 4019 3595 3999 3575 4014 3590 4019 3595 4014 3590 4020 3596 4020 3596 4014 3590 4013 3589 4020 3596 4013 3589 4021 3597 4021 3597 4013 3589 4007 3583 4021 3597 4007 3583 4022 3598 4022 3598 4007 3583 4006 3582 4022 3598 4006 3582 4023 3599 4023 3599 4006 3582 4005 3581 4023 3599 4005 3581 4024 3600 4024 3600 4005 3581 3995 3571 4024 3600 3995 3571 4025 3601 4025 3601 3995 3571 3867 3444 4025 3601 3867 3444 3871 3448 4026 3602 3997 3573 4027 3603 4027 3603 3997 3573 3996 3572 4027 3603 3996 3572 4015 3591 4028 3604 4029 3605 4030 3606 4030 3606 4029 3605 4031 3607 4030 3606 4031 3607 4032 3608 4033 3609 4034 3610 4030 3606 4030 3606 4034 3610 4035 3611 4030 3606 4035 3611 4028 3604 4036 3612 4037 3613 4030 3606 4030 3606 4037 3613 4038 3614 4030 3606 4038 3614 4033 3609 4039 3615 4040 3616 4030 3606 4030 3606 4040 3616 4041 3617 4030 3606 4041 3617 4036 3612 4042 3618 4043 3619 4030 3606 4030 3606 4043 3619 4044 3620 4030 3606 4044 3620 4039 3615 4045 3621 4046 3622 4030 3606 4030 3606 4046 3622 4047 3623 4030 3606 4047 3623 4042 3618 4048 3624 4049 3625 4030 3606 4030 3606 4049 3625 4050 3626 4030 3606 4050 3626 4045 3621 4051 3627 4052 3628 4030 3606 4030 3606 4052 3628 4053 3629 4030 3606 4053 3629 4048 3624 4054 3630 4055 3631 4030 3606 4030 3606 4055 3631 4056 3632 4030 3606 4056 3632 4051 3627 4057 3633 4058 3634 4030 3606 4030 3606 4058 3634 4059 3635 4030 3606 4059 3635 4054 3630 4060 3636 4061 3637 4030 3606 4030 3606 4061 3637 4062 3638 4030 3606 4062 3638 4057 3633 4032 3608 4063 3639 4030 3606 4030 3606 4063 3639 4064 3640 4030 3606 4064 3640 4060 3636 3984 3560 3985 3561 4065 3641 4066 3642 4067 3643 4068 3644 4069 3645 4065 3641 4068 3644 4068 3644 4065 3641 3985 3561 4068 3644 3985 3561 4066 3642 4070 3646 4071 3647 4072 3648 4072 3648 4071 3647 4073 3649 4074 3650 4075 3651 4071 3647 4071 3647 4075 3651 4076 3652 4071 3647 4076 3652 4073 3649 4073 3649 4076 3652 4077 3653 3895 3472 3894 3471 4078 3654 4079 3655 4080 3656 4081 3657 4079 3655 4081 3657 4082 3658 4083 3659 3900 3476 4078 3654 4078 3654 3900 3476 3896 3473 4078 3654 3896 3473 3895 3472 4084 3660 3902 3478 4083 3659 4083 3659 3902 3478 3901 3477 4083 3659 3901 3477 3900 3476 4085 3661 3907 3483 4084 3660 4084 3660 3907 3483 3906 3482 4084 3660 3906 3482 3902 3478 4081 3657 3913 3489 4082 3658 4082 3658 3913 3489 3912 3488 4082 3658 3912 3488 4085 3661 4085 3661 3912 3488 3908 3484 4085 3661 3908 3484 3907 3483 4086 3662 4087 3663 4088 3664 4088 3664 4087 3663 4080 3656 3880 3457 3913 3489 4087 3663 4087 3663 3913 3489 4081 3657 4087 3663 4081 3657 4080 3656 3897 3472 3893 3470 4089 3665 4090 3666 4091 3667 4092 3668 4093 3669 3899 3475 4089 3665 4089 3665 3899 3475 3898 3474 4089 3665 3898 3474 3897 3472 4094 3670 3904 3480 4093 3669 4093 3669 3904 3480 3903 3479 4093 3669 3903 3479 3899 3475 4095 3671 3909 3485 4094 3670 4094 3670 3909 3485 3905 3481 4094 3670 3905 3481 3904 3480 4092 3668 3875 3452 4090 3666 4090 3666 3875 3452 3911 3487 4090 3666 3911 3487 4095 3671 4095 3671 3911 3487 3910 3486 4095 3671 3910 3486 3909 3485 4026 3602 4027 3603 4096 3672 4097 3673 4098 3674 4099 3675 4100 3676 4096 3672 4099 3675 4099 3675 4096 3672 4027 3603 4099 3675 4027 3603 4097 3673 4101 3677 3982 3558 3983 3559 4102 3678 4100 3676 4103 3679 4103 3679 4100 3676 4099 3675 4103 3679 4099 3675 4098 3674 4104 3680 4105 3681 4102 3678 4102 3678 4105 3681 4106 3682 4102 3678 4106 3682 4100 3676 4102 3678 4107 3683 4104 3680 4104 3680 4107 3683 4108 3684 4104 3680 4108 3684 4109 3685 4110 3686 4111 3687 4108 3684 4108 3684 4111 3687 4112 3688 4108 3684 4112 3688 4109 3685 4113 3689 4114 3690 4110 3686 4110 3686 4114 3690 4115 3691 4110 3686 4115 3691 4111 3687 4116 3692 4113 3689 4117 3693 4118 3694 4119 3695 4120 3696 4121 3697 4122 3698 4117 3693 4117 3693 4122 3698 4123 3699 4117 3693 4123 3699 4116 3692 4124 3700 4125 3701 4121 3697 4121 3697 4125 3701 4126 3702 4121 3697 4126 3702 4122 3698 4127 3703 4128 3704 4124 3700 4124 3700 4128 3704 4129 3705 4124 3700 4129 3705 4125 3701 4120 3696 4130 3706 4118 3694 4118 3694 4130 3706 4131 3707 4118 3694 4131 3707 4127 3703 4127 3703 4131 3707 4132 3708 4127 3703 4132 3708 4128 3704 4101 3677 4130 3706 3982 3558 3982 3558 4130 3706 4120 3696 3982 3558 4120 3696 4133 3709 4133 3709 4120 3696 4119 3695 4134 3710 3935 3511 3936 3512 4135 3711 4074 3650 4136 3712 4136 3712 4074 3650 4071 3647 4136 3712 4071 3647 4137 3713 4137 3713 4071 3647 4070 3646 4138 3714 4139 3715 4135 3711 4135 3711 4139 3715 4140 3716 4135 3711 4140 3716 4074 3650 4135 3711 4141 3717 4138 3714 4138 3714 4141 3717 4142 3718 4138 3714 4142 3718 4143 3719 4144 3720 4145 3721 4142 3718 4142 3718 4145 3721 4146 3722 4142 3718 4146 3722 4143 3719 4147 3723 4148 3724 4144 3720 4144 3720 4148 3724 4149 3725 4144 3720 4149 3725 4145 3721 4150 3726 4147 3723 4151 3727 4152 3728 4153 3729 4154 3730 4152 3728 4154 3730 4155 3731 4156 3732 4157 3733 4151 3727 4151 3727 4157 3733 4158 3734 4151 3727 4158 3734 4150 3726 4159 3735 4160 3736 4156 3732 4156 3732 4160 3736 4161 3737 4156 3732 4161 3737 4157 3733 4162 3738 4163 3739 4159 3735 4159 3735 4163 3739 4164 3740 4159 3735 4164 3740 4160 3736 4154 3730 4165 3741 4155 3731 4155 3731 4165 3741 4166 3742 4155 3731 4166 3742 4162 3738 4162 3738 4166 3742 4167 3743 4162 3738 4167 3743 4163 3739 4154 3730 4153 3729 4168 3744 4165 3741 4154 3730 4134 3710 4134 3710 4154 3730 4168 3744 4134 3710 4168 3744 3935 3511 4169 3745 4069 3645 4170 3746 4170 3746 4069 3645 4068 3644 4170 3746 4068 3644 4067 3643 4171 3747 4172 3748 4169 3745 4169 3745 4172 3748 4173 3749 4169 3745 4173 3749 4069 3645 4169 3745 4174 3750 4171 3747 4171 3747 4174 3750 4175 3751 4171 3747 4175 3751 4176 3752 4177 3753 4178 3754 4175 3751 4175 3751 4178 3754 4179 3755 4175 3751 4179 3755 4176 3752 4180 3756 4181 3757 4177 3753 4177 3753 4181 3757 4182 3758 4177 3753 4182 3758 4178 3754 4183 3759 4180 3756 4184 3760 4185 3761 4077 3653 4076 3652 4186 3762 4187 3763 4184 3760 4184 3760 4187 3763 4188 3764 4184 3760 4188 3764 4183 3759 4189 3765 4190 3766 4186 3762 4186 3762 4190 3766 4191 3767 4186 3762 4191 3767 4187 3763 4192 3768 4193 3769 4189 3765 4189 3765 4193 3769 4194 3770 4189 3765 4194 3770 4190 3766 4076 3652 4075 3651 4185 3761 4185 3761 4075 3651 4195 3771 4185 3761 4195 3771 4192 3768 4192 3768 4195 3771 4196 3772 4192 3768 4196 3772 4193 3769 4197 3773 3872 3449 4198 3774 4198 3774 3872 3449 4199 3775 4198 3774 4199 3775 4200 3776 4200 3776 4199 3775 4201 3777 3882 3459 3874 3451 4197 3773 4197 3773 3874 3451 3873 3450 4197 3773 3873 3450 3872 3449 4197 3773 4202 3778 3882 3459 3882 3459 4202 3778 4203 3779 3882 3459 4203 3779 3883 3460 4204 3780 3888 3465 4203 3779 4203 3779 3888 3465 3884 3461 4203 3779 3884 3461 3883 3460 3894 3471 3890 3467 4204 3780 4204 3780 3890 3467 3889 3466 4204 3780 3889 3466 3888 3465 4205 3781 4201 3777 4199 3775 3877 3454 3948 3524 4206 3782 4205 3781 4199 3775 4206 3782 4206 3782 4199 3775 3872 3449 4206 3782 3872 3449 3877 3454 3876 3453 3948 3524 3877 3454 4207 3783 3880 3457 4208 3784 4208 3784 3880 3457 4087 3663 4208 3784 4087 3663 4086 3662 3881 3458 3879 3456 4207 3783 4207 3783 3879 3456 3878 3455 4207 3783 3878 3455 3880 3457 4207 3783 4209 3785 3881 3458 3881 3458 4209 3785 4210 3786 3881 3458 4210 3786 3885 3462 4211 3787 3887 3464 4210 3786 4210 3786 3887 3464 3886 3463 4210 3786 3886 3463 3885 3462 3893 3470 3892 3469 4211 3787 4211 3787 3892 3469 3891 3468 4211 3787 3891 3468 3887 3464 3870 3447 4025 3601 3871 3448 3870 3447 3875 3452 4025 3601 4025 3601 3875 3452 4092 3668 4025 3601 4092 3668 4212 3788 4212 3788 4092 3668 4091 3667 4213 3789 4214 3790 4215 3791 4215 3791 4214 3790 4216 3792 4215 3791 4216 3792 4217 3793 4218 3794 4219 3795 4215 3791 4215 3791 4219 3795 4220 3796 4215 3791 4220 3796 4213 3789 4221 3797 4222 3798 4215 3791 4215 3791 4222 3798 4223 3799 4215 3791 4223 3799 4218 3794 4224 3800 4225 3801 4215 3791 4215 3791 4225 3801 4226 3802 4215 3791 4226 3802 4221 3797 4227 3803 4228 3804 4215 3791 4215 3791 4228 3804 4229 3805 4215 3791 4229 3805 4224 3800 4230 3806 4231 3807 4215 3791 4215 3791 4231 3807 4232 3808 4215 3791 4232 3808 4227 3803 4233 3809 4234 3810 4215 3791 4215 3791 4234 3810 4235 3811 4215 3791 4235 3811 4230 3806 4236 3812 4237 3813 4215 3791 4215 3791 4237 3813 4238 3814 4215 3791 4238 3814 4233 3809 4239 3815 4240 3816 4215 3791 4215 3791 4240 3816 4241 3817 4215 3791 4241 3817 4236 3812 4242 3818 4243 3819 4215 3791 4215 3791 4243 3819 4244 3820 4215 3791 4244 3820 4239 3815 4245 3821 4246 3822 4215 3791 4215 3791 4246 3822 4247 3823 4215 3791 4247 3823 4242 3818 4217 3793 4248 3824 4215 3791 4215 3791 4248 3824 4249 3825 4215 3791 4249 3825 4245 3821 4250 3826 4235 3811 4251 3827 4251 3827 4235 3811 4234 3810 4251 3827 4234 3810 4252 3828 4252 3828 4234 3810 4233 3809 4252 3828 4233 3809 4253 3829 4253 3829 4233 3809 4238 3814 4253 3829 4238 3814 4254 3830 4254 3830 4238 3814 4237 3813 4254 3830 4237 3813 4255 3831 4255 3831 4237 3813 4236 3812 4255 3831 4236 3812 4256 3832 4256 3832 4236 3812 4241 3817 4256 3832 4241 3817 4257 3833 4257 3833 4241 3817 4240 3816 4257 3833 4240 3816 4258 3834 4258 3834 4240 3816 4239 3815 4258 3834 4239 3815 4259 3835 4259 3835 4239 3815 4244 3820 4259 3835 4244 3820 4260 3836 4260 3836 4244 3820 4243 3819 4260 3836 4243 3819 4261 3837 4261 3837 4243 3819 4242 3818 4261 3837 4242 3818 4262 3838 4262 3838 4242 3818 4247 3823 4262 3838 4247 3823 4263 3839 4263 3839 4247 3823 4246 3822 4263 3839 4246 3822 4264 3840 4264 3840 4246 3822 4245 3821 4264 3840 4245 3821 4265 3841 4265 3841 4245 3821 4249 3825 4265 3841 4249 3825 4266 3842 4266 3842 4249 3825 4248 3824 4266 3842 4248 3824 4267 3843 4267 3843 4248 3824 4217 3793 4267 3843 4217 3793 4268 3844 4268 3844 4217 3793 4216 3792 4268 3844 4216 3792 4269 3845 4269 3845 4216 3792 4214 3790 4269 3845 4214 3790 4270 3846 4270 3846 4214 3790 4213 3789 4270 3846 4213 3789 4271 3847 4271 3847 4213 3789 4220 3796 4271 3847 4220 3796 4272 3848 4272 3848 4220 3796 4219 3795 4272 3848 4219 3795 4273 3849 4273 3849 4219 3795 4218 3794 4273 3849 4218 3794 4274 3850 4274 3850 4218 3794 4223 3799 4274 3850 4223 3799 4275 3851 4275 3851 4223 3799 4222 3798 4275 3851 4222 3798 4276 3852 4276 3852 4222 3798 4221 3797 4276 3852 4221 3797 4277 3853 4277 3853 4221 3797 4226 3802 4277 3853 4226 3802 4278 3854 4278 3854 4226 3802 4225 3801 4278 3854 4225 3801 4279 3855 4279 3855 4225 3801 4224 3800 4279 3855 4224 3800 4280 3856 4280 3856 4224 3800 4229 3805 4280 3856 4229 3805 4281 3857 4281 3857 4229 3805 4228 3804 4281 3857 4228 3804 4282 3858 4282 3858 4228 3804 4227 3803 4282 3858 4227 3803 4283 3859 4283 3859 4227 3803 4232 3808 4283 3859 4232 3808 4284 3860 4284 3860 4232 3808 4231 3807 4284 3860 4231 3807 4285 3861 4285 3861 4231 3807 4230 3806 4285 3861 4230 3806 4250 3826 4250 3826 4230 3806 4235 3811 4286 3862 4287 3863 4288 3864 4288 3864 4287 3863 4289 3792 4288 3864 4289 3792 4290 3793 4291 3865 4292 3866 4288 3864 4288 3864 4292 3866 4293 3867 4288 3864 4293 3867 4286 3862 4294 3868 4295 3869 4288 3864 4288 3864 4295 3869 4296 3870 4288 3864 4296 3870 4291 3865 4297 3800 4298 3801 4288 3864 4288 3864 4298 3801 4299 3802 4288 3864 4299 3802 4294 3868 4300 3871 4301 3872 4288 3864 4288 3864 4301 3872 4302 3873 4288 3864 4302 3873 4297 3800 4303 3874 4304 3875 4288 3864 4288 3864 4304 3875 4305 3876 4288 3864 4305 3876 4300 3871 4306 3809 4307 3810 4288 3864 4288 3864 4307 3810 4308 3811 4288 3864 4308 3811 4303 3874 4309 3877 4310 3878 4288 3864 4288 3864 4310 3878 4311 3879 4288 3864 4311 3879 4306 3809 4312 3815 4313 3816 4288 3864 4288 3864 4313 3816 4314 3880 4288 3864 4314 3880 4309 3877 4315 3881 4316 3882 4288 3864 4288 3864 4316 3882 4317 3820 4288 3864 4317 3820 4312 3815 4318 3883 4319 3884 4288 3864 4288 3864 4319 3884 4320 3885 4288 3864 4320 3885 4315 3881 4290 3793 4321 3824 4288 3864 4288 3864 4321 3824 4322 3886 4288 3864 4322 3886 4318 3883 4323 3887 4308 3811 4324 3888 4324 3888 4308 3811 4307 3810 4324 3888 4307 3810 4325 3828 4325 3828 4307 3810 4306 3809 4325 3828 4306 3809 4326 3889 4326 3889 4306 3809 4311 3879 4326 3889 4311 3879 4327 3890 4327 3890 4311 3879 4310 3878 4327 3890 4310 3878 4328 3891 4328 3891 4310 3878 4309 3877 4328 3891 4309 3877 4329 3892 4329 3892 4309 3877 4314 3880 4329 3892 4314 3880 4330 3893 4330 3893 4314 3880 4313 3816 4330 3893 4313 3816 4331 3834 4331 3834 4313 3816 4312 3815 4331 3834 4312 3815 4332 3894 4332 3894 4312 3815 4317 3820 4332 3894 4317 3820 4333 3895 4333 3895 4317 3820 4316 3882 4333 3895 4316 3882 4334 3896 4334 3896 4316 3882 4315 3881 4334 3896 4315 3881 4335 3897 4335 3897 4315 3881 4320 3885 4335 3897 4320 3885 4336 3898 4336 3898 4320 3885 4319 3884 4336 3898 4319 3884 4337 3899 4337 3899 4319 3884 4318 3883 4337 3899 4318 3883 4338 3900 4338 3900 4318 3883 4322 3886 4338 3900 4322 3886 4339 3901 4339 3901 4322 3886 4321 3824 4339 3901 4321 3824 4340 3843 4340 3843 4321 3824 4290 3793 4340 3843 4290 3793 4341 3844 4341 3844 4290 3793 4289 3792 4341 3844 4289 3792 4342 3845 4342 3845 4289 3792 4287 3863 4342 3845 4287 3863 4343 3846 4343 3846 4287 3863 4286 3862 4343 3846 4286 3862 4344 3902 4344 3902 4286 3862 4293 3867 4344 3902 4293 3867 4345 3903 4345 3903 4293 3867 4292 3866 4345 3903 4292 3866 4346 3904 4346 3904 4292 3866 4291 3865 4346 3904 4291 3865 4347 3905 4347 3905 4291 3865 4296 3870 4347 3905 4296 3870 4348 3906 4348 3906 4296 3870 4295 3869 4348 3906 4295 3869 4349 3907 4349 3907 4295 3869 4294 3868 4349 3907 4294 3868 4350 3908 4350 3908 4294 3868 4299 3802 4350 3908 4299 3802 4351 3909 4351 3909 4299 3802 4298 3801 4351 3909 4298 3801 4352 3910 4352 3910 4298 3801 4297 3800 4352 3910 4297 3800 4353 3911 4353 3911 4297 3800 4302 3873 4353 3911 4302 3873 4354 3912 4354 3912 4302 3873 4301 3872 4354 3912 4301 3872 4355 3913 4355 3913 4301 3872 4300 3871 4355 3913 4300 3871 4356 3914 4356 3914 4300 3871 4305 3876 4356 3914 4305 3876 4357 3915 4357 3915 4305 3876 4304 3875 4357 3915 4304 3875 4358 3916 4358 3916 4304 3875 4303 3874 4358 3916 4303 3874 4323 3887 4323 3887 4303 3874 4308 3811 4359 3789 4360 3790 4361 3917 4361 3917 4360 3790 4362 3792 4361 3917 4362 3792 4363 3918 4364 3794 4365 3919 4361 3917 4361 3917 4365 3919 4366 3796 4361 3917 4366 3796 4359 3789 4367 3868 4368 3869 4361 3917 4361 3917 4368 3869 4369 3870 4361 3917 4369 3870 4364 3794 4370 3800 4371 3801 4361 3917 4361 3917 4371 3801 4372 3802 4361 3917 4372 3802 4367 3868 4373 3920 4374 3921 4361 3917 4361 3917 4374 3921 4375 3873 4361 3917 4375 3873 4370 3800 4376 3806 4377 3807 4361 3917 4361 3917 4377 3807 4378 3808 4361 3917 4378 3808 4373 3920 4379 3922 4380 3923 4361 3917 4361 3917 4380 3923 4381 3811 4361 3917 4381 3811 4376 3806 4382 3924 4383 3925 4361 3917 4361 3917 4383 3925 4384 3926 4361 3917 4384 3926 4379 3922 4385 3927 4386 3928 4361 3917 4361 3917 4386 3928 4387 3880 4361 3917 4387 3880 4382 3924 4388 3881 4389 3882 4361 3917 4361 3917 4389 3882 4390 3820 4361 3917 4390 3820 4385 3927 4391 3929 4392 3930 4361 3917 4361 3917 4392 3930 4393 3931 4361 3917 4393 3931 4388 3881 4363 3918 4394 3932 4361 3917 4361 3917 4394 3932 4395 3933 4361 3917 4395 3933 4391 3929 4396 3887 4381 3811 4397 3934 4397 3934 4381 3811 4380 3923 4397 3934 4380 3923 4398 3935 4398 3935 4380 3923 4379 3922 4398 3935 4379 3922 4399 3936 4399 3936 4379 3922 4384 3926 4399 3936 4384 3926 4400 3937 4400 3937 4384 3926 4383 3925 4400 3937 4383 3925 4401 3938 4401 3938 4383 3925 4382 3924 4401 3938 4382 3924 4402 3939 4402 3939 4382 3924 4387 3880 4402 3939 4387 3880 4403 3893 4403 3893 4387 3880 4386 3928 4403 3893 4386 3928 4404 3940 4404 3940 4386 3928 4385 3927 4404 3940 4385 3927 4405 3941 4405 3941 4385 3927 4390 3820 4405 3941 4390 3820 4406 3895 4406 3895 4390 3820 4389 3882 4406 3895 4389 3882 4407 3942 4407 3942 4389 3882 4388 3881 4407 3942 4388 3881 4408 3943 4408 3943 4388 3881 4393 3931 4408 3943 4393 3931 4409 3839 4409 3839 4393 3931 4392 3930 4409 3839 4392 3930 4410 3840 4410 3840 4392 3930 4391 3929 4410 3840 4391 3929 4411 3944 4411 3944 4391 3929 4395 3933 4411 3944 4395 3933 4412 3945 4412 3945 4395 3933 4394 3932 4412 3945 4394 3932 4413 3946 4413 3946 4394 3932 4363 3918 4413 3946 4363 3918 4414 3844 4414 3844 4363 3918 4362 3792 4414 3844 4362 3792 4415 3845 4415 3845 4362 3792 4360 3790 4415 3845 4360 3790 4416 3846 4416 3846 4360 3790 4359 3789 4416 3846 4359 3789 4417 3947 4417 3947 4359 3789 4366 3796 4417 3947 4366 3796 4418 3948 4418 3948 4366 3796 4365 3919 4418 3948 4365 3919 4419 3949 4419 3949 4365 3919 4364 3794 4419 3949 4364 3794 4420 3950 4420 3950 4364 3794 4369 3870 4420 3950 4369 3870 4421 3951 4421 3951 4369 3870 4368 3869 4421 3951 4368 3869 4422 3952 4422 3952 4368 3869 4367 3868 4422 3952 4367 3868 4423 3953 4423 3953 4367 3868 4372 3802 4423 3953 4372 3802 4424 3954 4424 3954 4372 3802 4371 3801 4424 3954 4371 3801 4425 3855 4425 3855 4371 3801 4370 3800 4425 3855 4370 3800 4426 3955 4426 3955 4370 3800 4375 3873 4426 3955 4375 3873 4427 3956 4427 3956 4375 3873 4374 3921 4427 3956 4374 3921 4428 3957 4428 3957 4374 3921 4373 3920 4428 3957 4373 3920 4429 3859 4429 3859 4373 3920 4378 3808 4429 3859 4378 3808 4430 3860 4430 3860 4378 3808 4377 3807 4430 3860 4377 3807 4431 3958 4431 3958 4377 3807 4376 3806 4431 3958 4376 3806 4396 3887 4396 3887 4376 3806 4381 3811 2871 2548 3868 3445 4012 3588 2871 2548 4012 3588 2872 2549 2872 2549 4012 3588 4011 3587 2872 2549 4011 3587 2874 2551 2874 2551 4011 3587 4010 3586 2874 2551 4010 3586 2876 2553 2876 2553 4010 3586 4009 3585 2876 2553 4009 3585 2878 2555 2878 2555 4009 3585 4008 3584 2878 2555 4008 3584 2880 2557 2880 2557 4008 3584 4004 3580 2880 2557 4004 3580 2882 2559 2882 2559 4004 3580 4003 3579 2882 2559 4003 3579 2884 2561 2884 2561 4003 3579 4002 3578 2884 2561 4002 3578 2886 2563 2886 2563 4002 3578 3998 3574 2886 2563 3998 3574 2888 2565 2851 2528 2888 2565 3998 3574 3998 3574 3997 3573 2851 2528 2851 2528 3997 3573 3959 3535 2851 2528 3959 3535 3958 3534 3997 3573 4026 3602 4096 3672 4131 3707 4130 3706 4100 3676 4096 3672 4100 3676 3997 3573 3997 3573 4100 3676 4130 3706 3997 3573 4130 3706 3959 3535 3959 3535 4130 3706 4101 3677 3959 3535 4101 3677 3983 3559 4129 3705 4128 3704 4100 3676 4100 3676 4128 3704 4132 3708 4100 3676 4132 3708 4131 3707 4100 3676 4106 3682 4129 3705 4129 3705 4106 3682 4105 3681 4129 3705 4105 3681 4104 3680 4104 3680 4109 3685 4129 3705 4129 3705 4109 3685 4112 3688 4129 3705 4112 3688 4111 3687 4116 3692 4123 3699 4125 3701 4125 3701 4123 3699 4122 3698 4125 3701 4122 3698 4126 3702 4111 3687 4115 3691 4129 3705 4129 3705 4115 3691 4114 3690 4129 3705 4114 3690 4125 3701 4125 3701 4114 3690 4113 3689 4125 3701 4113 3689 4116 3692 2851 2528 3958 3534 3970 3546 2851 2528 3970 3546 4432 3959 4432 3959 3970 3546 3969 3545 4432 3959 3969 3545 4433 3960 4433 3960 3969 3545 3965 3541 4433 3960 3965 3541 4434 3961 4434 3961 3965 3541 3964 3540 4434 3961 3964 3540 4435 3962 4435 3962 3964 3540 3980 3556 4435 3962 3980 3556 4436 3963 4436 3963 3980 3556 3979 3555 4436 3963 3979 3555 4437 3964 4437 3964 3979 3555 3977 3553 4437 3964 3977 3553 4438 3965 4438 3965 3977 3553 3976 3552 4438 3965 3976 3552 4439 3966 4439 3966 3976 3552 3975 3551 4439 3966 3975 3551 4440 3967 4440 3967 3975 3551 3963 3539 4440 3967 3963 3539 2868 2545 3914 3490 3858 3435 2833 2510 2833 2510 2868 2545 3962 3538 3962 3538 2868 2545 3963 3539 4134 3710 3936 3512 3914 3490 2833 2510 3962 3538 3914 3490 3914 3490 3962 3538 4165 3741 3914 3490 4165 3741 4134 3710 3984 3560 4065 3641 3962 3538 3962 3538 4065 3641 4069 3645 4140 3716 4139 3715 4074 3650 4074 3650 4139 3715 4138 3714 4194 3770 4173 3749 4172 3748 4173 3749 4194 3770 4069 3645 4069 3645 4194 3770 4193 3769 4069 3645 4193 3769 4196 3772 4138 3714 4143 3719 4074 3650 4074 3650 4143 3719 4146 3722 4074 3650 4146 3722 4145 3721 4145 3721 4149 3725 4074 3650 4074 3650 4149 3725 4148 3724 4074 3650 4148 3724 4147 3723 4180 3756 4172 3748 4181 3757 4181 3757 4172 3748 4171 3747 4181 3757 4171 3747 4176 3752 4180 3756 4183 3759 4172 3748 4172 3748 4183 3759 4188 3764 4172 3748 4188 3764 4187 3763 4176 3752 4179 3755 4181 3757 4181 3757 4179 3755 4178 3754 4181 3757 4178 3754 4182 3758 4187 3763 4191 3767 4172 3748 4172 3748 4191 3767 4190 3766 4172 3748 4190 3766 4194 3770 4147 3723 4150 3726 4074 3650 4074 3650 4150 3726 4158 3734 4074 3650 4158 3734 4157 3733 4157 3733 4161 3737 4074 3650 4074 3650 4161 3737 4160 3736 4074 3650 4160 3736 4164 3740 4164 3740 4163 3739 4074 3650 4074 3650 4163 3739 4167 3743 4074 3650 4167 3743 4166 3742 4166 3742 4165 3741 4074 3650 4074 3650 4165 3741 3962 3538 4074 3650 3962 3538 4075 3651 4075 3651 3962 3538 4069 3645 4075 3651 4069 3645 4195 3771 4195 3771 4069 3645 4196 3772 2871 2548 2868 2545 2906 2583 2906 2583 2868 2545 2833 2510 4433 3960 4434 3961 4440 3967 2833 2510 2828 2505 2906 2583 2906 2583 2828 2505 2829 2506 2871 2548 2888 2565 2868 2545 2868 2545 2888 2565 2851 2528 2868 2545 2851 2528 4440 3967 4440 3967 2851 2528 4432 3959 4440 3967 4432 3959 4433 3960 4436 3963 4437 3964 4438 3965 2896 2573 2898 2575 2900 2577 4434 3961 4435 3962 4440 3967 4440 3967 4435 3962 4436 3963 4440 3967 4436 3963 4439 3966 4439 3966 4436 3963 4438 3965 2900 2577 2902 2579 2896 2573 2896 2573 2902 2579 2904 2581 4441 3968 4442 3969 4443 3970 4443 3970 4442 3969 4444 3607 4443 3970 4444 3607 4445 3971 4446 3972 4447 3973 4443 3970 4443 3970 4447 3973 4448 3974 4443 3970 4448 3974 4441 3968 4449 3975 4450 3976 4443 3970 4443 3970 4450 3976 4451 3977 4443 3970 4451 3977 4446 3972 4452 3978 4453 3979 4443 3970 4443 3970 4453 3979 4454 3980 4443 3970 4454 3980 4449 3975 4455 3981 4456 3982 4443 3970 4443 3970 4456 3982 4457 3983 4443 3970 4457 3983 4452 3978 4458 3984 4459 3985 4443 3970 4443 3970 4459 3985 4460 3986 4443 3970 4460 3986 4455 3981 4461 3987 4462 3988 4443 3970 4443 3970 4462 3988 4463 3989 4443 3970 4463 3989 4458 3984 4464 3990 4465 3991 4443 3970 4443 3970 4465 3991 4466 3992 4443 3970 4466 3992 4461 3987 4467 3993 4468 3994 4443 3970 4443 3970 4468 3994 4469 3995 4443 3970 4469 3995 4464 3990 4470 3996 4471 3997 4443 3970 4443 3970 4471 3997 4472 3998 4443 3970 4472 3998 4467 3993 4473 3999 4474 4000 4443 3970 4443 3970 4474 4000 4475 4001 4443 3970 4475 4001 4470 3996 4445 3971 4476 4002 4443 3970 4443 3970 4476 4002 4477 4003 4443 3970 4477 4003 4473 3999 4205 3781 4206 3782 4478 4004 3981 3557 3982 3558 4133 3709 4479 4005 4020 3596 4021 3597 4021 3597 4022 3598 4479 4005 4479 4005 4022 3598 4023 3599 4479 4005 4023 3599 4212 3788 4212 3788 4023 3599 4024 3600 4212 3788 4024 3600 4025 3601 4480 4006 4018 3594 4479 4005 4479 4005 4018 3594 4019 3595 4479 4005 4019 3595 4020 3596 4027 3603 4015 3591 4097 3673 4097 3673 4015 3591 4016 3592 4097 3673 4016 3592 4480 4006 4480 4006 4016 3592 4017 3593 4480 4006 4017 3593 4018 3594 4481 4007 4482 4008 4119 3695 4119 3695 4482 4008 4483 4009 4119 3695 4483 4009 4484 4010 4485 4011 4486 4012 4133 3709 4487 4013 4488 4014 4480 4006 4484 4010 4489 4015 4119 3695 4119 3695 4489 4015 4490 4016 4119 3695 4490 4016 4133 3709 4133 3709 4490 4016 4491 4017 4133 3709 4491 4017 4485 4011 4492 4018 4493 4019 4098 3674 4481 4007 4113 3689 4494 4020 4494 4020 4113 3689 4110 3686 4494 4020 4110 3686 4495 4021 4486 4012 4496 4022 4133 3709 4133 3709 4496 4022 4497 4023 4133 3709 4497 4023 4498 4024 4498 4024 4497 4023 4499 4025 4498 4024 4499 4025 4500 4026 4500 4026 4501 4027 4498 4024 4498 4024 4501 4027 4502 4028 4498 4024 4502 4028 4503 4029 4110 3686 4108 3684 4495 4021 4495 4021 4108 3684 4107 3683 4495 4021 4107 3683 4504 4030 4504 4030 4107 3683 4102 3678 4504 4030 4102 3678 4505 4031 4505 4031 4102 3678 4103 3679 4505 4031 4103 3679 4506 4032 4506 4032 4103 3679 4098 3674 4506 4032 4098 3674 4507 4033 4507 4033 4098 3674 4493 4019 4503 4029 4508 4034 4498 4024 4498 4024 4508 4034 4509 4035 4498 4024 4509 4035 4480 4006 4480 4006 4509 4035 4510 4036 4480 4006 4510 4036 4487 4013 4488 4014 4511 4037 4480 4006 4480 4006 4511 4037 4512 4038 4480 4006 4512 4038 4513 4039 4513 4039 4514 4040 4480 4006 4480 4006 4514 4040 4515 4041 4480 4006 4515 4041 4097 3673 4097 3673 4515 4041 4516 4042 4097 3673 4516 4042 4098 3674 4098 3674 4516 4042 4517 4043 4098 3674 4517 4043 4492 4018 4119 3695 4118 3694 4481 4007 4481 4007 4118 3694 4127 3703 4481 4007 4127 3703 4124 3700 4124 3700 4121 3697 4481 4007 4481 4007 4121 3697 4117 3693 4481 4007 4117 3693 4113 3689 4498 4024 4518 4044 3991 3567 3991 3567 3992 3568 4498 4024 4498 4024 3992 3568 3993 3569 4498 4024 3993 3569 4133 3709 4133 3709 3993 3569 3994 3570 4133 3709 3994 3570 3981 3557 3987 3563 3988 3564 4518 4044 3988 3564 3989 3565 4518 4044 4518 4044 3989 3565 3990 3566 4518 4044 3990 3566 3991 3567 3987 3563 4518 4044 3986 3562 3986 3562 4518 4044 4066 3642 3986 3562 4066 3642 3985 3561 4519 4045 4520 4046 4077 3653 4520 4046 4521 4047 4077 3653 4077 3653 4521 4047 4522 4048 4077 3653 4522 4048 4073 3649 4523 4049 4524 4050 4067 3643 4067 3643 4524 4050 4525 4051 4067 3643 4525 4051 4526 4052 4522 4048 4527 4053 4073 3649 4073 3649 4527 4053 4528 4054 4073 3649 4528 4054 4529 4055 4530 4056 4531 4057 4532 4058 4532 4058 4531 4057 4533 4059 4532 4058 4533 4059 4534 4060 4534 4060 4535 4061 4532 4058 4532 4058 4535 4061 4536 4062 4532 4058 4536 4062 4537 4063 4537 4063 4538 4064 4518 4044 4518 4044 4538 4064 4539 4065 4518 4044 4539 4065 4540 4066 4540 4066 4541 4067 4518 4044 4518 4044 4541 4067 4542 4068 4518 4044 4542 4068 4543 4069 4544 4070 4545 4071 4532 4058 4532 4058 4545 4071 4546 4072 4532 4058 4546 4072 4530 4056 4543 4069 4547 4073 4518 4044 4518 4044 4547 4073 4548 4074 4518 4044 4548 4074 4066 3642 4066 3642 4548 4074 4549 4075 4066 3642 4549 4075 4550 4076 4550 4076 4551 4077 4066 3642 4066 3642 4551 4077 4552 4078 4066 3642 4552 4078 4067 3643 4067 3643 4552 4078 4553 4079 4067 3643 4553 4079 4523 4049 4554 4080 4184 3760 4555 4081 4555 4081 4184 3760 4180 3756 4555 4081 4180 3756 4526 4052 4180 3756 4177 3753 4526 4052 4526 4052 4177 3753 4175 3751 4526 4052 4175 3751 4174 3750 4519 4045 4077 3653 4554 4080 4554 4080 4077 3653 4185 3761 4554 4080 4185 3761 4192 3768 4174 3750 4169 3745 4526 4052 4526 4052 4169 3745 4170 3746 4526 4052 4170 3746 4067 3643 4192 3768 4189 3765 4554 4080 4554 4080 4189 3765 4186 3762 4554 4080 4186 3762 4184 3760 4529 4055 4544 4070 4073 3649 4073 3649 4544 4070 4532 4058 4073 3649 4532 4058 4072 3648 4556 4082 4557 4083 4137 3713 4556 4082 4137 3713 4558 4084 4168 3744 4153 3729 4559 4085 4070 3646 4560 4086 4137 3713 4137 3713 4560 4086 4561 4087 4137 3713 4561 4087 4558 4084 4562 4088 4563 4089 4564 4090 4564 4090 4563 4089 4565 4091 4152 3728 4566 4092 4567 4093 4559 4085 4568 4094 4168 3744 4168 3744 4568 4094 4569 4095 4168 3744 4569 4095 4570 4096 4571 4097 4572 4098 4570 4096 4565 4091 4573 4099 4564 4090 4564 4090 4573 4099 4574 4100 4564 4090 4574 4100 4575 4101 4072 3648 4576 4102 4070 3646 4070 3646 4576 4102 4577 4103 4070 3646 4577 4103 4560 4086 4567 4093 4578 4104 4152 3728 4152 3728 4578 4104 4579 4105 4152 3728 4579 4105 4153 3729 4153 3729 4579 4105 4580 4106 4153 3729 4580 4106 4559 4085 4572 4098 4581 4107 4570 4096 4570 4096 4581 4107 4582 4108 4570 4096 4582 4108 4564 4090 4564 4090 4582 4108 4583 4109 4564 4090 4583 4109 4562 4088 4575 4101 4584 4110 4564 4090 4564 4090 4584 4110 4585 4111 4564 4090 4585 4111 4072 3648 4072 3648 4585 4111 4586 4112 4072 3648 4586 4112 4576 4102 4569 4095 4587 4113 4570 4096 4570 4096 4587 4113 4588 4114 4570 4096 4588 4114 4589 4115 4589 4115 4590 4116 4570 4096 4570 4096 4590 4116 4591 4117 4570 4096 4591 4117 4571 4097 4155 3731 4137 3713 4152 3728 4152 3728 4137 3713 4557 4083 4152 3728 4557 4083 4566 4092 4151 3727 4147 3723 4155 3731 4151 3727 4155 3731 4156 3732 4156 3732 4155 3731 4162 3738 4156 3732 4162 3738 4159 3735 4147 3723 4144 3720 4155 3731 4155 3731 4144 3720 4142 3718 4155 3731 4142 3718 4141 3717 4141 3717 4135 3711 4155 3731 4155 3731 4135 3711 4136 3712 4155 3731 4136 3712 4137 3713 3930 3506 3931 3507 4570 4096 4570 4096 3931 3507 3932 3508 3935 3511 4168 3744 3934 3510 3934 3510 4168 3744 4570 4096 3934 3510 4570 4096 3933 3509 3933 3509 4570 4096 3932 3508 3855 3432 3925 3501 3822 3400 3925 3501 3926 3502 3822 3400 3822 3400 3926 3502 3927 3503 3822 3400 3927 3503 3824 3402 3824 3402 3927 3503 3928 3504 3824 3402 3928 3504 3826 3404 3826 3404 3928 3504 3929 3505 3826 3404 3929 3505 3828 3406 3930 3506 4570 4096 3929 3505 3929 3505 4570 4096 3830 3408 3929 3505 3830 3408 3828 3406 3947 3523 3853 1486 3852 3430 3796 3374 4478 4004 3798 3376 3798 3376 4478 4004 3954 3530 3798 3376 3954 3530 3800 3378 3806 3384 3956 3532 3957 3533 3956 3532 3806 3384 3955 3531 3955 3531 3806 3384 3804 3382 3955 3531 3804 3382 3954 3530 3954 3530 3804 3382 3802 3380 3954 3530 3802 3380 3800 3378 3950 3526 3951 3527 4478 4004 3951 3527 3952 3528 4478 4004 4478 4004 3952 3528 3953 3529 4478 4004 3953 3529 3954 3530 4206 3782 3948 3524 4478 4004 4478 4004 3948 3524 3949 3525 4478 4004 3949 3525 3950 3526 4592 4118 4593 4119 4594 4120 4594 4120 4593 4119 4595 4121 4088 3664 4080 3656 4596 4122 4597 4123 4598 4124 4599 4125 4599 4125 4598 4124 4600 4126 4601 4127 4602 4128 4200 3776 4200 3776 4602 4128 4603 4129 4200 3776 4603 4129 4604 4130 4595 4121 4605 4131 4594 4120 4594 4120 4605 4131 4606 4132 4594 4120 4606 4132 4607 4133 4607 4133 4608 4134 4594 4120 4594 4120 4608 4134 4609 4135 4594 4120 4609 4135 4610 4136 4205 3781 4611 4137 4612 4138 4596 4122 4613 4139 4088 3664 4088 3664 4613 4139 4614 4140 4088 3664 4614 4140 4598 4124 4598 4124 4614 4140 4615 4141 4616 4142 4617 4143 4079 3655 4079 3655 4617 4143 4618 4144 4079 3655 4618 4144 4080 3656 4080 3656 4618 4144 4619 4145 4080 3656 4619 4145 4596 4122 4205 3781 4612 4138 4201 3777 4615 4141 4620 4146 4598 4124 4598 4124 4620 4146 4621 4147 4598 4124 4621 4147 4622 4148 4622 4148 4623 4149 4598 4124 4598 4124 4623 4149 4624 4150 4598 4124 4624 4150 4600 4126 4612 4138 4625 4151 4201 3777 4201 3777 4625 4151 4626 4152 4201 3777 4626 4152 4200 3776 4200 3776 4626 4152 4627 4153 4200 3776 4627 4153 4601 4127 4197 3773 4198 3774 4082 3658 4082 3658 4198 3774 4200 3776 4082 3658 4200 3776 4079 3655 4079 3655 4200 3776 4604 4130 4079 3655 4604 4130 4616 4142 4078 3654 3894 3471 4082 3658 4082 3658 3894 3471 4204 3780 4078 3654 4082 3658 4083 3659 4083 3659 4082 3658 4085 3661 4083 3659 4085 3661 4084 3660 4204 3780 4203 3779 4082 3658 4082 3658 4203 3779 4202 3778 4082 3658 4202 3778 4197 3773 4628 4154 4629 4155 4086 3662 4630 4156 4631 4157 4091 3667 4632 4158 4633 4159 4598 4124 4598 4124 4633 4159 4634 4160 4631 4157 4635 4161 4091 3667 4091 3667 4635 4161 4636 4162 4091 3667 4636 4162 4212 3788 4212 3788 4636 4162 4637 4163 4212 3788 4637 4163 4638 4164 4479 4005 4639 4165 4640 4166 4640 4166 4641 4167 4479 4005 4479 4005 4641 4167 4642 4168 4479 4005 4642 4168 4643 4169 4644 4170 4645 4171 4088 3664 4088 3664 4645 4171 4646 4172 4088 3664 4646 4172 4086 3662 4086 3662 4646 4172 4647 4173 4086 3662 4647 4173 4628 4154 4638 4164 4648 4174 4212 3788 4212 3788 4648 4174 4649 4175 4212 3788 4649 4175 4479 4005 4479 4005 4649 4175 4650 4176 4479 4005 4650 4176 4639 4165 4651 4177 4652 4178 4598 4124 4598 4124 4652 4178 4653 4179 4598 4124 4653 4179 4632 4158 4634 4160 4654 4180 4598 4124 4598 4124 4654 4180 4655 4181 4598 4124 4655 4181 4088 3664 4088 3664 4655 4181 4656 4182 4088 3664 4656 4182 4644 4170 4643 4169 4657 4183 4479 4005 4479 4005 4657 4183 4658 4184 4479 4005 4658 4184 4659 4185 4629 4155 4660 4186 4086 3662 4086 3662 4660 4186 4661 4187 4086 3662 4661 4187 4208 3784 4095 3671 4094 3670 4662 4188 4630 4156 4091 3667 4662 4188 4662 4188 4091 3667 4090 3666 4662 4188 4090 3666 4095 3671 4094 3670 4093 3669 4662 4188 4662 4188 4093 3669 4089 3665 4662 4188 4089 3665 4663 4189 4663 4189 4089 3665 3893 3470 4663 4189 3893 3470 4661 4187 4661 4187 3893 3470 4211 3787 4661 4187 4211 3787 4210 3786 4210 3786 4209 3785 4661 4187 4661 4187 4209 3785 4207 3783 4661 4187 4207 3783 4208 3784 3855 3432 3822 3400 3856 3433 3856 3433 3822 3400 3820 3398 3856 3433 3820 3398 3818 3396 3957 3533 3947 3523 3806 3384 3806 3384 3947 3523 3852 3430 3806 3384 3852 3430 3808 3386 3808 3386 3852 3430 3810 3388 3818 3396 3816 3394 3856 3433 3856 3433 3816 3394 3814 3392 3856 3433 3814 3392 3852 3430 3852 3430 3814 3392 3812 3390 3852 3430 3812 3390 3810 3388 3838 3416 3836 3414 4564 4090 4564 4090 3836 3414 3834 3412 4564 4090 3834 3412 4570 4096 4570 4096 3834 3412 3832 3410 4570 4096 3832 3410 3830 3408 3784 3362 3782 3360 4664 4190 3846 3424 3844 3422 4665 4191 4665 4191 3844 3422 3842 3420 4665 4191 3842 3420 4564 4090 4564 4090 3842 3420 3840 3418 4564 4090 3840 3418 3838 3416 3782 3360 3780 3358 4664 4190 4664 4190 3780 3358 3850 3428 4664 4190 3850 3428 4665 4191 4665 4191 3850 3428 3848 3426 4665 4191 3848 3426 3846 3424 3794 3372 3792 3370 4594 4120 3796 3374 3794 3372 4478 4004 4478 4004 3794 3372 4594 4120 4478 4004 4594 4120 4205 3781 4205 3781 4594 4120 4610 4136 4205 3781 4610 4136 4611 4137 3792 3370 3790 3368 4594 4120 4594 4120 3790 3368 3788 3366 4594 4120 3788 3366 4664 4190 4664 4190 3788 3366 3786 3364 4664 4190 3786 3364 3784 3362 4537 4063 4518 4044 4532 4058 4532 4058 4518 4044 4498 4024 4532 4058 4498 4024 4666 4192 4666 4192 4498 4024 4480 4006 4666 4192 4480 4006 4667 4192 4667 4192 4480 4006 4479 4005 4667 4192 4479 4005 4598 4124 4598 4124 4479 4005 4659 4185 4598 4124 4659 4185 4651 4177 4072 3648 4532 4058 4564 4090 4564 4090 4532 4058 4666 4192 4564 4090 4666 4192 4665 4191 4665 4191 4666 4192 4667 4192 4665 4191 4667 4192 4664 4190 4664 4190 4667 4192 4598 4124 4664 4190 4598 4124 4594 4120 4594 4120 4598 4124 4597 4123 4594 4120 4597 4123 4592 4118 4668 4193 4669 4194 4670 4195 4670 4195 4669 4194 4671 4196 4670 4195 4671 4196 4672 4197 4673 4198 4674 4199 4675 4200 4675 4200 4674 4199 4676 4201 4675 4200 4676 4201 4677 4202 4677 4202 4676 4201 4678 4203 4677 4202 4678 4203 4679 4204 4679 4204 4678 4203 4680 4205 4679 4204 4680 4205 4681 4206 4681 4206 4680 4205 4682 4207 4681 4206 4682 4207 4683 4208 4683 4208 4682 4207 4684 4209 4683 4208 4684 4209 4685 4210 4685 4210 4684 4209 4686 4211 4685 4210 4686 4211 4687 4212 4687 4212 4686 4211 4688 4213 4687 4212 4688 4213 4689 4214 4689 4214 4688 4213 4690 4215 4689 4214 4690 4215 4691 4216 4691 4216 4690 4215 4692 4217 4691 4216 4692 4217 4693 4218 4693 4218 4692 4217 4694 4219 4693 4218 4694 4219 4695 4220 4695 4220 4694 4219 4696 4221 4695 4220 4696 4221 4697 4222 4697 4222 4696 4221 4698 4223 4697 4222 4698 4223 4699 4224 4699 4224 4698 4223 4700 4225 4699 4224 4700 4225 4701 4226 4701 4226 4700 4225 4702 4227 4701 4226 4702 4227 4703 4228 4703 4228 4702 4227 4704 4229 4703 4228 4704 4229 4705 4230 4705 4230 4704 4229 4706 4231 4705 4230 4706 4231 4707 4232 4707 4232 4706 4231 4672 4197 4707 4232 4672 4197 4708 4233 4708 4233 4672 4197 4671 4196 4668 4193 4670 4195 4709 4234 4709 4234 4670 4195 4710 4235 4709 4234 4710 4235 4711 4236 4711 4236 4710 4235 4712 4237 4711 4236 4712 4237 4713 4238 4713 4238 4712 4237 4714 4239 4713 4238 4714 4239 4715 4240 4715 4240 4714 4239 4716 4241 4715 4240 4716 4241 4717 4242 4717 4242 4716 4241 4718 4243 4717 4242 4718 4243 4719 4244 4719 4244 4718 4243 4720 4245 4719 4244 4720 4245 4721 4246 4721 4246 4720 4245 4722 4247 4721 4246 4722 4247 4723 4248 4723 4248 4722 4247 4724 4249 4723 4248 4724 4249 4725 4250 4725 4250 4724 4249 4726 4251 4725 4250 4726 4251 4727 4252 4727 4252 4726 4251 4728 4253 4727 4252 4728 4253 4729 4254 4729 4254 4728 4253 4730 4255 4729 4254 4730 4255 4731 4256 4731 4256 4730 4255 4732 4257 4731 4256 4732 4257 4733 4258 4733 4258 4732 4257 4734 4259 4733 4258 4734 4259 4735 4260 4735 4260 4734 4259 4736 4261 4735 4260 4736 4261 4673 4198 4673 4198 4736 4261 4737 4262 4673 4198 4737 4262 4674 4199 4604 4130 4672 4197 4616 4142 4616 4142 4672 4197 4706 4231 4616 4142 4706 4231 4617 4143 4617 4143 4706 4231 4704 4229 4617 4143 4704 4229 4618 4144 4618 4144 4704 4229 4702 4227 4618 4144 4702 4227 4619 4145 4619 4145 4702 4227 4700 4225 4619 4145 4700 4225 4596 4122 4596 4122 4700 4225 4698 4223 4596 4122 4698 4223 4613 4139 4613 4139 4698 4223 4696 4221 4613 4139 4696 4221 4614 4140 4614 4140 4696 4221 4694 4219 4614 4140 4694 4219 4615 4141 4615 4141 4694 4219 4692 4217 4615 4141 4692 4217 4620 4146 4620 4146 4692 4217 4690 4215 4620 4146 4690 4215 4621 4147 4621 4147 4690 4215 4688 4213 4621 4147 4688 4213 4622 4148 4622 4148 4688 4213 4686 4211 4622 4148 4686 4211 4623 4149 4623 4149 4686 4211 4684 4209 4623 4149 4684 4209 4624 4150 4624 4150 4684 4209 4682 4207 4624 4150 4682 4207 4600 4126 4600 4126 4682 4207 4680 4205 4600 4126 4680 4205 4599 4125 4599 4125 4680 4205 4678 4203 4599 4125 4678 4203 4597 4123 4597 4123 4678 4203 4676 4201 4597 4123 4676 4201 4592 4118 4592 4118 4676 4201 4674 4199 4592 4118 4674 4199 4593 4119 4593 4119 4674 4199 4737 4262 4593 4119 4737 4262 4595 4121 4595 4121 4737 4262 4736 4261 4595 4121 4736 4261 4605 4131 4605 4131 4736 4261 4734 4259 4605 4131 4734 4259 4606 4132 4606 4132 4734 4259 4732 4257 4606 4132 4732 4257 4607 4133 4607 4133 4732 4257 4730 4255 4607 4133 4730 4255 4608 4134 4608 4134 4730 4255 4728 4253 4608 4134 4728 4253 4609 4135 4609 4135 4728 4253 4726 4251 4609 4135 4726 4251 4610 4136 4610 4136 4726 4251 4724 4249 4610 4136 4724 4249 4611 4137 4611 4137 4724 4249 4722 4247 4611 4137 4722 4247 4612 4138 4612 4138 4722 4247 4720 4245 4612 4138 4720 4245 4625 4151 4625 4151 4720 4245 4718 4243 4625 4151 4718 4243 4626 4152 4626 4152 4718 4243 4716 4241 4626 4152 4716 4241 4627 4153 4627 4153 4716 4241 4714 4239 4627 4153 4714 4239 4601 4127 4601 4127 4714 4239 4712 4237 4601 4127 4712 4237 4602 4128 4602 4128 4712 4237 4710 4235 4602 4128 4710 4235 4603 4129 4603 4129 4710 4235 4670 4195 4670 4195 4672 4197 4603 4129 4603 4129 4672 4197 4604 4130 4693 4218 4462 3988 4691 4216 4691 4216 4462 3988 4461 3987 4691 4216 4461 3987 4689 4214 4689 4214 4461 3987 4466 3992 4689 4214 4466 3992 4687 4212 4687 4212 4466 3992 4465 3991 4687 4212 4465 3991 4685 4210 4685 4210 4465 3991 4464 3990 4685 4210 4464 3990 4683 4208 4683 4208 4464 3990 4469 3995 4683 4208 4469 3995 4681 4206 4681 4206 4469 3995 4468 3994 4681 4206 4468 3994 4679 4204 4679 4204 4468 3994 4467 3993 4679 4204 4467 3993 4677 4202 4677 4202 4467 3993 4472 3998 4677 4202 4472 3998 4675 4200 4675 4200 4472 3998 4471 3997 4675 4200 4471 3997 4673 4198 4673 4198 4471 3997 4470 3996 4673 4198 4470 3996 4735 4260 4735 4260 4470 3996 4475 4001 4735 4260 4475 4001 4733 4258 4733 4258 4475 4001 4474 4000 4733 4258 4474 4000 4731 4256 4731 4256 4474 4000 4473 3999 4731 4256 4473 3999 4729 4254 4729 4254 4473 3999 4477 4003 4729 4254 4477 4003 4727 4252 4727 4252 4477 4003 4476 4002 4727 4252 4476 4002 4725 4250 4725 4250 4476 4002 4445 3971 4725 4250 4445 3971 4723 4248 4723 4248 4445 3971 4444 3607 4723 4248 4444 3607 4721 4246 4721 4246 4444 3607 4442 3969 4721 4246 4442 3969 4719 4244 4719 4244 4442 3969 4441 3968 4719 4244 4441 3968 4717 4242 4717 4242 4441 3968 4448 3974 4717 4242 4448 3974 4715 4240 4715 4240 4448 3974 4447 3973 4715 4240 4447 3973 4713 4238 4713 4238 4447 3973 4446 3972 4713 4238 4446 3972 4711 4236 4711 4236 4446 3972 4451 3977 4711 4236 4451 3977 4709 4234 4709 4234 4451 3977 4450 3976 4709 4234 4450 3976 4668 4193 4668 4193 4450 3976 4449 3975 4668 4193 4449 3975 4669 4194 4669 4194 4449 3975 4454 3980 4669 4194 4454 3980 4671 4196 4671 4196 4454 3980 4453 3979 4671 4196 4453 3979 4708 4233 4708 4233 4453 3979 4452 3978 4708 4233 4452 3978 4707 4232 4707 4232 4452 3978 4457 3983 4707 4232 4457 3983 4705 4230 4705 4230 4457 3983 4456 3982 4705 4230 4456 3982 4703 4228 4703 4228 4456 3982 4455 3981 4703 4228 4455 3981 4701 4226 4701 4226 4455 3981 4460 3986 4701 4226 4460 3986 4699 4224 4699 4224 4460 3986 4459 3985 4699 4224 4459 3985 4697 4222 4697 4222 4459 3985 4458 3984 4697 4222 4458 3984 4695 4220 4695 4220 4458 3984 4463 3989 4695 4220 4463 3989 4693 4218 4693 4218 4463 3989 4462 3988 4738 4263 4739 4264 4740 4265 4740 4265 4739 4264 4741 4266 4740 4265 4741 4266 4742 4267 4738 4263 4740 4265 4743 4268 4743 4268 4740 4265 4744 4269 4743 4268 4744 4269 4745 4270 4745 4270 4744 4269 4746 4271 4745 4270 4746 4271 4747 4272 4747 4272 4746 4271 4748 4273 4747 4272 4748 4273 4749 4274 4749 4274 4748 4273 4750 4275 4749 4274 4750 4275 4751 4276 4751 4276 4750 4275 4752 4277 4751 4276 4752 4277 4753 4278 4753 4278 4752 4277 4754 4279 4753 4278 4754 4279 4755 4280 4755 4280 4754 4279 4756 4281 4755 4280 4756 4281 4757 4282 4757 4282 4756 4281 4758 4283 4757 4282 4758 4283 4759 4284 4759 4284 4758 4283 4760 4285 4759 4284 4760 4285 4761 4286 4761 4286 4760 4285 4762 4287 4761 4286 4762 4287 4763 4288 4763 4288 4762 4287 4764 4289 4763 4288 4764 4289 4765 4290 4765 4290 4764 4289 4766 4291 4765 4290 4766 4291 4767 4292 4767 4292 4766 4291 4768 4293 4767 4292 4768 4293 4769 4294 4769 4294 4768 4293 4770 4295 4769 4294 4770 4295 4771 4296 4741 4266 4772 4297 4742 4267 4742 4267 4772 4297 4773 4298 4742 4267 4773 4298 4774 4299 4774 4299 4773 4298 4775 4300 4774 4299 4775 4300 4776 4301 4776 4301 4775 4300 4777 4302 4776 4301 4777 4302 4778 4303 4778 4303 4777 4302 4779 4304 4778 4303 4779 4304 4780 4305 4780 4305 4779 4304 4781 4306 4780 4305 4781 4306 4782 4307 4782 4307 4781 4306 4783 4308 4782 4307 4783 4308 4784 4309 4784 4309 4783 4308 4785 4310 4784 4309 4785 4310 4786 4311 4786 4311 4785 4310 4787 4312 4786 4311 4787 4312 4788 4313 4788 4313 4787 4312 4789 4314 4788 4313 4789 4314 4790 4315 4790 4315 4789 4314 4791 4316 4790 4315 4791 4316 4792 4317 4792 4317 4791 4316 4793 4318 4792 4317 4793 4318 4794 4319 4794 4319 4793 4318 4795 4320 4794 4319 4795 4320 4796 4321 4796 4321 4795 4320 4797 4322 4796 4321 4797 4322 4798 4323 4798 4323 4797 4322 4799 4324 4798 4323 4799 4324 4800 4325 4800 4325 4799 4324 4801 4326 4800 4325 4801 4326 4802 4327 4802 4327 4801 4326 4803 4328 4802 4327 4803 4328 4804 4329 4804 4329 4803 4328 4805 4330 4804 4329 4805 4330 4806 4331 4806 4331 4805 4330 4771 4296 4806 4331 4771 4296 4807 4332 4807 4332 4771 4296 4770 4295 4566 4092 4742 4267 4567 4093 4567 4093 4742 4267 4774 4299 4567 4093 4774 4299 4578 4104 4578 4104 4774 4299 4776 4301 4578 4104 4776 4301 4579 4105 4579 4105 4776 4301 4778 4303 4579 4105 4778 4303 4580 4106 4580 4106 4778 4303 4780 4305 4580 4106 4780 4305 4559 4085 4559 4085 4780 4305 4782 4307 4559 4085 4782 4307 4568 4094 4568 4094 4782 4307 4784 4309 4568 4094 4784 4309 4569 4095 4569 4095 4784 4309 4786 4311 4569 4095 4786 4311 4587 4113 4587 4113 4786 4311 4788 4313 4587 4113 4788 4313 4588 4114 4588 4114 4788 4313 4790 4315 4588 4114 4790 4315 4589 4115 4589 4115 4790 4315 4792 4317 4589 4115 4792 4317 4590 4116 4590 4116 4792 4317 4794 4319 4590 4116 4794 4319 4591 4117 4591 4117 4794 4319 4796 4321 4591 4117 4796 4321 4571 4097 4571 4097 4796 4321 4798 4323 4571 4097 4798 4323 4572 4098 4572 4098 4798 4323 4800 4325 4572 4098 4800 4325 4581 4107 4581 4107 4800 4325 4802 4327 4581 4107 4802 4327 4582 4108 4582 4108 4802 4327 4804 4329 4582 4108 4804 4329 4583 4109 4583 4109 4804 4329 4806 4331 4583 4109 4806 4331 4562 4088 4562 4088 4806 4331 4807 4332 4562 4088 4807 4332 4563 4089 4563 4089 4807 4332 4770 4295 4563 4089 4770 4295 4565 4091 4565 4091 4770 4295 4768 4293 4565 4091 4768 4293 4573 4099 4573 4099 4768 4293 4766 4291 4573 4099 4766 4291 4574 4100 4574 4100 4766 4291 4764 4289 4574 4100 4764 4289 4575 4101 4575 4101 4764 4289 4762 4287 4575 4101 4762 4287 4584 4110 4584 4110 4762 4287 4760 4285 4584 4110 4760 4285 4585 4111 4585 4111 4760 4285 4758 4283 4585 4111 4758 4283 4586 4112 4586 4112 4758 4283 4756 4281 4586 4112 4756 4281 4576 4102 4576 4102 4756 4281 4754 4279 4576 4102 4754 4279 4577 4103 4577 4103 4754 4279 4752 4277 4577 4103 4752 4277 4560 4086 4560 4086 4752 4277 4750 4275 4560 4086 4750 4275 4561 4087 4561 4087 4750 4275 4748 4273 4561 4087 4748 4273 4558 4084 4558 4084 4748 4273 4746 4271 4558 4084 4746 4271 4556 4082 4556 4082 4746 4271 4744 4269 4556 4082 4744 4269 4557 4083 4557 4083 4744 4269 4740 4265 4740 4265 4742 4267 4557 4083 4557 4083 4742 4267 4566 4092 4755 4280 4049 3625 4753 4278 4753 4278 4049 3625 4048 3624 4753 4278 4048 3624 4751 4276 4751 4276 4048 3624 4053 3629 4751 4276 4053 3629 4749 4274 4749 4274 4053 3629 4052 3628 4749 4274 4052 3628 4747 4272 4747 4272 4052 3628 4051 3627 4747 4272 4051 3627 4745 4270 4745 4270 4051 3627 4056 3632 4745 4270 4056 3632 4743 4268 4743 4268 4056 3632 4055 3631 4743 4268 4055 3631 4738 4263 4738 4263 4055 3631 4054 3630 4738 4263 4054 3630 4739 4264 4739 4264 4054 3630 4059 3635 4739 4264 4059 3635 4741 4266 4741 4266 4059 3635 4058 3634 4741 4266 4058 3634 4772 4297 4772 4297 4058 3634 4057 3633 4772 4297 4057 3633 4773 4298 4773 4298 4057 3633 4062 3638 4773 4298 4062 3638 4775 4300 4775 4300 4062 3638 4061 3637 4775 4300 4061 3637 4777 4302 4777 4302 4061 3637 4060 3636 4777 4302 4060 3636 4779 4304 4779 4304 4060 3636 4064 3640 4779 4304 4064 3640 4781 4306 4781 4306 4064 3640 4063 3639 4781 4306 4063 3639 4783 4308 4783 4308 4063 3639 4032 3608 4783 4308 4032 3608 4785 4310 4785 4310 4032 3608 4031 3607 4785 4310 4031 3607 4787 4312 4787 4312 4031 3607 4029 3605 4787 4312 4029 3605 4789 4314 4789 4314 4029 3605 4028 3604 4789 4314 4028 3604 4791 4316 4791 4316 4028 3604 4035 3611 4791 4316 4035 3611 4793 4318 4793 4318 4035 3611 4034 3610 4793 4318 4034 3610 4795 4320 4795 4320 4034 3610 4033 3609 4795 4320 4033 3609 4797 4322 4797 4322 4033 3609 4038 3614 4797 4322 4038 3614 4799 4324 4799 4324 4038 3614 4037 3613 4799 4324 4037 3613 4801 4326 4801 4326 4037 3613 4036 3612 4801 4326 4036 3612 4803 4328 4803 4328 4036 3612 4041 3617 4803 4328 4041 3617 4805 4330 4805 4330 4041 3617 4040 3616 4805 4330 4040 3616 4771 4296 4771 4296 4040 3616 4039 3615 4771 4296 4039 3615 4769 4294 4769 4294 4039 3615 4044 3620 4769 4294 4044 3620 4767 4292 4767 4292 4044 3620 4043 3619 4767 4292 4043 3619 4765 4290 4765 4290 4043 3619 4042 3618 4765 4290 4042 3618 4763 4288 4763 4288 4042 3618 4047 3623 4763 4288 4047 3623 4761 4286 4761 4286 4047 3623 4046 3622 4761 4286 4046 3622 4759 4284 4759 4284 4046 3622 4045 3621 4759 4284 4045 3621 4757 4282 4757 4282 4045 3621 4050 3626 4757 4282 4050 3626 4755 4280 4755 4280 4050 3626 4049 3625 4255 3831 4808 4333 4254 3830 4254 3830 4808 4333 4809 4334 4254 3830 4809 4334 4253 3829 4253 3829 4809 4334 4810 4335 4253 3829 4810 4335 4252 3828 4252 3828 4810 4335 4811 4336 4252 3828 4811 4336 4251 3827 4251 3827 4811 4336 4812 4337 4251 3827 4812 4337 4250 3826 4250 3826 4812 4337 4813 4338 4250 3826 4813 4338 4285 3861 4285 3861 4813 4338 4814 4339 4285 3861 4814 4339 4284 3860 4284 3860 4814 4339 4815 4340 4284 3860 4815 4340 4283 3859 4283 3859 4815 4340 4816 4341 4283 3859 4816 4341 4282 3858 4282 3858 4816 4341 4817 4342 4282 3858 4817 4342 4281 3857 4281 3857 4817 4342 4818 4343 4281 3857 4818 4343 4280 3856 4280 3856 4818 4343 4819 4344 4280 3856 4819 4344 4279 3855 4279 3855 4819 4344 4820 4345 4279 3855 4820 4345 4278 3854 4278 3854 4820 4345 4821 4346 4278 3854 4821 4346 4277 3853 4277 3853 4821 4346 4822 4347 4277 3853 4822 4347 4276 3852 4276 3852 4822 4347 4823 4348 4276 3852 4823 4348 4275 3851 4275 3851 4823 4348 4824 4349 4275 3851 4824 4349 4274 3850 4274 3850 4824 4349 4825 4350 4274 3850 4825 4350 4273 3849 4273 3849 4825 4350 4826 4351 4273 3849 4826 4351 4272 3848 4272 3848 4826 4351 4827 4352 4272 3848 4827 4352 4271 3847 4271 3847 4827 4352 4828 4353 4271 3847 4828 4353 4270 3846 4270 3846 4828 4353 4829 4354 4270 3846 4829 4354 4269 3845 4269 3845 4829 4354 4830 4355 4269 3845 4830 4355 4268 3844 4268 3844 4830 4355 4831 4356 4268 3844 4831 4356 4267 3843 4267 3843 4831 4356 4832 4357 4267 3843 4832 4357 4266 3842 4266 3842 4832 4357 4833 4358 4266 3842 4833 4358 4265 3841 4265 3841 4833 4358 4834 4359 4265 3841 4834 4359 4264 3840 4264 3840 4834 4359 4835 4360 4264 3840 4835 4360 4263 3839 4263 3839 4835 4360 4836 4361 4263 3839 4836 4361 4262 3838 4262 3838 4836 4361 4837 4362 4262 3838 4837 4362 4261 3837 4261 3837 4837 4362 4838 4363 4261 3837 4838 4363 4260 3836 4260 3836 4838 4363 4839 4364 4260 3836 4839 4364 4259 3835 4259 3835 4839 4364 4840 4365 4259 3835 4840 4365 4258 3834 4258 3834 4840 4365 4841 4366 4258 3834 4841 4366 4257 3833 4257 3833 4841 4366 4842 4367 4257 3833 4842 4367 4256 3832 4256 3832 4842 4367 4843 4368 4256 3832 4843 4368 4255 3831 4255 3831 4843 4368 4808 4333 4813 4338 4494 4020 4814 4339 4814 4339 4494 4020 4495 4021 4814 4339 4495 4021 4815 4340 4815 4340 4495 4021 4504 4030 4815 4340 4504 4030 4816 4341 4816 4341 4504 4030 4505 4031 4816 4341 4505 4031 4817 4342 4817 4342 4505 4031 4506 4032 4817 4342 4506 4032 4818 4343 4818 4343 4506 4032 4507 4033 4818 4343 4507 4033 4819 4344 4819 4344 4507 4033 4493 4019 4819 4344 4493 4019 4820 4345 4820 4345 4493 4019 4492 4018 4820 4345 4492 4018 4821 4346 4821 4346 4492 4018 4517 4043 4821 4346 4517 4043 4822 4347 4822 4347 4517 4043 4516 4042 4822 4347 4516 4042 4823 4348 4823 4348 4516 4042 4515 4041 4823 4348 4515 4041 4824 4349 4824 4349 4515 4041 4514 4040 4824 4349 4514 4040 4825 4350 4825 4350 4514 4040 4513 4039 4825 4350 4513 4039 4826 4351 4826 4351 4513 4039 4512 4038 4826 4351 4512 4038 4827 4352 4827 4352 4512 4038 4511 4037 4827 4352 4511 4037 4828 4353 4828 4353 4511 4037 4488 4014 4828 4353 4488 4014 4829 4354 4829 4354 4488 4014 4487 4013 4829 4354 4487 4013 4830 4355 4830 4355 4487 4013 4510 4036 4830 4355 4510 4036 4831 4356 4831 4356 4510 4036 4509 4035 4831 4356 4509 4035 4832 4357 4832 4357 4509 4035 4508 4034 4832 4357 4508 4034 4833 4358 4833 4358 4508 4034 4503 4029 4833 4358 4503 4029 4834 4359 4834 4359 4503 4029 4502 4028 4834 4359 4502 4028 4835 4360 4835 4360 4502 4028 4501 4027 4835 4360 4501 4027 4836 4361 4836 4361 4501 4027 4500 4026 4836 4361 4500 4026 4837 4362 4837 4362 4500 4026 4499 4025 4837 4362 4499 4025 4838 4363 4838 4363 4499 4025 4497 4023 4838 4363 4497 4023 4839 4364 4839 4364 4497 4023 4496 4022 4839 4364 4496 4022 4840 4365 4840 4365 4496 4022 4486 4012 4840 4365 4486 4012 4841 4366 4841 4366 4486 4012 4485 4011 4841 4366 4485 4011 4842 4367 4842 4367 4485 4011 4491 4017 4842 4367 4491 4017 4843 4368 4843 4368 4491 4017 4490 4016 4843 4368 4490 4016 4808 4333 4808 4333 4490 4016 4489 4015 4808 4333 4489 4015 4809 4334 4809 4334 4489 4015 4484 4010 4809 4334 4484 4010 4810 4335 4810 4335 4484 4010 4483 4009 4810 4335 4483 4009 4811 4336 4811 4336 4483 4009 4482 4008 4811 4336 4482 4008 4812 4337 4812 4337 4482 4008 4481 4007 4812 4337 4481 4007 4813 4338 4813 4338 4481 4007 4494 4020 4331 3834 4844 4366 4330 3893 4330 3893 4844 4366 4845 4369 4330 3893 4845 4369 4329 3892 4329 3892 4845 4369 4846 4370 4329 3892 4846 4370 4328 3891 4328 3891 4846 4370 4847 4371 4328 3891 4847 4371 4327 3890 4327 3890 4847 4371 4848 4372 4327 3890 4848 4372 4326 3889 4326 3889 4848 4372 4849 4373 4326 3889 4849 4373 4325 3828 4325 3828 4849 4373 4850 4374 4325 3828 4850 4374 4324 3888 4324 3888 4850 4374 4851 4375 4324 3888 4851 4375 4323 3887 4323 3887 4851 4375 4852 4376 4323 3887 4852 4376 4358 3916 4358 3916 4852 4376 4853 4377 4358 3916 4853 4377 4357 3915 4357 3915 4853 4377 4854 4378 4357 3915 4854 4378 4356 3914 4356 3914 4854 4378 4855 4379 4356 3914 4855 4379 4355 3913 4355 3913 4855 4379 4856 4380 4355 3913 4856 4380 4354 3912 4354 3912 4856 4380 4857 4381 4354 3912 4857 4381 4353 3911 4353 3911 4857 4381 4858 4382 4353 3911 4858 4382 4352 3910 4352 3910 4858 4382 4859 4383 4352 3910 4859 4383 4351 3909 4351 3909 4859 4383 4860 4384 4351 3909 4860 4384 4350 3908 4350 3908 4860 4384 4861 4385 4350 3908 4861 4385 4349 3907 4349 3907 4861 4385 4862 4386 4349 3907 4862 4386 4348 3906 4348 3906 4862 4386 4863 4387 4348 3906 4863 4387 4347 3905 4347 3905 4863 4387 4864 4388 4347 3905 4864 4388 4346 3904 4346 3904 4864 4388 4865 4389 4346 3904 4865 4389 4345 3903 4345 3903 4865 4389 4866 4390 4345 3903 4866 4390 4344 3902 4344 3902 4866 4390 4867 4391 4344 3902 4867 4391 4343 3846 4343 3846 4867 4391 4868 4392 4343 3846 4868 4392 4342 3845 4342 3845 4868 4392 4869 4355 4342 3845 4869 4355 4341 3844 4341 3844 4869 4355 4870 4393 4341 3844 4870 4393 4340 3843 4340 3843 4870 4393 4871 4357 4340 3843 4871 4357 4339 3901 4339 3901 4871 4357 4872 4358 4339 3901 4872 4358 4338 3900 4338 3900 4872 4358 4873 4394 4338 3900 4873 4394 4337 3899 4337 3899 4873 4394 4874 4395 4337 3899 4874 4395 4336 3898 4336 3898 4874 4395 4875 4396 4336 3898 4875 4396 4335 3897 4335 3897 4875 4396 4876 4397 4335 3897 4876 4397 4334 3896 4334 3896 4876 4397 4877 4398 4334 3896 4877 4398 4333 3895 4333 3895 4877 4398 4878 4364 4333 3895 4878 4364 4332 3894 4332 3894 4878 4364 4879 4365 4332 3894 4879 4365 4331 3834 4331 3834 4879 4365 4844 4366 4852 4376 4548 4074 4853 4377 4853 4377 4548 4074 4547 4073 4853 4377 4547 4073 4854 4378 4854 4378 4547 4073 4543 4069 4854 4378 4543 4069 4855 4379 4855 4379 4543 4069 4542 4068 4855 4379 4542 4068 4856 4380 4856 4380 4542 4068 4541 4067 4856 4380 4541 4067 4857 4381 4857 4381 4541 4067 4540 4066 4857 4381 4540 4066 4858 4382 4858 4382 4540 4066 4539 4065 4858 4382 4539 4065 4859 4383 4859 4383 4539 4065 4538 4064 4859 4383 4538 4064 4860 4384 4860 4384 4538 4064 4537 4063 4860 4384 4537 4063 4861 4385 4861 4385 4537 4063 4536 4062 4861 4385 4536 4062 4862 4386 4862 4386 4536 4062 4535 4061 4862 4386 4535 4061 4863 4387 4863 4387 4535 4061 4534 4060 4863 4387 4534 4060 4864 4388 4864 4388 4534 4060 4533 4059 4864 4388 4533 4059 4865 4389 4865 4389 4533 4059 4531 4057 4865 4389 4531 4057 4866 4390 4866 4390 4531 4057 4530 4056 4866 4390 4530 4056 4867 4391 4867 4391 4530 4056 4546 4072 4867 4391 4546 4072 4868 4392 4868 4392 4546 4072 4545 4071 4868 4392 4545 4071 4869 4355 4869 4355 4545 4071 4544 4070 4869 4355 4544 4070 4870 4393 4870 4393 4544 4070 4529 4055 4870 4393 4529 4055 4871 4357 4871 4357 4529 4055 4528 4054 4871 4357 4528 4054 4872 4358 4872 4358 4528 4054 4527 4053 4872 4358 4527 4053 4873 4394 4873 4394 4527 4053 4522 4048 4873 4394 4522 4048 4874 4395 4874 4395 4522 4048 4521 4047 4874 4395 4521 4047 4875 4396 4875 4396 4521 4047 4520 4046 4875 4396 4520 4046 4876 4397 4876 4397 4520 4046 4519 4045 4876 4397 4519 4045 4877 4398 4877 4398 4519 4045 4554 4080 4877 4398 4554 4080 4878 4364 4878 4364 4554 4080 4555 4081 4878 4364 4555 4081 4879 4365 4879 4365 4555 4081 4526 4052 4879 4365 4526 4052 4844 4366 4844 4366 4526 4052 4525 4051 4844 4366 4525 4051 4845 4369 4845 4369 4525 4051 4524 4050 4845 4369 4524 4050 4846 4370 4846 4370 4524 4050 4523 4049 4846 4370 4523 4049 4847 4371 4847 4371 4523 4049 4553 4079 4847 4371 4553 4079 4848 4372 4848 4372 4553 4079 4552 4078 4848 4372 4552 4078 4849 4373 4849 4373 4552 4078 4551 4077 4849 4373 4551 4077 4850 4374 4850 4374 4551 4077 4550 4076 4850 4374 4550 4076 4851 4375 4851 4375 4550 4076 4549 4075 4851 4375 4549 4075 4852 4376 4852 4376 4549 4075 4548 4074 4404 3940 4880 4399 4403 3893 4403 3893 4880 4399 4881 4400 4403 3893 4881 4400 4402 3939 4402 3939 4881 4400 4882 4401 4402 3939 4882 4401 4401 3938 4401 3938 4882 4401 4883 4402 4401 3938 4883 4402 4400 3937 4400 3937 4883 4402 4884 4403 4400 3937 4884 4403 4399 3936 4399 3936 4884 4403 4885 4404 4399 3936 4885 4404 4398 3935 4398 3935 4885 4404 4886 4405 4398 3935 4886 4405 4397 3934 4397 3934 4886 4405 4887 4375 4397 3934 4887 4375 4396 3887 4396 3887 4887 4375 4888 4376 4396 3887 4888 4376 4431 3958 4431 3958 4888 4376 4889 4377 4431 3958 4889 4377 4430 3860 4430 3860 4889 4377 4890 4406 4430 3860 4890 4406 4429 3859 4429 3859 4890 4406 4891 4407 4429 3859 4891 4407 4428 3957 4428 3957 4891 4407 4892 4408 4428 3957 4892 4408 4427 3956 4427 3956 4892 4408 4893 4409 4427 3956 4893 4409 4426 3955 4426 3955 4893 4409 4894 4410 4426 3955 4894 4410 4425 3855 4425 3855 4894 4410 4895 4411 4425 3855 4895 4411 4424 3954 4424 3954 4895 4411 4896 4346 4424 3954 4896 4346 4423 3953 4423 3953 4896 4346 4897 4347 4423 3953 4897 4347 4422 3952 4422 3952 4897 4347 4898 4348 4422 3952 4898 4348 4421 3951 4421 3951 4898 4348 4899 4349 4421 3951 4899 4349 4420 3950 4420 3950 4899 4349 4900 4412 4420 3950 4900 4412 4419 3949 4419 3949 4900 4412 4901 4413 4419 3949 4901 4413 4418 3948 4418 3948 4901 4413 4902 4414 4418 3948 4902 4414 4417 3947 4417 3947 4902 4414 4903 4415 4417 3947 4903 4415 4416 3846 4416 3846 4903 4415 4904 4354 4416 3846 4904 4354 4415 3845 4415 3845 4904 4354 4905 4355 4415 3845 4905 4355 4414 3844 4414 3844 4905 4355 4906 4356 4414 3844 4906 4356 4413 3946 4413 3946 4906 4356 4907 4416 4413 3946 4907 4416 4412 3945 4412 3945 4907 4416 4908 4417 4412 3945 4908 4417 4411 3944 4411 3944 4908 4417 4909 4359 4411 3944 4909 4359 4410 3840 4410 3840 4909 4359 4910 4360 4410 3840 4910 4360 4409 3839 4409 3839 4910 4360 4911 4361 4409 3839 4911 4361 4408 3943 4408 3943 4911 4361 4912 4418 4408 3943 4912 4418 4407 3942 4407 3942 4912 4418 4913 4363 4407 3942 4913 4363 4406 3895 4406 3895 4913 4363 4914 4419 4406 3895 4914 4419 4405 3941 4405 3941 4914 4419 4915 4420 4405 3941 4915 4420 4404 3940 4404 3940 4915 4420 4880 4399 4888 4376 4648 4174 4889 4377 4889 4377 4648 4174 4638 4164 4889 4377 4638 4164 4890 4406 4890 4406 4638 4164 4637 4163 4890 4406 4637 4163 4891 4407 4891 4407 4637 4163 4636 4162 4891 4407 4636 4162 4892 4408 4892 4408 4636 4162 4635 4161 4892 4408 4635 4161 4893 4409 4893 4409 4635 4161 4631 4157 4893 4409 4631 4157 4894 4410 4894 4410 4631 4157 4630 4156 4894 4410 4630 4156 4895 4411 4895 4411 4630 4156 4662 4188 4895 4411 4662 4188 4896 4346 4896 4346 4662 4188 4663 4189 4896 4346 4663 4189 4897 4347 4897 4347 4663 4189 4661 4187 4897 4347 4661 4187 4898 4348 4898 4348 4661 4187 4660 4186 4898 4348 4660 4186 4899 4349 4899 4349 4660 4186 4629 4155 4899 4349 4629 4155 4900 4412 4900 4412 4629 4155 4628 4154 4900 4412 4628 4154 4901 4413 4901 4413 4628 4154 4647 4173 4901 4413 4647 4173 4902 4414 4902 4414 4647 4173 4646 4172 4902 4414 4646 4172 4903 4415 4903 4415 4646 4172 4645 4171 4903 4415 4645 4171 4904 4354 4904 4354 4645 4171 4644 4170 4904 4354 4644 4170 4905 4355 4905 4355 4644 4170 4656 4182 4905 4355 4656 4182 4906 4356 4906 4356 4656 4182 4655 4181 4906 4356 4655 4181 4907 4416 4907 4416 4655 4181 4654 4180 4907 4416 4654 4180 4908 4417 4908 4417 4654 4180 4634 4160 4908 4417 4634 4160 4909 4359 4909 4359 4634 4160 4633 4159 4909 4359 4633 4159 4910 4360 4910 4360 4633 4159 4632 4158 4910 4360 4632 4158 4911 4361 4911 4361 4632 4158 4653 4179 4911 4361 4653 4179 4912 4418 4912 4418 4653 4179 4652 4178 4912 4418 4652 4178 4913 4363 4913 4363 4652 4178 4651 4177 4913 4363 4651 4177 4914 4419 4914 4419 4651 4177 4659 4185 4914 4419 4659 4185 4915 4420 4915 4420 4659 4185 4658 4184 4915 4420 4658 4184 4880 4399 4880 4399 4658 4184 4657 4183 4880 4399 4657 4183 4881 4400 4881 4400 4657 4183 4643 4169 4881 4400 4643 4169 4882 4401 4882 4401 4643 4169 4642 4168 4882 4401 4642 4168 4883 4402 4883 4402 4642 4168 4641 4167 4883 4402 4641 4167 4884 4403 4884 4403 4641 4167 4640 4166 4884 4403 4640 4166 4885 4404 4885 4404 4640 4166 4639 4165 4885 4404 4639 4165 4886 4405 4886 4405 4639 4165 4650 4176 4886 4405 4650 4176 4887 4375 4887 4375 4650 4176 4649 4175 4887 4375 4649 4175 4888 4376 4888 4376 4649 4175 4648 4174 4916 4421 4917 4422 2832 2509 2832 2509 4918 4423 4916 4421 4916 4421 4918 4423 4919 4424 4916 4421 4919 4424 4920 4425 4920 4425 4919 4424 4921 4426 4920 4425 4921 4426 4922 4427 4922 4427 4921 4426 4923 4428 4922 4427 4923 4428 4924 4429 4924 4429 4923 4428 4925 4430 4924 4429 4925 4430 4926 4431 4926 4431 4925 4430 4927 4432 4926 4431 4927 4432 4928 4433 4928 4433 4927 4432 4929 4434 4928 4433 4929 4434 4930 4435 4930 4435 4929 4434 4931 4436 4930 4435 4931 4436 4932 4437 4932 4437 4931 4436 4933 4438 4932 4437 4933 4438 4934 4439 4934 4439 4933 4438 2830 2507 4934 4439 2830 2507 4935 4440 4936 4441 4937 4442 2869 2546 4938 4443 4939 4444 2832 2509 2832 2509 4939 4444 4940 4445 2869 2546 2832 2509 4936 4441 4936 4441 2832 2509 4940 4445 4936 4441 4940 4445 4941 4446 4941 4446 4940 4445 4942 4447 4943 4448 4944 4449 2832 2509 2832 2509 4944 4449 4945 4450 2832 2509 4945 4450 4938 4443 4937 4442 4946 4451 2869 2546 2869 2546 4946 4451 4947 4452 2869 2546 4947 4452 4948 4453 4917 4422 4949 4454 2832 2509 2832 2509 4949 4454 4950 4455 2832 2509 4950 4455 4951 4456 4952 4457 4953 4458 4954 4459 4953 4458 4952 4457 4940 4445 4940 4445 4952 4457 4955 4460 4940 4445 4955 4460 4942 4447 4951 4456 4956 4461 2832 2509 2832 2509 4956 4461 4957 4462 2832 2509 4957 4462 4943 4448 4948 4453 4958 4463 2869 2546 2869 2546 4958 4463 4959 4464 2869 2546 4959 4464 4960 4465 4960 4465 4961 4466 2869 2546 2869 2546 4961 4466 4962 4467 2869 2546 4962 4467 4963 4468 4964 4469 4954 4459 4965 4470 4965 4470 4954 4459 4966 4471 4965 4470 4966 4471 4967 4472 4964 4469 4968 4473 4954 4459 4954 4459 4968 4473 4969 4474 4954 4459 4969 4474 4970 4475 4967 4472 4971 4476 4965 4470 4965 4470 4971 4476 4972 4477 4965 4470 4972 4477 4973 4478 4970 4475 4974 4479 4954 4459 4954 4459 4974 4479 4975 4480 4954 4459 4975 4480 4952 4457 4976 4481 4977 4482 4978 4483 4978 4483 4977 4482 4979 4484 4978 4483 4979 4484 4980 4485 4980 4485 4979 4484 4981 4486 4980 4485 4981 4486 4982 4487 4982 4487 4981 4486 4983 4488 4982 4487 4983 4488 4984 4489 4984 4489 4983 4488 4985 4490 4984 4489 4985 4490 4986 4491 4986 4491 4985 4490 4987 4492 4986 4491 4987 4492 4988 4493 4988 4493 4987 4492 4989 4494 4988 4493 4989 4494 4990 4495 4990 4495 4989 4494 4991 4496 4990 4495 4991 4496 4992 4497 4992 4497 4991 4496 4993 4498 4992 4497 4993 4498 4994 4499 4994 4499 4993 4498 4995 4500 4994 4499 4995 4500 4996 4501 4996 4501 4995 4500 4997 4502 4996 4501 4997 4502 4998 4503 4998 4503 4997 4502 4999 4504 4998 4503 4999 4504 5000 4505 5000 4505 4999 4504 5001 4506 5000 4505 5001 4506 5002 4507 5002 4507 5001 4506 5003 4508 5002 4507 5003 4508 5004 4509 5004 4509 5003 4508 5005 4510 5004 4509 5005 4510 5006 4511 5006 4511 5005 4510 5007 4512 5006 4511 5007 4512 5008 4513 5008 4513 5007 4512 5009 4514 5008 4513 5009 4514 5010 4515 5010 4515 5009 4514 5011 4516 5010 4515 5011 4516 5012 4517 5012 4517 5011 4516 5013 4518 5012 4517 5013 4518 5014 4519 5014 4519 5013 4518 5015 4520 5014 4519 5015 4520 5016 4521 5016 4521 5015 4520 5017 4522 5016 4521 5017 4522 5018 4523 5018 4523 5017 4522 5019 4524 5018 4523 5019 4524 5020 4525 5020 4525 5019 4524 5021 4526 5020 4525 5021 4526 5022 4527 5022 4527 5021 4526 5023 4528 5022 4527 5023 4528 5024 4529 5024 4529 5023 4528 5025 4530 5024 4529 5025 4530 5026 4531 5026 4531 5025 4530 5027 4532 5026 4531 5027 4532 5028 4533 5028 4533 5027 4532 5029 4534 5028 4533 5029 4534 5030 4535 5030 4535 5029 4534 5031 4536 5030 4535 5031 4536 5032 4537 5032 4537 5031 4536 5033 4538 5032 4537 5033 4538 5034 4539 5034 4539 5033 4538 5035 4540 5034 4539 5035 4540 5036 4541 5036 4541 5035 4540 5037 4542 5036 4541 5037 4542 5038 4543 5038 4543 5037 4542 5039 4544 5038 4543 5039 4544 5040 4545 5040 4545 5039 4544 5041 4546 5040 4545 5041 4546 5042 4547 5042 4547 5041 4546 5043 4548 5042 4547 5043 4548 5044 4549 5044 4549 5043 4548 5045 4550 5044 4549 5045 4550 5046 4551 5046 4551 5045 4550 5047 4552 5046 4551 5047 4552 4976 4481 4976 4481 5047 4552 4977 4482 5017 4522 5015 4520 5048 4553 5048 4553 5015 4520 5013 4518 5048 4553 5013 4518 5011 4516 5023 4528 5021 4526 5048 4553 5048 4553 5021 4526 5019 4524 5048 4553 5019 4524 5017 4522 5029 4534 5027 4532 5048 4553 5048 4553 5027 4532 5025 4530 5048 4553 5025 4530 5023 4528 5035 4540 5033 4538 5048 4553 5048 4553 5033 4538 5031 4536 5048 4553 5031 4536 5029 4534 5041 4546 5039 4544 5048 4553 5048 4553 5039 4544 5037 4542 5048 4553 5037 4542 5035 4540 5047 4552 5045 4550 5048 4553 5048 4553 5045 4550 5043 4548 5048 4553 5043 4548 5041 4546 4981 4486 4979 4484 5048 4553 5048 4553 4979 4484 4977 4482 5048 4553 4977 4482 5047 4552 4987 4492 4985 4490 5048 4553 5048 4553 4985 4490 4983 4488 5048 4553 4983 4488 4981 4486 4993 4498 4991 4496 5048 4553 5048 4553 4991 4496 4989 4494 5048 4553 4989 4494 4987 4492 4999 4504 4997 4502 5048 4553 5048 4553 4997 4502 4995 4500 5048 4553 4995 4500 4993 4498 5005 4510 5003 4508 5048 4553 5048 4553 5003 4508 5001 4506 5048 4553 5001 4506 4999 4504 5011 4516 5009 4514 5048 4553 5048 4553 5009 4514 5007 4512 5048 4553 5007 4512 5005 4510 5049 4554 5050 4555 5051 4556 5051 4556 5050 4555 5052 4557 5051 4556 5052 4557 5053 4558 5053 4558 5052 4557 5054 4486 5053 4558 5054 4486 5055 4559 5055 4559 5054 4486 5056 4560 5055 4559 5056 4560 5057 4561 5057 4561 5056 4560 5058 4562 5057 4561 5058 4562 5059 4563 5059 4563 5058 4562 5060 4564 5059 4563 5060 4564 5061 4565 5061 4565 5060 4564 5062 4566 5061 4565 5062 4566 5063 4567 5063 4567 5062 4566 5064 4568 5063 4567 5064 4568 5065 4569 5065 4569 5064 4568 5066 4570 5065 4569 5066 4570 5067 4571 5067 4571 5066 4570 5068 4572 5067 4571 5068 4572 5069 4573 5069 4573 5068 4572 5070 4574 5069 4573 5070 4574 5071 4575 5071 4575 5070 4574 5072 4576 5071 4575 5072 4576 5073 4577 5073 4577 5072 4576 5074 4578 5073 4577 5074 4578 5075 4579 5075 4579 5074 4578 5076 4580 5075 4579 5076 4580 5077 4581 5077 4581 5076 4580 5078 4582 5077 4581 5078 4582 5079 4583 5079 4583 5078 4582 5080 4512 5079 4583 5080 4512 5081 4584 5081 4584 5080 4512 5082 4585 5081 4584 5082 4585 5083 4586 5083 4586 5082 4585 5084 4587 5083 4586 5084 4587 5085 4588 5085 4588 5084 4587 5086 4589 5085 4588 5086 4589 5087 4590 5087 4590 5086 4589 5088 4591 5087 4590 5088 4591 5089 4592 5089 4592 5088 4591 5090 4593 5089 4592 5090 4593 5091 4523 5091 4523 5090 4593 5092 4594 5091 4523 5092 4594 5093 4595 5093 4595 5092 4594 5094 4596 5093 4595 5094 4596 5095 4597 5095 4597 5094 4596 5096 4598 5095 4597 5096 4598 5097 4599 5097 4599 5096 4598 5098 4600 5097 4599 5098 4600 5099 4601 5099 4601 5098 4600 5100 4602 5099 4601 5100 4602 5101 4603 5101 4603 5100 4602 5102 4604 5101 4603 5102 4604 5103 4605 5103 4605 5102 4604 5104 4606 5103 4605 5104 4606 5105 4607 5105 4607 5104 4606 5106 4608 5105 4607 5106 4608 5107 4609 5107 4609 5106 4608 5108 4610 5107 4609 5108 4610 5109 4611 5109 4611 5108 4610 5110 4612 5109 4611 5110 4612 5111 4613 5111 4613 5110 4612 5112 4614 5111 4613 5112 4614 5113 4615 5113 4615 5112 4614 5114 4616 5113 4615 5114 4616 5115 4617 5115 4617 5114 4616 5116 4618 5115 4617 5116 4618 5117 4549 5117 4549 5116 4618 5118 4619 5117 4549 5118 4619 5119 4620 5119 4620 5118 4619 5120 4621 5119 4620 5120 4621 5049 4554 5049 4554 5120 4621 5050 4555 5090 4593 5088 4591 5121 4622 5121 4622 5088 4591 5086 4589 5121 4622 5086 4589 5084 4587 5096 4598 5094 4596 5121 4622 5121 4622 5094 4596 5092 4594 5121 4622 5092 4594 5090 4593 5102 4604 5100 4602 5121 4622 5121 4622 5100 4602 5098 4600 5121 4622 5098 4600 5096 4598 5108 4610 5106 4608 5121 4622 5121 4622 5106 4608 5104 4606 5121 4622 5104 4606 5102 4604 5114 4616 5112 4614 5121 4622 5121 4622 5112 4614 5110 4612 5121 4622 5110 4612 5108 4610 5120 4621 5118 4619 5121 4622 5121 4622 5118 4619 5116 4618 5121 4622 5116 4618 5114 4616 5054 4486 5052 4557 5121 4622 5121 4622 5052 4557 5050 4555 5121 4622 5050 4555 5120 4621 5060 4564 5058 4562 5121 4622 5121 4622 5058 4562 5056 4560 5121 4622 5056 4560 5054 4486 5066 4570 5064 4568 5121 4622 5121 4622 5064 4568 5062 4566 5121 4622 5062 4566 5060 4564 5072 4576 5070 4574 5121 4622 5121 4622 5070 4574 5068 4572 5121 4622 5068 4572 5066 4570 5078 4582 5076 4580 5121 4622 5121 4622 5076 4580 5074 4578 5121 4622 5074 4578 5072 4576 5084 4587 5082 4585 5121 4622 5121 4622 5082 4585 5080 4512 5121 4622 5080 4512 5078 4582 5122 4623 5123 4624 5124 4625 5124 4625 5123 4624 5125 4484 5124 4625 5125 4484 5126 4626 5126 4626 5125 4484 5127 4627 5126 4626 5127 4627 5128 4628 5128 4628 5127 4627 5129 4629 5128 4628 5129 4629 5130 4630 5130 4630 5129 4629 5131 4631 5130 4630 5131 4631 5132 4632 5132 4632 5131 4631 5133 4564 5132 4632 5133 4564 5134 4633 5134 4633 5133 4564 5135 4634 5134 4633 5135 4634 5136 4635 5136 4635 5135 4634 5137 4636 5136 4635 5137 4636 5138 4637 5138 4637 5137 4636 5139 4638 5138 4637 5139 4638 5140 4639 5140 4639 5139 4638 5141 4640 5140 4639 5141 4640 5142 4641 5142 4641 5141 4640 5143 4642 5142 4641 5143 4642 5144 4643 5144 4643 5143 4642 5145 4576 5144 4643 5145 4576 5146 4644 5146 4644 5145 4576 5147 4645 5146 4644 5147 4645 5148 4646 5148 4646 5147 4645 5149 4647 5148 4646 5149 4647 5150 4648 5150 4648 5149 4647 5151 4649 5150 4648 5151 4649 5152 4650 5152 4650 5151 4649 5153 4651 5152 4650 5153 4651 5154 4652 5154 4652 5153 4651 5155 4653 5154 4652 5155 4653 5156 4654 5156 4654 5155 4653 5157 4655 5156 4654 5157 4655 5158 4656 5158 4656 5157 4655 5159 4657 5158 4656 5159 4657 5160 4658 5160 4658 5159 4657 5161 4591 5160 4658 5161 4591 5162 4659 5162 4659 5161 4591 5163 4660 5162 4659 5163 4660 5164 4661 5164 4661 5163 4660 5165 4662 5164 4661 5165 4662 5166 4663 5166 4663 5165 4662 5167 4664 5166 4663 5167 4664 5168 4665 5168 4665 5167 4664 5169 4666 5168 4665 5169 4666 5170 4667 5170 4667 5169 4666 5171 4668 5170 4667 5171 4668 5172 4601 5172 4601 5171 4668 5173 4669 5172 4601 5173 4669 5174 4670 5174 4670 5173 4669 5175 4671 5174 4670 5175 4671 5176 4672 5176 4672 5175 4671 5177 4673 5176 4672 5177 4673 5178 4674 5178 4674 5177 4673 5179 4675 5178 4674 5179 4675 5180 4676 5180 4676 5179 4675 5181 4677 5180 4676 5181 4677 5182 4678 5182 4678 5181 4677 5183 4679 5182 4678 5183 4679 5184 4613 5184 4613 5183 4679 5185 4680 5184 4613 5185 4680 5186 4681 5186 4681 5185 4680 5187 4682 5186 4681 5187 4682 5188 4683 5188 4683 5187 4682 5189 4684 5188 4683 5189 4684 5190 4685 5190 4685 5189 4684 5191 4686 5190 4685 5191 4686 5192 4687 5192 4687 5191 4686 5193 4688 5192 4687 5193 4688 5122 4623 5122 4623 5193 4688 5123 4624 5163 4660 5161 4591 5194 4689 5194 4689 5161 4591 5159 4657 5194 4689 5159 4657 5157 4655 5169 4666 5167 4664 5194 4689 5194 4689 5167 4664 5165 4662 5194 4689 5165 4662 5163 4660 5175 4671 5173 4669 5194 4689 5194 4689 5173 4669 5171 4668 5194 4689 5171 4668 5169 4666 5181 4677 5179 4675 5194 4689 5194 4689 5179 4675 5177 4673 5194 4689 5177 4673 5175 4671 5187 4682 5185 4680 5194 4689 5194 4689 5185 4680 5183 4679 5194 4689 5183 4679 5181 4677 5193 4688 5191 4686 5194 4689 5194 4689 5191 4686 5189 4684 5194 4689 5189 4684 5187 4682 5127 4627 5125 4484 5194 4689 5194 4689 5125 4484 5123 4624 5194 4689 5123 4624 5193 4688 5133 4564 5131 4631 5194 4689 5194 4689 5131 4631 5129 4629 5194 4689 5129 4629 5127 4627 5139 4638 5137 4636 5194 4689 5194 4689 5137 4636 5135 4634 5194 4689 5135 4634 5133 4564 5145 4576 5143 4642 5194 4689 5194 4689 5143 4642 5141 4640 5194 4689 5141 4640 5139 4638 5151 4649 5149 4647 5194 4689 5194 4689 5149 4647 5147 4645 5194 4689 5147 4645 5145 4576 5157 4655 5155 4653 5194 4689 5194 4689 5155 4653 5153 4651 5194 4689 5153 4651 5151 4649 5195 4481 5196 4482 5197 4690 5197 4690 5196 4482 5198 4691 5197 4690 5198 4691 5199 4692 5199 4692 5198 4691 5200 4693 5199 4692 5200 4693 5201 4694 5201 4694 5200 4693 5202 4695 5201 4694 5202 4695 5203 4696 5203 4696 5202 4695 5204 4697 5203 4696 5204 4697 5205 4698 5205 4698 5204 4697 5206 4699 5205 4698 5206 4699 5207 4700 5207 4700 5206 4699 5208 4701 5207 4700 5208 4701 5209 4495 5209 4495 5208 4701 5210 4496 5209 4495 5210 4496 5211 4702 5211 4702 5210 4496 5212 4498 5211 4702 5212 4498 5213 4703 5213 4703 5212 4498 5214 4500 5213 4703 5214 4500 5215 4501 5215 4501 5214 4500 5216 4704 5215 4501 5216 4704 5217 4705 5217 4705 5216 4704 5218 4706 5217 4705 5218 4706 5219 4707 5219 4707 5218 4706 5220 4506 5219 4707 5220 4506 5221 4708 5221 4708 5220 4506 5222 4709 5221 4708 5222 4709 5223 4710 5223 4710 5222 4709 5224 4711 5223 4710 5224 4711 5225 4712 5225 4712 5224 4711 5226 4713 5225 4712 5226 4713 5227 4714 5227 4714 5226 4713 5228 4715 5227 4714 5228 4715 5229 4716 5229 4716 5228 4715 5230 4717 5229 4716 5230 4717 5231 4517 5231 4517 5230 4717 5232 4518 5231 4517 5232 4518 5233 4519 5233 4519 5232 4518 5234 4520 5233 4519 5234 4520 5235 4718 5235 4718 5234 4520 5236 4719 5235 4718 5236 4719 5237 4720 5237 4720 5236 4719 5238 4721 5237 4720 5238 4721 5239 4722 5239 4722 5238 4721 5240 4723 5239 4722 5240 4723 5241 4724 5241 4724 5240 4723 5242 4725 5241 4724 5242 4725 5243 4726 5243 4726 5242 4725 5244 4530 5243 4726 5244 4530 5245 4727 5245 4727 5244 4530 5246 4532 5245 4727 5246 4532 5247 4728 5247 4728 5246 4532 5248 4534 5247 4728 5248 4534 5249 4729 5249 4729 5248 4534 5250 4536 5249 4729 5250 4536 5251 4730 5251 4730 5250 4536 5252 4538 5251 4730 5252 4538 5253 4731 5253 4731 5252 4538 5254 4540 5253 4731 5254 4540 5255 4732 5255 4732 5254 4540 5256 4542 5255 4732 5256 4542 5257 4733 5257 4733 5256 4542 5258 4734 5257 4733 5258 4734 5259 4735 5259 4735 5258 4734 5260 4736 5259 4735 5260 4736 5261 4737 5261 4737 5260 4736 5262 4738 5261 4737 5262 4738 5263 4549 5263 4549 5262 4738 5264 4739 5263 4549 5264 4739 5265 4551 5265 4551 5264 4739 5266 4740 5265 4551 5266 4740 5195 4481 5195 4481 5266 4740 5196 4482 5236 4719 5234 4520 5267 4741 5267 4741 5234 4520 5232 4518 5267 4741 5232 4518 5230 4717 5242 4725 5240 4723 5267 4741 5267 4741 5240 4723 5238 4721 5267 4741 5238 4721 5236 4719 5248 4534 5246 4532 5267 4741 5267 4741 5246 4532 5244 4530 5267 4741 5244 4530 5242 4725 5254 4540 5252 4538 5267 4741 5267 4741 5252 4538 5250 4536 5267 4741 5250 4536 5248 4534 5260 4736 5258 4734 5267 4741 5267 4741 5258 4734 5256 4542 5267 4741 5256 4542 5254 4540 5266 4740 5264 4739 5267 4741 5267 4741 5264 4739 5262 4738 5267 4741 5262 4738 5260 4736 5200 4693 5198 4691 5267 4741 5267 4741 5198 4691 5196 4482 5267 4741 5196 4482 5266 4740 5206 4699 5204 4697 5267 4741 5267 4741 5204 4697 5202 4695 5267 4741 5202 4695 5200 4693 5212 4498 5210 4496 5267 4741 5267 4741 5210 4496 5208 4701 5267 4741 5208 4701 5206 4699 5218 4706 5216 4704 5267 4741 5267 4741 5216 4704 5214 4500 5267 4741 5214 4500 5212 4498 5224 4711 5222 4709 5267 4741 5267 4741 5222 4709 5220 4506 5267 4741 5220 4506 5218 4706 5230 4717 5228 4715 5267 4741 5267 4741 5228 4715 5226 4713 5267 4741 5226 4713 5224 4711 5268 4554 5269 4555 5270 4742 5270 4742 5269 4555 5271 4743 5270 4742 5271 4743 5272 4744 5272 4744 5271 4743 5273 4693 5272 4744 5273 4693 5274 4745 5274 4745 5273 4693 5275 4746 5274 4745 5275 4746 5276 4747 5276 4747 5275 4746 5277 4748 5276 4747 5277 4748 5278 4749 5278 4749 5277 4748 5279 4750 5278 4749 5279 4750 5280 4751 5280 4751 5279 4750 5281 4566 5280 4751 5281 4566 5282 4567 5282 4567 5281 4566 5283 4752 5282 4567 5283 4752 5284 4753 5284 4753 5283 4752 5285 4754 5284 4753 5285 4754 5286 4755 5286 4755 5285 4754 5287 4572 5286 4755 5287 4572 5288 4573 5288 4573 5287 4572 5289 4756 5288 4573 5289 4756 5290 4757 5290 4757 5289 4756 5291 4758 5290 4757 5291 4758 5292 4759 5292 4759 5291 4758 5293 4578 5292 4759 5293 4578 5294 4760 5294 4760 5293 4578 5295 4761 5294 4760 5295 4761 5296 4762 5296 4762 5295 4761 5297 4763 5296 4762 5297 4763 5298 4764 5298 4764 5297 4763 5299 4713 5298 4764 5299 4713 5300 4765 5300 4765 5299 4713 5301 4766 5300 4765 5301 4766 5302 4767 5302 4767 5301 4766 5303 4768 5302 4767 5303 4768 5304 4588 5304 4588 5303 4768 5305 4589 5304 4588 5305 4589 5306 4590 5306 4590 5305 4589 5307 4769 5306 4590 5307 4769 5308 4770 5308 4770 5307 4769 5309 4771 5308 4770 5309 4771 5310 4772 5310 4772 5309 4771 5311 4773 5310 4772 5311 4773 5312 4774 5312 4774 5311 4773 5313 4775 5312 4774 5313 4775 5314 4776 5314 4776 5313 4775 5315 4777 5314 4776 5315 4777 5316 4778 5316 4778 5315 4777 5317 4600 5316 4778 5317 4600 5318 4779 5318 4779 5317 4600 5319 4602 5318 4779 5319 4602 5320 4780 5320 4780 5319 4602 5321 4604 5320 4780 5321 4604 5322 4781 5322 4781 5321 4604 5323 4606 5322 4781 5323 4606 5324 4782 5324 4782 5323 4606 5325 4608 5324 4782 5325 4608 5326 4783 5326 4783 5325 4608 5327 4610 5326 4783 5327 4610 5328 4784 5328 4784 5327 4610 5329 4612 5328 4784 5329 4612 5330 4785 5330 4785 5329 4612 5331 4786 5330 4785 5331 4786 5332 4787 5332 4787 5331 4786 5333 4788 5332 4787 5333 4788 5334 4789 5334 4789 5333 4788 5335 4790 5334 4789 5335 4790 5336 4549 5336 4549 5335 4790 5337 4619 5336 4549 5337 4619 5338 4620 5338 4620 5337 4619 5339 4791 5338 4620 5339 4791 5268 4554 5268 4554 5339 4791 5269 4555 5309 4771 5307 4769 5340 4792 5340 4792 5307 4769 5305 4589 5340 4792 5305 4589 5303 4768 5315 4777 5313 4775 5340 4792 5340 4792 5313 4775 5311 4773 5340 4792 5311 4773 5309 4771 5321 4604 5319 4602 5340 4792 5340 4792 5319 4602 5317 4600 5340 4792 5317 4600 5315 4777 5327 4610 5325 4608 5340 4792 5340 4792 5325 4608 5323 4606 5340 4792 5323 4606 5321 4604 5333 4788 5331 4786 5340 4792 5340 4792 5331 4786 5329 4612 5340 4792 5329 4612 5327 4610 5339 4791 5337 4619 5340 4792 5340 4792 5337 4619 5335 4790 5340 4792 5335 4790 5333 4788 5273 4693 5271 4743 5340 4792 5340 4792 5271 4743 5269 4555 5340 4792 5269 4555 5339 4791 5279 4750 5277 4748 5340 4792 5340 4792 5277 4748 5275 4746 5340 4792 5275 4746 5273 4693 5285 4754 5283 4752 5340 4792 5340 4792 5283 4752 5281 4566 5340 4792 5281 4566 5279 4750 5291 4758 5289 4756 5340 4792 5340 4792 5289 4756 5287 4572 5340 4792 5287 4572 5285 4754 5297 4763 5295 4761 5340 4792 5340 4792 5295 4761 5293 4578 5340 4792 5293 4578 5291 4758 5303 4768 5301 4766 5340 4792 5340 4792 5301 4766 5299 4713 5340 4792 5299 4713 5297 4763 5341 4623 5342 4624 5343 4793 5343 4793 5342 4624 5344 4691 5343 4793 5344 4691 5345 4794 5345 4794 5344 4691 5346 4795 5345 4794 5346 4795 5347 4796 5347 4796 5346 4795 5348 4797 5347 4796 5348 4797 5349 4798 5349 4798 5348 4797 5350 4799 5349 4798 5350 4799 5351 4800 5351 4800 5350 4799 5352 4750 5351 4800 5352 4750 5353 4801 5353 4801 5352 4750 5354 4802 5353 4801 5354 4802 5355 4635 5355 4635 5354 4802 5356 4636 5355 4635 5356 4636 5357 4803 5357 4803 5356 4636 5358 4638 5357 4803 5358 4638 5359 4804 5359 4804 5358 4638 5360 4640 5359 4804 5360 4640 5361 4641 5361 4641 5360 4640 5362 4805 5361 4641 5362 4805 5363 4806 5363 4806 5362 4805 5364 4758 5363 4806 5364 4758 5365 4807 5365 4807 5364 4758 5366 4645 5365 4807 5366 4645 5367 4808 5367 4808 5366 4645 5368 4809 5367 4808 5368 4809 5369 4810 5369 4810 5368 4809 5370 4811 5369 4810 5370 4811 5371 4812 5371 4812 5370 4811 5372 4813 5371 4812 5372 4813 5373 4814 5373 4814 5372 4813 5374 4815 5373 4814 5374 4815 5375 4816 5375 4816 5374 4815 5376 4817 5375 4816 5376 4817 5377 4656 5377 4656 5376 4817 5378 4657 5377 4656 5378 4657 5379 4658 5379 4658 5378 4657 5380 4769 5379 4658 5380 4769 5381 4818 5381 4818 5380 4769 5382 4819 5381 4818 5382 4819 5383 4820 5383 4820 5382 4819 5384 4821 5383 4820 5384 4821 5385 4822 5385 4822 5384 4821 5386 4823 5385 4822 5386 4823 5387 4824 5387 4824 5386 4823 5388 4825 5387 4824 5388 4825 5389 4826 5389 4826 5388 4825 5390 4668 5389 4826 5390 4668 5391 4779 5391 4779 5390 4668 5392 4669 5391 4779 5392 4669 5393 4827 5393 4827 5392 4669 5394 4671 5393 4827 5394 4671 5395 4828 5395 4828 5394 4671 5396 4673 5395 4828 5396 4673 5397 4829 5397 4829 5396 4673 5398 4675 5397 4829 5398 4675 5399 4830 5399 4830 5398 4675 5400 4677 5399 4830 5400 4677 5401 4831 5401 4831 5400 4677 5402 4679 5401 4831 5402 4679 5403 4785 5403 4785 5402 4679 5404 4832 5403 4785 5404 4832 5405 4833 5405 4833 5404 4832 5406 4834 5405 4833 5406 4834 5407 4835 5407 4835 5406 4834 5408 4836 5407 4835 5408 4836 5409 4685 5409 4685 5408 4836 5410 4837 5409 4685 5410 4837 5411 4687 5411 4687 5410 4837 5412 4838 5411 4687 5412 4838 5341 4623 5341 4623 5412 4838 5342 4624 5382 4819 5380 4769 5413 4839 5413 4839 5380 4769 5378 4657 5413 4839 5378 4657 5376 4817 5388 4825 5386 4823 5413 4839 5413 4839 5386 4823 5384 4821 5413 4839 5384 4821 5382 4819 5394 4671 5392 4669 5413 4839 5413 4839 5392 4669 5390 4668 5413 4839 5390 4668 5388 4825 5400 4677 5398 4675 5413 4839 5413 4839 5398 4675 5396 4673 5413 4839 5396 4673 5394 4671 5406 4834 5404 4832 5413 4839 5413 4839 5404 4832 5402 4679 5413 4839 5402 4679 5400 4677 5412 4838 5410 4837 5413 4839 5413 4839 5410 4837 5408 4836 5413 4839 5408 4836 5406 4834 5346 4795 5344 4691 5413 4839 5413 4839 5344 4691 5342 4624 5413 4839 5342 4624 5412 4838 5352 4750 5350 4799 5413 4839 5413 4839 5350 4799 5348 4797 5413 4839 5348 4797 5346 4795 5358 4638 5356 4636 5413 4839 5413 4839 5356 4636 5354 4802 5413 4839 5354 4802 5352 4750 5364 4758 5362 4805 5413 4839 5413 4839 5362 4805 5360 4640 5413 4839 5360 4640 5358 4638 5370 4811 5368 4809 5413 4839 5413 4839 5368 4809 5366 4645 5413 4839 5366 4645 5364 4758 5376 4817 5374 4815 5413 4839 5413 4839 5374 4815 5372 4813 5413 4839 5372 4813 5370 4811 5414 4840 5415 4841 5416 4842 5417 4843 5418 4844 5419 4845 5420 4846 5421 4847 5416 4842 5416 4842 5421 4847 5422 4848 5416 4842 5422 4848 5414 4840 5423 4849 5424 4850 5420 4846 5420 4846 5424 4850 5425 4851 5420 4846 5425 4851 5421 4847 5426 4852 5427 4853 5423 4849 5423 4849 5427 4853 5428 4854 5423 4849 5428 4854 5424 4850 5419 4845 5429 4855 5417 4843 5417 4843 5429 4855 5430 4856 5417 4843 5430 4856 5426 4852 5426 4852 5430 4856 5431 4857 5426 4852 5431 4857 5427 4853 5432 4858 5433 4859 5434 4860 5419 4845 5418 4844 5435 4861 5436 4862 5429 4855 5434 4860 5434 4860 5429 4855 5419 4845 5434 4860 5419 4845 5432 4858 5432 4858 5419 4845 5435 4861 5437 4863 4937 4442 5438 4864 5438 4864 4937 4442 5439 4865 5438 4864 5439 4865 5440 4866 4948 4453 4947 4452 5437 4863 5437 4863 4947 4452 4946 4451 5437 4863 4946 4451 4937 4442 5437 4863 5441 4867 4948 4453 4948 4453 5441 4867 5442 4868 4948 4453 5442 4868 4958 4463 5443 4869 4960 4465 5442 4868 5442 4868 4960 4465 4959 4464 5442 4868 4959 4464 4958 4463 4963 4468 4962 4467 5443 4869 5443 4869 4962 4467 4961 4466 5443 4869 4961 4466 4960 4465 4949 4454 4917 4422 5444 4870 5445 4871 5446 4872 5447 4873 5448 4874 4951 4456 5444 4870 5444 4870 4951 4456 4950 4455 5444 4870 4950 4455 4949 4454 5449 4875 4957 4462 5448 4874 5448 4874 4957 4462 4956 4461 5448 4874 4956 4461 4951 4456 5450 4876 4944 4449 5449 4875 5449 4875 4944 4449 4943 4448 5449 4875 4943 4448 4957 4462 5447 4873 4939 4444 5445 4871 5445 4871 4939 4444 4938 4443 5445 4871 4938 4443 5450 4876 5450 4876 4938 4443 4945 4450 5450 4876 4945 4450 4944 4449 5447 4873 5446 4872 5451 4877 5452 4878 5453 4879 5454 4880 5454 4880 5453 4879 4940 4445 5454 4880 4940 4445 5451 4877 5451 4877 4940 4445 4939 4444 5451 4877 4939 4444 5447 4873 5455 4881 4940 4445 5456 4882 5456 4882 4940 4445 5453 4879 5456 4882 5453 4879 5452 4878 4966 4471 4954 4459 5455 4881 5455 4881 4954 4459 4953 4458 5455 4881 4953 4458 4940 4445 5455 4881 5457 4883 4966 4471 4966 4471 5457 4883 5458 4884 4966 4471 5458 4884 4967 4472 5459 4885 4972 4477 5458 4884 5458 4884 4972 4477 4971 4476 5458 4884 4971 4476 4967 4472 4964 4469 4965 4470 5459 4885 5459 4885 4965 4470 4973 4478 5459 4885 4973 4478 4972 4477 5460 4886 5461 4887 5462 4888 5463 4889 5464 4890 5465 4891 5466 4892 5467 4893 5462 4888 5462 4888 5467 4893 5468 4894 5462 4888 5468 4894 5460 4886 5469 4895 5470 4896 5466 4892 5466 4892 5470 4896 5471 4897 5466 4892 5471 4897 5467 4893 5472 4898 5473 4899 5469 4895 5469 4895 5473 4899 5474 4900 5469 4895 5474 4900 5470 4896 5465 4891 5475 4901 5463 4889 5463 4889 5475 4901 5476 4902 5463 4889 5476 4902 5472 4898 5472 4898 5476 4902 5477 4903 5472 4898 5477 4903 5473 4899 5478 4904 5479 4905 5480 4906 5465 4891 5464 4890 5481 4907 5482 4908 5475 4901 5480 4906 5480 4906 5475 4901 5465 4891 5480 4906 5465 4891 5478 4904 5478 4904 5465 4891 5481 4907 5483 4909 5484 4910 5485 4911 5485 4911 5486 4912 5487 4913 5487 4913 5488 4914 5485 4911 5485 4911 5488 4914 5489 4915 5485 4911 5489 4915 5483 4909 5490 4916 5491 4917 5492 4918 5492 4918 5491 4917 5493 4919 5493 4919 5491 4917 5494 4920 5494 4920 5491 4917 5495 4921 5494 4920 5495 4921 5496 4922 5496 4922 5495 4921 5497 4923 5497 4923 5495 4921 5498 4924 5497 4923 5498 4924 5499 4925 5499 4925 5498 4924 5500 4926 5500 4926 5498 4924 5501 4927 5500 4926 5501 4927 5502 4928 5503 4929 5504 4930 5505 4931 5505 4931 5504 4930 5506 4932 5505 4931 5506 4932 5507 4933 5502 4928 5501 4927 5507 4933 5507 4933 5501 4927 5508 4934 5507 4933 5508 4934 5505 4931 5509 4935 5488 4914 5510 4936 5510 4936 5488 4914 5487 4913 5510 4936 5487 4913 5486 4912 5510 4936 5511 4937 5509 4935 5509 4935 5511 4937 5512 4938 5509 4935 5512 4938 5513 4939 5513 4939 5512 4938 5514 4940 5512 4938 5515 4941 5514 4940 5514 4940 5515 4941 5516 4942 5514 4940 5516 4942 5517 4943 5518 4944 5519 4945 5516 4942 5516 4942 5519 4945 5520 4946 5516 4942 5520 4946 5517 4943 5490 4916 5521 4947 5518 4944 5518 4944 5521 4947 5522 4948 5518 4944 5522 4948 5519 4945 5504 4930 5503 4929 5523 4949 5524 4950 5525 4951 5526 4952 5526 4952 5525 4951 5527 4953 5526 4952 5527 4953 5523 4949 5523 4949 5527 4953 5506 4932 5523 4949 5506 4932 5504 4930 5528 4954 5529 4955 5530 4956 5531 4957 5484 4910 5483 4909 5532 4958 5533 4959 5530 4956 5530 4956 5533 4959 5534 4960 5530 4956 5534 4960 5528 4954 5535 4961 5536 4962 5532 4958 5532 4958 5536 4962 5537 4963 5532 4958 5537 4963 5533 4959 5538 4964 5539 4965 5535 4961 5535 4961 5539 4965 5540 4966 5535 4961 5540 4966 5536 4962 5483 4909 5489 4915 5531 4957 5531 4957 5489 4915 5541 4967 5531 4957 5541 4967 5538 4964 5538 4964 5541 4967 5542 4968 5538 4964 5542 4968 5539 4965 5543 4969 5436 4862 5544 4970 5544 4970 5436 4862 5434 4860 5544 4970 5434 4860 5433 4859 5545 4971 5546 4972 5543 4969 5543 4969 5546 4972 5547 4973 5543 4969 5547 4973 5436 4862 5543 4969 5548 4974 5545 4971 5545 4971 5548 4974 5549 4975 5545 4971 5549 4975 5550 4976 5551 4977 5552 4978 5549 4975 5549 4975 5552 4978 5553 4979 5549 4975 5553 4979 5550 4976 5554 4980 5555 4981 5551 4977 5551 4977 5555 4981 5556 4982 5551 4977 5556 4982 5552 4978 5557 4983 5558 4984 5559 4985 4936 4441 5557 4983 4937 4442 4937 4442 5557 4983 5559 4985 4937 4442 5559 4985 5439 4865 5439 4865 5559 4985 5440 4866 4968 4473 4964 4469 5560 4986 5561 4987 5558 4984 5557 4983 5562 4988 4970 4475 5560 4986 5560 4986 4970 4475 4969 4474 5560 4986 4969 4474 4968 4473 5563 4989 4975 4480 5562 4988 5562 4988 4975 4480 4974 4479 5562 4988 4974 4479 4970 4475 5564 4990 4955 4460 5563 4989 5563 4989 4955 4460 4952 4457 5563 4989 4952 4457 4975 4480 5557 4983 4936 4441 5561 4987 5561 4987 4936 4441 4941 4446 5561 4987 4941 4446 5564 4990 5564 4990 4941 4446 4942 4447 5564 4990 4942 4447 4955 4460 5565 4991 5482 4908 5566 4992 5566 4992 5482 4908 5480 4906 5566 4992 5480 4906 5479 4905 5567 4993 5568 4994 5565 4991 5565 4991 5568 4994 5569 4995 5565 4991 5569 4995 5482 4908 5565 4991 5570 4996 5567 4993 5567 4993 5570 4996 5571 4997 5567 4993 5571 4997 5572 4998 5573 4999 5574 5000 5571 4997 5571 4997 5574 5000 5575 5001 5571 4997 5575 5001 5572 4998 4935 4440 5576 5002 5573 4999 5573 4999 5576 5002 5577 5003 5573 4999 5577 5003 5574 5000 5578 5004 5527 4953 5579 5005 5579 5005 5527 4953 5525 4951 5579 5005 5525 4951 5524 4950 5580 5006 5581 5007 5578 5004 5578 5004 5581 5007 5582 5008 5578 5004 5582 5008 5527 4953 5578 5004 5583 5009 5580 5006 5580 5006 5583 5009 5584 5010 5580 5006 5584 5010 5585 5011 5586 5012 5587 5013 5584 5010 5584 5010 5587 5013 5588 5014 5584 5010 5588 5014 5585 5011 5589 5015 5590 5016 5586 5012 5586 5012 5590 5016 5591 5017 5586 5012 5591 5017 5587 5013 5415 4841 2850 2527 5592 5018 5415 4841 5592 5018 5593 5019 5593 5019 5592 5018 5594 5020 5593 5019 5594 5020 5595 5021 5595 5021 5594 5020 5596 5022 5595 5021 5596 5022 5597 5023 5597 5023 5596 5022 5598 5024 5597 5023 5598 5024 5599 5025 5599 5025 5598 5024 5600 5026 5599 5025 5600 5026 5601 5027 5601 5027 5600 5026 5602 5028 5601 5027 5602 5028 5603 5029 5603 5029 5602 5028 5604 5030 5603 5029 5604 5030 5605 5031 5605 5031 5604 5030 5606 5032 5605 5031 5606 5032 5607 5033 5607 5033 5606 5032 5608 5034 5607 5033 5608 5034 5609 5035 5609 5035 5608 5034 2869 2546 5609 5035 2869 2546 4963 4468 5610 5036 5611 5037 5612 5038 5612 5038 5611 5037 5613 5039 5612 5038 5613 5039 5614 5040 5614 5040 5613 5039 5615 5041 5614 5040 5615 5041 5616 5042 5616 5042 5615 5041 5617 5043 5616 5042 5617 5043 5618 5044 5618 5044 5617 5043 5619 5045 5618 5044 5619 5045 5620 5046 5620 5046 5619 5045 5621 5047 5620 5046 5621 5047 5622 5048 5622 5048 5621 5047 5623 5049 5622 5048 5623 5049 5624 5050 5624 5050 5623 5049 5625 5051 5624 5050 5625 5051 5626 5052 5626 5052 5625 5051 5627 5053 5626 5052 5627 5053 5628 5054 5628 5054 5627 5053 5629 5055 5628 5054 5629 5055 5630 5056 5630 5056 5629 5055 5631 5057 5630 5056 5631 5057 5632 5058 5632 5058 5631 5057 5633 5059 5632 5058 5633 5059 5634 5060 5634 5060 5633 5059 5635 5061 5634 5060 5635 5061 5636 5062 5636 5062 5635 5061 5637 5063 5636 5062 5637 5063 5638 5064 5638 5064 5637 5063 5639 5065 5638 5064 5639 5065 5640 5066 5640 5066 5639 5065 5641 5067 5640 5066 5641 5067 5642 5068 5642 5068 5641 5067 5643 5069 5642 5068 5643 5069 5644 5070 5644 5070 5643 5069 5645 5071 5644 5070 5645 5071 5646 5072 5646 5072 5645 5071 5647 5073 5646 5072 5647 5073 5648 5074 5648 5074 5647 5073 5649 5075 5648 5074 5649 5075 5650 5076 5650 5076 5649 5075 5651 5077 5650 5076 5651 5077 5652 5078 5652 5078 5651 5077 5653 5079 5652 5078 5653 5079 5654 5080 5654 5080 5653 5079 5655 5081 5654 5080 5655 5081 5656 5082 5656 5082 5655 5081 5657 5083 5656 5082 5657 5083 5658 5084 5658 5084 5657 5083 5659 5085 5658 5084 5659 5085 5660 5086 5660 5086 5659 5085 5661 5087 5660 5086 5661 5087 5662 5088 5662 5088 5661 5087 5663 5089 5662 5088 5663 5089 5664 5090 5664 5090 5663 5089 5665 5091 5664 5090 5665 5091 5666 5092 5666 5092 5665 5091 5667 5093 5666 5092 5667 5093 5668 5094 5668 5094 5667 5093 5669 5095 5668 5094 5669 5095 5670 5096 5670 5096 5669 5095 5671 5097 5670 5096 5671 5097 5672 5098 5672 5098 5671 5097 5673 5099 5672 5098 5673 5099 5674 5100 5674 5100 5673 5099 5675 5101 5674 5100 5675 5101 5676 5102 5676 5102 5675 5101 5677 5103 5676 5102 5677 5103 5678 5104 5678 5104 5677 5103 5679 5105 5678 5104 5679 5105 5680 5106 5680 5106 5679 5105 5681 5107 5680 5106 5681 5107 5610 5036 5610 5036 5681 5107 5611 5037 5682 5108 5644 5070 5683 5109 5683 5109 5644 5070 5646 5072 5683 5109 5646 5072 5684 5110 5684 5110 5646 5072 5648 5074 5684 5110 5648 5074 5685 5111 5685 5111 5648 5074 5650 5076 5685 5111 5650 5076 5686 5112 5686 5112 5650 5076 5652 5078 5686 5112 5652 5078 5687 5113 5687 5113 5652 5078 5654 5080 5687 5113 5654 5080 5688 5114 5688 5114 5654 5080 5656 5082 5688 5114 5656 5082 5689 5115 5689 5115 5656 5082 5658 5084 5689 5115 5658 5084 5690 5116 5690 5116 5658 5084 5660 5086 5690 5116 5660 5086 5691 5117 5691 5117 5660 5086 5662 5088 5691 5117 5662 5088 5692 5118 5692 5118 5662 5088 5664 5090 5692 5118 5664 5090 5693 5119 5693 5119 5664 5090 5666 5092 5693 5119 5666 5092 5694 5120 5694 5120 5666 5092 5668 5094 5694 5120 5668 5094 5695 5121 5695 5121 5668 5094 5670 5096 5695 5121 5670 5096 5696 5122 5696 5122 5670 5096 5672 5098 5696 5122 5672 5098 5697 5123 5697 5123 5672 5098 5674 5100 5697 5123 5674 5100 5698 5124 5698 5124 5674 5100 5676 5102 5698 5124 5676 5102 5699 5125 5699 5125 5676 5102 5678 5104 5699 5125 5678 5104 5700 5126 5700 5126 5678 5104 5680 5106 5700 5126 5680 5106 5701 5127 5701 5127 5680 5106 5610 5036 5701 5127 5610 5036 5702 5128 5702 5128 5610 5036 5612 5038 5702 5128 5612 5038 5703 5129 5703 5129 5612 5038 5614 5040 5703 5129 5614 5040 5704 5130 5704 5130 5614 5040 5616 5042 5704 5130 5616 5042 5705 5131 5705 5131 5616 5042 5618 5044 5705 5131 5618 5044 5706 5132 5706 5132 5618 5044 5620 5046 5706 5132 5620 5046 5707 5133 5707 5133 5620 5046 5622 5048 5707 5133 5622 5048 5708 5134 5708 5134 5622 5048 5624 5050 5708 5134 5624 5050 5709 5135 5709 5135 5624 5050 5626 5052 5709 5135 5626 5052 5710 5136 5710 5136 5626 5052 5628 5054 5710 5136 5628 5054 5711 5137 5711 5137 5628 5054 5630 5056 5711 5137 5630 5056 5712 5138 5712 5138 5630 5056 5632 5058 5712 5138 5632 5058 5713 5139 5713 5139 5632 5058 5634 5060 5713 5139 5634 5060 5714 5140 5714 5140 5634 5060 5636 5062 5714 5140 5636 5062 5715 5141 5715 5141 5636 5062 5638 5064 5715 5141 5638 5064 5716 5142 5716 5142 5638 5064 5640 5066 5716 5142 5640 5066 5717 5143 5717 5143 5640 5066 5642 5068 5717 5143 5642 5068 5682 5108 5682 5108 5642 5068 5644 5070 5718 5144 5719 5145 5720 5146 5720 5146 5719 5145 5721 5147 5720 5146 5721 5147 5722 5148 5722 5148 5721 5147 5723 5149 5722 5148 5723 5149 5724 5150 5724 5150 5723 5149 5725 5151 5724 5150 5725 5151 5726 5152 5726 5152 5725 5151 5727 5153 5726 5152 5727 5153 5728 5154 5728 5154 5727 5153 5729 5155 5728 5154 5729 5155 5730 5156 5730 5156 5729 5155 5731 5157 5730 5156 5731 5157 5732 5158 5732 5158 5731 5157 5733 5159 5732 5158 5733 5159 5734 5160 5734 5160 5733 5159 5735 5161 5734 5160 5735 5161 5736 5162 5736 5162 5735 5161 5737 5163 5736 5162 5737 5163 5738 5164 5738 5164 5737 5163 5739 5165 5738 5164 5739 5165 5740 5166 5740 5166 5739 5165 5741 5167 5740 5166 5741 5167 5742 5168 5742 5168 5741 5167 5743 5169 5742 5168 5743 5169 5744 5170 5744 5170 5743 5169 5745 5171 5744 5170 5745 5171 5746 5172 5746 5172 5745 5171 5747 5173 5746 5172 5747 5173 5748 5174 5748 5174 5747 5173 5749 5175 5748 5174 5749 5175 5750 5176 5750 5176 5749 5175 5751 5177 5750 5176 5751 5177 5752 5178 5752 5178 5751 5177 5753 5179 5752 5178 5753 5179 5754 5180 5754 5180 5753 5179 5755 5181 5754 5180 5755 5181 5756 5182 5756 5182 5755 5181 5757 5183 5756 5182 5757 5183 5758 5184 5758 5184 5757 5183 5759 5185 5758 5184 5759 5185 5760 5186 5760 5186 5759 5185 5761 5187 5760 5186 5761 5187 5762 5188 5762 5188 5761 5187 5763 5189 5762 5188 5763 5189 5764 5190 5764 5190 5763 5189 5765 5191 5764 5190 5765 5191 5766 5192 5766 5192 5765 5191 5767 5193 5766 5192 5767 5193 5768 5194 5768 5194 5767 5193 5769 5195 5768 5194 5769 5195 5770 5196 5770 5196 5769 5195 5771 5197 5770 5196 5771 5197 5772 5198 5772 5198 5771 5197 5773 5199 5772 5198 5773 5199 5774 5200 5774 5200 5773 5199 5775 5201 5774 5200 5775 5201 5776 5202 5776 5202 5775 5201 5777 5203 5776 5202 5777 5203 5778 5204 5778 5204 5777 5203 5779 5205 5778 5204 5779 5205 5780 5206 5780 5206 5779 5205 5781 5207 5780 5206 5781 5207 5782 5208 5782 5208 5781 5207 5783 5209 5782 5208 5783 5209 5784 5210 5784 5210 5783 5209 5785 5211 5784 5210 5785 5211 5786 5212 5786 5212 5785 5211 5787 5213 5786 5212 5787 5213 5788 5214 5788 5214 5787 5213 5789 5215 5788 5214 5789 5215 5718 5144 5718 5144 5789 5215 5719 5145 5790 5216 5702 5128 5791 5217 5791 5217 5702 5128 5703 5129 5791 5217 5703 5129 5792 5218 5792 5218 5703 5129 5704 5130 5792 5218 5704 5130 5793 5219 5793 5219 5704 5130 5705 5131 5793 5219 5705 5131 5794 5220 5794 5220 5705 5131 5706 5132 5794 5220 5706 5132 5795 5221 5795 5221 5706 5132 5707 5133 5795 5221 5707 5133 5796 5222 5796 5222 5707 5133 5708 5134 5796 5222 5708 5134 5797 5223 5797 5223 5708 5134 5709 5135 5797 5223 5709 5135 5798 5224 5798 5224 5709 5135 5710 5136 5798 5224 5710 5136 5799 5225 5799 5225 5710 5136 5711 5137 5799 5225 5711 5137 5800 5226 5800 5226 5711 5137 5712 5138 5800 5226 5712 5138 5801 5227 5801 5227 5712 5138 5713 5139 5801 5227 5713 5139 5802 5228 5802 5228 5713 5139 5714 5140 5802 5228 5714 5140 5803 5229 5803 5229 5714 5140 5715 5141 5803 5229 5715 5141 5804 5230 5804 5230 5715 5141 5716 5142 5804 5230 5716 5142 5805 5231 5805 5231 5716 5142 5717 5143 5805 5231 5717 5143 5806 5232 5806 5232 5717 5143 5682 5108 5806 5232 5682 5108 5807 5233 5807 5233 5682 5108 5683 5109 5807 5233 5683 5109 5808 5234 5808 5234 5683 5109 5684 5110 5808 5234 5684 5110 5809 5235 5809 5235 5684 5110 5685 5111 5809 5235 5685 5111 5810 5236 5810 5236 5685 5111 5686 5112 5810 5236 5686 5112 5811 5237 5811 5237 5686 5112 5687 5113 5811 5237 5687 5113 5812 5238 5812 5238 5687 5113 5688 5114 5812 5238 5688 5114 5813 5239 5813 5239 5688 5114 5689 5115 5813 5239 5689 5115 5814 5240 5814 5240 5689 5115 5690 5116 5814 5240 5690 5116 5815 5241 5815 5241 5690 5116 5691 5117 5815 5241 5691 5117 5816 5242 5816 5242 5691 5117 5692 5118 5816 5242 5692 5118 5817 5243 5817 5243 5692 5118 5693 5119 5817 5243 5693 5119 5818 5244 5818 5244 5693 5119 5694 5120 5818 5244 5694 5120 5819 5245 5819 5245 5694 5120 5695 5121 5819 5245 5695 5121 5820 5246 5820 5246 5695 5121 5696 5122 5820 5246 5696 5122 5821 5247 5821 5247 5696 5122 5697 5123 5821 5247 5697 5123 5822 5248 5822 5248 5697 5123 5698 5124 5822 5248 5698 5124 5823 5249 5823 5249 5698 5124 5699 5125 5823 5249 5699 5125 5824 5250 5824 5250 5699 5125 5700 5126 5824 5250 5700 5126 5825 5251 5825 5251 5700 5126 5701 5127 5825 5251 5701 5127 5790 5216 5790 5216 5701 5127 5702 5128 5765 5191 5813 5239 5767 5193 5767 5193 5813 5239 5814 5240 5767 5193 5814 5240 5769 5195 5769 5195 5814 5240 5815 5241 5769 5195 5815 5241 5771 5197 5771 5197 5815 5241 5816 5242 5771 5197 5816 5242 5773 5199 5773 5199 5816 5242 5817 5243 5773 5199 5817 5243 5775 5201 5775 5201 5817 5243 5818 5244 5775 5201 5818 5244 5777 5203 5777 5203 5818 5244 5819 5245 5777 5203 5819 5245 5779 5205 5779 5205 5819 5245 5820 5246 5779 5205 5820 5246 5781 5207 5781 5207 5820 5246 5821 5247 5781 5207 5821 5247 5783 5209 5783 5209 5821 5247 5822 5248 5783 5209 5822 5248 5785 5211 5785 5211 5822 5248 5823 5249 5785 5211 5823 5249 5787 5213 5787 5213 5823 5249 5824 5250 5787 5213 5824 5250 5789 5215 5789 5215 5824 5250 5825 5251 5789 5215 5825 5251 5719 5145 5719 5145 5825 5251 5790 5216 5719 5145 5790 5216 5721 5147 5721 5147 5790 5216 5791 5217 5721 5147 5791 5217 5723 5149 5723 5149 5791 5217 5792 5218 5723 5149 5792 5218 5725 5151 5725 5151 5792 5218 5793 5219 5725 5151 5793 5219 5727 5153 5727 5153 5793 5219 5794 5220 5727 5153 5794 5220 5729 5155 5729 5155 5794 5220 5795 5221 5729 5155 5795 5221 5731 5157 5731 5157 5795 5221 5796 5222 5731 5157 5796 5222 5733 5159 5733 5159 5796 5222 5797 5223 5733 5159 5797 5223 5735 5161 5735 5161 5797 5223 5798 5224 5735 5161 5798 5224 5737 5163 5737 5163 5798 5224 5799 5225 5737 5163 5799 5225 5739 5165 5739 5165 5799 5225 5800 5226 5739 5165 5800 5226 5741 5167 5741 5167 5800 5226 5801 5227 5741 5167 5801 5227 5743 5169 5743 5169 5801 5227 5802 5228 5743 5169 5802 5228 5745 5171 5745 5171 5802 5228 5803 5229 5745 5171 5803 5229 5747 5173 5747 5173 5803 5229 5804 5230 5747 5173 5804 5230 5749 5175 5749 5175 5804 5230 5805 5231 5749 5175 5805 5231 5751 5177 5751 5177 5805 5231 5806 5232 5751 5177 5806 5232 5753 5179 5753 5179 5806 5232 5807 5233 5753 5179 5807 5233 5755 5181 5755 5181 5807 5233 5808 5234 5755 5181 5808 5234 5757 5183 5757 5183 5808 5234 5809 5235 5757 5183 5809 5235 5759 5185 5759 5185 5809 5235 5810 5236 5759 5185 5810 5236 5761 5187 5761 5187 5810 5236 5811 5237 5761 5187 5811 5237 5763 5189 5763 5189 5811 5237 5812 5238 5763 5189 5812 5238 5765 5191 5765 5191 5812 5238 5813 5239 5659 5085 5826 5252 5661 5087 5661 5087 5826 5252 5827 5253 5661 5087 5827 5253 5663 5089 5663 5089 5827 5253 5828 5254 5663 5089 5828 5254 5665 5091 5665 5091 5828 5254 5829 5255 5665 5091 5829 5255 5667 5093 5667 5093 5829 5255 5830 5256 5667 5093 5830 5256 5669 5095 5669 5095 5830 5256 5831 5257 5669 5095 5831 5257 5671 5097 5671 5097 5831 5257 5832 5258 5671 5097 5832 5258 5673 5099 5673 5099 5832 5258 5833 5259 5673 5099 5833 5259 5675 5101 5675 5101 5833 5259 5834 5260 5675 5101 5834 5260 5677 5103 5677 5103 5834 5260 5835 5261 5677 5103 5835 5261 5679 5105 5679 5105 5835 5261 5836 5262 5679 5105 5836 5262 5681 5107 5681 5107 5836 5262 5837 5263 5681 5107 5837 5263 5611 5037 5611 5037 5837 5263 5838 5264 5611 5037 5838 5264 5613 5039 5613 5039 5838 5264 5839 5265 5613 5039 5839 5265 5615 5041 5615 5041 5839 5265 5840 5266 5615 5041 5840 5266 5617 5043 5617 5043 5840 5266 5841 5267 5617 5043 5841 5267 5619 5045 5619 5045 5841 5267 5842 5268 5619 5045 5842 5268 5621 5047 5621 5047 5842 5268 5843 5269 5621 5047 5843 5269 5623 5049 5623 5049 5843 5269 5844 5270 5623 5049 5844 5270 5625 5051 5625 5051 5844 5270 5845 5271 5625 5051 5845 5271 5627 5053 5627 5053 5845 5271 5846 5272 5627 5053 5846 5272 5629 5055 5629 5055 5846 5272 5847 5273 5629 5055 5847 5273 5631 5057 5631 5057 5847 5273 5848 5274 5631 5057 5848 5274 5633 5059 5633 5059 5848 5274 5849 5275 5633 5059 5849 5275 5635 5061 5635 5061 5849 5275 5850 5276 5635 5061 5850 5276 5637 5063 5637 5063 5850 5276 5851 5277 5637 5063 5851 5277 5639 5065 5639 5065 5851 5277 5852 5278 5639 5065 5852 5278 5641 5067 5641 5067 5852 5278 5853 5279 5641 5067 5853 5279 5643 5069 5643 5069 5853 5279 5854 5280 5643 5069 5854 5280 5645 5071 5645 5071 5854 5280 5855 5281 5645 5071 5855 5281 5647 5073 5647 5073 5855 5281 5856 5282 5647 5073 5856 5282 5649 5075 5649 5075 5856 5282 5857 5283 5649 5075 5857 5283 5651 5077 5651 5077 5857 5283 5858 5284 5651 5077 5858 5284 5653 5079 5653 5079 5858 5284 5859 5285 5653 5079 5859 5285 5655 5081 5655 5081 5859 5285 5860 5286 5655 5081 5860 5286 5657 5083 5657 5083 5860 5286 5861 5287 5657 5083 5861 5287 5659 5085 5659 5085 5861 5287 5826 5252 5837 5263 5862 5288 5838 5264 5838 5264 5862 5288 5863 5289 5838 5264 5863 5289 5839 5265 5839 5265 5863 5289 5864 5290 5839 5265 5864 5290 5840 5266 5840 5266 5864 5290 5865 5291 5840 5266 5865 5291 5841 5267 5841 5267 5865 5291 5866 5292 5841 5267 5866 5292 5842 5268 5842 5268 5866 5292 5867 5293 5842 5268 5867 5293 5843 5269 5843 5269 5867 5293 5868 5294 5843 5269 5868 5294 5844 5270 5844 5270 5868 5294 5869 5295 5844 5270 5869 5295 5845 5271 5845 5271 5869 5295 5870 5296 5845 5271 5870 5296 5846 5272 5846 5272 5870 5296 5871 5297 5846 5272 5871 5297 5847 5273 5847 5273 5871 5297 5872 5298 5847 5273 5872 5298 5848 5274 5848 5274 5872 5298 5873 5299 5848 5274 5873 5299 5849 5275 5849 5275 5873 5299 5874 5300 5849 5275 5874 5300 5850 5276 5850 5276 5874 5300 5875 5301 5850 5276 5875 5301 5851 5277 5851 5277 5875 5301 5876 5302 5851 5277 5876 5302 5852 5278 5852 5278 5876 5302 5877 5303 5852 5278 5877 5303 5853 5279 5853 5279 5877 5303 5878 5304 5853 5279 5878 5304 5854 5280 5854 5280 5878 5304 5879 5305 5854 5280 5879 5305 5855 5281 5855 5281 5879 5305 5880 5306 5855 5281 5880 5306 5856 5282 5856 5282 5880 5306 5881 5307 5856 5282 5881 5307 5857 5283 5857 5283 5881 5307 5882 5308 5857 5283 5882 5308 5858 5284 5858 5284 5882 5308 5883 5309 5858 5284 5883 5309 5859 5285 5859 5285 5883 5309 5884 5310 5859 5285 5884 5310 5860 5286 5860 5286 5884 5310 5885 5311 5860 5286 5885 5311 5861 5287 5861 5287 5885 5311 5886 5312 5861 5287 5886 5312 5826 5252 5826 5252 5886 5312 5887 5313 5826 5252 5887 5313 5827 5253 5827 5253 5887 5313 5888 5314 5827 5253 5888 5314 5828 5254 5828 5254 5888 5314 5889 5315 5828 5254 5889 5315 5829 5255 5829 5255 5889 5315 5890 5316 5829 5255 5890 5316 5830 5256 5830 5256 5890 5316 5891 5317 5830 5256 5891 5317 5831 5257 5831 5257 5891 5317 5892 5318 5831 5257 5892 5318 5832 5258 5832 5258 5892 5318 5893 5319 5832 5258 5893 5319 5833 5259 5833 5259 5893 5319 5894 5320 5833 5259 5894 5320 5834 5260 5834 5260 5894 5320 5895 5321 5834 5260 5895 5321 5835 5261 5835 5261 5895 5321 5896 5322 5835 5261 5896 5322 5836 5262 5836 5262 5896 5322 5897 5323 5836 5262 5897 5323 5837 5263 5837 5263 5897 5323 5862 5288 5750 5176 5752 5178 5898 5324 5898 5324 5752 5178 5754 5180 5898 5324 5754 5180 5756 5182 5744 5170 5746 5172 5898 5324 5898 5324 5746 5172 5748 5174 5898 5324 5748 5174 5750 5176 5738 5164 5740 5166 5898 5324 5898 5324 5740 5166 5742 5168 5898 5324 5742 5168 5744 5170 5732 5158 5734 5160 5898 5324 5898 5324 5734 5160 5736 5162 5898 5324 5736 5162 5738 5164 5726 5152 5728 5154 5898 5324 5898 5324 5728 5154 5730 5156 5898 5324 5730 5156 5732 5158 5720 5146 5722 5148 5898 5324 5898 5324 5722 5148 5724 5150 5898 5324 5724 5150 5726 5152 5786 5212 5788 5214 5898 5324 5898 5324 5788 5214 5718 5144 5898 5324 5718 5144 5720 5146 5780 5206 5782 5208 5898 5324 5898 5324 5782 5208 5784 5210 5898 5324 5784 5210 5786 5212 5774 5200 5776 5202 5898 5324 5898 5324 5776 5202 5778 5204 5898 5324 5778 5204 5780 5206 5768 5194 5770 5196 5898 5324 5898 5324 5770 5196 5772 5198 5898 5324 5772 5198 5774 5200 5762 5188 5764 5190 5898 5324 5898 5324 5764 5190 5766 5192 5898 5324 5766 5192 5768 5194 5756 5182 5758 5184 5898 5324 5898 5324 5758 5184 5760 5186 5898 5324 5760 5186 5762 5188 5899 5325 5900 5326 5418 4844 5418 4844 5900 5326 5435 4861 5435 4861 5900 5326 5901 5327 5435 4861 5901 5327 5902 5328 5903 5329 5904 5330 5417 4843 5905 5331 5906 5332 5907 5333 5907 5333 5906 5332 5908 5334 5909 5335 5910 5336 5440 4866 5911 5337 5907 5333 5912 5338 5912 5338 5907 5333 5913 5339 5911 5337 5914 5340 5907 5333 5907 5333 5914 5340 5915 5341 5907 5333 5915 5341 5905 5331 5417 4843 5904 5330 5418 4844 5418 4844 5904 5330 5916 5342 5418 4844 5916 5342 5899 5325 5910 5336 5917 5343 5440 4866 5440 4866 5917 5343 5918 5344 5440 4866 5918 5344 5438 4864 5438 4864 5918 5344 5919 5345 5438 4864 5919 5345 5437 4863 5437 4863 5919 5345 5920 5346 5437 4863 5920 5346 5441 4867 5441 4867 5920 5346 5921 5347 5922 5348 5601 5027 5923 5349 5923 5349 5601 5027 5603 5029 5923 5349 5603 5029 5924 5350 5924 5350 5603 5029 5605 5031 5924 5350 5605 5031 5925 5351 5925 5351 5605 5031 5607 5033 5925 5351 5607 5033 5926 5352 5926 5352 5607 5033 5609 5035 5926 5352 5609 5035 5927 5353 5927 5353 5609 5035 4963 4468 5927 5353 4963 4468 5928 5354 5928 5354 4963 4468 5443 4869 5928 5354 5443 4869 5921 5347 5921 5347 5443 4869 5442 4868 5921 5347 5442 4868 5441 4867 5417 4843 5426 4852 5903 5329 5903 5329 5426 4852 5423 4849 5903 5329 5423 4849 5929 5355 5929 5355 5423 4849 5420 4846 5929 5355 5420 4846 5930 5356 5930 5356 5420 4846 5416 4842 5930 5356 5416 4842 5931 5357 5931 5357 5416 4842 5415 4841 5931 5357 5415 4841 5932 5358 5932 5358 5415 4841 5593 5019 5932 5358 5593 5019 5933 5359 5933 5359 5593 5019 5595 5021 5933 5359 5595 5021 5934 5360 5934 5360 5595 5021 5597 5023 5934 5360 5597 5023 5922 5348 5922 5348 5597 5023 5599 5025 5922 5348 5599 5025 5601 5027 5935 5361 5433 4859 5432 4858 5936 5362 5937 5363 5938 5364 5939 5365 5940 5366 5484 4910 5941 5367 5942 5368 5943 5369 5935 5361 5944 5370 5433 4859 5433 4859 5944 5370 5945 5371 5433 4859 5945 5371 5946 5372 5937 5363 5947 5373 5938 5364 5938 5364 5947 5373 5948 5374 5938 5364 5948 5374 5949 5375 5943 5369 5935 5361 5941 5367 5941 5367 5935 5361 5432 4858 5941 5367 5432 4858 5907 5333 5907 5333 5432 4858 5435 4861 5907 5333 5435 4861 5913 5339 5913 5339 5435 4861 5902 5328 5946 5372 5950 5376 5433 4859 5433 4859 5950 5376 5951 5377 5433 4859 5951 5377 5544 4970 5544 4970 5951 5377 5952 5378 5544 4970 5952 5378 5543 4969 5543 4969 5952 5378 5953 5379 5543 4969 5953 5379 5548 4974 5548 4974 5953 5379 5954 5380 5938 5364 5955 5381 5936 5362 5936 5362 5955 5381 5956 5382 5936 5362 5956 5382 5957 5383 5957 5383 5956 5382 5958 5384 5957 5383 5958 5384 5959 5385 5959 5385 5958 5384 5960 5386 5959 5385 5960 5386 5961 5387 5961 5387 5960 5386 5962 5388 5961 5387 5962 5388 5963 5389 5963 5389 5962 5388 5964 5390 5963 5389 5964 5390 5965 5391 5965 5391 5964 5390 5554 4980 5965 5391 5554 4980 5966 5392 5966 5392 5554 4980 5551 4977 5966 5392 5551 4977 5954 5380 5954 5380 5551 4977 5549 4975 5954 5380 5549 4975 5548 4974 5940 5366 5967 5393 5484 4910 5484 4910 5967 5393 5968 5394 5484 4910 5968 5394 5485 4911 5485 4911 5968 5394 5969 5395 5969 5395 5970 5396 5485 4911 5485 4911 5970 5396 5971 5397 5485 4911 5971 5397 5972 5398 5973 5399 5974 5400 5941 5367 5941 5367 5974 5400 5975 5401 5941 5367 5975 5401 5942 5368 5972 5398 5976 5402 5941 5367 5941 5367 5976 5402 5977 5403 5941 5367 5977 5403 5973 5399 5538 4964 5529 4955 5978 5404 5535 4961 5532 4958 5538 4964 5538 4964 5532 4958 5530 4956 5538 4964 5530 4956 5529 4955 5978 5404 5979 5405 5538 4964 5538 4964 5979 5405 5938 5364 5538 4964 5938 5364 5531 4957 5531 4957 5938 5364 5949 5375 5531 4957 5949 5375 5484 4910 5484 4910 5949 5375 5980 5406 5484 4910 5980 5406 5939 5365 5981 5407 5982 5408 5486 4912 5983 5409 5511 4937 5984 5410 5984 5410 5511 4937 5510 4936 5984 5410 5510 4936 5985 5411 5985 5411 5510 4936 5486 4912 5985 5411 5486 4912 5986 5412 5986 5412 5486 4912 5982 5408 5983 5409 5987 5413 5511 4937 5511 4937 5987 5413 5988 5414 5511 4937 5988 5414 5989 5415 5990 5416 5991 5417 5941 5367 5941 5367 5991 5417 5992 5418 5992 5418 5993 5419 5941 5367 5941 5367 5993 5419 5994 5420 5941 5367 5994 5420 5995 5421 5995 5421 5996 5422 5941 5367 5941 5367 5996 5422 5997 5423 5941 5367 5997 5423 5998 5424 5503 4929 5999 5425 6000 5366 6001 5426 6002 5427 6003 5428 6003 5428 6002 5427 6004 5429 5972 5398 5941 5367 5485 4911 5485 4911 5941 5367 5998 5424 5485 4911 5998 5424 5486 4912 5486 4912 5998 5424 6005 5430 5486 4912 6005 5430 5981 5407 6006 5431 5523 4949 6007 5432 6007 5432 5523 4949 6008 5433 6006 5431 6009 5434 6003 5428 6003 5428 6009 5434 6010 5435 6003 5428 6010 5435 6011 5436 6000 5366 6012 5393 5503 4929 5503 4929 6012 5393 6013 5437 5503 4929 6013 5437 5523 4949 5523 4949 6013 5437 6014 5438 5523 4949 6014 5438 6008 5433 6011 5436 6015 5439 6003 5428 6003 5428 6015 5439 6016 5440 6003 5428 6016 5440 6001 5426 5495 4921 5491 4917 5498 4924 5498 4924 5491 4917 5501 4927 5491 4917 5490 4916 5501 4927 5501 4927 5490 4916 5518 4944 5501 4927 5518 4944 5516 4942 5516 4942 5515 4941 5501 4927 5501 4927 5515 4941 5512 4938 5501 4927 5512 4938 5508 4934 5508 4934 5512 4938 5511 4937 5508 4934 5511 4937 5505 4931 5505 4931 5511 4937 5989 5415 5505 4931 5989 5415 5503 4929 5503 4929 5989 5415 6017 5441 5503 4929 6017 5441 5999 5425 6018 5442 6019 5443 6020 5444 6021 5407 6022 5445 5524 4950 6023 5446 6024 5447 6025 5448 6019 5443 6026 5449 6020 5444 6020 5444 6026 5449 6027 5450 6020 5444 6027 5450 6028 5451 6029 5452 6030 5453 6031 5454 6031 5454 6030 5453 6032 5455 6033 5456 6034 5457 6020 5444 6020 5444 6034 5457 6035 5458 6020 5444 6035 5458 6018 5442 6006 5431 6003 5428 5523 4949 5523 4949 6003 5428 6020 5444 5523 4949 6020 5444 5526 4952 5526 4952 6020 5444 6028 5451 5526 4952 6028 5451 5524 4950 5524 4950 6028 5451 6036 5459 5524 4950 6036 5459 6021 5407 6022 5445 6037 5460 5524 4950 5524 4950 6037 5460 6038 5461 5524 4950 6038 5461 5579 5005 5579 5005 6038 5461 6039 5462 5579 5005 6039 5462 5578 5004 5578 5004 6039 5462 6040 5463 5578 5004 6040 5463 6041 5464 5589 5015 5586 5012 6025 5448 6025 5448 5586 5012 5584 5010 6041 5464 6023 5446 5578 5004 5578 5004 6023 5446 6025 5448 5578 5004 6025 5448 5583 5009 5583 5009 6025 5448 5584 5010 6042 5465 6043 5466 6025 5448 6025 5448 6043 5466 6044 5467 6025 5448 6044 5467 5589 5015 6045 5468 5464 4890 6046 5469 6046 5469 5464 4890 5463 4889 6046 5469 5463 4889 6047 5470 6024 5447 6048 5471 6025 5448 6025 5448 6048 5471 6049 5472 6025 5448 6049 5472 6042 5465 6042 5465 6049 5472 6050 5473 6042 5465 6050 5473 6051 5474 6051 5474 6050 5473 6052 5475 6051 5474 6052 5475 6053 5476 6053 5476 6052 5475 6054 5477 6053 5476 6054 5477 6055 5478 6055 5478 6054 5477 6056 5479 6055 5478 6056 5479 6057 5480 6057 5480 6056 5479 6058 5481 6057 5480 6058 5481 6059 5482 6059 5482 6058 5481 6060 5483 6059 5482 6060 5483 5461 4887 5461 4887 6060 5483 6061 5484 5461 4887 6061 5484 5462 4888 5462 4888 6061 5484 6062 5485 5462 4888 6062 5485 5466 4892 5466 4892 6062 5485 6063 5486 5466 4892 6063 5486 5469 4895 5469 4895 6063 5486 6047 5470 5469 4895 6047 5470 5472 4898 5472 4898 6047 5470 5463 4889 6045 5468 6064 5487 5464 4890 5464 4890 6064 5487 6032 5455 5464 4890 6032 5455 5481 4907 5481 4907 6032 5455 6030 5453 5481 4907 6030 5453 5478 4904 5478 4904 6030 5453 6065 5488 5478 4904 6065 5488 5479 4905 5479 4905 6066 5489 5566 4992 5566 4992 6066 5489 6067 5490 5566 4992 6067 5490 5565 4991 5565 4991 6067 5490 6068 5491 5565 4991 6068 5491 5570 4996 5570 4996 6068 5491 6069 5492 6070 5493 4926 4431 6071 5494 6071 5494 4926 4431 4928 4433 6071 5494 4928 4433 6072 5495 6072 5495 4928 4433 4930 4435 6072 5495 4930 4435 6073 5496 6073 5496 4930 4435 4932 4437 6073 5496 4932 4437 6074 5497 6074 5497 4932 4437 4934 4439 6074 5497 4934 4439 6075 5498 6075 5498 4934 4439 4935 4440 6075 5498 4935 4440 6076 5499 6076 5499 4935 4440 5573 4999 6076 5499 5573 4999 6069 5492 6069 5492 5573 4999 5571 4997 6069 5492 5571 4997 5570 4996 6077 5500 6078 5501 6065 5488 6065 5488 6078 5501 6079 5502 6065 5488 6079 5502 5479 4905 5479 4905 6079 5502 6080 5503 5479 4905 6080 5503 6066 5489 6081 5504 6082 5505 6083 5506 6083 5506 6082 5505 6084 5507 6085 5508 5446 4872 6086 5509 6086 5509 5446 4872 5445 4871 6086 5509 5445 4871 6087 5510 6085 5508 6088 5511 5446 4872 5446 4872 6088 5511 6089 5512 5446 4872 6089 5512 5451 4877 5451 4877 6089 5512 6090 5513 5451 4877 6090 5513 6091 5514 6091 5514 6092 5515 6083 5506 6083 5506 6092 5515 6093 5516 6083 5506 6093 5516 6081 5504 6084 5507 6094 5517 6083 5506 6083 5506 6094 5517 6095 5518 6083 5506 6095 5518 6065 5488 6065 5488 6095 5518 6096 5519 6065 5488 6096 5519 6077 5500 5445 4871 5450 4876 6087 5510 6087 5510 5450 4876 5449 4875 6087 5510 5449 4875 6097 5520 6097 5520 5449 4875 5448 4874 6097 5520 5448 4874 6098 5521 6098 5521 5448 4874 5444 4870 6098 5521 5444 4870 6099 5522 6099 5522 5444 4870 4917 4422 6099 5522 4917 4422 6100 5523 6100 5523 4917 4422 4916 4421 6100 5523 4916 4421 6101 5524 6101 5524 4916 4421 4920 4425 6101 5524 4920 4425 6102 5525 6102 5525 4920 4425 4922 4427 6102 5525 4922 4427 6070 5493 6070 5493 4922 4427 4924 4429 6070 5493 4924 4429 4926 4431 6103 5526 6104 5527 5558 4984 5558 4984 5907 5333 5559 4985 5559 4985 5907 5333 5908 5334 5559 4985 5908 5334 5440 4866 5440 4866 5908 5334 6105 5528 5440 4866 6105 5528 5909 5335 6106 5529 6107 5530 6108 5531 6106 5529 6109 5532 6110 5533 6108 5531 6111 5534 6106 5529 6106 5529 6111 5534 6112 5535 6106 5529 6112 5535 6113 5536 6091 5514 6083 5506 5451 4877 5451 4877 6083 5506 6106 5529 5451 4877 6106 5529 5454 4880 5454 4880 6106 5529 6110 5533 5454 4880 6110 5533 5452 4878 6114 5537 6115 5538 5907 5333 6116 5539 6117 5540 5907 5333 5907 5333 6117 5540 6118 5541 6113 5536 6119 5542 6106 5529 6106 5529 6119 5542 6120 5543 6106 5529 6120 5543 6109 5532 6115 5538 6121 5544 5907 5333 5907 5333 6121 5544 6122 5545 5907 5333 6122 5545 6116 5539 6118 5541 6123 5546 5907 5333 5907 5333 6123 5546 6124 5547 5907 5333 6124 5547 6125 5548 6110 5533 6126 5549 5452 4878 5452 4878 6126 5549 6127 5550 5452 4878 6127 5550 6128 5551 5558 4984 6104 5527 5907 5333 5907 5333 6104 5527 6129 5552 5907 5333 6129 5552 6114 5537 6103 5526 5558 4984 6130 5553 6130 5553 5558 4984 5561 4987 6130 5553 5561 4987 6131 5554 5561 4987 5564 4990 6131 5554 6131 5554 5564 4990 5563 4989 6131 5554 5563 4989 6132 5555 6132 5555 5563 4989 5562 4988 6132 5555 5562 4988 6133 5556 6133 5556 5562 4988 5560 4986 6133 5556 5560 4986 6134 5557 6134 5557 5560 4986 4964 4469 6134 5557 4964 4469 6135 5558 6135 5558 4964 4469 5459 4885 6135 5558 5459 4885 6136 5559 5459 4885 5458 4884 6136 5559 6136 5559 5458 4884 5457 4883 6136 5559 5457 4883 6137 5560 6137 5560 5457 4883 5455 4881 6137 5560 5455 4881 6138 5561 6138 5561 5455 4881 5456 4882 6138 5561 5456 4882 6139 5562 6139 5562 5456 4882 5452 4878 6139 5562 5452 4878 6140 5563 6140 5563 5452 4878 6128 5551 6003 5428 5875 5301 5874 5300 6083 5506 5887 5313 6106 5529 6106 5529 5887 5313 5886 5312 6106 5529 5886 5312 5885 5311 5878 5304 5877 5303 6003 5428 6003 5428 5877 5303 5876 5302 6003 5428 5876 5302 5875 5301 5885 5311 5884 5310 6106 5529 6106 5529 5884 5310 5883 5309 6106 5529 5883 5309 5882 5308 5882 5308 5881 5307 6106 5529 6106 5529 5881 5307 5880 5306 6106 5529 5880 5306 6003 5428 6003 5428 5880 5306 5879 5305 6003 5428 5879 5305 5878 5304 5874 5300 5873 5299 6003 5428 6003 5428 5873 5299 5872 5298 6003 5428 5872 5298 6020 5444 6020 5444 5872 5298 5871 5297 6020 5444 5871 5297 5870 5296 5895 5321 5894 5320 6065 5488 6029 5452 6033 5456 6030 5453 6030 5453 6033 5456 6020 5444 6030 5453 6020 5444 5869 5295 5869 5295 6020 5444 5870 5296 5894 5320 5893 5319 6065 5488 6065 5488 5893 5319 5892 5318 6065 5488 5892 5318 5891 5317 5869 5295 5868 5294 6030 5453 6030 5453 5868 5294 5867 5293 6030 5453 5867 5293 5866 5292 5863 5289 5862 5288 6030 5453 6030 5453 5862 5288 5897 5323 6030 5453 5897 5323 6065 5488 6065 5488 5897 5323 5896 5322 6065 5488 5896 5322 5895 5321 5891 5317 5890 5316 6065 5488 6065 5488 5890 5316 5889 5315 6065 5488 5889 5315 6083 5506 6083 5506 5889 5315 5888 5314 6083 5506 5888 5314 5887 5313 5866 5292 5865 5291 6030 5453 6030 5453 5865 5291 5864 5290 6030 5453 5864 5290 5863 5289 6125 5548 6107 5530 5907 5333 5907 5333 6107 5530 6106 5529 5907 5333 6106 5529 5941 5367 5941 5367 6106 5529 6003 5428 5941 5367 6003 5428 5990 5416 5990 5416 6003 5428 6004 5429 5436 4862 2889 2566 5429 4855 5429 4855 2889 2566 2850 2527 5429 4855 2850 2527 5430 4856 5428 4854 5427 4853 2850 2527 2850 2527 5427 4853 5431 4857 2850 2527 5431 4857 5430 4856 5415 4841 5414 4840 2850 2527 2850 2527 5414 4840 5422 4848 2850 2527 5422 4848 5421 4847 5436 4862 5547 4973 2889 2566 2889 2566 5547 4973 5546 4972 2889 2566 5546 4972 5545 4971 5421 4847 5425 4851 2850 2527 2850 2527 5425 4851 5424 4850 2850 2527 5424 4850 5428 4854 5545 4971 5550 4976 2889 2566 2889 2566 5550 4976 5553 4979 2889 2566 5553 4979 5552 4978 5552 4978 5556 4982 2889 2566 2889 2566 5556 4982 5555 4981 2889 2566 5555 4981 5554 4980 5978 5404 5529 4955 2870 2547 2870 2547 6141 5564 5978 5404 5978 5404 6141 5564 6142 5565 5978 5404 6142 5565 5979 5405 5979 5405 6142 5565 6143 5566 5979 5405 6143 5566 5938 5364 5938 5364 6143 5566 6144 5567 5938 5364 6144 5567 5955 5381 5955 5381 6144 5567 6145 5568 5955 5381 6145 5568 5956 5382 5956 5382 6145 5568 6146 5569 5956 5382 6146 5569 5958 5384 5958 5384 6146 5569 6147 5570 5958 5384 6147 5570 5960 5386 5960 5386 6147 5570 6148 5571 5960 5386 6148 5571 5962 5388 5962 5388 6148 5571 6149 5572 5962 5388 6149 5572 5964 5390 5964 5390 6149 5572 2889 2566 5964 5390 2889 2566 5554 4980 5506 4932 5527 4953 2907 2584 5541 4967 5489 4915 2870 2547 2870 2547 5489 4915 5488 4914 2907 2584 2870 2547 5506 4932 5506 4932 2870 2547 5488 4914 5506 4932 5488 4914 5507 4933 5507 4933 5488 4914 5502 4928 5540 4966 5539 4965 2870 2547 2870 2547 5539 4965 5542 4968 2870 2547 5542 4968 5541 4967 5527 4953 5582 5008 2907 2584 2907 2584 5582 5008 5581 5007 2907 2584 5581 5007 5580 5006 5529 4955 5528 4954 2870 2547 2870 2547 5528 4954 5534 4960 2870 2547 5534 4960 5533 4959 5499 4925 5509 4935 5513 4939 5509 4935 5499 4925 5488 4914 5488 4914 5499 4925 5500 4926 5488 4914 5500 4926 5502 4928 5533 4959 5537 4963 2870 2547 2870 2547 5537 4963 5536 4962 2870 2547 5536 4962 5540 4966 5580 5006 5585 5011 2907 2584 2907 2584 5585 5011 5588 5014 2907 2584 5588 5014 5587 5013 5587 5013 5591 5017 2907 2584 2907 2584 5591 5017 5590 5016 2907 2584 5590 5016 5589 5015 5490 4916 5513 4939 5521 4947 5521 4947 5513 4939 5514 4940 5521 4947 5514 4940 5517 4943 5490 4916 5492 4918 5513 4939 5513 4939 5492 4918 5493 4919 5513 4939 5493 4919 5494 4920 5517 4943 5520 4946 5521 4947 5521 4947 5520 4946 5519 4945 5521 4947 5519 4945 5522 4948 5494 4920 5496 4922 5513 4939 5513 4939 5496 4922 5497 4923 5513 4939 5497 4923 5499 4925 5461 4887 2831 2508 2891 2568 5461 4887 2891 2568 6059 5482 6059 5482 2891 2568 2893 2570 6059 5482 2893 2570 6057 5480 6057 5480 2893 2570 2895 2572 6057 5480 2895 2572 6055 5478 6055 5478 2895 2572 2897 2574 6055 5478 2897 2574 6053 5476 6053 5476 2897 2574 2899 2576 6053 5476 2899 2576 6051 5474 6051 5474 2899 2576 2901 2578 6051 5474 2901 2578 6042 5465 6042 5465 2901 2578 2903 2580 6042 5465 2903 2580 6043 5466 6043 5466 2903 2580 2905 2582 6043 5466 2905 2582 6044 5467 6044 5467 2905 2582 2907 2584 6044 5467 2907 2584 5589 5015 2831 2508 6150 5573 6151 5574 2869 2546 5608 5034 2850 2527 2832 2509 2869 2546 6152 5575 6152 5575 2869 2546 2850 2527 6152 5575 2850 2527 6151 5574 6151 5574 2850 2527 2889 2566 6142 5565 6141 5564 6147 5570 5598 5024 5596 5022 5608 5034 6147 5570 6141 5564 6148 5571 6152 5575 6153 5576 2832 2509 2832 2509 6153 5576 2830 2507 2832 2509 2830 2507 4918 4423 4918 4423 2830 2507 4933 4438 2905 2582 2903 2580 2901 2578 5604 5030 5602 5028 5600 5026 5596 5022 5594 5020 5608 5034 5608 5034 5594 5020 5592 5018 5608 5034 5592 5018 2850 2527 6146 5569 6145 5568 6144 5567 2901 2578 2899 2576 2905 2582 2905 2582 2899 2576 2897 2574 2907 2584 2831 2508 6151 5574 2907 2584 6151 5574 2870 2547 2870 2547 6151 5574 2889 2566 2870 2547 2889 2566 6141 5564 6141 5564 2889 2566 6149 5572 6141 5564 6149 5572 6148 5571 5598 5024 5608 5034 5600 5026 5600 5026 5608 5034 5606 5032 5600 5026 5606 5032 5604 5030 6146 5569 6144 5567 6147 5570 6147 5570 6144 5567 6143 5566 6147 5570 6143 5566 6142 5565 4933 4438 4931 4436 4918 4423 4918 4423 4931 4436 4929 4434 4918 4423 4929 4434 4919 4424 4919 4424 4929 4434 4927 4432 4927 4432 4925 4430 4919 4424 4919 4424 4925 4430 4923 4428 4919 4424 4923 4428 4921 4426 4994 4499 6154 5577 4992 4497 4992 4497 6154 5577 6155 5578 4992 4497 6155 5578 4990 4495 4990 4495 6155 5578 6156 5579 4990 4495 6156 5579 4988 4493 4988 4493 6156 5579 6157 5580 4988 4493 6157 5580 4986 4491 4986 4491 6157 5580 6158 5581 4986 4491 6158 5581 4984 4489 4984 4489 6158 5581 6159 5582 4984 4489 6159 5582 4982 4487 4982 4487 6159 5582 6160 5583 4982 4487 6160 5583 4980 4485 4980 4485 6160 5583 6161 5584 4980 4485 6161 5584 4978 4483 4978 4483 6161 5584 6162 5585 4978 4483 6162 5585 4976 4481 4976 4481 6162 5585 6163 5586 4976 4481 6163 5586 5046 4551 5046 4551 6163 5586 6164 5587 5046 4551 6164 5587 5044 4549 5044 4549 6164 5587 6165 5588 5044 4549 6165 5588 5042 4547 5042 4547 6165 5588 6166 5589 5042 4547 6166 5589 5040 4545 5040 4545 6166 5589 6167 5590 5040 4545 6167 5590 5038 4543 5038 4543 6167 5590 6168 5591 5038 4543 6168 5591 5036 4541 5036 4541 6168 5591 6169 5592 5036 4541 6169 5592 5034 4539 5034 4539 6169 5592 6170 5593 5034 4539 6170 5593 5032 4537 5032 4537 6170 5593 6171 5594 5032 4537 6171 5594 5030 4535 5030 4535 6171 5594 6172 5595 5030 4535 6172 5595 5028 4533 5028 4533 6172 5595 6173 5596 5028 4533 6173 5596 5026 4531 5026 4531 6173 5596 6174 5597 5026 4531 6174 5597 5024 4529 5024 4529 6174 5597 6175 5598 5024 4529 6175 5598 5022 4527 5022 4527 6175 5598 6176 5599 5022 4527 6176 5599 5020 4525 5020 4525 6176 5599 6177 5600 5020 4525 6177 5600 5018 4523 5018 4523 6177 5600 6178 5601 5018 4523 6178 5601 5016 4521 5016 4521 6178 5601 6179 5602 5016 4521 6179 5602 5014 4519 5014 4519 6179 5602 6180 5603 5014 4519 6180 5603 5012 4517 5012 4517 6180 5603 6181 5604 5012 4517 6181 5604 5010 4515 5010 4515 6181 5604 6182 5605 5010 4515 6182 5605 5008 4513 5008 4513 6182 5605 6183 5606 5008 4513 6183 5606 5006 4511 5006 4511 6183 5606 6184 5607 5006 4511 6184 5607 5004 4509 5004 4509 6184 5607 6185 5608 5004 4509 6185 5608 5002 4507 5002 4507 6185 5608 6186 5609 5002 4507 6186 5609 5000 4505 5000 4505 6186 5609 6187 5610 5000 4505 6187 5610 4998 4503 4998 4503 6187 5610 6188 5611 4998 4503 6188 5611 4996 4501 4996 4501 6188 5611 6189 5612 4996 4501 6189 5612 4994 4499 4994 4499 6189 5612 6154 5577 6163 5586 6110 5533 6164 5587 6164 5587 6110 5533 6109 5532 6164 5587 6109 5532 6165 5588 6165 5588 6109 5532 6120 5543 6165 5588 6120 5543 6166 5589 6166 5589 6120 5543 6119 5542 6166 5589 6119 5542 6167 5590 6167 5590 6119 5542 6113 5536 6167 5590 6113 5536 6168 5591 6168 5591 6113 5536 6112 5535 6168 5591 6112 5535 6169 5592 6169 5592 6112 5535 6111 5534 6169 5592 6111 5534 6170 5593 6170 5593 6111 5534 6108 5531 6170 5593 6108 5531 6171 5594 6171 5594 6108 5531 6107 5530 6171 5594 6107 5530 6172 5595 6172 5595 6107 5530 6125 5548 6172 5595 6125 5548 6173 5596 6173 5596 6125 5548 6124 5547 6173 5596 6124 5547 6174 5597 6174 5597 6124 5547 6123 5546 6174 5597 6123 5546 6175 5598 6175 5598 6123 5546 6118 5541 6175 5598 6118 5541 6176 5599 6176 5599 6118 5541 6117 5540 6176 5599 6117 5540 6177 5600 6177 5600 6117 5540 6116 5539 6177 5600 6116 5539 6178 5601 6178 5601 6116 5539 6122 5545 6178 5601 6122 5545 6179 5602 6179 5602 6122 5545 6121 5544 6179 5602 6121 5544 6180 5603 6180 5603 6121 5544 6115 5538 6180 5603 6115 5538 6181 5604 6181 5604 6115 5538 6114 5537 6181 5604 6114 5537 6182 5605 6182 5605 6114 5537 6129 5552 6182 5605 6129 5552 6183 5606 6183 5606 6129 5552 6104 5527 6183 5606 6104 5527 6184 5607 6184 5607 6104 5527 6103 5526 6184 5607 6103 5526 6185 5608 6185 5608 6103 5526 6130 5553 6185 5608 6130 5553 6186 5609 6186 5609 6130 5553 6131 5554 6186 5609 6131 5554 6187 5610 6187 5610 6131 5554 6132 5555 6187 5610 6132 5555 6188 5611 6188 5611 6132 5555 6133 5556 6188 5611 6133 5556 6189 5612 6189 5612 6133 5556 6134 5557 6189 5612 6134 5557 6154 5577 6154 5577 6134 5557 6135 5558 6154 5577 6135 5558 6155 5578 6155 5578 6135 5558 6136 5559 6155 5578 6136 5559 6156 5579 6156 5579 6136 5559 6137 5560 6156 5579 6137 5560 6157 5580 6157 5580 6137 5560 6138 5561 6157 5580 6138 5561 6158 5581 6158 5581 6138 5561 6139 5562 6158 5581 6139 5562 6159 5582 6159 5582 6139 5562 6140 5563 6159 5582 6140 5563 6160 5583 6160 5583 6140 5563 6128 5551 6160 5583 6128 5551 6161 5584 6161 5584 6128 5551 6127 5550 6161 5584 6127 5550 6162 5585 6162 5585 6127 5550 6126 5549 6162 5585 6126 5549 6163 5586 6163 5586 6126 5549 6110 5533 5140 4639 6190 5613 5138 4637 5138 4637 6190 5613 6191 5614 5138 4637 6191 5614 5136 4635 5136 4635 6191 5614 6192 5615 5136 4635 6192 5615 5134 4633 5134 4633 6192 5615 6193 5580 5134 4633 6193 5580 5132 4632 5132 4632 6193 5580 6194 5616 5132 4632 6194 5616 5130 4630 5130 4630 6194 5616 6195 5617 5130 4630 6195 5617 5128 4628 5128 4628 6195 5617 6196 5583 5128 4628 6196 5583 5126 4626 5126 4626 6196 5583 6197 5584 5126 4626 6197 5584 5124 4625 5124 4625 6197 5584 6198 5618 5124 4625 6198 5618 5122 4623 5122 4623 6198 5618 6199 5619 5122 4623 6199 5619 5192 4687 5192 4687 6199 5619 6200 5620 5192 4687 6200 5620 5190 4685 5190 4685 6200 5620 6201 5588 5190 4685 6201 5588 5188 4683 5188 4683 6201 5588 6202 5621 5188 4683 6202 5621 5186 4681 5186 4681 6202 5621 6203 5622 5186 4681 6203 5622 5184 4613 5184 4613 6203 5622 6204 5591 5184 4613 6204 5591 5182 4678 5182 4678 6204 5591 6205 5592 5182 4678 6205 5592 5180 4676 5180 4676 6205 5592 6206 5623 5180 4676 6206 5623 5178 4674 5178 4674 6206 5623 6207 5624 5178 4674 6207 5624 5176 4672 5176 4672 6207 5624 6208 5625 5176 4672 6208 5625 5174 4670 5174 4670 6208 5625 6209 5626 5174 4670 6209 5626 5172 4601 5172 4601 6209 5626 6210 5627 5172 4601 6210 5627 5170 4667 5170 4667 6210 5627 6211 5628 5170 4667 6211 5628 5168 4665 5168 4665 6211 5628 6212 5629 5168 4665 6212 5629 5166 4663 5166 4663 6212 5629 6213 5630 5166 4663 6213 5630 5164 4661 5164 4661 6213 5630 6214 5631 5164 4661 6214 5631 5162 4659 5162 4659 6214 5631 6215 5602 5162 4659 6215 5602 5160 4658 5160 4658 6215 5602 6216 5632 5160 4658 6216 5632 5158 4656 5158 4656 6216 5632 6217 5633 5158 4656 6217 5633 5156 4654 5156 4654 6217 5633 6218 5634 5156 4654 6218 5634 5154 4652 5154 4652 6218 5634 6219 5635 5154 4652 6219 5635 5152 4650 5152 4650 6219 5635 6220 5636 5152 4650 6220 5636 5150 4648 5150 4648 6220 5636 6221 5637 5150 4648 6221 5637 5148 4646 5148 4646 6221 5637 6222 5638 5148 4646 6222 5638 5146 4644 5146 4644 6222 5638 6223 5639 5146 4644 6223 5639 5144 4643 5144 4643 6223 5639 6224 5640 5144 4643 6224 5640 5142 4641 5142 4641 6224 5640 6225 5641 5142 4641 6225 5641 5140 4639 5140 4639 6225 5641 6190 5613 6199 5619 6076 5499 6200 5620 6200 5620 6076 5499 6069 5492 6200 5620 6069 5492 6201 5588 6201 5588 6069 5492 6068 5491 6201 5588 6068 5491 6202 5621 6202 5621 6068 5491 6067 5490 6202 5621 6067 5490 6203 5622 6203 5622 6067 5490 6066 5489 6203 5622 6066 5489 6204 5591 6204 5591 6066 5489 6080 5503 6204 5591 6080 5503 6205 5592 6205 5592 6080 5503 6079 5502 6205 5592 6079 5502 6206 5623 6206 5623 6079 5502 6078 5501 6206 5623 6078 5501 6207 5624 6207 5624 6078 5501 6077 5500 6207 5624 6077 5500 6208 5625 6208 5625 6077 5500 6096 5519 6208 5625 6096 5519 6209 5626 6209 5626 6096 5519 6095 5518 6209 5626 6095 5518 6210 5627 6210 5627 6095 5518 6094 5517 6210 5627 6094 5517 6211 5628 6211 5628 6094 5517 6084 5507 6211 5628 6084 5507 6212 5629 6212 5629 6084 5507 6082 5505 6212 5629 6082 5505 6213 5630 6213 5630 6082 5505 6081 5504 6213 5630 6081 5504 6214 5631 6214 5631 6081 5504 6093 5516 6214 5631 6093 5516 6215 5602 6215 5602 6093 5516 6092 5515 6215 5602 6092 5515 6216 5632 6216 5632 6092 5515 6091 5514 6216 5632 6091 5514 6217 5633 6217 5633 6091 5514 6090 5513 6217 5633 6090 5513 6218 5634 6218 5634 6090 5513 6089 5512 6218 5634 6089 5512 6219 5635 6219 5635 6089 5512 6088 5511 6219 5635 6088 5511 6220 5636 6220 5636 6088 5511 6085 5508 6220 5636 6085 5508 6221 5637 6221 5637 6085 5508 6086 5509 6221 5637 6086 5509 6222 5638 6222 5638 6086 5509 6087 5510 6222 5638 6087 5510 6223 5639 6223 5639 6087 5510 6097 5520 6223 5639 6097 5520 6224 5640 6224 5640 6097 5520 6098 5521 6224 5640 6098 5521 6225 5641 6225 5641 6098 5521 6099 5522 6225 5641 6099 5522 6190 5613 6190 5613 6099 5522 6100 5523 6190 5613 6100 5523 6191 5614 6191 5614 6100 5523 6101 5524 6191 5614 6101 5524 6192 5615 6192 5615 6101 5524 6102 5525 6192 5615 6102 5525 6193 5580 6193 5580 6102 5525 6070 5493 6193 5580 6070 5493 6194 5616 6194 5616 6070 5493 6071 5494 6194 5616 6071 5494 6195 5617 6195 5617 6071 5494 6072 5495 6195 5617 6072 5495 6196 5583 6196 5583 6072 5495 6073 5496 6196 5583 6073 5496 6197 5584 6197 5584 6073 5496 6074 5497 6197 5584 6074 5497 6198 5618 6198 5618 6074 5497 6075 5498 6198 5618 6075 5498 6199 5619 6199 5619 6075 5498 6076 5499 5286 4755 6226 5642 5284 4753 5284 4753 6226 5642 6227 5643 5284 4753 6227 5643 5282 4567 5282 4567 6227 5643 6228 5644 5282 4567 6228 5644 5280 4751 5280 4751 6228 5644 6229 5645 5280 4751 6229 5645 5278 4749 5278 4749 6229 5645 6230 5646 5278 4749 6230 5646 5276 4747 5276 4747 6230 5646 6231 5647 5276 4747 6231 5647 5274 4745 5274 4745 6231 5647 6232 5648 5274 4745 6232 5648 5272 4744 5272 4744 6232 5648 6233 5649 5272 4744 6233 5649 5270 4742 5270 4742 6233 5649 6234 5618 5270 4742 6234 5618 5268 4554 5268 4554 6234 5618 6235 5619 5268 4554 6235 5619 5338 4620 5338 4620 6235 5619 6236 5620 5338 4620 6236 5620 5336 4549 5336 4549 6236 5620 6237 5650 5336 4549 6237 5650 5334 4789 5334 4789 6237 5650 6238 5651 5334 4789 6238 5651 5332 4787 5332 4787 6238 5651 6239 5652 5332 4787 6239 5652 5330 4785 5330 4785 6239 5652 6240 5653 5330 4785 6240 5653 5328 4784 5328 4784 6240 5653 6241 5654 5328 4784 6241 5654 5326 4783 5326 4783 6241 5654 6242 5655 5326 4783 6242 5655 5324 4782 5324 4782 6242 5655 6243 5656 5324 4782 6243 5656 5322 4781 5322 4781 6243 5656 6244 5657 5322 4781 6244 5657 5320 4780 5320 4780 6244 5657 6245 5658 5320 4780 6245 5658 5318 4779 5318 4779 6245 5658 6246 5659 5318 4779 6246 5659 5316 4778 5316 4778 6246 5659 6247 5660 5316 4778 6247 5660 5314 4776 5314 4776 6247 5660 6248 5661 5314 4776 6248 5661 5312 4774 5312 4774 6248 5661 6249 5662 5312 4774 6249 5662 5310 4772 5310 4772 6249 5662 6250 5663 5310 4772 6250 5663 5308 4770 5308 4770 6250 5663 6251 5664 5308 4770 6251 5664 5306 4590 5306 4590 6251 5664 6252 5665 5306 4590 6252 5665 5304 4588 5304 4588 6252 5665 6253 5666 5304 4588 6253 5666 5302 4767 5302 4767 6253 5666 6254 5667 5302 4767 6254 5667 5300 4765 5300 4765 6254 5667 6255 5668 5300 4765 6255 5668 5298 4764 5298 4764 6255 5668 6256 5669 5298 4764 6256 5669 5296 4762 5296 4762 6256 5669 6257 5670 5296 4762 6257 5670 5294 4760 5294 4760 6257 5670 6258 5671 5294 4760 6258 5671 5292 4759 5292 4759 6258 5671 6259 5672 5292 4759 6259 5672 5290 4757 5290 4757 6259 5672 6260 5673 5290 4757 6260 5673 5288 4573 5288 4573 6260 5673 6261 5674 5288 4573 6261 5674 5286 4755 5286 4755 6261 5674 6226 5642 6235 5619 5971 5397 6236 5620 6236 5620 5971 5397 5970 5396 6236 5620 5970 5396 6237 5650 6237 5650 5970 5396 5969 5395 6237 5650 5969 5395 6238 5651 6238 5651 5969 5395 5968 5394 6238 5651 5968 5394 6239 5652 6239 5652 5968 5394 5967 5393 6239 5652 5967 5393 6240 5653 6240 5653 5967 5393 5940 5366 6240 5653 5940 5366 6241 5654 6241 5654 5940 5366 5939 5365 6241 5654 5939 5365 6242 5655 6242 5655 5939 5365 5980 5406 6242 5655 5980 5406 6243 5656 6243 5656 5980 5406 5949 5375 6243 5656 5949 5375 6244 5657 6244 5657 5949 5375 5948 5374 6244 5657 5948 5374 6245 5658 6245 5658 5948 5374 5947 5373 6245 5658 5947 5373 6246 5659 6246 5659 5947 5373 5937 5363 6246 5659 5937 5363 6247 5660 6247 5660 5937 5363 5936 5362 6247 5660 5936 5362 6248 5661 6248 5661 5936 5362 5957 5383 6248 5661 5957 5383 6249 5662 6249 5662 5957 5383 5959 5385 6249 5662 5959 5385 6250 5663 6250 5663 5959 5385 5961 5387 6250 5663 5961 5387 6251 5664 6251 5664 5961 5387 5963 5389 6251 5664 5963 5389 6252 5665 6252 5665 5963 5389 5965 5391 6252 5665 5965 5391 6253 5666 6253 5666 5965 5391 5966 5392 6253 5666 5966 5392 6254 5667 6254 5667 5966 5392 5954 5380 6254 5667 5954 5380 6255 5668 6255 5668 5954 5380 5953 5379 6255 5668 5953 5379 6256 5669 6256 5669 5953 5379 5952 5378 6256 5669 5952 5378 6257 5670 6257 5670 5952 5378 5951 5377 6257 5670 5951 5377 6258 5671 6258 5671 5951 5377 5950 5376 6258 5671 5950 5376 6259 5672 6259 5672 5950 5376 5946 5372 6259 5672 5946 5372 6260 5673 6260 5673 5946 5372 5945 5371 6260 5673 5945 5371 6261 5674 6261 5674 5945 5371 5944 5370 6261 5674 5944 5370 6226 5642 6226 5642 5944 5370 5935 5361 6226 5642 5935 5361 6227 5643 6227 5643 5935 5361 5943 5369 6227 5643 5943 5369 6228 5644 6228 5644 5943 5369 5942 5368 6228 5644 5942 5368 6229 5645 6229 5645 5942 5368 5975 5401 6229 5645 5975 5401 6230 5646 6230 5646 5975 5401 5974 5400 6230 5646 5974 5400 6231 5647 6231 5647 5974 5400 5973 5399 6231 5647 5973 5399 6232 5648 6232 5648 5973 5399 5977 5403 6232 5648 5977 5403 6233 5649 6233 5649 5977 5403 5976 5402 6233 5649 5976 5402 6234 5618 6234 5618 5976 5402 5972 5398 6234 5618 5972 5398 6235 5619 6235 5619 5972 5398 5971 5397 5213 4703 6262 5675 5211 4702 5211 4702 6262 5675 6263 5676 5211 4702 6263 5676 5209 4495 5209 4495 6263 5676 6264 5677 5209 4495 6264 5677 5207 4700 5207 4700 6264 5677 6265 5645 5207 4700 6265 5645 5205 4698 5205 4698 6265 5645 6266 5678 5205 4698 6266 5678 5203 4696 5203 4696 6266 5678 6267 5679 5203 4696 6267 5679 5201 4694 5201 4694 6267 5679 6268 5648 5201 4694 6268 5648 5199 4692 5199 4692 6268 5648 6269 5649 5199 4692 6269 5649 5197 4690 5197 4690 6269 5649 6270 5585 5197 4690 6270 5585 5195 4481 5195 4481 6270 5585 6271 5586 5195 4481 6271 5586 5265 4551 5265 4551 6271 5586 6272 5587 5265 4551 6272 5587 5263 4549 5263 4549 6272 5587 6273 5650 5263 4549 6273 5650 5261 4737 5261 4737 6273 5650 6274 5651 5261 4737 6274 5651 5259 4735 5259 4735 6274 5651 6275 5680 5259 4735 6275 5680 5257 4733 5257 4733 6275 5680 6276 5653 5257 4733 6276 5653 5255 4732 5255 4732 6276 5653 6277 5654 5255 4732 6277 5654 5253 4731 5253 4731 6277 5654 6278 5681 5253 4731 6278 5681 5251 4730 5251 4730 6278 5681 6279 5682 5251 4730 6279 5682 5249 4729 5249 4729 6279 5682 6280 5683 5249 4729 6280 5683 5247 4728 5247 4728 6280 5683 6281 5684 5247 4728 6281 5684 5245 4727 5245 4727 6281 5684 6282 5685 5245 4727 6282 5685 5243 4726 5243 4726 6282 5685 6283 5686 5243 4726 6283 5686 5241 4724 5241 4724 6283 5686 6284 5687 5241 4724 6284 5687 5239 4722 5239 4722 6284 5687 6285 5600 5239 4722 6285 5600 5237 4720 5237 4720 6285 5600 6286 5688 5237 4720 6286 5688 5235 4718 5235 4718 6286 5688 6287 5689 5235 4718 6287 5689 5233 4519 5233 4519 6287 5689 6288 5603 5233 4519 6288 5603 5231 4517 5231 4517 6288 5603 6289 5690 5231 4517 6289 5690 5229 4716 5229 4716 6289 5690 6290 5691 5229 4716 6290 5691 5227 4714 5227 4714 6290 5691 6291 5692 5227 4714 6291 5692 5225 4712 5225 4712 6291 5692 6292 5693 5225 4712 6292 5693 5223 4710 5223 4710 6292 5693 6293 5694 5223 4710 6293 5694 5221 4708 5221 4708 6293 5694 6294 5695 5221 4708 6294 5695 5219 4707 5219 4707 6294 5695 6295 5672 5219 4707 6295 5672 5217 4705 5217 4705 6295 5672 6296 5696 5217 4705 6296 5696 5215 4501 5215 4501 6296 5696 6297 5697 5215 4501 6297 5697 5213 4703 5213 4703 6297 5697 6262 5675 6271 5586 6007 5432 6272 5587 6272 5587 6007 5432 6008 5433 6272 5587 6008 5433 6273 5650 6273 5650 6008 5433 6014 5438 6273 5650 6014 5438 6274 5651 6274 5651 6014 5438 6013 5437 6274 5651 6013 5437 6275 5680 6275 5680 6013 5437 6012 5393 6275 5680 6012 5393 6276 5653 6276 5653 6012 5393 6000 5366 6276 5653 6000 5366 6277 5654 6277 5654 6000 5366 5999 5425 6277 5654 5999 5425 6278 5681 6278 5681 5999 5425 6017 5441 6278 5681 6017 5441 6279 5682 6279 5682 6017 5441 5989 5415 6279 5682 5989 5415 6280 5683 6280 5683 5989 5415 5988 5414 6280 5683 5988 5414 6281 5684 6281 5684 5988 5414 5987 5413 6281 5684 5987 5413 6282 5685 6282 5685 5987 5413 5983 5409 6282 5685 5983 5409 6283 5686 6283 5686 5983 5409 5984 5410 6283 5686 5984 5410 6284 5687 6284 5687 5984 5410 5985 5411 6284 5687 5985 5411 6285 5600 6285 5600 5985 5411 5986 5412 6285 5600 5986 5412 6286 5688 6286 5688 5986 5412 5982 5408 6286 5688 5982 5408 6287 5689 6287 5689 5982 5408 5981 5407 6287 5689 5981 5407 6288 5603 6288 5603 5981 5407 6005 5430 6288 5603 6005 5430 6289 5690 6289 5690 6005 5430 5998 5424 6289 5690 5998 5424 6290 5691 6290 5691 5998 5424 5997 5423 6290 5691 5997 5423 6291 5692 6291 5692 5997 5423 5996 5422 6291 5692 5996 5422 6292 5693 6292 5693 5996 5422 5995 5421 6292 5693 5995 5421 6293 5694 6293 5694 5995 5421 5994 5420 6293 5694 5994 5420 6294 5695 6294 5695 5994 5420 5993 5419 6294 5695 5993 5419 6295 5672 6295 5672 5993 5419 5992 5418 6295 5672 5992 5418 6296 5696 6296 5696 5992 5418 5991 5417 6296 5696 5991 5417 6297 5697 6297 5697 5991 5417 5990 5416 6297 5697 5990 5416 6262 5675 6262 5675 5990 5416 6004 5429 6262 5675 6004 5429 6263 5676 6263 5676 6004 5429 6002 5427 6263 5676 6002 5427 6264 5677 6264 5677 6002 5427 6001 5426 6264 5677 6001 5426 6265 5645 6265 5645 6001 5426 6016 5440 6265 5645 6016 5440 6266 5678 6266 5678 6016 5440 6015 5439 6266 5678 6015 5439 6267 5679 6267 5679 6015 5439 6011 5436 6267 5679 6011 5436 6268 5648 6268 5648 6011 5436 6010 5435 6268 5648 6010 5435 6269 5649 6269 5649 6010 5435 6009 5434 6269 5649 6009 5434 6270 5585 6270 5585 6009 5434 6006 5431 6270 5585 6006 5431 6271 5586 6271 5586 6006 5431 6007 5432 5359 4804 6298 5642 5357 4803 5357 4803 6298 5642 6299 5698 5357 4803 6299 5698 5355 4635 5355 4635 6299 5698 6300 5644 5355 4635 6300 5644 5353 4801 5353 4801 6300 5644 6301 5645 5353 4801 6301 5645 5351 4800 5351 4800 6301 5645 6302 5646 5351 4800 6302 5646 5349 4798 5349 4798 6302 5646 6303 5647 5349 4798 6303 5647 5347 4796 5347 4796 6303 5647 6304 5648 5347 4796 6304 5648 5345 4794 5345 4794 6304 5648 6305 5649 5345 4794 6305 5649 5343 4793 5343 4793 6305 5649 6306 5618 5343 4793 6306 5618 5341 4623 5341 4623 6306 5618 6307 5619 5341 4623 6307 5619 5411 4687 5411 4687 6307 5619 6308 5620 5411 4687 6308 5620 5409 4685 5409 4685 6308 5620 6309 5650 5409 4685 6309 5650 5407 4835 5407 4835 6309 5650 6310 5651 5407 4835 6310 5651 5405 4833 5405 4833 6310 5651 6311 5652 5405 4833 6311 5652 5403 4785 5403 4785 6311 5652 6312 5653 5403 4785 6312 5653 5401 4831 5401 4831 6312 5653 6313 5654 5401 4831 6313 5654 5399 4830 5399 4830 6313 5654 6314 5699 5399 4830 6314 5699 5397 4829 5397 4829 6314 5699 6315 5656 5397 4829 6315 5656 5395 4828 5395 4828 6315 5656 6316 5657 5395 4828 6316 5657 5393 4827 5393 4827 6316 5657 6317 5658 5393 4827 6317 5658 5391 4779 5391 4779 6317 5658 6318 5700 5391 4779 6318 5700 5389 4826 5389 4826 6318 5700 6319 5701 5389 4826 6319 5701 5387 4824 5387 4824 6319 5701 6320 5702 5387 4824 6320 5702 5385 4822 5385 4822 6320 5702 6321 5630 5385 4822 6321 5630 5383 4820 5383 4820 6321 5630 6322 5703 5383 4820 6322 5703 5381 4818 5381 4818 6322 5703 6323 5689 5381 4818 6323 5689 5379 4658 5379 4658 6323 5689 6324 5632 5379 4658 6324 5632 5377 4656 5377 4656 6324 5632 6325 5633 5377 4656 6325 5633 5375 4816 5375 4816 6325 5633 6326 5691 5375 4816 6326 5691 5373 4814 5373 4814 6326 5691 6327 5704 5373 4814 6327 5704 5371 4812 5371 4812 6327 5704 6328 5705 5371 4812 6328 5705 5369 4810 5369 4810 6328 5705 6329 5706 5369 4810 6329 5706 5367 4808 5367 4808 6329 5706 6330 5707 5367 4808 6330 5707 5365 4807 5365 4807 6330 5707 6331 5708 5365 4807 6331 5708 5363 4806 5363 4806 6331 5708 6332 5709 5363 4806 6332 5709 5361 4641 5361 4641 6332 5709 6333 5674 5361 4641 6333 5674 5359 4804 5359 4804 6333 5674 6298 5642 6307 5619 6060 5483 6308 5620 6308 5620 6060 5483 6058 5481 6308 5620 6058 5481 6309 5650 6309 5650 6058 5481 6056 5479 6309 5650 6056 5479 6310 5651 6310 5651 6056 5479 6054 5477 6310 5651 6054 5477 6311 5652 6311 5652 6054 5477 6052 5475 6311 5652 6052 5475 6312 5653 6312 5653 6052 5475 6050 5473 6312 5653 6050 5473 6313 5654 6313 5654 6050 5473 6049 5472 6313 5654 6049 5472 6314 5699 6314 5699 6049 5472 6048 5471 6314 5699 6048 5471 6315 5656 6315 5656 6048 5471 6024 5447 6315 5656 6024 5447 6316 5657 6316 5657 6024 5447 6023 5446 6316 5657 6023 5446 6317 5658 6317 5658 6023 5446 6041 5464 6317 5658 6041 5464 6318 5700 6318 5700 6041 5464 6040 5463 6318 5700 6040 5463 6319 5701 6319 5701 6040 5463 6039 5462 6319 5701 6039 5462 6320 5702 6320 5702 6039 5462 6038 5461 6320 5702 6038 5461 6321 5630 6321 5630 6038 5461 6037 5460 6321 5630 6037 5460 6322 5703 6322 5703 6037 5460 6022 5445 6322 5703 6022 5445 6323 5689 6323 5689 6022 5445 6021 5407 6323 5689 6021 5407 6324 5632 6324 5632 6021 5407 6036 5459 6324 5632 6036 5459 6325 5633 6325 5633 6036 5459 6028 5451 6325 5633 6028 5451 6326 5691 6326 5691 6028 5451 6027 5450 6326 5691 6027 5450 6327 5704 6327 5704 6027 5450 6026 5449 6327 5704 6026 5449 6328 5705 6328 5705 6026 5449 6019 5443 6328 5705 6019 5443 6329 5706 6329 5706 6019 5443 6018 5442 6329 5706 6018 5442 6330 5707 6330 5707 6018 5442 6035 5458 6330 5707 6035 5458 6331 5708 6331 5708 6035 5458 6034 5457 6331 5708 6034 5457 6332 5709 6332 5709 6034 5457 6033 5456 6332 5709 6033 5456 6333 5674 6333 5674 6033 5456 6029 5452 6333 5674 6029 5452 6298 5642 6298 5642 6029 5452 6031 5454 6298 5642 6031 5454 6299 5698 6299 5698 6031 5454 6032 5455 6299 5698 6032 5455 6300 5644 6300 5644 6032 5455 6064 5487 6300 5644 6064 5487 6301 5645 6301 5645 6064 5487 6045 5468 6301 5645 6045 5468 6302 5646 6302 5646 6045 5468 6046 5469 6302 5646 6046 5469 6303 5647 6303 5647 6046 5469 6047 5470 6303 5647 6047 5470 6304 5648 6304 5648 6047 5470 6063 5486 6304 5648 6063 5486 6305 5649 6305 5649 6063 5486 6062 5485 6305 5649 6062 5485 6306 5618 6306 5618 6062 5485 6061 5484 6306 5618 6061 5484 6307 5619 6307 5619 6061 5484 6060 5483 5067 4571 6334 5613 5065 4569 5065 4569 6334 5613 6335 5710 5065 4569 6335 5710 5063 4567 5063 4567 6335 5710 6336 5711 5063 4567 6336 5711 5061 4565 5061 4565 6336 5711 6337 5580 5061 4565 6337 5580 5059 4563 5059 4563 6337 5580 6338 5616 5059 4563 6338 5616 5057 4561 5057 4561 6338 5616 6339 5617 5057 4561 6339 5617 5055 4559 5055 4559 6339 5617 6340 5583 5055 4559 6340 5583 5053 4558 5053 4558 6340 5583 6341 5584 5053 4558 6341 5584 5051 4556 5051 4556 6341 5584 6342 5618 5051 4556 6342 5618 5049 4554 5049 4554 6342 5618 6343 5619 5049 4554 6343 5619 5119 4620 5119 4620 6343 5619 6344 5620 5119 4620 6344 5620 5117 4549 5117 4549 6344 5620 6345 5588 5117 4549 6345 5588 5115 4617 5115 4617 6345 5588 6346 5621 5115 4617 6346 5621 5113 4615 5113 4615 6346 5621 6347 5622 5113 4615 6347 5622 5111 4613 5111 4613 6347 5622 6348 5591 5111 4613 6348 5591 5109 4611 5109 4611 6348 5591 6349 5712 5109 4611 6349 5712 5107 4609 5107 4609 6349 5712 6350 5713 5107 4609 6350 5713 5105 4607 5105 4607 6350 5713 6351 5624 5105 4607 6351 5624 5103 4605 5103 4605 6351 5624 6352 5625 5103 4605 6352 5625 5101 4603 5101 4603 6352 5625 6353 5626 5101 4603 6353 5626 5099 4601 5099 4601 6353 5626 6354 5714 5099 4601 6354 5714 5097 4599 5097 4599 6354 5714 6355 5598 5097 4599 6355 5598 5095 4597 5095 4597 6355 5598 6356 5715 5095 4597 6356 5715 5093 4595 5093 4595 6356 5715 6357 5662 5093 4595 6357 5662 5091 4523 5091 4523 6357 5662 6358 5716 5091 4523 6358 5716 5089 4592 5089 4592 6358 5716 6359 5717 5089 4592 6359 5717 5087 4590 5087 4590 6359 5717 6360 5665 5087 4590 6360 5665 5085 4588 5085 4588 6360 5665 6361 5718 5085 4588 6361 5718 5083 4586 5083 4586 6361 5718 6362 5719 5083 4586 6362 5719 5081 4584 5081 4584 6362 5719 6363 5720 5081 4584 6363 5720 5079 4583 5079 4583 6363 5720 6364 5721 5079 4583 6364 5721 5077 4581 5077 4581 6364 5721 6365 5722 5077 4581 6365 5722 5075 4579 5075 4579 6365 5722 6366 5723 5075 4579 6366 5723 5073 4577 5073 4577 6366 5723 6367 5610 5073 4577 6367 5610 5071 4575 5071 4575 6367 5610 6368 5724 5071 4575 6368 5724 5069 4573 5069 4573 6368 5724 6369 5641 5069 4573 6369 5641 5067 4571 5067 4571 6369 5641 6334 5613 6343 5619 5908 5334 6344 5620 6344 5620 5908 5334 5906 5332 6344 5620 5906 5332 6345 5588 6345 5588 5906 5332 5905 5331 6345 5588 5905 5331 6346 5621 6346 5621 5905 5331 5915 5341 6346 5621 5915 5341 6347 5622 6347 5622 5915 5341 5914 5340 6347 5622 5914 5340 6348 5591 6348 5591 5914 5340 5911 5337 6348 5591 5911 5337 6349 5712 6349 5712 5911 5337 5912 5338 6349 5712 5912 5338 6350 5713 6350 5713 5912 5338 5913 5339 6350 5713 5913 5339 6351 5624 6351 5624 5913 5339 5902 5328 6351 5624 5902 5328 6352 5625 6352 5625 5902 5328 5901 5327 6352 5625 5901 5327 6353 5626 6353 5626 5901 5327 5900 5326 6353 5626 5900 5326 6354 5714 6354 5714 5900 5326 5899 5325 6354 5714 5899 5325 6355 5598 6355 5598 5899 5325 5916 5342 6355 5598 5916 5342 6356 5715 6356 5715 5916 5342 5904 5330 6356 5715 5904 5330 6357 5662 6357 5662 5904 5330 5903 5329 6357 5662 5903 5329 6358 5716 6358 5716 5903 5329 5929 5355 6358 5716 5929 5355 6359 5717 6359 5717 5929 5355 5930 5356 6359 5717 5930 5356 6360 5665 6360 5665 5930 5356 5931 5357 6360 5665 5931 5357 6361 5718 6361 5718 5931 5357 5932 5358 6361 5718 5932 5358 6362 5719 6362 5719 5932 5358 5933 5359 6362 5719 5933 5359 6363 5720 6363 5720 5933 5359 5934 5360 6363 5720 5934 5360 6364 5721 6364 5721 5934 5360 5922 5348 6364 5721 5922 5348 6365 5722 6365 5722 5922 5348 5923 5349 6365 5722 5923 5349 6366 5723 6366 5723 5923 5349 5924 5350 6366 5723 5924 5350 6367 5610 6367 5610 5924 5350 5925 5351 6367 5610 5925 5351 6368 5724 6368 5724 5925 5351 5926 5352 6368 5724 5926 5352 6369 5641 6369 5641 5926 5352 5927 5353 6369 5641 5927 5353 6334 5613 6334 5613 5927 5353 5928 5354 6334 5613 5928 5354 6335 5710 6335 5710 5928 5354 5921 5347 6335 5710 5921 5347 6336 5711 6336 5711 5921 5347 5920 5346 6336 5711 5920 5346 6337 5580 6337 5580 5920 5346 5919 5345 6337 5580 5919 5345 6338 5616 6338 5616 5919 5345 5918 5344 6338 5616 5918 5344 6339 5617 6339 5617 5918 5344 5917 5343 6339 5617 5917 5343 6340 5583 6340 5583 5917 5343 5910 5336 6340 5583 5910 5336 6341 5584 6341 5584 5910 5336 5909 5335 6341 5584 5909 5335 6342 5618 6342 5618 5909 5335 6105 5528 6342 5618 6105 5528 6343 5619 6343 5619 6105 5528 5908 5334 2830 2507 6153 5576 6370 5725 6371 5726 5475 4901 6370 5725 6370 5725 5475 4901 5482 4908 6370 5725 5482 4908 2830 2507 6371 5726 6150 5573 5475 4901 5475 4901 6150 5573 2831 2508 5475 4901 2831 2508 5476 4902 5482 4908 5569 4995 2830 2507 2830 2507 5569 4995 5568 4994 2830 2507 5568 4994 5567 4993 5474 4900 5473 4899 2831 2508 2831 2508 5473 4899 5477 4903 2831 2508 5477 4903 5476 4902 5461 4887 5460 4886 2831 2508 2831 2508 5460 4886 5468 4894 2831 2508 5468 4894 5467 4893 5567 4993 5572 4998 2830 2507 2830 2507 5572 4998 5575 5001 2830 2507 5575 5001 5574 5000 5467 4893 5471 4897 2831 2508 2831 2508 5471 4897 5470 4896 2831 2508 5470 4896 5474 4900 5574 5000 5577 5003 2830 2507 2830 2507 5577 5003 5576 5002 2830 2507 5576 5002 4935 4440 6151 5574 6372 5727 6152 5575 6152 5575 6372 5727 6373 5728 6152 5575 6373 5728 6153 5576 6153 5576 6373 5728 6370 5725 6373 5728 6372 5727 6370 5725 6370 5725 6372 5727 6371 5726 6372 5727 6151 5574 6371 5726 6371 5726 6151 5574 6150 5573 6374 5729 6375 5730 2912 2589 2912 2589 6375 5730 6376 5731 6377 5732 6378 5733 6379 5734 6376 5731 6380 5735 2912 2589 2912 2589 6380 5735 6377 5732 2912 2589 6377 5732 6381 5736 6381 5736 6377 5732 6379 5734 6381 5736 6379 5734 6382 5737 6383 5729 6384 5738 6385 5739 6385 5739 6384 5738 6386 5740 6385 5739 6386 5740 6387 5741 6387 5741 6386 5740 6381 5736 6387 5741 6381 5736 6388 5742 6388 5742 6381 5736 6382 5737 6388 5742 6382 5737 6389 5733 6390 5743 2911 2588 6391 5744 6392 5745 6393 5746 6394 5747 6394 5747 6393 5746 2911 2588 6394 5747 2911 2588 6395 5748 6395 5748 2911 2588 6396 5749 6397 5745 6398 5750 6399 5751 6399 5751 6398 5750 6400 5752 6399 5751 6400 5752 6391 5744 6391 5744 6400 5752 6401 5753 6391 5744 6401 5753 6390 5743 6402 5754 6396 5749 6403 5755 6403 5755 6396 5749 2911 2588 6403 5755 2911 2588 6404 5756 6404 5756 2911 2588 6390 5743 6404 5756 6390 5743 6405 5754 6378 5733 6377 5732 6402 5754 6402 5754 6377 5732 6396 5749 6379 5734 6378 5733 6403 5755 6403 5755 6378 5733 6402 5754 6382 5737 6379 5734 6404 5756 6404 5756 6379 5734 6403 5755 6389 5733 6382 5737 6405 5754 6405 5754 6382 5737 6404 5756 6388 5742 6389 5733 6390 5743 6390 5743 6389 5733 6405 5754 6387 5741 6388 5742 6401 5753 6401 5753 6388 5742 6390 5743 6385 5739 6387 5741 6400 5752 6400 5752 6387 5741 6401 5753 6383 5729 6385 5739 6398 5750 6398 5750 6385 5739 6400 5752 6384 5738 6383 5729 6397 5745 6397 5745 6383 5729 6398 5750 6386 5740 6384 5738 6399 5751 6399 5751 6384 5738 6397 5745 6381 5736 6386 5740 6391 5744 6391 5744 6386 5740 6399 5751 2912 2589 6381 5736 2911 2588 2911 2588 6381 5736 6391 5744 6374 5729 2912 2589 6393 5746 6393 5746 2912 2589 2911 2588 6375 5730 6374 5729 6392 5745 6392 5745 6374 5729 6393 5746 6376 5731 6375 5730 6394 5747 6394 5747 6375 5730 6392 5745 6380 5735 6376 5731 6395 5748 6395 5748 6376 5731 6394 5747 6377 5732 6380 5735 6396 5749 6396 5749 6380 5735 6395 5748 6406 5757 6407 5758 6408 5759 6408 5759 6407 5758 2913 2590 6408 5759 2913 2590 6409 5760 6409 5760 2913 2590 2914 2591 6409 5760 2914 2591 6410 5761 6410 5761 2914 2591 6411 5757 6412 5762 6413 5763 6414 5764 6414 5764 6413 5763 2909 2586 6414 5764 2909 2586 6415 5765 6415 5765 2909 2586 2910 2587 6415 5765 2910 2587 6416 5766 6416 5766 2910 2587 6417 5762 6410 5761 6411 5757 6412 5762 6412 5762 6411 5757 6413 5763 6409 5760 6410 5761 6414 5764 6414 5764 6410 5761 6412 5762 6408 5759 6409 5760 6415 5765 6415 5765 6409 5760 6414 5764 6406 5757 6408 5759 6416 5766 6416 5766 6408 5759 6415 5765 6407 5758 6406 5757 6417 5762 6417 5762 6406 5757 6416 5766 2913 2590 6407 5758 2910 2587 2910 2587 6407 5758 6417 5762 2914 2591 2913 2590 2909 2586 2909 2586 2913 2590 2910 2587 6411 5757 2914 2591 6413 5763 6413 5763 2914 2591 2909 2586 6418 5767 6419 5768 6420 5769 6420 5769 6419 5768 6421 5770 6422 5771 6423 5772 6424 5773 6424 5773 6423 5772 6425 5774 6420 5769 6421 5770 6425 5774 6425 5774 6421 5770 6424 5773 6418 5767 6420 5769 6423 5772 6423 5772 6420 5769 6425 5774 6419 5768 6418 5767 6422 5771 6422 5771 6418 5767 6423 5772 6421 5770 6419 5768 6424 5773 6424 5773 6419 5768 6422 5771 6426 5767 6427 5768 6428 5769 6428 5769 6427 5768 6429 5770 6430 5771 6431 5772 6432 5773 6432 5773 6431 5772 6433 5774 6428 5769 6429 5770 6433 5774 6433 5774 6429 5770 6432 5773 6426 5767 6428 5769 6431 5772 6431 5772 6428 5769 6433 5774 6427 5768 6426 5767 6430 5771 6430 5771 6426 5767 6431 5772 6429 5770 6427 5768 6432 5773 6432 5773 6427 5768 6430 5771 6434 5767 6435 5768 6436 5769 6436 5769 6435 5768 6437 5770 6438 5771 6439 5772 6440 5773 6440 5773 6439 5772 6441 5774 6436 5769 6437 5770 6441 5774 6441 5774 6437 5770 6440 5773 6434 5767 6436 5769 6439 5772 6439 5772 6436 5769 6441 5774 6435 5768 6434 5767 6438 5771 6438 5771 6434 5767 6439 5772 6437 5770 6435 5768 6440 5773 6440 5773 6435 5768 6438 5771 6442 5775 2917 2594 6443 5776 6444 5777 6445 5746 6446 5778 6446 5778 6445 5746 2917 2594 6446 5778 2917 2594 6447 5779 6447 5779 2917 2594 6448 5780 6449 5781 6450 5750 6451 5782 6451 5782 6450 5750 6452 5783 6451 5782 6452 5783 6443 5776 6443 5776 6452 5783 6453 5784 6443 5776 6453 5784 6442 5775 6454 5785 6448 5780 6455 5786 6455 5786 6448 5780 2917 2594 6455 5786 2917 2594 6456 5787 6456 5787 2917 2594 6442 5775 6456 5787 6442 5775 6457 5785 6458 5788 6459 5789 2916 2593 2916 2593 6459 5789 6460 5790 6461 5791 6462 5792 6463 5793 6460 5790 6464 5794 2916 2593 2916 2593 6464 5794 6461 5791 2916 2593 6461 5791 6465 5795 6465 5795 6461 5791 6463 5793 6465 5795 6463 5793 6466 5796 6467 5797 6468 5798 6469 5799 6469 5799 6468 5798 6470 5800 6469 5799 6470 5800 6471 5801 6471 5801 6470 5800 6465 5795 6471 5801 6465 5795 6472 5802 6472 5802 6465 5795 6466 5796 6472 5802 6466 5796 6473 5792 6448 5780 6454 5785 6461 5791 6461 5791 6454 5785 6462 5792 6454 5785 6455 5786 6462 5792 6462 5792 6455 5786 6463 5793 6455 5786 6456 5787 6463 5793 6463 5793 6456 5787 6466 5796 6456 5787 6457 5785 6466 5796 6466 5796 6457 5785 6473 5792 6457 5785 6442 5775 6473 5792 6473 5792 6442 5775 6472 5802 6442 5775 6453 5784 6472 5802 6472 5802 6453 5784 6471 5801 6453 5784 6452 5783 6471 5801 6471 5801 6452 5783 6469 5799 6452 5783 6450 5750 6469 5799 6469 5799 6450 5750 6467 5797 6450 5750 6449 5781 6467 5797 6467 5797 6449 5781 6468 5798 6449 5781 6451 5782 6468 5798 6468 5798 6451 5782 6470 5800 6451 5782 6443 5776 6470 5800 6470 5800 6443 5776 6465 5795 6443 5776 2917 2594 6465 5795 6465 5795 2917 2594 2916 2593 2917 2594 6445 5746 2916 2593 2916 2593 6445 5746 6458 5788 6445 5746 6444 5777 6458 5788 6458 5788 6444 5777 6459 5789 6444 5777 6446 5778 6459 5789 6459 5789 6446 5778 6460 5790 6446 5778 6447 5779 6460 5790 6460 5790 6447 5779 6464 5794 6447 5779 6448 5780 6464 5794 6464 5794 6448 5780 6461 5791 6474 5803 6475 5804 6476 5805 6476 5805 6475 5804 2922 2599 6476 5805 2922 2599 6477 5806 6477 5806 2922 2599 2923 2600 6477 5806 2923 2600 6478 5807 6478 5807 2923 2600 6479 5808 6480 5809 6481 5810 6482 5811 6482 5811 6481 5810 2920 2597 6482 5811 2920 2597 6483 5812 6483 5812 2920 2597 2921 2598 6483 5812 2921 2598 6484 5813 6484 5813 2921 2598 6485 5814 6475 5804 6474 5803 6485 5814 6485 5814 6474 5803 6484 5813 6474 5803 6476 5805 6484 5813 6484 5813 6476 5805 6483 5812 6476 5805 6477 5806 6483 5812 6483 5812 6477 5806 6482 5811 6477 5806 6478 5807 6482 5811 6482 5811 6478 5807 6480 5809 6478 5807 6479 5808 6480 5809 6480 5809 6479 5808 6481 5810 6479 5808 2923 2600 6481 5810 6481 5810 2923 2600 2920 2597 2923 2600 2922 2599 2920 2597 2920 2597 2922 2599 2921 2598 2922 2599 6475 5804 2921 2598 2921 2598 6475 5804 6485 5814 6486 5815 6487 5816 6488 5817 6488 5817 6487 5816 6489 5818 6490 5819 6491 5820 6492 5821 6492 5821 6491 5820 6493 5822 6488 5817 6489 5818 6493 5822 6493 5822 6489 5818 6492 5821 6489 5818 6487 5816 6492 5821 6492 5821 6487 5816 6490 5819 6487 5816 6486 5815 6490 5819 6490 5819 6486 5815 6491 5820 6486 5815 6488 5817 6491 5820 6491 5820 6488 5817 6493 5822 6494 5815 6495 5816 6496 5817 6496 5817 6495 5816 6497 5818 6498 5819 6499 5820 6500 5821 6500 5821 6499 5820 6501 5822 6496 5817 6497 5818 6501 5822 6501 5822 6497 5818 6500 5821 6497 5818 6495 5816 6500 5821 6500 5821 6495 5816 6498 5819 6495 5816 6494 5815 6498 5819 6498 5819 6494 5815 6499 5820 6494 5815 6496 5817 6499 5820 6499 5820 6496 5817 6501 5822 6502 5815 6503 5816 6504 5817 6504 5817 6503 5816 6505 5818 6506 5819 6507 5820 6508 5821 6508 5821 6507 5820 6509 5822 6504 5817 6505 5818 6509 5822 6509 5822 6505 5818 6508 5821 6505 5818 6503 5816 6508 5821 6508 5821 6503 5816 6506 5819 6503 5816 6502 5815 6506 5819 6506 5819 6502 5815 6507 5820 6502 5815 6504 5817 6507 5820 6507 5820 6504 5817 6509 5822 2914 2591 2915 2592 2913 2590 2913 2590 2915 2592 2912 2589 6510 5823 6511 5824 6512 5825 6512 5825 6511 5824 6513 5826 6512 5825 6513 5826 2912 2589 2912 2589 6513 5826 2913 2590 6510 5823 6512 5825 2915 2592 2915 2592 6512 5825 2912 2589 6511 5824 6510 5823 2914 2591 2914 2591 6510 5823 2915 2592 6513 5826 6511 5824 2913 2590 2913 2590 6511 5824 2914 2591 2918 2595 2922 2599 2917 2594 2917 2594 2922 2599 2923 2600 6514 5827 6515 5828 6516 5829 6516 5829 6515 5828 6517 5830 6516 5829 6517 5830 2923 2600 2923 2600 6517 5830 2917 2594 6517 5830 6515 5828 2917 2594 2917 2594 6515 5828 2918 2595 6515 5828 6514 5827 2918 2595 2918 2595 6514 5827 2922 2599 6514 5827 6516 5829 2922 2599 2922 2599 6516 5829 2923 2600</p>
        </triangles>
      </mesh>
    </geometry>
  </library_geometries>
  <library_visual_scenes>
    <visual_scene id="Scene" name="Scene">
      <node id="ID2" name="ID2" type="NODE">
        <matrix sid="transform">0.001 0 0 0 0 0.001 0 0 0 0 0.001 0 0 0 0 1</matrix>
        <instance_geometry url="#ID2_001-mesh" name="ID2">
          <bind_material>
            <technique_common>
              <instance_material symbol="Material_001-material" target="#Material_001-material"/>
            </technique_common>
          </bind_material>
        </instance_geometry>
      </node>
    </visual_scene>
  </library_visual_scenes>
  <scene>
    <instance_visual_scene url="#Scene"/>
  </scene>
</COLLADA>